time_step,site_0,site_1,site_2,site_3,site_4,site_5,site_6,site_7,site_8,site_9
0,0.0,0.0,0.0,0.0,0.0,1.0,0.0,0.0,0.0,0.0
1,0.0,0.0,0.0,4.680264270326637e-06,0.04222509613972772,0.9995445821600906,0.0002146247382274236,0.0,0.0,0.0
2,0.0,2.023458270790808e-12,1.8452662240490827e-08,2.7453563888526465e-05,0.08458135250340001,0.998131430749076,0.0008478072862877358,8.462353122472834e-07,9.279667358891196e-11,0.0
3,8.774541612365712e-14,2.0134610437130378e-10,1.4929912451941245e-06,0.00012508046722926094,0.30341131338088034,0.9726482804817476,0.0017949908540254391,4.831828601306153e-05,6.763027872086398e-09,4.011198013074345e-12
4,7.963122840232458e-13,1.013250555763237e-09,2.8436887317548917e-06,0.00031391805159863563,0.3561846155824151,0.9609443952525799,0.003068734579843976,7.5610377533173e-05,2.999536926320457e-08,2.9633848778042275e-11
5,3.446081888403118e-11,6.058935065986566e-09,1.9576740157970623e-05,0.0006814481845540769,0.5581334800764058,0.8875892105734648,0.004482195431819582,0.0002940814650637466,1.2333655606518069e-07,1.0533961595813103e-09
6,2.9512865936091175e-10,2.6251379505204036e-08,6.61834618019459e-05,0.001293918049992631,0.7279409550108581,0.7711174176534183,0.005905689385899106,0.0006980939136643117,3.8866998787470663e-07,6.920640133171835e-09
7,2.8716457241008377e-09,1.050437563438437e-07,0.00025350221559796706,0.002246857646037999,0.9111165058143944,0.5073679342091403,0.007000135027382848,0.0017813576980013693,1.09898239186393e-06,4.931782128799781e-08
8,9.972633301676369e-09,3.0329205377593564e-07,0.0004961042940406531,0.0035502101751760783,0.9692074337662202,0.32013339655695,0.00783621906122253,0.002736127004498965,2.473908041670623e-06,1.3642123775189494e-07
9,1.0921426429863284e-07,9.318917018280797e-07,0.001982301628212374,0.0049336169200926445,0.9999691787220192,0.00990358770388808,0.007789648134509306,0.006178614672285496,5.137232448414369e-06,1.02131087459001e-06
10,1.1603975829923727e-07,2.0080945925767953e-06,0.002033065193385975,0.006735633462896352,0.999955423868039,0.011474256050171602,0.007739498887010299,0.006244319210537334,9.162979853885411e-06,1.0646295484763942e-06
11,3.8395731258170204e-07,3.940320256094661e-06,0.003405984225398317,0.008581315151654653,0.9956171676179494,0.1277473215671312,0.007590712886837824,0.007285226194478979,1.4555259640247533e-05,2.5626882872558616e-06
12,1.655885659407602e-06,7.239355939536505e-06,0.0065956750164295605,0.009763906693882092,0.8716609774459899,0.588090805187452,0.00794330853710672,0.007358935786486593,2.0035178812900854e-05,7.7869601204692e-06
13,2.991972500322656e-06,1.2067302479884532e-05,0.008235088308496959,0.010624257226184618,0.693814454948244,0.8004519684617044,0.008962198437034403,0.00628472032064234,2.5499052046778716e-05,1.1745939938749223e-05
14,4.16102957391831e-06,2.731361381822936e-05,0.009095698127893834,0.012270034318367484,0.5716359915055971,0.880567815904911,0.012376389986801855,0.005393287087234488,3.807624119268147e-05,1.4414601531131585e-05
15,6.418531300730948e-06,3.8080271913503284e-05,0.010149821649683763,0.012994357091517748,0.4395403735781311,0.9367475312226585,0.014846314296165787,0.00413861431992046,4.448461400716151e-05,1.8356302055719472e-05
16,7.070680384305764e-06,6.638136895019196e-05,0.010372044032554314,0.014636900736183803,0.41283511735380846,0.945242182317548,0.020872900165538177,0.00386396218533393,5.9153506221228545e-05,1.929034599280657e-05
17,1.8253732907240437e-05,8.431893678990718e-05,0.012915289641544193,0.014977087670262063,0.15874935679102767,0.9929802530264122,0.025005451222768347,0.0010628328606436498,6.271980203270107e-05,3.206562032952117e-05
18,4.6746759436931563e-05,0.00010174098700246447,0.01500624561894947,0.014955687894200728,0.02589970142932606,0.999605073909272,0.029726883364073916,0.0006613189932326083,6.114399565730886e-05,5.2391666762321706e-05
19,5.530586510024668e-05,0.00012084094415144142,0.01495276604551276,0.01499710481515753,0.06302704388736581,0.9986656712234546,0.03472127331705036,0.0015609922142806492,5.940419483119304e-05,5.570262379882918e-05
20,6.420797144045112e-05,0.00014155464190528723,0.014695870383283748,0.015137173815940352,0.11505234389020064,0.9960750078792061,0.03992993728003479,0.0027669367678907967,5.8184731346131466e-05,5.75977678625106e-05
21,8.489681636691566e-05,0.00016145191987305496,0.013621741592399858,0.015600315788923206,0.2618889971802016,0.9796287299681627,0.044986018121450866,0.006419212817925649,5.934046239410204e-05,5.8330749114528444e-05
22,0.00010324473812808792,0.0001804833716480724,0.012280283656430968,0.016455890061199182,0.4014209018447372,0.9481216613999599,0.049815346456073474,0.010437511806531085,6.469867740026473e-05,5.5779328543140375e-05
23,0.00013686971527278625,0.00019476328912207768,0.009207166919987325,0.018138610325118508,0.6442699542352383,0.8363321914747537,0.053700477019161384,0.019431926756142574,7.985576490655468e-05,4.540508612479919e-05
24,0.00014777015005490655,0.00020846110086855866,0.008080945792988629,0.02023312200782951,0.7122935455101216,0.7841166245277409,0.05742507543853084,0.02272844046425917,0.00010230348943449616,4.0596186368259904e-05
25,0.00017231361044607642,0.00021474189270817828,0.0023117347951685046,0.02423133377380319,0.9957306045696774,0.12340849938982827,0.05687200782395532,0.05688192960516962,0.0001569450741698894,1.2076271246252658e-05
26,9.883439591870603e-05,0.00023723502744408702,0.009409382122664463,0.027325567091428873,0.9107180472352028,0.5069637548709861,0.05892434696798986,0.045234683604620324,0.0002069200839329615,5.5793813483015974e-05
27,1.0399128841924603e-05,0.0002863389983829897,0.022268421910280334,0.028270484072306493,0.4244368815674311,0.9406072878168762,0.06463622845631646,0.016729717609237416,0.00022803113180313347,0.00015482038744093793
28,2.8736323888348853e-06,0.00034432294024590835,0.024704073158394804,0.028941995814218628,0.286347775656335,0.9745630518521501,0.070889871003772,0.010693280284809835,0.00024431059015909203,0.00017797188190838561
29,2.5647041430117857e-06,0.0004100464854365874,0.026461172923163592,0.029372478236410527,0.18628838395599592,0.9888045523832569,0.07788544468321108,0.00640688155020489,0.0002562327078930887,0.0001972979383096089
30,5.1226774890069474e-06,0.0006434624160652432,0.0270001536460307,0.030645366650019972,0.15706519083684076,0.9905785349075202,0.10112032707122806,0.005144363272450183,0.00029284461708428065,0.00020395823133903326
31,9.532262098101274e-06,0.0007337987699701983,0.027799085378730895,0.03099772930300619,0.1224210234752699,0.9928054337594366,0.10964349867812387,0.0034803465366421366,0.000303619260482625,0.0002149847819097565
32,6.720938611558987e-05,0.0008313683166361669,0.03066871419226505,0.030967229465464857,0.031611609827224114,0.9959856269137263,0.11882404164850513,0.00048799988266319533,0.000301728693757548,0.0002655799380259674
33,9.272768595279001e-05,0.000934248723159588,0.031005919806406,0.030948777592985567,0.03298414138238131,0.9953187559275805,0.1282713180221813,0.0013202955116672955,0.000298318626962866,0.00027537616141250844
34,0.00014406606038461716,0.001040822715916936,0.031191954046300045,0.030951287989965357,0.05556908623585674,0.9940893022415495,0.13784519517024502,0.004161678128037744,0.0002941479150675283,0.00028726183094734633
35,0.0005653698088439945,0.00111695295826509,0.025179212636639088,0.032264529639169544,0.48114122022214534,0.9160160278266712,0.1442135400848562,0.047317593505121075,0.0003209730502110915,0.00027344447228995093
36,0.0006815905161549184,0.0011838266381430063,0.022255388159606815,0.03413271616401437,0.6024801070651657,0.8571199536107694,0.14992048809180739,0.06202093724720437,0.0003734684744079236,0.00024806532458267476
37,0.0007426636483666341,0.0012479179522873083,0.020569617503785446,0.03640050662788547,0.6590546044429269,0.8199520232955227,0.1554184984820684,0.0698588919767086,0.0004486816427609442,0.00023045091739033613
38,0.0009816685119866909,0.0012884078365833747,0.013281251335843298,0.03999091112495632,0.841716247058081,0.6297853974015643,0.1576806420973584,0.10214316490953523,0.000579954478976211,0.00014199063332230897
39,0.0010808249565391833,0.0015346608831613602,0.01004756094575013,0.07512284546792503,0.8963688496347929,0.5279150420169783,0.1788868067603843,0.11607868271507238,0.0023245192634023326,0.00011489019160599598
40,0.0014238298659902814,0.0015396026240761657,0.0016511613817193382,0.08236467844201986,0.9784365616242243,0.25231128464770514,0.17628318443613533,0.16099425264792008,0.002753610483583209,6.102273933014264e-05
41,0.0014478259973795446,0.001540177604989906,0.0015351020984179992,0.08993599637565367,0.981112601793844,0.23286945854261942,0.17666078222889134,0.16452750702221017,0.00321871705897085,8.451559658539006e-05
42,0.0014881021761237072,0.0015379145432211213,0.0018231163077042012,0.09787266658650755,0.9849347152010903,0.20207470722229745,0.17645032504359362,0.17088043940091693,0.0037265705837341806,0.0001495183564846701
43,0.0014539158561142245,0.0016451240885831306,0.022798490910720802,0.11973250629533361,0.9674540989353062,0.30067118844793755,0.17692332158851518,0.18085370532423825,0.005276534705669595,0.0012403747822984368
44,0.0013206094016731992,0.001716546315811383,0.034258144975559256,0.12665646324654578,0.9417294260631286,0.40094732859135734,0.17906075824818207,0.1720334218235269,0.005817686442405326,0.0017830552885587233
45,0.0012927568787278244,0.001801789514702318,0.03660354205623911,0.13378489968916724,0.934958423329519,0.42071201481034903,0.18070807649261894,0.16991090970031084,0.006381015876405022,0.001898113611690406
46,0.0008867658476549507,0.0019703106516700255,0.06731793459755202,0.13825510100543092,0.8161259579305303,0.6564244367607522,0.1872639675920545,0.1366577849409264,0.006826182815405021,0.003384786559903255
47,8.638944629873297e-05,0.0023220617458449134,0.1351587523042149,0.13496695302094258,0.2315368078335155,0.972625820479945,0.20193753118282132,0.028425165289188006,0.00687228434769864,0.00667548306345536
48,8.634200588881486e-05,0.0027111325747768977,0.1373885184311847,0.1350681181530584,0.19745334972811415,0.9758525129890168,0.2123714558079154,0.022315515472852612,0.006899587587142607,0.006780423375190311
49,9.904873256919605e-05,0.003132383758584747,0.13874665080133247,0.13512546542155868,0.17514339577100127,0.9769499860320866,0.22316197175846714,0.017985866890479173,0.006917717826784407,0.006847416526106934
50,0.00011964217277952207,0.0035844992132063485,0.13951361374370547,0.13516466555771095,0.16152238519872214,0.9767786789771744,0.23424202110854656,0.015106105179267543,0.00693036743592817,0.0068880585238767465
51,0.00018938546726240328,0.004066383282231115,0.14039868472463607,0.13509491062659942,0.13887168016035623,0.9770913379211065,0.24573351239544236,0.009381195190978985,0.0069290751079332915,0.006944410932919031
52,0.00021572773109069238,0.004575533688615725,0.14038345013368098,0.13509243749924385,0.13747327698792303,0.9753892197542697,0.25737441513388903,0.008883219777011132,0.00692923039278599,0.006946012489040344
53,0.00027320413631762676,0.005112627790744209,0.14017926380635867,0.135105033877713,0.13520911412124362,0.9736161568446957,0.2692076875071031,0.007696208510278677,0.006927231767822842,0.006943633294758972
54,0.0006125905575840656,0.005659644600582811,0.13588787895405322,0.13566993823046897,0.16208971448470805,0.9692058100355833,0.28102510913820183,0.00932099602612743,0.006936489281450363,0.006763366244662121
55,0.0007645050520975014,0.0062167704054427965,0.1336301662739447,0.13621760966773044,0.1804126309344207,0.9651553026451984,0.29282925284081246,0.01205887769592509,0.00696175652759741,0.00665858754303032
56,0.005304257984083834,0.006438220409734759,0.037215727515996215,0.14749153664977954,0.8562539820636199,0.5786824739179717,0.28466700510007925,0.20592483811328705,0.007651443199209468,0.0018276097656815267
57,0.005887487819102904,0.006514955918169328,0.022798323729183688,0.1557028747456888,0.9116009838119591,0.4637739672232217,0.2824560810653435,0.23938134986630083,0.008525372539906336,0.0010891876265686877
58,0.006258711743416111,0.0065511512212559735,0.013538575313919467,0.16460850333922733,0.9401873586948648,0.3787569350272024,0.28005368190963736,0.2632438387175103,0.009535406068136697,0.0006096328536017133
59,0.00652911881532477,0.006557886341870837,0.007060352908647635,0.17415880424175223,0.9589408506124775,0.3023238097700851,0.276531980731507,0.28591343837274247,0.0106787919921274,0.00028278926214843814
60,0.006554051901682694,0.006558935199245466,0.006563156068288509,0.18393263839100185,0.9601798343269189,0.29184742345175724,0.27616609937497044,0.2894933373071197,0.011890651296783832,0.00027732568947177766
61,0.0060357423859108686,0.00661076655001291,0.024432184011118924,0.19310040213428478,0.9494016854803617,0.33401329805561264,0.2753361699544686,0.2958398366579886,0.013144427144461963,0.0015105169300858587
62,0.005694513375560351,0.006714617672124622,0.03489165194467382,0.20194253819857683,0.9348425284818381,0.3828313686793345,0.2776667128207809,0.28782726375900386,0.014382578838942046,0.0022303766623145375
63,0.005100281688400889,0.0068898786049807,0.052778662191698154,0.20985467312502015,0.9047160611506694,0.4654136264788702,0.28235841080123286,0.27092739420220147,0.015579160110412575,0.003489265351899808
64,0.004056605301913491,0.0071911695003379975,0.08431171031641603,0.21565292521098903,0.8343705105892566,0.6001472037987807,0.29122513063028543,0.23576095934010713,0.016632751533753074,0.005793005424778412
65,0.003856074337035237,0.007554920565705438,0.09078600845438596,0.22210503702927986,0.8165570329920844,0.6246768309635825,0.29606245577663914,0.22791283160457915,0.017671642793547365,0.006293484197009726
66,0.0029793180488390685,0.008030909379311526,0.11792282689440219,0.22613094105587192,0.7363271511258079,0.7187675775433734,0.30561958663418154,0.19349084773334968,0.01857431365268877,0.008437521147772215
67,0.0024169252421775466,0.008612950898287496,0.1364157561349012,0.22960037940233285,0.6733722879318298,0.7730721717913902,0.3145142022221923,0.16872542627764348,0.01937075914372695,0.009970182212974495
68,0.0010243646739502596,0.00940814824264361,0.18806210902740803,0.22716139075612557,0.4639265316228909,0.8889967381097885,0.32908521390685863,0.09499747871659879,0.01979965481796704,0.014545961038471942
69,0.0009826582763885951,0.01028381081979148,0.19184460643559076,0.2289485421132705,0.44640409383601776,0.8933085576103064,0.33879951771894895,0.08932389547059871,0.02020025492974168,0.014906183737281958
70,0.0007068297651253988,0.011259783871406517,0.20929781507388523,0.22829078585468396,0.3659403359897934,0.9162678206706085,0.3502842475811929,0.06308164621834303,0.0204672702774402,0.016633149547619658
71,0.000660206458775341,0.012317455057810317,0.21964523128165717,0.2279081926178796,0.3174960734260614,0.925556283422954,0.36174300496708595,0.04761406218741662,0.020651835526105312,0.017724290773261386
72,0.0016296162370023903,0.013492239902917898,0.24138185152077868,0.22486046151321631,0.22505144434079477,0.9396274455288477,0.37420050394095866,0.020796635090575298,0.020623590651081714,0.020558317439070033
73,0.006057420678599308,0.01453232940769011,0.20895041463889943,0.23098132026324616,0.41341969858000316,0.8935260558596914,0.3818717901456945,0.09335278548641744,0.02085239634803669,0.018707596433231794
74,0.007555695279525904,0.015373538946967934,0.19061940303130315,0.23576824452569656,0.49506892437100175,0.8601732573426712,0.3886991822498723,0.12706760335567882,0.02128222079752347,0.01722058068448884
75,0.008683672123791661,0.01614797203529084,0.17580863835737012,0.2407097805295992,0.5531253905342102,0.8298535675685886,0.3947553324775364,0.15310083905080712,0.02186499020132874,0.01596013310807366
76,0.011271641162890558,0.016786596920733057,0.13798040831563937,0.24920395265008896,0.6789511483184086,0.7444799229550265,0.394079025199284,0.21656193807775848,0.022795394867914712,0.012587374060094154
77,0.012094115357301594,0.017319768080303718,0.12549407794793555,0.2558572906954863,0.7133611990823879,0.7118862164241487,0.39689547621226295,0.23667612545259745,0.02388800654194116,0.011465550690217869
78,0.01424370640616307,0.01773337140122406,0.09075163693662978,0.2651873319500695,0.7960758045178246,0.6169630193376098,0.3917200200617812,0.29134357548013257,0.025324837972104337,0.00822434155987766
79,0.01792615958584988,0.017854081631169513,0.017946966727671727,0.2776501535750474,0.9193794889877555,0.3680334304773624,0.36281095869831204,0.4108841215003701,0.02753343826571213,0.0012459968933116003
80,0.017561175687155612,0.017857520153799492,0.019077434394150758,0.28812793734264597,0.9189709942717297,0.36330118986526877,0.36103039262333864,0.4166719454591074,0.029864090385772042,0.0013418395507067702
81,0.015624022384956332,0.01795691912177738,0.04442444574061875,0.2974424508688563,0.893761043728918,0.4294596442766091,0.3673743132808695,0.39798593715916486,0.03216498364341243,0.0038158896391031214
82,0.010658100580066126,0.018378919937379598,0.12258122993116223,0.30096211126071576,0.7813992477117374,0.625725211164464,0.39200881235038926,0.31295119105653796,0.03398125670354075,0.012027879484650802
83,0.007473346686189242,0.01917782833959876,0.17648301401301758,0.301513038731799,0.6720557114967716,0.7357005296730281,0.41015253564958076,0.24374602007091073,0.03530968886103802,0.018136335009591664
84,0.006731340578201259,0.02357285062767295,0.1944606309843405,0.3178219191520697,0.62667183306725,0.7586577692248923,0.44021142920962636,0.2188808179264021,0.04017197539521184,0.020353010919048002
85,0.0019449953098065929,0.025172876632974236,0.3075110591055983,0.30081804314949095,0.34472702990851434,0.883530339831134,0.4635909540548057,0.06049498391724003,0.04034938557008085,0.0362964677413386
86,0.002603858153750314,0.0270985125612571,0.32462234960465886,0.2973329980691173,0.30187153151997526,0.8898679360741695,0.4753769737278636,0.0409729408353041,0.040334063679323476,0.03935040592727346
87,0.005337926195153679,0.029105147703001877,0.32698896771900476,0.2969245595779107,0.3113748539132015,0.8833790889043245,0.4861552843324616,0.052158760255445004,0.04028501121625726,0.040707279251916556
88,0.01001800187007395,0.031016977092400793,0.30561667205497417,0.3024020237207922,0.3905151907387091,0.8575960010361863,0.4938635084583901,0.10456922433102661,0.040489061302178914,0.03868340467979243
89,0.013913208446902955,0.0327048856432083,0.2799768168103036,0.3092459038511883,0.46676349944323375,0.8260360650455719,0.4988655928956965,0.15621775702588261,0.04100976430200174,0.03563678416749866
90,0.02178322683404471,0.03411604728493429,0.2144430542819242,0.3236128987960721,0.6221991970606133,0.7378830407004192,0.4902565999176268,0.2708792261483454,0.04223762930912953,0.027285647669278504
91,0.027752830497087655,0.03503905501488085,0.15425842567265968,0.33645814306793675,0.7289569823495509,0.6422729088881121,0.47506683203219996,0.3618494786174064,0.044141769242838046,0.01942906807786109
92,0.028100636532610475,0.035700220616591394,0.15105384757765997,0.3432519063610903,0.732302950381714,0.6353281174143866,0.47778272592009874,0.3663149066667046,0.04617954654195802,0.01908870798210447
93,0.033055020688319975,0.036239790847821494,0.09404029452770528,0.3554093939262924,0.8055317182054423,0.5374306649527885,0.45696973176859296,0.4429039007441159,0.04883731598063456,0.011431900053628374
94,0.03541196105466765,0.0366250233261708,0.06313928481083872,0.37517683856415596,0.8336880757120281,0.4809185106911166,0.4446138060522464,0.48195076188775765,0.0551045646544534,0.0074324724545351524
95,0.03702857611624054,0.03671881945760452,0.036015048514786846,0.385904727341396,0.8556541604240728,0.43094692087218867,0.42958402354556185,0.5181943141149583,0.05872709748079946,0.0037479357748531577
96,0.03695086862315871,0.03671947740240163,0.034723543742273176,0.3960051958743208,0.8542199194826597,0.4278304561696153,0.42813716087299175,0.5213565201517546,0.062442972232229145,0.003720576186364314
97,0.033108871487495604,0.03681356506622832,0.06919247679476395,0.40432460022299066,0.8274524249785901,0.4767573451081252,0.43844044041094027,0.49896280577314206,0.06623192702025764,0.00920321281460415
98,0.02259569352376799,0.037321803307560034,0.18432872325131622,0.4025188843354529,0.7157601044615943,0.6311441262813491,0.4807912589875643,0.3857257632378065,0.06913134013378364,0.027986779872009582
99,0.00770962923871959,0.03871300475003363,0.35604790638384687,0.37451385994971614,0.4659372350167977,0.8034892099821407,0.5290345869878659,0.1622345050201429,0.06986512793985507,0.05900508793936152
100,0.006917551793900768,0.041017789031733407,0.3688384455966861,0.3725667614263746,0.44243011810986366,0.809192826066375,0.5395485842163409,0.14230749164115908,0.07039104343338407,0.061540696533469
101,0.004819676843212212,0.04355564760923065,0.40824138189975123,0.3617140997799426,0.3699434502330573,0.8306678828168839,0.5533321378318518,0.07852777626364245,0.07027733116734422,0.06980478475947034
102,0.006778726366963863,0.04638362911899632,0.41296203429075135,0.36031739052391343,0.36441346445916617,0.8273778500373067,0.5635146468782392,0.07185146442360357,0.07013116538643373,0.07131968433485147
103,0.010099665320604998,0.06080360664458677,0.4064696086592417,0.3634235444096307,0.3775012961486772,0.7965651347239765,0.6103725021188426,0.08325051106398104,0.07055282194317268,0.07037968378663986
104,0.023249109199091216,0.06407513168635075,0.34549446161868447,0.3816357397278776,0.48116700219863556,0.7507120765681182,0.6089693373786356,0.19526829941869017,0.07130325527671681,0.058580210944014194
105,0.04500732718168239,0.06679648767407509,0.22424150190955566,0.4090543012855412,0.6419771648296865,0.6459726952954739,0.5742780293983671,0.3945764437691902,0.07365081328977907,0.035827940748721664
106,0.05008037645557838,0.06819127543395895,0.19422164835796057,0.418619966930725,0.6725321133013435,0.6153679265474384,0.5639659896482112,0.4385772155713805,0.07650923185298267,0.030491502159744194
107,0.05142404068535692,0.06930701086448492,0.18677253295866544,0.42543618619106954,0.6780333957510476,0.6062547558070703,0.5635252646723938,0.44908137228329337,0.07955193580061258,0.029314176585900555
108,0.056866309214475996,0.07042922359332192,0.1544822718362918,0.4353382789272999,0.7060050886426043,0.5738559099884722,0.5488014876225616,0.49421906499716917,0.08305146981914904,0.023558047700718558
109,0.07216659244430106,0.0714975541070031,0.06729711271404715,0.4493402944381412,0.7756999049534494,0.48059978824757293,0.48353304820274934,0.6218910100867897,0.08794008225111608,0.008874507738916472
110,0.0722833852060417,0.07151939241004637,0.06690019853628942,0.45797705923603993,0.7730982084784275,0.47985112549417924,0.4828277504612043,0.6229113963953186,0.09280690026112333,0.009133013744070878
111,0.07266858724999965,0.0715598837496671,0.0662945666781547,0.4666152700482582,0.771273102672428,0.4778186725690266,0.479705298435996,0.6275671043945944,0.09786669664638087,0.009562349098381037
112,0.07240713543428953,0.07161275118167817,0.07249309728457809,0.4748770999044238,0.7662843644041296,0.48054954604174827,0.4778068509112771,0.6302391043377831,0.10311251773584605,0.0116411495424223
113,0.061374208252650525,0.07176121785283944,0.16410335078373642,0.47565844287266,0.7120909296476539,0.5488553227369755,0.514923661774141,0.5691348680823402,0.10818993982592531,0.03306118126642649
114,0.044506393434486535,0.07241455084878233,0.28278828359844227,0.4639865925289463,0.6231895185536293,0.6334124534442054,0.5709206440168161,0.44814001683231436,0.11156317003633982,0.06129917092440333
115,0.0207375488431391,0.07384562740541739,0.4305792462058615,0.42842542687076146,0.47846656615310174,0.7235137933941198,0.6287886456079612,0.2343036271502238,0.11224371034090995,0.09921489622231655
116,0.011499239069085737,0.0768606266997087,0.48695070239221727,0.40804014552002654,0.4088424812647582,0.7494005482716932,0.6493121810071881,0.11393085555642214,0.11157493325453281,0.11471562479628052
117,0.021265897176811745,0.08093436425433165,0.4461171023119199,0.4239994106323358,0.45320642823540647,0.7249071296678817,0.6528266171953531,0.16139637218159011,0.11173255251400889,0.10304574051146838
118,0.06527644071829279,0.08527577357520644,0.2146013743963921,0.4822842135279552,0.6551427158582178,0.5848150070427204,0.5806981309613356,0.4878967561048745,0.11523241870174745,0.04341580479994176
119,0.06899697532438663,0.08653270951053148,0.19399861942628216,0.4907189340882583,0.6666324702916866,0.5694458435970511,0.5724043140161151,0.5128462942786098,0.11924003983209533,0.03876670288178143
120,0.0798277581869693,0.08777103407864789,0.132705030691596,0.5034767358019359,0.7015422702218144,0.52715567068209,0.5371976179215086,0.5856721265057769,0.12407568090182237,0.024611808835235238
121,0.08148100271196608,0.08829233991025262,0.12382669086686393,0.5111895311293533,0.7035776441333006,0.5203470304397839,0.5321072573604188,0.5959165405040341,0.12919786901796154,0.02294475398572386
122,0.08527930418227346,0.08880040065152799,0.10381160427828597,0.5198136332933682,0.7113950552010748,0.5061506303984078,0.5177191911694535,0.6201831854269831,0.13469506859815802,0.01876884575926628
123,0.09102025036787421,0.08928051707559213,0.08284150699305258,0.5285672532326865,0.721398140132176,0.48838637390084155,0.4900557947986611,0.6604176222539744,0.14095954020059087,0.015431378493896782
124,0.09105012155616403,0.08928249877857254,0.08338594858978804,0.5361567897376579,0.7177948118282046,0.48847620899636546,0.4896213353444449,0.6605105838358953,0.1470296193204424,0.01609634975586954
125,0.09104576362647505,0.08929975646503495,0.08565917660783913,0.543573111567602,0.7137269902848837,0.48913402101136944,0.4887241645010059,0.6611963167638745,0.1532328595474171,0.017366304197145067
126,0.08995837311299185,0.08936202005574098,0.10065562314607093,0.5500716872360002,0.7055497056448755,0.49527309799575747,0.4900390468184436,0.6589522467624639,0.15963631841441892,0.02256089927606249
127,0.04256446957237925,0.08899878810427776,0.43197277735079276,0.49404276684612397,0.5394201575481159,0.65013730950429,0.625123952937508,0.38066532595031677,0.16316146336288564,0.1263185423211693
128,0.02619057721061544,0.09153492323185473,0.5182318757152362,0.4616917626968641,0.47578708899029093,0.6849177353633191,0.6598172993574898,0.24696104842917063,0.16298107827024444,0.1564645691749853
129,0.018677272609353646,0.0952428708480706,0.5532622199390207,0.44513878491876924,0.4454321922939874,0.69580485028224,0.6769990078035923,0.16443586042334055,0.16210195703185473,0.1690955330019982
130,0.020113580928637412,0.09975023432683815,0.54790173471168,0.44772966612734716,0.4477869918322838,0.6893831636538881,0.6844271108102165,0.1555565022585312,0.1618473947593329,0.16681796640875307
131,0.021364620427032067,0.10431254465700371,0.5455532688434307,0.448872182152167,0.4491223854079867,0.6834388009444088,0.6907736152545905,0.1567899754478204,0.16187580841256385,0.16598160227178774
132,0.02300220502910028,0.10894533810386799,0.5415225330652368,0.45087095332912325,0.4515175695824198,0.6769297908545906,0.6968120121275206,0.15969793427228363,0.1619470029734138,0.16449403020988076
133,0.03168801954392321,0.11386580484882906,0.5066312742787128,0.46729193617783993,0.4739668887611208,0.6598746392381704,0.6981836232044885,0.1997498874233621,0.16254025582487422,0.15117448143535767
134,0.05017774989043026,0.11885521451227728,0.4316872563303698,0.4973713251605788,0.5185923500789968,0.6285446079949228,0.6866227734669391,0.3001543189194579,0.164473556792561,0.12391091663192348
135,0.052787766896212625,0.12240889105065876,0.4232913627058387,0.5021097752748276,0.5221268258955555,0.6216424105395605,0.6887920083498262,0.3109904973274351,0.16637046394713728,0.12117510594534849
136,0.07286049221376639,0.12664271548356612,0.3429685295166159,0.5275617095917454,0.5618066596912472,0.5894560017979815,0.6644779506291534,0.4161062784422507,0.16959974422625793,0.09358314611566662
137,0.08865539533847965,0.13772245835638264,0.28625668636133467,0.5589699560477591,0.5773051797756144,0.557612458759698,0.6512224130941566,0.4845952737668012,0.19008031982072168,0.07704257112839032
138,0.09273815559968761,0.13993432171544284,0.27224228581490945,0.5654418510856168,0.5803526916673384,0.5511646604709894,0.6462447656572416,0.5011439852183215,0.19450779543273342,0.07276245263943334
139,0.11704900593056576,0.1430460642816744,0.1902078327223717,0.5821441878383423,0.6068335039127845,0.5237944674620691,0.5946513644035505,0.6029646999066973,0.20023922612744774,0.04652349895758072
140,0.15001977932587515,0.14629165209261405,0.13867244108725904,0.5926316512387602,0.6273894266940545,0.500145157256555,0.5038665830432705,0.7219368662285921,0.2082484287863086,0.036743847450341385
141,0.15108547251891258,0.1466058679724454,0.16579129384075986,0.5954198874566347,0.6197542961667799,0.5048848587576105,0.5003248238682393,0.7248208110136185,0.21584208061653862,0.0492018456938949
142,0.14976984737004953,0.146767655319096,0.18766286701732193,0.5980621205976996,0.6123272435005956,0.5093333130303929,0.5041866611329485,0.7199544903666536,0.22302049953737632,0.058911108435418205
143,0.1461711177704229,0.14699938413683827,0.22207953527279575,0.5983316214179526,0.6019900174798205,0.5165504241846661,0.5147799662381752,0.7078458072564582,0.22998180006288743,0.07370293976489722
144,0.11581338349115024,0.14657984474658883,0.39172449910266316,0.5660852514320583,0.5556225745442285,0.5550831925642329,0.5954212225202274,0.601045340397782,0.23505992108455784,0.14571074459273836
145,0.041952657127687,0.14473438574213296,0.6098125489870059,0.47262268621417985,0.47281522655859776,0.609943648772306,0.7233908279709977,0.2554020604290354,0.2309678565339254,0.24583863223788388
146,0.04970787068931569,0.1498523270107913,0.5244273707236128,0.5182062519545964,0.49763150223755803,0.5896935112113582,0.7249567026585751,0.2683184937082959,0.2321546069927998,0.19856841408491174
147,0.058744315824691265,0.15489519170295296,0.48905739988994046,0.5345993538395676,0.5078417967977398,0.5785666027844693,0.72138690136552,0.3042104985225818,0.234043723312423,0.18137534357791887
148,0.06387709852604877,0.15941632246337262,0.47167488107995603,0.5428201916212737,0.5119704632330052,0.571616287732875,0.7206636159040248,0.32226854735278676,0.23601411759718635,0.1733173608700527
149,0.07525056132258025,0.16409336570004895,0.4304696636433431,0.5593134039775726,0.5222417613297242,0.5603034287200684,0.7122406378651417,0.3670360501540256,0.23880210601065288,0.15419605509781922
150,0.08785700993139034,0.1684094580811496,0.3869022516942534,0.5749391870030836,0.5321116087910801,0.549171331570379,0.7000714368611302,0.41543033861657686,0.2422402337708612,0.13468549856887915
151,0.09560426381632275,0.17198662984684068,0.3621652417872155,0.5841038406625174,0.5365320856705293,0.5421673018178835,0.6926764549171376,0.4428262672121521,0.24595776085224144,0.12413793475898378
152,0.15718724786071286,0.18182980629425613,0.19042863327644244,0.6387123097521735,0.5607424339707313,0.5053096618363209,0.584771724282936,0.6466911998626339,0.28666332749295786,0.05939385722903769
153,0.18492661834159785,0.18476631716005337,0.1666753695001193,0.6450447116090324,0.564332658299876,0.49955158270425776,0.5205809716838375,0.7204900723286356,0.2950229279756547,0.05524885550955454
154,0.19289082294226204,0.18609094035351498,0.23917492879250526,0.6391834811499157,0.5551474231745132,0.5058148663550031,0.5011723175756546,0.7380876365651128,0.3037353053869125,0.09625370154570577
155,0.18100702251625247,0.18614440908381455,0.3464082878474,0.620778892534378,0.5399865715158924,0.5171475002074883,0.5316737647804991,0.7066900216869271,0.31039521704761347,0.15406579180283272
156,0.18034396587411552,0.1871386055521537,0.35150157648869973,0.621975345613479,0.5375516846703173,0.5171803404344902,0.5342545573063643,0.7032022471454216,0.31637746943258277,0.1575832670160696
157,0.17031257145172615,0.187768375535524,0.40350172620779806,0.6097957624256932,0.5292114855357901,0.5222004557620917,0.5581404735442627,0.6759592596136889,0.3214409040968997,0.18735769514336714
158,0.16835224194759627,0.1893350481787234,0.4137753846743817,0.6085428503522018,0.5264289840887632,0.522472003155942,0.5640151611850643,0.6687375913699027,0.3265173761666158,0.19392642676029484
159,0.12990260938551626,0.1888507127932207,0.5470074603097023,0.5566208428610856,0.5070432620239365,0.5358655918827164,0.6404606048657082,0.558845434365057,0.3267401654354361,0.2759398901498114
160,0.07680376998514579,0.18897572860879766,0.6538097250483103,0.49307673158884224,0.48924144723276725,0.546577974416046,0.721996179201995,0.3688570846753295,0.3214400481300462,0.34908344836075267
161,0.07433601848474954,0.1944840931157044,0.6565175459461586,0.49067079463170105,0.4885461891692448,0.5442876322358906,0.7295851145382168,0.35104296601988844,0.32117036550402467,0.35147140735282323
162,0.07078983658410212,0.2001024585389755,0.656939160413907,0.48982349275208237,0.4881597956434226,0.5417499763129259,0.7384050445035937,0.327071569244438,0.32068960440427763,0.35239313785753845
163,0.06856263282305426,0.20599786063316672,0.649271573463381,0.49472967056192363,0.48888706932993614,0.5383853212125058,0.74619975085175,0.30488727173127267,0.3204210032026984,0.34764687727582266
164,0.07230004024670235,0.21855356390337796,0.6398416359765379,0.5003165069142431,0.4897205975798691,0.5322457743861418,0.7523345872860967,0.2988469298860146,0.3203678613074459,0.34206079528306105
165,0.08447707868163837,0.22562717894699003,0.5841875223662574,0.5348989874010179,0.49560107174803963,0.5252292881342476,0.7503487298571925,0.3157148353412775,0.32272032425841995,0.3043679945642339
166,0.099159671219843,0.23228216014995692,0.5408070995860446,0.5581725683611353,0.4995070619416305,0.5197606390256164,0.7436366966479012,0.34863041680538404,0.32535843674464454,0.27592358564942254
167,0.10484807443317815,0.2376795656240364,0.5282326961440669,0.5646790280481676,0.5000744391243807,0.51690954157875,0.7424244738089899,0.3587731907563288,0.32715185572479444,0.2682447446510325
168,0.12995820232640928,0.24450578191377056,0.4630183366767419,0.5933223979141868,0.5048421602167213,0.5110057156137694,0.724115235486338,0.4201095316242004,0.33146865255392993,0.2267096228408194
169,0.21174001445886698,0.2558518219059446,0.28636985544072424,0.645239534406357,0.5165638663071008,0.4999276095863008,0.6264965001409024,0.6146655040760172,0.3403328865401348,0.1200817906805575
170,0.22891171149683684,0.2588166106618947,0.25893088505251294,0.6523608724483325,0.516893994148043,0.4980813647458074,0.6000141980166492,0.6497338212226303,0.34719264571076847,0.10509826969333359
171,0.26468308746810465,0.26345763776734143,0.22548284284686126,0.659865011872968,0.5175375762007645,0.49623260980234973,0.5349518219671248,0.7204840421003277,0.35544380545719306,0.0858966196938667
172,0.2722406935961037,0.2643194871998029,0.22894117647285145,0.6613638276083196,0.5159321941507725,0.4963447536192418,0.5186428044097292,0.7337995933392368,0.36353676918108363,0.08897166346454477
173,0.2729146867570727,0.26428450170831724,0.23012791438722652,0.6631412097391018,0.514422396253457,0.4964295267383422,0.516850945165573,0.7333306701091645,0.37149559930852233,0.09119400897690551
174,0.2614129931296129,0.26329784398600803,0.3828330340244482,0.6313099003132849,0.5064122038088338,0.5018975981508398,0.5214272527581738,0.727095715084242,0.37797420753561295,0.18702426203966535
175,0.25976380783372743,0.2665042090584393,0.39182267932074505,0.6320179132858034,0.5033701478114744,0.5013478130330358,0.5259802936352902,0.717988550725262,0.39683015962230306,0.19646704359405712
176,0.25870116885876165,0.2675982317418605,0.39634470416401174,0.631649964970728,0.5024088198802877,0.5011867149691616,0.5282089570902748,0.7141897780454829,0.40304320332405674,0.20081480857527131
177,0.23673095702948635,0.2665296761594064,0.46134882779884223,0.6102150003031667,0.4995394795141759,0.5025215245179881,0.5608959452010676,0.6800270723165546,0.40674095828061607,0.24982766985259933
178,0.23201624761924136,0.2681884010577054,0.4748042315086835,0.6055242372817619,0.4985834688067435,0.5023467668711403,0.5690803508432591,0.6699701749632423,0.4113023824867103,0.26131891020828973
179,0.22148748587347228,0.26949517512283416,0.5012988132809159,0.5948811294190999,0.4973721188176025,0.5023784249471632,0.5855223090523739,0.6502501652144536,0.4147973044494665,0.28374663646486514
180,0.13180963277770147,0.26495093125027697,0.657513696112053,0.5059982985665067,0.49351396776332473,0.5042366468712656,0.7057422476996562,0.4565267167535456,0.4042870962607665,0.4343295380549542
181,0.11639297166267736,0.27072662938565634,0.6362314867041112,0.520741207375516,0.49543614728569,0.501528243445537,0.7400840556014359,0.3662871322261347,0.4028293153253134,0.434073489868424
182,0.14078292993236458,0.27914011536881994,0.5749038961832592,0.5581951836474861,0.4970562235288578,0.49916723994338474,0.7303382324676106,0.3966820393756691,0.40758878573612317,0.38512902001299565
183,0.1554060772825422,0.28560047984366954,0.5445591810936735,0.5742281085336953,0.49740622146550534,0.4979044635803129,0.7229913333800059,0.41784169741176463,0.4107742427023395,0.36095076821604044
184,0.16440624018470282,0.29105321656442845,0.5280278050166248,0.5824103357275694,0.4973461255815312,0.4970572925070448,0.7187025711054155,0.4296962648240341,0.41331573540785305,0.3481350127197187
185,0.2261750237046002,0.30197952912423615,0.4046534448103251,0.6315656674022838,0.49838466523496855,0.4955690319114221,0.6668447036432696,0.5372133459157782,0.42379477724941594,0.2477504088162406
186,0.24057543045537721,0.306017999312534,0.3797507789791962,0.6398002400624272,0.49802531321268956,0.49525716132482656,0.6528395679381886,0.5596270058921858,0.42927816718158407,0.22846805881474982
187,0.26781531257659313,0.31132567911725645,0.3352425165970257,0.652548997950262,0.4976536459962435,0.4950800236482721,0.6223879508105408,0.6034714123265496,0.4365317275151873,0.1925687688120915
188,0.3153953530902887,0.3188534291954561,0.2763000521399116,0.6664742229808722,0.4969879925387527,0.49527881860832396,0.55701157270373,0.6792673702191233,0.44592375857150224,0.14087829117571082
189,0.3422865495619838,0.3226437869276653,0.2832361694190014,0.6657025490259614,0.49595916557705144,0.49582403854066426,0.5049520634189292,0.7250591155523596,0.454057322299847,0.1367803808179635
190,0.3428139239910499,0.3224306833795146,0.3006271268931503,0.6633571799346433,0.49489888300811635,0.49612068394188386,0.49808746715739644,0.7220426011487474,0.4765066025588914,0.15319990707171185
191,0.34209387409380193,0.32224298100057336,0.3085275116004051,0.6618972211547403,0.49469096566728343,0.49618434450786386,0.49669723318154374,0.7201528685801648,0.48373656973989687,0.1604339681633004
192,0.3404989322931256,0.32195777175844786,0.32001718049369665,0.6594512656153979,0.49456049267150604,0.4962207465534027,0.49580538730197227,0.7178046142996685,0.49066852404671263,0.1703886198455137
193,0.3352545639609044,0.3211381636286361,0.34595428973570846,0.6531022114085644,0.4945368092767629,0.496190541675621,0.4971830134550359,0.7135601457820583,0.4966196054450778,0.19154815238496448
194,0.3295349307356204,0.3205455105828225,0.3678227664001914,0.647168638100592,0.49462410693845194,0.4961030245554068,0.5008474748683225,0.7075108773477407,0.5022675592179217,0.21072335374863074
195,0.3273549792311781,0.3207919152146623,0.37554561663577873,0.6448954129424372,0.494746879804939,0.49603129482128294,0.5025574693333525,0.7031374261599062,0.5084146738923015,0.21885624570351975
196,0.3250333643858657,0.3211133676385759,0.3833665519771126,0.6424635229951698,0.4949279469844863,0.49594598296455034,0.5044855623822762,0.69856732149643,0.5143703478701106,0.2272009030188309
197,0.2639357800937342,0.3135244048160235,0.5308958399664261,0.585368637385414,0.4959566504380495,0.49505013667914366,0.5671259958579238,0.6369195709940553,0.5063411399621043,0.3734302643280079
198,0.24543182792587154,0.314350017410491,0.5673249073911992,0.566243816555763,0.4963970412343573,0.49474742983257103,0.5897142925047116,0.6101642727814514,0.5053279148529083,0.4169596192960593
199,0.23932547882141014,0.3172845371848473,0.5801009770052519,0.5585400718758506,0.49670525005301086,0.4946075749048951,0.5987467024459012,0.5980187995915293,0.5063985652901454,0.43398767317161047
200,0.1694658342378525,0.31727633138375944,0.6503013833888749,0.515575820467579,0.49621514801777206,0.49525670222964097,0.7003794052801096,0.4351645470731638,0.48959736961386385,0.5715364631535962
201,0.17872670503347476,0.3241366163462298,0.631935873426213,0.5273761354391348,0.49591576797763576,0.4958737222248006,0.7002025023825185,0.43480390320598955,0.49114053528373636,0.5560374233039824
202,0.2203054069821498,0.33436511491023585,0.5453057484361169,0.5769244401967012,0.49501386593728897,0.497171607244516,0.6824564760813625,0.46881430952444797,0.5019396624318615,0.46856187358359463
203,0.26019723456879346,0.34337307023316244,0.4724641872999173,0.609394184488599,0.4946685650967393,0.4980623817394326,0.6566077515293721,0.5128972637629035,0.5128606419145745,0.39156728140186475
204,0.32045214708936814,0.3549509803567698,0.3733456001362212,0.6433840543122004,0.4948820632883692,0.49856366313948375,0.6050875481475915,0.5853569748744119,0.5291771048209132,0.2828394347419235
205,0.38469479488782476,0.3650777784332155,0.35609206345856015,0.6480828008791529,0.49812286994496774,0.49636406415652706,0.49676866361192296,0.6927311229468879,0.5433554098265986,0.21155817001795857
206,0.34605733958825613,0.35743527025788635,0.452190247848269,0.6156599936506837,0.49951245359350194,0.4955283787554871,0.5190434618152886,0.670106455009619,0.5396589595628566,0.3011080781507805
207,0.2915031868741763,0.3501900187600481,0.5511489148958196,0.5704262306919969,0.5000295051366632,0.49541776606868204,0.5676813875176165,0.6202508092929865,0.5305836294100543,0.416755590369767
208,0.22357511397498894,0.3461249735648294,0.644062792963687,0.5142601248703665,0.49890868107828706,0.4967640620164629,0.6395220565148229,0.5291202141377159,0.5148296656742114,0.5579338791157125
209,0.2081124992676969,0.3505588223196565,0.6591185447713843,0.5030612910206679,0.49803903701815905,0.49811587659712303,0.6621822331980133,0.4926988422351803,0.5102100613931746,0.5941822419660314
210,0.20247553129027113,0.3566538563258465,0.6546186575314126,0.5059944586878008,0.4966492664107436,0.5000493246253097,0.680246373753805,0.4595654872438368,0.5073090160911926,0.6096262832381161
211,0.294256636011722,0.3746230861889408,0.48193871438322455,0.6013983827026735,0.4951650213074902,0.5025048044564957,0.6456561757756609,0.5154316526721457,0.5311577851621718,0.42943227452081695
212,0.29828949713053465,0.37781272271830424,0.47779959123004356,0.6026398337815406,0.4954371893457211,0.503284395677336,0.6435553684383124,0.5166951821617292,0.533693458708324,0.42562766555619835
213,0.37293221250775577,0.39357950353544463,0.37603584773819887,0.6384633110581186,0.4982013794843315,0.5022029231307935,0.5867683708866747,0.591611422333358,0.5552027929932086,0.2995451514823512
214,0.38562973726835087,0.39692631396119565,0.36218684402208823,0.6419672648306846,0.49943168397768717,0.5022367830779846,0.5748558702379967,0.6026155758081593,0.5625405807941006,0.2817694114643341
215,0.3897120648566391,0.3983343118935277,0.35839910459508795,0.6423558407535567,0.5003428407626297,0.5025530098344456,0.5706938140038906,0.6043117325545856,0.5680744032413682,0.2778407068095625
216,0.43691875753381776,0.4085887931040309,0.34293116664562867,0.6460018866803096,0.5062234058248449,0.49869798810564836,0.5075242791921447,0.6630688934301348,0.582333360538006,0.22336390950068097
217,0.419169603597229,0.4032957675064951,0.4070881988889171,0.6250906293196546,0.5088968120056274,0.497168951682315,0.500009670891483,0.6653654448274351,0.5804127518170461,0.2741809206775192
218,0.41099781672749425,0.4084490057538902,0.4275276011385787,0.6050814312059998,0.5197264606690675,0.4976014349242963,0.5025019400451823,0.629408052760289,0.6290178055358239,0.31526655702699913
219,0.37897504893604333,0.4020175286203923,0.48022273979692826,0.5826787814177342,0.5192576135631871,0.49876607277344054,0.5167569360476756,0.6136899935494534,0.6186503511386295,0.381342392015609
220,0.31305673658964767,0.3933242465551391,0.5789947554876966,0.5340991429120282,0.5116387881504337,0.5056183921352239,0.5625777975330964,0.5675023744799059,0.5894908810607125,0.5446274325701796
221,0.30089081966630876,0.39587284794540484,0.5986761627295453,0.5223622533948479,0.5089785515929725,0.50881496295452,0.575599765364876,0.5518694339640746,0.5834793394627772,0.5884865186233144
222,0.28085554776415034,0.3992927523856923,0.6276607126364022,0.505929948436764,0.5016145969644068,0.5158189577084296,0.6018346753003873,0.5199892943911884,0.5714638411460172,0.670805126527772
223,0.2795538961403301,0.40499164784656405,0.6310517858723013,0.5044861235171463,0.49672240843663207,0.5210260533247011,0.6147699674469606,0.5020875331436997,0.5664217505078196,0.7052878004305073
224,0.2845856563486218,0.41050896342091764,0.6289523959974401,0.5048724881989802,0.496323080750531,0.5227966591202765,0.6148605785962771,0.5007440834221463,0.5658385472061694,0.7067502121914296
225,0.29680673239678856,0.41723050240584647,0.6129187365982188,0.515041317947935,0.49266254386660563,0.5272320694715329,0.6206944346800767,0.4910688448164626,0.5646809249878543,0.7088271230109848
226,0.30321286723055496,0.4224298038852153,0.608751876567771,0.5166073388395658,0.49252646800634187,0.5289621229282282,0.619672823042717,0.49111243022446843,0.5645222929415763,0.70605956802059
227,0.34117543532613176,0.43207072656439743,0.5574541114436204,0.5443683903022586,0.49291434160040964,0.5305741118754697,0.6132349614025874,0.497362782453744,0.5723519318224412,0.6472609843133617
228,0.3642759548446256,0.4392188688321761,0.5298895804222844,0.5569728251535482,0.495270132136896,0.5306456641918962,0.6056520880940509,0.5054370051852823,0.5789895940233143,0.608223723255427
229,0.36908143770225366,0.442550223184556,0.5264588317172043,0.5577147797177187,0.49593919114982304,0.5319110185963164,0.603779282068795,0.5060385706498867,0.580105618327994,0.6038402969187442
230,0.40033972345928664,0.45174109613745767,0.4906402094738935,0.5727255526874602,0.5009779055598896,0.5300238189713834,0.5917790836426302,0.5192252273489131,0.5918269587642531,0.547784005681911
231,0.4394187340638789,0.4638005970105019,0.4497492353485884,0.5882237376999977,0.5091024505360837,0.5257513073471971,0.5744293121700398,0.5379854861694751,0.6097261070722167,0.47820844438107263
232,0.4638829056645477,0.4721991966887662,0.42736899662330896,0.595450390369766,0.5155893166227523,0.5225662754661952,0.5619713633717107,0.5497911464807071,0.6234306446481437,0.4368505218249724
233,0.4703602339772559,0.47483867881140496,0.42240878905903634,0.5959607398561368,0.5182961667675332,0.52222395350728,0.5580490904835178,0.5514605994078096,0.6290353240771066,0.4276184645890728
234,0.5212905830147615,0.4928171529012527,0.4137356666726946,0.5972088816581287,0.5439802565107712,0.5025534428639283,0.5053487769248526,0.6010238900498204,0.6633655958635973,0.3325390258058329
235,0.48529737875202755,0.4790821667450047,0.4623133968275088,0.575899869769013,0.5438969696764561,0.5033823240016969,0.5057230588417966,0.5966734914023891,0.6497715811755356,0.38268351394024147
236,0.4796993591300655,0.4777211702312496,0.469061811420349,0.5712806461683335,0.5445905433781039,0.5040303480974726,0.5065956374116276,0.5927414233151408,0.6505924008050121,0.39339769542945663
237,0.47784444137837057,0.4777926622218085,0.4714493461720034,0.5685135394598847,0.5456945474195548,0.5043776840191107,0.5068097397994356,0.5895104398153446,0.6531413119035008,0.39854511044896485
238,0.46838255579965676,0.475304307756852,0.4822628832945488,0.5620587718424882,0.5455250014081153,0.5056812460633625,0.5087097186526456,0.5847657788381578,0.6512513541136155,0.4156620912202412
239,0.462863212105419,0.4743939959805012,0.4886782800972531,0.5575041481354109,0.545745593119541,0.5066953475533655,0.5099317763134001,0.5807886632845035,0.6510863348945335,0.4271067306813066
240,0.44185654701687405,0.4689643209769372,0.5115172876695335,0.5455102735165247,0.5421340969620634,0.5106896997471791,0.5159315085626309,0.5725936334509769,0.6411176212355394,0.4670435666353375
241,0.4241888063096318,0.4656995062171391,0.5310443588793383,0.5349270764080378,0.5377202077331025,0.515357365489908,0.5224540576339832,0.5642207289475883,0.6317593698072995,0.5067275052732256
242,0.42246282953914904,0.46716860931205456,0.5342034999265076,0.5319502804371544,0.5374432201202491,0.5167797496647288,0.5234881360323907,0.5610959003239574,0.6314364585934532,0.5152574450594526
243,0.39257833350159027,0.4636646300745904,0.5677878679696748,0.5152298009094162,0.524004046240689,0.528575363111816,0.5391490074295593,0.5445599050476008,0.6113042854626233,0.602039173070955
244,0.391428588184251,0.46665339140605216,0.5718070060358467,0.5122455482126044,0.5216950629648968,0.5316673347976193,0.5415279190319698,0.5407552250906109,0.6087121659253425,0.6176120845788043
245,0.3911629951825932,0.4699960436742947,0.5751522187534217,0.5096649377622051,0.5192855979296623,0.5348539405238691,0.5437391132080852,0.5372119798561216,0.6061407403169911,0.6325778474757571
246,0.3893551135983139,0.4735486783809432,0.5805387999050616,0.5064826807312598,0.5145932844462778,0.5398241775686616,0.5478776028474353,0.5318985882835103,0.6014848093305123,0.657826877201159
247,0.38853962385330376,0.4776488078870526,0.585229795746717,0.5040807656492826,0.5085436836044787,0.5458486802742646,0.5528222624950556,0.5258546943551627,0.596173691686972,0.6870746352968167
248,0.3910197009254654,0.48253364626757683,0.584733481169165,0.5072162198703635,0.49312743520251406,0.5588580054162184,0.5653444433104111,0.5115822350206803,0.586223883750364,0.7453589937704856
249,0.4025147958724159,0.4871081425355673,0.5742815083742602,0.5128564845699509,0.489608583732228,0.5631074799863737,0.5672838448012207,0.5082454264323117,0.5843089717399653,0.7484435133505626
250,0.49043263669104653,0.5116864532660464,0.4869958613458606,0.5518995124827475,0.5083860267748608,0.5519867577018271,0.5554544877630507,0.5182036979950913,0.6097737974713564,0.6064881573080003
251,0.5846497507219296,0.5541510640510692,0.4330780204468583,0.5697049275086142,0.5648440884817573,0.5098863630094691,0.5134474950406739,0.5592632903771577,0.6977233379080429,0.40290939349940585
252,0.5699360518843954,0.5463190103155744,0.4457952000517455,0.5620802820381526,0.5699949362556079,0.5065663961086821,0.5090048946832242,0.560153632417515,0.7019522397306363,0.4030556733021585
253,0.5608110958275694,0.5418241612085117,0.45302815414122594,0.556895395139474,0.5719351330655285,0.5061702889084162,0.5078530206912494,0.5581843301164718,0.7030317614743239,0.4091515427753859
254,0.5490531772339403,0.5362236074596772,0.46195043583029677,0.5509024171179174,0.5730736470662787,0.5063356048535476,0.507073008885722,0.5559518149933987,0.7019308820855766,0.4180965042400437
255,0.5014765612485679,0.5152941178915988,0.4971695284668089,0.5327579171364434,0.5653902384617651,0.5129696209219162,0.5093110976901294,0.5510437429182942,0.6763088407457644,0.46558391251829273
256,0.4247510671735833,0.49727743187176865,0.5689860026960655,0.5039072878427584,0.5120566944818986,0.5555779191059366,0.5360979734195379,0.5255030164669562,0.6047141775600658,0.6871355184010401
257,0.426538592308745,0.5013006792146019,0.5712772332371981,0.5052962664783284,0.4972818027948466,0.5678039577744298,0.543323737717783,0.517803033871954,0.5960995453677062,0.7388928171203811
258,0.5034331963666159,0.521756637262555,0.4951815184115589,0.5398830237154121,0.5054293133625615,0.5643010835599195,0.5449158962866111,0.5131157498253753,0.6084871947533648,0.647530539853552
259,0.5924108474939115,0.567245611797277,0.4489687435731662,0.5517884151746403,0.5780771152346017,0.510827822119964,0.5126216860086122,0.5434181569237222,0.7123743835449596,0.4332310017753508
260,0.555842232754164,0.547551924551186,0.4729561478387105,0.538319720623632,0.5811154630299507,0.5083021633619264,0.5081350168885708,0.5446727010623034,0.70709096289735,0.44312638677287275
261,0.5534712362444034,0.5466894385498754,0.47492335442769057,0.5356059143464581,0.5823196124144949,0.5086138919529177,0.507890280404345,0.5424795659371081,0.7087300454303863,0.4474126134525957
262,0.4912233505721532,0.5190515388825203,0.5173480872400922,0.5150186270090102,0.5622980325804023,0.5247332480077742,0.5111133990711751,0.5375768545119168,0.6618413116379891,0.5214544791670478
263,0.4913877253263623,0.5201894280609148,0.5182447782566569,0.5132017302120917,0.5623547326379564,0.5257751054927838,0.5109747718801306,0.5361305997922977,0.6619280219615897,0.5252730872154006
264,0.45437580711373493,0.5139989292181255,0.5575140139807494,0.5078000354432131,0.49236698016271485,0.5794432530010648,0.532638676421521,0.5163359213150852,0.599492358838259,0.7541493167336553
265,0.47331264573064713,0.5173923389698165,0.5389159553633929,0.5177725697796928,0.4844815416956009,0.5861915316499343,0.5365460697972413,0.51136738137456,0.5958642270858152,0.7612970025561216
266,0.5218184557055024,0.5343867040394105,0.49806551229382345,0.531670403148611,0.5036076885241151,0.5751595846355976,0.5349901944005834,0.5107584675676323,0.6064475878743271,0.6737120684573136
267,0.5267680497551581,0.536888876148068,0.4956221276760541,0.5315258617278806,0.5061363003897761,0.5749980762749506,0.5337783648205697,0.5109394789047633,0.6078781913528695,0.6660105655033353
268,0.5377997918201365,0.5426395477068954,0.48935158146116453,0.5324151708497371,0.5127549938367831,0.5721086159105551,0.5321842856585255,0.5113479467734452,0.612988021767752,0.645815099966767
269,0.5833818208678996,0.5706952018473412,0.46729447360205517,0.5370059204666421,0.545407270328937,0.5512555898106707,0.5271631860150194,0.5145938846810871,0.6495254713981243,0.5616214794131978
270,0.6093677767300544,0.5897514487921647,0.4604129416420576,0.5363129931242476,0.5719265541350167,0.5332079091513785,0.5220158018605799,0.5179160539636891,0.6875859485314222,0.5124988326698037
271,0.6087224463136458,0.5896405184444995,0.461824742266418,0.5341454745249956,0.5742951754118104,0.5329436673019193,0.5212908189702563,0.5166928164854504,0.6903995786245849,0.513358174104186
272,0.6062978228590313,0.5916657173372326,0.47044565446741127,0.5263687329131038,0.5981876031960638,0.5143043121796947,0.5144987710285388,0.5214151412514534,0.7239689588839524,0.48401960692346524
273,0.5599848990660857,0.5632814040524644,0.4951667328938871,0.51322655737453,0.5940785585782092,0.5162277297910738,0.5094356725539352,0.5244738545128369,0.7015399964470403,0.5010195270590873
274,0.532714440240168,0.5473585231227555,0.5105600672239974,0.5065544741570341,0.580592878558956,0.5271326985268415,0.5081854181379933,0.5243947437476941,0.6741834230227542,0.5327146126391242
275,0.5100207649737122,0.5358199542985863,0.5267617854969582,0.5025396058065849,0.5562669001451369,0.5466300909622261,0.5082482891120353,0.5238535299542948,0.6411889056504378,0.5901952461248196
276,0.5105688843161253,0.5367087984799633,0.5280636580632861,0.5015697910907857,0.5532678228648846,0.5498147465149331,0.5080012441713105,0.5234566573346641,0.6380904208742295,0.598692273244963
277,0.5073897330060495,0.5361599638320693,0.5336719517507589,0.5016374551047658,0.5375851918927943,0.5625694555764438,0.5084157914210202,0.5229555377093503,0.6246892980629649,0.6373911204234588
278,0.5095940931696854,0.5379475003449912,0.535133394401442,0.5020432958119864,0.5293711280443283,0.5696049841187338,0.50850621946657,0.522780821974091,0.6191050306623473,0.6577572079701565
279,0.5132086476600215,0.5402101866234083,0.5356474490549904,0.5029012613776098,0.521369237528486,0.5764250408932202,0.5086219525010103,0.5227119569506778,0.6144207890761376,0.6771939359548865
280,0.5179324978368656,0.5426776072930857,0.535279517224099,0.5043782525136528,0.5126739775213024,0.5836776349657851,0.5088796846055859,0.5226364411368492,0.6100680225957575,0.6978309948928921
281,0.5244982134622183,0.5444042253600668,0.5320623973985958,0.5093220159255109,0.49516760484088584,0.5968938564271447,0.5107004043150568,0.5212604356973896,0.6037021122325464,0.7382167197552401
282,0.5335451981881599,0.5448416266904252,0.5215707516545477,0.5155034405541253,0.48443009630603534,0.6048513674024726,0.5138594484721458,0.5181733409641646,0.5988701235402719,0.7557302859046812
283,0.5442850603341794,0.5479874526236256,0.5103731644961766,0.5188039424741615,0.4870461317691667,0.6039722561070546,0.5162682402078713,0.515417324413561,0.5962800462773351,0.7395250303109442
284,0.555454616832433,0.5539457387772923,0.5018992875492164,0.5200278779814128,0.4949008926579408,0.5998998233288177,0.5178136310656346,0.5133884097088979,0.5964004547299646,0.7145941652916683
285,0.5590579698690912,0.5555266212184202,0.5008262602492313,0.5195349316764784,0.49632862410308215,0.6000690717952814,0.5172414519180059,0.5138551292350308,0.5959483947679647,0.7100296501856742
286,0.5632252531597702,0.5576272699647397,0.4993091212612166,0.519067318781574,0.49860610503632263,0.5996629839964455,0.5168866808158833,0.5140838629587869,0.5957684806656731,0.7034305297770204
287,0.5796238783689891,0.571880866620852,0.491086939627953,0.5186817570901952,0.5165458083474345,0.5891981781861917,0.519415404245188,0.5106962959006119,0.6034195227372948,0.6634219929852897
288,0.5902233042752699,0.5821359183237972,0.48813503699425104,0.51736407755399,0.5285776696774023,0.5825527710269052,0.5203534158923543,0.5090322310694146,0.6111310080457116,0.6415856463704869
289,0.6421318829735535,0.6435790010969298,0.48580149149296337,0.508145353627832,0.5996542143717026,0.5352144906801534,0.5248144727082953,0.5023575550729059,0.6941225319170804,0.557721523852144
290,0.6396563246971548,0.6448023159655263,0.4907986726724882,0.5032827554996949,0.6115462042065675,0.5269058242737418,0.5236744156954354,0.5022345127482323,0.710610764775471,0.5519806244522594
291,0.6344033113479255,0.6418264695526629,0.49463756016311655,0.49988919958663514,0.6161964107577484,0.5241291078013673,0.5225859641053207,0.5021259384139906,0.7160115234058421,0.5524754971711346
292,0.6316458753979307,0.6402787719852848,0.4968857875696443,0.49776105592420294,0.61774361052767,0.5242072463676396,0.5219894371293771,0.501543398919411,0.7170973410046726,0.5556325260560349
293,0.6275768981907042,0.6377408099418522,0.49967599103816485,0.495294405787764,0.6198744656689562,0.5235926669045782,0.5211989049931205,0.5012451849854854,0.7188101344806315,0.5582345267749141
294,0.5941465090281995,0.6070361768238806,0.5102182759538543,0.49054986039558146,0.6145352636591034,0.524361267315878,0.5156213796612178,0.5065938912511643,0.7018654544669694,0.5594027419176819
295,0.5660736290057805,0.570742181279833,0.5188962498567918,0.496434244752432,0.5716080871436503,0.554505901454077,0.5066611357789291,0.5163296947449542,0.6425919450490543,0.5982536463153797
296,0.56888274932724,0.5650356456344775,0.5197275963542677,0.5027960333579735,0.5443216515365684,0.5752814221486342,0.5029936223575386,0.5206887241554996,0.622357250619512,0.6373239006910868
297,0.5733699683613318,0.5659300720798317,0.5190618612582149,0.5037659676576633,0.5393329180606238,0.5795176221839988,0.502266825517648,0.521986091987352,0.6194638328013375,0.6446992455903092
298,0.5774316234212121,0.5674107526101277,0.518419678099392,0.5036010162492427,0.5385106475413177,0.5806496954319442,0.5019783116701545,0.5228793322922096,0.6186289484298545,0.6452372941392207
299,0.583284453343581,0.5684043745366788,0.5171518488713494,0.5055243788759848,0.5310366734420717,0.5867038347955164,0.5011246970673561,0.524510056640867,0.6149108260165421,0.6563477359780172
300,0.5928905738455463,0.5685607548626885,0.5130783047751815,0.5121088887387113,0.5100924140106502,0.6024650666628536,0.4999401984269107,0.5267189833933047,0.6082445324788284,0.6907406980647218
301,0.5989643310280625,0.5671677710194621,0.5066092848665136,0.5179622780349034,0.4933414955446574,0.6144181180501882,0.5009090539537637,0.5267440070018701,0.6039541152713028,0.7175106978745345
302,0.5969750217675475,0.5744074877948703,0.49378574740929876,0.5185789585595135,0.502625398739144,0.6075641291354947,0.5120697014678655,0.5152178859937822,0.5950184016732094,0.6886970086466381
303,0.6121828286929858,0.6067443523821748,0.4946167995102798,0.508909326070468,0.5408655228098335,0.5856282363432456,0.5197447632139804,0.5064596606428348,0.6087593132991802,0.6356871590534314
304,0.6363938317389497,0.6594522756647829,0.5045868327004378,0.4919242179005198,0.6025679007754793,0.5489829568162875,0.5272260873331277,0.4970889813880691,0.6711651991807854,0.5978909971559357
305,0.634147958205506,0.6641849848330142,0.5105776358448332,0.48557714757087683,0.6188712355057377,0.538617598201995,0.5271557942336542,0.49646464248221894,0.6932633258730762,0.5961189616158645
306,0.6310975093581992,0.6627279209621603,0.5132640072207041,0.48362459703247457,0.6211830150891464,0.5380610230484164,0.5264648438949078,0.49662933528447456,0.6953366719731315,0.5986626946962683
307,0.6115244594829162,0.6438754372701702,0.5201690815402261,0.47863160076184535,0.6290168363890799,0.5293679637232115,0.522971540350823,0.5003157371475457,0.705343518385364,0.5957834043138708
308,0.5953443821141343,0.61832114791331,0.5225278369309674,0.4808067768091131,0.6174311385892204,0.534022994979781,0.517873100238746,0.5061814672019138,0.6860037872503387,0.5931730492684851
309,0.5917778822177209,0.6102378207963349,0.523542298182336,0.4820389908289661,0.611441207555647,0.5376835178441419,0.5157474849900221,0.5087471811199367,0.6769191143872284,0.5944239911406023
310,0.592809739234408,0.5888286112848538,0.5203551393382316,0.49344245323032054,0.5802854582299054,0.5574251997117096,0.5088717676044278,0.5172235182261267,0.6412587455612586,0.6028643172777881
311,0.5952064719296373,0.5882685076497656,0.5204396869216462,0.4939171465733107,0.5779471934765426,0.5592661461036721,0.5082990097561829,0.5186579055425579,0.6389840878175856,0.6043706165894233
312,0.6050134753617606,0.5833172354711206,0.5168138530314466,0.501733843112566,0.5588311826813924,0.5729362609590375,0.5052600183278219,0.5231733611890226,0.6248302367658916,0.6171339412769903
313,0.6097649629684642,0.5833640161897093,0.5159498113683747,0.50303144343237,0.5551364226315114,0.5757810644381114,0.5048066488530504,0.5249034889609763,0.6223782066142027,0.6195847290332086
314,0.6265583590466033,0.5857051949367637,0.5137712727256918,0.5046828544987921,0.5490652835832057,0.5806781976436377,0.5046807533959823,0.5308583306054169,0.6173123234629867,0.6209100884127992
315,0.6528789269343789,0.5823217035375552,0.49993034671069375,0.5210226597185245,0.514929155222677,0.6067119368367493,0.5052871353459123,0.536443392868209,0.6052304040987052,0.653198797874294
316,0.6536598926986229,0.5794583580283983,0.494647499985973,0.5259179308288675,0.5047901352556017,0.6139013881435663,0.5079290503696536,0.5356857520064072,0.6026157174544735,0.664711638322703
317,0.6429492483545848,0.5776158512009675,0.4902063798545057,0.5287120356462992,0.49889214994953585,0.6167924696957329,0.5137678449931345,0.5308250153062117,0.5973103104211798,0.6700890878125622
318,0.6378325574485406,0.5800221847889543,0.48966515849110503,0.5276221721207098,0.5009911910795856,0.6146817569616442,0.5172353671718793,0.5283138440017366,0.5929579059002781,0.6645877594653781
319,0.6313944713443077,0.5882551968140416,0.4912523317810964,0.5235925760406492,0.5089285326019161,0.6087494520915054,0.5223499072708861,0.5246785219434447,0.5862692567201592,0.6506323982375403
320,0.6245826932077083,0.6016542979536482,0.49472648168353206,0.51838516987289,0.5197696347304538,0.6019343093398708,0.5267643999101026,0.5199293744508392,0.582900870253697,0.6390097029397523
321,0.6250643603055176,0.6027041472898655,0.49570662960210776,0.5172357995670468,0.5215139767887906,0.60084531849682,0.5271345876774932,0.5205066719861126,0.581869099512978,0.6356878705129682
322,0.6176422203141414,0.6361890781472155,0.5047033184181646,0.5055516455253853,0.5472837201828133,0.5879254532513838,0.5334786951966988,0.5121523090570226,0.58622003112307,0.6220352605173759
323,0.6146935041627136,0.6819943490885249,0.5184712290306098,0.48815255667580487,0.588588699929447,0.5707165386264017,0.5387719231391576,0.504436579358235,0.6140595745892365,0.6196150918689659
324,0.6121280539007379,0.6838898854676502,0.5217169372578602,0.4859696997962207,0.5928250508150398,0.5695526175735033,0.5382585518686601,0.5049080960446977,0.617307029886973,0.621312397936959
325,0.6017558866312128,0.6937581514770771,0.5321642905952575,0.4737392139549226,0.6225417953415261,0.555712364183592,0.5373731501558601,0.5053990733934935,0.6531556863397644,0.631545238819659
326,0.5952715050659607,0.6862275252386785,0.5356660403339554,0.4719558026529251,0.6267609446618341,0.5529154028117976,0.5351363448614681,0.5080078198418179,0.6596822122768549,0.6343876410906966
327,0.5884376780650261,0.6663486927482504,0.5375556598495068,0.4728283036710127,0.6262978593847569,0.5490802626340963,0.5308541425349007,0.5133140531368015,0.6631203460391439,0.6320227637327366
328,0.5872485576559283,0.6513645448020358,0.5379735205373811,0.47568061629699565,0.6214092051574688,0.5485627713830358,0.5274909010287444,0.5177831402652867,0.6592133639799637,0.6277353048812367
329,0.5869846397067174,0.6452970833676094,0.5391621980050314,0.4770411698695648,0.6189142395797326,0.5490879357465398,0.5257682358736545,0.5203891931597209,0.6564167344115599,0.6268106193236966
330,0.5900792730072881,0.6348785424726774,0.5388193632315196,0.4806559406125221,0.6128254667189325,0.5499671163043576,0.5232606315268483,0.5242134989532331,0.6506536350695417,0.6220772119595098
331,0.5979652277837916,0.6235492286924497,0.5368814217494833,0.48632733838094167,0.6036819289677221,0.5519751936220931,0.5206617191700401,0.5285891769498811,0.6423422183501846,0.614686035459965
332,0.6177233136319875,0.6096714770835288,0.5307837820629483,0.49737721264813267,0.5869339485719391,0.557711243566441,0.5178983225685064,0.534283444413167,0.6286802073921018,0.6023276696849781
333,0.6868902006949658,0.5799707132620411,0.4970718223336382,0.5407940838725643,0.5254307556927413,0.5996676469481128,0.5228171028869668,0.5418478914084892,0.6084743874017542,0.6047455538071876
334,0.6895533483487447,0.5793354891410045,0.49644156326019223,0.5406178183091741,0.525687277443373,0.5993019186811152,0.5243124927929075,0.5431332767206318,0.6070022146337914,0.602037681474067
335,0.6896069978507018,0.5771107997053213,0.49478412112191544,0.5416853260097262,0.5235296226120567,0.6007202795555631,0.5269353260344531,0.5433714612051219,0.6052528333269851,0.6018937317814638
336,0.6594237462314161,0.5777395691302719,0.4951953451698484,0.540837040049003,0.5181999944388818,0.602390847808245,0.5350353963668938,0.5347587173742055,0.5957409980115955,0.608338852560264
337,0.6343920887500776,0.5944998851548108,0.5023062405597637,0.5323245983926292,0.5256533123134294,0.5965249322251985,0.539481262383125,0.5277621952272344,0.5843396211326202,0.6051861586237987
338,0.6015109641776386,0.6477338088519886,0.5208049013132363,0.5097054537609625,0.5565008083263967,0.5853683907884185,0.5429254010284363,0.5178920829708714,0.5775335757588871,0.60701839076333
339,0.5962374676736002,0.6564572589154998,0.5257051605454143,0.5049400052347902,0.5638000744409984,0.5837018427437448,0.5426046621814191,0.5178611354730386,0.578764661872236,0.6089856953766654
340,0.564764143314227,0.6913315410709018,0.5473893236432169,0.4761130963699696,0.6183661444336408,0.5701110775973115,0.5361714576508388,0.5219685959725396,0.6247883972537481,0.6424862072480091
341,0.5578270474466807,0.6816482207803704,0.5530302549885662,0.4760353342857122,0.620082514434613,0.5696445822133805,0.5319516031235988,0.5270370829982478,0.627334604408805,0.6469489813133269
342,0.5552004471826283,0.6754635674274745,0.5555553150390268,0.47654155929241193,0.6202149698360574,0.5690057191886642,0.5296172446636419,0.5298873897903805,0.6284652427982046,0.6483162756698935
343,0.5532936204193529,0.6698978420556404,0.5579040212057927,0.4773609339464233,0.6197586719403863,0.5686346193825111,0.5275353057118592,0.5325391521763447,0.6286603436318285,0.6491775411448697
344,0.5729447101961166,0.6382245661813841,0.5522393711441612,0.489430028714163,0.6064026316548666,0.5604213890303289,0.5219441679360443,0.5401924068628384,0.62746905878936,0.6279012039226688
345,0.5783021653210656,0.6313134322812693,0.5542433821178612,0.49306223778290653,0.602433513788845,0.5602640818316458,0.5202296014991272,0.5445290290357905,0.62398399643668,0.6241429358072901
346,0.6217658810294332,0.6097933620477236,0.5414486708976208,0.5129426167004875,0.5820156558504483,0.5592002844267601,0.5217462993647303,0.5485428523988316,0.6145726190793758,0.5918260345695132
347,0.6449686254737717,0.6012840138812003,0.5346348768735337,0.5232129317450637,0.5728959855453762,0.5612372201668776,0.5247774947354698,0.5504213567061557,0.6109272184826655,0.577558487043725
348,0.6532991227463065,0.5984272920266712,0.533006624773308,0.5262769138901323,0.5705812260440205,0.561716727062182,0.5264800326036619,0.5519977106760913,0.609698630484955,0.572656082413394
349,0.6564197736900343,0.5974959853730015,0.5333894832672462,0.5266697080509813,0.5705637553719395,0.561229952186307,0.5273695650505571,0.5536320365847429,0.6089306550022868,0.5706639530302317
350,0.6674437924823624,0.5933838082963052,0.530348934236758,0.5312456822200318,0.5674574710269311,0.5622891156826741,0.5303787910353608,0.5548770518176604,0.607846678697264,0.5639567411770448
351,0.6809562271346485,0.5873976003540411,0.5253406164325002,0.5379229301178885,0.5632570816826858,0.5646164467877266,0.5352862531906463,0.5554826307141321,0.6072554382988933,0.5556647006077111
352,0.6859076078345034,0.5851569812379553,0.5242035286037835,0.5394813775026129,0.5628462232319317,0.5645578802918678,0.537760442439497,0.556704047685149,0.6065653594797055,0.5518723283284586
353,0.6895525726264576,0.5835117769153582,0.5236916408744955,0.5401789740184881,0.5630875710808505,0.5640052474533384,0.5398592651755685,0.5580501859795595,0.6057513012937388,0.5486262275930917
354,0.6939374656847177,0.5664874828181355,0.5095440219998846,0.5579843495806216,0.5517258048421156,0.5755354486593219,0.5569915146013762,0.5502008956452672,0.6087465761599166,0.5414724412163139
355,0.6860528865103773,0.5640598789507216,0.5074460935637063,0.5601781501973137,0.5497942407499976,0.5769812319339346,0.5624104789787011,0.5472624269836539,0.606971343817919,0.540992636660257
356,0.6844151533545473,0.5636667333832139,0.5074250212054461,0.5594703008001808,0.5507529797083394,0.5757248923594829,0.564724847233352,0.547568455480947,0.6047513954257199,0.5383892596501493
357,0.6479535494297651,0.5763221908495189,0.5093911622433759,0.557683455147506,0.5455669076825247,0.5784848505052937,0.5695509434808878,0.5369774765165641,0.5941499967376345,0.5477551607502162
358,0.5852401778337468,0.635709608750381,0.5260623331571359,0.5375625874450198,0.5515953556916529,0.5838639121291659,0.562749814430614,0.5274335043148584,0.5671704045529108,0.5736940876455302
359,0.5818168124414737,0.6380350118176352,0.5284357231402911,0.5356155531957062,0.5531876338491332,0.5839130533537455,0.5618854274272156,0.5283305077011338,0.5652444261091351,0.5743532097010748
360,0.5506499051702751,0.6707551055725782,0.5420989803509,0.519042722543554,0.5676958938215938,0.5914532842871271,0.5525633896032309,0.5324860483318912,0.5571994200256429,0.5962933894962931
361,0.5362116224718382,0.6798171472466309,0.5495569640265107,0.5116689314580904,0.5758297728512319,0.5956456573733714,0.5467279318903584,0.5370139504501382,0.5567940342263732,0.6081698391626378
362,0.5123917212167743,0.6759566209937664,0.5647324662573464,0.4945430156637167,0.5999993629607423,0.5968712243462558,0.5260289110165453,0.5555731422876883,0.576857806188435,0.6395678585521697
363,0.5155696066015168,0.665784078692529,0.5674923515641409,0.4953739756330745,0.6004988170129731,0.5934137602203594,0.5210495157609171,0.5602836914410602,0.5812727068963583,0.6398020302420864
364,0.5251004357419717,0.6539278885697433,0.5688584399109955,0.4979559834849108,0.5991639509280694,0.5876372175412596,0.5169335128621959,0.564454834668788,0.5855532202957989,0.6355684479612793
365,0.549865395323231,0.6373438873970398,0.5669178704143114,0.5043481073842173,0.5948351911141042,0.5764538491324657,0.5147413897966243,0.5679950304149727,0.5907921851833254,0.6209137280499089
366,0.5509364477077404,0.6351435670269885,0.568943677204937,0.5054460139806518,0.5942024818220298,0.576332100492598,0.5137407673691181,0.5697871761836859,0.5897812173370621,0.6205415234440804
367,0.6107785844330953,0.6101785736641141,0.5575570853631556,0.5222622672101696,0.5854101486301208,0.5567871192432818,0.5219482786291342,0.5701086362110908,0.5962370197648532,0.5793374804049426
368,0.6896137908951473,0.5544233510395895,0.5194111193861273,0.5708782473173863,0.5742645707994176,0.5516071719532546,0.5743848420843278,0.5517216685097529,0.6116004969669536,0.5028659665946305
369,0.6449434261207369,0.5628247992909473,0.5180477290108599,0.5732483268646803,0.5639400934756635,0.5616974913274646,0.5836602807756058,0.536382464657365,0.6026005274974316,0.5172949358553648
370,0.6394055317255962,0.5662875172439755,0.5195575640732715,0.5706978424340213,0.5644940227889181,0.5612171524397164,0.5841251353069957,0.5363360092619657,0.5985293750478711,0.5178479898364332
371,0.6386570986983138,0.5668867369593008,0.5204742823583228,0.5688881824542837,0.5660808186220031,0.5597570858052964,0.5849762555097939,0.5373138726814688,0.5961441805595376,0.5160252635661593
372,0.6326263513570359,0.571088721973886,0.5222954447127103,0.5660481893435563,0.5664094071219209,0.5597454134812425,0.5849518818097406,0.5373270473467324,0.5917145872685865,0.5172859630994897
373,0.6244676008371003,0.5771608830089886,0.5246753177946476,0.5626159247664098,0.5662236746682108,0.5606200567464584,0.584176132058586,0.5371391637303732,0.5863307906262633,0.5201228087938382
374,0.6121691539534515,0.5869527338096014,0.5281342134481871,0.5579720886676262,0.5652035385552387,0.563257034292304,0.5819162314185176,0.5367041340239149,0.5790666964809839,0.5259695120922177
375,0.5821041995594725,0.6129445713933718,0.5362466193730995,0.5476678723873928,0.5619846779618665,0.5735681005253479,0.573247258678541,0.536309628424925,0.5636775577405696,0.5444075821053709
376,0.5514351125763124,0.6386227345488225,0.5455405600099449,0.5366590181077506,0.561422679308226,0.5866971097507071,0.5620566252756714,0.5392189668949513,0.549375552203029,0.564971444750272
377,0.5448820158066031,0.6416821465549998,0.5486606030034955,0.5343657897741638,0.561947559932631,0.589464205777339,0.5593354136626727,0.5407755597666329,0.5462932134322825,0.5687388536883434
378,0.4924152303238603,0.673386559586173,0.5647536664057969,0.5170998905488917,0.5686516664730152,0.6156926681238976,0.5350291515609695,0.5545547691237989,0.5325001135372347,0.6077315806808213
379,0.4840090063795678,0.673267534987411,0.5689782943007494,0.5156839408490811,0.5698674738069126,0.6196753150231502,0.5298237175577682,0.5582124751608147,0.531506351111438,0.6134850792799744
380,0.47630709113244013,0.6722525966358891,0.5731263123699308,0.5146725043063991,0.5709549257862969,0.6232318505246928,0.524550569450068,0.5619508752707908,0.5309468240717823,0.6187812490939861
381,0.4498657981795273,0.6524005873970828,0.5968074200700784,0.5181846880879776,0.5711987178112531,0.6349060802579544,0.4986214146701056,0.5807111745196142,0.5289673493487473,0.6354158777509976
382,0.44757605001717793,0.6490021116245872,0.6000116085675009,0.5190681035067615,0.5710639813276,0.6355517613945134,0.4949337071383455,0.583252596647495,0.5292146659178847,0.6368432212979321
383,0.495069765050855,0.6252866286808305,0.5897056165661322,0.5324539379091274,0.5798938470135745,0.5975426034639681,0.4900597644071566,0.5872995717931904,0.5617945197881381,0.6061816720027152
384,0.5194601689187558,0.6149417248805119,0.5844821838465167,0.5398035906509248,0.5829023609248146,0.5819347201442334,0.49543070430168484,0.5856669498737966,0.5707317910715324,0.5872615789192882
385,0.5852686790051693,0.5876515143226633,0.5647406214784382,0.5605412218482088,0.5941927222061935,0.5424510319059246,0.5226278508183804,0.5752168110038621,0.5923231333038184,0.5298851417081448
386,0.5900602286824761,0.5842963652379958,0.5645527631559161,0.5613362931388933,0.5964209939385757,0.5393327089043135,0.5252725440485897,0.5754981849092928,0.5928379268819503,0.5252123867551608
387,0.6483915690406883,0.5428953345436286,0.5405278066757556,0.5877662024392986,0.6156280123699246,0.5053341119601927,0.5748819704402695,0.556491309888056,0.6130280102138582,0.459075870197707
388,0.6542460155874507,0.5223171914552195,0.53087640960527,0.5985179218956167,0.6221395158728098,0.5009872388074419,0.6038547019356473,0.5420629366794782,0.6182666736583051,0.4412006324282119
389,0.6147776857301176,0.5380383360527861,0.5346626871998779,0.5918827908856265,0.6056991562192574,0.5260800399680524,0.6064507545160313,0.5313212676395934,0.6029152612136758,0.4732958400030443
390,0.5354837366770436,0.5959662553108683,0.5581651080824012,0.5643415028945424,0.5726799358394778,0.5838009480017607,0.5681100167083765,0.543042466071658,0.5569005772208458,0.5461326074940235
391,0.5159986334338833,0.6065755996838,0.5659376972312679,0.5573845188567506,0.5674899118719665,0.5980342538723654,0.5565382821495497,0.5492659327634132,0.5453390489323156,0.5619023895847037
392,0.49649384311309774,0.615434418264405,0.5741005642006184,0.5511189959550106,0.5628197179028698,0.6123070717034695,0.5441549361869964,0.5562302515795526,0.5345625117071202,0.5770436960526821
393,0.47762751918583257,0.6222114747530653,0.5823872654064631,0.5457601460024949,0.5588082810679099,0.6259111159491664,0.5312774114180133,0.5636657182255644,0.5250691673202321,0.5910673641079802
394,0.4304662731574088,0.6330096254658045,0.6044030070158729,0.5347774563310091,0.5527700445640691,0.6563974114513547,0.4900254324050372,0.5882858171040445,0.5088184926158656,0.6246698447312704
395,0.4254391934406009,0.6295284815447973,0.6097611198140132,0.5341463848337369,0.5559206368849141,0.6551411103400254,0.4729436450907035,0.5980247497352424,0.5142287390833326,0.6282730776363294
396,0.4274266000823744,0.6252952407977064,0.6118022143210985,0.5356259988343223,0.5572641078591871,0.6521212406027135,0.4683346135692432,0.6004997293629969,0.5173335860642688,0.6265879495415522
397,0.487447965133083,0.6032675775971869,0.5942879829974035,0.5493919020215964,0.580103576295613,0.5975587267048352,0.47745389619136047,0.5963515428309608,0.5558820056263925,0.5799788784457607
398,0.5415741963201446,0.5803385260690701,0.5763704413442123,0.5642022214386354,0.6008507204725342,0.5519976236992533,0.504623726600745,0.585212419099428,0.580852260626972,0.5304079866232233
399,0.5806233292955174,0.5583336482511315,0.5622201276818732,0.5767429015329079,0.6191209068853702,0.5181511125814172,0.5337345057145512,0.5740810438104886,0.5968485607872688,0.4889093516122605
400,0.5934991415079167,0.5487002483537711,0.557790456723807,0.5803448182527553,0.6274366725616785,0.5059269189484066,0.5462115676548456,0.5701439091977596,0.6013147855339261,0.4736019760153083
401,0.6086270063372352,0.5357893535627722,0.551657994631268,0.5855322861052528,0.6379851104565009,0.49074446293219887,0.5640239436261975,0.5639584105872272,0.6069105956556454,0.454041767509901
402,0.6178524531449686,0.5260858594595944,0.5475629311073933,0.588464339122685,0.6461959410455291,0.48032566713504954,0.5779586340354723,0.5593361180096418,0.6100069267630943,0.4407180997427584
403,0.6230454491160015,0.519406431445845,0.5450869503517974,0.5894575971933037,0.65244118025336,0.4734072704401549,0.5880744599022253,0.5563302550071328,0.6112738017248622,0.4322836737423904
404,0.6279526317915793,0.5038697347284746,0.5365499433078639,0.5943517929972165,0.663338912184659,0.46474925756251934,0.6196500021537633,0.5413441432558898,0.6127336438552672,0.4176059526992852
405,0.6215584635694114,0.5052348792661647,0.5353443618913266,0.5927461877336769,0.6619917775940115,0.4711847639236406,0.6258761376468239,0.5366639305288063,0.6089133851104442,0.42310481421909535
406,0.6185744933757742,0.5067358514025362,0.5354966774628752,0.5897746214434565,0.6625833223140022,0.47347491755337845,0.6273950032069315,0.5364474744821317,0.6058550489134683,0.4258833704086803
407,0.6150741641380993,0.5088453743974986,0.5357950059817328,0.5866508131351353,0.6626054669719909,0.47665421623165277,0.6282765676119151,0.5363890400003889,0.6024563719471107,0.42945057812112897
408,0.5491898326113293,0.5576051674543775,0.5458463031053625,0.5733687959745928,0.6122584631720911,0.5596186134202505,0.5953238484753517,0.5377112554265931,0.5659412005463206,0.5028566155344365
409,0.5469685812021239,0.557999607741667,0.5468395500257093,0.5714205290630032,0.612406899113478,0.561813758412925,0.5941886945975572,0.5386018431164522,0.563687895776809,0.5046289363986576
410,0.529873210457355,0.5681301771365767,0.5514256273214921,0.5670506231344938,0.6009254928609224,0.5815006000623583,0.5824642115015307,0.542952573294338,0.5530427564377643,0.5207647617057918
411,0.5208018154333246,0.5722288129870643,0.5543622253457557,0.5644820614227374,0.5955636538853112,0.5916779463850403,0.5760377847071587,0.5455772662952585,0.5471999520947786,0.5286880596620621
412,0.4152170350455341,0.6174000280753585,0.5915902140724876,0.5487043645775042,0.5372556233811444,0.6847152005057612,0.45151482438830187,0.6069345942354031,0.5006839208720149,0.6001953568095426
413,0.4603714905788787,0.6007602411098015,0.5841823346776863,0.5507288344449254,0.5721946988304316,0.6365427577825181,0.4531428518349487,0.6052318143953874,0.528842821977557,0.5656933874295592
414,0.5151023840242801,0.5769539300381173,0.5719871400924323,0.5552509710953425,0.6117981221392078,0.5756603180451895,0.479741040445853,0.5953496151280774,0.5568871892744381,0.5198767281304302
415,0.5487219623664755,0.5577258041498752,0.5640152901275692,0.5589449173955306,0.6374877016344822,0.5343586086276604,0.5059049338424593,0.5872085781686636,0.5721695109051471,0.48799104097109997
416,0.5952146457748247,0.5228531031448437,0.5503594057000313,0.5676804927835837,0.6752721960937488,0.4691733245627598,0.5616071571684268,0.5703805060092544,0.5925797640735285,0.43648163206892227
417,0.6093178030399087,0.5077516872186217,0.5452121442414599,0.5704817402703408,0.6897061879797635,0.4460015879332092,0.5889671056787448,0.5619971806563806,0.5975378629284096,0.41827916624645756
418,0.610020588951332,0.5063331401611295,0.5453651891122653,0.5679587024854393,0.6930591600890452,0.4433700599733993,0.5913790141866317,0.5625852637906652,0.5961920940203504,0.41729921836864314
419,0.6153299886985071,0.498498754045237,0.5423812856712594,0.568434881902451,0.7008165095248609,0.43292636725353384,0.6095366888974219,0.5566632478858952,0.5970298086139806,0.4097154049530582
420,0.615418865675952,0.49480170988533156,0.5391683412916821,0.5687946865289403,0.7041099026003861,0.4320931467785132,0.626892262416755,0.5486712672402806,0.595446485185523,0.4088463191744031
421,0.5756773248517137,0.5251511730141256,0.5367120918932312,0.5675547531150715,0.6676017525136179,0.5062026947067565,0.621931602333443,0.533754444865576,0.5745465330968688,0.4581654270053102
422,0.5491980721849968,0.5444143279020135,0.5393168504945667,0.5637958503207179,0.6428996823704843,0.5493436167248459,0.6040132582903699,0.5358950344171604,0.5596967953365929,0.4870468179445858
423,0.4507953801969572,0.5966935453202302,0.5592896243760472,0.5581731144438967,0.5478769420703724,0.6772911924892637,0.5201776841073396,0.5671633894231525,0.508347799968078,0.5693217813817093
424,0.44644764640906764,0.596106984328317,0.5616673190007275,0.5579474296305252,0.5445816430810835,0.6825122040678668,0.5148263252520155,0.5686476279491932,0.5064167558771253,0.5719618223755095
425,0.4261421782195039,0.6011149880967213,0.5693778059050636,0.5573278618324936,0.526599876835694,0.7037849191332987,0.49072060033741116,0.5792427534812021,0.4967490069721155,0.58410679838428
426,0.4084704015701414,0.6042452357139722,0.5829465187698247,0.5544015216831745,0.5190604469069316,0.7148696878523614,0.432726440506475,0.6049340852423636,0.4918853134477343,0.5872620794926888
427,0.4144070226721492,0.6000110096287842,0.5847534178531056,0.5540742141236988,0.5264814750678454,0.7081073133324912,0.42601685607567125,0.6061793899516271,0.49572460893735015,0.5819820545547348
428,0.4188494134387027,0.5962252368565923,0.5863496703566996,0.554000160856187,0.5316547312951116,0.7034550710058134,0.4219186322940842,0.6064221622288054,0.4983035412480463,0.5782768532135404
429,0.42012396585385997,0.593411744757454,0.5882539466984582,0.554283628585738,0.5327849370356766,0.702949094841977,0.41890437102028005,0.6063214288527621,0.49886252105910706,0.5772816240772793
430,0.42404946889334866,0.5897520782014674,0.589731159261884,0.5542053556935407,0.5373375870262203,0.6988602769617412,0.4159347418915384,0.6061581444815147,0.5009398733828395,0.574103233091338
431,0.43123123629498933,0.5849863998613045,0.5904846034480893,0.5537052742036597,0.5461367794274528,0.6901826241988099,0.41395540723858565,0.6056332812701414,0.5047925597473526,0.5682603088780015
432,0.4424915689390315,0.5786596860141706,0.590047399572115,0.5527707303509223,0.560269762790567,0.6753416104162092,0.41457367729328914,0.6042912753412737,0.5108098466130758,0.5590243319825473
433,0.5277603624881384,0.5316868971558226,0.5678869214430241,0.5489912394776545,0.6671005947022163,0.5328590525067588,0.4828175803451807,0.5834565275697388,0.5553144204016387,0.4810624283753091
434,0.573418174726314,0.4960516748922431,0.5493217475814567,0.5560761647017153,0.7218395451708675,0.4282063003031394,0.5628337141105382,0.5584215103256256,0.5788165194705502,0.42894546614699386
435,0.5749355807497252,0.49402808699122774,0.5486260702497573,0.5536984694297363,0.7263203882387473,0.4230729069851006,0.567435889848953,0.5576345376201439,0.5781362662253681,0.42759000946990244
436,0.5853302032552288,0.4846847626561833,0.5395825096718864,0.5577639379283266,0.7399597227479048,0.3963530579967341,0.6046750566156569,0.5412799766444489,0.5820443010637488,0.4150941806936311
437,0.5855606871450723,0.484691719432956,0.5365377716211605,0.5566486288488922,0.7428013957234882,0.3958774088030508,0.6144089340809858,0.5362336831184171,0.5806704366748587,0.41568770671045424
438,0.5851935116845491,0.4849436238785803,0.5360627733031454,0.5532158587870072,0.7454879070181033,0.39535231864788223,0.6157439507727489,0.5367668309381504,0.5789839431789789,0.4167561417581326
439,0.5746922886440401,0.49586479775669867,0.5286955496970007,0.5482722525914622,0.7402205014441363,0.42743157988732533,0.6258697383982323,0.5263597110971255,0.5699878840132218,0.4329609662440753
440,0.5533039614275072,0.5141370393646104,0.5251932818905044,0.5491532929307985,0.7131181590019294,0.4910370082035377,0.6151989200999843,0.5211755772467869,0.5594894474800525,0.460020870015991
441,0.5488395211843445,0.5172016484954874,0.524631451426226,0.5468984912854012,0.709483457696775,0.5023492291785385,0.6123062777318503,0.5216233497262603,0.5565715805526597,0.46534871784306814
442,0.5301777200978142,0.5296130603116898,0.5244242492212948,0.5466895283889222,0.6841111607067614,0.5504552841248158,0.5968816395602569,0.5231349907892529,0.5479941178836288,0.48587226483952356
443,0.5281208423163385,0.5303170372074371,0.524249351125446,0.5446681076875339,0.6834441269708768,0.5549229348948553,0.5953733260417656,0.5235881478533857,0.5464253793200023,0.48804307634297256
444,0.4997316228303174,0.5455699757674078,0.5267255871876216,0.546139899448196,0.6396765651846408,0.6204045174815117,0.567354013316451,0.5299559694147377,0.5345714261048092,0.5156696413861871
445,0.49392490455525245,0.5474659979253417,0.5275639463101975,0.5453405155124212,0.6317516519907933,0.6327824825646607,0.5610363287640877,0.5313380598336284,0.5319972883607118,0.5208554174834602
446,0.46509100640218465,0.558972362254767,0.5331836471173181,0.5477008294901003,0.5820112486996146,0.6898607381139799,0.5264593295767975,0.5421936847662235,0.5205438978227871,0.5448936407240297
447,0.41775252561476856,0.5735400243649542,0.5495995096276981,0.5523197893771837,0.4918330657494188,0.7672225591908428,0.4430045737715299,0.5735690194672514,0.500278547803643,0.5754251713374955
448,0.4146272240109509,0.5724654000510675,0.5537027821941916,0.55222485234789,0.48490169895058755,0.7731281096195693,0.42554806205414575,0.5779470285494183,0.49893573817759845,0.575861653471839
449,0.41784150855453434,0.5688488306268876,0.5593367733086981,0.5495386886762416,0.4922401627990438,0.7687637675737037,0.39483571027850517,0.586625769726361,0.49868885573187927,0.5683137957627064
450,0.4216502084664741,0.565457497631589,0.561274925012022,0.5484272665200727,0.49938122838930876,0.7645401207529893,0.3871431624871435,0.586769125952911,0.5000994402275044,0.5644371081140087
451,0.4816676188943799,0.5349361045982696,0.55313946109445,0.5328002094229032,0.6331243755704892,0.639556536733889,0.4047212935980462,0.5809537949772507,0.5227002372099337,0.5066830817453901
452,0.5412179409854552,0.49650442473018636,0.5374690350898284,0.5250038239661622,0.7450393100226707,0.4586065723111791,0.4978258100822702,0.5579473341988342,0.5486396277866151,0.45026703543231245
453,0.5483106275856114,0.49126803994224266,0.5350972390488099,0.5224639783234298,0.7581704499686736,0.4321809672330735,0.5153362096817772,0.5534498200101047,0.5504293555515628,0.44462107412716184
454,0.5610951661825653,0.4838172385252551,0.5294255608277825,0.5210859296793663,0.7783172328618312,0.3835573927299852,0.5550050047986178,0.5420361147451827,0.5543837752180415,0.43464824659176177
455,0.5622226013348676,0.4832634789057863,0.5282615139170517,0.5180847284493956,0.7825077554274136,0.3777689261542988,0.5612596193794972,0.5406573415424039,0.5533591114436749,0.4350924266558218
456,0.5662290342007665,0.4849290324055961,0.5223906147351529,0.5182835034725911,0.7886638815296577,0.36601624369318636,0.5926496068582611,0.5283323934451829,0.5532046763908625,0.4358819794897322
457,0.5654571314972185,0.4862706000537939,0.5210579560423433,0.5153317502842083,0.7903328412336791,0.36817432566181957,0.5961593893432132,0.5274443717958816,0.5514701702801696,0.4383574553917508
458,0.5645760653093707,0.487426122729739,0.5199734221595165,0.5122179309146504,0.7919655587670701,0.3703010694717426,0.5982537507834161,0.5272725811784656,0.5497180472352795,0.44069750702779337
459,0.4969240820358561,0.5361834350893001,0.5119235665205837,0.5317357550554953,0.661931890033678,0.6259189612427237,0.5578053676205588,0.5159834720025241,0.530920826840326,0.5158605457873536
460,0.489929665167185,0.5372043747527374,0.5121006897127273,0.5285567962068538,0.651473031894557,0.645377832999978,0.5483691171665561,0.5162981530140028,0.5288894226465629,0.5222921767942956
461,0.4837791266383524,0.5389120386975251,0.5128422393247664,0.5285516518431084,0.637813157859384,0.6631479871047906,0.5397155810621959,0.5177839242667968,0.5276162947244565,0.5277452561794931
462,0.46944915622614586,0.5431497252252466,0.5154295948558665,0.530700631517865,0.6008820934572179,0.7032409141768166,0.5175722843833462,0.5230881698173778,0.5250528567518722,0.5398707748136875
463,0.4667923937880989,0.5430833285905433,0.5162447390539568,0.5303726481320491,0.5940536183403414,0.7110658251270795,0.5120628048852341,0.5233596197580639,0.5248311874121376,0.5421017032317446
464,0.4371661605807367,0.5495766822102408,0.5257334260266957,0.536009110910779,0.4997962969104651,0.7872072214662549,0.4442350553776775,0.5433919795390425,0.5190148514778865,0.5633238691064948
465,0.43549704757717167,0.5484552542288578,0.5278300466428487,0.5360501303027947,0.49124386533355446,0.7938986044829878,0.4331164790269154,0.5444661885338238,0.519229997428967,0.5641580846743672
466,0.43368885924344386,0.5470904292980733,0.5304646809143562,0.5359795481287974,0.48091897388275273,0.8016278088539044,0.417942675814494,0.5466807862058798,0.5191630392311395,0.5646421303492358
467,0.43455444187052766,0.5436824634204874,0.5336517310276072,0.5354703049713446,0.4763634716828633,0.8063776137274966,0.40469579808774625,0.5452216188338495,0.5207735296101095,0.5637372065775892
468,0.43587873715735875,0.5397204782019246,0.5374067792976769,0.5331629949505992,0.4731378440170357,0.8103820397188979,0.3741285011372162,0.5516083753158146,0.5189016575576816,0.5588015023971887
469,0.4543494934839904,0.5269778859168213,0.5368743771937551,0.5237497405521986,0.5364221067944812,0.7698488792028313,0.34741778836697046,0.5566842719493739,0.5153963066581957,0.5349920870118395
470,0.45811328852203176,0.5237062387000357,0.5373253143792824,0.5221084429820652,0.546967412812039,0.7627819535393132,0.34487338781323323,0.5547377543862646,0.5157721732471134,0.5317436090429224
471,0.4619054834462039,0.5204023770231541,0.5376778908764849,0.5203840330996576,0.5580013038741121,0.7549423925411464,0.3429760327237707,0.552679875438212,0.5160308363046423,0.5285272186664195
472,0.5295045660191855,0.485270451000188,0.5140446573707489,0.5027991663858931,0.7826776359795504,0.43113127462185175,0.4588865962971407,0.5232929244986972,0.5213049048565837,0.4682536731858978
473,0.5370545572771335,0.48434153477251757,0.5096956375120796,0.5000958951406467,0.8016762857455652,0.38384198800675806,0.48670892777577157,0.5148539955169509,0.5220296548000335,0.46549840254800684
474,0.5441124337014984,0.49385597143549104,0.49917159456698884,0.49829119356892565,0.8213471901628311,0.34283897890319537,0.5465206547937919,0.49359948366419293,0.5221896497211063,0.4694680741573626
475,0.5409984952902169,0.4998165752037626,0.496175071018007,0.497518199696433,0.8187796650709014,0.36306069548377784,0.5576038919327867,0.48860127259028224,0.5213671927317051,0.475451050108116
476,0.5303297436522121,0.5103563603686548,0.4930890453027048,0.500189503620457,0.7985148744198205,0.43102011506819266,0.5642923775546679,0.48296549633075136,0.5213438937303106,0.4884469346576884
477,0.49322693558644504,0.526418040799924,0.4953486785119705,0.5118616751286946,0.68806905805539,0.6299060598135918,0.5295602525433979,0.4882009142564655,0.5275759621855662,0.5244148492255011
478,0.4789615763797929,0.5288657527509153,0.498655425660973,0.5149450212947266,0.6314248690673357,0.6954341878457715,0.503814511453308,0.4947017272455603,0.5313554214652865,0.5376218254866576
479,0.4694489983316702,0.5292291151216607,0.5020654261633419,0.5167848669929602,0.5856160561722431,0.7389143183057257,0.4802981132136835,0.5003786370180081,0.5346747852092747,0.5463258115537972
480,0.45897059144729846,0.5253574547555375,0.5103392071632766,0.518189143535671,0.5098614844708833,0.7990221000053137,0.4294653334315872,0.5086974200709546,0.5414176224586299,0.5558067939774003
481,0.4588519158032055,0.5152718599350509,0.517630439075357,0.5133737512145355,0.47044036888262275,0.8324985400375748,0.35806006589576717,0.526178218678815,0.5383241867756821,0.5500004219731403
482,0.46529313449330223,0.509027646802888,0.5184242802433947,0.5089891083264255,0.493802782435011,0.8216075377280168,0.34122204999058947,0.5274659619171711,0.5344067891660599,0.541371180196423
483,0.46968795513720907,0.5051345246166857,0.5188144555911323,0.5063956200910719,0.5104519930244612,0.8124174096549942,0.3347577747999122,0.5260167574958584,0.5326293708811725,0.5365505375553822
484,0.5085863729969144,0.48436466676720363,0.5043347315212324,0.48668499497124984,0.7308429565381266,0.5685708667698596,0.37803109656402833,0.5144612411636066,0.5072957331027277,0.496859627189079
485,0.5125365594982283,0.4834334852122016,0.502278034612558,0.4834858224560054,0.7500178647133243,0.5345778049962074,0.3887532230739398,0.5103859421303741,0.505423167761307,0.495774037961001
486,0.514917833942762,0.4831059247335085,0.5007720087207279,0.4805760385728927,0.7621807348440074,0.5121620765892072,0.3961008757975511,0.5072892618268813,0.5039701317682437,0.49594373176879153
487,0.5190375597895821,0.4837165132332008,0.4979263119130596,0.4774226604440125,0.7831346027643072,0.468462262934122,0.4121821315342065,0.5020289497406681,0.5015665944602024,0.49577508446182966
488,0.5275759231061823,0.4906624820035365,0.4903084945782005,0.4755993076100325,0.8237068126613094,0.36820782826372606,0.45997789145093176,0.4872631128289379,0.4973079858525334,0.49629035822480666
489,0.5290298760111957,0.5057167561157034,0.48140398519035227,0.4789109668193879,0.8415031644860841,0.3384918420239459,0.5090962836618341,0.46887417534547415,0.49620674784832375,0.5020514703290858
490,0.5253229589925333,0.5120852889626742,0.4779559442480339,0.4793729165484666,0.8384733483645805,0.3644648508626046,0.5206314243855079,0.4637084217418493,0.4972122263107627,0.5069516033345858
491,0.5118666119120763,0.5217127467189517,0.4743446110287821,0.4863265792154478,0.7978516774862402,0.4791053634335313,0.5267598264034415,0.45805422746492264,0.5065229838164136,0.5188793895129753
492,0.5006449946893614,0.5238406684687978,0.47427313844720753,0.4902793802197986,0.7469089054660041,0.5713386707541181,0.5159742972281339,0.4598933650211559,0.5169775806189768,0.5287518334556
493,0.47703350410118533,0.5154386718827806,0.4837338335443256,0.5000719095518802,0.5452619266848739,0.7825347976531005,0.44273388611583514,0.4815674952900258,0.552299885340541,0.5519452136648019
494,0.4759606040626336,0.5037223747806892,0.49188061326727517,0.4978249614556144,0.46480480118866074,0.8440603695090741,0.3833068463118407,0.4968968359184199,0.561904752610779,0.5519995696895298
495,0.47836159590858046,0.5002498326824378,0.4937885899984457,0.49615572511082556,0.46119629873778906,0.849031872174637,0.37122888103363383,0.49708505836550804,0.5625700809952581,0.5494769190042076
496,0.4844026310545496,0.49184910917150904,0.4970296419675455,0.4904330227824055,0.47532917369211636,0.8484173290083803,0.3442829076666818,0.50115754631724,0.5570881907449684,0.540793778348293
497,0.4875909361662438,0.48874900938236754,0.49809894782838676,0.48823766069206653,0.4862943957193788,0.844005744187492,0.3374629805291699,0.4995890824998955,0.5552328737255178,0.5374069925791175
498,0.5045354959542268,0.4771789273500758,0.49563271061658387,0.4716247364274387,0.6432132172054411,0.7117476571627405,0.33364003553417526,0.4986970071383028,0.5197306314725867,0.5164826224044161
499,0.5198178953430392,0.4880012853087191,0.4836538849188226,0.4629933820935341,0.7997187088910005,0.4413234722387207,0.4047784903801735,0.47908211553306673,0.48708605546409683,0.5144413188958086
500,0.521800913176972,0.4965725172118328,0.47863299033386086,0.4616557946657465,0.8274154638347242,0.3769431213001132,0.43234606195820496,0.4699724737710058,0.4810753130204549,0.5183534175696031
501,0.5213947796372248,0.4993933061469068,0.4766079266407428,0.45938161658759985,0.8342025535355291,0.36505592533930037,0.4391417669609753,0.4674326496907518,0.4793917847281209,0.5208935787054944
502,0.5206394360946713,0.5004285741009189,0.47538808073244565,0.45670372493828154,0.83682585953746,0.36329926211559077,0.4405276708463467,0.46674422297647705,0.47852496290726976,0.522948554210365
503,0.5198530202740936,0.5040537114301238,0.4730921251328525,0.4549206189204736,0.8438969078261586,0.35217481909019355,0.44863171040522787,0.4637984432309237,0.4766641081823817,0.525728480375353
504,0.5157818454861083,0.5199799303494629,0.46535416542304864,0.45993584562798995,0.8563896753069578,0.35171214377117277,0.4847991394611623,0.44958011415289595,0.47547043062680894,0.5317683439843757
505,0.505621697583407,0.5283498996973262,0.4591592244376253,0.46888550951915275,0.817452674953264,0.46798136056901024,0.4997257407558408,0.4409329965850112,0.49084677821109896,0.5380176018000695
506,0.49954057233048393,0.5272696560890348,0.45749472090804366,0.47246192467290066,0.7699055326379466,0.5534528514478634,0.49452174616307537,0.4411778659035025,0.5060821831174943,0.5424668754472739
507,0.492327151230899,0.5162131341574183,0.4590191222482638,0.478592837187818,0.6390794010360554,0.7071572618671902,0.46471428264734843,0.44943349153107265,0.542645681866046,0.5500545601529693
508,0.4921178492091824,0.5100062326107736,0.46069442222073864,0.47886645043547327,0.587276382659556,0.7527896436855248,0.4479883743224997,0.4532813524907273,0.5561487344683148,0.5517265066242849
509,0.4931988792069393,0.5048831658576973,0.4622784263429923,0.4783459921051877,0.5521042784364757,0.7811116019893847,0.4345327642778356,0.45566123631976174,0.5652858720264262,0.5519612577764357
510,0.5021820135735194,0.47962828868337387,0.4706049766065494,0.47167733644168963,0.4571417137826721,0.8653755290960649,0.36650956958582187,0.4737138941515241,0.5826154744176941,0.5428804602032262
511,0.5053837700841789,0.47599609068557636,0.4720403268371346,0.4695351562351414,0.461151860284051,0.8671543182013005,0.35730233208365014,0.4729852334016966,0.5816600437441946,0.5395203681093425
512,0.5083040727551537,0.4730486778635001,0.4732292228112268,0.4675807685155781,0.46787632807589025,0.8665269684517127,0.35022984726742795,0.4716155000049761,0.5801691777243589,0.5365593028176758
513,0.5186704900133072,0.4686710158252602,0.4745727829192271,0.44951411710059735,0.6555207830068709,0.7056619802597051,0.33494745524820957,0.473562708607645,0.5215035740718933,0.5246804966980734
514,0.519765245714731,0.4750337350237082,0.4726744790505989,0.44562175962344547,0.7136784548096676,0.6193135627074183,0.34739833841621176,0.46837181883369805,0.5034365107916373,0.5283714422281248
515,0.5186707615376667,0.4938204166835625,0.4675289848197874,0.4431653742722751,0.7963601177661613,0.46058937881441187,0.3824824767633517,0.4574188719559801,0.4755925394736132,0.5392967966007277
516,0.5155781647971436,0.5111529066796109,0.4621695921044449,0.4440070337006004,0.8389969704160469,0.3729060937218922,0.4136922297240245,0.44695064552032854,0.4608388469452821,0.5480066901945503
517,0.5048341494637459,0.5368269083035476,0.45108633392800257,0.4564199569954124,0.8518526133960529,0.40706882819605733,0.46702828102919475,0.42617564214055464,0.4649233934570659,0.554353701746205
518,0.49920139730021973,0.5289755954758811,0.44796024270318185,0.46510704278768505,0.7476718412374316,0.5897129455471178,0.46614547845434295,0.4247823183288472,0.5095889426097745,0.5545421542628142
519,0.5008420010841427,0.5126778311997987,0.44958603792665836,0.4673287268810531,0.6309909710676115,0.712761214473304,0.44510185462017365,0.43119150084488506,0.5498619124266698,0.5541219085602727
520,0.5019034600821344,0.5109838940151548,0.44983737492297926,0.4664092085233145,0.6215735794244582,0.7204897806088018,0.442230807229679,0.43076530590562323,0.5534148805054561,0.5539282208579008
521,0.5031006090117088,0.5092087422444126,0.45014085936136855,0.46551471760809204,0.6122070835955163,0.7279397075121462,0.43941580702699035,0.43029744603370523,0.5569682718560012,0.5536217526782009
522,0.5082726418709022,0.49561339956111206,0.45266703785810886,0.46416577519130525,0.5403868156018421,0.787751739623181,0.4198583884763526,0.4354040028675343,0.5793945046091844,0.5504921224454722
523,0.5134321395273955,0.48530003079970885,0.4549122825426691,0.4620823412576138,0.4982439292640229,0.8229007476234508,0.4037815669059455,0.43864184757717817,0.5918991537128026,0.5465794007598715
524,0.5242802667063744,0.46449864227825194,0.45968453657633723,0.4549556708929884,0.4607256717761608,0.872162478262853,0.3654059704935099,0.44787983213002275,0.5986575200723173,0.5349939815651994
525,0.5277828893395133,0.46040103601447446,0.4609460838365444,0.4524063393708373,0.46933839217659495,0.8734767868971633,0.35665557844679957,0.44747574553692787,0.5954202182691789,0.5313890355520856
526,0.5321304530013884,0.455802521781814,0.46266189642611255,0.4462821308216177,0.5203992315298566,0.8488173837085934,0.3402284065772174,0.4491466297243475,0.5754323433290409,0.5267562104850084
527,0.5336238311537137,0.45605272373612565,0.4629670289246224,0.4438584682691175,0.5481767248607315,0.8274829094891225,0.33677393478027623,0.4472494125353118,0.5653704631606958,0.5265193388086113
528,0.5347870330741655,0.4560410333225758,0.46304097536119504,0.44291658960634617,0.5557474581406946,0.8210727173225829,0.3363523398018472,0.4445937972763335,0.5631612035934962,0.5264665830929341
529,0.5342097571646239,0.46194385441689667,0.46261842698711614,0.43943576164087744,0.6174970131753853,0.7554944634583679,0.3352665282836747,0.44244010230577446,0.5383776029173369,0.5312394400112379
530,0.5314744470784114,0.47282741077673096,0.4610965466953141,0.4371237758561423,0.6791132877789452,0.6688309259247099,0.34036929200796506,0.4390194307259511,0.5118977792304015,0.5403463806035738
531,0.5301606850652862,0.47799618412215444,0.4600129659408493,0.43604625340200187,0.7010015603186616,0.6328552064615084,0.3438800320064649,0.43617464800256844,0.5021383180168673,0.5450421016917509
532,0.5273912792280286,0.48674190037507836,0.45834530122181055,0.43524636952183254,0.7318845535233063,0.5778550284305723,0.3501461936399792,0.4328222947956177,0.4875625663142999,0.5523512880333039
533,0.5185438256144351,0.5113258677989181,0.45382218361772453,0.4365589584077782,0.7982255720246243,0.4489202457681633,0.37050322333399965,0.42598316361938116,0.454219940461821,0.5690900759026932
534,0.5137484173444943,0.5212941556396047,0.4504922067655626,0.4356336640325855,0.8203348082071112,0.41126310867644017,0.3793995464791707,0.4218467247914635,0.44402846154941816,0.576333375405162
535,0.5118143543071473,0.5246228093386213,0.4491552404016329,0.4350991569397081,0.8273338812171808,0.401226017341673,0.38226909682122523,0.42030634193940675,0.44097092255429815,0.5789186339248695
536,0.5090123628764428,0.5297580003752677,0.4474850150610366,0.4350878284434638,0.8377336658608814,0.3867229802511068,0.3870056874563468,0.4182724343152579,0.43623565677623977,0.5821401074640179
537,0.5062072522122297,0.5345712443928926,0.44584908545638463,0.4351918137079842,0.8470814964435117,0.3758160028206341,0.39158839737115386,0.4163648994112392,0.43214525660424125,0.5849583904348906
538,0.502074557453606,0.5419356636311263,0.44359139000735387,0.4362727678984391,0.8602658844181529,0.3645094297725547,0.3995949213708915,0.4134545618541098,0.42666081801005773,0.5881163932620257
539,0.4947539657298937,0.5535603923454073,0.43726393904958855,0.44151124852884815,0.8630124349405995,0.4153699339677935,0.42278935919187516,0.40553602330751376,0.43394004528193353,0.5884601179127302
540,0.5071346961890812,0.5271135995855714,0.4335711591517488,0.4454968498150359,0.7179832590891445,0.6240907932375203,0.4291149521358802,0.40319674828452085,0.51425237025059,0.5746668824571508
541,0.5118524982112869,0.5186571498992456,0.43360737274028205,0.4445590984823973,0.6792917916801835,0.6616419336971664,0.4261813747411056,0.4036752903322411,0.5326189026870687,0.5715834814718692
542,0.5243903708921046,0.4951641784458942,0.43455892396361206,0.4424205977861742,0.5815332654436289,0.7474606943788579,0.41608209105211597,0.40629454509687135,0.5758679576419419,0.5612286242150293
543,0.5405754630114622,0.4645281830235718,0.43712158343845403,0.43794351632189743,0.4831247278536653,0.8356444542956183,0.3966470615802016,0.411210664314394,0.6156135042918374,0.5435869392262309
544,0.5468366757599428,0.4544340124539366,0.4385377840650098,0.435608455767393,0.4640998901283394,0.8590719878934642,0.38828821481481346,0.41199845519354733,0.6231365149619195,0.5357387858104224
545,0.5531253657159176,0.4440690024329846,0.4429293218878109,0.42792493020746203,0.5340308967513704,0.8424670066054758,0.35689671280006235,0.41914499440097186,0.5900395775851188,0.5252670925905841
546,0.5512977957003717,0.4504070039485946,0.443270300586467,0.4272106027962247,0.573071297773956,0.804667189831503,0.35427425656348593,0.41774389273337464,0.572375928337983,0.5301298894390991
547,0.5515132914353297,0.45190177210071086,0.44310356709669724,0.42730620182682655,0.580500520578034,0.7962940456129183,0.35495047183295286,0.4154511938850233,0.5692639745735119,0.5312324469135657
548,0.5515658346132825,0.45524878592862805,0.442681014541244,0.42773766287191745,0.5954727684117925,0.7783666922979496,0.3567941497496113,0.41098110469872273,0.5627006905976459,0.533988933261176
549,0.5399234100948348,0.4805925602434725,0.4425823766719981,0.42865773922684897,0.6817114619190628,0.6565955079939857,0.357735071929766,0.4093751022728283,0.5166488925054015,0.5568587051691044
550,0.5238260023320119,0.5122585898713307,0.44146841654518776,0.43129442702148124,0.7620499713856445,0.5182544022904062,0.36502697626894864,0.406998405547457,0.4679507497396942,0.5827134654567586
551,0.5119578980177826,0.5335607433706139,0.44013000730046425,0.4338249228805117,0.8090599537986519,0.4391266022444078,0.37312963762098095,0.40479411195041176,0.4379861625001995,0.59716915496559
552,0.5031392158876419,0.5481787145962395,0.43891732198237116,0.43595492865157814,0.8398324835586018,0.39761413832718046,0.38062135010502884,0.4029888758682517,0.4190790547768848,0.6050011205275468
553,0.4956749343623418,0.5598811075085954,0.43776933649776484,0.43799624117869146,0.8630896026273374,0.38177780119962007,0.3892119570972721,0.4012855381256224,0.40666380867481744,0.6090133829069322
554,0.4929865954221006,0.5633930190476254,0.4371951506375977,0.43886497687277626,0.8687850575070694,0.38722503736727915,0.39308888206092896,0.4005022819171685,0.4051139356225314,0.6096367926297185
555,0.49795839659789626,0.5559680031052651,0.4363756084457305,0.43976046472094676,0.8226714160603775,0.49842611469483744,0.4083385575860469,0.39799961864781547,0.44278120798487114,0.6000066649311094
556,0.503829430825723,0.546835826359568,0.4365000440906793,0.43898120407955027,0.7855990377080271,0.5471761187214175,0.4102703521893212,0.39767143959971407,0.46641849257118906,0.5955949410777812
557,0.5100250251900851,0.5373530090346357,0.43685648538732114,0.4379805715333677,0.7486439780172726,0.5882396795001927,0.41108177727724526,0.39740731732147777,0.4884283976528963,0.5913443876038701
558,0.511954790931697,0.5349248886120429,0.4372090238064441,0.4375009493496193,0.7396583234900985,0.5971920707438679,0.4109394870415813,0.39739417126428067,0.4935862106441659,0.5906483655433048
559,0.5329793864853856,0.5004199169171646,0.43838821814176376,0.4341170350853812,0.6152429402169936,0.7107210636832352,0.4103030183425154,0.39633071481882315,0.5610009243424082,0.5725871662417615
560,0.5675610525622194,0.43452565219330597,0.43830543560467383,0.42883036159496624,0.48906086820519445,0.8724616121440391,0.3824361130470559,0.39929029148156947,0.6247105254235875,0.5192786887403639
561,0.5640592110821881,0.444241743111698,0.43724530461801475,0.4303875293428023,0.5446218197280729,0.8299051671003711,0.37644839963151155,0.3992967177515008,0.5982880580406957,0.5248659312124592
562,0.5559723692111823,0.46235194453817646,0.43603428327695565,0.4329575004272778,0.6075805927186713,0.7574976049663373,0.3733199276144409,0.39902887275497484,0.5652997606173302,0.5400462354394596
563,0.554654670977782,0.466186909270109,0.43552232828866927,0.43427995522747986,0.6184638387807053,0.7425402147556659,0.3745200579021159,0.3974030579141275,0.5594500211981107,0.5433104913201308
564,0.5394575893228627,0.49536873223214106,0.43437931159963417,0.43802394497358343,0.6940248849314384,0.6286310031371858,0.3737356170979002,0.39758542411505965,0.5136874775793351,0.5695349593069609
565,0.524303412972301,0.5215446777300908,0.43392075633593397,0.4413410324025843,0.7535117865933043,0.5302324557022298,0.37531212698316896,0.39784029477714744,0.4735875394754861,0.5916042567318817
566,0.4991348102310832,0.5604840685886584,0.43542191266718655,0.444360653758756,0.8393127013293004,0.4090765831679423,0.38186182536127855,0.3998909509131886,0.41225879226889794,0.6171798238846917
567,0.4925113838328384,0.5695678091049631,0.4369548210722656,0.4452020121040558,0.859791323096378,0.3985844577134847,0.3860227382278151,0.4004994461661671,0.399138435426454,0.6204209882064066
568,0.4908304296943293,0.5714036709729693,0.43785785139719074,0.44604073019978946,0.8635435315307619,0.4026349724925885,0.38754993401050397,0.4006238395143601,0.3974147569372432,0.6207008557944778
569,0.4900689544016398,0.5719737422052024,0.4386679752818469,0.4469635835561969,0.8642714847505285,0.4079163252084125,0.3884010260464387,0.4006888198872082,0.39749104442785604,0.6206571247345877
570,0.5652599005055927,0.4480926116721818,0.4476113165573949,0.43238438720757966,0.48248058386701514,0.8357367943953672,0.4023180940923657,0.3937283223905083,0.6313632415108754,0.5387103154722411
571,0.5692780919325071,0.44261095028970326,0.44712712253522974,0.4325409762173958,0.47381638756074046,0.8473997383758973,0.40261967855760633,0.3923766003322524,0.6365749169863781,0.5321613889635031
572,0.575464547045945,0.43202511683624306,0.44364819087751595,0.4352329265140066,0.47500229621442136,0.8703142290747267,0.3994683595208405,0.38931939614588107,0.638671735157102,0.516403834026385
573,0.5756436509636724,0.4340537553428557,0.44118498767885717,0.43789228007505626,0.49709170520949425,0.8616546726949674,0.39868708923520196,0.38736558788567155,0.6290957753042373,0.5142163141025001
574,0.5764957892467892,0.43456109633506723,0.4408593348265561,0.4386576832054663,0.4990126697318649,0.8594224299395746,0.4010096506814461,0.3860400248958208,0.6283747603653042,0.5136265649802493
575,0.5613666713296577,0.46758035736495773,0.4341763527599624,0.4482373673783095,0.6058693295856498,0.7516675860104275,0.3982443815404113,0.38415008579026944,0.5721356464811213,0.5401942390372666
576,0.5240434001259439,0.5320806946027128,0.4320564382527881,0.45505190230460096,0.7507058535540845,0.5323040070334071,0.39264081086913083,0.391460098467504,0.4720603514827507,0.5988380740081716
577,0.5220159380921296,0.5349458880270113,0.43208468544347356,0.4572411171736435,0.7567931294316976,0.5227801220984989,0.3937601991973449,0.39097213371927864,0.46774055020805044,0.6011997134567503
578,0.5155674856615499,0.5443526298945037,0.4328087840075164,0.4593835080981431,0.7767055316189091,0.4924974539817353,0.3941623676920946,0.39204315483769464,0.45200155196493774,0.6085924814553024
579,0.4964632774341799,0.571104473714508,0.4387227346573891,0.45855052692591775,0.8357193605709049,0.42062304859532934,0.3929871503252829,0.3998381427857699,0.40235156085272505,0.6256989219736155
580,0.4907651491300423,0.5784723679543352,0.44582714453544203,0.45571829460054286,0.8536664611087733,0.421666050651492,0.39331933665931174,0.4056584829535933,0.38734685441584527,0.6275884152302192
581,0.4997997421892,0.5666119233437102,0.4568194207334101,0.4481364784300659,0.8194904699660032,0.495838890354805,0.396230967955829,0.4113553737287192,0.41383192904696325,0.6194223152591234
582,0.5027102957068801,0.562756332586747,0.45892753896819016,0.44813524632554236,0.8085047371564139,0.510347099390536,0.39641729784557966,0.41191577253468936,0.42169219540485314,0.6179705746262217
583,0.5183693733824561,0.5408971362699945,0.4653666056923916,0.4434163075930486,0.7433837098789398,0.5844085294472718,0.39979194008785607,0.41208841006814145,0.46769546763078124,0.6074661807358129
584,0.5530994745356352,0.48562181798992254,0.4710874510769406,0.437986392706573,0.5833666645630368,0.7301557910433387,0.40804497622943325,0.405140463145119,0.5725006447808529,0.5738992553272364
585,0.5651110146547778,0.4654176774002323,0.47098202322365235,0.43846899734588946,0.5321113226179067,0.7764621894250769,0.41192839025236566,0.4007824108606415,0.6046330826423307,0.5569683727788272
586,0.5746950320447639,0.44886971222033484,0.4693434687991334,0.4405118759449586,0.4955886221235758,0.8143083432977197,0.41601568628729213,0.39570518732085086,0.6280263817645969,0.5395980247176337
587,0.5829630324769354,0.43384516655576133,0.4586572544804139,0.4516643441554097,0.4864027188928146,0.8558406024765639,0.4209962601041659,0.38367387285180726,0.6420833901688341,0.5113930030089736
588,0.5770213604814007,0.44796889324408423,0.44916503483332015,0.461042355334386,0.5351823019306492,0.8227876752194107,0.4227347755819647,0.37978844201579987,0.619827778019955,0.5161581722093476
589,0.5732993378622145,0.4568007182150389,0.4456630845696096,0.4650709471040598,0.5579895272550924,0.7990029236050213,0.4250028906997779,0.37899012621463957,0.6076887380259859,0.5223771940455013
590,0.5479760190503026,0.5035732787329653,0.4352296445374938,0.4748449951674203,0.6625265963787718,0.6625303754517021,0.421670928352363,0.38405348220691976,0.5416320951345106,0.5649887319738821
591,0.5403061465609803,0.5163711952138074,0.4337769578357341,0.47809307562372527,0.6886558099222411,0.6224070364157126,0.422030388784324,0.3860794281357445,0.5223516686310586,0.5771310701126412
592,0.5010747513206458,0.5734466805155057,0.4389683993229943,0.476399808947655,0.8095837492648607,0.4496838957514549,0.4103965517494234,0.40821132804780325,0.4170257055009275,0.6267638133159359
593,0.49873095168897424,0.5760950369130589,0.44102440037417634,0.47823042933638726,0.81628353297216,0.44237224060513025,0.40985035325575336,0.40979391393167186,0.41069031459384564,0.6286008321709673
594,0.5020666873965122,0.5714754138825904,0.4680218024966846,0.45889486786017814,0.8151182877269629,0.4941485847765549,0.40237908787145393,0.4297701617346902,0.4038786217746582,0.6266256454607442
595,0.5208629981935883,0.545651286944753,0.4798569671207766,0.4509695677052343,0.7484013881708981,0.5738945728247071,0.40450493964600154,0.43083413917580465,0.453462697597369,0.6142790013446752
596,0.5244755986963313,0.5409675574606213,0.48211143190986744,0.4512441032523726,0.7366839267689121,0.5851978636654407,0.4051998292971818,0.43090560608916867,0.4614891549627736,0.612354249464388
597,0.5330310886998852,0.5288383892943154,0.4861758330694079,0.44991625075038477,0.7048674180176457,0.6154442073202093,0.40734681600013783,0.4297655008506422,0.48384038670222523,0.606144449040155
598,0.5465699616073755,0.5083224374464403,0.49111619879063967,0.44793669364182015,0.6504807464359096,0.6640508654582611,0.4117944186732202,0.42606017547852343,0.5216189396996038,0.5938122125568226
599,0.5748307631621692,0.45931874084746205,0.4947410315531233,0.44991165683714207,0.5255353900439327,0.7759376142962097,0.42523343917620127,0.40914659246437324,0.6079203244663542,0.5522275728330696
600,0.5798431828838693,0.4515474762313835,0.4942501045517124,0.45206613402560736,0.5081980852297354,0.7929313662358176,0.4302491774983938,0.4056952823382631,0.6201357939255386,0.5426395447989975
601,0.5840260620876354,0.4452629851002829,0.49317172459818603,0.4547455703075484,0.494894606577213,0.8073009463679633,0.43557100781306246,0.4021388093511924,0.6300077851965733,0.5334289168922176
602,0.5870666945820946,0.4411824756056055,0.4918122418680121,0.4574656523128106,0.48678822573017816,0.8170686289972953,0.4407959321715818,0.3992045050141481,0.6365124344769546,0.5260050574721683
603,0.5898663578146952,0.43744779696773706,0.4884977569934492,0.46253441744217505,0.4807422968342331,0.8292487745191408,0.4473931767867669,0.3940241234853807,0.6435204426203137,0.5160666066148116
604,0.5909690868477027,0.4372083786873508,0.48816468410049424,0.46339050538093457,0.47991695028724696,0.8283846920642549,0.45144640338007613,0.39426014650456126,0.643772016397455,0.5144920449340855
605,0.5907231215195061,0.43953802480912385,0.48111851838950015,0.47193947266125197,0.48842374824623447,0.8328074550746385,0.45915034632625285,0.3875062070331914,0.6445940507662548,0.5067629108292632
606,0.586265445944893,0.45009589567905883,0.4724170318860393,0.48068517666797783,0.513309328840416,0.8189578809826649,0.4655159020875435,0.38374127739302,0.6352525726590851,0.5080623059122705
607,0.5818689278066426,0.4599138902389923,0.46666488987779814,0.4861008355429505,0.5338818346283067,0.8008754145514828,0.47019244502672564,0.3833904417839559,0.6252072787638976,0.5131756871752482
608,0.565910455206016,0.48991503244703033,0.4537879198177556,0.49534098835404106,0.5936959170756418,0.7373178422080551,0.4730028490350871,0.3878946039189534,0.5907925729288365,0.5365752077299775
609,0.5575072559998768,0.5045351647147194,0.4489948900037657,0.4993166300822284,0.6212911023360503,0.7013777707508968,0.4749358072208586,0.3922615453058809,0.572047937489348,0.5497894028018823
610,0.5196905437182552,0.5613928953302116,0.44022509274124066,0.5015835072789723,0.7307639576482002,0.5472335586031624,0.4650660981667666,0.42262031565170205,0.48083245797433005,0.6051965875979576
611,0.5159435946485188,0.5660351465866563,0.4411538969914909,0.5037660060649396,0.7408153808760798,0.5322571868754721,0.46486681079174125,0.42606259027618776,0.47132857498280323,0.609934788252368
612,0.5050178322648626,0.5799341562249994,0.445070824798023,0.5027871376472636,0.7723978228819635,0.4906174139048746,0.45917711620320023,0.4396294229420362,0.4390344991158967,0.6238440010381459
613,0.5025741787026112,0.5825537622746173,0.4475904891177212,0.5046542666619942,0.7793944570104976,0.4811675540911586,0.45803311880498576,0.4430386565698479,0.43136624963739806,0.6266918837307578
614,0.49657068778728347,0.5897589838478019,0.46840482632458996,0.49087731084749725,0.8119219413131551,0.46381440231669335,0.44142623196051595,0.4697863749616383,0.3908593174250905,0.637758362526874
615,0.5217560580881161,0.5566173774103556,0.49887875932620845,0.4692077687286471,0.7554867004716478,0.5523682227180762,0.43071029275326844,0.47968897982115316,0.43097552131197225,0.6246565237284899
616,0.5292018801086464,0.5463692578059497,0.5046881987231745,0.46793340377000214,0.7337266505910963,0.574338579281122,0.43120887220997584,0.4786372684326957,0.44698536702710334,0.6198931878255675
617,0.5359687680670023,0.5369032310420645,0.5095748445811831,0.46731854764331837,0.7131696551197501,0.5936626445735045,0.4324549717358619,0.4770894988750823,0.4619008190608302,0.6151417685441929
618,0.5545436945430415,0.5085072912245743,0.519913579478872,0.4638151374891767,0.6472102246566868,0.6521394798561923,0.4380705211411539,0.4679200025353985,0.5109071130237527,0.5973366791410292
619,0.5592681689299539,0.5016342529192115,0.52248410447901,0.46457643549786515,0.6317118855247301,0.6644580528207987,0.4412539820124692,0.4659225951777185,0.5216861405814801,0.5924890288361556
620,0.5697053503518912,0.484654559195732,0.5271135550453474,0.46575503626555437,0.5911815016937187,0.6972768213277134,0.4482357005526673,0.45786077152141663,0.5511508051800416,0.5783934783112874
621,0.591474353929488,0.44436637008216995,0.5218203488114815,0.49551052213053975,0.4880594518696436,0.8042001669315888,0.4807725799685982,0.4069688161651798,0.6425644688539672,0.5108459990033016
622,0.5884987304193535,0.4516259064149903,0.5122570540837454,0.5068371479424381,0.5007295222168093,0.8010860448368675,0.4905110392006101,0.39942529800378723,0.642009200535768,0.5051165070350516
623,0.586550764226168,0.45657884487259764,0.5075719440329646,0.5116476963751267,0.5091567435182354,0.7939421818478197,0.49661087562319817,0.39836550696926804,0.6387881948006486,0.5050373417567773
624,0.5636680371314186,0.49806771517889004,0.4792951193766008,0.5277698288742979,0.5855297720243392,0.7240685431360294,0.5043132620135483,0.4008687817057732,0.5999019073027786,0.5298964202709324
625,0.5459975354466824,0.5262318125582106,0.46516020942795766,0.5325800774489483,0.6366094598624151,0.6601940478043905,0.5057554839588401,0.413357672001889,0.5638063898420654,0.555591635473301
626,0.5228710139854136,0.5592381025659127,0.45477188922220907,0.5334481879036725,0.6988133028086028,0.5736423532630676,0.5018626030676989,0.4377591670899403,0.5092836324445174,0.5902828981359376
627,0.5005096685447646,0.5881192457750661,0.4595974565837856,0.5262790020390999,0.7644703948850756,0.4868760918134709,0.48761989800127326,0.476995121782294,0.4365574108953756,0.6252693034879762
628,0.5633430794453517,0.498656163587739,0.5358315377446891,0.4719629597989037,0.6189409505204261,0.6641167289836419,0.4600922237510903,0.49015413365056143,0.5249326699005694,0.5896567675109605
629,0.5830119545932351,0.46449361892972874,0.5439279367937493,0.4792649755357796,0.5387661267704574,0.7275440635925056,0.4761751862092771,0.46514722316940466,0.5859161411703008,0.555671451619254
630,0.5925678179405683,0.44722849764578876,0.5434353954534763,0.49399908678859894,0.4946821622527637,0.7663270863130008,0.4938251953467361,0.4414601835132257,0.6230060852710744,0.5262796283416051
631,0.5668242793532214,0.4945945042811067,0.4930318304889015,0.5391315249350475,0.5692640287620515,0.7261283678642781,0.5215914991657119,0.4068477526712744,0.6081179753625974,0.5226663449849535
632,0.5464653558978896,0.5269377222656435,0.47363392338929805,0.5440682155857015,0.6263470094735499,0.6596125875791576,0.5240118302150198,0.42092703109267404,0.5692873492345654,0.550989940706702
633,0.542405136946183,0.5327979641495179,0.4709399779477563,0.5460547216617522,0.6365637224459523,0.6443568916394118,0.5262707664018013,0.4251914554801949,0.56067632302049,0.5569712235552577
634,0.5198384988822737,0.5641573431729103,0.4604277519254012,0.5452541792253057,0.6946569135307842,0.5655020814281714,0.5226224425061674,0.4534643229013261,0.5074100350908559,0.5909460005452668
635,0.5189717878353406,0.5647996093553694,0.4612576949109832,0.5477574876432397,0.6959832009168478,0.561207343521518,0.5240260273773159,0.45471037008478493,0.5054202967403661,0.5920903655042862
636,0.50415311274937,0.5836416310726884,0.4645344545727055,0.5439919451317632,0.7361649195785163,0.5060127865135222,0.5161573665305348,0.48480044717461573,0.45808253136581817,0.6159784757849532
637,0.503818616630661,0.5834816518089263,0.46651313857596505,0.5470384371656669,0.7361992582319711,0.503070608222097,0.5166221475756015,0.4858195586488733,0.4567751097817943,0.6164817966151473
638,0.5018791609669186,0.5854369606433971,0.4704412252773761,0.5484534832909845,0.7417300364144881,0.493565118637752,0.5148396868328687,0.4924658962231512,0.4476245940604011,0.620236696164287
639,0.4992521955947467,0.588641529939365,0.4869556639826356,0.5410088945135161,0.7583452980463019,0.47694789337216076,0.5026078542613795,0.5182689078790292,0.41684955942872376,0.6310197875902979
640,0.5000195906650756,0.5872878139020167,0.49072450982120913,0.5437898287754733,0.7566963980960254,0.4762989568975678,0.5016750790016297,0.5199149529286488,0.41587292979548957,0.6310522047924964
641,0.503526877767873,0.582729386580094,0.5028804980891619,0.540222054634339,0.7542625979070576,0.4818760482679664,0.49469797871793214,0.5292444316335657,0.4098453035499443,0.6321612984011076
642,0.5078619463225138,0.5770373188967483,0.5126125136250584,0.5380879224527463,0.7477448102190967,0.4907979013115929,0.48973049745558206,0.5340415507535994,0.40993378468810443,0.6314113120739361
643,0.5351745834635093,0.538993983269219,0.5474555810445332,0.5122097937176442,0.6874587280830834,0.5695794647726639,0.47289955853402305,0.5359572499820182,0.4509054421860365,0.6169372890701128
644,0.5596384869297648,0.5003351734176121,0.5698463154452944,0.5024890480242076,0.60948551557335,0.6444629535282304,0.4741995315592829,0.5175412441086114,0.5161191838430003,0.5918715722167445
645,0.5671736539210112,0.4881110612709892,0.5763040790985855,0.504040539236002,0.5832513229619389,0.6660921766882754,0.4791365691082477,0.5096925880724413,0.5378796496553889,0.5811437075730894
646,0.5688695481681557,0.48606115404842715,0.5773988845013442,0.5052798426260589,0.5798192581597202,0.667624033098653,0.4818228514423406,0.5097297351077156,0.5395742729083822,0.5794070499552826
647,0.5717783271030875,0.48181533173455454,0.5796942666717426,0.5069538181690445,0.5710976475661876,0.673586388704494,0.48556744734748536,0.5076207091086481,0.5459805695575242,0.5751978670528094
648,0.5856085099148899,0.45680172778950834,0.5932415588540301,0.5326054065964418,0.5012879184738886,0.7335519762977977,0.5115666961230508,0.4660545598526089,0.6150507878170871,0.5289757722710015
649,0.5855333659387055,0.45792898313897606,0.5904542362380273,0.5478251970485174,0.4946340086774764,0.7408360706977294,0.5252446999799317,0.4519732590480547,0.628309074888514,0.5142457370118219
650,0.5842539864529757,0.46124388983099995,0.5864503871471592,0.5559508000700104,0.4962649323832672,0.7390259280082736,0.5341222844372628,0.44672107693674645,0.6311047056709841,0.5085059456082189
651,0.5608216350419061,0.5013341180205153,0.543229994117642,0.5796174832676735,0.5545586649223815,0.6945059656049365,0.5504273159943155,0.4315314901927683,0.612656936531115,0.5140375373097349
652,0.5465872647704476,0.5229826919559184,0.5206100327184942,0.5825560267590808,0.5901788157678184,0.6554448905467438,0.5548322829471816,0.43908356696849066,0.5899827609350012,0.5299813188318951
653,0.4997913197014025,0.5865756114213515,0.4874271759384899,0.5728875211303323,0.716570116924078,0.49285945921603597,0.5424141358220598,0.5317518384576372,0.45660204412721983,0.6125695856747982
654,0.5058536272237364,0.5804049627075737,0.512753669652421,0.5619798171136874,0.7254998536925791,0.4867016801196095,0.5248013027306195,0.5655612701529614,0.42377877653307733,0.6255894744927083
655,0.5116315268973832,0.5731856953186684,0.5234156744711942,0.5595955204349644,0.7186216086205895,0.4950526731867613,0.5189207855318434,0.5703318654935513,0.4227132341754922,0.6254618913747643
656,0.5480774637331308,0.522471555782476,0.5640846128499335,0.5264305475184412,0.647010053238115,0.5834513787695073,0.49717057391530955,0.5602155573992831,0.4698699178993241,0.6062855683037306
657,0.5781427774957525,0.47038719251651495,0.600788966092584,0.5757714916066714,0.5025131464313556,0.7182590443982442,0.5463508706793676,0.45295308041117016,0.628623411201572,0.5069410014712761
658,0.5729902668358335,0.47978274916833513,0.5901428406189231,0.5842525698743477,0.5138755684818744,0.7078702886469054,0.5550516614553905,0.44787069068358026,0.6262078022619101,0.5048080894904771
659,0.5703415023722445,0.4846506752068881,0.5842315104038234,0.587691752564961,0.5199603787738214,0.6998889266370459,0.5607507933967155,0.44781893556286073,0.6231389328665944,0.5050049848001388
660,0.5610350135318584,0.4998741518860018,0.5657234842680372,0.5928224653194848,0.5415928618549138,0.6789294542446109,0.5672368925400514,0.44663025882105734,0.6128037136924911,0.5102287975148551
661,0.5571783536288405,0.5059473920005249,0.5580851185638621,0.5943793969322058,0.5500687633009058,0.6676635530637441,0.5713296152617405,0.44878286878307955,0.6069574749937452,0.5135223636795853
662,0.5281580865990119,0.547459236609809,0.5107322718480262,0.5929007641280006,0.6164201240505999,0.5950741966191628,0.5735165266206027,0.4706044657919871,0.559017291010197,0.5487181240555185
663,0.5073233829726747,0.5743333122710526,0.49255570757496075,0.590715545963561,0.6650597546516993,0.5297723153627797,0.5713424650639736,0.5135527374850455,0.5053388421337459,0.58428956044919
664,0.5064403472114289,0.5747496555279059,0.4939945531021348,0.5928129714893586,0.6656923878484973,0.524707815551788,0.5718946384360389,0.5169493711447036,0.5019804707633315,0.5862689507469506
665,0.504786596928497,0.5762143404838043,0.4957532922222037,0.5948988714861365,0.6686423676579217,0.5164411501587168,0.5719244911779875,0.5238514925340539,0.49500935410794816,0.5903037337088904
666,0.502282924936364,0.5789437506703684,0.49940815017368406,0.5970091063241226,0.6751393832844066,0.5033426835180446,0.5707001960883641,0.5377682838169298,0.481339937525618,0.5978525793400811
667,0.5011606083850183,0.58002698756688,0.5053170788780366,0.5993167392825026,0.6793154998178399,0.4934315361505216,0.5688325362852935,0.5512041969350632,0.4690813600468362,0.6041312186354226
668,0.501353894797219,0.5793727043416455,0.5108256047978027,0.6019658682571646,0.67962012116104,0.48865860421183827,0.5675005787210846,0.5589606229156038,0.4626887785410809,0.607156527038585
669,0.5067682400525294,0.573197063358478,0.5327288544568203,0.5979845202303056,0.6801576518942196,0.4867944218292584,0.5561586228778973,0.58902952046521,0.4405498779809341,0.6164897613426733
670,0.5164085840393731,0.5607514157220659,0.5503471055558022,0.5894246778890326,0.6681126508774771,0.5018387174447891,0.5446942078965679,0.6001384080627116,0.4384634421328553,0.6166174143855218
671,0.5239134772484862,0.5504512783612295,0.5605705553395739,0.5834254752632474,0.6555207506526632,0.5157012577066454,0.5376603197295529,0.6015769193975765,0.44355381854575954,0.6141188528955271
672,0.5687508254387048,0.4792834914471875,0.6200695086526322,0.5481080759135303,0.5371094259710928,0.6389158843209666,0.5239253338007219,0.5478207154544463,0.5537969562778349,0.5635626037988675
673,0.5685389884180024,0.4788722743649595,0.6410209663535903,0.6049771299671768,0.5029107454832216,0.6690930765631645,0.5677166730472017,0.48313880077485294,0.6192955360698208,0.5091999701750966
674,0.5630442629242273,0.4880306134035958,0.6285995307403734,0.6123195475138387,0.5131044849660459,0.6583670712909285,0.5768427956504653,0.4763761193986698,0.6170229312839337,0.5062388354542505
675,0.5475799174008725,0.5116117662635561,0.5903455102785801,0.615757155981593,0.5447087289708542,0.6277678845836676,0.5847699593901644,0.4693966200593654,0.6014180841364382,0.5131211455820164
676,0.5067773019744147,0.5677315833496441,0.5121561577468745,0.6112451971568345,0.635148839606182,0.5207407270936673,0.5844162357051231,0.5220903396683614,0.5154509794720871,0.5742494396743816
677,0.5047721744278907,0.5698505366544944,0.5131245320970895,0.6141616242232536,0.6390411724712403,0.5107144836566715,0.584639681411984,0.5324213307597224,0.5057972265947698,0.5803223052571821
678,0.5021469196700394,0.5734098979482974,0.5194211958413125,0.6197873099265674,0.6483397347349581,0.4931093141346764,0.5831558780689061,0.5588794724177212,0.4829347141542526,0.5937899386117788
679,0.50422853194078,0.5713645388664274,0.5348148636843337,0.6241600445587263,0.6515462722181801,0.48450595128907453,0.5783313353087445,0.5876549489982618,0.4616436847313821,0.6047295569109448
680,0.5063869113324042,0.5676171278304035,0.5423566177439132,0.6306663106655913,0.6452452882189779,0.4835706829977181,0.5775647764053363,0.5905502637743321,0.4613358268704495,0.6046325177495374
681,0.5316146219391346,0.5339005554050432,0.5797063391239169,0.5969334190953118,0.6123401097319869,0.5267899221556842,0.5467674278867383,0.6146024010731307,0.46157681437788445,0.6039853093865445
682,0.5352077611123873,0.5286266126020494,0.5831783454588692,0.5946985870388019,0.605122087351253,0.5325789420856284,0.544251267414479,0.6127149734514193,0.4660269419880508,0.6017471607736881
683,0.5473702105129685,0.5096633357108749,0.5955660572441267,0.5759768143854568,0.5784362125595605,0.5612110322417657,0.5341746271198387,0.5999886634432017,0.4892326984261867,0.5915050604182812
684,0.5563127828389178,0.4950939129854072,0.6086654837422704,0.566214754559754,0.5549133775987038,0.5839630990732271,0.5311695007771556,0.5852546612997784,0.5132487413121162,0.5800955429200099
685,0.5578151341981862,0.4932270155219943,0.6096333423597643,0.5668075517662743,0.5523418944845531,0.5844752125321292,0.5323251405235809,0.584531233889971,0.5144772052701146,0.57858642365079
686,0.5624517658585397,0.4857860565489898,0.6193886703220033,0.5653875337003708,0.5388053353094296,0.5958274003329777,0.5343384510972111,0.5751360230127927,0.52909655911479,0.5704669018641209
687,0.5684745565137834,0.47537747196772,0.6501453714397972,0.5763451618956511,0.5109726948888061,0.6195697579574686,0.5472700981685485,0.5500751750403241,0.5667840968099934,0.5482489833622317
688,0.5667576446984296,0.4782979909632531,0.675628429256064,0.6031148804897182,0.4982781818075259,0.6287080838627338,0.5690732537284916,0.5272267396150029,0.5949042147775773,0.5264087438576253
689,0.5629788642560098,0.48472199395687815,0.6792959710947608,0.6164138206795832,0.4993570974167674,0.6255595999167253,0.5815256234750176,0.5181092597046021,0.6019986270939688,0.5173931302159329
690,0.5619298851296949,0.4868321921956431,0.678961440600227,0.6199586806030047,0.5004055021315693,0.6220385802520947,0.5873283060214222,0.5174634142240666,0.6020780164081939,0.5147291428361463
691,0.5617000616540404,0.4876755810407852,0.6787188199911549,0.6216756535523926,0.500851054489439,0.618931179453825,0.5918238877984183,0.5185901264102519,0.601152834643747,0.5132016617213564
692,0.560833746732992,0.48948134766847773,0.6775714991507408,0.6238553670000329,0.5018971436110592,0.6152975946315153,0.5967033934216974,0.5190133371190843,0.600309786800335,0.5114656493122945
693,0.552674707102883,0.5019535215684064,0.6630698898948493,0.6293267468354548,0.5111381437435539,0.604578497030949,0.6047072214409233,0.5120939317418746,0.598763980350245,0.5084534368010382
694,0.522741684358236,0.5419398463558732,0.5842947496217219,0.6215138877744314,0.553332674876468,0.5607833764671472,0.605336477073119,0.508417495147475,0.5720001731405003,0.5232873191219194
695,0.49854729134123993,0.571878518580687,0.5324249771740944,0.6368602111936058,0.6042098022931371,0.49605455918829083,0.6052469970659589,0.585656849140148,0.5005556785878533,0.5734715356597989
696,0.4991530429272221,0.5703895376573112,0.5365088303750929,0.6414736858329075,0.6028641497267412,0.49342736512800395,0.6054707143366828,0.5923179798359963,0.4968288171623575,0.5761216695779552
697,0.5652914279223122,0.48193887839510074,0.6206532756870147,0.573562955867021,0.5299273597430489,0.5730757538626116,0.5557048920993531,0.5951487129003786,0.5260187079927414,0.5615705664721791
698,0.5672677263779088,0.4794914586645644,0.6245186945193248,0.5738075853278477,0.5262362496724425,0.5747703757539497,0.5577939222928698,0.5922122747006143,0.5293695338489304,0.5585007482852451
699,0.5687917985184399,0.4778734848259778,0.6271415068005614,0.5742529097460617,0.5237292463243477,0.5753142715468211,0.5598854952879346,0.5905198917961821,0.5312551532528385,0.5561859874523398
700,0.5721430317865126,0.473072887032431,0.6433234090541541,0.5778130537245364,0.5137262211989344,0.5827977343997627,0.5672830725913091,0.5799962370293226,0.5445217013199146,0.5468409179859499
701,0.5731936996614654,0.47224253814549827,0.6716446271896394,0.5935556896223145,0.5019418222002366,0.5913434288927779,0.5849520698188944,0.564723732388462,0.5650422068441953,0.5316788986353801
702,0.5732081371684705,0.4733889554130244,0.6781788580607887,0.5988199492277718,0.5001537118163049,0.5908832249444289,0.5921151701292804,0.5626129245396748,0.5683497330033935,0.527407892835262
703,0.5730878226833868,0.47478650414849466,0.6828758186746808,0.603079717122028,0.4991815175641927,0.5896766891560297,0.5984589481962287,0.5615953133816927,0.5702540928666342,0.5240284661609248
704,0.5641266719566069,0.4904644884117948,0.693142897608031,0.624744765106716,0.49995135448553246,0.5865910019749089,0.6184855754982713,0.548131506057515,0.5820796784175928,0.5121872501389642
705,0.5624213080677555,0.49393543622339886,0.6919673058225269,0.6272110048394002,0.5011527632166257,0.5831946409290536,0.6232590271479467,0.5481100459321943,0.5815190229247216,0.5103868374210089
706,0.5446112348059481,0.5203473720645315,0.6599867763768141,0.6317543260955145,0.5145010542477262,0.5685223597082627,0.6283932246181153,0.536238320742787,0.5789106988278078,0.5087098525403455
707,0.5442071634817811,0.5209964914945721,0.6583434708382677,0.6314958634594643,0.514633218718705,0.5658151816752134,0.6305236295961912,0.5383309409405083,0.5771225084149503,0.5085602940913923
708,0.5370226097166594,0.5305763272193015,0.6392504617314623,0.6290393404571434,0.5204895373772258,0.5576902101170873,0.6300131093836102,0.537564559131542,0.5720098677989615,0.5106044932440673
709,0.5356302055650897,0.5322148669823554,0.6349502464177631,0.6282963043708042,0.5211616744141423,0.5544536951050852,0.6311842147297573,0.539322919733484,0.5696938744948215,0.511095497277553
710,0.5201435768901731,0.550978232310863,0.5910656322894929,0.6225457969553594,0.5344195954483151,0.5387490796948768,0.6244391458509085,0.5424223694906783,0.5559647348790517,0.5201262886163199
711,0.5179426819016747,0.5528286263068033,0.5851516448542369,0.6221747685090742,0.53523304374938,0.5352466088253315,0.6243388333542231,0.5451248331280938,0.5527703563022625,0.5219208820529199
712,0.5165389320437443,0.5536706778856881,0.581610848313345,0.6221337433307064,0.5351922851860315,0.5326709476678538,0.6245634378361574,0.5474197162893103,0.550419190331561,0.5231658292826842
713,0.5085611053544773,0.5618459456672833,0.5609445869724106,0.6238573425215745,0.5413964185084496,0.5236513145730368,0.6213869881129918,0.5577246696606853,0.5395529274697562,0.5311058014791226
714,0.503298132197546,0.5664805229718206,0.5498271872666746,0.6290449247234624,0.5452300763268508,0.5170084505465806,0.6202269265351072,0.5701593651270674,0.530308063273053,0.5381163745449451
715,0.49752630892375393,0.5712233820030703,0.5435359205226796,0.6488481992083615,0.5524484657726705,0.5065677871186542,0.6219910615320849,0.6066365536630332,0.5110872483492533,0.5528778689081038
716,0.5028982027566128,0.5637496181365097,0.56074827730162,0.6724704110024461,0.5546549395509818,0.5016145035653286,0.625742685599475,0.6548706271641046,0.4928599758267259,0.5665562510209295
717,0.5183362830820335,0.5447823892142261,0.5789710931158074,0.6685431953021523,0.5491447361949777,0.5057664249376349,0.6177901675052939,0.6766702731157412,0.48718208848143985,0.5710621662344944
718,0.5513740893088028,0.5012374510443186,0.5996714113526825,0.6075555772919577,0.5302056921707955,0.5254052884818525,0.5844537874258199,0.6458317790046275,0.5054983364613858,0.5598996149886651
719,0.5681754155372453,0.47671421522808466,0.6956328516050618,0.609769451445727,0.5066775702959152,0.5485607549343607,0.6146779708109734,0.5871245833331232,0.5588487097364188,0.5229765160771521
720,0.5580950478250334,0.49362450490138193,0.710663084012907,0.632355383300318,0.5070295251574043,0.5464415910111764,0.6425496872236575,0.5752957047321354,0.5692509873979053,0.5116212111839522
721,0.5508185034654799,0.5051257098831373,0.6987674913427119,0.6348252352982606,0.5096355639848733,0.5422422401482715,0.648932547486103,0.5705659300348864,0.5683120217627257,0.5094733501024568
722,0.5306954951918399,0.532530706161253,0.6418341962315026,0.6274715083822735,0.5175669712787347,0.5323814939651255,0.6429952579621636,0.5586024102478605,0.5592997541155875,0.5132370356214898
723,0.5190270784101142,0.5464112014456459,0.6038935489904068,0.6232978493110882,0.5224312660265017,0.5257566548376726,0.6344978872005246,0.558369009826685,0.5493986106018851,0.5195471175834163
724,0.49915922890263026,0.5673392497679026,0.5521372307322713,0.6465441583255307,0.5333611790495338,0.5129864914107023,0.6229481527650995,0.5966863084697215,0.5196691700863219,0.5425419349250534
725,0.5004418545143903,0.5638834018761713,0.5633440777463076,0.6780349530818224,0.5354427984709272,0.5093530986949999,0.6279959383343396,0.6453840840394418,0.5026409378899238,0.5562686739324166
726,0.5010430973257716,0.5616037480656418,0.5672226921868415,0.6811826953810254,0.5334726579873151,0.5100887056389644,0.6278489950629635,0.6478468997743118,0.5027717477203796,0.5570177743507092
727,0.5036220180727549,0.5571642408589271,0.5744321949175103,0.6871822096112538,0.5315879283696633,0.5108426446046419,0.6279524919475861,0.657630508534872,0.5009484549002781,0.5592745982582382
728,0.5068864391836122,0.5520517506789084,0.5813036361966964,0.6909793447863233,0.5295168185328593,0.5119199088544145,0.6271048350384837,0.665707256529033,0.49988209768507696,0.5609878562513194
729,0.5154798514592833,0.5409936445278654,0.5904763010860611,0.6882672960569262,0.5268597154787523,0.5137611564577512,0.6223927441609974,0.6770401856532849,0.4984297500594729,0.5629535666347624
730,0.528196375076653,0.5249634097462338,0.5955948735800198,0.6674885317222496,0.5236070141566016,0.5165124956480308,0.6100676619188646,0.6763311745275372,0.5007692825632373,0.5620510817397908
731,0.5421025212337263,0.5069920640543703,0.5995458968276198,0.6326524710388705,0.5205090546949731,0.5195679295715154,0.5935453527969637,0.6592282536644698,0.5085619500152792,0.557169028292756
732,0.5592337494770097,0.4838165130810043,0.6404365724049672,0.5936241094084007,0.5175821925913425,0.5235467770621008,0.587836588365148,0.6164290233380465,0.5328253457467989,0.5411183416781893
733,0.5604910852855609,0.4835559402498981,0.6945418101459017,0.6093473985946756,0.5177384316066939,0.5237789960404662,0.6153830900419999,0.6006321618263784,0.5501650462922112,0.5281953892404299
734,0.5587620875828623,0.4877418691098733,0.7108676319325875,0.6185693620356258,0.5187892534853771,0.5225250543437134,0.6293269652108081,0.5984872871997379,0.5539887799763364,0.5235768337830268
735,0.556007252470193,0.4933156087531816,0.7199774448556628,0.6256973751584558,0.5199196620764657,0.5210829254415692,0.641127021554504,0.5972438985248957,0.5559750537385422,0.5200163568128214
736,0.5318873878454669,0.5269775318053245,0.6787998533848817,0.6296375996058811,0.5203540694318675,0.5190213409498998,0.654170247143849,0.5785560773896135,0.5558197421644478,0.5162803826972594
737,0.526824586081556,0.5329376240878693,0.6579739784120541,0.6250241565295153,0.5211636375843272,0.5174632486084154,0.6524976759783819,0.5793791950214179,0.5494881459236678,0.5168587896952289
738,0.5212709517909742,0.5393652643083354,0.6362044867802833,0.6226887236737272,0.5203461415786051,0.5180782181559247,0.6472343906274669,0.5770625096382683,0.5453118039976923,0.5186177271260196
739,0.517765249918109,0.5429719267873209,0.6223154185876614,0.6223680486120609,0.5195747123550335,0.5188346181051489,0.6435354687357229,0.5767032460527302,0.5420700384811672,0.5200968305100505
740,0.500342318355841,0.5604523491306292,0.5684873053723057,0.6623544880468472,0.5115955495668416,0.5265942655120704,0.6243179340150383,0.6048635997334144,0.5212129453151989,0.5364643737922418
741,0.4999616809285079,0.5588837501008735,0.572183043842825,0.6765097451837286,0.5095283435475426,0.5288685364074317,0.6249179991985813,0.6177571251142342,0.5181583494989935,0.5397979018757731
742,0.5009177396825392,0.5558381685171939,0.5792113392416378,0.6911420722321455,0.5074967162537504,0.5311933420950107,0.6261656415152492,0.6328515419600027,0.5154964462214138,0.5430545409941805
743,0.5045411083453004,0.5499011131312783,0.5901384305268451,0.7056129217100906,0.5057413756572168,0.5333375244427416,0.6275696609118243,0.6530172673555003,0.5127716796745236,0.5465759417896006
744,0.5063578712470186,0.5462237003210103,0.5952789927551776,0.7088759636568772,0.5047419308782495,0.5348829493864774,0.6268097751067849,0.6584553554675543,0.5131191949282812,0.5475552945029447
745,0.5079984300185292,0.5428472212425014,0.5994788775055343,0.7105355511087365,0.5039297709817689,0.5363472734521517,0.6255565266772621,0.6619495955775376,0.5139048178878433,0.5481932968297474
746,0.5190673194747076,0.5290064814402171,0.6062082694663147,0.6983733571341886,0.505885534075015,0.535383072014625,0.6181328888522223,0.6752494126200412,0.5137870151806969,0.5494943746739122
747,0.5304153069837153,0.51501776007798,0.6056650894344306,0.6659749162993731,0.510945887190096,0.5317763618979131,0.6043330188820829,0.6695530881815539,0.5168634961774399,0.5478901484962433
748,0.545589602073592,0.4964388238478415,0.6168728590389377,0.6107165616652702,0.523628370258711,0.5212101523059188,0.5868202998897708,0.6403867662208758,0.5258376128353274,0.5416533547060216
749,0.5472466094030511,0.4952799888157397,0.6197742697171829,0.6071067044560147,0.5255567637930423,0.5204697004930863,0.5860800738481451,0.6370562588053156,0.5270893718027612,0.5404572707939722
750,0.5488092693107268,0.49438734316354993,0.6229985795905305,0.6038098236134276,0.5276218035205236,0.5196255118855966,0.5857522986290761,0.633948616304704,0.5282488411620623,0.5392588931765976
751,0.553023170589625,0.49059958989029295,0.6729454343276484,0.5982012862881048,0.5403874707721054,0.5082345145066766,0.6033739599220242,0.616229612482128,0.5378563683382597,0.5325906977320726
752,0.5523702400074948,0.4934998834834339,0.6970565249871145,0.605465966603591,0.5451953549208397,0.504479099920977,0.6187410772513707,0.6142333136053963,0.5407243791867177,0.5296564142940069
753,0.5472588920631971,0.5024522761183213,0.7226706193269757,0.6197891670415289,0.5489946083759253,0.501645161173376,0.6441022153087116,0.6132697779615718,0.5438682550608732,0.5263617347823594
754,0.5459191691410972,0.5131799369158444,0.7233170621753634,0.6144406257604458,0.5582915257541964,0.501285077754463,0.6567516975456273,0.620113513674885,0.5360980904477234,0.5214636818180252
755,0.5451759823022123,0.5157280515383967,0.7212749383176894,0.6135367793373754,0.5594385968604589,0.5018832765511955,0.6586920447067505,0.6209320995489921,0.5346744188482028,0.5208176948386937
756,0.5443645059751155,0.5182997717532887,0.7185030317488497,0.612557961684397,0.5604484243092634,0.5027008022718668,0.6602673243855143,0.6216086924416274,0.533209421223095,0.520236999024401
757,0.5362580262656761,0.5300130777923951,0.6941848836802249,0.6141812412267373,0.5555901806100498,0.5097173541803355,0.6626283335136977,0.6150532250257714,0.5309975672021396,0.5202863824154532
758,0.5283294029083495,0.5405155512949101,0.6603739957159649,0.6154285253104751,0.5477808868970564,0.5196042031081048,0.6560448762239236,0.605272322853933,0.5281432033814398,0.5209695211550674
759,0.5126031969455479,0.5582589415334969,0.5876585708672348,0.6446422630390622,0.5186084184639815,0.5486021923072998,0.6285856607051252,0.5907709808383992,0.5220570341419998,0.5247262559322546
760,0.5105122100712743,0.5588079788196343,0.5813339379526514,0.6598942140924834,0.5119162142216623,0.5565356487418156,0.6249248110753282,0.5948725504127692,0.5209210621746653,0.5259357374199537
761,0.508669178504386,0.5536015527716636,0.5850001639265652,0.6731659943012546,0.5097923234261597,0.5680196075929339,0.6225234184768864,0.5984681447729335,0.5219950404050379,0.5277213903699405
762,0.5131115039276826,0.5456044665948686,0.6021509080699256,0.7211275685876282,0.49487989147919115,0.5828303448431417,0.6227709201002157,0.6388972043281967,0.5223650367361057,0.5290769597007363
763,0.5134035650281745,0.5433966466816642,0.6051398702881969,0.7214230418293571,0.49547008694430184,0.585189683276378,0.6210952133538296,0.6398550603382459,0.5237732844190532,0.5293812595181467
764,0.5241735477180265,0.5293228628711969,0.6143110554881998,0.70306630984613,0.5046532166888061,0.5809587180635297,0.6138646930814984,0.6587180744904022,0.5262284999198442,0.528486344521372
765,0.5253931895892464,0.5269722271041691,0.6155709011092687,0.6979039057875414,0.5072929646584502,0.5816530429104445,0.6101627564262526,0.6578118921724826,0.5278466861690928,0.528440054217371
766,0.5407950142744827,0.5095105321891131,0.6213611025496159,0.6221780795025668,0.5416784889194917,0.5536396542473287,0.5872796725229574,0.6413882189409171,0.5302764278045621,0.5262353297837059
767,0.5432204500257677,0.5077335439019512,0.6261278193508287,0.6103104317926777,0.549809630709562,0.5482981052202428,0.584046474722904,0.6358783177482102,0.5311176892062809,0.5257363726495745
768,0.5471145030761031,0.5048619409687504,0.6457613051587224,0.590133493694864,0.5683867314705574,0.5320073388525887,0.5849453384767849,0.6255983405574184,0.5315152566634065,0.5254176794765154
769,0.5484703058805737,0.5053455688210372,0.6664152488575067,0.5842215514727491,0.5816631178089356,0.520662934089116,0.5932231742538053,0.6217259617503013,0.5311607185294626,0.5255071024052813
770,0.5353749135993356,0.5230204438923245,0.706478651188309,0.60779988131681,0.5973696702123383,0.509216060944082,0.6550214408319777,0.6213009374805307,0.526807233313443,0.530376365184643
771,0.5348433013566876,0.5250764254937083,0.702659552750623,0.6060831403070264,0.5983848223002222,0.5115981251601441,0.6556314813604237,0.6214885335097299,0.5253075138404428,0.5300092973312391
772,0.5304749605144059,0.5314847516034517,0.6833258654433615,0.6067870276326148,0.5930107324405193,0.5209628467133829,0.6571632313643964,0.6163032417461224,0.5230882364474235,0.5303102967916222
773,0.5294067227700751,0.5335878169469573,0.6756227091070043,0.6060831225917975,0.5921194579431974,0.5252312995806246,0.6560545547150054,0.6149621505331424,0.5216771724961023,0.5300755814582229
774,0.5164653912393843,0.5488147550999823,0.598679674963965,0.638275650827738,0.5442862930256359,0.5716315784530804,0.6297426648888541,0.5883650413778617,0.5204267254626279,0.5297382598870297
775,0.5143320285396005,0.5494032809411669,0.5895194661198893,0.6758836736923117,0.5195286480541386,0.5949127344589968,0.6185221827141789,0.5926711812946746,0.5227082472549514,0.5283351676645456
776,0.5146499449269698,0.5467896669637566,0.5947174714839472,0.6961281857803899,0.5102699088454599,0.6057933007113364,0.6153186207462339,0.6012667376023609,0.5251479701889921,0.5274510839133656
777,0.5174729359986541,0.5410402270936586,0.6071018468397084,0.7160801830715,0.5029154394251569,0.6160707051007079,0.6126059798264621,0.6190876071787579,0.5292051373969311,0.5255731489958784
778,0.5172886829293123,0.5393498922137193,0.6093580805923139,0.7156496062982831,0.5042782910495364,0.6187115156621235,0.6104968970184733,0.6187435826863222,0.5306934165859744,0.5258618895861672
779,0.5265218786834646,0.5270823635919912,0.6198557097521826,0.6961171871370889,0.5157618402262278,0.6148394889928769,0.6002091729785458,0.6402574330812532,0.535986144068032,0.5222373221004704
780,0.5332525880616391,0.5195599610619237,0.6219268984621981,0.6534934964944663,0.5419591116506166,0.6089147350329447,0.5772778416796682,0.6329567541484517,0.5435521747395381,0.5210143032465282
781,0.540354906800619,0.51418936151746,0.655911798326359,0.5812682198270339,0.6094097549256278,0.5396716929355894,0.5789930760687777,0.6165231713192172,0.535817194725897,0.5267811104679816
782,0.5424799165714953,0.521295993969657,0.6661580610750376,0.5720651439726835,0.6263512243165317,0.5342035547191337,0.584994916640074,0.6165721950417842,0.5329775398356728,0.5264915501150974
783,0.5414515874281475,0.524593392305774,0.6780761095195049,0.5726305522281081,0.6385056175492999,0.5263831513302811,0.5968351430044747,0.6181368010197354,0.5291963836743032,0.5293063718510507
784,0.5400906809783979,0.5281743871453954,0.6853954168487435,0.5747045333913832,0.6474604861440324,0.5229202068559688,0.6082010701565566,0.6198352548601277,0.5253778264042203,0.5319254066195311
785,0.5403922900841723,0.5301888528746356,0.6854079076243687,0.572356276992757,0.6507000937224042,0.5237784195009454,0.6093303120388905,0.6205822229598738,0.5241936843000612,0.5317899389859801
786,0.5267894666362843,0.5470299343952917,0.5986392789386498,0.624305218913706,0.5841470504315057,0.5906807412898271,0.6239828449410544,0.5779116733594508,0.5134889749836747,0.5414494517042069
787,0.5265225284315697,0.5463440011098382,0.5968859637069323,0.6266019251340609,0.5827157645854951,0.5946968065245947,0.6222342245728171,0.577208285900615,0.5135683464055633,0.5412594974851943
788,0.5279903289965866,0.5423114971230626,0.5911041903128479,0.6829520606211116,0.5282659507199337,0.6435066227164419,0.6042494632841934,0.5798917806163763,0.5265960094258928,0.5314354170816196
789,0.5323589091436064,0.5342518803186128,0.6115317831813314,0.6992570834572267,0.5193827217192971,0.6621926737158894,0.5934005646513298,0.6023051557251774,0.5399699428895463,0.5217028464122171
790,0.5329194948069222,0.5321358840779566,0.6151980804088372,0.6946139297069445,0.5235567696516562,0.664394765566081,0.588217699638053,0.6044473350182629,0.5432149914018766,0.5205589641315174
791,0.5347066279961947,0.5292665434130809,0.6195408101236403,0.6803179943974172,0.5330940188217524,0.6621148899414839,0.5793909876312744,0.6091562667539719,0.5479190632385689,0.5178132206738296
792,0.5397186155535538,0.5259694853790002,0.6230237142939614,0.6142548552005213,0.5746898535736407,0.621418844457332,0.5594169004157229,0.6118371284161528,0.5508076063475419,0.5144136579534685
793,0.5388099785011196,0.5293531576984524,0.6598184313418576,0.5655852791346369,0.6487652308747761,0.5448604020352071,0.5764164215155732,0.6098157150887571,0.5347816291252577,0.5275140025912157
794,0.5391056747903503,0.5314373896171807,0.6614700410876352,0.5631603365798609,0.6538825528433204,0.5434866608025425,0.5782442050106189,0.6102200139586124,0.5335040347500152,0.5279995988953808
795,0.5380100514789065,0.534437552680241,0.6687812591021727,0.5637573832432861,0.6675727922091587,0.5372004990660757,0.5891722489620206,0.6117351332137035,0.5280703320700031,0.532194328226255
796,0.5354912383023747,0.5382462606609497,0.6715745799253496,0.5705912126851808,0.6807975826330462,0.5360939609740618,0.6073411272292057,0.6119570693718861,0.5190224436453986,0.5394678403422889
797,0.5313783681364392,0.5442257229528996,0.6058857940289201,0.6078980958301181,0.6259882442931965,0.5876565577796755,0.6195998705199571,0.5773432600126416,0.5068691597766155,0.5495817327521708
798,0.5316042407435311,0.5437278185011297,0.5932297439351274,0.6194293286747199,0.6058988207627278,0.6042882043636315,0.613744402521336,0.5701010581326666,0.5084338285225195,0.5480856890667531
799,0.5320240975007244,0.5423474361876504,0.5852046891621044,0.6348599913901415,0.5839982642151216,0.6228215918127239,0.607037414407034,0.5647400276809924,0.5120667657579875,0.5453913475190377
800,0.5317736850751649,0.5412439725017049,0.5850375601977462,0.637248350535015,0.5821676742172799,0.6267038599027783,0.6050206778528726,0.5641137592673082,0.5128545999562555,0.5450975294093505
801,0.540003485039146,0.5304813406648224,0.6153610349392579,0.6493763234339975,0.5525654234449303,0.67435713228381,0.5678867082676058,0.5971366596965546,0.5527558113984951,0.5118529413035109
802,0.5402210226913873,0.5306223763271396,0.6165260717593317,0.6375897281087761,0.560702166562734,0.669516358508216,0.5619061902308927,0.5967541427899979,0.5548019749195741,0.5111894068580156
803,0.5405670752978047,0.5314578127719634,0.6180405626548889,0.6186174175032094,0.5736812748979713,0.6570630637141734,0.5547493272345433,0.5966671425197657,0.5564045266984161,0.5104756564660364
804,0.5407225506934835,0.5331078360122476,0.6200862827939494,0.5986336378490177,0.5888496743063549,0.6401013678880776,0.548813521992546,0.5962372190204147,0.5567162255744403,0.5106223044833673
805,0.5399994191474095,0.5367095114261414,0.6286658245799914,0.5669161318678746,0.6227706110033556,0.5997002979182476,0.5467842591246865,0.5967991882435136,0.5516925275241498,0.5145950692990836
806,0.5397105579266296,0.5391727589053598,0.6324909674564637,0.5585331508656622,0.6360326076206542,0.587413962619692,0.5479379432860904,0.5969096750809129,0.5492243224103912,0.5167926563465877
807,0.53743909269006,0.5427217977056344,0.6455888424837739,0.5495767786068123,0.6725622744568994,0.5595387220813357,0.5611292783865929,0.5996133060062466,0.5379602026145368,0.5263112652816795
808,0.5360251673829313,0.5451066544671402,0.6509436694226272,0.5503357314363461,0.694867788561015,0.5511556434422913,0.5736719382516108,0.6010174466554451,0.5286421914313278,0.5338633287929392
809,0.5362831117377894,0.5437629134415306,0.6021558715356885,0.5936458919690029,0.6650129171226815,0.5884319631311544,0.6060028814218598,0.570446777716952,0.5004851571797131,0.5572718725688587
810,0.5366011082231292,0.5434470074581963,0.5983559378345764,0.5947835746759318,0.6610564257832982,0.5930796624802336,0.6041651037188445,0.568669494902788,0.49994339933735077,0.5571344635984811
811,0.5367825669696937,0.5431332921134154,0.5958220115063116,0.5952771976482278,0.6587538075765117,0.5965642577752184,0.6024055035465632,0.5676177913864641,0.4995240580800753,0.5569572938649499
812,0.5371982233155895,0.5425347857497188,0.5915517949877126,0.597964264835212,0.651973691543815,0.6022320879366329,0.6002578866599214,0.5651831950987423,0.4994078716786089,0.5566468097107304
813,0.5394467345345517,0.5399921580675234,0.5784817027569132,0.6169242053852914,0.6145043270663514,0.6259387905562114,0.5943762547226277,0.5547817941379993,0.503327299275911,0.553778462767301
814,0.5394949522776668,0.5388659752344197,0.5774702181762775,0.6197712760494267,0.6095241466386186,0.6308423639331857,0.5919657223548589,0.5534260794275108,0.5043943907212961,0.5531587825400054
815,0.5410427254238377,0.535855841319548,0.5752125844453861,0.6378666396607516,0.5812096282445622,0.6558367138384275,0.5854322233660033,0.5485291844809732,0.5122571631371418,0.5479197455839635
816,0.5403002610364441,0.5333381828488017,0.5770101311927797,0.639281924368103,0.5797672854311514,0.6620670190572499,0.5806497802135836,0.5472645408694818,0.514734159508652,0.5474513092281211
817,0.5412054102361268,0.5301706254390665,0.5830024329112646,0.6549672889420063,0.5609631130460763,0.6941688222393071,0.5724462539520428,0.5472138522503213,0.5278346008553507,0.5385900987461316
818,0.5411435333600016,0.5280366339616158,0.595134986525043,0.658150718147893,0.5570406268973596,0.7279830684476305,0.5605568354971071,0.554198983100957,0.5473251722037109,0.5238981587011922
819,0.5403164918706573,0.5277923747863096,0.5993176475180247,0.6499563095812246,0.5631903906243719,0.7335300604663427,0.553327166294945,0.5567560267932639,0.5545655885564118,0.5188921757413463
820,0.5394896764457449,0.5279368500516515,0.6015512479699339,0.6418367905558149,0.5691925006261017,0.7344931774760336,0.5473277345105685,0.5576256332006546,0.5590946708608554,0.5161923640394833
821,0.5383308021607086,0.5292793255455176,0.6036548611557725,0.6279870408133156,0.5774395633548381,0.7286035633313697,0.5399617754678929,0.5595875932991167,0.5643963945800334,0.5122912880782077
822,0.5356363186450752,0.5352082971429044,0.6060828029195268,0.5914140065783587,0.5976566181837292,0.684271266528566,0.5295443596194923,0.5648368290317931,0.5684308457681706,0.5074665809103829
823,0.5352707551751344,0.5366528130433204,0.6061362952964948,0.5859202003404674,0.6013703816954294,0.6790619472107998,0.5264908251132326,0.5638853968295431,0.5692491967701784,0.5075395754080578
824,0.5349063057393076,0.5382275294581843,0.606126086946697,0.5805926168567023,0.6050005126114373,0.6734763647248423,0.5236696906774341,0.5629763411174702,0.5699220897987601,0.5076828927814185
825,0.5336524093392323,0.5416280307129308,0.6071049830236123,0.5681202678358249,0.6161257964294448,0.6509735578771806,0.5211311622261616,0.5634788075331805,0.5685735426640051,0.5089323082039459
826,0.5328541896371506,0.5443951884571376,0.6077323866342106,0.5600253605137901,0.6252499204282747,0.6355797231503291,0.5197803105938527,0.5634768326299988,0.5670157112848988,0.5104880334669073
827,0.5277197114893214,0.5480691088595946,0.6172379120491052,0.5496632655177833,0.7297448150693393,0.5691149647970353,0.5463803009466898,0.5666378961826917,0.5282849837737058,0.5431670341024875
828,0.529532676225104,0.5452267580516931,0.6082579410465044,0.5568275991563961,0.7524474179328234,0.5758094757322066,0.5595015119663262,0.5618224450878063,0.5097526055567637,0.5574281305951225
829,0.5387429938255378,0.5343030102882902,0.5749639714127133,0.5836618973281053,0.6892292716986533,0.6017072654590603,0.5693395952533441,0.5401025595699002,0.4922817992823338,0.5700466373671478
830,0.5399112862035937,0.5307810742440664,0.5690956405123754,0.5851111506051491,0.6679643379285203,0.6123686617809511,0.5611363336106793,0.5358481802786679,0.4925815952133786,0.5690899638459791
831,0.5453485245134329,0.5237080895675247,0.5657984617456506,0.6120746119136157,0.5986246110356205,0.6642063133825388,0.5528485486874177,0.5252032083856071,0.5099282673116976,0.5581696685618013
832,0.5452417542658479,0.5221706089813234,0.567394967694007,0.6141669091843851,0.5933693899409056,0.6749114636391043,0.5492091789054347,0.5240260489729931,0.5142054419103308,0.5559372232300992
833,0.545186995944079,0.5204415853076028,0.5704209947299089,0.6179521230372029,0.5867823071026802,0.6956102252984753,0.5442559635358376,0.522749117045687,0.5223097433079209,0.5511596443372797
834,0.5443314486682875,0.519599842644476,0.5776820104857262,0.6220427104114943,0.5840013176026612,0.7420610621172183,0.5353188313919701,0.5229499342049773,0.5417578819898264,0.537831337386847
835,0.5434489851392608,0.5189510102184174,0.5793463080196912,0.6197186181568939,0.58746834524724,0.7487519633512991,0.5314519142459729,0.5222137655240601,0.545220827942408,0.5363713281734828
836,0.5421275625266218,0.5190002117083711,0.5819019265461868,0.6164296650141168,0.5922741151694237,0.7611008375683933,0.5263202657340623,0.5220957842361038,0.5520669469918497,0.5320953219274197
837,0.54033924483198,0.5199507061742537,0.5843468999011912,0.6111447493746902,0.5981322284364186,0.7720734051594729,0.5205815943705854,0.5224260455834534,0.5600941700932509,0.5265165320849616
838,0.5395673148051144,0.5195486660170383,0.5850924584761403,0.6082597349583619,0.6018051550897943,0.7745554352920944,0.5172759326422245,0.5212049805860783,0.561810885541393,0.5264634295211552
839,0.5348244704643449,0.5258603226627819,0.5867761212511424,0.5919315040618774,0.6075958615371491,0.7675269295718393,0.5083726595053671,0.5244732932530088,0.5759762026398911,0.5134152782695487
840,0.5315020482361514,0.5308779373734155,0.5861935155880603,0.5789314999703777,0.608514822734312,0.7424253359624025,0.5031970808446703,0.5257006327380491,0.580701880661844,0.5084903069302035
841,0.5272818142075458,0.5381007185927756,0.5846926468592198,0.5630571136082575,0.6102734472216985,0.6913506494390262,0.4996075188841817,0.527516677544161,0.5810471872155129,0.5064880569281366
842,0.524598194520601,0.5432274686344403,0.5835671816473188,0.5531764832212416,0.6181874661248847,0.6514184247305778,0.4985570017674235,0.5281900651328194,0.5773862737490227,0.5089368907542093
843,0.5206863286052844,0.5492677868300134,0.5826722404389358,0.5436443301925649,0.6734705686694059,0.5896590733433419,0.5048680657087319,0.5298083760799038,0.5568759475476043,0.5260604495868549
844,0.520695667389625,0.5500018380276432,0.5806272796407783,0.5416119822111612,0.7125241498136023,0.5816879599796252,0.5092508314753651,0.5293704125395947,0.5434868274306262,0.5372409070826218
845,0.5286785549635248,0.5364146871433517,0.5648873669665041,0.5543856095562265,0.7728464462345117,0.5916162526257923,0.527140374295707,0.5210696122885972,0.49605532064505864,0.5736484147335902
846,0.5301784765188061,0.5351189142343552,0.5618723320271704,0.5530704221383832,0.7686911505241347,0.5932900347750412,0.5267389602792154,0.5199938434054496,0.49265940515106754,0.5752115451079443
847,0.5376652803381907,0.5253867828202462,0.5529184656364686,0.562848936281506,0.708690130127079,0.5948847557404481,0.528180113404123,0.5127067563178334,0.48499746273537603,0.5797905474678112
848,0.5382585041082141,0.524273186052697,0.5519954812244288,0.5621725390384367,0.700579835153094,0.5960776253867579,0.5264873164404534,0.5120312424830293,0.48487317020762016,0.5795435516976939
849,0.539064542889375,0.5227633700810976,0.5511314100444021,0.5621999068551825,0.6891641322451074,0.5978712602653445,0.5247317406711858,0.5110891679270475,0.48518193394698794,0.5791072372254552
850,0.545453468263705,0.5137942719567641,0.5520855562299233,0.5779815784600841,0.6138119521391194,0.643898916737246,0.520247962362093,0.5038950854569754,0.5022853759058479,0.5695106621615088
851,0.545837687461632,0.5117348655852916,0.5545089474925292,0.5805143850729189,0.6033373394756871,0.6698759846227519,0.5165272054881596,0.5021783412198028,0.5116224411116049,0.5643650967313644
852,0.5413745740501121,0.5167272346539789,0.564604027550184,0.5798573564803273,0.61266086336067,0.7945784802725595,0.5043885368099481,0.5015760727543904,0.5631331037064912,0.5274119105521705
853,0.5381078177460481,0.5204541744523709,0.5655982859193308,0.5725096897284064,0.6161544092354061,0.7971759130104745,0.499600991236171,0.5018120336195925,0.5726451600540535,0.519446610444577
854,0.5355737708235125,0.5234419882471101,0.5657839478642744,0.5663052885492315,0.6166611671393403,0.790798372232941,0.49581509491347775,0.5016752737887005,0.5779515247098401,0.514953989500753
855,0.534820583244433,0.5237361250124928,0.5658765883753494,0.563637603612404,0.6185423020126786,0.790869349396323,0.4932853595905726,0.50057174198513,0.5791988692152021,0.5148746663261812
856,0.5271455447048532,0.5359405015402264,0.5636347263659472,0.5479880999692661,0.6047615661549295,0.7214951347487861,0.48849558672749416,0.5033038519499508,0.5859408955083572,0.5051647374269058
857,0.5233590957718427,0.5425643608066079,0.5615062454385978,0.539808116709985,0.603249574733234,0.6716847839806132,0.4866159108484122,0.504201308018232,0.583773444973826,0.5055030659355444
858,0.5219002074476775,0.5457543290929546,0.5599616971540021,0.5354704497076278,0.6062787183300293,0.649883065743437,0.4853934151129014,0.5040517338849639,0.581604745001764,0.5070476401626414
859,0.5212377811690924,0.5478558692482463,0.5586032851606888,0.5322061189253275,0.6090677816600885,0.6383424833916906,0.4842786555340907,0.503592091099694,0.5801672739605097,0.5082139619007778
860,0.5177246393916257,0.5530196414304829,0.5529721555785894,0.5278277612983127,0.6834817976168102,0.5857216745265375,0.4876247199724328,0.5047977304667557,0.5555395661317016,0.5288304678857848
861,0.5192452471075383,0.5506092068006205,0.5472894587492613,0.528166933145655,0.7526967977360702,0.5886467381696622,0.4914171785130624,0.5037239251092798,0.5327969770956439,0.5474439586457708
862,0.5213711568335718,0.5482073089180732,0.5432439152843846,0.5273921607208194,0.7810923455417945,0.5945898724572233,0.49296687806659145,0.5026285029908073,0.5207575189981835,0.5562025142219565
863,0.5300509382730817,0.5347576058106681,0.5338266004606034,0.5344787364124881,0.7894282900314271,0.5954861412272177,0.4983317801915641,0.49756124191194917,0.49060233156065747,0.5767779442809211
864,0.5404031491828761,0.519986641427915,0.5285248584680493,0.5435620920754437,0.7055395295446987,0.5833328066294682,0.5007783888068628,0.4911571495113722,0.47886502197413133,0.5836716031525279
865,0.5449241850490373,0.5130893260347137,0.5287235427118057,0.5476397701077736,0.6523076483306349,0.5927057276102525,0.4998996657943542,0.4879371249968927,0.48282285356440624,0.5816016625381412
866,0.546174216460748,0.5102163590368698,0.5297128627312195,0.5482689000306261,0.6318212308151435,0.6043405245683707,0.4982112556313575,0.4866049607738162,0.48726847923573635,0.5793421246332247
867,0.5483848632900234,0.5057768674772853,0.5336341294069822,0.5515444203989573,0.603012397508669,0.6607675308805593,0.49566706252755666,0.48389348844696384,0.5055075838297256,0.5698114840165363
868,0.5428923856783665,0.5007693265007432,0.5383776251005382,0.5394611401219549,0.6068654627034028,0.6820876432805738,0.4834905964910598,0.48109898325273104,0.5145648353791321,0.5679780079521173
869,0.5420229979472386,0.5001629622712294,0.5391347984215119,0.5378384921922114,0.6084219165656058,0.6895702094254025,0.48206784049123175,0.4807147435689827,0.5171048110129844,0.566999130546126
870,0.5410219591060053,0.49972550253367853,0.540106955440854,0.5363621668453954,0.6117237734569664,0.7053994703525223,0.4806190087190777,0.48026169365374816,0.5220932305714681,0.5646261644323911
871,0.5398978075012417,0.49945622993315025,0.5409664252134604,0.5348517833838008,0.6161292084812006,0.7214357844486539,0.47925547692505654,0.47980679327843584,0.5271903245979704,0.5621452201215333
872,0.5387634716829106,0.49920834573604356,0.5416388281367038,0.5332768424331141,0.6203832683736739,0.7333650124221314,0.47803939928543393,0.47937335920820134,0.5311203310751332,0.5603209789280561
873,0.5350854962551451,0.5026800545524951,0.5418915845689264,0.5320604719488337,0.6400076782162134,0.7958900736583742,0.4762083353169788,0.47865802930797363,0.5529205639325209,0.5460860161431091
874,0.5331834442622789,0.5037468445678733,0.5418081173468798,0.5304120036809549,0.6456957633907585,0.8081690424807133,0.475083134651244,0.4780945411760068,0.5587446129370859,0.5422880112714988
875,0.5306772324441376,0.505813301934583,0.5411521958798492,0.5288192003177804,0.6505026051550842,0.8199989418711644,0.47401164616872504,0.4775164124371484,0.5662294557804689,0.536699270928855
876,0.529133923417754,0.506567887786606,0.5409176912566127,0.5272342402624548,0.6527698128119761,0.8231998128129289,0.47319708265599875,0.4769714446809289,0.5693913171827039,0.5346321258728354
877,0.5153147552706207,0.5268574308184066,0.5272641560685313,0.5274317542813487,0.5995573364677634,0.726561959909601,0.4722206014876757,0.4760279577447886,0.5908704935044221,0.5054042347187213
878,0.5130614993660441,0.5303708611763991,0.524177047367889,0.5260680907775357,0.5886224437251744,0.6942601342259855,0.471771011842058,0.4753800392466885,0.5904943257469848,0.5039280912376357
879,0.5126834999308736,0.5309952578016375,0.5234931478361521,0.5241260893388394,0.5865137690824324,0.6902990976974034,0.47130600342820467,0.47485412136177413,0.590568160490901,0.503918519867569
880,0.5088311168254229,0.537814863471865,0.516308948143359,0.5241717341974289,0.584390539244158,0.6198258286986769,0.4712460272320629,0.47425212009129347,0.5836891912117917,0.5065424773230645
881,0.5079173372921563,0.5402611658208449,0.5126833054030586,0.5229200977506973,0.5991413031409845,0.5967082971872454,0.471137565985951,0.4737935683690039,0.5778046546713894,0.511011983670679
882,0.5077244683608524,0.5417740841202783,0.5093060081273819,0.5215100529910437,0.6251535015857721,0.5836329971886051,0.4710847184671868,0.4734074879935189,0.5704364894788547,0.5172645483845488
883,0.5082458171583788,0.5422694156498017,0.5062477489648388,0.5199148877478461,0.6602189356297326,0.5799091428790081,0.471069242771145,0.473088086926102,0.5617536815554031,0.5249093595365377
884,0.5178831312314205,0.5279730658454919,0.5012304064937134,0.520796090914365,0.8048534227225882,0.601572031780855,0.4719195857523187,0.47241456682832544,0.5077437671065002,0.5691228634658216
885,0.5222192401082758,0.5213656430627521,0.5019255838991792,0.5180990664880346,0.7968638028427528,0.591943535172993,0.4719298266703176,0.4722287715218122,0.49405029567717024,0.5775121207410935
886,0.5240602329397328,0.5185346718492685,0.5023114451640255,0.5154487457716108,0.7862604942526551,0.5853120408459231,0.4717879261375524,0.47217916443698255,0.48906059155224774,0.5799791905952836
887,0.5375392849631945,0.4948630668370334,0.5157114034181194,0.5119520295998908,0.60775516828969,0.6043456670968586,0.4720061947082754,0.4716188013412451,0.49300323865061946,0.5809301258881927
888,0.5369089427337734,0.4940186146965976,0.5167932939179711,0.5103357895115298,0.6050537699198787,0.6182343679883803,0.4717630514317373,0.4716028583059451,0.4968051703805159,0.5793841856771859
889,0.535292000276504,0.49421470561846276,0.5201801191527309,0.5082245121195818,0.61582843511989,0.7137175671786493,0.4716112782510495,0.471518972049527,0.5221184595700796,0.5675489252826713
890,0.5313350709742398,0.4980943408009061,0.5210038666335567,0.5067131206269457,0.63921095037047,0.7918501583605881,0.47152069246443057,0.4714661506389187,0.5459405797573913,0.5535749020099654
891,0.5293310727612935,0.49930360910333427,0.521061974138472,0.5056382779828595,0.6450745568925307,0.8069334147377534,0.47156029096435187,0.47144007305959257,0.5519063654568247,0.549837127630972
892,0.5267238431226042,0.5015034967474296,0.5207025641905594,0.5047360356640657,0.6502395726736543,0.8225139622601239,0.4717143679813458,0.4714372182654597,0.5597710769229264,0.5442132321360909
893,0.5093943261142357,0.5278937976335591,0.5062670322161399,0.507187653786092,0.5748042645490306,0.6928624825617069,0.4719019756740502,0.4715441670169202,0.5895412825084074,0.5033403695328859
894,0.5068560944080616,0.5325125328968842,0.5021540552388095,0.5073097836753715,0.5670959642680026,0.6419166465965914,0.4721412537224151,0.4715703753699213,0.5868232769439359,0.502253113530915
895,0.506301491586797,0.5338356998403274,0.5006755277037366,0.5060581983270531,0.5677137217707762,0.6286328680895391,0.4724936356105254,0.47156066539784647,0.5854271300939022,0.5026461965969177
896,0.5051054225151532,0.5372010930393631,0.4957528470588763,0.5065818113277614,0.5966043565602533,0.5894331515818996,0.47278382349912207,0.4716596186841407,0.5766728629710514,0.5085088491160688
897,0.5286159919570841,0.4998595070828258,0.4976261123832754,0.5062326284993505,0.6952443185506055,0.5493710189452171,0.4717435676518817,0.47280916960683544,0.47867889274626696,0.5857418599993732
898,0.5302628959339418,0.4957383702873911,0.5005814406282695,0.5031296917373014,0.6566742441878543,0.5481638695578199,0.47197972758258044,0.4727895291229355,0.4786883531427065,0.5860292405176111
899,0.5302645858734323,0.49433247981998435,0.5017076628191971,0.5011021837467388,0.6441551778171274,0.5511838345025304,0.472351669744929,0.4727904727072472,0.47957250606642704,0.5856440984648342
900,0.5310735204462922,0.4908899055519066,0.5052851449591257,0.4980840211232162,0.6112064405723475,0.5794588518416168,0.4728021391133797,0.47278669865601974,0.4868585307830439,0.5834096973448211
901,0.5266537383946484,0.4943087125416891,0.5102170367394859,0.49444285160304186,0.6330383438850716,0.7741747440693587,0.47334191655333974,0.4728706805733415,0.536735412022851,0.5610963135473844
902,0.5206658554400936,0.5013988405148188,0.5089237839762287,0.49441544419787065,0.647754542405636,0.8297650555035692,0.47417980272342364,0.4732169065789334,0.5608819412875015,0.5440288567164913
903,0.5176128789991279,0.5044989889417123,0.5079254904175889,0.49438776700462467,0.6454012499693567,0.832981090200847,0.4751590577884857,0.47358756945177766,0.5684312812746494,0.5372708844385541
904,0.509303302033438,0.5163727058945918,0.5020953433683543,0.4969261313302825,0.603903675423116,0.7742810133689657,0.4761527422060059,0.47429535095036646,0.5852124928067934,0.5145911554857705
905,0.5068829190901005,0.5196390210277909,0.4999783567406315,0.49720664364237105,0.5876102436445341,0.7421182954852608,0.47721245442415966,0.4747718406481282,0.58723313332171,0.5095504027842275
906,0.5040634584619622,0.5240907903564596,0.4966282107531147,0.49811412762360113,0.5681840845529945,0.6909633752063034,0.4783127137583067,0.47537000489490644,0.5880243073255306,0.5038735141921975
907,0.514127007732336,0.5139542640338464,0.4842792847771396,0.5045608492728837,0.8116226198904964,0.6059292215025529,0.4779702407103313,0.47904260994380815,0.5124953392002625,0.5636418074488169
908,0.5161101655226062,0.510790102744138,0.48526078154880303,0.5017440127581574,0.8067386653009385,0.5983623697882922,0.4784435255803532,0.47885643425069424,0.5057218180720948,0.5680569084989104
909,0.516932668983875,0.5094450738626325,0.485680897827212,0.49940455815852397,0.8031391597232772,0.5939289680813551,0.4790412646137955,0.47863689327701253,0.5031210339581894,0.5694612296522589
910,0.5266021234575635,0.48927268643743604,0.4971125371367219,0.4912703191000476,0.62022840616994,0.5644772443907056,0.47849706520165514,0.4779932344369785,0.4837059275635417,0.5837119061232252
911,0.5260319802074035,0.488358931245948,0.4981157746270751,0.4899072689558076,0.6108867046113577,0.5771483752708202,0.4794600634833338,0.47800453309805757,0.48618920246442676,0.5830178796767603
912,0.525088400733551,0.4874854557742714,0.49972822126765376,0.48835670328647607,0.6002567850218777,0.6142008019237982,0.48032646418832853,0.4780140301846588,0.49384712266634173,0.580873768587825
913,0.5239271997128208,0.4872970074403838,0.5003784163469795,0.48761061781489246,0.5995770690144667,0.635211472194615,0.4815503014958899,0.478194496895822,0.49812934126002817,0.579518995889868
914,0.5193595091916369,0.4910658996515346,0.5009031163955389,0.48714476307619997,0.6230004175147691,0.7543992686143075,0.48185899541510596,0.47873507302923896,0.526806418128457,0.5678733148970303
915,0.5169457271886893,0.49268991812823215,0.5006512510580422,0.48735519363921204,0.6315425469975539,0.7819141719667393,0.4832727235418834,0.4794076158516347,0.5349831069515691,0.5635985147388978
916,0.508906735731005,0.5024327307210991,0.4968948535604193,0.4898356127184402,0.6387285495313691,0.8300447209781504,0.48359576753324046,0.4813709725110722,0.5649076274673296,0.5405791562366901
917,0.5023563244475623,0.5112238560774414,0.4921903325569522,0.4926412206650274,0.6050371240597652,0.7812626541513875,0.4844045033244806,0.48375738020475284,0.5801612629264102,0.5196742317629445
918,0.4997852094293963,0.5146208286686362,0.4900404643065766,0.49350614453569186,0.5859013669739569,0.7426287096353814,0.48586596029011775,0.48523882901200843,0.583483869298693,0.511875556313735
919,0.496846668279493,0.5197130468634156,0.48622084565962204,0.495154763150863,0.5636768984782293,0.6688099921141908,0.48728396039616506,0.48744117787816943,0.5851419750231562,0.5015454812589567
920,0.49650486186434506,0.5234422644155798,0.48128718377698165,0.49693089218136394,0.6036275667014666,0.5918908780765598,0.4891132278688862,0.49050831548699325,0.5771841385781747,0.5007871153037783
921,0.49765846271057135,0.5232016679826396,0.4807864942468564,0.49286465269150936,0.6249753898638829,0.5878353858091151,0.49309111874638145,0.4914031989770028,0.574687444555352,0.5025030679674892
922,0.49811335571526694,0.523034627514461,0.4806932067917716,0.4916501867102264,0.6330688379372961,0.5871065280156522,0.49456627397766,0.4916853143815737,0.5738090869220263,0.5031916629347998
923,0.5023626574497613,0.5194095430892605,0.4798334916485108,0.4906467630878519,0.7333297465281082,0.5966597903519618,0.49761639635868155,0.49299750850100216,0.5590629762194854,0.5191790906757793
924,0.5060500854706774,0.5150701398059081,0.4800966303168775,0.4889334086794332,0.7900594427771297,0.6074569146676208,0.4997000352467913,0.4935817771282515,0.5467675448130913,0.5324192880414406
925,0.5082143910002274,0.5122640460923954,0.48050988115533305,0.4872834093567409,0.8108763306527426,0.6090844417634592,0.501239897037616,0.4936504368548959,0.5397350994910802,0.539392790622163
926,0.5167184978342578,0.4967479078192585,0.48342457880477996,0.48393913275436334,0.7685380246551519,0.5731275149729654,0.500895491878994,0.49497827450222515,0.501170251943636,0.5701394671577193
927,0.5183775750604106,0.4917540376846658,0.4847821230329142,0.4823087244161559,0.7072764477642444,0.5553958997222463,0.5000728523991528,0.49520949665737213,0.4911215429844665,0.5767356117067676
928,0.5186597810972523,0.48840110101106154,0.48585282179852185,0.48127937888123873,0.6484636057358493,0.558303597750743,0.4986561433802269,0.4955596795091121,0.4867351241763472,0.5805610319170283
929,0.5117435893392872,0.4919024621702405,0.48617829601757095,0.4819932474497145,0.6069163763204786,0.751067982771053,0.4890810256765103,0.49828422181900295,0.5202595308592578,0.5729274388044981
930,0.5026448083325263,0.502511456308031,0.4842761835436785,0.48420635267782175,0.6203678001953459,0.8319657893369062,0.4875324131365061,0.5004539612751939,0.5572873167594028,0.5475711889038363
931,0.5000902741972523,0.5050570664681874,0.48379043557336754,0.48500599534244493,0.6133307539578593,0.8243015321783287,0.4897498988956839,0.5016879027858067,0.5636945089022835,0.5403079660709145
932,0.5027227853958797,0.5135116925949872,0.48137512679370337,0.4843829540846275,0.7576359011501508,0.5966335674049135,0.5079053018237221,0.5021780094495031,0.5598063381968266,0.5161644671592335
933,0.5070707488622086,0.508346879655916,0.48247546979426925,0.48244744087641916,0.8107111133428749,0.6050413406045497,0.5119792537778716,0.5018515314460212,0.5464868612610435,0.5313676713608905
934,0.5095814663211117,0.5048610149142707,0.483248941288245,0.4810579487564194,0.8248995100390412,0.603313041506913,0.5145161296294988,0.5013690187454156,0.5378397040181465,0.5402109089663258
935,0.5162658025365026,0.48827104697711105,0.4854147660896541,0.4793010869667811,0.6705069067419902,0.5599131356889779,0.5100932313814298,0.5018990098777675,0.49092549861893214,0.5774933177791771
936,0.5157643299025024,0.4877661440358987,0.4855538060355447,0.4793239225322994,0.660025355937558,0.5629815156729915,0.5110887223341019,0.5018717543596887,0.4903129109956781,0.5780655053963988
937,0.5130772746667691,0.4872159864772409,0.48498005210884726,0.4807267564449981,0.6014410634345462,0.6154860319605996,0.505485969742798,0.5035246901704659,0.4916722064148595,0.5816546697814071
938,0.5028443682280781,0.495904846575178,0.4822917025052236,0.4846301040191907,0.609272154195881,0.7962801896936667,0.493822819439527,0.5092584805858039,0.5285772534447287,0.5695171536312195
939,0.5000075756572895,0.4981393919040188,0.4818141198600716,0.4858060769345807,0.6127124167610146,0.8159275860251722,0.49470952951323227,0.5111816204893269,0.536549784038119,0.5644875034608434
940,0.49895655218461893,0.49833320465334835,0.48179444338035,0.48653246311896514,0.6120946496080736,0.8165488785408053,0.49731511709110626,0.5123501782693032,0.5369411713743479,0.5640982028116207
941,0.4976720019093477,0.49882322929647716,0.48171236415032115,0.48735875868371736,0.6116005335527999,0.8185364338017106,0.4998473555556665,0.5136413027455591,0.5383705135272755,0.5629375713153277
942,0.4913751303552004,0.5059376964639326,0.48053842818784737,0.48895935371581717,0.6009853229540635,0.811981587258214,0.4996620870040288,0.5171939101500075,0.5612656697479552,0.5403143560754458
943,0.48864863917001045,0.5094209688813287,0.48042459846533564,0.4892855086969557,0.5842318388542366,0.769786840215665,0.5022942535820072,0.5194149962176119,0.5709634467652058,0.5248163341126529
944,0.48799305601343507,0.5134539834354123,0.481679496300629,0.4870996860945858,0.5753281618895387,0.6524149852947302,0.5085626175483023,0.5215381033727843,0.580974661563755,0.49689420869957496
945,0.49046149507364944,0.5130395600301377,0.4833366299511971,0.48471125763047673,0.6106596461462078,0.6078703438412164,0.5152345668499919,0.5224628165272784,0.5808170544693104,0.4900896781918812
946,0.49458315485262616,0.5106493074897226,0.4853891874043228,0.48177620420085276,0.6749706297140772,0.5915244153225858,0.5230009800565452,0.5229251126392499,0.5773032669412832,0.4917767998575273
947,0.49635087900928904,0.5093180305728793,0.4863353314686425,0.480608167659919,0.7004127819890539,0.5907880352317142,0.5269081613073755,0.5230101247530512,0.5757522187430545,0.4939384779471446
948,0.497392141639154,0.5084765638622397,0.48699119722686157,0.4799751068722373,0.713622984236328,0.5904181160021597,0.529777693253207,0.5229733687759447,0.5751448188338019,0.4951247667127506
949,0.5043655635818286,0.5017481098746843,0.4897001354979905,0.4761823502328478,0.8024424395950451,0.6010284071314113,0.540305248995844,0.5226360549303604,0.5621246919821203,0.5138948782190937
950,0.5058577636795086,0.5000636824886955,0.49042300607671,0.4755265726275291,0.8136810139559953,0.6000880948529231,0.5434963133227239,0.5221355226608283,0.559316070640553,0.5181373300315706
951,0.5111100625459084,0.48585140889471834,0.4891963484430283,0.4779949124260048,0.6548654050144214,0.5817622617502312,0.5345841824416467,0.5252370329734175,0.49793372169639705,0.5769245760084376
952,0.5093879623883041,0.48616334596278904,0.48828829630288123,0.4800147508946412,0.6278253287501386,0.5980508584892306,0.5321078011723721,0.5259705066082841,0.4953753424113046,0.5800274600209334
953,0.50759688442906,0.48680787603245723,0.48746439195410785,0.4819699280554843,0.6111680391647362,0.6166202708818398,0.5305490898147083,0.5267533386561528,0.49462822839873827,0.5818816714995505
954,0.5045388110452008,0.48849245419182236,0.48598507211098624,0.484984828345012,0.5932284990568037,0.6526230745986681,0.5268825553319187,0.5284182136199764,0.495630465535477,0.583817668343142
955,0.5037279340193117,0.48866216672038804,0.4858490615693767,0.4860162819094819,0.5919292471245309,0.6577760388533023,0.5287748870362747,0.5288332521731667,0.49573293022944304,0.5839272031480207
956,0.5003723045219428,0.4908437965261635,0.4843835818071155,0.4890879817353335,0.5843231042834927,0.6958646645847466,0.526037739798666,0.5309113237382403,0.49905327932748766,0.5844143970572167
957,0.4894956500709023,0.4999721957516482,0.4806380959157136,0.4956025282610522,0.5904387852671752,0.8054874559384653,0.5141459902613355,0.5389492432294383,0.5250188483086273,0.5741126041528077
958,0.4847625657373019,0.5040960795193346,0.4800426793156084,0.4975181310234053,0.5909288706981471,0.8189849943697491,0.513197716850789,0.5431231091561594,0.5401584644761455,0.5622662814540152
959,0.4822171466793204,0.5062982063662732,0.4801842763180824,0.4983629369715341,0.5870808903476953,0.8098910945518063,0.5150477628257045,0.5458149941094447,0.5489869226545643,0.5528623158295224
960,0.4795129332082233,0.5096730500436428,0.48211794568545896,0.4966259192498038,0.576849841984404,0.7530104082662616,0.5174539665801821,0.548633188421124,0.5669127916579413,0.5270683132482705
961,0.47925210281263453,0.5100717334464188,0.4830602032775282,0.49627577964950886,0.5752926522253438,0.7318331945983518,0.5211471312985912,0.5499287580263259,0.570345399846072,0.5202323116245869
962,0.4806495300921899,0.5099649760658456,0.4866552685226885,0.49301588902956117,0.5849774578153059,0.6704960313267762,0.530014274195057,0.5513258700737111,0.5788209627767065,0.5010648665070344
963,0.48230109633259843,0.5091425666579841,0.48887517823018645,0.49073304894769854,0.5994520845062332,0.6444490704358902,0.5353878773180432,0.5514347210756679,0.5818064503122288,0.4932294291654901
964,0.4933553674097372,0.5019417862948508,0.49779439028976125,0.4775225782683875,0.7148170040957662,0.5951620300893771,0.5551634181818329,0.5497376822139908,0.5839425109887829,0.48275581743895357
965,0.49795572557136697,0.49819534162682133,0.5007297468801092,0.47374356130581907,0.7617256346938978,0.5952263314385862,0.564354101487544,0.5495902531510449,0.5815404562819683,0.4880577103796193
966,0.5078186249582474,0.4841718649712936,0.4982303912801672,0.47854656140719454,0.6583068234140173,0.6030778547912352,0.5653492778144181,0.5517250868326267,0.5082129759590163,0.5744398372352272
967,0.5051794139876646,0.4857073507904044,0.4956642942680035,0.48350748898049967,0.6242268578863213,0.6216368263717792,0.5606104391471752,0.5516443021504523,0.5022796924135078,0.5804806983010921
968,0.4821635996359665,0.5039724362178011,0.4818378668240813,0.5066002997063633,0.5733390555646812,0.8043132925204987,0.5297072688506069,0.5637508535053501,0.527822939622566,0.5741388136553754
969,0.47890593640326057,0.5065991209717412,0.4814575264469849,0.5084260204693433,0.5724904408563064,0.8024653103825683,0.5319097428009008,0.5664100278015278,0.538719900296704,0.5639471359097035
970,0.47744517648848855,0.507702474261379,0.4815943480421265,0.5094876001747397,0.5705701492634088,0.7941566431914827,0.5355417338358508,0.5680480138060737,0.5437705639344238,0.5580310782502969
971,0.4761610875879384,0.5087216437190996,0.48209803131727236,0.5100538216602511,0.5687832309474035,0.780572145392299,0.5394604159140073,0.5694435929186904,0.5496909205074832,0.5504543058282045
972,0.47520124936974306,0.5099824011992815,0.4851394073623509,0.5068527711309798,0.570892142314118,0.7313622912564038,0.5442938045363623,0.569354481070323,0.5653516633654838,0.527435080498713
973,0.4751428032623225,0.5099707949989006,0.48570518384798633,0.5074266965572037,0.5711441970060045,0.723837788044289,0.5480918047494363,0.5703515537949266,0.5665501170444109,0.5250331292549123
974,0.4791180036589265,0.5078770697093405,0.49343181251808654,0.49681572371026766,0.6037737939371648,0.6494025482918079,0.5562451541620498,0.5667234206265708,0.5817474412335957,0.4953242240829275
975,0.49097813360266057,0.49965657306074257,0.5060065293661874,0.47754519316100263,0.7115191324704425,0.6000468211853416,0.5739222612399547,0.5642275952498593,0.5892755718327125,0.47750474558798434
976,0.49775021132010333,0.494241230325299,0.5114593168323307,0.46956150945839104,0.7698048556256589,0.5988862416629052,0.5861343095029983,0.5654769573664947,0.5874988514380733,0.48279990114502613
977,0.5058104401724058,0.4871048444197769,0.5162078567264009,0.4625330836275329,0.8130417649479824,0.6037833147096106,0.6007400525330184,0.568976460533383,0.576254826762348,0.5046441946038215
978,0.5090566219820414,0.4837864427482677,0.516978512239906,0.46241944291749976,0.8019697600612993,0.6021224013480806,0.6061977144460285,0.5702336614993244,0.5641582098053818,0.523959332937242
979,0.5099822471750118,0.48220964454577286,0.5147189666604134,0.4677303832761938,0.7434165305147009,0.6010381926300858,0.603474992037529,0.5707159341534896,0.5424679275066541,0.5509413836626084
980,0.4985165428487378,0.4905227084369741,0.5000476537902022,0.49459342727613803,0.5842935818170868,0.6692469194999817,0.5682653760249596,0.573256936127907,0.5015344098970875,0.5913798832256789
981,0.481655641529515,0.5032417013845423,0.4871078315099996,0.5166336628015125,0.5502604514853748,0.7777707738331323,0.5473157459724161,0.5852471894394689,0.5118010820179556,0.5902551014776478
982,0.4751230598523568,0.5080685670500475,0.4845181298814656,0.5216075138616664,0.5530360579297973,0.7886112105428142,0.5478302369040682,0.5909794788929928,0.5307923529183138,0.5746395303698287
983,0.47882624751649466,0.5063327380615729,0.49906600685109226,0.49890045544203815,0.6225510867862335,0.6390416775533956,0.5617910647974972,0.5798769245894501,0.5873117593862349,0.49286930056934136
984,0.484141703269259,0.5027162214663069,0.5051394536144569,0.4903159970516146,0.6645595341421837,0.6104483955817415,0.5717135836402529,0.575971537917784,0.5937271966460235,0.4803039197767007
985,0.4853851239253934,0.5018149037577417,0.5065858588122909,0.48958816012541456,0.6744852158575334,0.6056622516206674,0.575345363835969,0.5754833066312626,0.5954387407350209,0.47846347233991865
986,0.4958988817145306,0.494090967222931,0.5164863335337198,0.47434995498294946,0.754367426148406,0.587448027599533,0.5963506550088985,0.5715102845715309,0.5979860193216852,0.47533134606415656
987,0.5022111730706346,0.4891415113195969,0.5214949360419477,0.4674126841962168,0.7916495012810981,0.5864405406409744,0.6111234118349789,0.5713662417931791,0.5947141315665072,0.4849069526210927
988,0.504200238420975,0.4874936261589607,0.5229853081349192,0.4665736695478777,0.7988460824906939,0.5847535093986022,0.6172123816146948,0.5707400711275024,0.5934659134685336,0.4900110016040123
989,0.5101731642593489,0.4826462494907232,0.5257224094868072,0.4642033003893946,0.7838209084339435,0.5916073304372139,0.6293221958718378,0.5738138438533975,0.5720720243808111,0.5260649411369024
990,0.5106098405982696,0.48231272369790046,0.5254049189286437,0.4664437798268754,0.7680364980975772,0.5922005252266586,0.6307135525853417,0.5733386672881639,0.5664381771628954,0.5353428288169148
991,0.5104548296861406,0.48251963206469606,0.5243001444486889,0.4702874237183754,0.7402742806919562,0.5965714970395883,0.6291816292950421,0.5732945407501285,0.5567910608851735,0.5487173045844871
992,0.5072841802624747,0.48520186661447895,0.5199349212049986,0.4808124403189208,0.6713920034970877,0.6185842981836327,0.6148739034643735,0.5754550608013543,0.533607764705008,0.5746269411560274
993,0.49170902614887196,0.49826303298542235,0.5048110406246871,0.5134131622504344,0.5545634586200732,0.7140725713374705,0.5748140684371134,0.5905515758403491,0.5012963709127402,0.6059153388420433
994,0.49000606907803984,0.4998741396823659,0.5031479771028138,0.5171307674352366,0.5477372462470479,0.7233478719992675,0.573485609120516,0.5927441694258581,0.5004163379821953,0.6069526134697518
995,0.48738631270211286,0.5020847468382329,0.5009013966408308,0.5219538468185354,0.5393422572761204,0.7360423146343475,0.5711465920406178,0.5962953926259846,0.499729900454706,0.6078857391979784
996,0.47919946544431646,0.5077115803527914,0.4957292569556697,0.5322219032915839,0.526527941443701,0.766662587674834,0.5629965608054209,0.6083058419972601,0.5041653349009997,0.605454557656345
997,0.47823991153622686,0.5088452443466879,0.49484653756320857,0.5345019671912364,0.5238477038532372,0.7675309106142915,0.5653591869306409,0.6104682086217263,0.5053180614606729,0.6042046822204513
998,0.4755417190466567,0.5109754104575304,0.49341405841853947,0.5377897183725959,0.5219832272702185,0.7702602357214545,0.5666873565103792,0.6153708633209932,0.5101410073150298,0.5999895860547929
999,0.4746756618318001,0.5106215387572803,0.5074290473844117,0.5124303782770572,0.6110159610602904,0.6560103808664101,0.5672366082333609,0.612240142236425,0.5845976008741972,0.5126254996399037
1000,0.4769117323399452,0.5095159408247851,0.5099927550260964,0.508879699171774,0.6258039510374805,0.6407875242659953,0.5717286057495117,0.6099120953762844,0.59038906460115,0.5040791585751893
