time_step,weight_0,weight_1,weight_2,weight_3,weight_4,weight_5,weight_6,weight_7,weight_8,weight_9,weight_10
0,0.0,1.0,0.0,0.0,0.0,0.0,0.0,0.0,0.0,0.0,0.0
1,0.0,0.9636297019471921,0.03636236823564785,7.929382351034858e-06,4.3480882634307673e-10,0.0,0.0,0.0,0.0,0.0,0.0
2,0.0,0.7441058832807109,0.25571309367888334,0.00017860355734908263,2.418688495931742e-06,7.925517156095109e-10,2.008808142488185e-12,4.278652378392253e-16,0.0,0.0,0.0
3,0.0,0.6615382000981037,0.3379063982766659,0.0005461450766838872,9.248948422973871e-06,7.571027298653875e-09,2.9081791941848277e-11,1.4430584489539086e-14,0.0,0.0,0.0
4,0.0,0.5730736125432754,0.42563619396623564,0.0012519759235719097,3.816552902188053e-05,5.1580659569989015e-08,4.5690081555872654e-10,3.3407088642702554e-13,5.742607575126634e-16,0.0,0.0
5,0.0,0.5646705101576318,0.43326030279374994,0.002024173261003878,4.490290858216786e-05,1.1023135826435874e-07,6.467104961082355e-10,9.62035891038028e-13,9.512736932649922e-16,0.0,0.0
6,0.0,0.5320156655578682,0.46470981289890706,0.003183433362823881,9.07796988349402e-05,3.0578434274160197e-07,2.692255237508407e-09,4.953500649032615e-12,1.3347764554118878e-14,0.0,0.0
7,0.0,0.6287334953299683,0.36472359345338756,0.00504801770211975,0.0014908434696777907,3.650665020197676e-06,3.990591889874857e-07,3.0852137483600763e-10,1.2110968429840362e-11,3.631949987420743e-15,0.0
8,0.0,0.985904650116611,0.005592894673120194,0.003093198844148272,0.005395549828750299,8.550558057922174e-06,5.152017187322758e-06,3.4734231032824226e-09,4.884687185886029e-10,2.2373539328955315e-13,8.09647835957413e-15
9,0.0,0.9404327077694862,0.050710172464174245,0.002971229196911462,0.005864772865033869,1.3967935982729117e-05,7.1387868249295575e-06,1.0023553079823367e-08,9.56987114605177e-10,1.0167366834390702e-12,2.8100632891506572e-14
10,0.0,0.6249367096759594,0.3639320578221783,0.005154713323994358,0.005947648170862487,1.4071309114295241e-05,1.4768967352774583e-05,2.4840671143871023e-08,5.882422169081678e-09,6.821460382479547e-12,6.213368079178855e-13
11,0.0,0.5391416685709179,0.44853715764077073,0.0065782439206927106,0.005705792648191916,2.026883080001008e-05,1.6813098118866337e-05,4.567548777729926e-08,9.595006105800906e-09,1.8548264349594227e-11,1.462638564064714e-12
12,0.0,0.5181026738720732,0.46851254981727486,0.007694324743623476,0.005642727837865485,2.8918132681706872e-05,1.871469070978973e-05,6.509019265346714e-08,2.5751578317173925e-08,5.534652149017234e-11,8.650997519143654e-12
13,0.0,0.7422712123158716,0.24608975228267765,0.004762758807169336,0.006809156136181162,5.206947836529393e-05,1.492698660880276e-05,7.372310237264418e-08,5.0117032198141324e-08,1.1938641933963275e-10,3.360186768536735e-11
14,0.0,0.8804267105833156,0.11045150062666526,0.002386976049930416,0.006648076586518259,7.299932155451936e-05,1.3547392246583273e-05,1.1364943539517172e-07,7.55231047624708e-08,1.0809619756473682e-10,1.5912936897444962e-10
15,0.0,0.7752416575149472,0.21371685208816066,0.005333912302007285,0.005611519164143663,7.876817356376208e-05,1.7048600674219366e-05,1.6865410298054384e-07,7.314652192616676e-08,1.7445255179573367e-10,1.8142175343983623e-10
16,0.0,0.5500038757091102,0.43335444305041415,0.012688523382271341,0.0038597739946971852,6.79433362491332e-05,2.509844694486359e-05,2.6366627794267543e-07,7.791827557878139e-08,2.771902136647643e-10,2.185650682233919e-10
17,0.0,0.5342643531345268,0.44676446952416227,0.015039785799861816,0.003826906576811842,7.854898476289813e-05,2.5520713595438893e-05,3.3476758039948364e-07,7.985162639169142e-08,4.272325038545324e-10,2.1983537067261697e-10
18,0.0,0.5094539134540694,0.4685453703529062,0.01805483747890748,0.0038299014646531264,8.924634406026988e-05,2.6224883014118827e-05,4.196874848339063e-07,8.547473364683748e-08,6.367007545399156e-10,2.2346572440259637e-10
19,0.0,0.4834051812457984,0.48903358812132414,0.022081053469428426,0.0053431240350836,0.00011208495439806764,2.4343729513454525e-05,4.848476871518557e-07,1.3819863052799588e-07,1.1576631837433858e-09,2.4046873157275037e-10
20,0.0,0.5479538839453555,0.4205875520640963,0.022569767572048923,0.008699093887633045,0.00017207748915989583,1.6924435090027723e-05,4.792931572296834e-07,2.1904782844178893e-07,1.9861984466003393e-09,2.794280985057146e-10
21,0.0,0.8380126773162492,0.12877279301581496,0.01200936289924675,0.020838210023113472,0.00035766059634664875,8.558008791754386e-06,2.724810799857603e-07,4.6134214978512134e-07,3.563181816531793e-09,7.54021093781707e-10
22,0.0,0.94111236423742,0.023848243386296875,0.006748155912520865,0.027755506245523247,0.00048576216900920826,4.898419139305377e-05,4.117399146205051e-07,5.660892332875726e-07,4.423175610465347e-09,1.6055089266731194e-09
23,0.0,0.8266902734838216,0.13127760736818284,0.011606589524084634,0.029757680949636163,0.0004980613161256618,0.00016792084099130817,1.2513844663437242e-06,6.079586633551177e-07,4.155577122904567e-09,3.0184467565176603e-09
24,0.0,0.5286169377285274,0.4164501488769021,0.0286008963463309,0.02562216229474084,0.0003683147181349955,0.00033796205612848416,2.6297555568553643e-06,9.397398421995399e-07,4.49459773409228e-09,3.989234275041966e-09
25,0.0,0.4656193737708476,0.47512390924621684,0.03405803128009755,0.024417809850606088,0.00040663892334937403,0.00036939795062374827,3.375156476924077e-06,1.4518668568653812e-06,8.408840689052291e-09,3.546080122201701e-09
26,0.0,0.4889563937619536,0.45083327761421077,0.03424384934055166,0.02507945378542004,0.0005270456634239209,0.00035404902424695866,3.893133812054151e-06,2.019856914488137e-06,1.494065663911606e-08,2.8788057717305796e-09
27,0.0,0.5395749496812146,0.40077226640282426,0.03212591035660281,0.02650424935350941,0.0006937881246027127,0.00032192255001466417,4.3116511522196115e-06,2.575609541088295e-06,2.392370298860876e-08,2.346830958071117e-09
28,0.0,0.5439334790900066,0.39485222277655485,0.03339961711394818,0.026668477694941815,0.0008206066307601585,0.0003175668847062719,5.347022111518769e-06,2.6483480969301977e-06,3.211989308002092e-08,2.3189761222489617e-09
29,0.0,0.7007501101542851,0.24560652058293647,0.02052330141708016,0.03170171032698344,0.001196486149138334,0.00021332530732901805,4.32389215383575e-06,4.166312887222334e-06,5.324891099928466e-08,2.608290659598322e-09
30,0.0,0.7864560155715931,0.164676207904383,0.012578288023050398,0.03461186879499559,0.0015135349707317118,0.0001549842921736071,3.9982902134597274e-06,5.023880266415846e-06,7.362471877663487e-08,4.64786921903164e-09
31,0.0,0.8982906733123736,0.061402339315958614,0.00035199752940828945,0.037940192581381406,0.0018978323177388586,0.00010602284579126433,4.183044845452149e-06,6.646483324314209e-06,9.100423096237833e-08,2.1564942449035746e-08
32,0.0,0.8903949050167705,0.069260681671001,0.00047956626849058703,0.037627113429174575,0.0021130082111810605,0.00011316112539108454,4.774911569339641e-06,6.652797986212953e-06,1.1401624253901746e-07,2.2552188429098883e-08
33,0.0,0.8359960732049058,0.12047819684816759,0.006255611921652763,0.03486455414273779,0.0021938150221370305,0.00019675718863668837,8.040494962908681e-06,6.788236673291957e-06,1.2498075185840598e-07,3.79593696916746e-08
34,0.0,0.7413182737148283,0.20727066665185012,0.01826821623275513,0.030651543005354498,0.0021446855774975267,0.00032648399372068324,1.3111996759034239e-05,6.832313131983242e-06,1.3169961307671323e-07,5.481448508122319e-08
35,0.0,0.6457352908524258,0.29279035764987477,0.032075025048643895,0.026861058298685465,0.00205592140353024,0.0004560447759302884,1.8980613943354442e-05,7.111170935927331e-06,1.410422412618012e-07,6.914378434617935e-08
36,0.0,0.48801979096590103,0.429258342977108,0.057436766668122856,0.022855022203388115,0.0017264080575141202,0.0006654883687524539,2.8444300529241003e-05,9.495947733500219e-06,1.5012364451809345e-07,9.03873011284522e-08
37,0.0,0.4620688831464558,0.4453284793819766,0.06683540941338006,0.023057883890965452,0.0019734253321059057,0.0006888523908564359,3.649843643210713e-05,1.0250033347441518e-05,2.265581284752531e-07,9.141634709360925e-08
38,0.0,0.42938806988612543,0.457482654146238,0.07752461306216017,0.03270468305130465,0.0021678664716710885,0.0006710187393818005,4.0540079195579044e-05,2.011054961118466e-05,3.5104140344101136e-07,9.297290395579743e-08
39,0.0,0.48704753074447565,0.3923518679016006,0.07120088077179769,0.04597556521227029,0.0028415586894490813,0.0005151044788316481,3.752943309836124e-05,2.9349562305846566e-05,5.249035487792832e-07,8.830261732338219e-08
40,0.0,0.805372182150833,0.07208360245194913,0.00848045612385648,0.10840331531372038,0.005101305858878294,0.0004843070790729228,1.1179226777128739e-05,6.263252681069989e-05,7.224502381218455e-07,2.968178588987586e-07
41,0.0,0.7482185254575888,0.12305883727018335,0.017798251307196845,0.10474947261893022,0.005256604290126512,0.0008366437834329538,2.1249869800187034e-05,5.924476815667951e-05,8.062200447423525e-07,3.644145346862577e-07
42,0.0,0.6015574107157721,0.2546151294883621,0.047082825306289704,0.09039686679685385,0.004647772399101438,0.001602391879260765,4.7433336591862256e-05,4.891929261772123e-05,7.671344219470315e-07,4.836507233877699e-07
43,0.0,0.467429100134441,0.3753513043177493,0.07742463046419022,0.07339975869864071,0.004041127957494754,0.0022386279387081047,7.497101711113e-05,3.915284647448543e-05,7.815888926019355e-07,5.450362924158268e-07
44,0.0,0.4195773367389152,0.4175818960935317,0.09053093309977535,0.06563691299994924,0.004096169974316597,0.002447052333496163,9.213230897391143e-05,3.610311087731418e-05,9.213783698956494e-07,5.419617895601202e-07
45,0.0,0.3981023879961498,0.4361179540201342,0.09817142236814429,0.06056822377545156,0.004369686722819282,0.0025271586008760623,0.00010589287080608746,3.5628351054537814e-05,1.1293562607485777e-06,5.1593829862775e-07
46,0.0,0.6611707182497673,0.2239800423057446,0.03392490549513849,0.07181307190644243,0.0079948910649716,0.0010021148316196027,3.627962392035971e-05,7.536566385775229e-05,2.485241455747575e-06,1.2561707720403824e-07
47,0.0,0.6689777335612099,0.2179383752486006,0.030845354225021836,0.07241161874053342,0.008770498619087238,0.0009387422822498984,3.755937896499312e-05,7.70786784405532e-05,2.9169694635755115e-06,1.2229642343646962e-07
48,0.0,0.7616657965106509,0.1451467844565729,0.0029459441675882274,0.07908068256350664,0.010655976488370755,0.0003904036376121037,1.8954023861751752e-05,9.17018716041355e-05,3.5679136672999487e-06,1.8836656098128838e-07
49,0.0,0.7424363257205747,0.16452597088276824,0.005547160996143524,0.07572440340381237,0.011081442417786072,0.0005490994858175266,3.852385965328871e-05,9.282055673664501e-05,3.7701891242298427e-06,4.824875789688104e-07
50,0.0,0.6680302526690407,0.2265225370875456,0.025786580200187856,0.06776924727444994,0.010644521112580815,0.0010741898340741163,8.024040766394922e-05,8.783872509598027e-05,3.7627097335538927e-06,8.299796232651625e-07
51,0.0,0.5265003972110278,0.3373663468247411,0.06995126879777379,0.05490868181275999,0.0089389602711135,0.002087232023388184,0.0001604921479345441,8.190240388107975e-05,3.365733118226509e-06,1.3527742572268434e-06
52,0.0,0.37017513960992937,0.4424355130581599,0.12452676935089543,0.05247070711614331,0.006915285973802893,0.0031149845308306315,0.0002451126474081658,0.0001114209922795964,3.313565774828659e-06,1.7531547711863815e-06
53,0.0,0.3656766105112401,0.43381266101742805,0.12922181939778307,0.06036322820656098,0.007487375048422214,0.0030381714098565308,0.0002583070937694251,0.00013595218936449853,4.2035243278855225e-06,1.6716012427610295e-06
54,0.0,0.38222711969180434,0.4086224291529612,0.1263210299113148,0.07103246399476765,0.008578774065381253,0.0027885826724199296,0.0002581968754467806,0.0001644293764299734,5.4520436880281754e-06,1.5222157819328524e-06
55,0.0,0.4394879494817346,0.3469944726357061,0.10782831792509594,0.09223230217708983,0.010855797545229692,0.002153707065066526,0.00022177012063797713,0.0002169144792937127,7.546290845423225e-06,1.2222792964157663e-06
56,0.0,0.503240923389569,0.28398364947706517,0.08461284580677432,0.11265723345573678,0.01354438802663237,0.0015096143329048559,0.00017512253301715114,0.00026528802972586757,9.952781472325923e-06,9.82167098158069e-07
57,0.0,0.5336669339363941,0.25388184373499584,0.07248249334004929,0.12274066539634715,0.01555866704794254,0.0012147208610927892,0.00015260755519827667,0.00028907055860913334,1.209008947041196e-05,9.07479896220373e-07
58,0.0,0.5809658575520011,0.18878231070389973,0.04603420710711007,0.1624911403197026,0.017456915352782706,0.0037160186296416055,0.00017430992712507402,0.0003629782127150831,1.171589233415775e-05,4.546302683734119e-06
59,0.0,0.5273545570996934,0.2316134790437278,0.06672358592093708,0.15181187508148103,0.017133304409423115,0.004751836636599442,0.0002553778639224543,0.0003384354491476007,1.2320958965196642e-05,5.227536098558405e-06
60,0.0,0.5007583097167109,0.25241210651942947,0.07704857059987892,0.14624936751863052,0.017649753157154162,0.005223125604123373,0.0003131450261519603,0.0003265242816473671,1.360422470055538e-05,5.493351568968756e-06
61,0.0,0.4099773970004177,0.32382036133466874,0.11759656855184958,0.12519651056880782,0.015600698776037938,0.007035840457920916,0.00047007996321296114,0.0002828280923721588,1.3135491771262068e-05,6.579762936802147e-06
62,0.0,0.3940424190029522,0.3347891653492548,0.12518269787727884,0.12161448173120297,0.0162492754646064,0.007287583281030217,0.0005356001837509802,0.0002775165253729726,1.4612224157503169e-05,6.64836038885721e-06
63,0.0,0.34184792945648607,0.3751954905920268,0.15127978474765427,0.10712907847762465,0.01528226221512307,0.008320313541006786,0.000659670086131711,0.00026303688746190737,1.5413915365815802e-05,7.020081114964546e-06
64,0.0,0.3460291704592474,0.3793498198486258,0.15104688273463038,0.09769718517054168,0.016810070035224705,0.008045627695997036,0.0006459992331674397,0.0003488032469294304,2.0760781655065995e-05,5.680793977136011e-06
65,0.0,0.4426339169431534,0.31537654942987137,0.10122699229445256,0.11121715357537346,0.022908765765321776,0.005650371843992744,0.00044597605827982416,0.0005066341127344488,3.0320065063281065e-05,3.3199117534995812e-06
66,0.0,0.6230614561728256,0.20000304430939236,0.0008847703230490366,0.14017504449454948,0.03376682382407808,0.0012000728205470781,8.263393612850319e-05,0.0007808164868857589,4.2124928968949635e-05,3.212703571670067e-06
67,0.0,0.6047872482054026,0.21619083126416222,0.0060618588232253835,0.13575903789479818,0.034661831002472984,0.0015842641899570758,0.0001344016770308722,0.0007705314954842744,4.537959143007001e-05,4.615856032454749e-06
68,0.0,0.46633158697116317,0.311156008109658,0.08107601091040899,0.10693605808689094,0.028089757404014412,0.005126204885150021,0.0005918983561778175,0.0006427753853321006,3.7568962579854966e-05,1.2130928620918426e-05
69,0.0,0.44722189704937054,0.32349888700289287,0.09011732231503877,0.10381853749942437,0.028444770773824922,0.005542410116890474,0.0006740938896862322,0.0006285999917273028,4.085835144816341e-05,1.262300969254014e-05
70,0.0,0.3596397288001868,0.37487899484415144,0.14233534029139688,0.0895723997469946,0.0241260581637591,0.00782493481099907,0.00100726743822527,0.0005610089208900866,3.816986282713247e-05,1.6097120565998034e-05
71,0.0,0.3126580092360966,0.3968194939067301,0.17207533772223704,0.0854281365246652,0.022217345827588074,0.008975233130581323,0.0012190506301573841,0.0005505182441297501,3.9426792690331294e-05,1.7447985120912248e-05
72,0.0,0.30511793159616746,0.3983217158303884,0.17706860596021842,0.08562180208193383,0.022870029925827387,0.009077372319332144,0.00130913873404786,0.0005525138462154418,4.354796204757233e-05,1.7341743818020254e-05
73,0.0,0.293009550008445,0.4007743934212225,0.18545466662290294,0.0862210462909473,0.023198414113947068,0.00929621916201827,0.0014197066807136204,0.0005608914520452704,4.776161182157079e-05,1.7350635933054586e-05
74,0.0,0.2792764349641456,0.39442094169000474,0.19629017329331552,0.09467353528565679,0.023725358724914332,0.009378678885875045,0.001515781132618959,0.0006473144453103573,5.502811021685351e-05,1.6753467938487936e-05
75,0.0,0.31004003434812344,0.3548841426119023,0.17609940186041634,0.12014754527374183,0.028586938413258815,0.007914669752507793,0.0013621600350977431,0.0008795735105221052,7.189523075358153e-05,1.363896367287046e-05
76,0.0,0.3221410436329977,0.3404240732047818,0.16698161997525682,0.12910978603306278,0.031609845584560065,0.00734859907415553,0.0013287670540239427,0.000960270480158391,8.34615979983352e-05,1.253336300169483e-05
77,0.0,0.35619117527368616,0.30858544169949836,0.14088752453590436,0.14861815064720302,0.03733131971934386,0.005997146296593136,0.0011359863120766376,0.0011408899333305365,0.00010204206434911504,1.0323518011956154e-05
78,0.0,0.3990643840651436,0.2719587004853844,0.10614705001566369,0.17146877098095648,0.044548318056629524,0.004463002517869199,0.0008585722163220484,0.0013581520962200155,0.00012465347710734643,8.39608870083003e-06
79,0.0,0.49125642178376144,0.1967623629370185,0.029157133107614988,0.22016774518030569,0.05807323067742419,0.0023352193583700462,0.00024799511340597893,0.0018302493833774367,0.00015972838736600604,9.914071352732473e-06
80,0.0,0.44765023288158695,0.20461807584977185,0.054801057653995656,0.22450825543472952,0.05452944604527947,0.01094798201921036,0.000820043717556546,0.0019355320728532603,0.0001463262197735996,4.304810523980237e-05
81,0.0,0.3018823893572564,0.31266257242274464,0.1744119775548945,0.14635028967019803,0.03924626239517605,0.021511061024135785,0.0017905107695835422,0.0019515325086079576,0.00013423068433229406,5.91736130680514e-05
82,0.0,0.44059709221433985,0.259481719290829,0.054634430876188855,0.17141866384397925,0.06112388428563914,0.00955110663093298,0.0005169987529224162,0.0024488155065066114,0.00020467396713638142,2.2614631522787488e-05
83,0.0,0.3978157022092512,0.3147067637744044,0.0786400888229619,0.14118125392394532,0.05832444194410069,0.006102219089825385,0.0012452339919735505,0.0017696162648733452,0.00019678756846534668,1.7892410196425073e-05
84,0.0,0.29408481793194463,0.3656339376802356,0.16957804738398827,0.11165134033003146,0.043942800636471276,0.011216325958562765,0.002484900048964771,0.00121290233910009,0.0001620995103434921,3.2828180355411864e-05
85,0.0,0.2860074043409125,0.36786211274720276,0.1750756764724619,0.11093128359325914,0.04448739583133864,0.01158845375241977,0.0026454274656368807,0.0011968457579743688,0.00017220814857360793,3.3191890218428685e-05
86,0.0,0.29451667479404153,0.312686267131961,0.168527626106789,0.15870112978279957,0.05150506765621329,0.009487695510976493,0.002362967247495444,0.001954920562964885,0.00023275584865752445,2.4895358098975767e-05
87,0.0,0.2945422397208735,0.31048547765769247,0.1658516231547858,0.1608636426022752,0.0541319797479663,0.009459462776166836,0.0023916323085880946,0.0019949015381154345,0.00025434574782054627,2.469474571361531e-05
88,0.0,0.3605452765759086,0.25903602647979695,0.09670179218085173,0.20255662063114355,0.07080227259304417,0.00586114099532772,0.0013916119173775514,0.002754909021301058,0.0003324421659488586,1.7907439297817856e-05
89,0.0,0.3719407902415716,0.25027738459597765,0.08021737799675481,0.21065670848342913,0.07685695208337358,0.00556306362246069,0.001172477771537716,0.002924587788450844,0.00037173484290202766,1.8922573540018246e-05
90,0.0,0.3743126075008491,0.24857869459921345,0.07252323006490419,0.2130948981315387,0.08123992337884521,0.005754440542087255,0.0010757464093632432,0.002993365635865843,0.00040635588256995116,2.0737854761076665e-05
91,0.0,0.3917092512979056,0.2066069468315826,0.0448668373380938,0.2471752093811428,0.08737178200039064,0.016473811117266625,0.0013396277431699669,0.003928871546511703,0.00042501821924696123,0.00010264452468725647
92,0.0,0.29875924343203786,0.241731495600579,0.1395351319290328,0.21282750837275727,0.0676974836912686,0.03180447142389654,0.003416866706579826,0.003695811535786778,0.0003527800857499827,0.00017920722230953533
93,0.0,0.2252952430459618,0.27393948752693076,0.21794485920446502,0.1792903028560373,0.05223002271116635,0.04207703914808807,0.00503337690074181,0.0036549271776850785,0.00031282661003952057,0.0002219148188825678
94,0.0,0.25565389480699957,0.2766202788111379,0.18337164137923118,0.17455330597226626,0.06474879556449334,0.03567401632765537,0.0038138119571017124,0.004960071039377064,0.0004321963662050599,0.0001719877755309095
95,0.0,0.28217607922031196,0.27231015727928715,0.1492906535577424,0.18075166382363703,0.07551213565912543,0.030737699458132643,0.0032024119730786798,0.005354005882730901,0.0005216248908381406,0.00014356825511420006
96,0.0,0.3756284189697626,0.2583273105455025,0.03499433970003124,0.2038780028545051,0.10601402307350449,0.013380901974508893,0.00066464486784822,0.0063459851138100536,0.0007101655178427906,5.620738268254937e-05
97,0.0,0.3599305578636604,0.2899825099297628,0.04661631155580042,0.1846082955836618,0.10317958513795109,0.008016777983486566,0.001649837894793382,0.005276256316794183,0.0006906092797575558,4.925845433044779e-05
98,0.0,0.3144376296125194,0.31196768200293656,0.09664825019490471,0.1647932413555753,0.09189731939761617,0.011956155771167964,0.0031785267246453286,0.00439433499054718,0.0006513067134340507,7.555323665188976e-05
99,0.0,0.2879292291595064,0.3226131493253302,0.12533721084809676,0.1546040591749482,0.08613532072476174,0.014600935597538339,0.004105863295417552,0.0039370933263021485,0.0006466168806668836,9.052166743022218e-05
100,0.0,0.26603784756953575,0.3299128438043166,0.1493858701232476,0.14711831098246397,0.08138107095788566,0.016896502345691282,0.0049369058785340625,0.003580740206884482,0.00064720456454133,0.00010270356689745982
101,0.0,0.1976476677319413,0.3288847110544015,0.2329607293589771,0.14378151713484782,0.06306770275842506,0.022663702418360816,0.007205350046453446,0.003054774781668858,0.0006015898482238909,0.00013225486669845394
102,0.0,0.2971331022800689,0.2574189334253948,0.09924332651986376,0.2189452768271519,0.10616372569479408,0.01108521406413776,0.0029051361196179497,0.006085768203129432,0.0009555322386660218,6.398462717350104e-05
103,0.0,0.3160945945588546,0.24521879576400496,0.06891702834459541,0.2319225107927257,0.11797536158562347,0.010013971288062593,0.002017933035781574,0.006697449915513664,0.0010804714577627233,6.188325707353647e-05
104,0.0,0.3465648396317043,0.22217998846271222,0.02214012688994455,0.2540409285400804,0.13460469696774763,0.010598548581229775,0.0007512446476361376,0.007799372542731406,0.0012354830188667978,8.477071734522061e-05
105,0.0,0.34129741872544234,0.21305786904019716,0.023139412681865524,0.2566716414837039,0.13636192733192942,0.018514303927841175,0.0013302060953511176,0.008183696952528133,0.0012782117999410294,0.00016531196119856916
106,0.0,0.23378464332100374,0.23175032393837408,0.1667556940056285,0.20982894616843337,0.09140944796094154,0.05036704749834285,0.00755679047476135,0.007154895782804325,0.0009555905580857775,0.0004366202916228363
107,0.0,0.18082399429914978,0.25400063359336683,0.23689518102289536,0.17539792093975215,0.07223240588950558,0.0617505742573507,0.009987573990140454,0.0075006415801584445,0.0009066128563512754,0.000504461571328008
108,0.0,0.18019030367251063,0.25562938217166525,0.2340031194080021,0.1744234604110523,0.07524587000243159,0.060997966349503774,0.010423236377254032,0.007600241852909494,0.0009960770663954438,0.0004903426882739637
109,0.0,0.1789308998974225,0.25698831684165657,0.23197501717746233,0.1735853072030579,0.07788790179574266,0.06048678263414467,0.010937704211481757,0.007644859610918388,0.0010842094477923037,0.00047900118031951567
110,0.0,0.2601128399938003,0.2560696912445429,0.11106706078436612,0.1945336917559537,0.12318033478056606,0.03744286215781231,0.004921925942414421,0.01078383590500261,0.0016167688261754943,0.0002709886093647406
111,0.0,0.31505266079036265,0.2582069404535971,0.0274292564772277,0.20851260763376833,0.15473004320887845,0.020563440741294632,0.0011444151015220076,0.01222575971984329,0.0019861846656462844,0.00014869120785821177
112,0.0,0.303100466231432,0.2727665717926162,0.023814430539036504,0.1891334517598352,0.16954757478073182,0.025760126177660533,0.0014527198791569182,0.011562419159003816,0.0026615746351404644,0.00020066504538516174
113,0.0,0.3106870336932331,0.27636216153589926,0.010327648778434489,0.18703387740461846,0.1766379007857331,0.023556315396096608,0.0007742448848061042,0.011579856928579157,0.0028408160194559767,0.00020014457314248085
114,0.0,0.3008898280866001,0.2853051819746167,0.02642473541981334,0.17840286875019273,0.16989301392049275,0.022798102812546763,0.002522457224180218,0.010664801604255422,0.0028193133987137403,0.00027969680858721716
115,0.0,0.2092270540276593,0.29843847908429194,0.1638113194292526,0.1532934552633384,0.11395461628752207,0.03754686798624673,0.013339809277083586,0.0076136438594535324,0.0021925610284298934,0.0005821937567207461
116,0.0,0.1949451584757878,0.29775931739751355,0.1831809513221726,0.15151425016946957,0.10708334958922675,0.04008375024863549,0.015253220219811537,0.007363038308554196,0.0022040547719709967,0.0006129094968562031
117,0.0,0.17716435988475607,0.2665324443533434,0.19648550351780342,0.18484254251933302,0.1085296527939078,0.03536549846324343,0.016082509509423644,0.01196251902500005,0.002444626779497667,0.0005903431536900152
118,0.0,0.18444375696394297,0.260344009466848,0.18154953835214915,0.19194010288851707,0.11693769430332501,0.0333566625676269,0.015245486964624081,0.012936613324206394,0.00269385871829419,0.0005522764504648015
119,0.0,0.2855624852506686,0.1991281835411926,0.023208270641715177,0.2568163404171988,0.19076343366958762,0.015698151437684733,0.001866424626892612,0.02273758771052891,0.003901792410724533,0.00031733029380501444
120,0.0,0.1662256633325345,0.2209852870377009,0.21250678308963675,0.182432024449755,0.10111805354299816,0.07889004149567098,0.02012754742832161,0.013948867888485915,0.002622238726431519,0.0011434930084633162
121,0.0,0.1535511069454722,0.23144457319977152,0.21477738801547933,0.17233321233437793,0.10606728770793825,0.07975123185642956,0.024559162582076077,0.013156430834033072,0.0033002529687557705,0.0010593535556649074
122,0.0,0.1505067658324727,0.2344104006087343,0.21522387189869005,0.16948628932289897,0.10719682865253534,0.08007842867384586,0.02566411541005637,0.012916150113055294,0.0034767862306238437,0.0010403632570861055
123,0.0,0.15692283830847495,0.24820662938741994,0.19860337032929476,0.15879774985568643,0.11856959070633849,0.07764177385285084,0.024000149170772415,0.012403256106110965,0.0038884313747469964,0.0009662109083031385
124,0.0,0.17791748721674114,0.2523876796141887,0.16274933723094379,0.15807321314055403,0.13901177390743238,0.07090031046859872,0.02019233046920327,0.013443221390647938,0.004469845796273586,0.00085480076541544
125,0.0,0.19574137333033098,0.25345725557414867,0.13344539652815426,0.15845130407878366,0.15584172607565505,0.06572585370257722,0.017118778289768464,0.014444738185353193,0.004991875327037062,0.0007816989081903648
126,0.0,0.20092558014820244,0.25368679888244033,0.12398164331665729,0.1571382630694703,0.16203388847829198,0.06490407026142544,0.016556558962626082,0.014696584969870837,0.005302958644912412,0.0007736532661018762
127,0.0,0.27275405073806797,0.2486276149514956,0.01927362629134193,0.16674254245931708,0.21920311370008155,0.043555423902778376,0.003219280732509474,0.0192241415332864,0.006770122483678422,0.0006300832074422282
128,0.0,0.28293356959738886,0.24725891019947163,0.005909838576348881,0.16507197171356847,0.22729971283071232,0.04208735293477326,0.0019008399069266563,0.019630224590417637,0.007192603796513804,0.0007149758538776141
129,0.0,0.1511725310919253,0.25375949752054805,0.19731265374675264,0.15912017735161318,0.1179517521465398,0.06398043972381286,0.032379018803235335,0.017010527326428278,0.004939830291294381,0.0023735719978494507
130,0.0,0.2145129042845271,0.20254014816679125,0.0935631324022968,0.20894946731511863,0.1857901046357226,0.037778131378338554,0.014918506653772522,0.033079803361993086,0.007183010372593975,0.001684791428844778
131,0.0,0.27841509117497554,0.17026197434857682,0.003433925140476947,0.2294318375966219,0.2398563437316906,0.027388038407111213,0.0016177232331566723,0.039841263560920465,0.008888111166515786,0.0008656916399535359
132,0.0,0.27616405969505486,0.1720348169871628,0.00395294512982043,0.22409435020060386,0.24234440611716299,0.030115407943047918,0.0018842122997229068,0.03918396722853176,0.009337935370412996,0.0008878990284792768
133,0.0,0.25324238599541404,0.1785425908118785,0.03709337812392289,0.2100521574793933,0.22243575542177352,0.044767812201253365,0.009052583602920158,0.03474052904211174,0.009139412312332841,0.0009333950089995932
134,0.0,0.23778763400465258,0.18471435131639719,0.056820548427890444,0.20057900362583006,0.21178832897494904,0.05252115632071257,0.01333351018122355,0.03224260765139919,0.009190464919909989,0.0010223945770351864
135,0.0,0.1484026679595786,0.23360941728367113,0.17784559301500463,0.15169547772820902,0.13671875287535545,0.08940220445377658,0.03511895946007819,0.018237513751752747,0.007387047463270574,0.0015823660093028627
136,0.0,0.1716308620526099,0.23222156493203142,0.14209998548335895,0.15178171932412374,0.16125499109233887,0.08183673044597663,0.028674147527296273,0.02064248165918654,0.008429817143424745,0.0014277003396530026
137,0.0,0.21209570473717088,0.2251394024384823,0.08440044849864364,0.15486982638963173,0.20062345181171262,0.06921418745658701,0.017509891748517865,0.024912001467762422,0.009989083160686533,0.0012460022908051878
138,0.0,0.21805950563510237,0.22345757356768076,0.07612972211156696,0.15309514618787623,0.20677814454893192,0.06901562064217492,0.016386599838083004,0.02528091249253763,0.01052686643512806,0.0012699085409185842
139,0.0,0.24216390154972853,0.2171761803293662,0.04409265355666154,0.15364567892503983,0.22913667253831227,0.06314731082138159,0.010120490410712927,0.027601393572008134,0.011641181365789875,0.0012745369309994897
140,0.0,0.27082800613699015,0.20823661219946898,0.007828999997570144,0.15548338407987183,0.2538364342188709,0.05558599056821001,0.003327604642179511,0.030486743862400825,0.012926421539830396,0.0014598027546076826
141,0.0,0.2494741784239226,0.20921944687736166,0.039192431032114027,0.15605357490358762,0.22854918789856918,0.05907839281828924,0.013985352166620309,0.029286686697003312,0.01258672014949209,0.002574029033040248
142,0.0,0.22541094340558843,0.2130449006946632,0.07169210460978989,0.15401379656257413,0.20439714963279898,0.0657610771989429,0.02304987075033773,0.027324210120376852,0.012207402897582546,0.0030985441273455433
143,0.0,0.17948757813974262,0.22114893248519094,0.13009603623171148,0.1543310093083038,0.16102116087635368,0.0748522558259639,0.03888138288090844,0.025185991092150344,0.011099769554911232,0.0038958836047636087
144,0.0,0.16215968964612884,0.22298001456352143,0.15068145525699572,0.15587898742554057,0.1452921421323215,0.07756557792627289,0.04519565474595088,0.0251524163557693,0.010976062737562076,0.004117999209936957
145,0.0,0.14503313168305076,0.22289924475516612,0.16879154298637236,0.1605357045738014,0.13206570303061546,0.07749100118868005,0.05054030300282751,0.02739840473159736,0.0109316349866934,0.004313329061195786
146,0.0,0.27485926528635624,0.14906198127639408,0.004210479574454678,0.19075075649384535,0.26355395321447717,0.03459696793597345,0.0020630125094194584,0.06221883120511615,0.016500772804503,0.0021839796994604912
147,0.0,0.23044424104347083,0.16936119661043939,0.06180291147317825,0.17153641170079478,0.21547369851499182,0.06269017713119161,0.02252524803366289,0.04877730391328232,0.015319141255389981,0.0020696703235982715
148,0.0,0.15934244939469408,0.20823683965243975,0.1298731159587803,0.14256279209010425,0.16048703106468648,0.09368290621010837,0.05348103105976382,0.03291931077949957,0.017196502952981897,0.0022180208369415775
149,0.0,0.1471691646155489,0.21520658867351444,0.14595625962428582,0.13523127516339795,0.14950003242699256,0.10431224432825985,0.056115224302042244,0.027041646765785396,0.016942041423995302,0.002525522676177658
150,0.0,0.16919465787482924,0.20452461229251812,0.12128705240904221,0.13488451602718426,0.17134816281570583,0.10042506792791214,0.04676033755082759,0.030362717276982018,0.0186621045750923,0.0025507712499065506
151,0.0,0.2671135334280916,0.15315120830636528,0.006975459349942258,0.14455802806783036,0.2690886416073058,0.07142138436515957,0.007752379958562074,0.04996668172389403,0.02551634776970626,0.004456335423143172
152,0.0,0.160687458175012,0.18685329045909943,0.12413769060592753,0.14814452694115074,0.16006442823768005,0.08868701745143567,0.0581855868373585,0.04366651699562474,0.01993249104756055,0.009640993249150947
153,0.0,0.2666153625027993,0.1460394685434922,0.006503200584127061,0.14702171469676417,0.27018691621219976,0.05384996206168041,0.007229956783279614,0.07129231211679457,0.027444981466987744,0.003816125031875244
154,0.0,0.26301023078391933,0.14964879175714765,0.007103936626018034,0.139685655912796,0.2705142153896065,0.060211454414454524,0.007643416434839631,0.06868901907834585,0.029407792197839393,0.004085487405033261
155,0.0,0.25330192803837775,0.15715516160256193,0.015565618619062088,0.13531015811745933,0.2618562371462568,0.0668144564364773,0.012551339423627624,0.06397293593109178,0.02977945052720677,0.0036927141578788655
156,0.0,0.2493971547707363,0.16036162297034537,0.017154194220175972,0.12868479737492336,0.26033109608423977,0.07354886286491043,0.013464963786566177,0.061480999596700364,0.031526903794619345,0.004049404536783324
157,0.0,0.19734446479694331,0.18738595473828976,0.0730126168751994,0.12524647494988322,0.20544175454260016,0.09246236503169686,0.041196941404639476,0.046302221592776124,0.028278114495294538,0.003329091572677681
158,0.0,0.13995418581607635,0.2092805265811404,0.1382826824783834,0.12631148833616296,0.14393846142829894,0.10987263912365193,0.07147693903370639,0.03315569807828679,0.024561234838143233,0.0031661442861500924
159,0.0,0.17230356842126263,0.18020242133794406,0.1069061957522292,0.13443439661060416,0.1769159727187323,0.1001137828519725,0.05378435691705672,0.043805930237284046,0.0282894979133269,0.003243877239587749
160,0.0,0.19549726762488878,0.16504837670680397,0.08225650855529933,0.13595399907810946,0.19989796263300477,0.09492564657076029,0.042040210992420016,0.04985853039471492,0.030967395002152277,0.0035541024418463936
161,0.0,0.24099731043104639,0.12679492081416555,0.025239478525780214,0.14638724046064808,0.24829241230202137,0.07500894959871586,0.02013128426391961,0.0713731412053142,0.03586923841257344,0.009906023985815377
162,0.0,0.1872367938861964,0.14882731790834827,0.08207857875684356,0.14416733334890017,0.1906063055635063,0.08556431333705365,0.051304401057949645,0.06425447701934141,0.03238054883397651,0.013579930287884397
163,0.0,0.1559912531717704,0.16318252318596724,0.1158392495956701,0.1412625710123863,0.15694359763078136,0.09142161456052897,0.06972912074128548,0.059714953059001104,0.030962901599948307,0.014952215442661109
164,0.0,0.21447549473856534,0.1519020441432774,0.05856883862743814,0.12107449496513245,0.21804573878731817,0.07907427074001601,0.032351720257178536,0.07516560957599511,0.037372786294775785,0.011969001870303596
165,0.0,0.24972474522360427,0.14423821858398764,0.018153089694574923,0.11470407204922371,0.2557192198960319,0.07614156675940968,0.011735095617326184,0.07836433444229715,0.041845436868795986,0.009374220864749346
166,0.0,0.2145006450878515,0.17366258455575176,0.05031964182698033,0.11040461658627546,0.218652486660472,0.09355386843758015,0.035365333179884696,0.05895336802320167,0.03950719400547691,0.005080261636526327
167,0.0,0.16509798385500007,0.194887043640837,0.10298664025143182,0.11222727155746616,0.16609622876114152,0.1076756094432199,0.06595283038207408,0.04479356233460743,0.035865951152959964,0.0044168786212629785
168,0.0,0.13848224038749574,0.2007437747123314,0.13345697543272259,0.11641304989873925,0.1368733530343022,0.11438150701818517,0.08265646002872298,0.03862555801711614,0.03426244697936219,0.004104634491023484
169,0.0,0.1369285485496551,0.1986867864060147,0.1359755030334568,0.1172923877354006,0.13392549222578104,0.11514594755345862,0.08431062799238864,0.03887694423014173,0.034839038037561255,0.004018724236142792
170,0.0,0.19406914093121008,0.15025671072214045,0.07899195787425754,0.1310781258788004,0.19196345662357234,0.10014808425988504,0.04791666626757717,0.05848849788391531,0.04199078527560687,0.005096574283035881
171,0.0,0.22085273013895865,0.1316102212375213,0.05045650912317878,0.13365356789065636,0.21827290114073766,0.09510340444058601,0.03133445220799592,0.06668027741683591,0.045765359896862486,0.006270576506668225
172,0.0,0.22091122758434364,0.11727390024723981,0.04167031507389074,0.13973465133704277,0.21931317931427466,0.08404388741781732,0.03373529004000696,0.0803930078658857,0.04722729873452999,0.015697242384969765
173,0.0,0.21204358014020733,0.12126200476192608,0.05069706119808104,0.13802800757152342,0.20878141091454408,0.08672417800782072,0.04038209073535578,0.07784695716840807,0.04787096191477185,0.016363747587363097
174,0.0,0.1831020570388526,0.1350469624656727,0.08090665085443048,0.13472132604107462,0.1778197132939143,0.09029392087802998,0.06071805275194853,0.07279004406292265,0.04647849623950587,0.01812277637364996
175,0.0,0.1673369229243861,0.14307808729472796,0.09742158283952983,0.1321833108077329,0.16071555822987282,0.09202257244461752,0.07231352915743211,0.0697323819492845,0.0465493120790513,0.018646742273366528
176,0.0,0.16332485222943316,0.14519458349302303,0.10123264504194837,0.13113525308262441,0.15584607337772474,0.09259081325385088,0.07605994300641798,0.06831587638883967,0.04790951244894243,0.018390447677197136
177,0.0,0.1442428047134472,0.15641531474098974,0.1217901181100087,0.12653479568783518,0.1358339261515892,0.09288822211000863,0.08974593821613591,0.06605506451874588,0.04768097489481874,0.01881284085642272
178,0.0,0.13930712529419623,0.16026163548680825,0.1268877339597227,0.12394464734374515,0.13047973004417823,0.0922137113641265,0.09368975481107958,0.06574389263095264,0.04899167218048091,0.018480096884711746
179,0.0,0.13906310231125596,0.16361813832640107,0.12741360413907518,0.11943894131820362,0.1299899429422807,0.09057741206030066,0.09350874480449546,0.06755598568606144,0.05071698829164217,0.01811714012028549
180,0.0,0.14065187929300965,0.16401738901370527,0.12507170318234703,0.11793590629335719,0.13152204563505085,0.08978193040231475,0.09263984130518171,0.06805353214214377,0.0527831616493674,0.017542611083524326
181,0.0,0.1727271436562063,0.15791723379375405,0.09168335080247518,0.10857358299716426,0.16316043359338256,0.08626472978400798,0.06625197626895943,0.07896417656646443,0.05742570485303346,0.017031667684554455
182,0.0,0.1835367240921383,0.15564698013224476,0.07908569175618413,0.10584402706361375,0.17381705385363408,0.08641429748424152,0.057379813693933274,0.08123136633066899,0.060335425802940074,0.016708619790403032
183,0.0,0.22075920337585714,0.14650043969488807,0.03833296378593703,0.0988343755570171,0.2099324550549003,0.08679910895577732,0.027222679400700382,0.08981689339083687,0.06551109786700639,0.016290782917081678
184,0.0,0.24907485492388737,0.14159926830985153,0.006381172250741719,0.09204956144398528,0.2366007419703237,0.0906365930804055,0.004894314748972698,0.09341268730292226,0.06980176718099373,0.015549038787918554
185,0.0,0.24833890193788513,0.14308816837071137,0.0055216437880230874,0.09043725581482831,0.23531135455528351,0.09410627099370618,0.0044209231648285555,0.09133093336397272,0.0714616806065124,0.015982867404251262
186,0.0,0.24920775059315647,0.14549138979364096,0.003123944849091152,0.08740967313811429,0.23503844451512518,0.0989203859371585,0.003513405292629332,0.08828617605449188,0.07314541524545426,0.015863414581140642
187,0.0,0.2466953579560175,0.14800718173518324,0.004579256293140338,0.08539267527235658,0.2314784917284445,0.10315751548082051,0.005041751195407394,0.08511795796205635,0.07447150702130174,0.016058305355274503
188,0.0,0.23736505020793355,0.153365644768083,0.014079912553808254,0.08300133314095451,0.22090104858160137,0.10817935747733058,0.013214473382930069,0.07925596703784951,0.07507097972660035,0.015566233122911553
189,0.0,0.13816663941446178,0.1797556892278929,0.12590799833335203,0.09166140525406943,0.12470079434676333,0.1114829987036361,0.10085296063980424,0.04971760932621442,0.06833122086500185,0.009422683888806896
190,0.0,0.13506644480344554,0.1770368071808898,0.1300398190010461,0.09404844769717402,0.12078127558627165,0.11081875722742543,0.1036877046019983,0.05004696652031568,0.06955097645004422,0.008922800931392172
191,0.0,0.1719526826493575,0.13825051037315003,0.08691953809695978,0.1190603764129582,0.15639276921379242,0.10159533517038555,0.067702957963153,0.0716365201842902,0.07478973534151341,0.01169957459444294
192,0.0,0.19641875561115593,0.12078414713724242,0.05839293040160111,0.12715184952941583,0.17843720749326847,0.09941897260457763,0.04510567705447342,0.08189850879165217,0.07850070117116169,0.013891250205454519
193,0.0,0.21691641085823915,0.10677513584670076,0.03396138810344957,0.13335634746173475,0.19640540675677104,0.09840101363748692,0.026142050901207,0.08985096028550231,0.08188615120874852,0.01630513494016307
194,0.0,0.23839830711682494,0.09129655019497863,0.007558150457754617,0.14062613308987781,0.21496996916056355,0.09591780844730065,0.006849030908103737,0.09883254828096587,0.08550077036845255,0.020050731975180477
195,0.0,0.2397336937909825,0.0892505264030613,0.005048606065779607,0.14110389028478643,0.21473963622059775,0.09676494829902813,0.005716533422628342,0.09856549158993483,0.08745648702800991,0.021620186895194102
196,0.0,0.238998413451243,0.08974865407191193,0.00509938739374222,0.1401018476213975,0.21273931779157537,0.09946633855382625,0.005904653230113084,0.09643343374829408,0.08919228734478057,0.022315666793118857
197,0.0,0.14558336235499705,0.13253157726102668,0.11878640037979979,0.11423623710238455,0.12455135891089042,0.08401291586949891,0.09856373410428947,0.07326968130023279,0.08661677446812988,0.021847958248753335
198,0.0,0.1403029229956869,0.1359777808729021,0.12517568290852316,0.1110825723855502,0.11953123680893592,0.08330246613730144,0.10359978750603975,0.07140445203953937,0.08869231855257748,0.020930779792946722
199,0.0,0.1336739695700286,0.14637505676480306,0.13326001322062453,0.1011859150236459,0.11356990108328746,0.0818344999061909,0.10820524007080586,0.07110976281390038,0.09032986787706257,0.020455773669654
200,0.0,0.1335559325254161,0.1466129940251296,0.13311973722447895,0.10038328108965006,0.11334045959459631,0.08166277028505521,0.10818625484900105,0.070627309422434,0.09284444007850633,0.019666820905735644
201,0.0,0.1513834733135932,0.15019782564055398,0.10911576294812594,0.09392998977717076,0.1294079579916695,0.08395292366363545,0.08702589439903839,0.07789892749742712,0.09582552119210477,0.021261723576684002
202,0.0,0.1883005570989804,0.14834720381438093,0.05942065719039416,0.09087002092243743,0.16201805407385814,0.09046703330339698,0.04615747191423332,0.08987948923922605,0.09974406033218049,0.024795452110915335
203,0.0,0.21376378867786916,0.14669737476412809,0.02428688705257045,0.08961541047914906,0.1837287638670332,0.09716321182392945,0.018313986144815848,0.0959533582658782,0.10305304590229025,0.027424173022339612
204,0.0,0.22210324626367833,0.1471665916011792,0.011599812189336183,0.08859573425988658,0.18998290433237916,0.10182667241030322,0.008609749136969885,0.09597939318119522,0.10538064630322014,0.028755250321855164
205,0.0,0.22389121302052073,0.14828980245301734,0.007560786237907254,0.08778959324534565,0.19038164142837888,0.10536490767552141,0.0056226388195258405,0.09412360429855016,0.10725724786198466,0.02971856495925141
206,0.0,0.22505769991430066,0.1494512070368899,0.0044816208357837985,0.0869289719155699,0.19009214744720482,0.10890430904306225,0.0034034331067085786,0.09198061081651748,0.10901527580517305,0.03068472407879284
207,0.0,0.2199725671171404,0.15233030745065554,0.012917367336247362,0.08187325035204238,0.18338584698200439,0.11307087257886675,0.011682851219884466,0.08460433478260684,0.11101390543973112,0.029148696740824
208,0.0,0.16782914940831936,0.15783525533171086,0.08983771424451907,0.07335755192662545,0.13643873204742135,0.10609516345410136,0.07366665036860556,0.06292572164920714,0.11220541617884423,0.01980864539064884
209,0.0,0.15147281922608458,0.1548488229963378,0.11615700518959134,0.07209888530374674,0.11857648193412229,0.10428656773912154,0.0923712024156198,0.05684234963626515,0.11728967868346514,0.016056186875648856
210,0.0,0.14430833503823334,0.15258385443901948,0.12803404994151824,0.07234684197505002,0.11135463916652842,0.10231858336046513,0.10070610244582603,0.0551073221326516,0.11902605866705869,0.01421421283365212
211,0.0,0.13770851987423682,0.1492926791114629,0.1390553251493182,0.07362684692663796,0.10485025010962734,0.09970749402944201,0.10821172493924835,0.054347281380727225,0.12081451361174263,0.012385364867559603
212,0.0,0.13232235607272197,0.13938427202995524,0.14521825927355156,0.0839287749381734,0.10085550664157261,0.0930577370590999,0.11198594403083245,0.059057216785868796,0.12273282256772464,0.01145711060050251
213,0.0,0.13703618439685755,0.13280842137080162,0.13642736097790575,0.09151874795985024,0.10484618362322182,0.0911856965324106,0.104351418138993,0.06461188683710344,0.12445056863911458,0.01276353152374467
214,0.0,0.1669824262085866,0.11579994476401541,0.08090933825734821,0.11852501706339397,0.13163090958199353,0.0894435402084265,0.06232741349841529,0.08605050712252851,0.12556070143030454,0.0227702018649907
215,0.0,0.1813590891273241,0.10950307724643649,0.05426883029844637,0.1289852656993978,0.14382332805217946,0.09046657020110564,0.04209760630705742,0.09430674754224183,0.12690369463367077,0.028285790892143434
216,0.0,0.20114445961391889,0.10130936646214055,0.018013891783803613,0.14247832247524084,0.16029240963005048,0.09118577165362053,0.015396150153840608,0.10523309058274552,0.12815292998960195,0.0367936076550405
217,0.0,0.20503956674709917,0.09984399277807232,0.009387922086494898,0.14497195247721695,0.16332655266526655,0.09226784026365789,0.009075247413241472,0.10619819665589272,0.12989744437758552,0.03999128453547587
218,0.0,0.20483108864713145,0.10047817296901086,0.007470627659126897,0.14477518797408245,0.1631545159582469,0.09394173810915164,0.007635465595131904,0.10448863618283091,0.13170148119402678,0.04152308571126362
219,0.0,0.20546335572317898,0.1000342101618228,0.004659915482968207,0.14497765748702454,0.1634721843133993,0.09444207047741633,0.005855001416912596,0.10349696247178031,0.13373050999220937,0.04386813247329107
220,0.0,0.20262848438039327,0.09949426169976101,0.009334133603017982,0.14253962919877022,0.16057105462887838,0.09301159846660316,0.009672119540864745,0.10099258362886696,0.1363976735215651,0.0453584613312826
221,0.0,0.15566829659161882,0.10186979222234713,0.10673573751089863,0.10548412449854987,0.1177462304267008,0.07328336830131209,0.07804738055836065,0.07964688286529199,0.14721540397412883,0.03430278305079473
222,0.0,0.1304624234514687,0.11034426825587518,0.1570033666954334,0.08114942888223123,0.0961164202498403,0.06487596445289052,0.11095528982606183,0.06974659305477396,0.15177531355108334,0.02757093158034485
223,0.0,0.1331831464980242,0.1206164144936847,0.14719948493944549,0.07564127176008441,0.09952228722129859,0.06731472435679516,0.10216071198646963,0.07195130195366957,0.152641608294519,0.029769048496012758
224,0.0,0.1801808102385783,0.14208136259582155,0.040283913675374636,0.09356177619940612,0.1417912105683202,0.08875220551202805,0.027602560847185837,0.09153204048039883,0.14632697728521715,0.04788714259767255
225,0.0,0.18544121557826407,0.14480763430350874,0.027184695525868923,0.09599045732923342,0.1457768169262237,0.09301910893731617,0.01882375151718429,0.09123340395021658,0.14748369954777124,0.05023921638441599
226,0.0,0.19757383686781832,0.14872443923299777,0.0027276279571675057,0.10016256136553515,0.1546487315869512,0.10188542315084918,0.0030551880058578935,0.09078787875347283,0.1483291728352869,0.052105140244066525
227,0.0,0.18921507679764432,0.14516448760516273,0.0260247048801021,0.09361957774284305,0.14505481146235125,0.10231586007448915,0.019093107957444014,0.08162392170530716,0.15294194640147699,0.044946505373182524
228,0.0,0.17162719031189033,0.1374055295312407,0.07081174796650594,0.08290450075917964,0.12756029292321114,0.0980014694213963,0.04861876354759028,0.07012134534651789,0.1592040999465894,0.03374506024588179
229,0.0,0.14889806185890372,0.12601108145299386,0.12698353651577302,0.07158714234726085,0.10620785756215584,0.09020360793923704,0.08476516417403973,0.058818248531349926,0.16642153087289394,0.020103768745395295
230,0.0,0.13527662605516763,0.11686372462957735,0.159148384208344,0.06805819871417945,0.09393276407134878,0.08439201531832462,0.10453188027631605,0.054360106190212594,0.17099210504193427,0.012444195494598484
231,0.0,0.13533949554366942,0.10860351905836782,0.14811832458411228,0.08489543642940806,0.09680498742700369,0.0805137047331341,0.0965886326386225,0.062398833504266345,0.1702146887374099,0.01652237734400922
232,0.0,0.16546070702823268,0.10976862521636878,0.06121721400410026,0.12270363774061975,0.126741622311025,0.0856639011498356,0.04102710348308625,0.08513969899602454,0.16125147183771885,0.041026018232991644
233,0.0,0.17039218812711576,0.11074548308781415,0.04573558814861961,0.12798031671522211,0.13194570757051136,0.08761193149110831,0.030840100378377203,0.0875829132655954,0.16086903110397308,0.04629674011166609
234,0.0,0.1679875307162203,0.09683009633505682,0.07134613024778215,0.11504307281053648,0.124555663115833,0.0715790670133704,0.04664853089597683,0.08636835839951827,0.16978513547037846,0.04985641499533034
235,0.0,0.1495102720358416,0.09255082294755286,0.12300250177188014,0.09277367909683151,0.10715995544163152,0.06391508808433387,0.0778506074204626,0.07480460933884125,0.17971220254931777,0.03872026131331018
236,0.0,0.1348947039113777,0.09194171710568876,0.16149731223998628,0.07462525224477694,0.09406850317007763,0.058929789196949196,0.10050540747189173,0.06602103459913851,0.18775475573568656,0.029761524324430064
237,0.0,0.12933964741639287,0.09744480243121456,0.17144990233865806,0.06581969848838931,0.09020493271071932,0.058983321387964194,0.10547100527390285,0.06261154514697827,0.19120068310586555,0.027474461699918594
238,0.0,0.18344771440636487,0.14505413412070967,0.0034017224726125917,0.1076816370426913,0.14460271795811228,0.09410827885432796,0.0035082709108604513,0.08592798427805658,0.165344211210065,0.06692332874620315
239,0.0,0.16817851509654613,0.12749158188656728,0.06526213288302837,0.09024194906441134,0.12514156681877392,0.09029718946682674,0.04049503830633705,0.07020227463452829,0.17928516021337806,0.043404591629606575
240,0.0,0.1631617753480719,0.1220962122717081,0.0833946067510589,0.08526032663542292,0.11890847196158985,0.08890870684056727,0.050506790899984715,0.06597097349815588,0.18353632618272295,0.038255809610721225
241,0.0,0.1465572258041794,0.10645679884706312,0.1385617419831501,0.07153509466204565,0.10107157470880036,0.08187353098304577,0.08175987273713184,0.056640683362333404,0.19438387244043603,0.021159604471818243
242,0.0,0.16048007806106163,0.10919744909390802,0.05953770290379449,0.11977079862888257,0.12416331865635297,0.08032252608806995,0.03673657348075625,0.08079926725999649,0.17849702552195496,0.05049526030522672
243,0.0,0.14035908432892716,0.08405068087607478,0.15600047547076062,0.07417447266960582,0.09581433436853934,0.05727109430633805,0.09034686863634128,0.06570311691425135,0.20291361728800253,0.03336625514116311
244,0.0,0.13257483594391067,0.08490133704305318,0.17628283905373676,0.06313401918756348,0.0891429430037368,0.056280278918602815,0.1013382140843427,0.05968996815188292,0.20962224907619562,0.027033315536979102
245,0.0,0.1311664126309817,0.08733789779703292,0.17721734248992912,0.06074459041395523,0.08858943897850519,0.05747731700948884,0.10125572761102429,0.05779477503133327,0.21263365953392557,0.025782838503827885
246,0.0,0.13118377222928468,0.08773118451235355,0.1764050283410028,0.06038459209866143,0.08877183212446868,0.05828460363272583,0.10011411573865475,0.05685661334283787,0.2155361265791056,0.02473213140090898
247,0.0,0.1319794900148829,0.09039709633330895,0.17112830168374413,0.06091054091584568,0.09013202772766793,0.06017005565225729,0.09647198188670694,0.05633582917042395,0.2168991068161907,0.025575569798975392
248,0.0,0.14220023683685223,0.10734140891655171,0.12504709276100773,0.07298902858329999,0.103426895247379,0.06956092593048493,0.0702901808035817,0.06092561724007954,0.20686933765955876,0.041349276021208546
249,0.0,0.14949942589991008,0.11573116866166917,0.09650251228521485,0.08124893892358466,0.11186026518171406,0.07511345139014854,0.05406192853479133,0.06345158006063378,0.20139149654832086,0.05113923251401691
250,0.0,0.17515876099622452,0.13880813126042343,0.006872534652310986,0.10890459712616465,0.1398343848125464,0.09094086164296912,0.004402624851944045,0.07345616487899487,0.1803271460223869,0.08129479375603918
251,0.0,0.17285576646642709,0.12495498479620133,0.03656488457676829,0.10007061613086105,0.1322214503704492,0.08859369117438057,0.02004372278214983,0.06560745788320485,0.19176141199512492,0.06732601382443687
252,0.0,0.1497457161933761,0.0931396316966778,0.13494126716540109,0.0720728486046282,0.10246820806679151,0.0744560546022276,0.07273216169742312,0.05042404430797956,0.2207987955352906,0.029221272130208382
253,0.0,0.14060801827162617,0.08135052668988371,0.16889649210376328,0.06412966580283594,0.09174768720391717,0.0685866829752933,0.09028903964881634,0.046890679748907926,0.2312718538129711,0.016229353741989
254,0.0,0.13962938790798815,0.07820245577109916,0.17409902433898727,0.06331174378991473,0.09013623261928493,0.06781288399874442,0.09205056237206982,0.04697617126798864,0.23398035092333697,0.013801187010589999
255,0.0,0.15776165413401427,0.10490517199503008,0.05998238783933855,0.11306097297142909,0.12371720577656094,0.06804577580961933,0.03366516907517357,0.07635697845268896,0.1990505858102002,0.06345409813594909
256,0.0,0.16384555268137363,0.11188848931999901,0.031546996053866516,0.12184133565527006,0.13315432283507223,0.07039761643344002,0.018457187260494216,0.0808965917429119,0.19183548322533,0.0761364247922465
257,0.0,0.16572439312934412,0.0971806409491837,0.058144974680181045,0.10558441396894726,0.1273530676043828,0.06563894346937742,0.029683800384542925,0.07695706323282656,0.2049830632805692,0.06874963930064916
258,0.0,0.13761043385385527,0.0692042255755635,0.18012132986303653,0.056365766407043855,0.08882404713602547,0.05805162513615094,0.09090783737923305,0.05183829189930614,0.24536048705764715,0.02171595569214207
259,0.0,0.1363169916276483,0.07680308790474731,0.17161024217802806,0.0571685375369055,0.09052241158871469,0.06213295237369235,0.08654706338909476,0.049683785086929784,0.2436301558277655,0.02558477248647805
260,0.0,0.14558311416179281,0.09689221044086573,0.1166585453434462,0.07443373427228407,0.10715715859867667,0.07059249712788528,0.059112952181425225,0.054677890225453,0.2257446790981944,0.049147218549980824
261,0.0,0.1587614669190738,0.11630071124456284,0.053879841987864226,0.09480984603918435,0.12718373381426287,0.07884066424935121,0.02781147522767046,0.06126110378627966,0.2049573989076945,0.0761937578240602
262,0.0,0.16869836802345808,0.1262836249805531,0.015042428501997484,0.10731013178095154,0.14028944916127067,0.08384992634912382,0.008349569510868272,0.06471101889974552,0.19231961016810414,0.09314587262393159
263,0.0,0.17412563639925138,0.12737804670363084,0.0019745475146053858,0.11132127305963409,0.1454426995361687,0.08580986358850098,0.0015318090086999362,0.06479162259176134,0.18869822106341738,0.09892628053433439
264,0.0,0.1757212377269442,0.12233484038462539,0.008088847065656312,0.10910026207277583,0.14440010556318741,0.0855930902241002,0.004049545351338234,0.06257975985284678,0.19194914427258983,0.09618316748594016
265,0.0,0.17656157294292626,0.12065806105136286,0.009538886897134424,0.1077345315002028,0.14454004343309743,0.08589819894234614,0.0046425880175278425,0.061120740206335705,0.1923523748034441,0.0969530022056268
266,0.0,0.1762112756687205,0.1134945183410744,0.02343291538125307,0.10298917870315757,0.14076487554375816,0.08478231405177383,0.010873062808354842,0.05841416910675121,0.19832300333893302,0.09071468705622779
267,0.0,0.17594695545255842,0.10798092382276234,0.0340161632536995,0.09915304419106645,0.13793229588463235,0.08402048279865536,0.015569349358947986,0.05634061521473282,0.20272236799845447,0.0863178020244947
268,0.0,0.15827131194888394,0.06994554360604946,0.13740015467978683,0.07006516689390808,0.10287838087047976,0.07135232396450346,0.06425158654433902,0.04553412077308502,0.2484815102117759,0.031819900507192814
269,0.0,0.15589317515547882,0.06385968137732967,0.15167507877889075,0.06628568846491302,0.09798000449701141,0.0695660262854995,0.07048182465262479,0.04476754167037577,0.2553498836980326,0.024141095419847804
270,0.0,0.15209321328623018,0.05750210407191368,0.168491819760459,0.062313857676106324,0.09185301493469039,0.06668943820607547,0.07816969384963911,0.04448884738748642,0.2636198705864146,0.014778140240989354
271,0.0,0.15188457773850508,0.05535653890879521,0.17124299244945637,0.06186278425826115,0.09085464484491611,0.06651706520597551,0.07870291141354034,0.04514009929201788,0.26561146621494214,0.012826919673594834
272,0.0,0.15070614590528833,0.0742987288193657,0.12793410392172727,0.07884499785744377,0.10493994669939705,0.05821038293165498,0.06252371773862607,0.05880249120876727,0.2471253512551928,0.03661413366254136
273,0.0,0.17630378357677756,0.10993345202369084,0.003496439709518154,0.11197805859984326,0.15261155212736385,0.05928115036987415,0.0028888762604963986,0.0828028316503661,0.18895808803490677,0.1117457676471677
274,0.0,0.17547740685908775,0.1044763137732594,0.01651980276502075,0.10484698405629395,0.14880472238932047,0.060716878152584704,0.007235595592161588,0.07927145045970647,0.19657169172304845,0.1060791542295213
275,0.0,0.17058654114812113,0.08847460928971385,0.05873522381512718,0.0884192453960198,0.13376194151528653,0.06252010044622237,0.024095186260500643,0.07075763293518396,0.21878906571652065,0.08386045347730892
276,0.0,0.1539719042659928,0.054489646176496764,0.15931456030741087,0.05497319676679833,0.0950485425666955,0.06607680831752702,0.06726455714046536,0.05048889007681593,0.2699046264281523,0.02846726795365009
277,0.0,0.15199439704470058,0.05170796520689385,0.16761999662141358,0.052413728020124034,0.09125426243410259,0.06771226123317503,0.0704857296052296,0.04785388989645209,0.27645503783323133,0.022502732104682437
278,0.0,0.1475250931334846,0.0583894239544831,0.159622771267466,0.056803916080810465,0.09304112628113957,0.0728625114566547,0.06893625328100642,0.04235350021531794,0.2723137793996313,0.028151624930011342
279,0.0,0.17316199643608898,0.10817671141981844,0.0035094477721865957,0.10939267830663182,0.15589340905636853,0.07767719166553431,0.0025975748323381997,0.0594132572056202,0.1925406830050078,0.11763705030041047
280,0.0,0.17619223699121495,0.10443415233458521,0.004473428655625179,0.10883254341452014,0.15676288830423504,0.07743068992355007,0.002201924407045025,0.05926629246222417,0.19297653967556078,0.11742930383144495
281,0.0,0.1753117337570769,0.08554853194774006,0.043346664921521644,0.09821031994221807,0.14195139485301955,0.07553094037875775,0.016778038936358427,0.05601219192836264,0.21460016194896797,0.09271002138598258
282,0.0,0.1761731527968775,0.08298209516502908,0.046329296515125636,0.09652661737035992,0.1415295231527053,0.07572684198482568,0.017721113492798587,0.05558217921995611,0.21549867865166608,0.09193050165066183
283,0.0,0.17277945357817456,0.06746140165123894,0.08372720595051819,0.0860396268716665,0.12608900523687927,0.07447104603732357,0.03239926482304713,0.05246889538727657,0.2364601130303039,0.06810398743357718
284,0.0,0.16968460885108597,0.05636984943039806,0.1115731841186824,0.07831310753014026,0.11414474597135431,0.07365031546731518,0.043398632128477804,0.050480224096904544,0.2523553317905156,0.05003000061513191
285,0.0,0.15523812574639126,0.06340807535315707,0.13014501491308553,0.07118355489929,0.10360104140538091,0.06241787356737014,0.05591317383038608,0.055980464341699274,0.26537936707534465,0.03673330886790112
286,0.0,0.15840279782457642,0.07935104208955053,0.0930199979966925,0.0790154719140578,0.12046367013602036,0.060972013357128665,0.04143448234517514,0.06166298429443032,0.24392969999346373,0.06174784004891055
287,0.0,0.16802034658397508,0.10607288123425503,0.023477505207853168,0.09200699638614492,0.15370789881331595,0.059227239655873606,0.013390556679057088,0.07118123654510625,0.20251783585509125,0.1103975030393338
288,0.0,0.170430689345502,0.11132603854260595,0.008827169305739992,0.0929399718264998,0.16140028600519127,0.060311087612557775,0.006744304377063145,0.07240896095276883,0.19409247233606153,0.12151901969601592
289,0.0,0.17395653542747702,0.09624044021086846,0.031200652753044567,0.08133932936888047,0.15256205389501454,0.06745658855411532,0.010834222267723912,0.06843768591388269,0.20782994686818942,0.11014254474081021
290,0.0,0.1718394987915729,0.0872598436387198,0.05192159411001724,0.07475830133424147,0.14260501954686355,0.07122289101736602,0.017618049084374508,0.06455346697846567,0.2218317990131138,0.09638953648527164
291,0.0,0.1673836122883794,0.06902007465567651,0.09355552860887952,0.06392520027560743,0.1218631137722015,0.07732212047199415,0.031853906969480476,0.05788683307150084,0.24894483243776294,0.06824477744852396
292,0.0,0.1632884402902386,0.05563073502355227,0.12445030257414678,0.05696936275439113,0.10567475634527905,0.08220204073407784,0.04257324153666339,0.052859627357992364,0.26973252852591917,0.04661896485774604
293,0.0,0.16261333908673523,0.054249084229986894,0.127387227182766,0.05634481862432219,0.10329872112049324,0.08403704590532679,0.04322098490154962,0.05199617685767072,0.27337188148083336,0.04348072061032284
294,0.0,0.15916138991244666,0.04396713896522093,0.15005618478160004,0.05249254618453945,0.09061673382249151,0.08812961945888048,0.05099441272781578,0.04845141192185482,0.2889216008381046,0.027208961387052755
295,0.0,0.15418615152277174,0.03269607934097711,0.1730846508826074,0.05120891975950157,0.07742963341396066,0.0921173392111676,0.05943185216395776,0.04468543372354963,0.3036251193009497,0.01153482068056392
296,0.0,0.15253827173908674,0.03298058837644195,0.16706759714086133,0.057008138373031286,0.0795858339250747,0.09246556642148682,0.05781648992717901,0.04481870000703241,0.2992697136933515,0.016449100396461386
297,0.0,0.15301390377737367,0.03427271580802646,0.16021386724915945,0.06019492782495741,0.0823906974266821,0.0927595331653373,0.055193505500597484,0.045677663142452515,0.29515065929872675,0.021132526806694116
298,0.0,0.15381592368581845,0.0362315880815109,0.15145833125913466,0.06370369584636457,0.08644613109119866,0.09264120495957105,0.051934579593892194,0.04685181775145598,0.28940306233820234,0.027513665392858776
299,0.0,0.16444838228679948,0.07242872198159912,0.042195540810641634,0.0975369552711483,0.1472772165446569,0.07622219009657655,0.015733046613097365,0.060298505757882745,0.21514151287677746,0.10871792776082802
300,0.0,0.16609089033698565,0.07329534739736601,0.03646074360577539,0.098349795371674,0.15108608907884136,0.07562299087908866,0.013632363309691696,0.06117847395820075,0.21062995870193835,0.11365334736044569
301,0.0,0.1715331221692686,0.0803051819194551,0.009338171561400741,0.10571202752345472,0.16691129746460634,0.07035104410260162,0.00408205542087846,0.06550834942503973,0.19307585968184535,0.13318289073145678
302,0.0,0.17179482543069433,0.05198034760212214,0.07285179115067747,0.09375167544310925,0.12724996364974364,0.0717809704334755,0.022847354455334208,0.06360956487216445,0.24465635617754808,0.07947715078513845
303,0.0,0.1648824140545009,0.031686605198882146,0.13626578762254163,0.07737979881389395,0.08895955226762034,0.07824926804305951,0.043409268911720554,0.058493286567200424,0.28882607037657787,0.03184794814401046
304,0.0,0.15708455942238883,0.041864762642439886,0.15134989299542065,0.06350404864226065,0.08082262851559618,0.07891090213412764,0.050006993858997484,0.05656565173649791,0.29401931671791515,0.025871243334363248
305,0.0,0.16409659611679497,0.09191297058577727,0.052225687642960934,0.07120052079002319,0.1427356191620936,0.06932242456149432,0.01884250473030336,0.06459873589856215,0.22082328441323174,0.10424165609876615
306,0.0,0.16950500299877264,0.10935085294544691,0.010045578488669136,0.07447232511870434,0.16854217481921083,0.06883015649117565,0.0045538087190570955,0.06756321597598534,0.19257698080711128,0.1345599036358747
307,0.0,0.17134678187483085,0.0853553922022163,0.04759032461366905,0.06658191002165265,0.14247747648731188,0.08710772726692555,0.013418180677813528,0.062154092783533926,0.22539208616561715,0.0985760279064372
308,0.0,0.15676723089739428,0.034294882987636666,0.12999002182050842,0.07283016026592315,0.090918436150342,0.10121636100524159,0.041187505998252515,0.054351620596187596,0.2778793402620574,0.040564440016464455
309,0.0,0.1597191992360892,0.04515183056618574,0.0955611953212203,0.08236026801274579,0.11349459314761648,0.09355025774136962,0.030779895434617476,0.058934304874249964,0.2513495124442564,0.06909894322165708
310,0.0,0.16484472447127985,0.05986283676872935,0.04974108189166376,0.09365353780894081,0.14423188701359185,0.08239132762741161,0.016757959005446455,0.06521502445883179,0.21687359667742315,0.10642802427668956
311,0.0,0.17161318016567498,0.0720934177288378,0.008283554297350814,0.10379132281382612,0.17181486488634157,0.07058189695053114,0.0035153953716781515,0.0721114488661388,0.18779070346209686,0.13840421545753206
312,0.0,0.17235006417790025,0.04892870111412973,0.06312354087926181,0.09634087369635498,0.1298641159815858,0.07498242491073154,0.017718467423086325,0.07241361753444664,0.23676328546324718,0.08751490881926399
313,0.0,0.1635282026146475,0.02586589364842813,0.14249334863542434,0.07846346686955769,0.07220922048952148,0.090341173430481,0.040963675006184586,0.06712231052811186,0.2957155704993665,0.023297138278285064
314,0.0,0.16318461447819704,0.025516060708339644,0.143498122233649,0.07852128832364055,0.07036594208355312,0.09193307119653261,0.040894728562574804,0.0679506036275215,0.29606624459036657,0.022069324195633476
315,0.0,0.1581996298770114,0.03625218780029935,0.14825108517925042,0.06912190162368204,0.06713298317859455,0.09421969063618413,0.043923894085066716,0.06551352821581288,0.2959907152403134,0.021394384163793353
316,0.0,0.16298105871271562,0.08569340917874875,0.05776762153596637,0.0671071495040583,0.13655875496223766,0.080378420956918,0.019298210219798925,0.06807473112550758,0.2220997312961058,0.1000409125079514
317,0.0,0.17207244927686127,0.09324174038049568,0.023021801561532985,0.06522274956830955,0.16051591876635718,0.09073344844198607,0.0055475955551052055,0.0676867927068642,0.20006800619713447,0.12188949754536196
318,0.0,0.15999255401142293,0.02568526029700734,0.14909263091851405,0.06349048067683931,0.06069334825558197,0.12951910676235492,0.040269348124388434,0.059448457014909736,0.29902065875118744,0.01278815518780245
319,0.0,0.15783394657437538,0.02041210071429649,0.1548859485716507,0.06721803429269363,0.055223362497005844,0.1309793079711278,0.04225559423980535,0.06019447718245537,0.30194422969151113,0.009052998265086609
320,0.0,0.15725040400655801,0.01962032230452632,0.15276969155974457,0.06993742072234868,0.055873738395310846,0.13077570280758516,0.041643887431257506,0.06142375167944096,0.2990014416120755,0.011703639481160797
321,0.0,0.15833700051273947,0.031104069372285045,0.11119966910844026,0.08192375088505716,0.09101805620388996,0.11377494039028489,0.031525458750628295,0.06759693878628463,0.2613664950943943,0.05215362089600443
322,0.0,0.16372661358027774,0.05131518076321642,0.05043249755036526,0.09339419977458421,0.14123752281504307,0.09084730651723112,0.015332716529342955,0.0757193315977365,0.21157692852851887,0.10641770234369242
323,0.0,0.16534172961135285,0.054582537861212234,0.03939837725987782,0.09473804895260496,0.15052703406857978,0.08696584233426356,0.01218369878288944,0.07796287369230862,0.20185951625442192,0.11644034118249753
324,0.0,0.1724984134652624,0.06466480787593502,0.005261244995196356,0.10149718216962408,0.17587773387446373,0.07080817054427704,0.001674465266865232,0.08688256299722934,0.1792668268532334,0.14156859195792226
325,0.0,0.17278291606202226,0.05747070054113291,0.024100460956626622,0.10045906067716603,0.15656510575637023,0.0750690640234735,0.005870358999014185,0.08834233812746724,0.19778022188067007,0.12155977297606599
326,0.0,0.17253819990689362,0.054240537715893156,0.032768530780397105,0.09926338055803559,0.1481890040659204,0.07804205202578056,0.00792688581473799,0.08905983950452596,0.20483731431621024,0.1131342553116145
327,0.0,0.1698072700363149,0.04209738030433249,0.07038286745203783,0.09590644424150449,0.11147439727327313,0.0898385668412551,0.01744624154793762,0.08828114885530028,0.23752884609103872,0.07723683735701461
328,0.0,0.16781774879840006,0.0364507128404324,0.08983373165912886,0.09379380653821266,0.0922234789557155,0.0969721484196528,0.022456101078948597,0.08792357965420756,0.2532756259470778,0.059253066108233034
329,0.0,0.16141049906544044,0.028156955208101023,0.1346955674304796,0.08571301959858194,0.04976893666129229,0.11280826081604658,0.03518656144917443,0.08362552577152706,0.2880048477016939,0.020629826297672037
330,0.0,0.15900842828978998,0.03174427712977878,0.13877461368653188,0.08208746687745144,0.04576907633020877,0.11605090988303793,0.03684047495933129,0.08217990047613176,0.2886444269813476,0.018900425386399727
331,0.0,0.1579774336450742,0.05276204944885342,0.1115013129292473,0.0736710418092935,0.07452763748191424,0.11042709230526633,0.03133767025439755,0.0788154406028111,0.26060271334074875,0.04837760818240298
332,0.0,0.1587834642069025,0.06857712833434602,0.0829277378221673,0.07004871472953572,0.10269271265911609,0.10422867978205136,0.024328849835916787,0.07795829109452765,0.2348256479530019,0.07562877358244408
333,0.0,0.1603951595493595,0.08399790333155366,0.052055174144164745,0.06689634943248386,0.13295523845042512,0.0978904346163339,0.016408494664722915,0.07735874875600736,0.20842038937066648,0.10362210768429213
334,0.0,0.15917614948375258,0.031810453023078465,0.12131936631581396,0.07613824441150585,0.05557300320717319,0.153819190970991,0.02828184039813237,0.07638632124999996,0.27303664566833813,0.024458785271222843
335,0.0,0.15496382355451613,0.01907821878793775,0.13820292153470384,0.0836179614620328,0.03890578042361908,0.15675973260208298,0.034127392780365015,0.07934724402487767,0.2834287994342046,0.011568125395668831
336,0.0,0.15892712956403443,0.04243500617160634,0.06115502711791053,0.09372141472528182,0.12301160201887029,0.10992869642296918,0.017644524296131697,0.0895137572231714,0.21286125149509752,0.09080159096493548
337,0.0,0.16093367704218486,0.04884194481028486,0.0425757710035719,0.09451060438733291,0.1425532903662797,0.10011403815104265,0.012845805821560025,0.09239357302006172,0.19634454162770115,0.10888675376998888
338,0.0,0.16623721776999434,0.06222293240616171,0.00584354788232539,0.09722164728737279,0.17910468346011005,0.07837618272960249,0.002361753239113792,0.09858152683476075,0.16830647524335596,0.1417440331472114
339,0.0,0.16740895675448414,0.062761863386222,0.004655719778673232,0.09646097039257728,0.17956429665307472,0.07703065787491767,0.0013166898335802437,0.1018799695986138,0.16707120921606702,0.1418496665117988
340,0.0,0.16756158157623252,0.06260940611046441,0.004989204060607194,0.09565592316359767,0.1794324698297811,0.07746148140191028,0.0012974357706864244,0.10302688739692933,0.16643644205392738,0.14152916863587267
341,0.0,0.16781719801366926,0.061750892439498155,0.008190830434249194,0.09558549938530725,0.17472768350631274,0.07865160143765802,0.001636612075943331,0.10461314504306134,0.16952232400705416,0.13750421365725557
342,0.0,0.15585932333043712,0.035213073548025595,0.1251495794861888,0.09428725419525724,0.03350726791107488,0.13084292399450248,0.03156220622164593,0.09786255912755559,0.2719418240818918,0.02377398810342966
343,0.0,0.15562214967896476,0.06631935938114336,0.08234764839205108,0.07528799057352105,0.09131872177576612,0.118706758816489,0.023673372056483857,0.087130143867411,0.22622893090004795,0.07336492455813134
344,0.0,0.161012237744787,0.09467602101824911,0.01783042506024713,0.06373789947477788,0.1671834937944812,0.10244381776010676,0.0066819631313853566,0.08167764733311704,0.17239902965248427,0.1323574650303737
345,0.0,0.15919374420674318,0.09901395351059307,0.012060939209835479,0.06385863499600758,0.17141247258923362,0.10334138323492703,0.00485593070435607,0.08199079468239308,0.16984296773531515,0.13442917913060518
346,0.0,0.1590346965187751,0.10124678349877739,0.006424697999489079,0.06376821786485475,0.1761966104725325,0.10471578206339995,0.0028664383904646483,0.0819121867238211,0.16726867524547082,0.13656591122242417
347,0.0,0.15919710480229127,0.09577991209746367,0.010200203788150973,0.06643717245558647,0.16753360824054828,0.1158689604525032,0.0018002596881668918,0.08250066847374987,0.17436041039866515,0.126321699602884
348,0.0,0.1551568361456808,0.06562773450473838,0.06090697280051928,0.07845926015236039,0.1017337238235956,0.14985903489182,0.01129592755921129,0.08693829442325615,0.21706634131050662,0.07295587438832139
349,0.0,0.14969893048705882,0.03965663995046181,0.10706332157521099,0.08966968558839647,0.04532563818147706,0.1732043873571203,0.021842631643297403,0.0921406871364792,0.25050664687448515,0.03089143120602272
350,0.0,0.14491067926807322,0.022811645925765126,0.12825136580728386,0.0997273403653191,0.02412352025391595,0.17511349201085527,0.028688920965024466,0.09909248102522349,0.2592217876989576,0.01805876667959208
351,0.0,0.14498106110320416,0.027305620699754275,0.10902258719793861,0.10161117551763733,0.050667989253801886,0.15793828703875262,0.025629760007667368,0.10279997781835962,0.2400782669213933,0.03996527444150119
352,0.0,0.1557756012725503,0.06246749709485449,0.02203432298065416,0.10541318218241075,0.14775572633882855,0.08905515015867323,0.003711835464716594,0.11420823251026169,0.18659652582422762,0.112981926172833
353,0.0,0.14493598355741882,0.041842513310395416,0.12222886192024231,0.10426816849461555,0.022926400691586503,0.13982233266681596,0.026352627271130174,0.11123155592987781,0.2560461747279019,0.030345381430025804
354,0.0,0.14233163872698726,0.04878561140806488,0.12443571809921847,0.0976603759001236,0.02290381834012021,0.14353090871236585,0.028244101949104598,0.10667030846789277,0.25263164380508507,0.0328058745910477
355,0.0,0.14130765815630153,0.05285390046145695,0.12059727402915801,0.09592826959870468,0.02744417233708281,0.14320863038361822,0.02777747678297959,0.1055944229085091,0.248050638290592,0.03723755705160766
356,0.0,0.14037622217839163,0.055604710259775064,0.11784371813410446,0.09532409652552681,0.03014152560445505,0.14305051254263396,0.027362701666138342,0.10529030584255696,0.24479579698053372,0.04021041026589471
357,0.0,0.13982158975292924,0.062383049738657645,0.10842467576223885,0.09202172746164648,0.0422813059602563,0.14036245992456128,0.02590996938868786,0.10313301862443273,0.23646635975920416,0.04919584362739616
358,0.0,0.13950119013117596,0.06873912559465271,0.09843218868943734,0.08919720438229292,0.0549610208654904,0.13722743694715478,0.024192817996427123,0.1013347159879911,0.2283729656090573,0.058041333796330884
359,0.0,0.14972760690087736,0.09918137112020847,0.009852257868105087,0.07095408416646509,0.16618213974193044,0.12202129418523726,0.002032875253637152,0.08774541025079277,0.17499893570110753,0.1173040248116496
360,0.0,0.14886266020447184,0.09836929993208275,0.011947613650769929,0.0720753334120724,0.16254343708701688,0.1243488274014095,0.002244950303873589,0.08846924219773489,0.1775281613200971,0.11361047449048196
361,0.0,0.14355560671049186,0.06503059572423557,0.06771927287811318,0.0884874155176143,0.08597438905840188,0.1636443107074119,0.012123891396341823,0.0972946379193033,0.2149500118473984,0.061219868240698694
362,0.0,0.14181319772596043,0.060087612053202163,0.07748851656230359,0.09174887781826356,0.07241973753622957,0.16961545954929652,0.01418646812009038,0.09923248871560356,0.2206963122867319,0.05271132963232935
363,0.0,0.13978699383833731,0.05396905393123277,0.08924402016263072,0.0955965737929971,0.056517204988333444,0.1763182060445813,0.016770772122834687,0.1016098908000366,0.22697118443475978,0.043216099884267084
364,0.0,0.1365858541356267,0.04317586709814336,0.07517115835614141,0.10943717889503164,0.08551782171175368,0.1433989475104489,0.01836911209667237,0.11563353532498073,0.20773608769474508,0.06497443717646717
365,0.0,0.13770140163386102,0.048972528070748374,0.06006038691511034,0.10791830873060874,0.1062593165860924,0.13177525813959012,0.01525226183971897,0.11624413117381395,0.19841761065878616,0.07739879625168113
366,0.0,0.1422282634572746,0.06440702458846503,0.02028542759470293,0.10441705798631992,0.15851149802539125,0.10141607425312392,0.006156274987166514,0.11692924811547764,0.17826207955548298,0.10738705143660648
367,0.0,0.14294747081042466,0.067981722029735,0.012755434407609855,0.10341175237298098,0.1682988675952356,0.09541359031654803,0.0041893402748724475,0.11777981902478979,0.17498738111396922,0.11223462205384559
368,0.0,0.14452958759926737,0.07331190235086929,0.004027793172252825,0.10348719188514198,0.17673079911359577,0.08704815381489538,0.0011444104609220761,0.11948523422068659,0.1739423360762975,0.11629259130608254
369,0.0,0.14429174772962353,0.07397543662663594,0.00566489648634803,0.10371617888110661,0.17345177506044576,0.08725428046775108,0.0010967881369765623,0.12071336693606095,0.17609009014565283,0.11374543952940976
370,0.0,0.14380569813074062,0.07404498171612162,0.008704371037965054,0.10402162325178066,0.1684674700767921,0.08863080753259034,0.0014767411344244691,0.12185318773623963,0.17863635193863367,0.11035876744472303
371,0.0,0.1402097072943869,0.06874531733706425,0.03822242456084523,0.10898596909502366,0.12275716003988461,0.10528344355186023,0.007353660999192762,0.12536805257697964,0.19647294945211902,0.086601315092655
372,0.0,0.13425303293479912,0.059871878577531755,0.08167776848947784,0.11451200212443666,0.059567993381915436,0.13137788358330785,0.01792046753378405,0.12692749612587315,0.21711687037420258,0.056774606874682915
373,0.0,0.13026481110653865,0.057088319560441636,0.10367359016379965,0.11534490377278682,0.02949160901856055,0.14517123486399763,0.024230337437685247,0.1259043954860713,0.2248338801577137,0.0439969184324165
374,0.0,0.12932713108665472,0.05785260424591736,0.10482219225460922,0.11513673208724023,0.027941401372373116,0.14604612771226477,0.02480380375129291,0.12579161031584032,0.22417680753239466,0.04410158964142437
375,0.0,0.1279669156128937,0.058519277389002027,0.10829325675016814,0.1147280317317354,0.023492381778106832,0.14839000284858225,0.026192823859221108,0.1251776853623324,0.2241217309719073,0.043117893696062705
376,0.0,0.1296207761997276,0.08403445194693746,0.06994462028751229,0.09083804264947236,0.09073587157959051,0.13557653561545688,0.02154597929022371,0.10290921460838652,0.19856921124326274,0.07622529657944194
377,0.0,0.13313594450394087,0.09573106818148924,0.03845675279693691,0.08191274107640838,0.13784461477616838,0.12300017783437264,0.013636559409155603,0.09537258301654938,0.185813652772928,0.09509590563206269
378,0.0,0.13740627455536375,0.09319921056036791,0.015227571940663251,0.08265981062117578,0.1648024650409087,0.13241998058913695,0.0030365828414766903,0.09261113012349301,0.18567900907697818,0.092957964650448
379,0.0,0.1354639522606474,0.08602441485691051,0.027896596253802565,0.08799603755784087,0.14498413679047245,0.14272286393878528,0.005456753617981097,0.09590842136579712,0.19248304006631262,0.08106378329146254
380,0.0,0.13102666942301464,0.06417099452446756,0.035405218301549926,0.10464870388784309,0.14621901579262506,0.11461122095378042,0.012442577907540662,0.12117489119062128,0.1865760190486319,0.08372468896993801
381,0.0,0.13210987542136204,0.06752718835544363,0.02745887762179819,0.10262484254595335,0.1584119669054803,0.10777856417359577,0.010198302381127263,0.1209377237565347,0.18452443887195832,0.08842821996675904
382,0.0,0.13376762096893088,0.07178665529893034,0.017344014256711456,0.10031176720642918,0.17332534303906716,0.0991539161797223,0.007063435776402883,0.12060833832903255,0.1825701154024585,0.09406879354232742
383,0.0,0.1354007340768253,0.07563960072645833,0.00888658941215743,0.09854072325660335,0.1851458805005751,0.09174556149246005,0.004080792636314547,0.12050478943811088,0.18187339583114676,0.09818193262936088
384,0.0,0.13553717851612754,0.0761681275413001,0.007977432056549797,0.09786385716668701,0.18696804559397656,0.09076762479042634,0.0037512008863394286,0.12082603705012346,0.18214493571102494,0.09799556068745766
385,0.0,0.13689939854536995,0.07913544144471872,0.00431812435102916,0.09777231273940118,0.18979126878725588,0.08644000580844897,0.0014568262827197973,0.12135919658839966,0.18448043647963902,0.09834698897303046
386,0.0,0.1357024099127801,0.07824595230466373,0.016841844585857534,0.10165804903219362,0.1666375756412055,0.09287987960443643,0.0036656039105251305,0.12335634323953167,0.1917969405462168,0.0892154012226027
387,0.0,0.12188115677965419,0.06578334311364772,0.09341479579765496,0.11632128655645305,0.047955690466713614,0.13989976877639243,0.0273780180165416,0.12690822943196858,0.21085556071962128,0.049602150341365614
388,0.0,0.11674547905484564,0.0680185327872885,0.10835409236826382,0.11389064436438016,0.031527695495550255,0.14773735138304225,0.034910138771532644,0.12215743520748998,0.2091218297896863,0.04753680077793387
389,0.0,0.12061499034724223,0.08541674190186993,0.07313089711399526,0.09488973487151536,0.09556710597585989,0.13271393596548758,0.028341370107419942,0.10288535731677212,0.1961909755583129,0.07024889084153833
390,0.0,0.12500151406092233,0.09321891811876339,0.047679821023157466,0.0865997847472907,0.13705219073609642,0.1211648317417927,0.020473734605429755,0.09509254246127036,0.19220656104942876,0.08151010145586192
391,0.0,0.12961808834124613,0.09931433725561346,0.023497367687954927,0.07990746217454206,0.18309286183287674,0.10375123629551886,0.012032619677118848,0.08681885666756273,0.19707059619538111,0.08489657387219887
392,0.0,0.13310666454863254,0.09960089750307237,0.010046136066951625,0.07812245958436093,0.20328861255169178,0.10139226291849557,0.005987875304696148,0.08419441056632333,0.19953229592721497,0.08472838502857437
393,0.0,0.1275764325767381,0.07981376335417702,0.03951289842350583,0.0942926864176685,0.15231045156869533,0.13434490404867344,0.011179342607685069,0.09548712145841902,0.20573398918616073,0.059748410358290927
394,0.0,0.12333244260494111,0.0722364432497785,0.05759816514016554,0.10101066129561338,0.12513651882009375,0.14588062856218387,0.01704551844047196,0.10058206949790204,0.20682658266711998,0.0503509697217438
395,0.0,0.11242798866908556,0.05465229386194961,0.1007309500656343,0.11612707922446841,0.06172717521639894,0.16954900259385972,0.03330733810587091,0.11368107875096448,0.20460478290517672,0.03319231060660556
396,0.0,0.11024475828923977,0.05238713580847386,0.10640125291617875,0.11780211517188018,0.05613898843066695,0.1690899929686306,0.03693817539841136,0.11551924511507926,0.20263909569278643,0.03283924020866694
397,0.0,0.1320565219421609,0.073966141203693,0.017515760146696233,0.09655112793532614,0.20017104258164373,0.09127628574811211,0.009138206503844726,0.1012751370205484,0.2035645079776623,0.07448526894032645
398,0.0,0.13466722932973796,0.0807555093114698,0.011431358892055214,0.09583639396490573,0.20491261824382903,0.08198858033353112,0.0036427731850530724,0.1001026471872909,0.2091970128555814,0.07746587669655969
399,0.0,0.12529870986453023,0.07792163200943815,0.04955812677179653,0.10420695766550855,0.1439126575318128,0.10156611987914484,0.015704604773136087,0.1062469966606968,0.20943391351736446,0.06615028132658564
400,0.0,0.12262919159342674,0.07704196135977139,0.060165020785980836,0.10555522982855067,0.12872184846542717,0.1064679622000454,0.019749962449328858,0.10733716832835886,0.20897311468281402,0.06335854030631008
401,0.0,0.10910319788469923,0.07661354265869846,0.10658163908366458,0.10832866411585124,0.06432519671566658,0.12963564112032847,0.04111501531706026,0.10878482911615425,0.20068166087327982,0.05483061311461109
402,0.0,0.1239729641794062,0.09202813358004737,0.04985835725821749,0.08536886297661517,0.1601341237112674,0.10166144643355718,0.023701381598127683,0.08801196789310829,0.20354160995807438,0.0717211524115926
403,0.0,0.12982573494343014,0.09468391722586642,0.03088866410421184,0.08002145261082348,0.19103414397181798,0.09282972674725705,0.01611917768752942,0.08267590008103966,0.2074229259518607,0.07449835667617699
404,0.0,0.1349281979577487,0.09545948803611995,0.015547411715689696,0.07674152069748975,0.2152427773551663,0.08737647313439262,0.009148102485993206,0.07888865399969638,0.21193480830556966,0.07473256631214745
405,0.0,0.12931701573541235,0.08015186490858521,0.03725623497116936,0.09066661142962087,0.17505874988714196,0.11742298908480986,0.012582604125682014,0.0882039236773245,0.21429286250293947,0.05504714367732791
406,0.0,0.12165741943923782,0.07188834143286091,0.06255788503322683,0.09945511606358085,0.13688035810288723,0.13325095104899057,0.022476159341397878,0.09521360157095962,0.2106748639248826,0.04594530404198926
407,0.0,0.11982174009279595,0.0705701091262386,0.06798912092460628,0.10084313415974837,0.13034728329161696,0.1349559540020812,0.025181928726278415,0.09607407455010537,0.20975571887920486,0.04446093624733784
408,0.0,0.11340056708424678,0.06542072777459418,0.08687382808439907,0.10649687722977003,0.10369273929866023,0.14426984042220717,0.03399581271489314,0.10082059067159897,0.20501246441211235,0.04001655230753198
409,0.0,0.10820500699731533,0.06145262744880518,0.10087833146502433,0.11033052247200029,0.08592787803573416,0.14881539802031551,0.041868387474944146,0.10429032319731787,0.19974909825580248,0.03848242663275467
410,0.0,0.1175138003364538,0.06361463182356877,0.07242159250760903,0.10279267550933906,0.13738506203118994,0.12196376600440341,0.03393323179093511,0.09796080218585179,0.2021918871967369,0.050222550613926366
411,0.0,0.13168723681064007,0.07844353872780917,0.03450276220604873,0.09646687485621273,0.18911520202271412,0.08661211878953301,0.012805014432465745,0.08846325300352251,0.21930915626558356,0.06259484288548459
412,0.0,0.10906189075688043,0.07766656349011919,0.09783327882031849,0.10751065118614876,0.09505579674304941,0.11529875226148686,0.04199506622713166,0.09995458200639563,0.2010584672314073,0.054564951277076626
413,0.0,0.14065017015160974,0.08582844326293239,0.012462380688130461,0.0786614137239217,0.22923633607703586,0.08727723742905916,0.00467255662829696,0.07537860371510645,0.22576011244913927,0.060072745874782486
414,0.0,0.1079820602817039,0.06496831645816983,0.09868965600745225,0.10657343794634025,0.09785937588955565,0.14018508107326066,0.04410584905219323,0.09930649026326228,0.1994486052265116,0.04088112780156489
415,0.0,0.14024019142764055,0.07290805378485633,0.015257803852116744,0.08680696655115085,0.23277596734010675,0.078562449907442,0.009365359522806536,0.0793427876027808,0.22264226684894337,0.06209815316217046
416,0.0,0.13965360009610078,0.0770886085785941,0.019071195079809474,0.09030936607426374,0.2216603459814919,0.07607409728860547,0.007175228914695986,0.08011748026294944,0.22743751096729198,0.06141256675621143
417,0.0,0.1264504162059132,0.0771226813327867,0.05362023248061649,0.0982453536109428,0.16838743261189726,0.09133112382877137,0.022526317022134736,0.0873988713662228,0.21783238156818838,0.05708518997254069
418,0.0,0.11674728578498975,0.07744869558050539,0.07849000837166561,0.10222167627396027,0.13259030066703936,0.10122394852819841,0.03503075912463616,0.09187179037041297,0.2092748352657562,0.055100700032850385
419,0.0,0.10845431178226596,0.0789773661209089,0.09920347658333341,0.10305980174840977,0.10586218831584115,0.10748694796447833,0.047168835755712415,0.09447362894645205,0.20030670627307262,0.05500673650953967
420,0.0,0.10917946002619372,0.08158422832331269,0.09810585223498453,0.09766424848161875,0.11379641669198423,0.10262985052484402,0.04944897785258514,0.09153617316623457,0.19866186218302567,0.05739293051523086
421,0.0,0.13513383576301147,0.0867356969487428,0.038013635501087925,0.07683713097049225,0.21106323729884335,0.073067575793632,0.022279635865904854,0.07405405970005764,0.22050935383626571,0.062305838321976115
422,0.0,0.142371268728133,0.08624778744058699,0.023459624937317985,0.07304877809280849,0.23440893772554683,0.06648384516904418,0.014436128733932331,0.06999906675748899,0.22803215581443184,0.0615124066007235
423,0.0,0.13266940344859576,0.0776381990294759,0.04500604814361621,0.08579492825749052,0.19218642848944303,0.09718110179504458,0.019644963042750145,0.07772322579008928,0.22471776301547003,0.047437938988039
424,0.0,0.1112145488453762,0.0713228013943152,0.09230466337165424,0.09882813385038375,0.12389899612555971,0.12201274047909369,0.04565091979153233,0.08854631647378788,0.20285680436195339,0.04336407530635839
425,0.0,0.1081147509880826,0.07055761831256666,0.09825139709142129,0.09939380638092171,0.11892628471342179,0.1219471737136171,0.05111767264453526,0.0885478245501164,0.19813449537381417,0.04500897623151783
426,0.0,0.10994209116219124,0.07055830651985646,0.09362203820182173,0.09728837453753515,0.1296594827930242,0.11620328014232406,0.051021209903197945,0.08592994099988234,0.19818217065756472,0.047593105082617056
427,0.0,0.12015929605934456,0.07044967228341291,0.0722895094218721,0.09149103063551216,0.16558408430840865,0.10141778549435615,0.041965449174387034,0.07910558583155795,0.20628706854419868,0.05125051824696493
428,0.0,0.1366781156552465,0.07033402848249022,0.03960347346444534,0.08416388748789455,0.21667510186034608,0.08127050217983506,0.02551218153298092,0.06968067352238606,0.2222028647651449,0.053879171049245354
429,0.0,0.15383794583831545,0.0707204351681143,0.008952221260379343,0.08204061565173437,0.2568763933083082,0.06421255019166436,0.0036096620155192695,0.0628752399952923,0.24456503133820817,0.05230990523247916
430,0.0,0.14039506495283516,0.07312288936840129,0.03630875368318406,0.08919883054997706,0.21454407405526635,0.07483628948178138,0.01730906038984992,0.0699905266409555,0.2333846163698623,0.05090989450790206
431,0.0,0.11828170337126391,0.07805371084142729,0.07888920902131269,0.09641081745883717,0.1536082265560086,0.08928954918159124,0.042368726070148306,0.08030561480486131,0.21097210509318434,0.05182033760138031
432,0.0,0.11790080365387566,0.07828712745477749,0.08069046157577507,0.0958988078217151,0.15224483376570247,0.08876591081750915,0.043676966856660025,0.08004752022965893,0.21044635583569063,0.052041211988650554
433,0.0,0.11273603939439801,0.08015647553464235,0.09122194165109092,0.0957566622724992,0.13966893979228373,0.0901770722358588,0.05095215533817185,0.08185642398863176,0.20428323952880073,0.05319105026363797
434,0.0,0.1094741252442723,0.08324352291636153,0.09830117331275372,0.09190834980131014,0.13543278954257307,0.08722537613082385,0.05797800824974533,0.08244377616207098,0.19850262010556494,0.05549025853453935
435,0.0,0.12384932659589008,0.0842292683273107,0.07425842277358505,0.08005568498136333,0.1774506028784431,0.07126736052944249,0.04683925711160862,0.07523103702761755,0.21050328927691866,0.05631575049783576
436,0.0,0.12740635470353595,0.08245307878931044,0.07371753405452112,0.07748975729313581,0.18470697070261194,0.06512691334076612,0.046644497607215195,0.07291431385481469,0.21315662704148458,0.0563839526126198
437,0.0,0.138950860822838,0.08058322876763138,0.056515049186550995,0.07165670432812779,0.21263414787967821,0.05571037519169525,0.03647266740251078,0.06788414562667429,0.2246834168663189,0.05490940392798992
438,0.0,0.14854584086129427,0.07853624008666728,0.04270139678543869,0.0677119218790759,0.23434996089737983,0.048795258108049556,0.027721497689297922,0.06386365781218219,0.2346776405928485,0.05309658528778156
439,0.0,0.1626433300093222,0.07590502559332431,0.020720737766669297,0.06346300357631558,0.2645905574059022,0.04193116210419134,0.012640787542775162,0.058146073594444944,0.25098081066847305,0.04897851173859782
440,0.0,0.16679182165065395,0.07459289399132192,0.015166908969278145,0.06335433097571404,0.2714265177315556,0.041013380449726515,0.008077961408449774,0.056489923907534094,0.25617885071240243,0.04690741020337967
441,0.0,0.16838650357932936,0.07356699925338504,0.014057741058809619,0.06388946974018983,0.272905860591455,0.04065604681329267,0.006813998234250169,0.055835197490197275,0.257987882947742,0.045900300291365215
442,0.0,0.14845761737629615,0.07989492434564735,0.040863987816066,0.07477512505963627,0.22371723757996387,0.06353569277713784,0.021140395211335074,0.06192166501281149,0.24049080760683983,0.04520254721428232
443,0.0,0.12069497764872764,0.0865559791483013,0.08242155154673043,0.08368998644842408,0.16411553145957938,0.08471695156352493,0.04953789543081294,0.06872166191682162,0.20865530094640122,0.05089016389069267
444,0.0,0.12016928951974296,0.08749722847905189,0.08258087017705144,0.08332715533920496,0.16461257871367405,0.08375052701495922,0.05066985328219497,0.06801573709219685,0.20744932548343353,0.051927434898506486
445,0.0,0.11548527466691276,0.08887300694926181,0.08972731232368673,0.08333155656755925,0.15733317065614935,0.08568260735173415,0.05748155339957642,0.06728265839611919,0.20005068375093968,0.05475217593807681
446,0.0,0.17447167707054753,0.06595096156383455,0.011498040190545001,0.06503155664459795,0.2801513607895273,0.05382532042186084,0.006942272486492081,0.03698549292100111,0.2596164257999746,0.0455268921116352
447,0.0,0.17609286365643592,0.06499806659358395,0.009827209693244613,0.0662319573334177,0.2808012094130041,0.05350858601876332,0.005287770171533293,0.03704729126969619,0.2620203991828523,0.04418464666748489
448,0.0,0.12381593880623973,0.08359767308242609,0.07848863713034794,0.08764655942190851,0.17210188379774324,0.07529582579868174,0.04911034975871398,0.06787094795751965,0.2107595954540114,0.05131258879242402
449,0.0,0.11767978597487883,0.08562636857367734,0.08917180990397251,0.08766518404989258,0.16021835555132177,0.07454685406634526,0.057400995591973786,0.07202503823361252,0.20203432261909676,0.05363128543524484
450,0.0,0.13559195180554268,0.07948236237331484,0.07248147769088359,0.07457102892650748,0.1986566384408138,0.05252215213514712,0.04975727874918716,0.06989436801884656,0.2135866944423848,0.053456047417388304
451,0.0,0.141567005688536,0.07713338985262481,0.0668280675912831,0.07222823594557563,0.20886966005257596,0.04814959721908385,0.04582598362682505,0.068030032290056,0.2187546892361649,0.052613338497291204
452,0.0,0.15440586875323933,0.07254750320186197,0.0525920442463331,0.06775154416683413,0.2315499239234048,0.04018112819884123,0.03577111143244781,0.06379273507592467,0.2313068947915253,0.050101246209604114
453,0.0,0.16671617879384534,0.0682338400730212,0.038673701226983694,0.064308617530376,0.25216463221534346,0.033638276249227016,0.025463313764053273,0.05952887633949098,0.24402103883940907,0.047251524968266484
454,0.0,0.18245610655775818,0.06699328687098256,0.015572142804697143,0.0625160107625104,0.2756568481683989,0.03132794346686466,0.0064533674304706025,0.05191008943567011,0.26602810058775606,0.0410861039149082
455,0.0,0.147423663108746,0.0871594634862742,0.05274018965755109,0.0744859393776128,0.20883693138507903,0.05754998069604812,0.03163231786238515,0.058258896322340485,0.2333133415389756,0.04859927656500442
456,0.0,0.14016565154729616,0.0910336565163356,0.061202801135619794,0.07620686605822737,0.19613909732456497,0.06138394827041544,0.038715339498732494,0.05920492679049493,0.2243679021093235,0.05157981074900666
457,0.0,0.12224402194534359,0.09949909708842918,0.08384010235885181,0.07776949372856275,0.16703075839910167,0.07104062261122224,0.05773367551609324,0.060438131165245525,0.20092926140159648,0.05947483578557085
458,0.0,0.12170806127027885,0.10057940260455536,0.08400347954746375,0.07743479419848975,0.16691012169577682,0.0706837848116843,0.059096403984000685,0.0598040792264049,0.19898541820207008,0.060794454459292845
459,0.0,0.12989056119186365,0.09592299648956101,0.07889974621011524,0.07065687285912,0.1833610682283101,0.067970931690983,0.05847333822185839,0.05199165471431883,0.20032633973715752,0.06250649065672964
460,0.0,0.1394224631501889,0.09145561461775874,0.0691932982044948,0.0673716193322638,0.199450304598728,0.0642763640729361,0.05251922459682352,0.0474995483363933,0.20776195469021977,0.06104960840021062
461,0.0,0.1662321641665873,0.07770754776354555,0.041363810611359415,0.06069179569023172,0.24201560559151392,0.05588035693038643,0.03209928894354497,0.037046400038853025,0.233431548075256,0.053531482188739425
462,0.0,0.18184397928367593,0.0695419408496774,0.024558589757540494,0.058900970281745305,0.26435526183136815,0.05215378371654993,0.018939081584862728,0.032219764790641134,0.24984759426156017,0.04763903364239665
463,0.0,0.19683207717636178,0.06059477042879174,0.007254963647596165,0.06251720335174155,0.27962979632639134,0.052559582441405996,0.003077968958992907,0.03072253412755974,0.2695087168456774,0.03730238669549949
464,0.0,0.171848119117124,0.07174887666462447,0.03002225218721759,0.07456842897312421,0.23644205911196742,0.06432476923632977,0.018153394417514245,0.0455610461111741,0.2500774770466374,0.03725357713430498
465,0.0,0.1235692606327063,0.09369829251692113,0.0864426894405816,0.08047938392902237,0.16516801303309825,0.06550860787448524,0.06519516423925031,0.0761115161374973,0.1919769832063072,0.05185008899014828
466,0.0,0.15786487852958161,0.07747958840831802,0.058454068519406446,0.06678172043115797,0.21562132495193634,0.04304334684359081,0.04463184561818932,0.07044813481237037,0.21908979202662196,0.04658529985884503
467,0.0,0.20023197336206947,0.05941850028319537,0.019585184206504014,0.059180723978993155,0.26663810497022133,0.027945870700939745,0.011720364173093323,0.057619618699270306,0.2603374718573772,0.03732218776835403
468,0.0,0.20477320080134612,0.05771563186607053,0.015770508993313576,0.05962268102054653,0.2695294044090583,0.027314361091802814,0.008054371588605898,0.05585382974125455,0.26467268195966076,0.03669332852835889
469,0.0,0.20716001497765424,0.059001019047087114,0.012342686121020624,0.06117985329370288,0.2686455963751725,0.02842562651271721,0.004449695074205679,0.05329171427757788,0.2687540479164258,0.03674974640445387
470,0.0,0.20339923567446175,0.06366439869293941,0.014334435380503293,0.06396430868251413,0.2597466831849294,0.03167105865157448,0.00572834200355361,0.052325975256661966,0.26643193790598135,0.0387336245668984
471,0.0,0.13040396779850402,0.11652136954387181,0.07674862709157179,0.0736970124220286,0.16153509176514053,0.0611054391721381,0.06084402917291856,0.05776556911041866,0.19326948244205458,0.06810941148137101
472,0.0,0.13046217243240013,0.1181033782613301,0.07587875659158588,0.07403148562041442,0.15993519674709702,0.06163533281833221,0.06263036677217015,0.05757908047046731,0.18954548481444944,0.07019874547177127
473,0.0,0.13173500722926093,0.11792633307470611,0.07602673917319125,0.072106609106028,0.16134495495415938,0.06198383186851891,0.06448818147293625,0.05602712563722053,0.18633346830173486,0.07202774918226185
474,0.0,0.13320188463245158,0.11771029645950648,0.07463802985757051,0.07199863747617515,0.16204610070019776,0.062059755054706754,0.06451586442933205,0.055722491183737864,0.18554529533816622,0.07256164486817378
475,0.0,0.14401793540794489,0.11117278394731664,0.06782627256360857,0.06778172744817514,0.1750116604068777,0.06057908690438725,0.060116702709359565,0.0518628867936901,0.19038001441950395,0.0712509293991545
476,0.0,0.1582633295068096,0.10230818497342557,0.057716451569039554,0.06409403063847889,0.191153583357271,0.05867711277664996,0.052216838312605485,0.04798829049522088,0.1998022326193291,0.06777994575118813
477,0.0,0.2120868585311465,0.06745982815161385,0.01588775858142184,0.05344393991816107,0.25307987981891705,0.053744579185650516,0.013776049026392822,0.03469083226580622,0.24927945339471747,0.04655082112619078
478,0.0,0.22086371333877375,0.061386405044565176,0.008524719538069584,0.05426768522261785,0.25948411983911457,0.055221291119816864,0.006563458785639685,0.0344695363440575,0.25820014747097675,0.04101892329638678
479,0.0,0.2249163347156205,0.05821291760862778,0.0048670077101497415,0.05624196635826308,0.25997048887571594,0.05764936985176989,0.0026406677649849723,0.03577484186710431,0.2628706858045032,0.036855719443279
480,0.0,0.22546090816293568,0.057247065656799205,0.004061331895474149,0.058844135073493384,0.2562773011280062,0.06056712255889866,0.0013541103435407288,0.03811009927103904,0.26412053084191944,0.03395739506791189
481,0.0,0.21163404254199814,0.06510228430707783,0.012243832031218609,0.06552397019834424,0.23520843021286128,0.06869968506182383,0.0077182951617685925,0.046775190306530434,0.256158823067313,0.030935447111082644
482,0.0,0.2063037014441658,0.06802901941088368,0.016497224709852924,0.06837525361833804,0.22529526920999132,0.07169875456337055,0.011374833480518867,0.050601759380934565,0.25106925856031714,0.03075492562164586
483,0.0,0.18480529119272138,0.08104940809038595,0.032166957192836784,0.07407772818010787,0.1973860212258642,0.07807431244726531,0.025686247660162125,0.061035890620094325,0.2327711263754434,0.03294701701513769
484,0.0,0.1621347148897746,0.09464372632956713,0.06042510375672053,0.0656037672773594,0.17505823300719292,0.06179398246950991,0.05511401606802632,0.08839094179875696,0.19265042700523527,0.04418508739787578
485,0.0,0.2161668072459995,0.07658957643694193,0.012876858048425362,0.060074641748213586,0.22638125066349396,0.0465516372599192,0.008021738646314272,0.061302400561381705,0.25332812235604996,0.03870696703327964
486,0.0,0.1823075874639549,0.10154993839149308,0.034998607409632614,0.06907283954587687,0.18613452159045635,0.05580506871115591,0.02999359287129934,0.06234969413749377,0.22566981447662918,0.052118335402027094
487,0.0,0.182800387363702,0.10153380705567665,0.034849886176197185,0.07129558508289603,0.18118385701482362,0.057742594703426534,0.03155178276683043,0.06288795013076283,0.22229584235965832,0.053858307346045575
488,0.0,0.16995907550137263,0.11081432653181601,0.04347933308565959,0.07490787862028923,0.16504288658449107,0.06144717748030389,0.04135940422033318,0.06402791436445265,0.2092622337267779,0.05969976988452305
489,0.0,0.1488616621313525,0.12552453796910978,0.05843482791810269,0.07911510148503322,0.14119710592689208,0.06651512000647354,0.05834152395397117,0.06583622246186589,0.18670848178149851,0.06946541636571983
490,0.0,0.2004277689082395,0.08532328779545542,0.03394549503845738,0.06270156259881104,0.19528940058061986,0.06298013388198083,0.03534808734878955,0.05358229499137806,0.2094890265866847,0.06091294226960298
491,0.0,0.24176521404740353,0.05567944772172133,0.005826735451610372,0.056845842671000964,0.23247200125876485,0.06538206305212813,0.005064201868398187,0.04880750296545007,0.24693287071228565,0.0412241202512563
492,0.0,0.20515162701995657,0.08085704603531665,0.022931214772672997,0.0669522269561309,0.18866771534818325,0.08376137386193562,0.021421027109194548,0.06738571922391623,0.23077725220406742,0.03209479746864522
493,0.0,0.19096718931948395,0.0904998056776013,0.03210134127778922,0.07033988285788147,0.1709164012487095,0.08780959180554122,0.03120648475383951,0.07424732154428323,0.2185936719090887,0.03331830960580116
494,0.0,0.14941182301997835,0.11791026792678164,0.06530529200866741,0.06975332032457167,0.13007043662549522,0.08418730175342293,0.06822104272884905,0.10091948475816802,0.17000635913248302,0.04421467172160192
495,0.0,0.19665226342314954,0.08624771052725458,0.041069993426214056,0.0581258704940795,0.17480566956916732,0.0686534325100225,0.042267466220327864,0.09516518958702219,0.19742763888297613,0.03958476535980582
496,0.0,0.21939698755257186,0.0680668376397975,0.036252645683394744,0.061816854732899856,0.16545775690143485,0.0765457432683407,0.0362731504291505,0.09862343614609835,0.1966172904106873,0.04094929723564355
497,0.0,0.257951085539077,0.043465865518796484,0.015323521230485025,0.05806219850923114,0.19530144780210773,0.06941037303187764,0.00922760401120355,0.08626123608633797,0.22440921306694905,0.040587455203953675
498,0.0,0.2529587526917552,0.05681521532783572,0.011741526802001292,0.06464209462600179,0.18335430184363502,0.07094583373590263,0.006003112106578764,0.07665245686114733,0.23049866648354203,0.04638803952161964
499,0.0,0.20416337013861247,0.10337898433437794,0.031441183505452545,0.07589797362600331,0.13416219088730083,0.07763322299909954,0.034634289022763616,0.07590197490737341,0.20378448008395744,0.05900233049507856
500,0.0,0.18421120232473184,0.12177623094612522,0.04071966389829257,0.0794994401495253,0.11340600509317453,0.08039825535547493,0.04898699633475902,0.07737870521690775,0.18885783644686033,0.06476566423416817
501,0.0,0.1642270975546669,0.1423459802315901,0.0557494467266287,0.07282285220382001,0.09650019051140746,0.07937107928629795,0.0709445025576721,0.07978241527476386,0.16233547429003947,0.07592096136313307
502,0.0,0.24689112127658572,0.07872362077167473,0.02245605281623026,0.04444939292421136,0.16877627276538992,0.0757748659959957,0.023988962751003817,0.07593309404264716,0.2000455065044806,0.06296111015180045
503,0.0,0.27400477002415335,0.05644652938903804,0.006436796058752245,0.04062026497437309,0.1863303919103914,0.08527645348398813,0.0019724592726392803,0.07963969394748002,0.22173496451370248,0.04753767642550189
504,0.0,0.19478307210420695,0.11087218223484481,0.03578246048742205,0.06421049190537148,0.11057359787499761,0.11113408771588383,0.04642799027559216,0.10452901380834917,0.18823193258147344,0.03345517101187841
505,0.0,0.18190769896337655,0.11910150820706289,0.04261683554643907,0.06791892345018555,0.09674249141080919,0.1139332525254084,0.05666104166655978,0.10947114792658309,0.17849433322881458,0.033152767074780806
506,0.0,0.1687189067414702,0.12678541524977152,0.05044423480174721,0.07134546528329178,0.08345362664918302,0.11558802718532252,0.06834717178236241,0.11462927087805516,0.16707763908704382,0.033610242341772234
507,0.0,0.16684791577664113,0.1275166187892278,0.052336081619285636,0.07231699219875616,0.07929298174425306,0.116523029411473,0.07142450280138334,0.11642554733556243,0.16385648248686055,0.033459847836576996
508,0.0,0.16493066706559234,0.1275264451870039,0.05500604835301875,0.07310589496051542,0.07563196113988568,0.11666547076084016,0.07544544670320368,0.11847152060011643,0.15926838278118713,0.033948162448656616
509,0.0,0.17733842331430397,0.11406558975158845,0.05478456415834773,0.07015868074990077,0.08558784057400431,0.11198039123283461,0.07326244011198653,0.11911025020185317,0.15646407605569151,0.037247743849509095
510,0.0,0.264574880258003,0.060031210216420994,0.014745452013943632,0.061247678220880106,0.1498669606811392,0.09246139230650606,0.0091298231145939,0.08899680021996276,0.2073646659387786,0.05158113702979194
511,0.0,0.2107721397822124,0.11239834564142834,0.03231430247266908,0.07386677034707473,0.10089211864471649,0.09444810163754719,0.04294429141055478,0.08686959452784959,0.18559159768121822,0.059902737854749526
512,0.0,0.19885889190888917,0.12386826778469286,0.036548612073651905,0.07676338898097387,0.08827669469167258,0.0953585774267338,0.052469012662462955,0.08760214168240138,0.17809455386564876,0.06215985892289303
513,0.0,0.1941312570858413,0.13178479587858752,0.046527825666524504,0.06295754296986512,0.08760611924088843,0.08669101439090149,0.06865589243984349,0.09277215542329038,0.15621031025554924,0.07266308664872868
514,0.0,0.19967108712400353,0.12749051965604014,0.04429976765007974,0.06256129970293546,0.08927370410432228,0.08737569148464994,0.06673422424122867,0.09439202554609542,0.15617826701985918,0.0720234134708059
515,0.0,0.2831298565122987,0.057323178541433324,0.013780361037695404,0.03893879155165173,0.15272991444639794,0.09256697076392326,0.011563280673293848,0.10114873519751905,0.18737333610688545,0.06144557516892162
516,0.0,0.2882166516076265,0.05273307160808155,0.01179971453280569,0.039061573433161315,0.15307631633340812,0.0952268219324357,0.008516039529715604,0.10399231445718947,0.1874655043197978,0.05991199224579888
517,0.0,0.29365682184350067,0.047162938123500656,0.007114484168316351,0.039658844169498504,0.15204126695922857,0.10471052374058029,0.0017190872604172926,0.10927096210269428,0.1930034187345903,0.051661652897693984
518,0.0,0.23239915192574528,0.09409931068085975,0.023776846891341432,0.055573428209758566,0.09783511725042242,0.12586779534946868,0.03774420685114347,0.11896210996415839,0.17995523728715973,0.033786795589963406
519,0.0,0.2024522588100869,0.11658299737139519,0.03511268281186691,0.06223189090476849,0.07212759831493615,0.13150861018734786,0.05999463286093039,0.1228220925855765,0.16755997950700963,0.029607256646103194
520,0.0,0.18852413739531437,0.12660633318543318,0.04138079490804662,0.06514304754070115,0.059447750045791656,0.13390526267202363,0.07214452193322964,0.12487576084853162,0.15998479294048507,0.02798759853046432
521,0.0,0.280089963322908,0.047877075461713325,0.021147392188823774,0.045114843653689674,0.13147899622874143,0.12033410678866259,0.020474247182069773,0.11584030650777415,0.16950616215813566,0.048136906507502915
522,0.0,0.2957226024804588,0.03714183808478268,0.014777600832963646,0.04499723238392738,0.1389794904596973,0.12005435998099225,0.008544193153656322,0.1127974677759655,0.1749700798815492,0.052015134966028075
523,0.0,0.2977418101783376,0.040938910829662334,0.010261916936728146,0.05046606289162437,0.1345832877627548,0.11911498664146929,0.003042278929025117,0.10663851681252845,0.18079278393033266,0.05641944508755844
524,0.0,0.2920059700698647,0.047594104686077415,0.010865429121950206,0.0541509279688551,0.12620989275587516,0.11994098853363891,0.006422880354354142,0.1052476932595718,0.17953250386835948,0.05802960938147436
525,0.0,0.1998404264949098,0.13611327475824847,0.035909936072282295,0.0770879972903862,0.05319729247608588,0.10984714586588308,0.07049425750600737,0.09807311922288581,0.15987983791271332,0.05955671240061925
526,0.0,0.18997118062491394,0.14564765827671128,0.03928722463646865,0.07875194069413509,0.04412971810461764,0.10756409789265445,0.08087012735378066,0.0993282140370088,0.1543953934217278,0.060054444958003265
527,0.0,0.20657786873589185,0.1322777238878248,0.03932069006392271,0.066464986869726,0.05808924554040742,0.09825812480697599,0.07925799106255361,0.10873921679531859,0.14507697498701813,0.0659371772503823
528,0.0,0.30995908983043924,0.042598983875201724,0.008481633805887503,0.03341652415658938,0.1305647656582519,0.11080847786537959,0.004635604500408366,0.12957324861347147,0.16480903810336792,0.06515263359102406
529,0.0,0.29743959892231864,0.05223681123806216,0.008426260575490212,0.03618238688617353,0.1156603913782,0.1263590054605247,0.0083606938043585,0.13454764294020893,0.16853727541085642,0.05224993338382815
530,0.0,0.2824835272604556,0.06429550980593456,0.011953656179805913,0.03990357472451908,0.10141625129195905,0.13254196059367107,0.018515331754191868,0.13635454084868587,0.1661298672874858,0.046405780253312434
531,0.0,0.25065260899394154,0.09027727694827181,0.0201908445044812,0.04689734166467584,0.07546107800281261,0.14037059107757063,0.04147427258243849,0.13634534436551626,0.16164042437524873,0.03669021748506423
532,0.0,0.24348943228807857,0.09595931243495899,0.02253625562304818,0.04869928046592057,0.0681419257767496,0.1425341358413081,0.04790404591819589,0.13718829042855885,0.15910206467862414,0.03444525654457867
533,0.0,0.22162805615665093,0.1135878223861168,0.029122225130722434,0.05315199175642717,0.05087358201423163,0.1463244955511672,0.06593562600193863,0.1361026686139175,0.15466496324363113,0.028608569145218223
534,0.0,0.21332231861072276,0.12011272263333689,0.032065360038303264,0.0549061063612457,0.04340710120426173,0.14795498254675485,0.07400086272522204,0.13592524792961683,0.15206622038481526,0.026239077565742473
535,0.0,0.21168159677005335,0.12127142846401076,0.03298662184411242,0.05546567151070288,0.04056483697034813,0.14873588560772877,0.07669220827210316,0.13648671207763308,0.15069120983725076,0.025423828646078627
536,0.0,0.19320241311154884,0.1352894803329183,0.04028251223438386,0.05819381141480067,0.02750135398297561,0.15099886620985395,0.09505704659137237,0.13298415394389065,0.14516436111471306,0.02132600106356441
537,0.0,0.19070976067634443,0.13657818610032363,0.042397065148040175,0.05833663608076481,0.02488846453621795,0.15173002505608169,0.09974868387597115,0.13202510429165093,0.14280364031837364,0.020782433916253316
538,0.0,0.19458504142366645,0.13148172037350536,0.04464482546234019,0.05637605591690218,0.0275099061292601,0.15259614827827125,0.1012735022880577,0.12999140029118156,0.13866383107680774,0.02287756876002921
539,0.0,0.2178575397930894,0.10837503608965375,0.04457033443458638,0.051376379914972,0.03646169405089565,0.15602224356293318,0.09332302406061141,0.12938825230578382,0.13192671763352182,0.03069877815397454
540,0.0,0.24955277307643647,0.07892445127517311,0.04133457114023532,0.044748850747316285,0.05634133620007836,0.1591792379989086,0.06924161917328403,0.13024012663398737,0.12751266042224643,0.04292437333235595
541,0.0,0.31826845698562145,0.023287692621840602,0.026868645992622574,0.03781277966114925,0.09357655763436835,0.16530807281339832,0.00396035818865171,0.1316367465619361,0.1286253225027237,0.07065536703770993
542,0.0,0.31543492154297326,0.027932254527889756,0.025741954850838845,0.040729685414615864,0.08858038239551433,0.16518674702776476,0.004878194904337317,0.13029498364466616,0.12963559600007477,0.07158527969134694
543,0.0,0.311891316318183,0.03236961757255293,0.025293294907992044,0.04297786443853992,0.08381774090405901,0.16515257210516948,0.007472770796987329,0.12943632572013974,0.1298014318961694,0.07178706534022913
544,0.0,0.24097001117466418,0.105851268279834,0.03167482507507129,0.06383198434850179,0.03529320380498702,0.14392316976863975,0.06634457096515509,0.11541856977866678,0.14137057491121727,0.055321821893285016
545,0.0,0.23980892485053754,0.10745326718704354,0.030991299326497246,0.0648943002742643,0.03301742831568047,0.1435078245753278,0.06910615641422135,0.11548220198448593,0.14103981542581912,0.05469878164614486
546,0.0,0.215377101846902,0.13383276147725706,0.03709415652008801,0.05939015929278715,0.023948334923551123,0.11080799284044797,0.10625821271448346,0.12637688204115494,0.1335743820096069,0.05334001633374356
547,0.0,0.2285794538716701,0.12190966664813827,0.03487058952229852,0.055084654758673524,0.031571633664412777,0.11013663156083339,0.0981554999238339,0.13314983408019557,0.13010321276590414,0.056438823204061926
548,0.0,0.275315416402678,0.07849437403446212,0.028402257571000004,0.038932384187293514,0.05992926834775243,0.11473828508602096,0.06013161653027043,0.15440127182790345,0.1201006096187192,0.06955451639392207
549,0.0,0.32631491425647835,0.030837845477784512,0.01957937060974021,0.021874526447056813,0.08713592632325315,0.13238454775754788,0.01073365695872711,0.17843268274539587,0.11303576906050515,0.07967076036353343
550,0.0,0.32499332535148695,0.031603282797289564,0.017493720269172747,0.01995026545295417,0.08154524374329573,0.14787675068537975,0.005726990098344444,0.18299482325151717,0.1164704975380404,0.07134510081254157
551,0.0,0.3147936170693567,0.04067859375045393,0.018364002741945346,0.021665959604414385,0.07338623561272906,0.15270821085338712,0.013405260846778233,0.18169308419717392,0.11825480155815173,0.06505023376563213
552,0.0,0.21732488565693586,0.1277134026750405,0.031850418246167606,0.04030652023494881,0.014911689439473302,0.16315206211659494,0.1030378407762792,0.14339262827111784,0.1377747893319564,0.02053576325150797
553,0.0,0.21226006020041968,0.1316163413305626,0.03335010882447175,0.041057105213007324,0.01222315213610749,0.16314281989125656,0.10927389787562339,0.14084848766978805,0.13762015882412004,0.018607868034665877
554,0.0,0.20586951623259417,0.13645108388501143,0.03533087538127075,0.041979440646550514,0.009306186708538515,0.16327565351197254,0.1174125294076868,0.13660902481786044,0.13742796454640094,0.016337724862136478
555,0.0,0.2043386547516443,0.1351364589401866,0.0386277484117087,0.041609681648192565,0.011514164357853955,0.16596420034940507,0.12462424440734649,0.12716771391065015,0.1336700927249449,0.017347040498090122
556,0.0,0.23351351818248972,0.10513707938370152,0.03834581239439178,0.0361786732955344,0.03092928810512754,0.1729761972512931,0.10168159237192691,0.1263036337737402,0.12284538120556417,0.03208882403625361
557,0.0,0.32233497280645784,0.023564181549760702,0.024913938675181935,0.03809993661865523,0.07417613228506607,0.1873636205757388,0.006222345983410971,0.1399284344525719,0.10651984834943386,0.07687658870374577
558,0.0,0.2531700110288725,0.09261802102813745,0.02850719845876388,0.0626324745305119,0.03105264697643247,0.15695955531313835,0.07048578158519,0.12358682136105385,0.1276747758584377,0.05331271385948512
559,0.0,0.2261261079990671,0.11915431635688609,0.030751131153042236,0.06927552109610577,0.016005034429966727,0.1415702258745631,0.10050895197463486,0.11907669094019784,0.13403330472120326,0.04349871545435631
560,0.0,0.2362008466101339,0.11054014762734138,0.03293000757792887,0.05414755158597743,0.02920617201090672,0.11146149680260502,0.10589545447744005,0.14568183218742056,0.12329375979081338,0.05064273132945625
561,0.0,0.24668594111528686,0.10100842078124689,0.031238847510337696,0.05087271069846204,0.03486978078922971,0.11207608702683357,0.09762690272367229,0.15209855378503295,0.11988541156910244,0.053637344000819244
562,0.0,0.2892956117295816,0.06174541838340299,0.026151185836575365,0.0356451055669412,0.05820522327774146,0.1209524543631559,0.056519967268965125,0.17565745826020118,0.10681567235292488,0.06901190296053401
563,0.0,0.33092546174064036,0.024398185283277515,0.019607408620937093,0.01951459864547218,0.07780291181763169,0.14085940124794563,0.010357112950151782,0.19869944062900768,0.0960352191819537,0.08180025988300611
564,0.0,0.3286698372524493,0.028222674049367964,0.01760094454826409,0.015147990507048324,0.07258860128684581,0.15637345267301803,0.006459056114875906,0.2001720178377055,0.0987411336437688,0.07602429208668035
565,0.0,0.32442507145743654,0.03233075713912877,0.01783423659650757,0.015141982341274778,0.06969898561172082,0.15857334367618364,0.009644391557549883,0.1994486079119626,0.09941432822038095,0.07348829548787869
566,0.0,0.28836236631795353,0.06704500870684654,0.020726539369668246,0.019039459221031597,0.04843283046602981,0.16511076719145437,0.04316004313747867,0.18233195794671853,0.11112146577286161,0.05466956186998124
567,0.0,0.27043161313834,0.07459696678958477,0.030750823429343502,0.023993260271546468,0.04835671827277792,0.1925623159176948,0.07543173440656015,0.12762790743277982,0.10896760677136717,0.04728105357002954
568,0.0,0.32182121699963145,0.024475957534902247,0.023535663729431534,0.02530379939569313,0.07294071782677893,0.20504977767700153,0.018488985998884544,0.14134261176661447,0.09396468646796174,0.07307658260312472
569,0.0,0.3285769184760021,0.017846640604866144,0.021971264737971473,0.027400569617322457,0.0750047420873263,0.20657296556674615,0.009593492874985095,0.14346445043794936,0.09214594297248822,0.07742301262436707
570,0.0,0.3042435256166665,0.04043475832533652,0.020598059231715166,0.04996132539592203,0.05598910950427661,0.18850114040074767,0.027001395404801,0.13904583954490277,0.10386023779019257,0.07036460878546354
571,0.0,0.29284374595007906,0.05127510138938423,0.021001372639432178,0.05443830004381705,0.04926521701149031,0.18230924910441046,0.03885933221413016,0.13627802918957008,0.10774749954390708,0.0659821529138038
572,0.0,0.22319839839330818,0.11672528111254936,0.02787243410829605,0.07360027343106865,0.01441604645530423,0.13701755282548514,0.11686681269051802,0.12304110328623906,0.13036960409743814,0.036892493599817736
573,0.0,0.22037538752955999,0.1194809806903761,0.027629772369105902,0.07452522780964932,0.013362910198299287,0.13338546757776426,0.121537612694066,0.12317678889924133,0.131195529630541,0.03533032260142153
574,0.0,0.21204961632907832,0.12739211442816634,0.02827264111492713,0.07579568936132491,0.010571498797433302,0.12305600339158282,0.1337811595423652,0.12424342923903409,0.13344407917874496,0.03139376861736774
575,0.0,0.2201645632094843,0.12059380661249613,0.027762184674898,0.06778655776353264,0.019499310704756197,0.10489497851281465,0.13383311400177278,0.1421684028110486,0.12861893129590565,0.034678150413315845
576,0.0,0.244354057761801,0.09893983535317212,0.024605538697936302,0.05824285180622389,0.03358431675306998,0.10538418856756888,0.11092221990643682,0.15950901981592774,0.1197415367919136,0.04471643454597468
577,0.0,0.3081011759459504,0.04889285143341002,0.014928617564276405,0.013073767540325446,0.057568656862270265,0.16624549662692567,0.026581778731171853,0.19507767763797,0.10021644480313924,0.06931353285458562
578,0.0,0.25665972585233826,0.09810491286619621,0.02159368867722873,0.015949081590540874,0.03181498253640003,0.16991867018672002,0.0812117538801398,0.1634572681775885,0.11723962217340068,0.044050294059472084
579,0.0,0.218440657005791,0.13326925272741305,0.02738367813043682,0.019332663524381226,0.015628514231183634,0.16998233734628104,0.126199250182346,0.1353712049291459,0.12866685561567218,0.025725586307374374
580,0.0,0.2726042165188332,0.07506369464290799,0.02333115504736663,0.019945993812281196,0.05093621969504631,0.20115457019460306,0.07718495179919019,0.12168000774575095,0.10758713066095661,0.05051205988308912
581,0.0,0.32189949042218835,0.02476057916484035,0.016520101655102513,0.02619185131600827,0.07278535382948827,0.21505631721177285,0.016120831583460105,0.13878653367378985,0.09204577682650755,0.07583316431686736
582,0.0,0.28930193111607866,0.04983224434601794,0.01850209576019234,0.05761044831477753,0.050282538798055706,0.18481229258465465,0.041532198260676195,0.1377336047701026,0.10527091283832822,0.06512173321114167
583,0.0,0.2584870135668336,0.0775754295895133,0.021761042120636172,0.06763214280746056,0.03558564060766114,0.16346807722655654,0.07631964258783354,0.13167934245624288,0.11548561051931555,0.052006058517972215
584,0.0,0.23196283190668002,0.10156552250147965,0.024709396309355435,0.07470153792189876,0.02424333299445311,0.14244985783860373,0.1083823035103346,0.1277529667267824,0.12388581184545942,0.04034643844497838
585,0.0,0.21072658972923053,0.12109958274647203,0.026347958197959452,0.07505401727886991,0.022277591924810172,0.09778754445947965,0.144613675603003,0.14362493697063167,0.12911445075967104,0.029353652329898196
586,0.0,0.22058962599397186,0.11240426413726971,0.024487560619041813,0.07112769350781935,0.028825160891776707,0.09549791404824447,0.13508959199352227,0.152906873602826,0.12590880540038935,0.03316250980516418
587,0.0,0.24337901170690146,0.0925347577157067,0.020562696956487225,0.06271629354534973,0.04131105908087693,0.0982128415418948,0.11032705703197573,0.16946567684636388,0.11898365092265646,0.042506954651812985
588,0.0,0.24517563819352833,0.0908765844995193,0.019933056142497452,0.06216385143774007,0.043105165334947494,0.0980532784810086,0.10765253072317091,0.17146065536103267,0.11862560244396576,0.04295363738261538
589,0.0,0.25437921656032686,0.08290048146293388,0.018066870435805835,0.05885786566020514,0.04836698135663327,0.10036964310036912,0.09634586204292017,0.17794699783756096,0.11619931617487658,0.04656676536839412
590,0.0,0.296776029965049,0.05385086759193422,0.011932904430562174,0.01575474691175005,0.06013532097499441,0.16595955791963998,0.030614208590878912,0.1918400738451407,0.10209703131406025,0.07103925845601633
591,0.0,0.26932691375943296,0.07981479137023785,0.016814451799513522,0.014497876331886102,0.04799192786365931,0.16861561785911816,0.0602055935657055,0.17313886409014473,0.10939257055315563,0.060201392807172335
592,0.0,0.2651587088175944,0.0835265069125406,0.017593864673702636,0.01436086770998919,0.04701995510201145,0.16810359072112052,0.06362277023053081,0.1712710161836984,0.11047127678882904,0.05887144286000911
593,0.0,0.22914615542521288,0.11650142544446612,0.024253679111774448,0.01485894176487604,0.03250844660075722,0.16806998711158547,0.10622900186288285,0.1447116785740562,0.11907615820641583,0.044644525897999096
594,0.0,0.261147993027638,0.07814691376539704,0.018263688846873963,0.024610688628185683,0.05655303906324156,0.20564164882285685,0.07939109109087775,0.11125336679633158,0.11372289487008104,0.051268675088542624
595,0.0,0.2646345337256814,0.07431657485336478,0.017577156086278876,0.025321875916014376,0.05889141479215281,0.2067930447983423,0.07354919844018129,0.11245773706975204,0.11280972909406581,0.05364873522419255
596,0.0,0.27159949234121833,0.05436526990238807,0.016449225684668042,0.06800880807505541,0.05436258847110256,0.17862089775547063,0.04899341560549628,0.13674934710896514,0.11032127095133862,0.06052968410432346
597,0.0,0.20930206534107007,0.10879002954251368,0.02769697971469499,0.08296260870758636,0.02916625995548007,0.1234750379206958,0.12714499790570788,0.13241435521072575,0.12300761420903647,0.03604005149251546
598,0.0,0.20376304308124718,0.1134976723760065,0.028558514478614676,0.08382003991942352,0.028508495346093676,0.1169189147636901,0.13366689229080012,0.1330828886597822,0.12386667065356016,0.03431686843080863
599,0.0,0.1978234261799108,0.11858468901589038,0.029497058650893263,0.08456974484691422,0.02791958969118566,0.10902289998024657,0.14097834177955373,0.13450934031892636,0.12478904400403112,0.0323058655324747
600,0.0,0.22211433069680891,0.10069850277533977,0.022775705724316832,0.07098091202582307,0.044587205644876074,0.08809620100240491,0.1202017764090623,0.17106503421178107,0.1224210976056678,0.037059233903945984
601,0.0,0.23688824375991405,0.08852171812322028,0.019276295624290292,0.0657648866368983,0.05248067837787671,0.09232594228346881,0.10081003298593826,0.18102036680277114,0.12062606697890829,0.04228576842674053
602,0.0,0.2426805276600322,0.08375906706342834,0.017682089574999012,0.06355824372219956,0.056239256572531114,0.09443384919133536,0.09173800185144182,0.18514307587679715,0.1204377116463409,0.04432817684092156
603,0.0,0.24356958433677384,0.0830091183496281,0.017146642094233975,0.06299102250282473,0.057908944974764835,0.09474820317857634,0.08851880168906012,0.1864346548223442,0.12106693104239893,0.044606097009422044
604,0.0,0.24674985805064797,0.08046937053986435,0.01606109547559105,0.06157116753594951,0.06052727081291035,0.09625059014476346,0.08228215283994743,0.18885808625390102,0.12155623026676113,0.04567417807969095
605,0.0,0.24862612401229064,0.08736026620343795,0.01898566775287984,0.021006351358207682,0.05449542510154666,0.16213498653181324,0.06430382377381047,0.16478507182189384,0.11588450940116027,0.062417774042986755
606,0.0,0.22533402791895418,0.10771485595546551,0.024541926936631844,0.020269819846054714,0.046044391996837616,0.1620748468627858,0.09168472697697548,0.14769557377927547,0.11823141390896755,0.05640841581807906
607,0.0,0.19016408275931995,0.13310729176784197,0.031042991145000406,0.027010859344548725,0.03866497367165356,0.1777256350209825,0.1442804048415774,0.09274915613512813,0.12416085876150425,0.04109374655247043
608,0.0,0.18455720258290356,0.13368280142424518,0.032978807279345476,0.031050668386046372,0.044270442192487845,0.17106917751117726,0.13863297429031876,0.09451209495008422,0.12100403701134586,0.04824179437207282
609,0.0,0.1969579146173707,0.12072112863295414,0.029347004706690157,0.033844343009334685,0.05189255685478339,0.17801925990134848,0.12042540000570352,0.09551831642804028,0.1221939361553567,0.051080139688445374
610,0.0,0.20325318632842657,0.11390548735465975,0.027447390449915388,0.03553592393360441,0.056462345668696644,0.18104802767527442,0.10946837198410862,0.09679729405080667,0.12306634576372318,0.05301562679081186
611,0.0,0.25208708454941364,0.06449136909314394,0.013269429618953315,0.04710572131363969,0.07985626776037599,0.2039546422408302,0.035997211388682754,0.11094620497290901,0.13207062301449765,0.060221446047581534
612,0.0,0.25918680295159174,0.05583385145537977,0.010288564009544804,0.052288213566264403,0.08624221416733835,0.20561157038258437,0.017270235244778213,0.11499171633763744,0.13680061097576926,0.06148622090913934
613,0.0,0.26021248656993107,0.049454622272735484,0.01003970230920029,0.06360200196880203,0.08709225267387101,0.19939414649680148,0.006769955612151437,0.12301034191013818,0.14065635561720166,0.0597681345691949
614,0.0,0.2361118534019004,0.0643030627883035,0.01742468040834841,0.07648568004620256,0.07638901175257701,0.17509490707497247,0.0336583059380027,0.128270238493528,0.13842785695850512,0.05383440313768758
615,0.0,0.2304096691013631,0.06870720514765148,0.018652497233570212,0.07769958384757344,0.07592750539888574,0.17045084273791122,0.03852360791545857,0.12793583497816427,0.13855518776029482,0.053138065879154726
616,0.0,0.18168659719709662,0.10363767125624787,0.03361808590158556,0.09203773707065241,0.0543440919153722,0.12124741252840232,0.10767439490417596,0.13591519274561284,0.12627080276123495,0.043568013719646914
617,0.0,0.16163425279299076,0.11801297125378314,0.03920882539700327,0.09698176298329685,0.04705877552026366,0.09469014483860673,0.13874467304111918,0.14414675173583086,0.1194172113853667,0.0401046310517666
618,0.0,0.18475720540913623,0.09875340060740603,0.028751647309094353,0.09144375087992211,0.06119903810760508,0.07498019556981037,0.11514046478021212,0.17967635068854063,0.12282441635846625,0.0424735302898346
619,0.0,0.22174324934043477,0.07106968445021668,0.015459917458073746,0.07969529836743812,0.08043339560548778,0.09308246234058905,0.057634958347697184,0.1951748647510331,0.1370549339658524,0.04865123537320503
620,0.0,0.22151964637497784,0.07157920238896139,0.014830711540356029,0.07919615806907317,0.08162644494041552,0.0939143160285716,0.054615622213069114,0.19504334542264928,0.13952515989879713,0.0481493931231569
621,0.0,0.22611177565827922,0.06881720325256341,0.012520100978815962,0.07657510592819311,0.0850853822069918,0.09848357673763797,0.04377962151541465,0.19579978296499878,0.14428867312681956,0.048538777630313584
622,0.0,0.22697521545416957,0.06879701419291465,0.011428458602652269,0.07527694264421457,0.0868236699407631,0.10066190928526941,0.03870071904785298,0.19540519300293346,0.14773720294246273,0.04819367488679532
623,0.0,0.23138713880660855,0.07264075637377714,0.01177690975437316,0.052754074190321236,0.08873551244445202,0.13391865164607647,0.018115402718205696,0.17709489925450767,0.15653334535884555,0.057043309452860624
624,0.0,0.18709499078647868,0.11206985515554452,0.029901833498799803,0.04320537194095435,0.06838369237756438,0.13829268526174646,0.07821502969471494,0.1421576326802259,0.1391183672329967,0.06156054137100257
625,0.0,0.16692405953710102,0.1285192193861145,0.03736200101524382,0.0422170052560068,0.06152049002287464,0.1356757293975299,0.10397551361681147,0.12896415396917543,0.13221365146943717,0.06262817632973372
626,0.0,0.14115835757786357,0.14815984847797067,0.04662721383706455,0.043911508426463165,0.05206899014581938,0.14103478111299456,0.14786266819772717,0.09894738720243959,0.11449861834151283,0.06573062668017314
627,0.0,0.14414624479953234,0.1434364091852618,0.04449039825764635,0.04756442804071005,0.05743385317401888,0.14452872092312746,0.14064264191158052,0.09538115274954566,0.11588981986446473,0.0664863310941408
628,0.0,0.14369523664590908,0.14299214593386067,0.044572310136566456,0.048451217265230946,0.058904483011901924,0.14349972752168794,0.1390160065057405,0.09576916318079916,0.11608183884150244,0.06701787095682939
629,0.0,0.16257710314023885,0.12528145949193917,0.03476459215734277,0.053988507952264765,0.07165865554797968,0.15657517625179387,0.10785024369411025,0.094257570202513,0.1280994039926967,0.06494728756914972
630,0.0,0.2071914010238914,0.08282564282007446,0.012681709647098909,0.06841930599205108,0.09790715402136291,0.1807838965399967,0.02883718184869279,0.10144659067943602,0.16439559083126473,0.055511526596159995
631,0.0,0.15895707405801923,0.09941378741170406,0.038048846690041056,0.10289082638510211,0.07051023063315626,0.11439548220437058,0.09604040370862243,0.13343675062401655,0.14012267203761158,0.04618392624738521
632,0.0,0.13996975297388153,0.11339183558082506,0.04502621211741977,0.10392207846014914,0.0636036993447083,0.06555226656321951,0.13599792388084794,0.1669929725382774,0.11657588084965244,0.0489673776910479
633,0.0,0.17192760498095286,0.09448301839841503,0.027017139941553758,0.09453819832779442,0.0836174968753235,0.07649328640604076,0.08192644851590464,0.18112807108764967,0.1418536156698965,0.04701511979649804
634,0.0,0.19606246677185504,0.08177244552567234,0.013450004345970571,0.08468402033770644,0.09848705000407981,0.09439667005277803,0.03591450095756282,0.18321868305889422,0.1669472802551526,0.04506687869035703
635,0.0,0.20708848017502152,0.08045173276355146,0.007592163869431186,0.07088544909573678,0.10538376781732248,0.11553583034636125,0.008358161242628044,0.1731596455106231,0.18572348441903308,0.04582128476032008
636,0.0,0.2033884644272311,0.08502276234171488,0.008724608738468222,0.06772434493998998,0.10477500705530307,0.11844029240644355,0.009868906410228816,0.16795108547802015,0.18787766350757204,0.04622686469505679
637,0.0,0.19814120945092142,0.09053243344355859,0.010837496766517428,0.06472637398284395,0.10328968520249696,0.12045904351703278,0.014356019611531122,0.16230330000625987,0.18831139098139027,0.04704304703747617
638,0.0,0.12427115841784717,0.14605500291532178,0.05416310006852522,0.05241474435302933,0.06334495813076915,0.1244814988036265,0.14336275349277913,0.10234273228526174,0.11614423395916117,0.0734198175737071
639,0.0,0.12432864211360362,0.1443523312310593,0.05356059734777526,0.05469691158242671,0.06541929164039216,0.12627768330575825,0.14260362779822486,0.09937180614778125,0.11539856189350561,0.07399054693950124
640,0.0,0.18027092602468958,0.09293666201630305,0.01659237698700503,0.07725048453327024,0.10193980074123803,0.1656117056612642,0.04137291012330497,0.09662091971290515,0.17056884719547583,0.056835367004572174
641,0.0,0.1823828699713992,0.09066366327570187,0.014490776299674596,0.07881133483832636,0.10546182421413164,0.16611540185323054,0.03418554789120258,0.09701034334193333,0.17523486152991305,0.05564337678451533
642,0.0,0.1927775998685735,0.07618110960405124,0.007884833171316686,0.0909268451687492,0.1134597653963925,0.1660740858118755,0.007405211090647128,0.10370625286415493,0.19522697031445393,0.04635732670981384
643,0.0,0.12096276101899499,0.1138334034415055,0.054849882716569535,0.10836158668152941,0.07007924443735915,0.06336771542252057,0.14184272924029567,0.15575732278270618,0.11622321002927966,0.054722144229267806
644,0.0,0.13077103108842583,0.10998285357255322,0.04674601141281941,0.10500837576949255,0.07845389895327164,0.06105268653249181,0.12399681506276983,0.1657959008407935,0.12463441611173723,0.05355801065567369
645,0.0,0.14213236638551296,0.10502897230213454,0.03769347001009707,0.10165176810532113,0.08751343745156628,0.06538093666527198,0.1009901923258196,0.1701926513661257,0.138182148562496,0.0512340568256834
646,0.0,0.17223792726356216,0.09266557365531128,0.01525771210642192,0.09080777815763239,0.10834946810220691,0.08721753556874809,0.039548444169374926,0.17161201881628377,0.17723945926963292,0.04506408289085431
647,0.0,0.1821379548490157,0.09089994538290276,0.007562783099137764,0.082711247394448,0.11618457246588057,0.10101916283407178,0.014864277865460096,0.16534221814893807,0.1960771995035317,0.04320063845664237
648,0.0,0.18026136307794716,0.09612004293887107,0.00711330880478264,0.0755955015624306,0.11837795594364466,0.1085475481568771,0.009889505921178716,0.15582514184646382,0.20447565041081922,0.04379398133701405
649,0.0,0.12903284352107885,0.1311684442925761,0.049463274125116884,0.057184461670608665,0.0856560996347044,0.11033444163595295,0.10793090873290896,0.11377419212393361,0.14733644461894096,0.06811888964420777
650,0.0,0.11551781743025107,0.1373098663676579,0.05938429365406563,0.05788231706310272,0.07869781472884413,0.10879639315911623,0.13568546688099145,0.10381076333056412,0.1280716932371736,0.07484357414826255
651,0.0,0.11460838103234042,0.13695465853934244,0.060125189517490574,0.05851871906409638,0.07955805405824268,0.10700072215248013,0.13671857805359572,0.10382097094319151,0.1279818822345309,0.07471284440471877
652,0.0,0.11498731891202478,0.13251334988583735,0.05825124039983484,0.06423239311099957,0.08230319833543687,0.11311219545360375,0.13712310397395275,0.09688003284625167,0.12386397558485372,0.07673319149723434
653,0.0,0.12610315738449712,0.12179069881556227,0.04741808318542224,0.07140147989912625,0.09244425935961988,0.12311151746329374,0.11334665939581845,0.0944947751792426,0.1364451247062948,0.07344424461115236
654,0.0,0.14108978026148217,0.10894019056308644,0.03319625907366647,0.07902782646537192,0.10544224236126076,0.13447658623793335,0.07940131392505317,0.09390661096988476,0.1568369549079603,0.06768223523433035
655,0.0,0.16176892969952672,0.07901584640992808,0.0164614821719365,0.10621838154854024,0.12133651386836347,0.13611812977533064,0.025191601288992525,0.10508250476594383,0.20247516520544404,0.04633144526602366
656,0.0,0.13507864018237925,0.09006075992261403,0.04177231967442189,0.10856173772745355,0.10311211879452087,0.10090842988779168,0.08365796665809724,0.11752905035541333,0.16853709983414372,0.050781876963194084
657,0.0,0.13090978611447118,0.09196622801812068,0.04539191765367644,0.10807010523844858,0.10214670863964546,0.09492963996945389,0.09210720013155275,0.11918261656046644,0.16353585236645224,0.05175994530774213
658,0.0,0.1259374055629271,0.09423329007079295,0.04988165100314779,0.10757819151060831,0.1004779866102493,0.08745325495737401,0.10286033070286163,0.12163910122041977,0.15708789658963096,0.05285089177201818
659,0.0,0.11803387959196356,0.09815715353774974,0.057194674178697585,0.10697561700928451,0.09634496997017766,0.07464762890289016,0.12155563468509646,0.1271482807796563,0.14538743508022905,0.0545547262642851
660,0.0,0.13447591333518374,0.1013262355088869,0.035376643125955294,0.09817477478607958,0.1122510479748865,0.06402182805504841,0.08717163882095184,0.156157161759997,0.15717845259147814,0.05386630404156309
661,0.0,0.13823984512230614,0.10075563941297926,0.030601595516932926,0.09665691183828277,0.11692206331088226,0.067181446595734,0.07634987893111189,0.15589032066969544,0.16440413365714585,0.05299816494496016
662,0.0,0.15834108951577058,0.09791408523055664,0.009102488663282648,0.08722240082045382,0.13474058772290895,0.09028590398455011,0.022605226404174002,0.15115051056329795,0.19802414675017985,0.0506135603448563
663,0.0,0.1579076827924835,0.09885619155656533,0.008493390763013694,0.08607442904258682,0.13619492942524186,0.09087679988646598,0.021253209038663838,0.14972217018511272,0.19952728759895322,0.0510939097109439
664,0.0,0.1546416394980408,0.10449508657309164,0.01501061916579399,0.07154576035546409,0.1351603216711934,0.104235137910761,0.024503317686785916,0.13044975700358705,0.20425667462052668,0.055701685514786194
665,0.0,0.13697543802824652,0.11215103792479755,0.036699287663855974,0.06313916763245474,0.12213367872683187,0.10037927985408077,0.06880088931030276,0.11391920511239462,0.18328437513511417,0.06251764061195192
666,0.0,0.13058256147623173,0.11410607196936501,0.04438002121678162,0.06120662424089632,0.11821654797208772,0.09703874138450999,0.08571423357892707,0.10892464101869782,0.1752899108062821,0.06454064633625158
667,0.0,0.11951352127401707,0.11659169072959508,0.05786824208784385,0.059485435844746005,0.11016068041876738,0.09170782825227598,0.11706533470007151,0.10032555551652396,0.15926763426324142,0.06801407691294886
668,0.0,0.11386500959221485,0.11645568583541552,0.06483483255648127,0.060007924950728514,0.10656652307901501,0.08845530407762774,0.13476526772579,0.0953162328847644,0.15018262181933334,0.06955059747866035
669,0.0,0.11105736657894216,0.11344439063676208,0.0673761734024357,0.06406030545705613,0.1055751717569914,0.0892076267018227,0.14571181196856203,0.08962971491681498,0.14279872820707912,0.07113871037356498
670,0.0,0.15340869223754133,0.08090079662990352,0.00848437297128696,0.09764521753666314,0.1464347757280459,0.13711716627281642,0.020238936262792225,0.09118100907115644,0.19895436811402908,0.06563466517579643
671,0.0,0.1561113870596657,0.07742029291365064,0.0056622775316442775,0.1000139406981614,0.1507592333926294,0.13746327916755235,0.01062256509304126,0.09295197453998226,0.20420108991436015,0.06479395968934397
672,0.0,0.15596046023984256,0.07578182045223995,0.006536616556196826,0.10061152348085987,0.15259898025529517,0.1349253301690363,0.009609177804220683,0.09433250695641604,0.20501971263249444,0.06462387145342954
673,0.0,0.154643880359567,0.07518089122116638,0.008815867640746001,0.10015184311357203,0.15342089083217725,0.13145800541208313,0.01248688847504602,0.09529524909728297,0.20361534876054832,0.06493113508784205
674,0.0,0.1503331731595551,0.07485368745385537,0.015923283149562324,0.09946298600910261,0.15137953742471988,0.12276567975789389,0.02478166879725416,0.09701919166441848,0.19940504524089928,0.06407574734276988
675,0.0,0.14070081255466577,0.07599806693898041,0.031146866603646888,0.09758969957319141,0.14396914816583328,0.10506876439633636,0.05543118086143698,0.09964064663794557,0.18900567852050476,0.061449135747489496
676,0.0,0.13388967540808983,0.07720503386903854,0.04185606209132559,0.0955415881130547,0.13904328395810117,0.09190831689030761,0.07874111125706156,0.10138977213890539,0.1808556518985994,0.059569504375547255
677,0.0,0.11834063721889884,0.08224814209469078,0.06515070716012605,0.09155754150940094,0.12437366705095408,0.05940724612832476,0.13598248789945375,0.10859411189416163,0.1610618325042609,0.053283626539759404
678,0.0,0.11560078339555396,0.08402410649352349,0.06931250253563552,0.08921478016518056,0.12350680270094046,0.04463553493384052,0.15308558536831934,0.11483991926998265,0.1562211906985006,0.049558794438554266
679,0.0,0.11828531471964285,0.08542223150788207,0.06433874447240091,0.0882852177067828,0.1268120403609201,0.04188700801817656,0.14822184545044448,0.12040640956803098,0.15726964420280742,0.04907154399294333
680,0.0,0.1237489622711363,0.08637177326643722,0.05492010820753738,0.08755828745578867,0.1330906324128956,0.0448537865867537,0.1320561645729943,0.12551916677039435,0.16134124565103505,0.050539872805058804
681,0.0,0.14990146819486763,0.09014405571078576,0.011780423440345432,0.0814919452120917,0.16143327921836143,0.08314556018368575,0.033928675428600466,0.13701110567159164,0.1829645318120467,0.06819895512765481
682,0.0,0.15158332072917993,0.09042999124635548,0.009243293358978147,0.07929829696209185,0.16463636036995175,0.08681470970501723,0.026766033462101206,0.13588342361008912,0.18432033480216675,0.07102423575410002
683,0.0,0.15307945513689172,0.09075899295810184,0.007292575723742964,0.07652946880390504,0.16766141742723206,0.09085764349881219,0.0200718222841622,0.1341424359784742,0.18534862441955804,0.07425756376915096
684,0.0,0.15332442600535748,0.09079466618116362,0.006984603609463191,0.07514318601464942,0.1691580303710335,0.09136163186382576,0.019199750896823162,0.1333161569586538,0.1847339285108617,0.07598361958819962
685,0.0,0.15375459812966133,0.09107554398154705,0.008526180337553688,0.06941847192656246,0.17109394939051872,0.09686564282975098,0.016191754576935075,0.12772365267170088,0.18529458650679925,0.08005561964900193
686,0.0,0.13901341395919994,0.08947379012677628,0.04171064467036194,0.05442192265480676,0.15652672298723727,0.08890507838775005,0.0781243884925702,0.09781680188508193,0.18019726286274246,0.07380997397350453
687,0.0,0.1293583210030222,0.08669337860274996,0.061693006488237216,0.05009809055374442,0.14651158129673506,0.07785250943879286,0.12536162360997696,0.08049478433961745,0.1765597842036761,0.06537692046347943
688,0.0,0.12363111747266294,0.08101877526501938,0.07054812041845589,0.05463572637531103,0.14031692972340173,0.07370809120456791,0.16074224846199459,0.0632377088265537,0.17390960390133256,0.0582516783507319
689,0.0,0.12743045743389378,0.07751845656564586,0.06335865453989113,0.05947431086514043,0.14513165023987207,0.07801627631238597,0.15088094999153603,0.06319896179941117,0.17542971225817156,0.059560569994083566
690,0.0,0.13989486473085083,0.07228551292156993,0.03681958789639554,0.07199675670228727,0.16049170587862813,0.09932401203989756,0.09772395357307888,0.07183648702100355,0.1766864320989338,0.07294068713738619
691,0.0,0.1481015799258683,0.06898600113959366,0.020995634790261904,0.07811202983185392,0.1713916199106651,0.11219800931636235,0.06073692218478522,0.07978925159981333,0.1765241289680044,0.08316482233282353
692,0.0,0.15615236722897663,0.0650025549416265,0.006530673509251671,0.0838127705373953,0.1828530914801628,0.12513822760524443,0.019541822859345262,0.0903041744517976,0.17500293462530986,0.0956613827609218
693,0.0,0.15752097525060918,0.06238232268891941,0.0066103313843930075,0.08386170997907876,0.18621572656522592,0.12498825136085076,0.011903463429237314,0.09424507534883629,0.17332924200095676,0.09894290199192457
694,0.0,0.15659452838959992,0.060583747186141436,0.011260260709492273,0.08197148454733337,0.18656569693944153,0.12027932167525009,0.017409036250004006,0.0950537288070927,0.17197869798749063,0.09830349750818616
695,0.0,0.15431801152706912,0.058850774051235774,0.019030769385224407,0.07917775658495527,0.18511710353284255,0.11210619866290097,0.031000765116128565,0.09423408022487419,0.1715391081172439,0.0946254327975576
696,0.0,0.13215293324845392,0.06145854670038343,0.07184080850032833,0.06461431276003224,0.1556181699447449,0.03579530605996793,0.17050949587252426,0.08316328025069951,0.18696500738049796,0.037882139282399634
697,0.0,0.13620169757883135,0.06492601898967625,0.061835307379180325,0.06472241301779263,0.160550856228678,0.03688293770150909,0.15702640908995447,0.0910044428702363,0.18595305244792668,0.04089686469624728
698,0.0,0.14035000951093163,0.06681921606337127,0.05237217547797703,0.06510446250464252,0.16612680360966475,0.04186952943934232,0.13941493494507784,0.09707752860567416,0.18403924883105066,0.04682609101230035
699,0.0,0.15827582142312366,0.07729198050366143,0.009124940089925962,0.06456308700813287,0.19054304803991498,0.08693006519140263,0.030276033207078695,0.12562338233717885,0.16383091541100175,0.09354072678861163
700,0.0,0.1605104995235566,0.07755019758791115,0.006475253374947047,0.06090451896996819,0.19457496791720477,0.0952610538932073,0.016118768362709937,0.12611893305100183,0.15960516287766632,0.10288064444185939
701,0.0,0.16092677220579374,0.07675491903769768,0.008017395903093402,0.05785602635541727,0.19587168303173091,0.0972618512705772,0.015296822486625653,0.12408901383795284,0.15782176416612434,0.1061037517050195
702,0.0,0.1608758023047819,0.0755346756867743,0.010891788729831082,0.054921492663252844,0.19637058430410215,0.09737301491059411,0.018516962329465383,0.12120967185399972,0.15693660308780685,0.10736940412942415
703,0.0,0.15080461362788447,0.06623706781525765,0.04618543545963353,0.04199833767322398,0.18310235287016335,0.07816392255450297,0.09156396696975447,0.08704068740501164,0.17488980279395797,0.08001381283064254
704,0.0,0.14542932199185013,0.05960227697734682,0.06469092643150409,0.038010220461186926,0.1755022446984557,0.062332121041362466,0.1409968147390746,0.06585849036369314,0.18958855132191846,0.057989031973640484
705,0.0,0.1435752225004397,0.054791468697474324,0.0725376284794154,0.03775190670265792,0.1726329499851692,0.053275440476103095,0.16790351691909397,0.05373631892015817,0.19938087394352202,0.04441467337599911
706,0.0,0.14410795870959792,0.050462525256348076,0.0715880404235572,0.04183072922308713,0.17308689406878525,0.05099109870267225,0.17963432239044383,0.04551288485017007,0.20587390486153476,0.036911641513836704
707,0.0,0.15938948924341223,0.051203735268444274,0.020983507201795364,0.06446479573702693,0.19604395158610044,0.10057236898512023,0.0698632739419708,0.07508423643268186,0.17129851403050625,0.09109612757297492
708,0.0,0.1607113495056787,0.050192464587396034,0.01975831326800674,0.06406194531337267,0.19827240836781054,0.10100583315711709,0.06682988233292836,0.07655736014353542,0.16954631726553254,0.0930641260586553
709,0.0,0.16691804839927882,0.049094599698224,0.004936069505125357,0.0685660309751379,0.208788294598566,0.12225390979521236,0.012587380955418965,0.0958248830043199,0.14634077506931328,0.12469000799943705
710,0.0,0.16143788506057205,0.04236670394245969,0.0313710997693495,0.05898816378598616,0.20127687911801248,0.09804940216682553,0.058154337754682144,0.08517380021173662,0.15954616713181372,0.10363556105859573
711,0.0,0.1586791721981302,0.0380753113625908,0.04728428280536187,0.05217253234497346,0.19722776364666758,0.07802836145782847,0.09763435584488193,0.07457648028844029,0.17310932459935016,0.0832124154518089
712,0.0,0.1583164161830128,0.03650407346230111,0.05147971476945854,0.05012834774490596,0.19669622148212718,0.07187299807413254,0.10923131971692243,0.07144946186085979,0.1773502098694318,0.07697123683688194
713,0.0,0.15325662660746567,0.03455986660873286,0.07133666145337655,0.042998326354831605,0.1882542739526038,0.03815989095491886,0.17292230217588292,0.05404364521766299,0.20684461056921039,0.037623796105348536
714,0.0,0.1533783129103082,0.03852167617323217,0.07015816838971069,0.04171639052516233,0.18753140905383509,0.024402844634957805,0.19041287506847537,0.05320594162117636,0.21734470713682943,0.02332767448634692
715,0.0,0.15494250389569805,0.03945500512493904,0.06627289213531355,0.042312467156503324,0.18963429269949214,0.02428175857365495,0.18618450210065363,0.055934149508742474,0.21627022383731415,0.024712204967723
716,0.0,0.1565432025316868,0.040211603710628534,0.06228256594635886,0.0430174086997662,0.1918229715627897,0.025246158704540125,0.18038385257365097,0.05893367606197783,0.21408942709792286,0.027469133110712605
717,0.0,0.15964442529053097,0.04396063363615199,0.05136118555009122,0.044958512978266967,0.19627735024329998,0.03268913166847135,0.15861283655506334,0.06897261964574916,0.20368113032857796,0.0398421741038316
718,0.0,0.1685540884163524,0.05615283251894529,0.01759843574913501,0.04949562193138871,0.2099114147329159,0.07195281917492118,0.06738276715984572,0.10674019774504885,0.1547984572115025,0.09741336535997913
719,0.0,0.17207274003272133,0.05890062673333771,0.008064939889136737,0.04838596655572058,0.21532066443803732,0.09052097212975722,0.030026738024793508,0.12036847507458556,0.13202156872100676,0.12431730840093808
720,0.0,0.17332299998596037,0.058417365085758,0.007689236032197683,0.04568448388591716,0.21711112124121962,0.09747735721517929,0.01918701559169445,0.12311649059114364,0.12345340694911118,0.1345405234218535
721,0.0,0.1738527472443967,0.057128015502843424,0.009535669601275382,0.04334166818648501,0.2177077368959165,0.09909893516611906,0.018569936200703897,0.12221047019218167,0.12102691906926441,0.13752790194084874
722,0.0,0.17117708977756982,0.04884660830551738,0.030431027754317285,0.032738984428132355,0.21287223383304094,0.08915433691854452,0.05636522350484902,0.10087526400946524,0.1393815279996244,0.11815770346897389
723,0.0,0.16213481802568144,0.029100522696972508,0.06982627048484608,0.023437396495104117,0.1985771901682626,0.04214373146612813,0.19821053149165532,0.021707094545078052,0.229253228873996,0.025609215752310503
724,0.0,0.16375080116301274,0.028343605667086425,0.06502863308843694,0.026044904299634904,0.2013387122338403,0.04393693517343247,0.192521999715386,0.02298135561173606,0.2280193437599235,0.028033709287545346
725,0.0,0.16936578179670939,0.032321744579905165,0.0371799501745207,0.03902031374660941,0.21114085292541535,0.07272634734487138,0.13011874129846301,0.046190619584424455,0.1933128801172607,0.06862276843185533
726,0.0,0.17140415005327464,0.0328333511235542,0.03020864796969864,0.041702536111585135,0.21467319933640347,0.08038319920479303,0.11125812625029809,0.054315411008184586,0.18205368992477478,0.08116768901746818
727,0.0,0.17001558106828762,0.022367705486424964,0.05294680936264777,0.037347767236017904,0.2114425426599189,0.06771991381288131,0.11760076549401012,0.06267985699438058,0.1749786701103368,0.08290038777512894
728,0.0,0.16933740810529138,0.020451695884801717,0.05902610494945656,0.0350576488902035,0.20987299293087772,0.05722067375846165,0.13729737563798247,0.05566399839147987,0.18697327366302072,0.06909882778845904
729,0.0,0.16802426843806356,0.018529672714242214,0.06762075534545876,0.03198383462744397,0.2072441746708806,0.03980615687655533,0.1690816265808409,0.044235551621330416,0.20760233288459795,0.04587162624062086
730,0.0,0.16749398862122578,0.025120742298308296,0.06550035650246074,0.031235442331148677,0.20633699011419343,0.01666479337003353,0.19998982400581086,0.037118311103586106,0.23242616843339295,0.018113383219874175
731,0.0,0.17090249555220388,0.034466413910158346,0.045525512147070776,0.03636240418883008,0.21185491351115504,0.03218918649837617,0.15792615834788792,0.058531089152325085,0.20678510041416448,0.045456726277862666
732,0.0,0.1754095365885476,0.04444884867996945,0.021805580278294972,0.04163449545476853,0.21897634074774486,0.062284817586515266,0.08963499271734407,0.09064780858507983,0.16113066911533175,0.09402691024643808
733,0.0,0.17814109332633132,0.04889916653236929,0.010344899115079586,0.04297982081453343,0.22285357366596267,0.08340652529948121,0.045986326620897654,0.1103651558410146,0.12969541277349733,0.1273280260108674
734,0.0,0.17953879423640207,0.04981056845284735,0.0074345003025113165,0.0415887603274879,0.2243638735678137,0.09567256414231777,0.02387393291357651,0.11968990128366969,0.11196874010851067,0.14605836466489763
735,0.0,0.17041019435635524,0.021279128211513752,0.06753458814586123,0.016028859672503733,0.20905516820174214,0.0362532406413479,0.20592064076914185,0.014216830266102373,0.2376337177708016,0.02166763196466488
736,0.0,0.17103452557146756,0.020627401751205247,0.06677697826902221,0.016538611393819222,0.21038661035127337,0.03485614302573465,0.2056308879416656,0.014597358585322419,0.23850081990356325,0.021050663206961067
737,0.0,0.17960386267156517,0.03311593124942167,0.009517658175186287,0.04479603695553278,0.22587214998681487,0.11122472461221784,0.04420655474873667,0.08350880017977658,0.12989032913881116,0.13826395228197155
738,0.0,0.18054829444361128,0.032933912924768216,0.006696183658710105,0.046582448434866974,0.22719645172913108,0.11982235891565748,0.02427679443201093,0.09382905464613088,0.11435018830819615,0.15376431250695144
739,0.0,0.1806518415130758,0.030435951698701006,0.0105638600778942,0.04622512355126039,0.2267473210621052,0.12173117181589212,0.017428067841732096,0.09930978393229974,0.10650669126408646,0.16040018724298738
740,0.0,0.17983248009784197,0.026904889612045513,0.019253937232902852,0.04368700772679493,0.22482134234661022,0.11409030510751177,0.030957159777802484,0.09530503021270001,0.11346908486604892,0.15167876301977568
741,0.0,0.17410493310382247,0.013761273657949113,0.06139444239004403,0.030037275577264797,0.214502600285238,0.048858962990170264,0.15197058956509824,0.04771774118976544,0.19416015982044985,0.06349202142023237
742,0.0,0.173885448550348,0.013089100196420542,0.06309913311256993,0.029962063483795678,0.21374125022491888,0.04463864009706223,0.15931916575489385,0.04530022773413783,0.1988012009504127,0.05816376989547495
743,0.0,0.17247409848294365,0.01874733875563513,0.06377626042464014,0.029661479749174647,0.21242808409839276,0.011539473964246849,0.2067998531097716,0.03013849434178561,0.23619343034581183,0.018241486727632462
744,0.0,0.17694785979068917,0.03659096888269195,0.02732484258610616,0.04182317401673762,0.21896346874645517,0.05008519846344211,0.1143476172404521,0.07626668416662444,0.17320879328824076,0.08444139281859538
745,0.0,0.17844190688708028,0.04163131736319841,0.0167542539223871,0.0446589740815167,0.22064737055280773,0.06869821683750087,0.07586713617467729,0.09436449342617996,0.14541817291324827,0.11351815784143826
746,0.0,0.178538403983588,0.042020113116023175,0.015777248268106142,0.04545349543610708,0.22027091336772267,0.07058142287441788,0.07225842615877884,0.09567747987014663,0.14243591288232588,0.11698658404281861
747,0.0,0.18011998067727966,0.04560216935975391,0.010287222891586421,0.04303849484374723,0.2208427143624606,0.09858700072878936,0.023134845872245832,0.11785402913994779,0.10471913813412481,0.1558144039900995
748,0.0,0.17755555469549375,0.033463875793396776,0.04147355217750051,0.02470398480073367,0.21466645855972605,0.07937076686420381,0.08499319395589196,0.08507928576929165,0.14413244996319607,0.11456087742060092
749,0.0,0.17599847251042286,0.02785947955805186,0.0548248177462417,0.018269918375649414,0.21237308618483236,0.061737411240965656,0.1277121244908043,0.06280362401431047,0.17452415182054476,0.08389691405821188
750,0.0,0.17412352351655916,0.021937086914953295,0.0677481892256529,0.012265830180989794,0.2104937945655373,0.03840572335891633,0.18313183846590642,0.03327495929287119,0.21538827772290076,0.04323077675574823
751,0.0,0.17328457553347412,0.02168706477051666,0.06402959433984913,0.014793952302014053,0.2123728890968541,0.027956519470011633,0.20754073499328252,0.016497198308540247,0.23855867156889862,0.02327879961659443
752,0.0,0.17331088905708278,0.02306527570148666,0.05968719092875187,0.01736834356821138,0.21347580860103196,0.030147483244476164,0.20133056528242227,0.018571777961583595,0.2361838644180243,0.026858801236964342
753,0.0,0.17314360277929303,0.02391084276068183,0.05761031277176324,0.01892342950103865,0.21398758236891913,0.03090983925602612,0.19752720630529302,0.020394285517248905,0.23468711379722593,0.028905784942545545
754,0.0,0.1732293453300851,0.025902282527313292,0.051954735417143655,0.02215949206136475,0.21511223145905403,0.03581984773127374,0.1858218945199945,0.024973229184476885,0.22870470366492798,0.03632223810440125
755,0.0,0.1744874824385061,0.03180518607374008,0.03386210149364035,0.03132936920131372,0.21840588266062727,0.05860665348688624,0.13849645425736068,0.043432511411554665,0.20090412728543933,0.06867023169096699
756,0.0,0.17504687219978116,0.03533125536729221,0.023663176539984093,0.03689685281916758,0.21992679848046495,0.07405662518815073,0.10598189640004349,0.056767455993943235,0.18131733930544833,0.09101172770575958
757,0.0,0.175916638887626,0.03916198387635836,0.011594516236339676,0.043840124266130154,0.221456681898535,0.09661133814012059,0.0594393816970622,0.07603685538548403,0.15216724782752983,0.12377523178484987
758,0.0,0.17558448990938066,0.03314688403756236,0.019389689738179637,0.04673934879103927,0.21808931355341726,0.11086128106788976,0.02785253915711568,0.09237135219480928,0.12385123287219396,0.15211386867844762
759,0.0,0.1735503611652205,0.027077209813599526,0.035257235707347866,0.0426886120063827,0.21394607044977504,0.0907838155540372,0.06645892702061434,0.07801038593581587,0.14555255183441776,0.12667483051282488
760,0.0,0.1716566054136606,0.022688969817810205,0.04790284692992254,0.03959928005569015,0.21047868800942865,0.07026910164258153,0.10510292920456059,0.06365905557801543,0.16819129900306373,0.10045122434530214
761,0.0,0.17055912869292106,0.021504178794781142,0.05236899606468725,0.03929840179713461,0.20843437317617383,0.06175940177085454,0.12078421397744213,0.058259735875593785,0.177434882929832,0.08959668692061529
762,0.0,0.16911250514539175,0.01964336510043296,0.05913091126049066,0.03842841417794444,0.20598667451096317,0.046918762623025086,0.1473541830995946,0.04908014376528624,0.19285534845010593,0.07148969186680083
763,0.0,0.16745677090667008,0.0183698217387809,0.06576829925936378,0.0378773356712795,0.20363701785949176,0.026561042676238066,0.1818973898167566,0.037493271704721595,0.21309806130723738,0.0478409890594961
764,0.0,0.16628456991626434,0.020332556594043323,0.06579055659078284,0.03980005597369928,0.202464027047056,0.011752119541492457,0.20290977294378776,0.03172115003504998,0.22614809224670707,0.03279709911115277
765,0.0,0.1667310568248219,0.031633392135382445,0.04714934583240672,0.04806637892484211,0.2045577432857419,0.0180085564920736,0.17574721797555465,0.045761188670361407,0.2147230486834259,0.047622071175425114
766,0.0,0.17079592365445884,0.05363395586774917,0.007953938738801916,0.05790902106928481,0.20898655226498297,0.08987533334067856,0.025131227774506132,0.10910157800478226,0.1335698675269727,0.14304260175781836
767,0.0,0.16940840954856706,0.048751233512643294,0.02634864321925885,0.04497508386277197,0.20410064971364053,0.08914929854299733,0.04174332684415289,0.10219325671555722,0.13873047894297003,0.13459961909747656
768,0.0,0.16396038053175854,0.03502962674610185,0.06401081553470767,0.02195418959115816,0.19857561232764304,0.026744878688975463,0.1995100911403467,0.031439901906439256,0.2237156871545391,0.03505881637836608
769,0.0,0.16614340417665557,0.047637682826337784,0.025563128003037505,0.0411219705655359,0.2050912744603091,0.07152362107651024,0.11248727843608525,0.0568520288981287,0.18642361100836874,0.08715600054906719
770,0.0,0.16588413326611812,0.049944549067030074,0.020103599333485447,0.04503555858599901,0.2051093200327364,0.08083571415252434,0.09275990057669659,0.06386876198278425,0.17801175558629817,0.09844670741636335
771,0.0,0.164607203646378,0.032470863647962894,0.04330679592313953,0.05230883847729968,0.19753162668758809,0.07583352590678785,0.08819566842475507,0.07267747152759332,0.16580837500720413,0.10725963075132738
772,0.0,0.16055981642556083,0.02645576903149598,0.06415937370205585,0.04963638186783306,0.1930420241661175,0.013159451075129808,0.1940788895439578,0.04011644032244449,0.21692213814032402,0.04186971572511652
773,0.0,0.1639881250148112,0.053334308717736145,0.015726363120923993,0.06633098713522331,0.20041766330615599,0.061558879930091744,0.07459097343281187,0.08630259573116555,0.16982421891884908,0.107925884692267
774,0.0,0.16490878057236533,0.059569828718346575,0.008142072430844348,0.06589843173768702,0.19942995346116427,0.09108934147634587,0.01957315977190332,0.10617016162709139,0.14472546860088278,0.14049280160340505
775,0.0,0.1635933617770349,0.05684958253603582,0.02195338290730862,0.05604647998062163,0.19485120915040116,0.09181573035113774,0.03024762506602685,0.10214010875148478,0.1473217274173483,0.13518079206263636
776,0.0,0.16221332635331712,0.055174470783063666,0.02972670480291126,0.052264086712651835,0.19200734724705354,0.08582883865733443,0.04722101194019951,0.09527616068012243,0.15508009951814822,0.12520795330523404
777,0.0,0.15724203352859525,0.04519906880764305,0.06374347835613026,0.03098255236932078,0.18557122772229545,0.03420577340554183,0.17463944075924545,0.04938806524302034,0.20626458838982847,0.05276377141841518
778,0.0,0.15623066985410602,0.04622391765809794,0.06374989443004492,0.031936574844611126,0.18448486465324726,0.03266709484226604,0.17706469602710007,0.04893971809487193,0.20765840966110766,0.051044159934583194
779,0.0,0.1553470494965002,0.04991304269854077,0.056963386480197026,0.034411919884506745,0.18555594640650905,0.030447746128234355,0.18371078425563506,0.044450419639362644,0.2132541802296898,0.04594552478086043
780,0.0,0.15442106483151324,0.05130252689829007,0.05598249041298866,0.036002865847142185,0.18452192146999316,0.03097048077449854,0.18137341766188653,0.04601392654367326,0.2125228759888139,0.046888429571236484
781,0.0,0.1538734945476081,0.05431353159000381,0.050327214287316076,0.03940266045958008,0.1846498321215427,0.03523854215417005,0.17162573573282744,0.048811031954786054,0.21038529053884245,0.05137266661335918
782,0.0,0.15520645810732317,0.062258121215772254,0.028346627377328452,0.050453698169765346,0.188507676050128,0.06046677770480571,0.11752785096072613,0.062075287150563,0.19661930100718028,0.0785382022564438
783,0.0,0.15511068906647657,0.06515401756089001,0.02145127046781334,0.05511664208772926,0.18869565955192652,0.07062818705126575,0.09529087425070788,0.06803479732381022,0.19119343376778714,0.08932442887162945
784,0.0,0.15604562741319267,0.06855772286948424,0.009334271802733838,0.06365642950571701,0.18982215304881922,0.09266398191585219,0.04739758046676481,0.0801058186823319,0.17890736851280323,0.1135090457823371
785,0.0,0.1557630579053585,0.06948492425306674,0.006501210882927312,0.06727994023679285,0.1889328568442928,0.10028102287724046,0.030792623392824275,0.08410899247853351,0.17564656870642772,0.12120880242257201
786,0.0,0.15465506359525222,0.05983757225208008,0.01978945396703132,0.07277389753694097,0.18269183398052163,0.10085467258116518,0.022915504103086622,0.087975533964819,0.169346850592916,0.12915961742622326
787,0.0,0.1529006383178412,0.05632570778068383,0.02846468417813541,0.073246437938196,0.17858240009449022,0.09075824947617767,0.04184444567189131,0.08429348306022354,0.17339305711867498,0.12019089636372243
788,0.0,0.1503824532854284,0.0574459587393577,0.030361112200986428,0.07746019283061813,0.1728803982671642,0.08891444583653989,0.0461842782143578,0.0840856706406787,0.17685307278300086,0.11543241720190454
789,0.0,0.14570420445113058,0.047922690726831856,0.05456695917280763,0.07707239326907034,0.1637381400760164,0.04458610718614091,0.12599383956101118,0.07181353395593774,0.18632240642347578,0.08227972517761445
790,0.0,0.14457667000968577,0.04806148500188907,0.05599984318078089,0.07907078048161754,0.1611175810655211,0.040118374099194505,0.133340175577461,0.07217370261498347,0.18629674909875998,0.07924463887014367
791,0.0,0.14670288356775685,0.06984603770083858,0.01884315858347045,0.09154872895689604,0.1706796249465729,0.04970759603090431,0.08162411288517084,0.08508834063178888,0.19002846666999962,0.0959310500266387
792,0.0,0.14804657833556817,0.07555470315152878,0.009677131227536087,0.09277447316775192,0.17154928546327636,0.06936952648527163,0.04194803738691561,0.091978456070315,0.18765325063450866,0.11144855807736505
793,0.0,0.14841133379316318,0.07820375257328605,0.007389256490873289,0.09221840317990693,0.1703396085443591,0.08063150052815006,0.022140014584014156,0.09441250005689845,0.18732274021991874,0.1189308900294673
794,0.0,0.1465800591668094,0.07680097095584074,0.02803316269096946,0.07367019981446067,0.16161235482398692,0.08591411982592412,0.03703129604807374,0.09214525632836942,0.18468702275091328,0.11352555759468964
795,0.0,0.14496316569426132,0.07758340854249385,0.031206162081495882,0.07447425693163989,0.15679835875708587,0.08465375982529624,0.04349666006566197,0.08903837765823963,0.18805163547996784,0.10973421496389532
796,0.0,0.14391190713990415,0.07771464691540436,0.03436401103389813,0.0738385406563432,0.1537246159486969,0.08266337132558065,0.050903593806664864,0.0872960209805619,0.18918246913858155,0.10640082305440235
797,0.0,0.1380944778917548,0.07696223740968608,0.05706521561992477,0.057593090392489,0.14353828250608708,0.04916202824417964,0.14223556632911505,0.07753756652577065,0.1845041067382557,0.07330742834277512
798,0.0,0.13814523279049543,0.0839814550519286,0.04427149648316895,0.06040722366001762,0.14697351873715034,0.048658516096072954,0.14165893530529344,0.07719670028052693,0.1864163697677511,0.07229055182763269
799,0.0,0.14541300643723368,0.09041852295617418,0.00621243293652914,0.08231969125576503,0.16088788998125975,0.0947843492526395,0.02082529101536992,0.0868525599940381,0.19985385029608863,0.11243240587494027
800,0.0,0.14548894355230058,0.08790532534986557,0.007396605597694107,0.08681666358737809,0.15903318071815295,0.09850642299259513,0.008746831087307224,0.0883246578798792,0.20169886622524535,0.11608250300961992
801,0.0,0.14372911581983028,0.07898404983841105,0.020931452998575954,0.09241219380070867,0.15155286931394168,0.08976837846195629,0.02025835563210409,0.08994794896765079,0.19897204450413888,0.1134435906627207
802,0.0,0.14131261737159914,0.07319052233758731,0.03282058168615683,0.09546056223248316,0.14439681983106487,0.07589918911374734,0.04614556004181087,0.09061041778877325,0.1941607929990666,0.10600293659774923
803,0.0,0.13936091330507988,0.0699284433838937,0.04042083789483325,0.09808804285304845,0.13886349435848894,0.06484212635093237,0.06725407957092189,0.09159078046616306,0.18967106306190515,0.09998021875477194
804,0.0,0.1378286396227748,0.06804073783887882,0.04527069334836986,0.10068130579771023,0.13438132069281528,0.0564847628214999,0.0831504218692467,0.09296779813008421,0.18560174174815902,0.09559257813049986
805,0.0,0.1360254337163186,0.06625753044543095,0.05018433240404141,0.1038876640411315,0.1294679836777828,0.04581652084779543,0.10313286996962097,0.09473135564611829,0.18003109980114673,0.09046520945065205
806,0.0,0.14072114696725974,0.08483966567107204,0.012913608518580479,0.11230555504199077,0.14541334826769992,0.06083041833718034,0.052203770303627585,0.08789918129579291,0.19879594467584452,0.10407736092099035
807,0.0,0.14287357102991038,0.08873045249220296,0.008049935562855092,0.10865584293518463,0.14685498051354812,0.07936663815206213,0.020081482837921757,0.08555063233285345,0.20779691496622257,0.11203954917727776
808,0.0,0.14303738928408113,0.08905690827377004,0.00817110096002802,0.10931019265202507,0.14498256955293823,0.08172520037123779,0.01707516718281324,0.08410615679773657,0.2098367947089823,0.11269852021642657
809,0.0,0.14248542520385188,0.09080283443148943,0.020812417996715637,0.1007886191335791,0.1295466435145814,0.09582792383958137,0.01572173067401345,0.07797487240263595,0.21540582883924833,0.11063370396434236
810,0.0,0.1400722136374799,0.09157989396613389,0.031553453725983574,0.09378526830033282,0.12085024319601552,0.09338898924033019,0.03568578170204894,0.08060091928957983,0.2074224539670401,0.10506078297509436
811,0.0,0.13795329623675048,0.092691562842886,0.03927023144661849,0.0892575478945069,0.11354701552059158,0.08910051982013012,0.055056691325863376,0.08408659122495644,0.19910390625847094,0.09993263742926484
812,0.0,0.1336598090599367,0.09746340118206617,0.0502238082055096,0.07981894676809105,0.10299562523184526,0.07440713571943922,0.09968485385810542,0.09468542846221867,0.17755614180217585,0.08950484971065116
813,0.0,0.13317203937962532,0.1038814938701178,0.046670747619253765,0.07647272383633019,0.10220046759032109,0.06522392904448512,0.11633101902107085,0.10174252254758354,0.16833798436564662,0.08596707272560507
814,0.0,0.13364773154331955,0.1050891104313867,0.04460224518725696,0.07752198724365997,0.1013435851373924,0.06562376077757498,0.11435995966146062,0.10363869876853685,0.1683161987149079,0.08585672253454368
815,0.0,0.14068212957491877,0.11252000089765395,0.02061725852531662,0.08105641191654242,0.1173537800323638,0.0697371829718796,0.07345107723043154,0.10064247995043364,0.1884024458111572,0.09553723308934231
816,0.0,0.14174325362447113,0.11246841760451332,0.018772948804643915,0.08249208312489274,0.11742785058852409,0.07112557875111439,0.06799633143497723,0.10097194344290862,0.1905884877169054,0.09641310490708907
817,0.0,0.14882776326285013,0.10829118009714052,0.007158094951110897,0.09357244818267332,0.1277527731312845,0.0810302014173565,0.008180320309931394,0.09198447177611375,0.22364615028756804,0.10955659658401086
818,0.0,0.14733206880129351,0.10011574348879684,0.018267820696174216,0.10297675364465655,0.11848608908577415,0.07504323235856906,0.01056632219803521,0.09510323596825018,0.2227243317877699,0.10938440197072032
819,0.0,0.140612585646812,0.08871217039295555,0.025869104442491152,0.13053931419267087,0.10584996471395623,0.041561050450472814,0.08351585638890706,0.1009026448435326,0.179379622534997,0.10305768639324493
820,0.0,0.1431911644952015,0.0886157785961809,0.020854309283906542,0.13161023862448656,0.10844771504518291,0.04785474016634304,0.07113345408973366,0.09659864580502603,0.18588633071824515,0.10580762317573383
821,0.0,0.14492525107317594,0.08808456719354064,0.018530381116611636,0.13271846563226397,0.10876182821777775,0.051549587253359105,0.06427547562430704,0.09438426081433295,0.18943821538386188,0.10733196769080945
822,0.0,0.1507672458338502,0.09212857651415035,0.0163464989653807,0.11109638943950204,0.11401363518495149,0.09973146585677654,0.007229699823908549,0.06892595929871566,0.22616582438809502,0.11359470469470977
823,0.0,0.15123731664330362,0.09165190289825309,0.017766603288897592,0.11109892448563567,0.11109363820614618,0.10094965738291171,0.008464769346137394,0.06859736288224949,0.22591851785402314,0.1132213070124824
824,0.0,0.14966794529784888,0.09269062995679259,0.024615918787151293,0.10689565418717224,0.10290765329157289,0.10313661516898166,0.018050106306328934,0.07212517012701421,0.22044470063122004,0.10946560624595758
825,0.0,0.14996302410417367,0.09245803914144146,0.02610800951866468,0.10691017743841687,0.09959723769524045,0.10385888962595265,0.02048383655719656,0.07287674992063237,0.21917111712207815,0.10857291887624347
826,0.0,0.14883105224159396,0.09348467965817567,0.03068514699525677,0.10466229304759105,0.09290399518818555,0.10403501385356939,0.029568213667887623,0.07710818223201873,0.213486208167767,0.1052352149479946
827,0.0,0.1483563248690175,0.09415330253719563,0.03345916024861385,0.1036336601252881,0.08784831001150974,0.10400090570290674,0.03594651762710578,0.0805017066151564,0.2093435220170842,0.10275659024616259
828,0.0,0.14790154476718415,0.094993576439611,0.035952288743991534,0.10267168099395486,0.0828893851262015,0.10369253198335919,0.042463261088804036,0.08439120042566638,0.204947488938588,0.10009704149268006
829,0.0,0.14452280313547725,0.1004987776459044,0.04261016077452547,0.09693886992809009,0.07205817743590776,0.09804198307594748,0.06644819454887431,0.09894364768305584,0.18814044258611848,0.09179694318613965
830,0.0,0.15841225365038863,0.1206015782210493,0.01181256670795941,0.08169790375770584,0.1032328534796508,0.07226548811753039,0.039131260640149684,0.1051229644251773,0.20076348688469925,0.10695964411573015
831,0.0,0.1616761759814404,0.11895275171563882,0.009202165139226238,0.08296800503579975,0.10626467442888587,0.07225950377211691,0.02842068077034427,0.10236831501654253,0.2071942123059753,0.11069351583407089
832,0.0,0.1646132249073236,0.1168129412417983,0.007675344659731058,0.08460681705342867,0.10837603982029848,0.07195861376151003,0.01907846751734557,0.09990223070524495,0.21262827293067868,0.11434804740268147
833,0.0,0.16029525405455747,0.10668186667077595,0.02412663570310783,0.10495331146509167,0.09006874988974596,0.0610267716231523,0.017123905248691333,0.10408217400315153,0.2175211148669817,0.11412021647478525
834,0.0,0.16142058587735658,0.10494167865907764,0.024758778461947354,0.10637042172230711,0.08845027574334532,0.06061074516146895,0.018121385288530745,0.10538698834350843,0.21556272564459694,0.11437641509790204
835,0.0,0.15718413137167703,0.10067850576570687,0.03383433483910088,0.11700528787544996,0.07384176065320547,0.05374402294408035,0.039158606562422184,0.11571311930683048,0.20179821721887237,0.10704201346269548
836,0.0,0.1539725613319854,0.0968907465282167,0.03947810872006857,0.12723886435720058,0.06204020218306002,0.04762183169961512,0.06084914385285233,0.12502732776636258,0.18741187822796207,0.09946933533271791
837,0.0,0.1659429144934756,0.0859222174749128,0.01606255161262964,0.13433274457188812,0.08972433791418402,0.06022475319605825,0.04927333415275771,0.09310390781207775,0.1889859232627064,0.11642731550935081
838,0.0,0.17330560079695703,0.08255385455866293,0.009354462645953897,0.12719489768009984,0.10193952822137141,0.07740735946688673,0.022457229478247253,0.0732210559737334,0.20452735462236168,0.12803865655576677
839,0.0,0.17630598214575963,0.08210231900994275,0.010990075062409926,0.11691253575569183,0.10307759222869786,0.09726481815095532,0.004116966406282442,0.06003457448452936,0.21604805816854106,0.13314707858723093
840,0.0,0.1774086022889285,0.08127293546020627,0.012606565011688959,0.11552893330842173,0.10033973168460328,0.10081388077528086,0.0032502021150640605,0.059109504650320645,0.21617289241426368,0.13349675229126345
841,0.0,0.17415101502367075,0.08513063306936385,0.02142087301864137,0.10830799026638722,0.08691362790392401,0.1109820546695422,0.009845661241460428,0.06408912535291113,0.21375427955579743,0.12540473989834322
842,0.0,0.17100703777010906,0.0891249569230492,0.028258471935841016,0.10428685715743334,0.07402701959832662,0.11453880700592267,0.021851067695227197,0.07337207023406528,0.2080393109810843,0.11549440069898305
843,0.0,0.16437278362065766,0.10001329053016263,0.03777015849582745,0.09687062636939232,0.0527750944463482,0.11231591404169593,0.05141909414042233,0.09725230906271182,0.1937790999013362,0.09343162939148725
844,0.0,0.1653402183224549,0.10048275095479091,0.037925535042943694,0.09649828555601728,0.04960537028691111,0.11224311303394893,0.05449231254998255,0.1010710233718335,0.19265719147048027,0.08968419941067896
845,0.0,0.17146459864011204,0.11414408629417706,0.028096161344824254,0.08177855825434718,0.058233262627283476,0.0891686243750915,0.06751830471156704,0.1216506599809081,0.1817629597256583,0.0861827840460732
846,0.0,0.18416923947319525,0.11366709993854456,0.014864944519093856,0.07483491048590529,0.08230470758775792,0.07612017476444445,0.04234379942007283,0.11413830644842735,0.18868211051253367,0.10887470685006716
847,0.0,0.18919919206324107,0.11101221916624836,0.011980201914920306,0.07407372483494239,0.08826308257140013,0.07332025330884354,0.033523036806014664,0.11151606936476716,0.1904599007669195,0.11665231920274519
848,0.0,0.19640017329844064,0.106742086327704,0.008296670459726273,0.0747616132023099,0.09930426330841922,0.06642959566654298,0.012346263428961095,0.10394512816586267,0.19617966290031455,0.1355945432417607
849,0.0,0.19916825880060418,0.10393729478063528,0.008322056645856262,0.07536580216179178,0.09991838827232236,0.06546488454949431,0.010437656392313694,0.10405057106233467,0.19441883175837854,0.13891625557631107
850,0.0,0.2019329302682644,0.1008771363540094,0.008665707780518358,0.07667580292251713,0.10043715221003723,0.06386701622938186,0.007269458515839904,0.10383236712133306,0.1930364554665667,0.14340597313157422
851,0.0,0.1947599584021464,0.09769289482698523,0.021219352862069326,0.09776897775192786,0.0760279150508902,0.05760358652131694,0.012170718356143837,0.11053764974110947,0.19830007780143818,0.1339188686860148
852,0.0,0.19617975863459208,0.09530638588898394,0.022259561840399227,0.0998159557535358,0.07335964685445072,0.0573507520616139,0.013845884629606002,0.11250764137408069,0.1964751311647065,0.13289928179807362
853,0.0,0.19652841602371662,0.0930611068346576,0.02426628147846059,0.10375203940899497,0.06789437699899714,0.05705680622214694,0.017753784306347963,0.11558010555619103,0.19538112602085717,0.1287259571496726
854,0.0,0.1979220823866929,0.09071701615326735,0.025222040128598248,0.10588031600924151,0.06502510409119067,0.05707840563088916,0.01962498687757434,0.11763273541750309,0.19419978160591525,0.12669753169917022
855,0.0,0.20269618845363968,0.07737268789476966,0.01668361407875522,0.1221141690028697,0.07079908198187458,0.06907719593721348,0.04561558340625607,0.09195460288584775,0.1856876598283228,0.11799921653049389
856,0.0,0.2054724186068084,0.07465191603303262,0.016429647093051922,0.12199303964945102,0.07118279829461532,0.07046888408042785,0.04399241615050291,0.09085658020848723,0.18598628204680653,0.11896601783685892
857,0.0,0.21750311810601555,0.0666319919349637,0.010219019745417593,0.10448436392678008,0.0970772855175916,0.09051735380800716,0.01450635858675128,0.06276348245862566,0.17700568970457814,0.15929133621131225
858,0.0,0.22050869560627293,0.0643906340590631,0.010642306202679799,0.10031991312449039,0.09890866448081218,0.09720637604660873,0.008360552039131296,0.0578605677033361,0.1748477768662105,0.1669545138714379
859,0.0,0.22337367875246353,0.06275668964195877,0.013620979526973094,0.09425075764239658,0.09485661704795967,0.10941169002059507,0.0025425431022142657,0.05422039233625927,0.17266119855027506,0.1723054533789477
860,0.0,0.21989801753619684,0.0673961206310997,0.0191807977068141,0.0902114839428653,0.08107734754750266,0.12080500715625178,0.005272949192303274,0.05843066009099286,0.1776660241540637,0.16006159204195286
861,0.0,0.2059129733662802,0.08734592341172955,0.031261542688767144,0.08649990601100059,0.037481008248794564,0.13057302213458866,0.036011822300599024,0.08816127009516272,0.2034367578282825,0.09331577391483831
862,0.0,0.21908360875183255,0.07786175719196223,0.02818132408627122,0.08783108704047878,0.03206312687489667,0.13529710228477113,0.03590913551901964,0.09212005491808245,0.2105496274764947,0.08110317585623394
863,0.0,0.2436315084612419,0.08498240338464924,0.013530566328563365,0.05527629286835978,0.07535125462670156,0.0774805360762782,0.03314108755828774,0.11657168900613928,0.1768445741395468,0.12319008755027541
864,0.0,0.25354873263976085,0.0807011334773197,0.009354045469104101,0.04986617681129286,0.09496748082690157,0.06301703532992291,0.014932957094458837,0.1131710927348459,0.15122006100713203,0.16922128460930458
865,0.0,0.25730008157592904,0.0776064514926793,0.00907986011712181,0.04994239805435489,0.09781913783197185,0.059921454881794636,0.010921239249116166,0.11318215475406848,0.14381755830499632,0.18040966373801087
866,0.0,0.25990426895269236,0.0752601189743775,0.0095402099099442,0.05180958890920967,0.09865241952609392,0.05651777697938786,0.006154651905486667,0.11321567455457632,0.1370112851115056,0.19193400517676912
867,0.0,0.25466518767670343,0.07761028657192079,0.01433302605499451,0.0651618722235241,0.08202092112666658,0.055833568132726205,0.00516889948315689,0.11424132146155719,0.14761728949007832,0.1833476277787155
868,0.0,0.25058769590359276,0.07853489851624566,0.018119716310583574,0.07612986531412667,0.06535525097816192,0.058775510869789674,0.011131749144053859,0.11583921517990721,0.16449443609202488,0.16103166169155753
869,0.0,0.24210670226299574,0.08093293014722922,0.023647479448922114,0.09570470702802215,0.035246754560577465,0.06670539069655229,0.027944865058534364,0.11597712241142447,0.20505816626257678,0.10667588212320912
870,0.0,0.24210561001737957,0.078833058182333,0.02487506870800583,0.10162462974187673,0.026707921931490797,0.07037706324952951,0.03406181737054294,0.11495361331081008,0.2193083587340912,0.08715285875398412
871,0.0,0.24342693731480658,0.07377513706197175,0.024911430871403427,0.10994359876241266,0.018641565531321437,0.07731963571565867,0.045764518128020126,0.10749761527274776,0.2405601615302236,0.05815939981147756
872,0.0,0.26005703920895584,0.05539910015609206,0.01745777899504715,0.09985478980620538,0.05024202592085634,0.08580523055332304,0.04235790197704992,0.08232967051218287,0.2089449157949395,0.0975515470753915
873,0.0,0.26815001670217825,0.04745426266567863,0.015030430082529937,0.09246607051558522,0.06549437838057245,0.08951046753854683,0.03515151036331346,0.07389762698746284,0.18707286122564318,0.12577237553853265
874,0.0,0.27837990257398953,0.037988995199191154,0.011902144786212054,0.0783707104179612,0.09012051512218314,0.0972252340585537,0.020306392379807588,0.06118452407651342,0.14435619893951146,0.18016538244612043
875,0.0,0.28272139607119284,0.034259497141376966,0.011528540747811051,0.06953706865092432,0.10059346156046423,0.10506207502402594,0.010320272885256741,0.0551884088195168,0.11945093397154428,0.21133834512793062
876,0.0,0.2832442477571069,0.03433093525565418,0.012783146893807693,0.0641838758125125,0.1014806892034807,0.1134639451831337,0.004378648406091101,0.05312002370533627,0.10836679450245874,0.22464769328046194
877,0.0,0.2834056295311403,0.03455463514764346,0.013770137481456503,0.06278467507289248,0.09902011244740568,0.11735475821874426,0.0030675375856262324,0.053483082136093076,0.10700440108748065,0.225555031291561
878,0.0,0.2823532315189829,0.03612729605338272,0.015232731354620013,0.06194536356850951,0.09381369504221404,0.12204888198779192,0.002730232588968169,0.05472921408737439,0.11002973786750175,0.22098961593069807
879,0.0,0.26137409716784815,0.06287874552738461,0.026629815441822174,0.06816203258269403,0.031937417663535146,0.14221506081690846,0.025348990444685363,0.07522570486498485,0.21151327469826708,0.09471486079191353
880,0.0,0.2624215349276713,0.06315048835039858,0.026573115396415724,0.0686129059280346,0.02770654684863923,0.14252923086977404,0.027878014335201994,0.07757906222331105,0.2211249037059929,0.08242419741460413
881,0.0,0.2628241739290439,0.06665857851385484,0.0270444633671751,0.06880586260179142,0.01689685420025959,0.1396241889737247,0.03644969447497863,0.0854197103554432,0.24886591283423826,0.04741056074953393
882,0.0,0.2694536984577419,0.06720430754437846,0.02498315793902748,0.06353094184252478,0.017622862339357264,0.12614191570285366,0.044064208081434554,0.09624793092458434,0.26232180020446966,0.028429176963671365
883,0.0,0.30149290883258734,0.054016007144263196,0.01117397622604909,0.030777440919537363,0.09087158873494863,0.06675169147116061,0.02048102208606099,0.11412552449250668,0.13176278341021963,0.17854705668270976
884,0.0,0.30655297064140247,0.050445474627849055,0.009916417580930282,0.028128652483153323,0.10103415410561434,0.0591851654138285,0.013485801104686022,0.11641371623473366,0.10416859423395461,0.21066905357389104
885,0.0,0.3029607975788727,0.05306368409153703,0.01188792597858091,0.03580895943879867,0.09763769778915149,0.05441599275813317,0.0038900787691496094,0.11831776792976822,0.0885317170279181,0.23348537863813323
886,0.0,0.288868458155567,0.06085232181042654,0.018620594920847423,0.06049156657032806,0.058424691126738905,0.06780277436084653,0.012305646530021681,0.1138465847370169,0.1553929954000413,0.16339436638820867
887,0.0,0.28399312457250403,0.0618517946147578,0.021901407684847152,0.07393326642632769,0.03610572083581194,0.0776944589866186,0.02089747862647181,0.10876236962537203,0.20301691834901295,0.1118434602783192
888,0.0,0.28158863436954007,0.05914139300021152,0.024206290180836226,0.08896795515093452,0.013654021812860937,0.09163064168076931,0.03431857743586784,0.09669656997506826,0.2638667127564534,0.04592920363750111
889,0.0,0.2848495575169687,0.05423404850773451,0.024194787952187234,0.09124186818047382,0.01177794707372133,0.09667240068311007,0.03762902014200349,0.09058851292713535,0.27672311078169665,0.032088746235012
890,0.0,0.2869756493399809,0.0517103735234876,0.024614187807015485,0.0910887017768507,0.011512891531251375,0.09838899028672135,0.03725596191218768,0.08964679318148255,0.2794695896831685,0.029336860957897126
891,0.0,0.309785093310576,0.0279053522374738,0.01669818878483093,0.07197232633852671,0.05958232072211217,0.10393464784694523,0.03112742586866943,0.0645808827923912,0.1993451082289329,0.1150686538695848
892,0.0,0.3130919585907408,0.024552199808462495,0.016391871778294997,0.06884179779308953,0.06543253311410914,0.10471224541730284,0.028707615906360378,0.06290405414947238,0.18691632639077496,0.1284493970514359
893,0.0,0.31925193915293343,0.018817701903075943,0.01491651878993054,0.05962347995688924,0.08282931749265121,0.10556262176357302,0.02202698724412871,0.058916621075204734,0.14604918223725152,0.17200563038440497
894,0.0,0.319678310063932,0.020438729118105525,0.01629534773585184,0.03811790528235961,0.10617423130864212,0.11817638571713017,0.003517796276487239,0.054334598244916606,0.06207443587160752,0.2611922603810106
895,0.0,0.3185817595979767,0.02193893685928824,0.01710132399544906,0.03796856407021465,0.10306328569673308,0.1204177368223949,0.0031408383789482642,0.055032240826436415,0.0645860996940717,0.25816921405853055
896,0.0,0.3189343679163202,0.021888545107513972,0.01713625063273177,0.03806717919823902,0.10235381807567275,0.12059940228750161,0.003200484105700073,0.05546704650891646,0.0649823140991697,0.25737059206827784
897,0.0,0.29367480805129453,0.05440018662630351,0.029355328044634074,0.05779016631601263,0.013295322292225562,0.13965338243843395,0.02930708668817249,0.07284973236355628,0.27146287782176026,0.03821110935765063
898,0.0,0.2957991617350557,0.0536285766794994,0.02860413135560985,0.05807665585706379,0.011349845892414315,0.1385627670076467,0.030815594224371856,0.07454782831345788,0.28019977252275935,0.028415666412164975
899,0.0,0.3232084361014387,0.040491665765833976,0.017472141438888766,0.03534584866008649,0.05727388608713001,0.08820985249083646,0.029642143532037944,0.1000734682076948,0.20675588022871746,0.10152667748737951
900,0.0,0.3371725328490347,0.031438578546549585,0.011410803074893568,0.016300240008635367,0.10884865433073256,0.05468119656365593,0.01027241492506435,0.11586222988167164,0.06783310510953187,0.24618024471027428
901,0.0,0.33647263379307757,0.031212367179571862,0.012371551322540166,0.017370301322304587,0.11150956872064756,0.05169677478948246,0.005360827498996444,0.11852043748298895,0.04698619951553111,0.26849933837490314
902,0.0,0.3052985446102422,0.049047340163764816,0.025767503294663107,0.06788959698564796,0.023036459336048823,0.09620382813834619,0.022090410858788285,0.09464844654020288,0.24375774510959627,0.07226012496274369
903,0.0,0.3134447683411957,0.03688176513031838,0.024267365695279725,0.07621668892828429,0.01577866641765531,0.11466214942539199,0.03335093882613847,0.0700620704887515,0.2938911083602833,0.02144447838674558
904,0.0,0.32862987467661714,0.022188289872854282,0.019106428312101333,0.06169792017195747,0.0501838216512234,0.1141974864835631,0.028553318967548674,0.05909535353075772,0.22433301386373158,0.09201449246968989
905,0.0,0.33051019067396553,0.020221407442814095,0.019034697985316165,0.059575606188973375,0.05431675901881647,0.11444548627715864,0.02706918311715254,0.05820839907319209,0.2154110172787521,0.10120725294390365
906,0.0,0.33705267640415154,0.0143529113344844,0.01676760111447191,0.04927127676179171,0.07608093760228155,0.11232242030619878,0.02145653558573528,0.05542275537691633,0.16208964856814703,0.15518323694586617
907,0.0,0.34160505095730825,0.010585780402123556,0.015096831914477629,0.037722967436533535,0.09869406965309542,0.11008368176304609,0.014318957548021503,0.05403008103299757,0.10030771323136023,0.2175548660610809
908,0.0,0.3421001479065075,0.010413766746171938,0.015029535066333139,0.031741578552458176,0.10905592169492873,0.10950754985703866,0.010002086517700634,0.05406755996522679,0.06798122401419143,0.25010062967948765
909,0.0,0.3418348107162087,0.010744772511070392,0.015124239593137264,0.031246215492867865,0.11021505295063974,0.10915988440371484,0.009433289215713278,0.05418790835994339,0.06490712979945652,0.25314669695729275
910,0.0,0.3150184383605939,0.03592100996190766,0.029547688933966865,0.03955212996087675,0.06183980843177751,0.13020702719210273,0.00981694450438354,0.06073116072604779,0.14511120334128044,0.1722545885871078
911,0.0,0.3131173994383117,0.04384151892031893,0.03156710597559722,0.0580894384267285,0.008138764477536874,0.12790630339086131,0.027741851765805237,0.0746852133853744,0.30877841304376263,0.006133991175747973
912,0.0,0.3192428349250531,0.04017187864341979,0.028928269928214328,0.05622705013602429,0.012888780629073835,0.12017002874486807,0.028785184052570374,0.07944821280086228,0.3060067652649686,0.008130994874990354
913,0.0,0.3250911005290585,0.03628418957962052,0.02647350453112743,0.0534356925872557,0.020159789775349456,0.11297742143907794,0.02864276720647328,0.08346831066364507,0.2936730959465634,0.019794127741873602
914,0.0,0.33057921310875643,0.032431161514532056,0.02423303659613509,0.050322448035482706,0.028343503047463067,0.10622640972312332,0.027945378914945657,0.08705345761486799,0.2770335051325305,0.03583188631220796
915,0.0,0.35303309803173716,0.017330074953591006,0.012849117987951431,0.024095707719652526,0.09485870876501558,0.06233474475994217,0.01623406403076354,0.10713177255383827,0.11236581411918584,0.1997668970783671
916,0.0,0.35513829703489574,0.015415450234086841,0.012443162004345004,0.023523485437233947,0.09699993274955102,0.060945811949307704,0.01575078718565961,0.10784967666576611,0.1055868638499086,0.20634653288929033
917,0.0,0.3577572246347908,0.01333326354192501,0.0114547518499631,0.021043269442027838,0.10410979630737906,0.056666882663069185,0.013899830278539213,0.10984153030316932,0.08435571851866011,0.22753773246052142
918,0.0,0.3596799705411782,0.011711653591873037,0.01085076735123786,0.019542134372969876,0.108795159017145,0.05377806630177021,0.012603523386404405,0.11112146421422447,0.0696298086300675,0.24228745259317455
919,0.0,0.36092883203549825,0.010850702000333607,0.0101245801640053,0.017301736622751966,0.11570229300770352,0.04967261495025262,0.01023472269237761,0.1129338477017281,0.046645293969692775,0.2656053768557014
920,0.0,0.32709485627821766,0.040481077098695736,0.0204266808153288,0.048713018923898066,0.048061762644067293,0.09064645351738289,0.012136626515809492,0.09372763545633492,0.18703698193717908,0.13167490681313132
921,0.0,0.3259277511134132,0.0402612807111142,0.02502365421238567,0.06474145183584336,0.008030586019738257,0.12668190619693945,0.024087579322468123,0.06548897206971896,0.31350132078091436,0.006255497737509768
922,0.0,0.3367698307249095,0.031014649157809094,0.022688648994353213,0.05560106646422673,0.025852245196781642,0.12862596580396957,0.024142175256746657,0.05645750533102226,0.28212457608225855,0.03672333698796824
923,0.0,0.3386367457943979,0.029370380279611644,0.022515146534158755,0.05269760624155125,0.03128111621035181,0.12847256888114736,0.02311557101498738,0.05500967135848317,0.2707516378785678,0.048149555806788584
924,0.0,0.33871104249918915,0.0292143230069478,0.022876742271158396,0.051508295620439924,0.03314383747717102,0.12869721052707825,0.022303915103850165,0.05438639833728186,0.26710486198028605,0.052053373176643006
925,0.0,0.3450009986278044,0.02434644616619344,0.020563918355689208,0.04226068675686775,0.052864699314180086,0.12478816861996377,0.019962425736857917,0.05174473278602136,0.22187941706685027,0.09658850656961757
926,0.0,0.3481702822686028,0.02203792686457079,0.019158492324590992,0.0356914852652444,0.06711032562336265,0.12128460769126614,0.017851529534090093,0.05061270938130218,0.18788292886778374,0.13019971217923193
927,0.0,0.3547681860756411,0.01743452992705032,0.015201380174443337,0.01615937742275526,0.10995510856869313,0.10873596274650943,0.010874919086844263,0.050461560458562815,0.07432869842369955,0.24208027711584684
928,0.0,0.33065262134116385,0.03507280667500464,0.024316171749504137,0.025687248903165736,0.08698945697828943,0.11555506568880906,0.007001476574061624,0.05803866926189177,0.09746914986074176,0.2192173329674139
929,0.0,0.3198007586879312,0.04445093659517365,0.026608968247776834,0.03867486415641671,0.06257319874386062,0.12005217990323587,0.009894336537229195,0.06097785730125715,0.16109361002407838,0.1558732898030865
930,0.0,0.32564552174543604,0.03170303246940888,0.02914576127601765,0.06722339428064235,0.01801227815345382,0.10792381425693617,0.019999948790527213,0.08455297892387488,0.2991687238909544,0.016624546212794546
931,0.0,0.3546418601685263,0.008697681020186053,0.012456222531752933,0.03462007445243417,0.10636914453959362,0.052256916309527765,0.011940389481005165,0.10336829041866709,0.09484036714504443,0.22080905393330852
932,0.0,0.35545275857074904,0.00867496595829907,0.010959901055353813,0.029073573145760284,0.11919718669671973,0.04607908308179827,0.009701016869671729,0.10437982445552416,0.05923939522019537,0.2572422949459747
933,0.0,0.35590951461744774,0.008213209990126105,0.01089126988812558,0.028687594155194205,0.12048412541378828,0.04529053168203951,0.009520195146283059,0.10410110638083386,0.0561003953923758,0.26080205733383216
934,0.0,0.35279994753411864,0.011625093847036503,0.011027653191648923,0.026008026028061904,0.12507549277644064,0.04433843245690969,0.007790786492646969,0.10305561263706473,0.03891060300172422,0.2793683520343939
935,0.0,0.34242031173461007,0.0217507678526033,0.014007422438357887,0.028948620425220162,0.11328710090579286,0.054033684688970775,0.0068280292461891596,0.09847274491241509,0.05717584964764051,0.26307546814824645
936,0.0,0.33955156306470985,0.024082026609699256,0.015585568574139026,0.030311739256029317,0.10896071893952794,0.05689719565390344,0.006927766331526668,0.09577218761598624,0.0679586020107618,0.25395263194376316
937,0.0,0.32511212345351204,0.03835680283998126,0.02082723917720908,0.04161315349515908,0.07487743909955319,0.08030557880357415,0.00829766381465616,0.08739848182576491,0.14228741500534453,0.18092410248529264
938,0.0,0.32119200364781014,0.042121864276721606,0.02261626921154657,0.04464085863187637,0.06535301215605362,0.08690365095698609,0.008794189408990774,0.08441093901623396,0.16466534963383328,0.15930186305999477
939,0.0,0.31449104441692427,0.04914252474194394,0.02555724481535361,0.051441477045490194,0.04437390954322428,0.10180316580265866,0.010160251797576805,0.07879007201479434,0.21397198929800426,0.11026832052407673
940,0.0,0.30937384540011537,0.055555185924431434,0.028328740740264886,0.05863510625693157,0.020554009539548876,0.12048412324672114,0.012241374497920524,0.07134864875504057,0.2727684510278681,0.05071051461120455
941,0.0,0.3078590242763922,0.0576235419651266,0.029433077490192,0.05963220065017854,0.014941170571657043,0.12604083824267898,0.01275880837309721,0.06819480542472565,0.2878349509684249,0.03568158203757366
942,0.0,0.30892599275885696,0.05827875805830001,0.02991369122908003,0.059284046408263645,0.010661478595704033,0.13340518164811774,0.013742285000821168,0.063178604786808,0.30303975885227347,0.019570202661821575
943,0.0,0.3290699873248172,0.043786825931501565,0.025070021679808627,0.03806149173333919,0.05173276983595518,0.125707006930725,0.01399678730749233,0.052806368658599175,0.2270959370869896,0.09267280351081882
944,0.0,0.3411879951397716,0.030859463874451598,0.0211150000835729,0.009528903346045677,0.12398302022853244,0.09380693460979736,0.009422457589276585,0.04888802184991655,0.06247663367072141,0.2587315696079604
945,0.0,0.3237793894468655,0.04043324988515988,0.025144599143992686,0.024268301641079,0.10845114873190337,0.09333434639209655,0.0080922546269553,0.05539469854211209,0.08439866792328701,0.23670334366659543
946,0.0,0.31873415107424,0.044240626414416666,0.02561030101974023,0.02949921677052354,0.10148450202522369,0.09424538651745203,0.008374180125800582,0.05698861757749672,0.10110423931181356,0.21971877916333996
947,0.0,0.30429612452278837,0.052168400701576335,0.029315161400927887,0.05241821352005682,0.06552904402631783,0.10253409330023153,0.009586151975026004,0.06610417700509183,0.17575232754926134,0.14229630599876916
948,0.0,0.3206705415833471,0.023407182432784723,0.024260787247027977,0.08064214992674536,0.04864119005142642,0.07748557966507734,0.013252463383756932,0.09952116951196704,0.23745710470374098,0.07466183149417324
949,0.0,0.3218438922088409,0.022731811857613398,0.023153352480724188,0.07870045588954586,0.0537540936584266,0.07434182481287656,0.013045290235214226,0.09960615702776025,0.2278382275433387,0.08498489428570655
950,0.0,0.3270847843547129,0.018359225006712016,0.020663925456098013,0.07147787715198836,0.07088776888433491,0.06447236514427804,0.01248118986504154,0.09949190878900176,0.19533914813717831,0.11974180721070134
951,0.0,0.3374558662949438,0.011468132497057073,0.015255642952601702,0.04499173433993128,0.12347164156034424,0.03938133933506231,0.010000077646235693,0.09298252959468283,0.08994491781604215,0.23504811796314623
952,0.0,0.3277502511055518,0.021892984243436157,0.015528203679245815,0.03882903338137927,0.13282360386248435,0.03647990954820211,0.009471404724484678,0.08384893971472766,0.08506471963954447,0.24831095010099133
953,0.0,0.2900221772224056,0.0717953223816498,0.02634057230611512,0.06155983611847506,0.02413307771817376,0.1320533182919945,0.012878368268715502,0.06849414199124,0.27624518545404375,0.03647800024723452
954,0.0,0.29630184961944694,0.06664606992782232,0.026126532366352352,0.05355973500229906,0.03890894895060789,0.12813280320234646,0.01297602484594484,0.06432084275936169,0.25302860851798425,0.059998584807881755
955,0.0,0.31234167046680367,0.05182171678411576,0.023076308599614473,0.033934861398905274,0.08497539782202125,0.10837234920313658,0.012164793556933253,0.054544092779597736,0.1787469953552152,0.14002181403370456
956,0.0,0.3081511884377536,0.055913785766065344,0.023628960079774896,0.03228242541901751,0.08900034746811962,0.10558152003242953,0.01228570172651532,0.05311321217870627,0.17646249511364745,0.14358036377801825
957,0.0,0.3141776088996033,0.04733085262046155,0.02114409016893112,0.02086072216664046,0.12840799660167057,0.08282355342607334,0.01120487627677947,0.04531902946939356,0.115700022448746,0.2130312479217485
958,0.0,0.29870036942608075,0.053085295617124065,0.02229856071851083,0.03641939015403443,0.12492975023680535,0.07286107496048565,0.010901923839000238,0.050275265649511555,0.11905767203344861,0.21147069736504648
959,0.0,0.29494216384389826,0.05620435737371684,0.022123981262116493,0.039078822826518915,0.12287093766338433,0.07227185434179155,0.01114235120465501,0.051237377328546996,0.12618543652279585,0.20394271763262384
960,0.0,0.27454169585436333,0.06673427355209909,0.02573356940688007,0.06913122530145413,0.08268732324859315,0.08012142616065547,0.012323030076455967,0.06870508358052699,0.18478716003484227,0.13523521278417783
961,0.0,0.26211644166108056,0.07089760201245396,0.02820556153846692,0.09550900438254836,0.04651287205881298,0.08721959741127511,0.013612411761650515,0.0878735241115255,0.2372662547829992,0.07078673027923521
962,0.0,0.2638222959210005,0.0622767097101481,0.02789652345126658,0.111423818257371,0.031804958275217926,0.08418541447773849,0.014332790994340264,0.10486553624099625,0.2604393270706619,0.03895262560130731
963,0.0,0.27123978291998635,0.05343704489849419,0.025510010585918785,0.10935673707475049,0.04329594127223456,0.07496039135226036,0.014161752322113313,0.10735118265776572,0.24721381724247554,0.05347333967404895
964,0.0,0.3003847811709309,0.03207464104489012,0.014162445849093317,0.05402035777734477,0.14349080946621998,0.03601552508136878,0.010748298668233866,0.0679334957216674,0.12471490817942986,0.21645473704086937
965,0.0,0.2590703140048759,0.08358294744647976,0.02377922032823102,0.06476387376001104,0.06643461301375184,0.0979414702601786,0.013978769016919558,0.06727564663346217,0.21645488158730852,0.10671826394883015
966,0.0,0.25251950897492154,0.09628443208558062,0.02724898013413315,0.06819086809127191,0.03647373744392889,0.12348019947775271,0.015614913898609386,0.0727167745995243,0.25227789660172634,0.05519268869259951
967,0.0,0.26884443915291323,0.08611146102706808,0.02480967329123709,0.05318786228758642,0.06046062726291605,0.11786514380183762,0.015090110159935728,0.06660790472120819,0.22698076480397605,0.08004201349137005
968,0.0,0.2921852677303797,0.05967013684455127,0.017695835425328092,0.028786299239592063,0.14588544409130397,0.06645461207471616,0.011836004891667114,0.04180558123125827,0.13688306848021917,0.1987977499910325
969,0.0,0.2856899430536801,0.063181021122117,0.018066163283297684,0.03383143939837516,0.14525478473214234,0.06235423178856696,0.012125303688281752,0.042942659263110305,0.1415056058499015,0.1950488478205758
970,0.0,0.28047946626239545,0.06672261585507615,0.01832118778678666,0.03755075637753944,0.1432115496745853,0.060707382333465426,0.01246569481114794,0.04441792509500354,0.14771350595036756,0.18840991585368133
971,0.0,0.2720451010899963,0.07169772140675892,0.0193855681463937,0.045638816173873456,0.1356368951891005,0.05992771816153265,0.013138837170587742,0.04864594171775959,0.1585858598988729,0.1752975410451731
972,0.0,0.26277562007554195,0.07711614190487755,0.020791253759978305,0.05539827553892442,0.12467938090491364,0.060625700560956806,0.014036295765322665,0.05467434951797658,0.17167559354585046,0.15822738842570674
973,0.0,0.25532677398934445,0.0817225983982129,0.02179732972569592,0.06307581116141157,0.11569439111162083,0.061524365068433826,0.01485180936564004,0.059876594825762824,0.18218915661108126,0.14394116974284535
974,0.0,0.23539511280762293,0.07504357885053452,0.028328933020349542,0.12230644118988103,0.047829521554797,0.07148244093652303,0.019101506029568432,0.11144036627579726,0.23504386726519694,0.05402823206977838
975,0.0,0.2395290358876911,0.06933908778042615,0.02616820772181773,0.1220406010124415,0.05529439717285196,0.06643970173710523,0.01890135780068451,0.11208291697912467,0.22866594931536427,0.06153874459254196
976,0.0,0.2507935025652353,0.05667312556634439,0.022048456622238293,0.11558961515067663,0.07698921327303425,0.0556808640604292,0.017566352465509964,0.10699853587436628,0.21309276382699557,0.08456757059521905
977,0.0,0.25456576583460255,0.05307419051519736,0.01997517311577022,0.11072519991436569,0.08887842058570189,0.05056235917199638,0.01697790598317368,0.10256709299288988,0.20540933462031835,0.09726455726603278
978,0.0,0.2695731517375756,0.039025921976944725,0.01423210778755867,0.09310222086247884,0.12765444983760751,0.03620808865127091,0.014055662557252525,0.08419784780289236,0.1839152276341322,0.13803532115233527
979,0.0,0.27555372616057217,0.03621508308999012,0.009790303097754725,0.07293770946512575,0.16030134665106802,0.030179295058176212,0.011560606184987693,0.059920173700093504,0.17118371691102016,0.1723580396812604
980,0.0,0.25031057408082835,0.06713042251514956,0.013307317984512589,0.06847976340963625,0.13531210632712254,0.05923501913288438,0.014480747425527234,0.052518290000404,0.19093927367909297,0.14828648544489104
981,0.0,0.24059828241201425,0.07802035552992466,0.015420729721824938,0.07009983705096122,0.12209264600288326,0.06922014368954738,0.016280350634867154,0.05534792824719226,0.19935585276042297,0.13356387395041067
982,0.0,0.23745030851118057,0.08113847903890618,0.016003183523473512,0.06953531852228638,0.1212294779610541,0.07017345841927475,0.016911915845653658,0.05500506040677462,0.20128407831200218,0.1312687194594428
983,0.0,0.21780959286955842,0.10527220176199596,0.020788257498881576,0.0767962194481042,0.08145688511195942,0.09774665584535022,0.022015227812670703,0.07004785336117271,0.21562092101396682,0.09244618527638905
984,0.0,0.2233426185137825,0.10840031688583236,0.021954197737527718,0.0699060697006903,0.07310324412749378,0.11033397602291292,0.023926000545904418,0.08096816518148778,0.21027098196413369,0.07779442932028376
985,0.0,0.2605313492264688,0.0737960619393108,0.014270898101842119,0.039840853274161855,0.15664332048478868,0.06453804395061447,0.014516464523518095,0.045638518810732664,0.18645740036916403,0.14376708931944768
986,0.0,0.25717885650355427,0.0726401253291803,0.013645454947210308,0.04318813952495627,0.1690254584495796,0.05012751283065464,0.013275984306056554,0.03915069315694089,0.19039253915919677,0.15137523579271953
987,0.0,0.20937560683701997,0.09592070571810034,0.02206733853867236,0.1088140282711227,0.09033728322268195,0.058069156199385415,0.024116789530312883,0.0907289327013576,0.21158318246912813,0.08898697651226764
988,0.0,0.20270691722197048,0.09729597802303876,0.0228331283557972,0.1223476085547572,0.07467623647196045,0.06009517950151135,0.026997859935921006,0.10607822135991243,0.21047527306824484,0.07649359750693543
989,0.0,0.21167934979300954,0.08229555587600298,0.020889915269264137,0.12695978511098865,0.0810992222477628,0.05361260506311049,0.02692832113588044,0.11423020942763991,0.20163564326800745,0.08066939280838258
990,0.0,0.21267945192821686,0.08137035442083726,0.0198331404651721,0.12443791993756464,0.08699262535281335,0.05126154821373466,0.026768221037634054,0.11201673762195727,0.1989955396364632,0.08564446138565585
991,0.0,0.21181125783945995,0.08257037999900489,0.019150750938938234,0.1226303839910431,0.0903838000475261,0.05003312076188948,0.026954359713057645,0.11044194593068205,0.1971765594683323,0.08884744131011557
992,0.0,0.21707915617069262,0.07776505553138346,0.015974606781879362,0.11125178596159802,0.11363546967571572,0.042199664520071706,0.025089530261797024,0.09948639177928245,0.19278525697645096,0.10473308234117798
993,0.0,0.2243611938408347,0.07076798873445758,0.01390430639764597,0.10207671907542697,0.13209953805760702,0.03678915624993087,0.022272460707674104,0.0892031764309768,0.19406626351488346,0.11445919699061204
994,0.0,0.22791632227084985,0.0676227731314395,0.012490484623574362,0.09541522029563462,0.1445134388515846,0.03364442668399278,0.02039077455059186,0.0816719985244406,0.1962689892824438,0.1200655717854972
995,0.0,0.2328031029170325,0.06329001514954753,0.010676105675243588,0.08671380490623334,0.1604377594374416,0.03019114325925448,0.0176064535457497,0.07117294019404051,0.20104068863045887,0.126067986285047
996,0.0,0.23955030242512948,0.05754715099629941,0.00773138184227447,0.07313077633641818,0.18382180889617136,0.02754958049528694,0.012904526002660448,0.05273210816084968,0.2125631978564625,0.13246916698849673
997,0.0,0.23838223870995123,0.058932305262787775,0.007215152801524719,0.06984061824847052,0.18822008089929945,0.027804033270657932,0.012212773787085617,0.049253968265938426,0.2165078627674237,0.13163096598691001
998,0.0,0.23679161291688441,0.06078532076294629,0.006556342371072406,0.06601180159616898,0.19286544683988108,0.029039735685840517,0.011383891173701852,0.04466711119754397,0.22183737403085016,0.13006136342515945
999,0.0,0.2346417982101406,0.06298759123862331,0.006358505382299409,0.06397911384486692,0.1948900970891486,0.029795692544796495,0.011180554553452382,0.043073396395973455,0.22499094874564954,0.12810230199509876
1000,0.0,0.22319969249518223,0.07436160950572307,0.0060242635676961255,0.06326172741512945,0.18692463580943772,0.042794906573282096,0.013255646704651777,0.040591594661994385,0.23173208988154367,0.11785383338540895
