time_step,weight_0,weight_1,weight_2,weight_3,weight_4,weight_5,weight_6,weight_7,weight_8,weight_9,weight_10
0,0.0,1.0,0.0,0.0,0.0,0.0,0.0,0.0,0.0,0.0,0.0
1,0.0,0.9995614631386189,0.00043848876955441353,4.808918971680321e-08,2.6369776629353557e-12,0.0,0.0,0.0,0.0,0.0,0.0
2,0.0,0.9775281522899003,0.022457553533047514,1.4271279670970797e-05,2.289212506578977e-08,5.255638245419746e-12,5.153623393147547e-16,0.0,0.0,0.0,0.0
3,0.0,0.9619376654501061,0.03800768017391262,5.453598159026943e-05,1.1832412587839997e-07,7.023812858951371e-11,2.727712357464661e-14,0.0,0.0,0.0,0.0
4,0.0,0.8143427532592753,0.18515424647489404,0.0004910593690988144,1.1933682570624224e-05,7.174916866398042e-09,3.923152210489735e-11,1.2848059919196861e-14,0.0,0.0,0.0
5,0.0,0.5389236129613916,0.4587330843094798,0.002065159088387142,0.00027794491288672755,1.935247413452025e-07,5.200849100033636e-09,2.2465070288128408e-12,1.7333608386013942e-14,0.0,0.0
6,0.0,0.49664017280394057,0.4993161630126029,0.003361729224976765,0.0006810411519644079,8.654072843539582e-07,2.837534735208084e-08,2.3610505502967443e-11,2.729394075084333e-13,0.0,0.0
7,0.0,0.5035745784822966,0.49089817999963936,0.004569116257548306,0.000955923624430297,2.140683888333053e-06,6.085910768527661e-08,9.21141066855275e-11,9.745963145996586e-13,0.0,0.0
8,0.0,0.717215253793896,0.27469281130037543,0.004885205532685708,0.0031984366954501938,7.446000232706592e-06,8.455158425760641e-07,1.107038976835717e-09,5.4449070333603204e-11,2.8306396338661672e-14,0.0
9,0.0,0.7469189761139282,0.2440184306291413,0.005547078016854892,0.0035013224842205806,1.3128897853242113e-05,1.0612671278501566e-06,2.511966483334325e-09,7.880526382541168e-11,1.0083891274334075e-13,0.0
10,0.0,0.7963835025910126,0.19356188418178652,0.0059807165768689845,0.004050677946916843,2.1603722660280032e-05,1.609270094270605e-06,5.550127534336082e-09,1.6019870110438316e-10,3.3172069329294073e-13,6.034085053551193e-16
11,0.0,0.9776331037225017,0.011013165430805761,0.004284519434545919,0.007023561258386674,3.703633159312498e-05,8.586303530796499e-06,2.5008020657423237e-08,2.506687788203705e-09,3.7765744994617806e-12,1.4848172453351265e-13
12,0.0,0.9801651608669759,0.008144348093372908,0.004176595322356177,0.007450068733760218,5.284425598501156e-05,1.0932860691734182e-05,4.605238724109986e-08,3.804903449579273e-09,9.279770779261615e-12,2.843976801900785e-13
13,0.0,0.8708432701770656,0.11492024492615965,0.005467086329136438,0.008680072461736764,6.230918911558462e-05,2.6885913621647077e-05,1.1144787444468196e-07,1.9509881224467853e-08,4.2189526854609323e-11,3.215649131905251e-12
14,0.0,0.7339757682711674,0.24920768853294942,0.007861621689073211,0.008844367348781398,7.095112181708881e-05,3.93656124511094e-05,1.9448726180327041e-07,4.2813212528971575e-08,1.1299523467277865e-10,1.0286858919864082e-11
15,0.0,0.7278200541326484,0.25136312960649954,0.007396972744768809,0.013280248337135394,9.118755599798441e-05,4.79953168779222e-05,9.516454176014433e-08,3.166436510983436e-07,2.64840229903804e-10,2.3303475556658124e-10
16,0.0,0.776233241348491,0.2032772614336275,0.0066258508282436195,0.01369547044438979,0.00012402221527654388,4.36818849165427e-05,1.4192913379595478e-07,3.2907816190901324e-07,5.739866020235635e-10,2.63768489145453e-10
17,0.0,0.9361047533959718,0.048021284315526686,0.0025484590021208177,0.013131335669573339,0.00017394593194099402,1.964881298031539e-05,2.491294024500792e-07,3.225616620871641e-07,5.364994596715939e-10,6.443180313002693e-10
18,0.0,0.5519211233582256,0.42625470294407775,0.016031484926769316,0.0056380193605103,0.00011656546991954881,3.737586712658031e-05,5.472007414679383e-07,1.7940468768505353e-07,7.661692779870774e-10,7.017683495452547e-10
19,0.0,0.494783575173614,0.47991142509701373,0.020338983024549086,0.004803226409166148,0.00012270893649678202,3.925985917798419e-05,6.508098709890569e-07,1.6884605479168182e-07,1.2044329065483683e-09,6.396197478376577e-10
20,0.0,0.48862291556057996,0.4833290155360938,0.02307039528227223,0.004797249648679926,0.00014014643578390138,3.932909132252519e-05,7.770773975688776e-07,1.6912627592909302e-07,1.609321912752803e-09,6.322680104461876e-10
21,0.0,0.5325037485825614,0.4357658167623255,0.02423612529947792,0.0072615361063077056,0.00020419979448577997,2.7659152191663244e-05,6.524732365913022e-07,2.583203240351993e-07,3.0431474115264452e-09,4.659379083407068e-10
22,0.0,0.7036880450539205,0.26383358858957273,0.01863438882245814,0.013480386871046524,0.0003527005148757301,1.0063296235446116e-05,4.1312428435291846e-07,4.084604451671508e-07,4.775278038790911e-09,4.91879976925981e-10
23,0.0,0.7579499961802326,0.20850991019438977,0.017333304529023163,0.01574025611101025,0.000457667600865744,8.0284731056699e-06,3.7604305500126985e-07,4.540264589916962e-07,6.259269531425176e-09,5.825857310765182e-10
24,0.0,0.8815979377059631,0.08447650376490456,0.011518955296091923,0.02173840701162994,0.0006462155707387528,2.1007529828251033e-05,4.100095627076506e-07,5.540157890818697e-07,7.958328482394795e-09,1.137159768667277e-09
25,0.0,0.9198716499486395,0.044688415713262236,0.009488582617419751,0.025094722094280396,0.0007992370826360873,5.599452327242277e-05,7.949281057958156e-07,5.919336592043699e-07,9.329805655342346e-09,1.8289157450756478e-09
26,0.0,0.9183837150644206,0.04494789414226309,0.009427570668441609,0.0262215292972128,0.0009349776018922489,8.244002640051295e-05,1.2580389525950783e-06,6.019313443576519e-07,1.0985580570074923e-08,2.2434881107247117e-09
27,0.0,0.9100445014912012,0.05235708817493506,0.00969321422411589,0.02672286765254717,0.0010766870737161064,0.00010322766626269346,1.7912889102343701e-06,6.0696499865506e-07,1.2928771659113458e-08,2.534537660819895e-09
28,0.0,0.8709923534614292,0.08670943716196279,0.012845580143012778,0.028066877683854664,0.0011936160033064638,0.00018797038116766701,3.4912684231925105e-06,6.565896360750629e-07,1.3662650969943598e-08,3.644552227250674e-09
29,0.0,0.5432087874981361,0.38349463264122463,0.04146001233800067,0.030342349575096742,0.0008381418767704955,0.0006432961680309559,9.83892715752233e-06,2.918565357194913e-06,1.566901387511637e-08,6.741208363723062e-09
30,0.0,0.4851283887043916,0.4249921150308692,0.045294218579686824,0.04295416090745934,0.0008440560590154641,0.0007680302467907728,9.199664297182085e-06,9.78131828674873e-06,4.35728871895737e-08,5.916312281789505e-09
31,0.0,0.5562561188601574,0.35351670594503737,0.03898250654095118,0.04938361034575928,0.0011471692815692022,0.0006924060537406764,8.950261875741977e-06,1.2452277200004909e-05,7.388502966931113e-08,6.548676252160786e-09
32,0.0,0.8834616331581561,0.04310023895371678,0.0044846844712415415,0.06660752082306137,0.002109198020288517,0.00021434828400383776,3.0197513145801283e-06,1.9221485261931943e-05,1.031759904581794e-07,3.187696186547717e-08
33,0.0,0.7070342882863485,0.2180797072461111,0.02673566910354864,0.045988906994639436,0.001892269626389222,0.000243260992052216,1.1945487941424026e-05,1.3801435140193232e-05,8.130603790730198e-08,6.952178832002798e-08
34,0.0,0.5588973461053414,0.3601763673982686,0.046492966159442886,0.0323913085414202,0.0016485232552623278,0.00036508002038807127,1.811328786019518e-05,1.0125454820356613e-05,9.224098625999805e-08,7.753620644237579e-08
35,0.0,0.509071949321783,0.40566967043283764,0.055274048642772335,0.027894095043790673,0.0016502524330174553,0.00040932676900003726,2.1554648596084434e-05,8.908429784891634e-06,1.1585295805430706e-07,7.842545661043035e-08
36,0.0,0.4406201103163394,0.46941076769113105,0.06717513745033694,0.020744531408425998,0.0015424272531881693,0.0004744052155426076,2.5302618420628474e-05,7.0938997320388604e-06,1.4791998104918096e-07,7.622689909791947e-08
37,0.0,0.4545066371555038,0.4485763389711077,0.07402402738500735,0.02033590968301124,0.0020974921939829624,0.0004234202251717703,2.812684305901845e-05,7.677795101533783e-06,3.132813494174766e-07,5.646670227213428e-08
38,0.0,0.765901851918372,0.15558046657226485,0.024290131623351974,0.049703874561505226,0.004393227482495989,0.00010327235220030875,8.05060491375985e-06,1.8486615415161244e-05,5.941926839341777e-07,4.40767940359692e-08
39,0.0,0.8034756830373987,0.11707036894990486,0.017705909054671284,0.05637042908662652,0.005142594865202892,0.00020549523714157903,8.339884435519284e-06,2.0415393681670732e-05,6.940518030922531e-07,7.043913124536216e-08
40,0.0,0.798215488168712,0.11730364103155747,0.016739548220014232,0.06098425073557082,0.006228875959650309,0.0004898884907627149,1.5769905043280842e-05,2.1536761901410264e-05,8.812136167381797e-07,1.195131685352594e-07
41,0.0,0.7786772611863738,0.13550759316554828,0.017224071358260856,0.060672372679078226,0.007269931143099797,0.000604043633271596,2.203258184100451e-05,2.143895273308418e-05,1.1217141193930456e-06,1.335856715294915e-07
42,0.0,0.436237502382874,0.3898886603882592,0.09802827793451481,0.06766074753086142,0.004332348631633477,0.0036845226525163985,0.00011979167649650865,4.6916869168763935e-05,7.362073494788133e-07,4.957263237260223e-07
43,0.0,0.3869912841799781,0.4174513380593389,0.10903702260193057,0.07804260383191679,0.0041151129375564975,0.004149895921413772,0.00013540874887783442,7.581688862757851e-05,1.0374545259193076e-06,4.79375832070588e-07
44,0.0,0.41678536738986366,0.3786659608494297,0.10079269909006426,0.09460554007859813,0.004887696190167024,0.004017125199200117,0.00013016585272419566,0.00011339889407146004,1.6550309769158768e-06,3.914249025972516e-07
45,0.0,0.47048220821142633,0.3248344682403382,0.08655342827166239,0.10806339685264285,0.006178968770832869,0.003621063413471541,0.00012145263289279758,0.00014228541378310622,2.4132727454050774e-06,3.1492020252297954e-07
46,0.0,0.6367153451402432,0.19363624436716015,0.044318340600087235,0.11467389038572603,0.009530276159948716,0.0008438058699016219,9.512606297185102e-05,0.0001832855458459623,2.497976327355004e-06,1.1878917859332053e-06
47,0.0,0.37336451905562373,0.45353986943573477,0.12133901111433712,0.043570844067580515,0.005771386526773389,0.002135918312009718,0.00020282881898997531,7.19115289240768e-05,2.241879196388083e-06,1.4692608287862e-06
48,0.0,0.48081146609972947,0.37839798184618234,0.08756553927839633,0.04361463587381287,0.007921596433041475,0.0014867206412781174,0.0001340550334384425,6.336973578574796e-05,3.8492705285641235e-06,7.857878050650278e-07
49,0.0,0.4815840439047483,0.3755537708922958,0.08830941211150753,0.04440468080675584,0.008468230893756964,0.0014715047933565148,0.00013941374412413456,6.38579718438557e-05,4.322113622012977e-06,7.627679873029126e-07
50,0.0,0.5190043449940674,0.3428377767921721,0.0762621489478035,0.04997056302148646,0.010482887750948534,0.0012446461729225659,0.00012208755839818495,6.922000131180406e-05,5.7267443220650735e-06,5.980165654190811e-07
51,0.0,0.6832337101232769,0.20284553212678866,0.015949495714852706,0.07997061853110171,0.01694737516110743,0.0009079743871010837,3.7048576931514635e-05,9.94503148097539e-05,8.331490189854133e-06,4.6357383886612937e-07
52,0.0,0.5360201493100217,0.28312638131632706,0.07648740101679584,0.08464994850488113,0.014742247990642065,0.0045910627566659425,0.0002715239156757716,0.00010268342116870994,6.5210791218863455e-06,2.080688698687219e-06
53,0.0,0.4219801032121848,0.35074926775712495,0.1215521472955539,0.08596255086486239,0.012357852042577583,0.0068270279509553555,0.00043028419432853765,0.00013200894693246205,5.95835660895612e-06,2.7993788700207032e-06
54,0.0,0.37446187096622946,0.3751011226826313,0.14095926865140393,0.08843543994739586,0.012639630978559732,0.007661539264836188,0.0005712652537323108,0.00015956925814620434,7.35200844810178e-06,2.9409886161156383e-06
55,0.0,0.34302974686678883,0.3867377446975705,0.15502084474163244,0.09366757434903059,0.012363760528922713,0.00830543116871121,0.0006637977542338638,0.00019969800701064526,8.41934902937417e-06,2.9825370691458116e-06
56,0.0,0.32744794076339334,0.38873262670569,0.16257426891177082,0.09898467809900156,0.012652645771767732,0.008616026400618097,0.0007410640853998741,0.0002378636144611834,9.964293596056219e-06,2.9213543004608744e-06
57,0.0,0.33587514359351367,0.35496661036646554,0.15766076297132092,0.12799978906820136,0.013672965424643904,0.008627031783060077,0.0007576015301125757,0.0004231196896800857,1.459538241230638e-05,2.380190588460732e-06
58,0.0,0.37328634787921455,0.31222741217489897,0.13829270800272658,0.150697144044606,0.016317030560582955,0.007871519477199962,0.0007187999217180345,0.0005671312177679287,1.9954203594025342e-05,1.9525176898926817e-06
59,0.0,0.3745675497122151,0.30835433206804774,0.13765195481577852,0.15251999828155902,0.017761474500076417,0.007768896971338379,0.0007681546338506946,0.0005822927499952099,2.3409843006318566e-05,1.9364241316223077e-06
60,0.0,0.5175259367049188,0.18245200300904657,0.058010494884095376,0.20986137222645232,0.02617601917258905,0.004533010736867276,0.00042787940687432307,0.0009753329404549044,3.5659074914731684e-05,2.291843785534001e-06
61,0.0,0.5348807996444905,0.16862700317948526,0.045655044572015024,0.21612733931834466,0.02919417069476884,0.004042768096781188,0.00039715771495491,0.0010307872290035234,4.2111416382898976e-05,2.818133771713629e-06
62,0.0,0.554220913392357,0.15416984765177844,0.0313095063970209,0.22274895614956985,0.03255743322185794,0.003492814220639123,0.0003522618073621462,0.0010952779701811986,4.925642953189018e-05,3.7327596995408078e-06
63,0.0,0.3133230738426806,0.3769050699939731,0.17208223274692533,0.10587117682322209,0.020173715133830164,0.009622882638423143,0.0011654148605705007,0.0007988768540903202,2.594038816355208e-05,3.1616718119496346e-05
64,0.0,0.5589888249897841,0.26696039796668164,0.020048652098408597,0.11355459171575392,0.03683973968161473,0.0025411911122085293,0.0002836839254800817,0.0007163704101532097,6.0934866940459494e-05,5.613232973392592e-06
65,0.0,0.5749584743258702,0.258573529880865,0.004724555127468987,0.11870736602133874,0.039970852961328525,0.0020921233624130427,0.00020692430106477488,0.0006971146152948248,6.559612930191083e-05,3.463275052276543e-06
66,0.0,0.4814757315547985,0.30359089360602276,0.060485228785153444,0.11206855935104296,0.03588029491276219,0.005328648074794259,0.0006333117498358329,0.0004814288327520642,5.099395329958587e-05,4.909179536604003e-06
67,0.0,0.2982359113807356,0.3765872818408615,0.18204354709391912,0.1054330797453667,0.02410090067954977,0.011624963318608187,0.0015573528897667686,0.000370198722378524,3.7110503701115264e-05,9.653825110955328e-06
68,0.0,0.2833393812827528,0.3763990793176643,0.19212482666293307,0.10950544587649791,0.024375063339106356,0.012068004620955326,0.0017256513889551215,0.00041199525188709784,4.104169446315489e-05,9.51056478305152e-06
69,0.0,0.33032893271565367,0.3002268316371124,0.15991348614288675,0.16670348605321672,0.029801534818848577,0.010379542495521307,0.0015872756961277086,0.0009846969987373797,6.850268311050604e-05,5.710758783311727e-06
70,0.0,0.5396688940625551,0.13458316760287503,0.0023275426527620473,0.2667981483500754,0.050517509713653486,0.00322729508990216,0.0003891274048402426,0.002357663907115691,0.00010680380879046115,2.384740742874295e-05
71,0.0,0.517581673853309,0.1537850554756936,0.013263949273451474,0.25641539285788306,0.05172675622744792,0.004220335023983975,0.0005046666969140957,0.002356759932941826,0.00011359975952672353,3.1810898846966166e-05
72,0.0,0.39708184323626405,0.24808609309891907,0.10038184992584677,0.19846193905143467,0.042598453221857145,0.009848602826996693,0.0013284346831090297,0.002061694558669563,9.197606214543183e-05,5.911333475647066e-05
73,0.0,0.2641852444706225,0.3639667536685375,0.20381236768247896,0.11758640986656912,0.030458592849970975,0.01599402764571965,0.0023301670366031643,0.0015134655081198893,7.787268590248687e-05,7.50985854745554e-05
74,0.0,0.404859288793301,0.32731706448693176,0.0907587915941014,0.11761144319194294,0.04789131099613171,0.008612670512199732,0.0011688865296256214,0.0015961584296948065,0.00014901525802718803,3.5370208042709486e-05
75,0.0,0.42442495108865774,0.3200040936869868,0.07055761387127588,0.12228794639027128,0.052397815886154726,0.0075047172047098005,0.0009956784965153898,0.0016277950849133795,0.00016944245268461747,2.994583782900527e-05
76,0.0,0.4899802835394957,0.28725400754384467,0.008241962204418165,0.14428785981254022,0.0637523024028569,0.00429918386276402,0.00039138231846566125,0.0015927223195968663,0.00018968162375230927,1.0614372264114847e-05
77,0.0,0.33822993416007,0.34117733020525665,0.13416524640155433,0.12286611698732229,0.046906841184305284,0.013450663532795767,0.00204439805082673,0.0009971638081537285,0.0001340699215850867,2.823574812861754e-05
78,0.0,0.28075273332052775,0.35513800001574924,0.18290494656419176,0.11939657817443783,0.0411000806808117,0.016864957293791723,0.002792946491409677,0.0008911965568539596,0.0001247222081532192,3.383869407163923e-05
79,0.0,0.2732604998729593,0.3567650163222128,0.18761417770175295,0.11907798997788813,0.04201006154825963,0.017208551769454405,0.0030010502124703225,0.0008964309260023097,0.00013244712858109236,3.377454041782499e-05
80,0.0,0.25981761633879114,0.3580737000502794,0.1982695919107375,0.11955326664380304,0.041966884804493586,0.017936426082235175,0.003304395691140734,0.000905236422035179,0.00013860477764183956,3.427727884118061e-05
81,0.0,0.22942314368471406,0.3336981376838079,0.22438166612952826,0.1440067551487034,0.043368321969389396,0.01932888450630818,0.004254764033171184,0.0013223694032234896,0.0001839298496411723,3.202759151198112e-05
82,0.0,0.32083263891501423,0.2440463732476703,0.131836079199326,0.22169994806438525,0.0627649757511094,0.012471322160736473,0.0030372893131076152,0.0029848182373334647,0.0003087970859370146,1.775802537947861e-05
83,0.0,0.42027079539460743,0.1713599874030234,0.020486214881763287,0.28671108942535295,0.08463739354214497,0.009184618142152748,0.001262531137384826,0.0055880429630211104,0.0003844158749850549,0.00011491123556324137
84,0.0,0.325551354008274,0.23281874938094332,0.11338228402061967,0.2308634517838312,0.0695311596784808,0.019262993945348618,0.0029340729268765393,0.0051370548178143165,0.0003180173973757302,0.00020086204043498913
85,0.0,0.30773048241953016,0.24462433968504477,0.12845217938375666,0.22021500916809283,0.06924967959301462,0.020806023572317256,0.0033652673854991256,0.00500689821018074,0.00034091855716609343,0.00020920202539723197
86,0.0,0.21993780311530736,0.3344063529093365,0.223953105374238,0.12969287701134596,0.052728780981820295,0.029575516848127016,0.00525292090806258,0.003887958051552039,0.00031787453454770374,0.00024681026566216797
87,0.0,0.41464289894361805,0.29942282533130926,0.004639967709407634,0.16733788618273027,0.10053144490931075,0.007616120195226914,0.0007869988786001243,0.004372130387492294,0.0006010201078626568,4.870735444160862e-05
88,0.0,0.3935742949877486,0.30991775440594554,0.0209035592487572,0.16206251141442335,0.09895036619311924,0.008996496424019777,0.001232612060075403,0.003740157008186942,0.0005878756387803059,3.437261894343568e-05
89,0.0,0.37487498348008863,0.31793396314775113,0.03671494421710438,0.1561150208921916,0.09768016830140924,0.010920840852372897,0.0016401148083133132,0.0034847880986213905,0.0005967225303326051,3.845367181449895e-05
90,0.0,0.3463832542374787,0.32708042337854115,0.06475610724025797,0.14825743302591743,0.09353554102101234,0.013856523528732624,0.0023815980203012177,0.0031173461229903696,0.0005849689197297228,4.680450503805484e-05
91,0.0,0.37859509352404386,0.17557393131406593,0.02371081797499038,0.29686499612630346,0.10724518569825603,0.007915702320907861,0.0015377175193384562,0.007726685550064161,0.0007789138631175592,5.0956108911851534e-05
92,0.0,0.34064844034936437,0.19716983324496312,0.06095596377092888,0.2725222213305851,0.10115202045554515,0.015698601912815455,0.002565566231535091,0.00835547114487325,0.000717494007640349,0.000214387551748416
93,0.0,0.30940033098094677,0.21733832582226842,0.08873159689517948,0.2512589165798181,0.1009195181059359,0.019706844512719947,0.0036529733474098373,0.007939956948280912,0.0008053956598392362,0.0002461411476007687
94,0.0,0.28584135725396165,0.23150709069307554,0.11339831665914189,0.23536115134614938,0.09761629155513715,0.02297527064257489,0.004619794674952998,0.007578819151508468,0.000827739002931096,0.0002741690205659149
95,0.0,0.23360543866360717,0.2627722841379572,0.17590606559352734,0.19885529294547344,0.08354494065354665,0.030587266874958333,0.006930302866129011,0.006684716950502772,0.0007714699217111348,0.0003422213925860665
96,0.0,0.2121005196502753,0.2762263290460761,0.2003536728640962,0.18316095567171733,0.0790561944646691,0.03356211551090222,0.008084762717159981,0.006302646508737089,0.0007893580087943786,0.0003634455575713593
97,0.0,0.18819651850807287,0.2939748897662586,0.22904571619478206,0.16254019773585227,0.07276009082470065,0.037001973507503255,0.009437880252476922,0.005855434717806278,0.0007999637863779932,0.0003873347061681074
98,0.0,0.19348804708164735,0.31404440124662364,0.22080059629869686,0.14264914242644475,0.07636187226639322,0.03611136315871529,0.009242905952219284,0.006014763875549934,0.0009205794122436171,0.0003663282814650315
99,0.0,0.19581475616395702,0.3143583430103067,0.21512738889782917,0.142949282073235,0.07939279827599326,0.03552465489338487,0.009379051651753496,0.006093668506845525,0.001004914756880087,0.00035514176981417606
100,0.0,0.2315604024100472,0.3134114306497959,0.16449030484637422,0.14871030836677998,0.09607517649681963,0.029853352542057236,0.007432615230821781,0.006940513834379544,0.0012306627693640286,0.00029523285355970586
101,0.0,0.2649172667186154,0.30999062104057407,0.1158822168075742,0.15674834438622262,0.11286079501017406,0.024691710684592996,0.005457671442329121,0.007750335171872688,0.001457434740280864,0.0002436039977632884
102,0.0,0.3239228711180724,0.3027786081599496,0.026439951352674247,0.17123755281798705,0.14627488139021055,0.01659456151170745,0.0014866095483526073,0.009176836898927732,0.0019157304042153826,0.00017239679790212583
103,0.0,0.3011955593341202,0.29958830740346953,0.05081745607474275,0.1668738198397174,0.1430275890867157,0.02435347410517698,0.0033348151429623417,0.008636898616981754,0.0018741961611669548,0.00029788423494533223
104,0.0,0.2932064434391376,0.30153276214864966,0.058868099181136405,0.16259922369353275,0.14255444077997612,0.026627980628486047,0.003943163886836873,0.008407690272720463,0.0019452048814275508,0.0003149910880955811
105,0.0,0.20263626267746573,0.29812311210479425,0.18381748165343756,0.14808831546423093,0.10140377245768592,0.045780744686492195,0.011494312812639263,0.006565661029591484,0.001562138402112308,0.0005281987115496067
106,0.0,0.18819169760660054,0.2953837594806379,0.2019574177565991,0.14777830520015867,0.09631325980438182,0.04872789984428377,0.01308561801224624,0.006432829464241706,0.0015812974284576192,0.0005479154023915833
107,0.0,0.18240151683138517,0.29402824371640707,0.20777871531182857,0.1477738510953993,0.0955378831938553,0.0498586583455183,0.014009872404607576,0.006418652658989142,0.0016455603905588766,0.0005470460514499233
108,0.0,0.1705038677869773,0.28870887137232626,0.22241644169273747,0.1507594642056756,0.09124812017145717,0.052047882764077215,0.015558047743017058,0.006518481417890924,0.0016809073167166088,0.0005579155291236305
109,0.0,0.163905265927761,0.28319599223217984,0.22930110790374617,0.1550639181841226,0.08973661786198547,0.05302830954329629,0.016672361904932664,0.006789093420165994,0.0017520503005907775,0.0005552827212181631
110,0.0,0.16203753821873612,0.28187588301100525,0.22935636447448887,0.15595131989445157,0.09092530841703556,0.05322903311751249,0.017346023901939595,0.0068889039285104595,0.001845418981569179,0.0005442060547500921
111,0.0,0.160261230078674,0.27132134886756254,0.22867808247572505,0.16655231133401432,0.09215926176231168,0.05274855852115274,0.01802396308408966,0.007750683854787357,0.001978147312905243,0.0005264127087766786
112,0.0,0.16289591242922527,0.26392782762716493,0.22138944207259556,0.1746372215750266,0.09625882324184852,0.05150938832610601,0.018195777558632192,0.008538245580601983,0.0021455475308150454,0.0005018140579830467
113,0.0,0.16531366225481936,0.2594368307704004,0.2143477895357907,0.17964838822106077,0.10047700011708009,0.05053242529648717,0.018345326027228492,0.009105053553598847,0.002312026159239628,0.00048149806429396156
114,0.0,0.1970375174805306,0.23427728271801104,0.1626602467304803,0.20994864890704412,0.12342683544128319,0.041827627113055474,0.014949464499110294,0.012637051195654076,0.002844571916544561,0.00039075399828604625
115,0.0,0.19776658923528467,0.2337062334018696,0.15752027067983776,0.21027607311025603,0.12772503648532094,0.04168239759211038,0.015035589327058129,0.012868728401487011,0.003031883367653591,0.00038719839912161315
116,0.0,0.29433551737718244,0.18070770536596803,0.012576010053581183,0.2688329457429833,0.19370807922373665,0.019708753685563272,0.0030027873494363434,0.022467353824968814,0.004300013220581091,0.0003608341559983805
117,0.0,0.2923768960630147,0.18308461344507246,0.010745882331078184,0.26415248852106044,0.198382070542891,0.021035736833567974,0.0028810792685935965,0.02238558699811951,0.0045649211605483814,0.0003907248360532374
118,0.0,0.2931738453228681,0.18342172710062637,0.005578711367580385,0.2605569260466854,0.20461876902390663,0.022159532550755135,0.002449922709979098,0.022727708245737693,0.004857735857560296,0.0004551217743006767
119,0.0,0.28903115669676827,0.18271417034371884,0.010103323894582811,0.2533865281014564,0.20652239724637822,0.026003840916764998,0.003005635211728545,0.023495659567413292,0.0050500178536450275,0.0006872701675432781
120,0.0,0.23931441144152396,0.19688621190636585,0.0845821934067082,0.22290960024188872,0.17455967948584897,0.04319048315922051,0.010714251471569755,0.0219888026137965,0.004570858843140838,0.0012835074299365203
121,0.0,0.21653798993504333,0.20562589141883947,0.1153949690941493,0.20869785216993458,0.16208142654447485,0.05036844868307762,0.014384706994579652,0.020908437455081,0.004531878434398336,0.0014683992704217297
122,0.0,0.1755733888775071,0.22196770182240946,0.17320519228891978,0.18563961054795636,0.1348678865866687,0.062464527691377954,0.021245214994983285,0.01904629630178186,0.004196941922463837,0.0017932389659316243
123,0.0,0.14388929616578397,0.24106011005855,0.21521943457709383,0.16468326443701842,0.11352989322856818,0.07091375685867402,0.026591711305997474,0.018079498918670056,0.004014305788068273,0.0020187286615759637
124,0.0,0.14719330095915084,0.2476015509401711,0.2056687803909828,0.16074657678131068,0.11820542907036356,0.06910236633531337,0.02624356047938914,0.018900220944361636,0.00438443092052299,0.001953783178434271
125,0.0,0.1793408033037374,0.2493013688466661,0.15353119333886525,0.16430036239448037,0.14541186721672592,0.05903383542945693,0.02037476073999609,0.021748200319606587,0.0052816055385438414,0.0016760028719217221
126,0.0,0.1900660760998832,0.24842763831409426,0.13583934114212087,0.16543935433554838,0.1553548356921726,0.056254258593920456,0.018802498340733966,0.022456625637964456,0.0057825480526418616,0.0015768237909202592
127,0.0,0.20157273549709254,0.24707374474865884,0.11756764307655733,0.16636672461057153,0.16588005288137958,0.053591693550478804,0.016982797503272508,0.023170368033694808,0.006312446770567906,0.0014817933277266816
128,0.0,0.22816300902476763,0.24338491190506764,0.07800527315762983,0.16926472116527802,0.18881543172182752,0.04707544120880752,0.01187800343684213,0.024970717208984874,0.0071560863360397775,0.001286404834755637
129,0.0,0.2314504644130212,0.24240999789535897,0.07306922944863019,0.16770042919635283,0.19242111610712898,0.04762403440695739,0.011586433518182794,0.024905327226398037,0.007551490398112024,0.0012814773898581142
130,0.0,0.28343457371089653,0.23182426230429537,0.0015901757943362997,0.1704992030819003,0.23809243068441271,0.03596674311066391,0.0008702586962663914,0.027888682937770935,0.008901466953250831,0.0009322027262070273
131,0.0,0.1868807997456714,0.24320744013532614,0.14045075891159947,0.14986782364507897,0.15967975355065422,0.06785932971581328,0.02469959498933617,0.01837655051179277,0.007318870437172461,0.0016590783575558183
132,0.0,0.15526405954459327,0.2449998427694827,0.181731651938821,0.14961954752497905,0.13351417716741587,0.07695085192381511,0.03292225912453519,0.016229617720232417,0.006912672922881214,0.0018553193632450844
133,0.0,0.15383788664412762,0.24426284884540425,0.1823267202832475,0.14957286026557762,0.13297616801582515,0.0777063214222879,0.034150836861608636,0.016180803521637095,0.0071660610866129135,0.001819493053672434
134,0.0,0.1903451907870389,0.21141829378510574,0.11957759838674212,0.1871546889062129,0.16912478444480356,0.061467376569740745,0.024087934754808124,0.026510305549235322,0.00878496658345269,0.0015288602328608792
135,0.0,0.2286770280205552,0.1937225383526328,0.06386385043325053,0.19911779503770688,0.20673576446765904,0.049625965439980796,0.014017535945566224,0.032629246820758816,0.010303068702309827,0.0013072067795808896
136,0.0,0.26014144909646525,0.17904936912543662,0.02010282408753482,0.20484849484565332,0.23870934467993996,0.0410799568396271,0.005532688434883142,0.03762309508110323,0.011687844555673822,0.0012249332536837833
137,0.0,0.2714994605003932,0.16883059665338035,0.00906314763529824,0.20126703071994084,0.2515652263972324,0.03995040155405574,0.003072917378905541,0.04073565434266136,0.01246652123929307,0.0015490435788402042
138,0.0,0.19593553709114703,0.1965582002957415,0.09724695890406464,0.1607241969786805,0.20057569331504843,0.07234470023388463,0.027551197356108833,0.03180101291113268,0.014655386914853368,0.002607115999339431
139,0.0,0.256867800299053,0.17193391155710913,0.011057265349501398,0.17554750493993848,0.2614610615587346,0.04448775365587734,0.00383815152758837,0.054534699948490015,0.01778753487872094,0.002484316284987925
140,0.0,0.266051926769247,0.16668594818668098,0.0036059331063087864,0.1698000084849433,0.27089467395880107,0.045603249512619654,0.001484063462458896,0.05449450170442171,0.01882168748646093,0.0025580073280590775
141,0.0,0.1577320637115052,0.20605213163131653,0.14424004146790842,0.1477646738822601,0.16106358389516648,0.08742795608358311,0.044573934393684754,0.032224432386363654,0.014882863179670002,0.004038319368542952
142,0.0,0.14579136197555725,0.21564932495078487,0.15071658172674351,0.14720249426676912,0.14958412643728836,0.09582352936934702,0.04856880711749372,0.0274893505858315,0.015008251998344154,0.004166171571841932
143,0.0,0.14848055996690696,0.21506690755741692,0.1449619042903892,0.14679602029616948,0.15342142278093848,0.09551552763235642,0.04821782699475054,0.02778211212758227,0.015708742301766332,0.004048976051724993
144,0.0,0.1863567850719658,0.20344996626132975,0.09334068397539788,0.1488938818043672,0.194232572173163,0.0864903960198422,0.03245953441369728,0.033075523715511944,0.01807475240674557,0.003625904157980843
145,0.0,0.2607487007389402,0.17366028426058422,0.003536189295159337,0.14977124683833623,0.27307562706676,0.06688255527680881,0.0020531642858836272,0.044995323237345695,0.022325631286781396,0.0029512777134018038
146,0.0,0.24786316729348196,0.1730688331135857,0.024146575650367527,0.14431612152870937,0.260610356756838,0.0710366487453198,0.009177345402752963,0.04393423855618522,0.022519109015686243,0.003327603937074552
147,0.0,0.18554027716087,0.190799137797667,0.09804684069687761,0.1380703477408424,0.19759977664486422,0.0887849345902995,0.03885402453053383,0.03636328020967519,0.021735228748657763,0.004206151879713902
148,0.0,0.1351170645159446,0.19874140184250247,0.1509649457697455,0.1535100676943653,0.1437393284520017,0.09093934104164667,0.06248917903918201,0.03964281988929446,0.0198886430306417,0.004967208724677098
149,0.0,0.24307011831516948,0.14001257665530698,0.027306833268137272,0.16196343894467996,0.2584205894121342,0.05648136330865018,0.011202826192576882,0.07050965391994933,0.026492137443297394,0.004540462540098632
150,0.0,0.23552843533412957,0.14316969181013067,0.03743133336316438,0.15792559779366186,0.24953013552763587,0.06179925180606585,0.015730005231594655,0.06714588033097109,0.02706582677386652,0.004673842028780136
151,0.0,0.15857309469787964,0.2048931218850511,0.11685627731863382,0.13092360879757411,0.16842461697307726,0.10427731518984937,0.05276247538534758,0.0339751554421246,0.02350183086587114,0.005812503444592107
152,0.0,0.17694983770047518,0.20022285114890415,0.09325407758545415,0.1283959481586818,0.1884403934007718,0.10226404484194028,0.0435635084256975,0.03602879495135329,0.02529344276883647,0.005587101017886299
153,0.0,0.19746948788067994,0.19405707423734952,0.06807727189333065,0.12525226449191995,0.2106804295285615,0.10023814882646667,0.03295413968321676,0.03859542593142948,0.02724049964924673,0.005435257877799706
154,0.0,0.19966411264022796,0.19346910259328504,0.06457452136698781,0.12294648419124769,0.2131748187709517,0.10202981904597068,0.032049334390018315,0.03846221220543197,0.02812866939161927,0.005500925404260547
155,0.0,0.23971662638788552,0.17883722961065282,0.019633746947247385,0.11707340721986785,0.25591802697832716,0.0972056364305881,0.010540028566090497,0.044298389852483286,0.0313755868533393,0.005401321153518887
156,0.0,0.2579516007570586,0.1678945622741617,0.003513031389016385,0.11161201778789956,0.2748756806032404,0.09521011483358252,0.002307533906511022,0.04748911975027571,0.03359778090678672,0.005548557791468338
157,0.0,0.2549840940856759,0.16821037280586548,0.00723581808675528,0.10847045346634689,0.27131004648881163,0.09904303808254353,0.00424248311786668,0.046338248274876155,0.03431152920664034,0.005853916384619373
158,0.0,0.20754137503224893,0.17803902951819758,0.06354800307440864,0.11164895154805969,0.2199724854532525,0.10411409751648489,0.03457887156980155,0.041540635280040414,0.03263548217266622,0.006381068834841052
159,0.0,0.13644571816961737,0.19011962347266642,0.13818957844556945,0.1320250103343819,0.14396907770731587,0.10221674348851556,0.07730142265248537,0.04336406897894784,0.029175985288727422,0.00719277146177443
160,0.0,0.2149133319031962,0.12881899764113086,0.0437408277042213,0.16527290107473888,0.2271463494213407,0.06116144371855469,0.026136139997363004,0.09051839225382219,0.03476809734565056,0.007523518939983632
161,0.0,0.22932930742424362,0.12026120808039208,0.028334092546438264,0.16522115655895797,0.2417473412840499,0.058659184615453545,0.01766597442948538,0.09421108511242796,0.03706477825888521,0.007505871689668258
162,0.0,0.2579606238649478,0.10282277817331523,0.002883612577025445,0.16115845702472348,0.270875745082256,0.05450358330388925,0.0016501558168390388,0.10028828367535866,0.04054034871785992,0.007316411763787257
163,0.0,0.25777494485374036,0.16365743682018896,0.0009003058806644929,0.09994752836155843,0.26994575038974294,0.10589422393158067,0.0008792347017299553,0.05224630727649009,0.04138165777348297,0.0073726100108233725
164,0.0,0.2476099764942907,0.1639405196538335,0.015161475659503942,0.09887409012357194,0.25812837741435557,0.10809882680651507,0.008703899869191328,0.050287349004306155,0.04181798188579515,0.007377503088638857
165,0.0,0.22667844933008918,0.16899983258447768,0.038878313968109375,0.10004982335186577,0.2350749281280969,0.11116386444063596,0.02336517907734023,0.04685620031767772,0.041471964504923915,0.007461444296785404
166,0.0,0.2242623672598608,0.16966682927212673,0.041121571332579564,0.09851394555277812,0.23128390298754165,0.11434889906746874,0.025194865988854273,0.04570711878743487,0.04222070929724782,0.007679790454109795
167,0.0,0.13701724459125067,0.1854867264165699,0.13035878195329456,0.12638116072373962,0.14027223332444433,0.10369607361183311,0.08616186078441003,0.04566134170508394,0.037746286981903264,0.007218289907472796
168,0.0,0.13565046969613342,0.18448260746237402,0.13072234640325464,0.12795487075490955,0.13814614139413534,0.10264502748820667,0.08803049018363651,0.04660504601656801,0.03875773236662784,0.007005268234156182
169,0.0,0.14880678396670155,0.1633383507213503,0.11123328527357326,0.14680585886643926,0.15152007962040612,0.08475971508844489,0.07857835799959759,0.06672920132598323,0.04095150820095289,0.007276858936553217
170,0.0,0.16691114987689204,0.14918132440074408,0.0903660278985331,0.1524324937391267,0.16961907054455488,0.07735944527048672,0.06588549013515244,0.07714589047541374,0.04356958997229848,0.007529517686800062
171,0.0,0.17394889019223925,0.14387443053784962,0.08228553484115882,0.15357659057360337,0.17621020497594822,0.07560481378703925,0.06120054808367917,0.08019795369541084,0.0454793318488602,0.007621701464213842
172,0.0,0.2163615796616158,0.115195942010036,0.037241442206780453,0.1589909710314777,0.2187448661129294,0.06507259305526052,0.02992050557689975,0.09955725869296428,0.05004691892023537,0.008867922731803115
173,0.0,0.2480360405210731,0.0942028931423007,0.006125072126354358,0.15805351864221714,0.24983276632643545,0.061080645319198656,0.006179477028884809,0.11204379382402554,0.05394195831241856,0.010503834757094028
174,0.0,0.24159450264120452,0.09543337932071795,0.01881736915882189,0.14592229596349254,0.24180019624994542,0.06870075345310335,0.01118823787866852,0.10870806483058358,0.05498940398384253,0.012845796519622048
175,0.0,0.23788115164141205,0.09767632748136315,0.022644043453807362,0.14337676469940458,0.2372373126626352,0.07204370155902853,0.01399298245118583,0.10554413941071827,0.05654249306032263,0.01306108358012498
176,0.0,0.22137430489661555,0.10749827302097617,0.04075743425824496,0.1372363441600194,0.21977547903583872,0.07847415375270043,0.026902782710980254,0.09745025569313182,0.057073092177542716,0.013457880293952649
177,0.0,0.19183415704156737,0.12610461086390437,0.07218490353556385,0.12838656087946496,0.18947863513565275,0.0873214413853065,0.05031563776955759,0.08416164687261717,0.0565265680782979,0.013685838438070416
178,0.0,0.16508973850328107,0.14450651715438417,0.0994874951384265,0.12042311055418771,0.1622715675358463,0.09496310833983133,0.07185077724076748,0.07172699819573425,0.05611357507967934,0.01356711225786485
179,0.0,0.15084612170281522,0.1553558962135382,0.11334751040582841,0.11549355283866765,0.14759974762123296,0.09930480708750347,0.08374832189460663,0.06443582150699789,0.056644986616183654,0.013223234112628844
180,0.0,0.14730104705349506,0.15795719652608636,0.11658261768682472,0.1138704981295251,0.14345582218444108,0.10046986759246443,0.08732716551881811,0.062202084201773616,0.05806158124524168,0.012772119861332927
181,0.0,0.13345130163438765,0.1738947426182748,0.12824703161188541,0.10569178430634248,0.12932377355154556,0.10693518979259259,0.09856514146927037,0.053077981225905596,0.0582868058548921,0.012526247934906726
182,0.0,0.2050983275072538,0.16710260457777262,0.04413639231386658,0.08867368508722998,0.1968813313095483,0.11887632435095297,0.0368952369966927,0.06150226370909476,0.06621725312760858,0.01461658101998316
183,0.0,0.22642126948658864,0.1597057761572137,0.02145448190819433,0.08612493602727109,0.21575197918991446,0.12181880372168044,0.018703982218286844,0.06532609629511217,0.06935829497830458,0.015334380017437083
184,0.0,0.220857983423458,0.15317327562199368,0.03584262407952209,0.08715513342202345,0.2088451452801708,0.11615229131109515,0.026966971203208946,0.065011811806227,0.07183940885620811,0.014155354996096107
185,0.0,0.19781952427885435,0.1585360812521971,0.06143373633922511,0.08940462526320458,0.18543701023647022,0.11464743716191249,0.047623399501949486,0.0599386645397907,0.07167754690022052,0.013481974526178534
186,0.0,0.1459464390473965,0.16745503327547903,0.11679319212765911,0.10145949206072599,0.13554990884086132,0.1030929368830455,0.09411696591963102,0.054654302718315964,0.06921904203836225,0.011712687088526332
187,0.0,0.13402112052695467,0.16554595004053746,0.12788795495849367,0.10908595044393826,0.12371384605333192,0.09670843768838566,0.10477484525288289,0.057293919092226905,0.06975564085339939,0.011212335089852256
188,0.0,0.14342929802606327,0.14870102732473617,0.11269729643787259,0.12582226733780819,0.1323276659360742,0.08466430079016293,0.09499920481963896,0.07344136407189975,0.07171032722789754,0.012207248027849737
189,0.0,0.17368143254454027,0.12697487665029572,0.07605570189113935,0.1374677354809398,0.16016799125917433,0.07821848212079939,0.06594501714820558,0.09163935858363643,0.0755859842655253,0.01426342005574741
190,0.0,0.18462992352834134,0.11985334236778639,0.06286245452638581,0.1399348915331698,0.16988425943542088,0.07779405497576584,0.05512242767876057,0.09648409332336708,0.0783154929718389,0.015119059659166894
191,0.0,0.21693389623451217,0.10047358889496538,0.025538272014473798,0.14590155006101896,0.19905481160480057,0.07678665120202946,0.02365222666393349,0.1109812426762956,0.08279040767128494,0.017887352976689218
192,0.0,0.23249824467268435,0.089309117393336,0.01385811404039354,0.13863177119974135,0.21166603712728074,0.08085825017472217,0.009394390805709226,0.11588249874182512,0.08698866723909182,0.020912908605219317
193,0.0,0.1554541613866987,0.13489945251056262,0.1063926585057953,0.10733158028668158,0.14030639542761672,0.09163766060115823,0.08496811044605994,0.07685304115298686,0.08380480145780099,0.01835213822464258
194,0.0,0.13410167893635194,0.15291517673274296,0.12939538083840074,0.09587857061002578,0.120543819323674,0.0970734675285531,0.10578282212301268,0.06302063477528538,0.08405250393100105,0.017235945200956053
195,0.0,0.13041654295548524,0.15931848894248196,0.13238632396776334,0.09106138524695698,0.11663408167112632,0.1001239599650299,0.10945020492218796,0.058342589686205315,0.08559109060770702,0.01667533203505974
196,0.0,0.15576392238249642,0.16517276188213004,0.09678707658944607,0.08400041551488914,0.13858758910417573,0.11185381729420185,0.08236412731855433,0.05837272105934613,0.08806936681054439,0.019028202044219834
197,0.0,0.1981714303766457,0.157398785709505,0.043304809180272706,0.08425177968397889,0.17496192955571527,0.12174885584045916,0.038182999122701185,0.06747348922862512,0.09216425857939504,0.022341662722706185
198,0.0,0.2059871113434638,0.1477824504246949,0.042348184556808825,0.08688487359266445,0.18026501160399463,0.1171512888352553,0.033023187666970454,0.06974498279145337,0.09680843514024454,0.020004474044454077
199,0.0,0.18884669774884696,0.1503462127508515,0.06430767890611731,0.0868146294219104,0.16356023360729077,0.11421335117673942,0.0510519896115217,0.06478737039367768,0.09762337498128403,0.018448461401764715
200,0.0,0.13060779918196655,0.14185566614185133,0.13557043998998725,0.10417705561662434,0.11007927852329275,0.08410577161322277,0.1105446810390756,0.06629524874396649,0.10506407551275074,0.011699983637266586
201,0.0,0.1381353727670099,0.13499950677490546,0.12312732235976791,0.11105676982976093,0.11670967121342687,0.08115015441932816,0.100919843053415,0.07371107780875483,0.1069404694171749,0.013249812356460321
202,0.0,0.1459183180299715,0.12975571120905458,0.11081332169537875,0.1157856586821901,0.12342555266602286,0.08026778587274658,0.09087802211176735,0.07931951386190343,0.10892994582870671,0.014906170042262504
203,0.0,0.14853145276906093,0.12772187326499068,0.10668032340922405,0.11688712412427157,0.12551405234194837,0.08062974762957573,0.08684716290143793,0.08080932691537238,0.11076267258587207,0.015616264058250657
204,0.0,0.2034243589624705,0.10365427920664305,0.02239477063517548,0.13993160591552978,0.17242388761585126,0.08255725499027096,0.0203002714785613,0.11180401681530296,0.11498748780890393,0.028522066571295107
205,0.0,0.21761702253816329,0.0971542900666702,0.0021649212929536264,0.14141554767021014,0.18339985709452938,0.08586071640754002,0.0023533513754440613,0.117650022480552,0.11834247498736354,0.03404179608657784
206,0.0,0.21652039702001896,0.09812819683573888,0.002153402032464544,0.1396807442097921,0.1823816358748003,0.08816429187968867,0.0019472655462133115,0.11507881727371636,0.1205800266726838,0.03536522265488737
207,0.0,0.20725533243561223,0.09980158045734751,0.018483193906621197,0.13051778343965564,0.17332416939219933,0.0890236767578175,0.012893926672685897,0.10859893839397777,0.12368040066121858,0.03642099788286894
208,0.0,0.13328964694625808,0.139347252759104,0.13294003513968758,0.0745990851265616,0.11087696317588801,0.08813408457122276,0.10233532505242089,0.06405161767472858,0.12235547417262621,0.03207051538150684
209,0.0,0.1455402450527855,0.14166580433488712,0.11057423220003999,0.07733065325010484,0.12113984388474969,0.09334947664020957,0.08611442685269156,0.06624335571920975,0.1245187578524057,0.03352320421292074
210,0.0,0.1514756757806584,0.14212621476209086,0.09987484978176533,0.07906572771025844,0.12540555640417106,0.09618343274927381,0.07819157175902329,0.06690188784846633,0.12685093914200068,0.03392414406229641
211,0.0,0.1826859871406759,0.14403203919850485,0.04347431492582083,0.08986999502580736,0.14656293609091225,0.11378967529338074,0.03558353076378748,0.07027943420919767,0.13373814395737038,0.03998394339454723
212,0.0,0.20204183964153538,0.14400839913709151,0.009885890361768237,0.0978472775048434,0.16050434246596174,0.12376761545947515,0.009036551152088776,0.07435791937565188,0.134510082037022,0.044040082864566836
213,0.0,0.20256891604401087,0.1442652415478136,0.008485744256087425,0.09796505217060686,0.15928025493898335,0.12621352444030742,0.007912331381183928,0.07248286160397718,0.13573236945857517,0.04509370415845928
214,0.0,0.19674931691362874,0.1390954130511325,0.02748341916884325,0.09633769617790869,0.15180929199933282,0.1239791872511377,0.017759571906016326,0.06835824548040367,0.13985159510695103,0.0385762629446503
215,0.0,0.17165371988154052,0.13419255619964163,0.07821360768456001,0.08723870422369438,0.12998628551224037,0.11155261916596841,0.053959999813984895,0.06011245796136566,0.14463704355563872,0.02845300600137017
216,0.0,0.15701457040838926,0.1306848374809419,0.1074365996092199,0.08234339794754417,0.11719455817639277,0.10345326882767857,0.07493141527126869,0.05628682898073595,0.1478869791264555,0.022767544171378072
217,0.0,0.14677806691688375,0.12742223957748525,0.12799775963855217,0.07932214569307933,0.10825163036931472,0.09684727890114077,0.08953913948577817,0.05457358681143461,0.15065390428515107,0.018614248321185044
218,0.0,0.12948964778854197,0.1209228652399221,0.1580764764194996,0.0793555371669999,0.09526450380941515,0.07912981963307857,0.113441146459681,0.05813688558351061,0.15426806510227073,0.011915052797085287
219,0.0,0.16673118516457475,0.11150007001718507,0.06706238744195266,0.12214049836633058,0.12831690267434123,0.0662267336089933,0.053277341224546096,0.10366291902169358,0.14855073608842034,0.03253122639196741
220,0.0,0.18762184464696446,0.10934380607721564,0.02194768492631895,0.13640823995726725,0.14547117783548932,0.06966716425725604,0.019327807699106952,0.11839863961827198,0.14705613300564663,0.04475750197646797
221,0.0,0.18594457232050116,0.10235239546151849,0.03835676387031137,0.12310407255471348,0.14124548301433393,0.06930963084629144,0.02300483473442558,0.11478511550507049,0.15218518346815316,0.0497119482246862
222,0.0,0.1284652909484163,0.1095658760578362,0.16209282472536352,0.06839468706383918,0.09478634235045645,0.06688279764566364,0.11066056787034052,0.06437043614614199,0.16586874035666835,0.028912436835278974
223,0.0,0.12693230832623273,0.11112373528971294,0.1641240389019177,0.06625740654670796,0.09365438116888417,0.06881712398305692,0.11255142903433424,0.060318556574656894,0.1690585884004089,0.027162431774092416
224,0.0,0.12756796915136653,0.11376548659155408,0.1607883662948968,0.06550091589534317,0.094220598296047,0.0727168350288661,0.1109649779431041,0.056470883941482544,0.17131701575934116,0.026686951098003446
225,0.0,0.128028178606522,0.11322617148105521,0.1603585308574955,0.06544752419547384,0.0941486080702219,0.07329179624811645,0.1103050630077415,0.05556711186379653,0.17413149426789526,0.02549552140168676
226,0.0,0.15756866418110493,0.1291091118807604,0.0838421968749552,0.08488226944531316,0.11873855271191401,0.10012753054571437,0.060316611727449426,0.05739445223614046,0.16515429442222523,0.04286631597442808
227,0.0,0.1703358812712067,0.1329137992430818,0.05368824679211832,0.09350504980352016,0.12828397381193157,0.1095932637703608,0.0395198519286902,0.05956499461398697,0.16259072555627108,0.05000421320883751
228,0.0,0.18581839362438382,0.13682303957786238,0.018190193307981366,0.10390336454025656,0.13982492011214762,0.1207232986062769,0.014458490935604973,0.06247539912986426,0.15890815009293233,0.058874750072695
229,0.0,0.19091243736302613,0.13741594252386893,0.007703500572897275,0.10671794649016018,0.14277011449322916,0.12508534132901397,0.00669858091661963,0.0620534665395123,0.1583062416825305,0.06233642808914706
230,0.0,0.15256200613745083,0.11436415070490642,0.11745007171048734,0.07812994604886173,0.10910688277969655,0.09448155264823242,0.07566361232425045,0.04944180638526558,0.18009866593806034,0.028701305322793434
231,0.0,0.14928420487256666,0.11141556991531057,0.12743811460449417,0.0754163228492059,0.10564921453258075,0.09182237262118473,0.08148715527058008,0.048510317437904404,0.18298636317168282,0.025990364724495372
232,0.0,0.13738124055603654,0.10467135033725454,0.1572757299392678,0.06890662609397515,0.09552898076914254,0.07944078660567028,0.10145742218122636,0.048888032113739155,0.18951046391875298,0.01693936748494024
233,0.0,0.13703956668507875,0.10283407848184023,0.15983434329939988,0.06819212404357892,0.09473815988173802,0.07897398493131613,0.10190344100034988,0.04909649963811606,0.1913613983596039,0.01602640367898393
234,0.0,0.1319315548972585,0.09937194602508896,0.16992474551573483,0.0679472440488096,0.09091524589780767,0.06970849468872213,0.10922252901406455,0.05390171431605107,0.19479446090151153,0.012282064694956957
235,0.0,0.13166933744116824,0.09824928503952504,0.1683251123764552,0.07001543129858286,0.09112278734647893,0.06603244273620984,0.10804913929011688,0.058123858900243776,0.19611797634800174,0.012294629223223243
236,0.0,0.17285833308143717,0.1138617919990159,0.035663206749342945,0.12201031870653184,0.1308601135904698,0.05962078144075975,0.027585349833686653,0.10924846545935397,0.17241574634311335,0.055875892796294395
237,0.0,0.1770264798959146,0.11647403703036034,0.020559716734318285,0.12604972051419305,0.1358460338212005,0.061418971913746116,0.016934402503471713,0.11196749935114847,0.17123879127157113,0.062484346964081644
238,0.0,0.1804722173833417,0.1186393812965226,0.008122995810544056,0.1287448319040709,0.14016636842102115,0.06311029421790852,0.007851313536391161,0.11357711780636787,0.17058896439413837,0.06872651522969951
239,0.0,0.17616644814739268,0.11875067082282728,0.01475536854827547,0.1188971075815761,0.14049480904916076,0.06572553553667257,0.007487617642238315,0.10261876630577607,0.18069973982546417,0.0744039365406225
240,0.0,0.16275933454577834,0.1053504404066109,0.0668647032151674,0.09821844507837448,0.12606644953077054,0.06140765833693269,0.03519928425236826,0.08841966264658999,0.1957083400553388,0.06000568193207458
241,0.0,0.15713561476272492,0.10123968442624814,0.08536135772949872,0.09070982993298034,0.1208385910732017,0.0605095398292649,0.04526479925975788,0.082023589095805,0.20271378249739885,0.054203211393125485
242,0.0,0.14235941506951255,0.08772039171331468,0.13920710795690328,0.07168390154789377,0.10461886162789429,0.057143113736785094,0.07499865605012518,0.0673000783326602,0.21829736524088936,0.03667110872402756
243,0.0,0.1372733360426655,0.0829544896959908,0.15686843891147667,0.06566336246681322,0.09912200918144005,0.05676246381527541,0.08456252454806007,0.06154910022343178,0.22528909138713737,0.029955183727715023
244,0.0,0.14413680759011954,0.09536142656776381,0.1089695076799223,0.08892843003703957,0.10963680760441584,0.0770287828341409,0.06158573326827129,0.054942330724007025,0.21000359941806188,0.049406574276263944
245,0.0,0.15275202249516887,0.10287741399144634,0.07524541143000836,0.10125177872363174,0.11966281034787389,0.08375437913229972,0.043095325308878926,0.05783040108588537,0.20237494167320405,0.06115551581160887
246,0.0,0.1664515275842416,0.11445928197308239,0.023631310058229243,0.11942253552242482,0.13592231771733607,0.09357812447127195,0.014574004222216871,0.0626532374034452,0.18948962314593534,0.07981803790182296
247,0.0,0.15001559412933552,0.08700498522944172,0.1157663912597206,0.08467611580804285,0.11219410996076688,0.08043476246354378,0.05964841232977258,0.04952218107997335,0.22127394298096792,0.039463504758441306
248,0.0,0.1471114683561173,0.08247459203781461,0.13037089100331514,0.0790925382931488,0.10784720642859395,0.078482883318832,0.0665982353376864,0.04781445801041064,0.22635421417559778,0.033853513038490206
249,0.0,0.14822417018241799,0.10428924674655254,0.09438689277784382,0.08752501696840308,0.11448237760693578,0.0620233243933371,0.052009003464788976,0.07349618941533177,0.21318742858922685,0.050376349855168936
250,0.0,0.15815484983250047,0.11834748667895621,0.04720911403500218,0.101509071598924,0.12950207372271869,0.06476001575399357,0.02690055737959282,0.08284181798819332,0.20002475336495784,0.07075025964516779
251,0.0,0.15861724335587932,0.10291985266434177,0.07202701234870205,0.08911235023904479,0.12670809895244267,0.059886710469726795,0.03482421988533369,0.07791724765053114,0.21370298273859387,0.06428428169541073
252,0.0,0.15267427663380936,0.09425531168202773,0.09865922072859808,0.079807565600687,0.11878350955812937,0.05888176001591226,0.04790623328497158,0.07088920779201438,0.22460108930180372,0.05354182540205324
253,0.0,0.15069400872992583,0.0917271371690714,0.10631303503741275,0.07673088866822628,0.11658599278964395,0.05915038459302734,0.051438207715991904,0.0679533961978804,0.2293071608099776,0.050099788288849284
254,0.0,0.14718353471264295,0.08617396288681525,0.12130478692196475,0.07109470126447635,0.11210148381655965,0.05974420077291767,0.05811146712833859,0.06273403948275717,0.23853050347193638,0.04302131954159823
255,0.0,0.13343267606503037,0.059683533745324556,0.1850732037517588,0.05818849498540096,0.0890900755293997,0.060048771357172445,0.08963571848775728,0.04821457641142621,0.26099940043662406,0.015633549230112537
256,0.0,0.13437675796426152,0.05913346381166899,0.1787994618475984,0.06298107067445279,0.09010858274138156,0.06253233582134453,0.0862991262022395,0.0479995544189778,0.2599290624975692,0.017840584020512706
257,0.0,0.1364696730426249,0.06040786077487745,0.1677381102054106,0.06866699330439566,0.09300647484580098,0.06492580316679294,0.08057777735107087,0.04886017418844203,0.25705268608405313,0.02229444703653846
258,0.0,0.16334354224207745,0.1011607785652688,0.01660494845282873,0.12632517404134333,0.1428529124945233,0.08159326210873782,0.009166584331249826,0.06484906821382705,0.1991147526705844,0.09498897687956633
259,0.0,0.1403242935990705,0.05890728776576423,0.16505999314104333,0.064884911470815,0.09715959397395435,0.06677818300280187,0.07639819812876078,0.042880606343267125,0.26233591015600966,0.025271022418520552
260,0.0,0.13672393854743806,0.055673774421983194,0.1839118459296358,0.05598370720242539,0.08955254238047596,0.06491864357868937,0.08467760998125337,0.042171357349062424,0.27042016669245056,0.015966413916593414
261,0.0,0.13738213388942644,0.05358417884127119,0.1853597270676052,0.054529665386271485,0.08802074322107718,0.06734094867100572,0.08252791594843309,0.043537516545630435,0.27463787140850604,0.013079299020780689
262,0.0,0.13794330376079497,0.05900056852793418,0.17743072919321518,0.05493479244147048,0.08953310873580457,0.06779362907930019,0.0785858405017885,0.0462318958958976,0.2715969406293088,0.016949191234492914
263,0.0,0.1405159917588245,0.07000852378285666,0.15483665781696476,0.059582631568950696,0.09642935788628387,0.06869093695159348,0.06840060951211205,0.050811215951325046,0.2620021292300058,0.028721945541090445
264,0.0,0.14333961610951018,0.07979789268647305,0.13236329366121727,0.06466112982798562,0.10397152011795897,0.06982789292622496,0.05825341757040195,0.05458664381188383,0.25244513741450914,0.040753455873842395
265,0.0,0.151875023950729,0.10677317467341135,0.06843248368077008,0.07991959993473913,0.12745637197118875,0.07074866631723911,0.030971923017195258,0.06409216997226451,0.22418777569480827,0.07554281078766181
266,0.0,0.1611518129155421,0.12934929343717871,0.009400189633048056,0.09312603678565523,0.1517118933499523,0.07042427474677712,0.005690868468662544,0.07169400797329166,0.1990133937534913,0.1084382289364083
267,0.0,0.1630527517897868,0.12452236979938335,0.013109546657929492,0.08940885693898655,0.15365524602460426,0.06863899344477158,0.006339273290780462,0.06994862649299108,0.20358208127256558,0.10774225428820822
268,0.0,0.16036819493223586,0.11108830603311645,0.04114520172170546,0.08065706424172343,0.1443128253604998,0.06817052782098541,0.017438988174259085,0.0649609398187627,0.2185219594418706,0.09333599245484868
269,0.0,0.14104167401145853,0.03961639954971049,0.1839661723677652,0.056686364379541825,0.08542289567964768,0.06670512761373873,0.07519765505945752,0.04716518918539962,0.2869523603144486,0.017246161838839598
270,0.0,0.14124733452434607,0.03806469477352821,0.17955136706832228,0.06171828045214831,0.0857087478087166,0.06784158754087218,0.07305663223793404,0.04797820399972662,0.28623469397167095,0.018598457622742426
271,0.0,0.14227023639283234,0.038904134466374043,0.16974710361882625,0.06773981817526152,0.08843719406934693,0.06885378951711366,0.06876293591622527,0.049505917949392485,0.28277827081404383,0.02300059908059136
272,0.0,0.14393627345620097,0.04168944805946851,0.1550810902904404,0.07491669471520274,0.09341141439853931,0.06970442248137179,0.06259591229792687,0.051640670157049345,0.2766053054245944,0.03041876871921348
273,0.0,0.14465941749206,0.04164350134224851,0.1519318080620706,0.07638789934447889,0.09431321523328223,0.07041587497706221,0.060856066850732124,0.052208057265214346,0.27655305741990516,0.031031102012953737
274,0.0,0.1503463776920821,0.05643366765992446,0.10025158927535373,0.09645084234957411,0.11521994788410246,0.07048954847840638,0.040624589997783574,0.05885997051610295,0.24968968075204506,0.061633785394633205
275,0.0,0.1593549210080359,0.0792069712083317,0.02772755911174578,0.1199763310444674,0.14773187333796994,0.06939881284765076,0.01224524545342142,0.06714226642640253,0.21120917571158485,0.10600684385039792
276,0.0,0.1630410253285914,0.0860613408154008,0.004938994048098317,0.1251893369429396,0.15991723164823465,0.06897121698390311,0.0030552826774856334,0.06893567626734667,0.19918479645075343,0.12070509883725464
277,0.0,0.16387203271212744,0.08643835919854984,0.0025006823051706255,0.12441449293675166,0.16235776924773915,0.06909746255472841,0.001989240650494457,0.06865816903595198,0.19775263366588533,0.12291915769260961
278,0.0,0.164746746306187,0.08618301665140965,0.0015789602688607756,0.12280224331108813,0.16444343766295083,0.06930545799345611,0.0014001780209448875,0.06808800892705785,0.1970874853823225,0.12436446547573067
279,0.0,0.1651879160315662,0.08565330221708208,0.0018769367218687456,0.12129754935124873,0.16547821640208304,0.06955551106472932,0.0014542985321935118,0.0676869356850485,0.19686475490312494,0.12494457909106335
280,0.0,0.16290577620538393,0.07132981798439794,0.040648104060300075,0.10532985010002602,0.1503196851220824,0.07229419083006187,0.014710759157207827,0.061476178130362005,0.21936364511047754,0.10162199329970899
281,0.0,0.15017204140229234,0.03238673913426314,0.16357026032700694,0.06203194755447909,0.08904194820321744,0.08420523804900529,0.05795397769035295,0.046878523327937766,0.29234023914178026,0.021419085169673523
282,0.0,0.15988339725245962,0.10668571746138561,0.03468100085992186,0.07643512971889065,0.1491891807616285,0.07511230450469789,0.014406803582765299,0.06292511924550225,0.21523487908442304,0.1054464675283341
283,0.0,0.16270551818639975,0.096903689680219,0.04374917968214584,0.07353430885064746,0.15014484562798588,0.07203081796323618,0.014922270263017012,0.06440183128629644,0.22085286124420025,0.10075467721586094
284,0.0,0.16173916555983528,0.09200490193907598,0.05214593779116731,0.06745823880187299,0.14334922509889372,0.08107896542496501,0.016671993275011534,0.061423675960950185,0.22659681395368844,0.09753108219454854
285,0.0,0.1582977811396587,0.06822861521763134,0.09725775144166632,0.0620586911517306,0.11708327553015233,0.0865501609898143,0.03069345553264005,0.058718571572985795,0.25667695311418803,0.06443474430954152
286,0.0,0.15239044949362077,0.03148902712122483,0.16140851323740976,0.06029717781272165,0.0766390587981339,0.09383053985226851,0.0511699427657428,0.056521467407744205,0.3007750727134882,0.015478750797654425
287,0.0,0.1522710624670291,0.02641467708327493,0.14111266162262054,0.08157380308003367,0.0831534177279369,0.08881854851025832,0.046007531356795625,0.06417199309774663,0.2884668068291441,0.028009498225169537
288,0.0,0.15424804359151276,0.03450187793228055,0.11329201742874644,0.09076345678673951,0.09865684404050144,0.08473031554101995,0.037270893454159904,0.06860957250913577,0.2696954221746045,0.04823155654130842
289,0.0,0.15554953394716378,0.03995338184023491,0.09583178351499055,0.09562323191467445,0.10886136323363732,0.0823084840072316,0.031673873151859155,0.07141913008230341,0.2576575990728505,0.06112161923506336
290,0.0,0.16188703165810778,0.06572794644273217,0.020896306354330416,0.1125755518560559,0.15670043877266318,0.06902808573405475,0.0086040964366333,0.080014329392806,0.20493505386497843,0.1196311594876471
291,0.0,0.1639212011032448,0.07224918182294379,0.0024563639831733904,0.11386949136675015,0.17071744880578227,0.0658444328755422,0.0024190842727055462,0.08171965000308953,0.19088917868316213,0.13591396708361536
292,0.0,0.1640700133740355,0.07123185099197701,0.00523259334726916,0.11062448094350402,0.1707893659529534,0.06680595436900717,0.00275908477078152,0.08118964792439863,0.19191256665402,0.13538444167206276
293,0.0,0.15971409548660306,0.047897192624462216,0.07118812496450323,0.09060857663960349,0.12996156659055424,0.08173094679953974,0.020856522032920554,0.07247229469764024,0.23700960870935525,0.08856107145482715
294,0.0,0.15564959620468458,0.031686823358106936,0.12095611690037163,0.0770022734979369,0.09590584818530588,0.09476489144081014,0.0349299762981724,0.06613015682642678,0.272486352774279,0.05048796451391507
295,0.0,0.15541054936727458,0.03065891425341573,0.12339444369333126,0.07653140603975998,0.09314343333605159,0.09693052591500777,0.035318228105254555,0.06637473488083892,0.2745290231033197,0.04770874130575535
296,0.0,0.15372730015838693,0.025352852701110533,0.14159468689316668,0.0717505701062834,0.07879294943585226,0.10361447303491055,0.04028838641913915,0.06420460716143164,0.2879969877111791,0.0326771863785492
297,0.0,0.15099164347791344,0.024380696616979114,0.1632890866928184,0.0627716647972285,0.05959340520549242,0.11423227867417413,0.046783182512783204,0.05920468614276437,0.3047845185456729,0.013968837334183188
298,0.0,0.15475826643320406,0.06346218465184753,0.09811057963335855,0.06408474540667977,0.10182315129705774,0.10698040790825736,0.02936732482627913,0.060000409705764035,0.2588862953035859,0.06252663483397557
299,0.0,0.15606209755498596,0.0717724437451075,0.08092233420304296,0.06559431239130796,0.11284549815520421,0.1051982301264192,0.024455208751341495,0.061352132558403716,0.24625438804997837,0.07554335446421821
300,0.0,0.16334691724919945,0.10859654661117704,0.001558610510580383,0.0709436975686232,0.17365115488863714,0.08797400412963423,0.0016264546044427008,0.06720870782759751,0.18670489825519118,0.13838900835492693
301,0.0,0.16289518787036444,0.09802084432898879,0.02023007929653638,0.06918000312492878,0.1614479604729828,0.09132981786040724,0.005767581971589885,0.06824152030934588,0.19893334738919108,0.12395365737567474
302,0.0,0.16113226466146083,0.08295366082987687,0.04917289091807802,0.06747867612008872,0.13968083460282843,0.09784265130305286,0.01303618273302572,0.06850112382324787,0.21931424222162058,0.10088747278673027
303,0.0,0.15515704410162984,0.04165561216846692,0.12720813118890395,0.06727349509389416,0.07820787156669129,0.11413730942651862,0.033529775699589745,0.06925944308887341,0.2769650124257928,0.03660630523964947
304,0.0,0.15386480854702977,0.03348862334156361,0.14084896425749516,0.06892867630849552,0.06552055770759854,0.11797316982012718,0.03693610398588198,0.07058610479897662,0.2868505669738882,0.025002424258953656
305,0.0,0.15263156804041778,0.02608716743563898,0.1518401050181954,0.07159934078877381,0.05448451288825148,0.1209606994768342,0.03970790376494703,0.07245400098206481,0.2949058636505494,0.015328837954337395
306,0.0,0.1520393811569483,0.023092776847483648,0.15508493380016586,0.07378352077906848,0.049836842984891674,0.12246120678522959,0.040330157968340705,0.07417100709912632,0.29689025578218226,0.012309916796573572
307,0.0,0.15830321032376649,0.05319914906375094,0.04696692811216561,0.10192112854180202,0.13250212665354322,0.08483276823955825,0.014648034929462789,0.09094458414685694,0.21878692648494438,0.09789514350416009
308,0.0,0.1616753769078322,0.06890207415283402,0.004111076651657319,0.10512222110753906,0.1700015526744853,0.07183824207739188,0.0028976067633899507,0.0950764491390576,0.1846049217192257,0.13577047880659782
309,0.0,0.16138294048599386,0.06989765554323027,0.002671412249994561,0.10405011045330075,0.17203347262012136,0.07181464930613307,0.002354005498797108,0.09574856336026624,0.18298206019831736,0.13706513028385653
310,0.0,0.16107451943945914,0.07001076458132867,0.0033687794468443204,0.10229928443878158,0.17254569870464123,0.0726879447946991,0.0021845521144370997,0.09611489061537513,0.18267959993527705,0.13703396592916772
311,0.0,0.1604229847682469,0.06836348412448658,0.008732612792852373,0.10007198715228131,0.16886888112055676,0.07533049866995671,0.003171748503820997,0.09605948399846205,0.18593589835851923,0.13304242051082812
312,0.0,0.1579192581680513,0.05610034092108331,0.042341265309662486,0.09384564924504693,0.14069820207552924,0.08893695127190956,0.010607031218940558,0.09307760642385128,0.20960208692848667,0.1068716084374501
313,0.0,0.15730565636111787,0.05551262918498478,0.04486408768062818,0.09312639701359887,0.1381309545480591,0.09091775421297367,0.011114383074973127,0.09347739044017414,0.21138305622318823,0.10416769126031349
314,0.0,0.15669707443669445,0.05490002896147725,0.04741245075339316,0.0924628329082527,0.13544599044812244,0.09296463273932438,0.011624732210348581,0.0938973783271894,0.21313929726244038,0.10145558195276874
315,0.0,0.14794736801169348,0.027350791611873666,0.1468112526490668,0.07547204746539062,0.04115268038282466,0.14214516871961486,0.03614241774967826,0.07658002351898274,0.2877914445040339,0.01860680538685266
316,0.0,0.14803521339857284,0.031628443140656076,0.1400259850039534,0.07577592651192855,0.04477695183779192,0.1428978730339841,0.034530117206834195,0.07631144157064852,0.282860058616949,0.02315798967869306
317,0.0,0.148978578400269,0.041822471836739615,0.12172329019218678,0.07558116914097444,0.05917165083716577,0.14029044893988224,0.030405673080019208,0.07544770726304655,0.2694972780185331,0.037081732291194644
318,0.0,0.15034288480517094,0.05293686644132076,0.09993944395546604,0.07552809629185879,0.07755325336307156,0.13565958972333358,0.025420124009048667,0.07514896684292617,0.2533069969626115,0.054163777605203724
319,0.0,0.1555422173782651,0.08533008026931295,0.032537374903037874,0.07382707404364441,0.14123892262910695,0.1151114622356221,0.009725356325205074,0.07447570584279924,0.20337119996080213,0.10884060641221599
320,0.0,0.15733186187494325,0.09481273500910173,0.011740673251512585,0.07317294620359839,0.16129336919737333,0.10859110465170516,0.0045730839257574415,0.07539604489276666,0.18728229344989694,0.1258058875433563
321,0.0,0.15841115097530492,0.09922690653800462,0.001489947044106215,0.07251682231291148,0.17176673747323928,0.10518054859912855,0.0016650425208635117,0.07677456313786622,0.17873142216949137,0.13423685922909556
322,0.0,0.15803903939781927,0.09477978741726292,0.010067448633981577,0.07246695180885283,0.1640390540547199,0.10788094641665569,0.0027798099177095614,0.07902553954921747,0.18371237745934155,0.12720904534445104
323,0.0,0.15418287386502325,0.07122800265703587,0.05910277709146404,0.07521319562095483,0.11512711300979676,0.12423328504692928,0.012880802013250117,0.0835081335636378,0.2180910221663756,0.0864327949655444
324,0.0,0.14796475481839266,0.036873407702572,0.12770672975711023,0.08301512938865684,0.04311072875676403,0.14628074192446447,0.028357616764140822,0.09088034980129461,0.2675620061142156,0.02824853497240072
325,0.0,0.1460410503660313,0.02671829881001127,0.13753304542216982,0.09180771212027594,0.029103667221362085,0.14484633667254643,0.03174871210679531,0.09880641474182175,0.2752654015080603,0.018129361030938183
326,0.0,0.14656033943627722,0.03170628309465817,0.12089753447669084,0.09484804792739333,0.044428082151082064,0.1365240815695947,0.02844768248637802,0.10230414343932767,0.26289499143726786,0.03138881398134234
327,0.0,0.1465579752911475,0.0352792884459268,0.11149766580661194,0.09596858969558533,0.05319030027898457,0.13244976214423615,0.026400884946811694,0.10416160102808114,0.2553341150129853,0.03915981734964192
328,0.0,0.14847022709152538,0.047060033042525956,0.07878572597910587,0.09751983619807467,0.08681639069375625,0.11695636016465155,0.01956270299228288,0.10740982522211202,0.23185218173518907,0.06556671688078901
329,0.0,0.15085581568117035,0.06087066135834838,0.04200578900430861,0.09762615024403665,0.12608558227485828,0.09992824964447213,0.0116007328620579,0.10999564305196705,0.20559884317231902,0.09543253270647414
330,0.0,0.15355370300044824,0.07484406592394953,0.004839899635368166,0.09605524350687131,0.16750740761502333,0.0835333699719163,0.002903446968429932,0.11173046816043225,0.17872654788567588,0.1263058473318977
331,0.0,0.15284167640160307,0.07582722754834625,0.004232679253196769,0.09540570442444182,0.16855226582146832,0.08356155114309984,0.002710635075500582,0.11247649676094247,0.17826268313191088,0.12612908043950286
332,0.0,0.1495942765771332,0.06323969129966862,0.037113061094279066,0.09407706146181569,0.13382421365762187,0.10322782242848129,0.008233559847876182,0.11082568378152051,0.19840355840845977,0.10146107144315644
333,0.0,0.14005329157453192,0.03113993168696429,0.1362398098397976,0.09262565341624734,0.02092218654265769,0.16515225406820316,0.030017148722920436,0.09773586553871942,0.26475220570674024,0.021361652903230426
334,0.0,0.14117887832255346,0.04102735356902246,0.11836984262657041,0.09093177503627695,0.03838632273400272,0.16177540188880823,0.026816394663483806,0.09403489767081281,0.25325697468935826,0.03422215879912345
335,0.0,0.14380640243652384,0.05616971384531869,0.08664303966021003,0.08812742262564172,0.07243015568521483,0.15094521511350234,0.020537746164812545,0.09054188535221591,0.23254321454452426,0.058255204572048476
336,0.0,0.1492945804496284,0.08269882400128374,0.02784022760574722,0.08204982745912297,0.13927312251397783,0.12675301527074512,0.008082152392194857,0.08591712760352413,0.19414374050435548,0.1039473821994329
337,0.0,0.1498239406488311,0.08599009267526138,0.02201360430891638,0.08058047493957354,0.14798942164121634,0.1218016456132643,0.004692003707267206,0.08874291079032366,0.1882363434097277,0.11012956226563096
338,0.0,0.1488989691653983,0.08242556045381047,0.030564249243817523,0.08147955176996853,0.1378554032530118,0.12554325387326437,0.006264575494649291,0.09062502865930028,0.1928043160648529,0.10353909202193907
339,0.0,0.1411273752824628,0.05088660122091102,0.10335303580976526,0.09129019197190141,0.051368660259250645,0.1547034262763581,0.021106042638958315,0.10158088636033015,0.23712981502152872,0.04745396515854623
340,0.0,0.13784373228086527,0.03704636562617103,0.1261685399246589,0.10024006458840465,0.021097653595829192,0.15682246038332576,0.027675642703439158,0.1135944859090069,0.25185250345685956,0.027658551531452295
341,0.0,0.1481304407664255,0.07419184198739216,0.018218265035706206,0.09480325132470047,0.14998338255811622,0.09631274542934676,0.006063212193963172,0.11746777301340758,0.1865405965585754,0.10828849113237905
342,0.0,0.14891295045271125,0.08007695789678956,0.0028177722783480864,0.09285717443411777,0.16991769463174214,0.08911547626397764,0.0020535258335154806,0.11761719824026053,0.17675849292314363,0.1198727570454067
343,0.0,0.13719268108899416,0.04168835774615116,0.10648474896103904,0.10123960695632062,0.044267989088791926,0.15400628522907087,0.021959592223580723,0.11471207797759285,0.2357377857418699,0.04271087498660162
344,0.0,0.13409608008418225,0.03501374559980417,0.12942856491924146,0.10340438644783452,0.013771057118801755,0.17188357630293313,0.027482395095440534,0.11142980197249755,0.24907036094846177,0.024420031510815596
345,0.0,0.1337120344335299,0.036925797162241855,0.12840688628593566,0.10342926702497886,0.012976365392594946,0.17516271862223848,0.0279024388098726,0.10882044074981197,0.24819330415426583,0.02447074736454262
346,0.0,0.13889905045976647,0.05772819456131609,0.08209528831227168,0.09625773990336847,0.06907976908977764,0.1575925483967288,0.019482637554809848,0.09923264327544744,0.22220458739866586,0.05742754104786071
347,0.0,0.14797852832550162,0.09210750332676053,0.0015177717060994168,0.08272368489232097,0.17197615983070283,0.11803047408978731,0.001374157315170146,0.09008935344685966,0.17724506525728828,0.11695730180952213
348,0.0,0.14805718534462672,0.09195823668057439,0.0017690629034785663,0.0825699875802039,0.17196921349620686,0.1179426816878293,0.0012889022265206607,0.09100961668879903,0.1771564368657513,0.11627867652602222
349,0.0,0.14502958352972406,0.08376370787516185,0.024541187471003218,0.08519698348169508,0.14375732046807668,0.127979149811074,0.004932000892974673,0.09569952622732342,0.18854553206313324,0.10055500817984696
350,0.0,0.14329976264373817,0.0788109565493413,0.0377669464937681,0.0870454345739267,0.12700174455675078,0.13405790819290397,0.00746926668171832,0.09852277355992223,0.19474167358529343,0.09128353316264995
351,0.0,0.13879923066423483,0.06649078803014667,0.07060440217678651,0.09235897587694532,0.08425791459665154,0.149424391658886,0.01419397720655418,0.10464520796727492,0.21068322341677748,0.06854188840575551
352,0.0,0.1375868985603655,0.06387959156468444,0.07809755942144353,0.09363083740773136,0.07449018900527585,0.1527908129850398,0.01583691068178321,0.10657165292038139,0.21324464319839148,0.06387090425491666
353,0.0,0.1363565137251785,0.061437732171709364,0.08530939319179293,0.09488609169094517,0.06504405276005983,0.15597317515824125,0.017466764670763562,0.10847216689479469,0.2154770254321892,0.05957708430433888
354,0.0,0.1322148067266972,0.05188380029741167,0.11140449952620443,0.10021285358731508,0.02946144506943619,0.16763973699598453,0.02361469069556128,0.11446084520206772,0.22713995010222218,0.04196737179711321
355,0.0,0.1300503417531897,0.04770622041753003,0.12027830879145332,0.10470524706238364,0.014915046008440017,0.16764617356009612,0.02738583118454478,0.12130725762179645,0.23177075254529825,0.03423482105528112
356,0.0,0.13080599183927377,0.05197258180720733,0.10862575629563488,0.10384829603838086,0.029994413408926335,0.1590926945197428,0.02567152645131228,0.1223886248419325,0.2256353718687045,0.04196474292889805
357,0.0,0.13244860699140124,0.05840847790912047,0.09079123873039799,0.10171148821516905,0.053887652715447695,0.14716204756796708,0.02247697456105541,0.12256822429539703,0.21710968172343223,0.05343560729062515
358,0.0,0.13254080374448055,0.06153978820690106,0.08389906578934395,0.10063550557489831,0.06371101006196651,0.14223340335583992,0.021228951267565868,0.1226791581105008,0.21319061092656896,0.058341702961947545
359,0.0,0.14361094421961743,0.0847785424114394,0.005651236040067823,0.08918227274119585,0.17366718723222763,0.09643589539906394,0.00318774032150705,0.11824554635248664,0.18004984361525866,0.10519079166714938
360,0.0,0.14262905961817704,0.08474208207956233,0.006748155383076483,0.08932173266026358,0.17337668809444187,0.09724988031547686,0.0030514452685751463,0.11855646277055451,0.1810009714623159,0.10332352234756988
361,0.0,0.1407837475543297,0.08240184397142698,0.013664386664175078,0.09074519282040222,0.16522046274622107,0.10215259940065101,0.004019504771230464,0.11925829693761394,0.18400593825933684,0.09774802687462637
362,0.0,0.13913300489129227,0.08094599581331004,0.019201263018155754,0.09188559771446005,0.15823528231548295,0.10593323011323749,0.005020213131164711,0.11981873976662492,0.18680178996750296,0.0930248832687829
363,0.0,0.12280750077762348,0.04461131194363328,0.11922904325710165,0.11481035385353965,0.019512022336875424,0.17695655085108594,0.027537237484920256,0.12388912307546322,0.22066443663112809,0.02998241978864308
364,0.0,0.12192357446045848,0.04473065968093276,0.12077924696926319,0.11600839926514953,0.016198604727861745,0.17937683554620185,0.028437380926523845,0.12294943261119129,0.22114979965822143,0.02844606615420991
365,0.0,0.12246513038155227,0.04696955719466079,0.1153957548517535,0.11610251431036324,0.022271272901963037,0.17901438408572698,0.028230459500583897,0.1194310007637922,0.21936398210907934,0.03075594390053888
366,0.0,0.12746172976082595,0.05945335572793299,0.08172924063373155,0.11077512004470288,0.07016549877694021,0.15931231766217963,0.022632489089517063,0.11222324552035405,0.2074251013535424,0.04882190143028751
367,0.0,0.14185787571658634,0.08105785268061287,0.011489595589263872,0.0926213166985537,0.1752337551379241,0.1177430977157363,0.00471320474364918,0.09761889810361503,0.1899161053949526,0.08774829821912024
368,0.0,0.14363477088990106,0.08511856532257656,0.0015889023978961467,0.08838207903692318,0.19180493598630471,0.11075937852265588,0.0008974230589428765,0.09578297190073859,0.1882012354199235,0.09382973746415174
369,0.0,0.13192700230288631,0.07273821446789792,0.05780012347947412,0.0966829216865582,0.10793614144956053,0.13161332850995353,0.01746380681250523,0.11817232933505588,0.20087379140291453,0.06479234055320812
370,0.0,0.14128793375860635,0.08736368893130218,0.005476886374557684,0.08621138101562391,0.18821145652499696,0.09891081642366711,0.0014328120600628211,0.11084327869189954,0.1914589796580125,0.08880276656128515
371,0.0,0.1364786831070055,0.08310697016909245,0.022024797472274944,0.0913804549983422,0.16429236976598147,0.10983699394807654,0.0050184248787811915,0.1127129569110469,0.19611529290855548,0.0790330558408577
372,0.0,0.12271707113671868,0.06653650294554626,0.07914541697584725,0.10815995693381761,0.07922658490294791,0.1481613269824963,0.020030357761802585,0.11932373359918101,0.20687625291706652,0.049822795844590456
373,0.0,0.11785428751429791,0.060808974621204916,0.09915708433256977,0.11406566466025252,0.0498005902904412,0.16131007705373085,0.02623796136790631,0.12095287409464099,0.20965775794545857,0.040154728119511686
374,0.0,0.12073135034330658,0.058217551138936,0.09479734043985409,0.11475307196569695,0.058329260081330714,0.161461111672783,0.028176430519011593,0.11459918707801832,0.2062417180715725,0.04269297868950516
375,0.0,0.12930607755248422,0.06596420741997618,0.06130868768995105,0.10620880878201684,0.11065158225990293,0.14097626679249511,0.019820419952492317,0.10656007184995815,0.20073996037393496,0.05846391732680333
376,0.0,0.13768467440346144,0.07416925174068158,0.027748791422236876,0.09720319094165751,0.16324203903905785,0.12020610456808947,0.010373860894523919,0.09913915515231916,0.19669630521162515,0.0735366266263623
377,0.0,0.14168492331804033,0.0779891561048751,0.012108427007885345,0.09262128111243394,0.18869204691980804,0.1099117268053116,0.005535434060090936,0.09586729101603303,0.19559658981245895,0.07999312384307784
378,0.0,0.12524408332997372,0.07177251125465489,0.06273717564542754,0.10305021715646073,0.10932785061597133,0.14288648062653914,0.016908866512560995,0.10580430278177319,0.20417062415494056,0.058097887921712915
379,0.0,0.13413324217419864,0.07780016155240735,0.042044271973589106,0.09081859058997195,0.14560980219672806,0.11838997293361346,0.015113816853075092,0.10982780691790774,0.19913734046054474,0.0671249943479789
380,0.0,0.1278370990766546,0.07800448991686472,0.04908305618290967,0.09860392576349422,0.13316874339095033,0.12533060603208657,0.013218800299957598,0.10985664333191636,0.20372018117193244,0.06117645483324871
381,0.0,0.12550635942574906,0.07698352194947626,0.05566620934684231,0.10054128682298832,0.1239814888423461,0.12867026095168096,0.015349852549284759,0.11050381815617422,0.2046146594270158,0.058182542528457566
382,0.0,0.12261871812588007,0.07536181511229985,0.06445945630164598,0.10308885004872899,0.11150888705631135,0.13335832394924835,0.018257945236647033,0.11146789311302802,0.20528152489956408,0.05459658615666172
383,0.0,0.11468472290003384,0.06778002556099455,0.09353499550010372,0.11173539030081174,0.06872706345613476,0.15077674775675254,0.02816287609911944,0.11531040855129639,0.20531057703328534,0.04397719284148327
384,0.0,0.111793169278944,0.0639408536968312,0.10571673340589273,0.1150125402701411,0.05262269125947239,0.157011987380973,0.0332781399345579,0.11611176422220272,0.20404069489282964,0.04047142565817105
385,0.0,0.12243494630519955,0.06384690664136011,0.07953511454191764,0.10810491539376219,0.09906998294483264,0.13962334930569817,0.028324677015796277,0.10711181740816095,0.2005152695279244,0.05143302091536383
386,0.0,0.12732024143256543,0.06604819632455332,0.06471565191886626,0.10364686241977464,0.12454234375877893,0.12914333453325644,0.024169560743381124,0.10329580955001429,0.20020524216446547,0.05691275715435982
387,0.0,0.1283445431159991,0.06625948292379213,0.062450230766641905,0.1023655172337744,0.13036288759952883,0.12592341828437212,0.023730546637537767,0.10258771550930974,0.20008666908450687,0.057888988844552784
388,0.0,0.13220140377330558,0.06772380344747754,0.051376964702691874,0.09883895319840304,0.15002676743717586,0.11763560709460996,0.0204041708026499,0.09982382997517504,0.20040904910845042,0.061559450460076416
389,0.0,0.13405447117960542,0.06805421806735339,0.0469869872904126,0.09701694509766631,0.15927255758011283,0.11318479204239712,0.019147177330164557,0.09868303475001006,0.20066959816397464,0.06293021849831883
390,0.0,0.13847909780278125,0.06962843536690404,0.03433970413879862,0.09319812102390523,0.1812460630782163,0.10425223362384464,0.01496145099111166,0.09564652874271075,0.20179252447154014,0.06645584076020317
391,0.0,0.14672250107778612,0.07635263494540503,0.0021274404368321967,0.08623332126743086,0.2296382576641125,0.08847873184430374,0.0024208601230460407,0.08775420730196415,0.20713892496515024,0.073133120373985
392,0.0,0.1449838989572318,0.07707529345982633,0.004046393381116753,0.08744381553224623,0.22594935229344787,0.09114720112484767,0.0020885340881812717,0.08779349356247693,0.2090070777623288,0.0704649398383125
393,0.0,0.13559847143538223,0.07604140553749018,0.026071039535437504,0.0942142458323467,0.18928977036156971,0.1075349746358139,0.008694254674366927,0.09183146930509631,0.20901346931707657,0.06171089936543597
394,0.0,0.11400816922550565,0.06941901656093225,0.08827683362508135,0.10868995740386929,0.09197207046586861,0.14715185063600558,0.031499752127651444,0.10385127988743598,0.20192162541694805,0.04320944465071802
395,0.0,0.11123403224825244,0.06766689368572974,0.10189823164348816,0.1083689749875389,0.0754530000566668,0.152240025631283,0.038395738426323336,0.10560611156415202,0.19832442549798984,0.0408125662585918
396,0.0,0.1125716886591195,0.06845099873216505,0.10007846932309353,0.10567819678440939,0.08171395040210454,0.1483384973719528,0.03900798154872959,0.10418013702324332,0.19762419195706182,0.04235588819813658
397,0.0,0.14589821778737624,0.0801317632236515,0.017288118716322253,0.07644145945023152,0.2192843353268584,0.09294205391056334,0.009304498325324935,0.08444697806076411,0.20951836652435102,0.06474420867457281
398,0.0,0.14905290540120303,0.08284513000621506,0.005763991912517263,0.07409522120445454,0.237710481457379,0.08484789726466103,0.004251248725046691,0.08139920028608547,0.2133758601205723,0.06665806362188181
399,0.0,0.14936715616371277,0.08503556453884249,0.00043117626049550073,0.07433721434027488,0.24538395583742031,0.0811187239206724,0.0010321494045307928,0.07986649213717187,0.21661116668392594,0.06681640071296932
400,0.0,0.14557751566880747,0.08581529315287846,0.005665490821911557,0.07788394430175263,0.23622216088631556,0.08387126817087201,0.0018359811417020726,0.08075534318485526,0.21771710679977113,0.06465589587115031
401,0.0,0.1342880466804652,0.08437658573601843,0.02943022172051628,0.08717969152459354,0.19797895778073135,0.09744952092472307,0.009959396329813441,0.08580170536835227,0.21446480923924022,0.05907106469556264
402,0.0,0.11413466879360952,0.07740565781754627,0.08010281540756295,0.10319231021684161,0.1212109956540056,0.12409023115919098,0.030730759028848937,0.09657789174159183,0.20303970231114427,0.04951496786967476
403,0.0,0.10829252801298919,0.07045735892361417,0.10231505246568305,0.10846455179850581,0.09356926319109396,0.13132515552771887,0.042478350994171285,0.10050566156566276,0.19601616373030037,0.04657591379027726
404,0.0,0.13596447046736013,0.06702154015328259,0.047354011687159324,0.09256204948608426,0.18806032630292516,0.09427206732624949,0.023492432558735808,0.08664866325382427,0.20825400964214114,0.05637042912225452
405,0.0,0.1452254086175881,0.06816746847051079,0.02556681611595124,0.0867598540852974,0.22356153501679535,0.08115827092901584,0.014158540972744223,0.08124918688158934,0.21487179327929493,0.05928112563122961
406,0.0,0.15044371507186793,0.06897167141271095,0.01300548380413629,0.0835884328918029,0.24413351037878073,0.07367876106786816,0.008289003671371031,0.07807929137322758,0.21946765201090945,0.06034247831734185
407,0.0,0.15176812040779736,0.0682674477481631,0.01176762434760573,0.08274870413994527,0.2483637846551425,0.07124632899786144,0.007687223488562655,0.0775689253333728,0.22061284551254454,0.05996899536902149
408,0.0,0.15406317520519452,0.06654995354242603,0.010662389272321708,0.08141651986246706,0.2547242356257709,0.06704251277149233,0.007134614441155634,0.07690247239657613,0.22242369779616036,0.05908042908645243
409,0.0,0.1551103443139557,0.06960807563210734,0.002234502157960437,0.08118746992409803,0.26457515315356295,0.06593300186029749,0.0016065860100404955,0.07447876265985864,0.22702802400550393,0.0582380802826318
410,0.0,0.15532262824044044,0.06918181128720406,0.002779958417725742,0.08121380826079568,0.26507503610454447,0.065284434136306,0.0016412761949869883,0.0743542591192184,0.22765432618004497,0.057492462058750235
411,0.0,0.14930273814384254,0.07128765992539501,0.011679431299808293,0.08457735993123688,0.24920716026849207,0.07259672200419957,0.004719805375429871,0.07558686934494055,0.22577728806404004,0.05526496564263235
412,0.0,0.13771769194418937,0.07390331176718383,0.032058177102926425,0.0903485799383502,0.21556914633565155,0.08650971402197634,0.013594341181064309,0.07879733325472908,0.21930241003574907,0.05219929441819685
413,0.0,0.12194799987635406,0.07642315040930137,0.06304345516088897,0.09709711871809029,0.16729098608311718,0.10543909710600008,0.028622146571212027,0.0833318140141492,0.2080043522648024,0.04879987979610174
414,0.0,0.1098083472777099,0.07690274308338026,0.09506352650336074,0.09893148204833811,0.12380332679470743,0.12212498307217154,0.04669478458767672,0.0854774455832472,0.1949867143494522,0.046206646699973535
415,0.0,0.1390550154417703,0.0737713493535981,0.053232719023730855,0.07686577697674667,0.201799421633564,0.09524339088274927,0.02984135032693401,0.06900705699500956,0.21083699896055397,0.05034692040536093
416,0.0,0.16020526297576615,0.07557577906860646,0.009771168369570616,0.06508265772950265,0.26959625280369703,0.071978194570264,0.007329563943509084,0.05714539648664951,0.22974760496897806,0.05356811908347436
417,0.0,0.1608803419560628,0.07550507154435114,0.00860898338360326,0.06540217775176788,0.27238927983968525,0.06968490654086514,0.006747640262461935,0.05634791158463349,0.23151511158876656,0.05291857554782041
418,0.0,0.15457252138309524,0.08092809708543676,0.008539070947334531,0.07143352909002831,0.26544006836683565,0.07234090116897468,0.0032024606059683114,0.05760891857972335,0.23298304993614707,0.05295138283647395
419,0.0,0.14356155989808259,0.0827408845987568,0.026237478381658103,0.07935219796799103,0.23868551661706677,0.07783947648387442,0.011099282935809172,0.06151883189679163,0.22740445085258332,0.05156032036740444
420,0.0,0.10855291288815917,0.07972242039634099,0.09578733786301488,0.09768642731884766,0.14069260273793197,0.10230798241181038,0.049929622184808904,0.08053636135829265,0.19383779479005067,0.05094653805076116
421,0.0,0.10940614365261923,0.07836212916356038,0.09713089370816502,0.09654012740835614,0.14261411868570834,0.09938427900465141,0.051651210262183084,0.08034201342527778,0.19311015435825926,0.05145893033123754
422,0.0,0.12155644977556607,0.07127974855736668,0.08517108440110233,0.09071009336754814,0.16945491424555545,0.0858014023041757,0.047980061794536816,0.07737462028229689,0.19955201030330583,0.05111961496856449
423,0.0,0.14754389983038838,0.06371163858815507,0.046304557702417946,0.08006997353447692,0.23325812259639778,0.062223035901426985,0.028479144704899092,0.06827687511959168,0.22048736019183812,0.04964539183042647
424,0.0,0.15880017857461096,0.0709999857839681,0.00978773566783299,0.07924243983924695,0.2734738279268534,0.056435356635403895,0.003778250332015693,0.06030972748725582,0.2396427439397873,0.04752975381304354
425,0.0,0.14675778859326882,0.07572678410450058,0.026392965872746917,0.0842851325376853,0.2461949267322921,0.06686174030679665,0.011966137798580417,0.06333302649964732,0.2306996047624393,0.04778189279206132
426,0.0,0.12541085836014776,0.07810236593571247,0.08012809194982584,0.08259266707264033,0.18380391293944284,0.08676519907974888,0.048365092479675235,0.06423571804873121,0.20215116700552974,0.048444927128564526
427,0.0,0.1266595944919763,0.07825571658180615,0.07833494683135833,0.08198756469118915,0.18768708251522592,0.08404003334998693,0.04811625208075527,0.06310582872105963,0.20322405970872562,0.04858892102793568
428,0.0,0.13040024706311748,0.07758474407789319,0.07334643200484982,0.08037907890565564,0.19663991878454562,0.0797649423749713,0.046152837692311155,0.06103322225896176,0.20626758333862383,0.04843099349908929
429,0.0,0.1723886934893656,0.07214511653932672,0.0009358029202217017,0.06664774732350609,0.2966280195177458,0.05278814863362604,0.00098335654137639,0.04395223626876636,0.24896938762431037,0.044561491141774066
430,0.0,0.1620004738323435,0.07710054020701892,0.010700020471155269,0.07288651077183476,0.2770055062414952,0.059447377174401045,0.004224185313756678,0.04791445097658973,0.24276239844234926,0.04595853656907507
431,0.0,0.1100905660621788,0.08512358945236624,0.09462331622563178,0.09078648461400396,0.16119137497209546,0.08718813604425488,0.055753383817715135,0.07066963193469256,0.19205565809823108,0.052517858778849395
432,0.0,0.11101693886627514,0.08505617998876953,0.09529535844195616,0.08899016624968231,0.1639191513186914,0.08396899925210317,0.0568893151218448,0.06980095400165727,0.19152505257707636,0.05353788418196331
433,0.0,0.17059809649351454,0.0712856084494274,0.005580786845708379,0.07307674752747748,0.2894911648493058,0.045945287534106025,0.0018971513144352143,0.05022730191541808,0.24926476164207037,0.042633093428556104
434,0.0,0.16237481469954532,0.0754123155712036,0.014837395658950921,0.07655919381290804,0.2737314699644715,0.05150531763162223,0.006535306245358926,0.05219852031472535,0.24292002448386138,0.0439256416173721
435,0.0,0.1202445789661871,0.09095894872265431,0.0727482641371375,0.08856345939892842,0.18981292474860467,0.07743870215274637,0.04229029191889147,0.06299348073997683,0.20365060887860534,0.051298740336287396
436,0.0,0.11631598396518898,0.09221676635457601,0.07972538358925144,0.08889767149948788,0.18178004721395802,0.07856065573611029,0.0478266327977148,0.06344061046583874,0.19885217431740318,0.05238407406048993
437,0.0,0.14772010596571303,0.07483041917272919,0.05630749061358767,0.07334223904376648,0.23265483260275863,0.06043091242714719,0.03987476426447385,0.05023797910534465,0.21871203769950223,0.04588921910499636
438,0.0,0.1510811678537735,0.07375185383306122,0.0522954007035708,0.07310709858422773,0.23851806940645376,0.05757484077124026,0.037838691464660304,0.049074394150309654,0.22144415012315657,0.04531433310956547
439,0.0,0.17965214839495888,0.06541896757404178,0.011221542561097649,0.06696745032607312,0.29304708739901403,0.04432442710657136,0.010154987834485044,0.039856541226196585,0.2497439855469722,0.03961286203060876
440,0.0,0.18395444490015533,0.06575013535492605,0.0012940117827184988,0.0683961032916699,0.3019147917682729,0.04347166573670592,0.0017165148123172399,0.038921768522992714,0.2558741139720619,0.03870644985819897
441,0.0,0.14518905567641008,0.07574855829444882,0.06180524818965162,0.07333532050989028,0.2261368949528411,0.05685745900350377,0.04459453839340011,0.05605706377671705,0.21471121945441984,0.0455646417487369
442,0.0,0.1505956188656504,0.07352124500713683,0.056329549574486396,0.07159741140492987,0.23498816338075698,0.053611844939488416,0.04121569812461567,0.05451503690585132,0.21905091054560077,0.04457452125150303
443,0.0,0.1691959919865304,0.06676412985960037,0.03376343113068396,0.0671485632810988,0.2668856395183227,0.044153971624812154,0.026219948928706646,0.04917875808415455,0.23610256148696143,0.040587004099148755
444,0.0,0.18424085899803158,0.062466560050670174,0.013177632187366096,0.06488407037189448,0.29297707426251857,0.03758612242159509,0.011358296680749065,0.044699686957409175,0.2512562340360587,0.0373534640337269
445,0.0,0.17831193680914614,0.07209273927606896,0.008072871278599555,0.07131248957797896,0.2870991648788629,0.04323214995786665,0.0036095232060818654,0.04496238063353883,0.2518013215433475,0.03950542283852851
446,0.0,0.16437885402447353,0.07951215473780905,0.022347132628725216,0.07623642541179616,0.263498160968474,0.050287236058771535,0.012450872024326029,0.04828689349549528,0.23984083094058697,0.043161439709562224
447,0.0,0.14608866088363293,0.08826488489656541,0.04318085822867415,0.08135770595767783,0.23241343811847254,0.05848226767007344,0.026732337314319857,0.052653579513677363,0.22280901637071912,0.04801725104620752
448,0.0,0.1395451877158569,0.09168857624990677,0.0530557833046735,0.0841661055589213,0.21666670549463782,0.06053268993941226,0.035697403022382126,0.053957699044413374,0.213416287491071,0.05127356217874514
449,0.0,0.12466786583519043,0.09839499876909333,0.07205878433567045,0.0867377940590113,0.1913336051977372,0.06530793216847433,0.050908396276045535,0.057339352122651406,0.19750820387501136,0.05574306736113493
450,0.0,0.11781188776106108,0.10008923019470876,0.08650078183977451,0.08542321537277793,0.1768821693396991,0.06571093891825974,0.06438667968998686,0.05868537263523538,0.1865887515864322,0.05792097266208489
451,0.0,0.17072732149699443,0.07304104422181147,0.04232912323621956,0.06706591018889481,0.2502613543752899,0.04500333991199866,0.0352228525214069,0.04520382336901473,0.2283151028414961,0.042830127836893925
452,0.0,0.18262221010453092,0.06786980362646858,0.030119450991049474,0.06525902631213888,0.26617147760986754,0.04115312117807832,0.025995037962841114,0.04285348647647337,0.23842545882392505,0.0395309269146474
453,0.0,0.18773971837268083,0.06549116551251391,0.025221281118995673,0.06551278705544916,0.27163890694531784,0.039500512823154046,0.022237491063553733,0.042340621482217115,0.24214355364886417,0.03817396197727432
454,0.0,0.19125441948250632,0.06371651068418649,0.02214459865901309,0.06629699294997174,0.27448574988005553,0.03840647069986924,0.019844404666841075,0.04230584968829949,0.24425099231509947,0.03729401097417838
455,0.0,0.202529056360021,0.059783757236530934,0.00875096497332316,0.06540436474469102,0.28921293178527036,0.03667188273550865,0.00822367440995326,0.0405384524330334,0.25516878052102776,0.033716134800661275
456,0.0,0.19630320560493242,0.06850107449249697,0.007170495263806909,0.06782759570851005,0.28167391337327824,0.04417701255457548,0.003120940560002607,0.043029871677594436,0.25413421471969944,0.034061676045124244
457,0.0,0.19612390177636488,0.06845886905941245,0.007939344037748538,0.06943665894418558,0.2789157594809175,0.04459629588831857,0.0036065780389542513,0.04403361966852826,0.2527151681918748,0.03417380491371603
458,0.0,0.13467551921262688,0.10561456467620992,0.06541520639198765,0.07703784552965844,0.19479411195986412,0.06780018417475579,0.04755424499011533,0.058948919101951845,0.1984376631294821,0.04972174083336871
459,0.0,0.12140185947325773,0.11240812507800257,0.08343985034799611,0.07591943702009264,0.17369336859311202,0.0709647693037502,0.06446204724543685,0.06233187073937205,0.18189596869398655,0.053482703505013766
460,0.0,0.12178142067234035,0.11241527378900867,0.08479605190776363,0.07499439745504663,0.1722923146832165,0.07071153504561711,0.06662409099532482,0.06261769531005888,0.18012746453040707,0.05363975561123707
461,0.0,0.17286765530433282,0.08368476475328092,0.04748989219139522,0.06031652179522831,0.23328861690922817,0.053772366133604886,0.04167914197118699,0.049760912039059295,0.21656538317933885,0.040574745723365155
462,0.0,0.2107359624920407,0.0687378310900614,0.0016926938631297438,0.061070522653115175,0.28323643807121096,0.04657188294148061,0.0008099692122706216,0.039075287898750206,0.2563731432496848,0.031696268528276464
463,0.0,0.1413603642930848,0.10635401769854735,0.05966061021751665,0.0819992411462874,0.19449858881028675,0.06318497023227478,0.04579289475576573,0.055250927392811885,0.199293542430086,0.05260484302335947
464,0.0,0.12414527938605362,0.11104306876227386,0.08213118852122028,0.08586406521346152,0.1685076838625377,0.06266159552727876,0.06735765561484265,0.06147742488449577,0.17840408276028863,0.05840795546756795
465,0.0,0.1296931906359412,0.10553017421752875,0.08147676588637051,0.08520205377143654,0.17192261046188653,0.05863631556968421,0.06904469354940355,0.06217079755127182,0.17881218311608807,0.057511215240409724
466,0.0,0.1331982858979266,0.10320759197075269,0.07961853981254301,0.0854637507175963,0.17366239816961287,0.057244847803310656,0.06849749506841525,0.062474212927735286,0.17964869327315372,0.05698418435897463
467,0.0,0.15123257632300569,0.09088825247597496,0.06770874163393072,0.08282269508411647,0.19195994332001792,0.05075590595201459,0.060215114345442126,0.06112345145726605,0.1907415336336779,0.052551785774574866
468,0.0,0.20091889467399995,0.0615959971345251,0.027291773573842507,0.07425813382561644,0.24816516990042062,0.03863151364182526,0.025788110115297098,0.054626331241093104,0.23017044979599063,0.0385536260974106
469,0.0,0.2034495128872079,0.0599580873994912,0.025786665990047752,0.07565954774313954,0.24800206983367873,0.03857141409968456,0.024497813555931697,0.05549846185318684,0.23031808221852657,0.03825834441912684
470,0.0,0.21516023951310467,0.06146240758904773,0.0076300169111337855,0.07189287117511134,0.2617388681504439,0.0447435941153442,0.003073838050958809,0.05439202245734644,0.24781841252278194,0.03208772951474901
471,0.0,0.20978191427134973,0.06592002726404206,0.011556363438830285,0.07366598922916154,0.2527256155735431,0.04797361269852111,0.00587544076872164,0.05649187753168913,0.24258853655588444,0.03342062266827853
472,0.0,0.20453281388846378,0.07008007395709462,0.015685479712284567,0.07537916482282239,0.2438271241414024,0.05087608912190057,0.009143960729670376,0.05852558810887647,0.23713163039451587,0.03481807512299069
473,0.0,0.13528850733999592,0.12181372679216597,0.073090777030791,0.07413586469227228,0.16271444774317537,0.07303678231222668,0.06129432590225648,0.06808748310957596,0.17915389680312407,0.05138418827443787
474,0.0,0.13091769740177922,0.1261397917447186,0.07879313843687155,0.07221422712148812,0.1549101592425438,0.07501524402096157,0.06839055895977267,0.06876448921706252,0.17201598740344828,0.05283870645137537
475,0.0,0.20851486698222554,0.08511604548713766,0.02651491923471071,0.049148426442548424,0.2349307112195674,0.06252508675353903,0.0268262178684748,0.04892064254998165,0.22151275274876392,0.03599033071307267
476,0.0,0.22495091627329553,0.07567120495687651,0.013060432305308031,0.04832556624434268,0.2499191811334339,0.06190249910878241,0.013751207281048734,0.0457741858090054,0.234368834976245,0.032275971911683514
477,0.0,0.22826741142910514,0.0748571220022539,0.004013606057737328,0.055487083322789364,0.2520234734061792,0.06465548274628108,0.0019491595631466665,0.04422628831356709,0.24293413914989836,0.03158623400906379
478,0.0,0.2265946188439598,0.07522507938380693,0.005782879474706473,0.05756636232746686,0.24653889107975727,0.06670400936752545,0.0032516657519856356,0.04525980558389017,0.2407426779309035,0.032334010256020077
479,0.0,0.2122585848256378,0.08333681547912981,0.01507061240898744,0.06409615973602538,0.22820528773753554,0.0703541938829392,0.01127665987378682,0.048591535694497305,0.23065724763820936,0.03615290272327351
480,0.0,0.14198456579007812,0.11320781350037494,0.07439360209901945,0.08710653839436863,0.1494280470416665,0.06344601966488478,0.0728837440941267,0.07355498848646173,0.16790844921888148,0.056086231710159626
481,0.0,0.14750917827039978,0.10885736389835583,0.07172202506551889,0.08764118002004063,0.1518244723496789,0.061799860597790725,0.07136448559018717,0.07486016500669163,0.1692232602684097,0.05519800893294889
482,0.0,0.2416149453499687,0.0480960080136856,0.005911444506324576,0.07069831055474847,0.24481076704082488,0.044132477055291136,0.004347030283416771,0.07061124001564328,0.23714782777597473,0.03262994940414386
483,0.0,0.2409894954761636,0.05108109262811119,0.004474340310954523,0.07114742483784181,0.24127292436183553,0.04796258289383628,0.0015277000034871482,0.07198548398700057,0.23723360262487525,0.032325352875916015
484,0.0,0.22687864769472044,0.0644528275815175,0.011715839793655156,0.07232663389055446,0.2244551841481961,0.05536018179793511,0.0074016552864677575,0.07421680110260959,0.22859158569390622,0.03460064301045966
485,0.0,0.22276304859399915,0.06802590020763855,0.01456329849482419,0.07384428942198422,0.21704303207827255,0.05795968840318837,0.010256137013150642,0.07598369427289951,0.22386132837176811,0.035699583142296744
486,0.0,0.22005864550605006,0.07037703803487244,0.016625358483580176,0.07533264890830106,0.21101234766575577,0.06001620514327025,0.012484515140810618,0.07763848402735792,0.21987804431457014,0.03657671277545372
487,0.0,0.20646291076259002,0.08184922475810909,0.02536955090389966,0.07666770397832297,0.19458401701503408,0.06533552742168248,0.021454743518966923,0.07954998800247312,0.20956248109295225,0.03916385254599156
488,0.0,0.1763573252510868,0.1069230173784323,0.04555148432645313,0.07692636239502079,0.16221818890013057,0.07492474957350903,0.043027731651363955,0.08138174402302549,0.18819368730079808,0.044495709200202044
489,0.0,0.16352541427444883,0.11807562138075502,0.054888265501429716,0.07678951213984801,0.14657728466256548,0.07959682541423929,0.054042649718553826,0.08234580838360529,0.17728927202255232,0.046869346502024546
490,0.0,0.14397068281612138,0.13806088964138366,0.07296896916745235,0.06915494461813992,0.12322020739742327,0.08838813805916378,0.07657204543317983,0.079486394792754,0.15742462888171854,0.0507530991926856
491,0.0,0.2526059871903484,0.07762530549827763,0.006770046673484838,0.040533133403635235,0.22094191430673663,0.08645179094630177,0.007956180670389914,0.055022156275970284,0.21760415616479964,0.03448932887007797
492,0.0,0.24971477097387657,0.08015290634637473,0.003957962254920602,0.047366801752199,0.2157707843012108,0.08965902765931386,0.0028179169380152295,0.0553520811711416,0.22046176000275466,0.03474598860021531
493,0.0,0.24122963215309684,0.08492239238992896,0.008898705612512691,0.051815851069320365,0.2040674406275585,0.09212508920146625,0.007875630115190267,0.05761687941003685,0.21515058647536467,0.036297792945546976
494,0.0,0.24156586418289341,0.08397380595772876,0.00977351370510329,0.052883611623333424,0.20006104505225092,0.09409427560036614,0.008915869064579382,0.05868287123068959,0.21342740869823817,0.036621734884839406
495,0.0,0.16836804219434984,0.12730609466389248,0.052166640317675955,0.0771505861573357,0.1303845245379644,0.09200251038912169,0.05929047471945616,0.07459700152410757,0.17083119206262273,0.047902933433496206
496,0.0,0.2652447867106497,0.04227369931437085,0.002527923612610797,0.07037383207396616,0.21205615975607722,0.057423255499327884,0.0013049243139451054,0.09658556037306765,0.21623771276829287,0.03597214557771462
497,0.0,0.259238148718087,0.04892538100102869,0.005144528901838102,0.07433283346591786,0.19672156616300254,0.06527233753169066,0.003812872620182817,0.10126426124902513,0.20732314590460246,0.03796492444464787
498,0.0,0.22000331517905447,0.0838843380348201,0.024681027516879943,0.07584713753606286,0.15996994441185786,0.07807991676383771,0.02737299159881517,0.09976963409442927,0.18877780967905275,0.0416138851852134
499,0.0,0.19677079272379464,0.10436646219279169,0.037667415106425704,0.07665552274757131,0.13656362262364294,0.08535786980419496,0.04446424225055592,0.09893747039540057,0.17537851093783122,0.04383809121781434
500,0.0,0.15976092124735708,0.13892657050730428,0.06111362769257581,0.07271345337465816,0.10025135870514204,0.09806020992614917,0.0764478430311671,0.09326906926167323,0.152496940542498,0.046960005711498685
501,0.0,0.15723711471035517,0.14358983791762478,0.0643528329744222,0.06997932979610041,0.09413712324591392,0.10224478147551251,0.08258811077543217,0.09112302253362026,0.1477939187716584,0.046953927799383656
502,0.0,0.1724887920169457,0.137469594152879,0.060651075162939355,0.060295102155009585,0.10190712850292995,0.10811386005734665,0.07982638031584294,0.08474804247750789,0.14874856512021792,0.04575146003840437
503,0.0,0.1792129552410095,0.13351442008131859,0.05799205710621792,0.05878772202468548,0.10371343576205617,0.11011912555589895,0.07769570914551319,0.08426319488642255,0.14967661518527392,0.045024765011627346
504,0.0,0.2352180861188224,0.0979387665860888,0.03228774392885527,0.04341309660664093,0.14531776344523786,0.11514671984408574,0.043386477113753354,0.07584719152622156,0.16945426346645392,0.04198989136386381
505,0.0,0.2846309992567242,0.06770812074675205,0.0033448696794638596,0.034905262816529885,0.18366008984092733,0.11971835528455134,0.0034588530777447,0.07015825095464771,0.19213735773028368,0.04027784061239932
506,0.0,0.243226534250005,0.10069426534453413,0.015871056590879788,0.04965447079653047,0.14901783360424714,0.11968714887614189,0.023242778986877845,0.07502820766862402,0.1806795882416902,0.04289811564049371
507,0.0,0.2069999472965718,0.1252887411287091,0.03295382006722426,0.0608308151211558,0.11604090227722963,0.11654931188698925,0.04993735439462535,0.08183879150043079,0.1652264335287782,0.04433388279831001
508,0.0,0.17654562206074642,0.14357134050983522,0.04903554230651344,0.07143713088635219,0.08731776023779941,0.1094326403122731,0.07619024060775453,0.09115732732947239,0.1503237728074915,0.04498862294178631
509,0.0,0.17307778949387156,0.14496633117447366,0.05127618265474218,0.07418868640531139,0.08086151927963527,0.10807998879805446,0.08147828488840445,0.09438208591594419,0.147074477844026,0.04461465354556136
510,0.0,0.1710491732654527,0.1452798417196945,0.05279903197324468,0.07671907013102029,0.0756511906955234,0.10648116724135928,0.08579545251887938,0.09770311705149949,0.14436873363860228,0.04415322176474876
511,0.0,0.18272506796120225,0.12877286353428866,0.05155327103500188,0.08039653883094788,0.08002130269724561,0.0921720621870411,0.08619876199870201,0.11240550802767892,0.141970019296494,0.04378460443142258
512,0.0,0.20563227870779321,0.10773919365879103,0.04320498743656882,0.07930726440036329,0.09417944572148187,0.08590960510110303,0.07384084566763661,0.12062015626400081,0.14596499538864913,0.04360122765363715
513,0.0,0.2239504077797581,0.09184176601889589,0.03604726235367814,0.07812087465384952,0.10513717699111248,0.08307049837819919,0.06273620717107367,0.12612117087638738,0.14927254103830692,0.04370209473876373
514,0.0,0.2562711129577744,0.0645292360357749,0.02318250924228916,0.07412444411732053,0.1269090290484777,0.07945535316373849,0.04049962413247347,0.13373046753615755,0.15665637492407092,0.044641848841948086
515,0.0,0.2619153336808862,0.05988732237397513,0.020936760731971687,0.07443213655189919,0.12836997977317266,0.08005729736426695,0.036898696421642056,0.1362005505527624,0.1562781968860928,0.04502372566335619
516,0.0,0.22913753823740024,0.10004389804073106,0.029851248962866898,0.06295538826219294,0.10301749225398397,0.10242936794030424,0.046344918138900654,0.12477494944511289,0.15653333828652244,0.044911860432010134
517,0.0,0.18054452714574776,0.15121570720379063,0.048846960617128184,0.06294488169171869,0.053671778596578595,0.123205300062667,0.09488102918715435,0.10870698408321623,0.13635605106465706,0.03962678034736684
518,0.0,0.22537154915855365,0.12293244253208963,0.03628260511602978,0.04538698849542085,0.08048927259743445,0.14144408042985887,0.07345675734087317,0.0945917847445012,0.13887103387736924,0.04117348570789449
519,0.0,0.26575360837624296,0.0924897730377298,0.02248323876424494,0.036379718713851844,0.10578760317945833,0.1492502059272074,0.04628531903737091,0.09295325227456856,0.14435076263925958,0.04426651805009112
520,0.0,0.2951864926014676,0.06975123371741791,0.012251256146657823,0.03078356789258376,0.12331900087682283,0.15522970775371184,0.024986693043056327,0.09309032731459736,0.14814448668513136,0.047257233968578526
521,0.0,0.31941831112454033,0.0518377567467947,0.0013397325659382491,0.02840381127422678,0.13876131088626736,0.161145383132681,0.0007126844674637399,0.09355697801938428,0.15333470347707212,0.05148932830565706
522,0.0,0.31963469302143155,0.051313675848681815,0.001672673537023539,0.029279571318787688,0.13509900747132036,0.16314674046356686,0.0014564176541522237,0.09483972619935743,0.15152645205362592,0.05203104243207848
523,0.0,0.2017749165333747,0.14437982245039782,0.03658782019873156,0.0637163771388541,0.0509997065335271,0.13455951550421955,0.08840475814232106,0.10473474436887778,0.13656941469891234,0.03827292443080981
524,0.0,0.20529215578029392,0.1338155580766674,0.038790811653591946,0.06969215056288951,0.048391177377901454,0.10908218841865658,0.09737845969947523,0.12946039159214234,0.13214949276679838,0.03594761407160911
525,0.0,0.26114203141857983,0.08266092577403372,0.023294027523264073,0.06166734254605123,0.08358944342401797,0.09819352609122935,0.05963806507860234,0.15198863551730893,0.13517681081875416,0.04264919180818426
526,0.0,0.2657107587311167,0.07911136034341529,0.021167531438397603,0.06453755442481075,0.07853056588742226,0.10125991147403633,0.05899430564526764,0.15763820336346063,0.130533847363589,0.04251596132850992
527,0.0,0.27160451615060166,0.07394081397631931,0.019374804858502057,0.06419780370628718,0.08070990698144549,0.1015715597065314,0.054854255852589615,0.1606299831059781,0.12958708472738736,0.04352927093438406
528,0.0,0.2800981815619061,0.06645278678304381,0.016932578923953456,0.06319906833263256,0.08473483359989957,0.1018332913639093,0.04838658715787809,0.16448432778062377,0.12860528510151237,0.04527305939466746
529,0.0,0.30960936330386246,0.04053028170177721,0.009186086017913965,0.05677381699826411,0.1030248865728647,0.10232678982830651,0.023429661835046443,0.17483973042035791,0.1276865013415925,0.052592881980040654
530,0.0,0.3153003814453529,0.035603530008263794,0.007760045719105454,0.05572242487460492,0.10536993809351859,0.10356454837035156,0.01822782863005921,0.17770465046877065,0.12619258608187972,0.05455406630812001
531,0.0,0.328680662512984,0.024277695851024666,0.005017517501936324,0.050982140608811184,0.11307780333406985,0.10668963392161766,0.004441931370385328,0.18236412443269293,0.12458318497755962,0.0598853054889455
532,0.0,0.328999776327714,0.024076362002699112,0.004987709910377925,0.05109950159237315,0.1119880471007483,0.10791631188025948,0.003688452590325171,0.18362870478857118,0.12288070376837276,0.060734430038585946
533,0.0,0.3175065651201185,0.03572733501039771,0.010311424745910486,0.047276711692358024,0.1034406194094614,0.11510490038056989,0.007786858992355735,0.17859771396111318,0.12172964258621656,0.06251822810152542
534,0.0,0.3119836638613467,0.04105700816442678,0.011982402146235673,0.047636089625145525,0.09863551327636415,0.11698618953827242,0.011663658048268109,0.1773862889712379,0.12035836439874661,0.06231082196998331
535,0.0,0.20970739382267992,0.13999990196297377,0.040376530240121715,0.053577657566122275,0.029199469634184457,0.13588306696517627,0.0991579169808229,0.12869221255888677,0.1255213579141223,0.03788449235493713
536,0.0,0.23194175012832932,0.1329167847816221,0.02903108011460442,0.046405633396353556,0.02855286303827487,0.16352863948873564,0.10522531832645547,0.10775189729328827,0.12321714851596673,0.0314288849163972
537,0.0,0.34476359617263047,0.03678734169949768,0.0023024249913531376,0.02281811545920802,0.09667662860133315,0.20000420123762158,0.005612835174680555,0.11972023234996722,0.10711620179034398,0.06419842252339177
538,0.0,0.3494671821755049,0.0323338611584402,0.0017926873526711827,0.021942933940615174,0.09692477382344315,0.2027231462750047,0.0023378408218236103,0.12161621366582095,0.10477089326906697,0.06609046751763678
539,0.0,0.33773930060765445,0.041950671839990655,0.004959555361091513,0.024760540654432957,0.08847856726496028,0.201641553752811,0.008444652155571813,0.12268936227705377,0.10360640907730004,0.06572938700916135
540,0.0,0.32746036712630566,0.05055720645954291,0.007652267658960043,0.027164296703633174,0.08010854359797122,0.1997559961848913,0.01782290588123439,0.12271028372422935,0.10343684851641588,0.06333128414684377
541,0.0,0.30855262809211376,0.06686950161506018,0.011907514725135458,0.03157168297269217,0.06689818668133388,0.19461327983238905,0.03484577207753426,0.1217291569017379,0.1049522881702139,0.05805998893181726
542,0.0,0.2775572471854993,0.09412302171606572,0.018101880557930654,0.03891462670240801,0.04685258879216695,0.18385698760180522,0.06342037904343631,0.11975239559073611,0.10931185988766015,0.04810901292231975
543,0.0,0.2641944501171396,0.10584452098572217,0.02070051904547345,0.042317785967532474,0.03738291313397041,0.17842308846461913,0.07723451786714058,0.11957534206956383,0.11114738174773259,0.043179480601133725
544,0.0,0.23360353860315167,0.1331493219873107,0.025762720050979526,0.05046283486284607,0.017085641714469156,0.16200527568521403,0.10967898752629048,0.12059137620461866,0.11725341372072134,0.03040688964442639
545,0.0,0.2536037328977099,0.11707419551653332,0.018509977968337844,0.048788109116886844,0.026707529728791052,0.12369312259154883,0.1045477016516276,0.1604944578771155,0.11918164122857489,0.027399531422902194
546,0.0,0.29970380210914277,0.0753649511839224,0.010813560678723255,0.03807891049111842,0.052656066621256305,0.12222463564079142,0.06323719771747005,0.18547496996055024,0.1091738759257495,0.043272029671303947
547,0.0,0.33527614900935226,0.04207918397063107,0.011092671005285994,0.020086257021974727,0.07353151501930014,0.13604807333672206,0.016688694285495197,0.20251627240757208,0.09187231666309856,0.07080886728059642
548,0.0,0.33013413216674636,0.046903513179303316,0.011893900726884855,0.02076279806151243,0.07026111791012342,0.13687548570339486,0.020698146027520088,0.20060803193024837,0.09201507040783688,0.06984780388645806
549,0.0,0.26772549266787876,0.10400937991252801,0.02254866051815081,0.031565695466316435,0.03469436431799874,0.14017192532893688,0.07796671278262297,0.1664642852523408,0.10529672459287902,0.0495567591603762
550,0.0,0.27462514908702285,0.09833324860964156,0.014265723267105202,0.03742033846113355,0.03565358950740986,0.18558243966787,0.08980399669867974,0.11425588665942116,0.11427518021584639,0.03578444782589838
551,0.0,0.29992803102301985,0.0747571403713425,0.009939512451713144,0.03340233548239114,0.04831714314835469,0.19507633314406508,0.06791591863619675,0.11886293108496533,0.1077929264907016,0.04400772816727877
552,0.0,0.3214422019252739,0.054493355556006116,0.00670540032040751,0.029725123892874076,0.0588746043229206,0.2031986113372021,0.048539540327617064,0.12376663949113614,0.10143598347957167,0.05181853934701964
553,0.0,0.3592164011295068,0.01811497896887188,0.00247367688333161,0.02260669186535445,0.07866286049473,0.21818324642007852,0.009254585861006678,0.13453287672256625,0.08783505251469377,0.0691196291398889
554,0.0,0.3615365163331444,0.015837013331421,0.0023674537303555727,0.021958308688580657,0.07865430509883142,0.21965107456597174,0.007973087634095032,0.13570868867666597,0.08617631958261554,0.07013723235834768
555,0.0,0.29250443649160424,0.07903822480623995,0.01597900411288795,0.03386146720414037,0.04167259585474486,0.19571182363090636,0.06327997920204372,0.12860228995349757,0.09607252542131285,0.05327765332265114
556,0.0,0.2720774665431074,0.09832705061328968,0.018940047515980937,0.037668701954564815,0.030198968280868398,0.18601039061019212,0.08423640170483482,0.12617906152480063,0.10137113057472857,0.044990780677661525
557,0.0,0.23749658722633954,0.1321199383371937,0.02277647639181197,0.04427021057789494,0.01140044749014683,0.16521552264284317,0.1213077895991601,0.12374570336696428,0.11289285561319125,0.028774468754483147
558,0.0,0.23061734077226578,0.1387919583165491,0.023487156877102264,0.04561294163503378,0.007763798796065721,0.15912124958091606,0.12969094243070065,0.12447820605617502,0.11548168354165071,0.02495472199356993
559,0.0,0.22067549280816046,0.15006813466069985,0.023224869198486348,0.04733022596171815,0.0025882561778479583,0.14369653158945747,0.14377556648634873,0.12990640278464718,0.12171821496131977,0.017016305371343073
560,0.0,0.22091291463604734,0.15019999605607823,0.02284619986318915,0.04715874542478904,0.0031241070492004355,0.13898777744086768,0.14493991300910045,0.1332280329204321,0.12278761195131727,0.015814701649007522
561,0.0,0.24857994560156074,0.12780475543689543,0.016878964822859,0.040196199328138685,0.01789791579645774,0.12748776035939874,0.12235118783032187,0.15736326360770392,0.11979472757147251,0.021645279645220634
562,0.0,0.28324771053201486,0.09682607927680742,0.01209801110976617,0.03137177835222642,0.03648824174325953,0.1271205560732392,0.08806156164283267,0.17910187467473684,0.11091194353495115,0.03477224306019495
563,0.0,0.3025318657151742,0.07904587969587261,0.010079755154294476,0.026037655660888424,0.04715342461118024,0.12894890768734593,0.06708649941892957,0.19061476837865998,0.10499592922224905,0.0435053144554347
564,0.0,0.3572738944782434,0.025872009288545567,0.008949142592424505,0.0082257803498921,0.07584532246496474,0.1432941033843668,0.0017271893377028033,0.22199886240149647,0.07931307576451888,0.0775006199378742
565,0.0,0.34924630477376195,0.03157239677005893,0.01238840108693053,0.007703952568743655,0.07215814775277643,0.14646079787840413,0.004848197464521334,0.2183571763310015,0.07753992137986414,0.07972470399396708
566,0.0,0.3434969059868563,0.036515428496642,0.01351743636571565,0.008152322170820119,0.0696948572497735,0.14710503359039198,0.008417361192188525,0.21563631347408346,0.07837389054836237,0.07909045092519613
567,0.0,0.29516148404732406,0.07722359869286514,0.022574203203555267,0.01734861168636788,0.04535904711434202,0.1464113353373836,0.05441544074967042,0.18799367821884808,0.08818621536817475,0.06532638558149906
568,0.0,0.24961042389028942,0.11637519493355608,0.02793621440830149,0.029085315663498895,0.022475385727475344,0.14423809687728278,0.10333521177791835,0.1579890518983,0.1026254873634403,0.046329617459967935
569,0.0,0.21608944393160404,0.14262577139899782,0.025903206597497015,0.04639880447061569,0.005615758153634032,0.1530362890269967,0.14938881255415137,0.11644987607891837,0.12309177551158106,0.021400262276034417
570,0.0,0.34019788824474123,0.019636945693968802,0.004588007190939219,0.03626455304578545,0.06815814962996546,0.21528168491285554,0.021263454849456232,0.13854380408892555,0.0918943733435787,0.06417113899981429
571,0.0,0.3478470124384393,0.01198913003568674,0.004446723120418085,0.034333346357279484,0.07175813094913559,0.2191858551198166,0.011868209629483574,0.14221115205044063,0.08755549947492403,0.06880494082440623
572,0.0,0.3541302400730218,0.005398254075908171,0.005566378837038474,0.031855219708777374,0.07483169102823113,0.22311396400283473,0.001903330472402143,0.14672850832485662,0.0817209376901129,0.0747514757868469
573,0.0,0.35400537500627643,0.005346730620854036,0.006294565207411321,0.030968534235618426,0.07488229921714462,0.22375189800941378,0.0008290365507189734,0.14781109477436638,0.08010973327693977,0.07600073310128676
574,0.0,0.3337499359149433,0.02441901854464578,0.012695363698217523,0.030833364446687578,0.06516469488953333,0.21668056603941466,0.01655359397574665,0.14669425038602277,0.07907591494235526,0.07413329716246372
575,0.0,0.26920955317124734,0.08844879977100562,0.023483058194724536,0.03680949070449731,0.03391931624243996,0.18532352945231254,0.08374283498701776,0.13381938884022115,0.0942968018758214,0.050947226760742814
576,0.0,0.22092258748372035,0.1482818598477154,0.02271953863565389,0.03801767721295161,0.011331366974366947,0.1294054807503293,0.1484569170441638,0.14086819234819048,0.12293087124466381,0.017065508458275026
577,0.0,0.2965061776019217,0.08440137044694825,0.0097085709468006,0.01943430779690509,0.04986102839365228,0.13145139395266553,0.06728688791066842,0.19020344758255323,0.10737899946552218,0.04376781590239346
578,0.0,0.3101939147770573,0.07162171733152785,0.008397491909224813,0.015654855543600455,0.057810910987729856,0.13455371216004477,0.04878096679968556,0.19857061732150263,0.10331927007160603,0.05109654309805132
579,0.0,0.295756194791463,0.07196602222250836,0.02190527563308319,0.0170267606610488,0.0511142569829708,0.14700896506132724,0.04687988538525886,0.19263293444871651,0.086949009379172,0.06876069543448168
580,0.0,0.2665609506839429,0.0957734729026121,0.026184809867726096,0.024719232168407285,0.03753313868371725,0.14351111002639566,0.07831380807831863,0.17444680577827099,0.09460460366067881,0.0583520681499607
581,0.0,0.22634988078141524,0.12784535445478723,0.030452798243679524,0.03797587447339938,0.018653596655805727,0.1391773783893398,0.12611464116667154,0.14520557922528787,0.10794224065016547,0.040282655959478844
582,0.0,0.21693277853360826,0.13492338506417428,0.03078913495532662,0.042115815913198684,0.014824391421496313,0.13798631556862911,0.13784900387261614,0.13724414353362677,0.11196027846355869,0.03537475267379564
583,0.0,0.20851464305990022,0.14043071749939867,0.030499583421981773,0.047212407654345194,0.011573221034007054,0.1378946459551957,0.14961647977280434,0.12787303786443413,0.11655556680189867,0.029829696936064652
584,0.0,0.20588070509445486,0.14144042724176387,0.02993228328096689,0.049915811692643315,0.011162791182929238,0.13797314849293335,0.15375872775872593,0.12372933485297172,0.11858070814615729,0.02762606225648423
585,0.0,0.24820432768692594,0.09481042750012733,0.016309978177344666,0.05686865626657542,0.03298512279217364,0.16682507782782657,0.1144959942756458,0.11766911505350346,0.11985952330326669,0.03197177711664107
586,0.0,0.2829983004671096,0.060420319033527334,0.00932809887390909,0.05435361233875545,0.050721478334613296,0.18465567161437518,0.07384600239305297,0.12663413812710853,0.11326163806499125,0.043780740752587956
587,0.0,0.3247278475775879,0.019732477899160182,0.00328232292855149,0.04819960976882031,0.07164728122782256,0.20757192822133264,0.019768243135794127,0.14134511841085723,0.10141242957413081,0.06231274125597347
588,0.0,0.3344585381758164,0.010206431344085437,0.0034936349950836403,0.04444688249624924,0.07715737997986781,0.21509643599720907,0.002362891876130118,0.14708932287014911,0.09552774033830204,0.07016074192713792
589,0.0,0.3226313194215734,0.021507643302655102,0.008736641054742384,0.0415043494139253,0.07220865486854224,0.21322920077828394,0.008451320979449374,0.14748139964338558,0.09213341256193658,0.07211605797553716
590,0.0,0.2948282051029878,0.048542135006296096,0.015867584703534564,0.040937756987903653,0.059821770839138394,0.20152486100057698,0.03626102066887271,0.1421948758929639,0.09389424292753024,0.06612754687022658
591,0.0,0.2072998296652826,0.13972783853048615,0.03117024844076737,0.04209894165821753,0.018878994037270076,0.14666744299249623,0.14322588332015235,0.12630546965194905,0.11225898304188364,0.032366368661525924
592,0.0,0.2153402312160686,0.14364466379174337,0.02419534472378328,0.03442758525399605,0.02519022747125738,0.1231572053291585,0.14203336291088592,0.14551724006665662,0.12135972721634068,0.025134412020140853
593,0.0,0.2887911835469941,0.08320365516796574,0.008054001973431455,0.0193311010924343,0.06281723475211659,0.1333545967936176,0.052032499801017186,0.1900250249253392,0.1139469121045046,0.048443789842610364
594,0.0,0.320015428324229,0.05260939166636232,0.005218855063220523,0.013849672190377887,0.07905825846777331,0.14553743346690348,0.003349887427139733,0.20864053226888402,0.10481665533590825,0.06690388578923265
595,0.0,0.30470853504273887,0.060497764653831526,0.012249768799096386,0.017959885503517188,0.07248481991143922,0.14666365956032285,0.011756261067131813,0.2018200896914116,0.10156129299576394,0.07029792277477787
596,0.0,0.2187110282926482,0.12211503609431248,0.03285357858439806,0.043165074447857464,0.0315901568950895,0.13043465259549591,0.11384035296049272,0.15116213460370764,0.10818792155075557,0.047940063975273756
597,0.0,0.19850828169333734,0.12775017118867563,0.03027827712461619,0.06470217314234719,0.02385955494622755,0.13628483178229742,0.1502998162859778,0.11703717292622748,0.12080236425529219,0.030477356655032595
598,0.0,0.20827600782772204,0.11685551540041059,0.026600294600890598,0.06665417691266133,0.030139035965465848,0.14192455250606212,0.13896641111359317,0.11701628007025733,0.1217338470474979,0.03183387855547047
599,0.0,0.22859625113217522,0.09625374814519762,0.020230891780917887,0.0675609470583409,0.04175427845051333,0.15320329013461295,0.11408431555863513,0.12001621390538944,0.12225438961453038,0.036045674219718306
600,0.0,0.30505701120161594,0.023647487777924945,0.0030319125707455705,0.059701301676551057,0.080505382327608,0.1986697331262037,0.01022232877116834,0.14197025901129617,0.11627747373140256,0.060917109805514874
601,0.0,0.30741916761370136,0.02162140863634943,0.0037310281060143934,0.056821151740505386,0.08320919801188663,0.20259321247292908,0.0012141536683615102,0.14423848546493828,0.11450813197688856,0.06464406230845653
602,0.0,0.2991592446032802,0.029612071674813487,0.007637220093517208,0.053877588892021745,0.08065205096557597,0.2015869040886635,0.004828380979648948,0.14393477861322856,0.1125277660796668,0.06618399400961486
603,0.0,0.2903579553020566,0.0379752995983189,0.010436279297960899,0.052609423339297114,0.07822041734454845,0.1984999897029194,0.011640209682574858,0.1423885495814443,0.11231196893917561,0.06555990721173507
604,0.0,0.2813916954619744,0.046415521205031486,0.01308623425751556,0.05168395560908851,0.07583409381446247,0.19486226566512446,0.019143991577725793,0.1406611794275441,0.1123666438194838,0.06455441916208095
605,0.0,0.20848430363744347,0.11746042712781316,0.03406678038954124,0.04932006084700615,0.04045058909630646,0.15459391709622639,0.10982210107635164,0.12735070564214176,0.11023455215283225,0.04821656293436896
606,0.0,0.18332863493665869,0.14404373082478567,0.03920719744706137,0.04826377067442343,0.0299380636275717,0.13324195534947236,0.14408702996316836,0.12604807079003785,0.11229637759342773,0.039545168793424554
607,0.0,0.1805926772976545,0.14580423807262957,0.040216146272787044,0.04846895450111979,0.030590083065135058,0.13061408524513016,0.14509664684876705,0.12651440989362567,0.11239214310418484,0.03971061569899792
608,0.0,0.2807909254258046,0.06341595290340737,0.010642543112970583,0.03581094648502676,0.08432964101112855,0.1409558261468773,0.00727359530641656,0.19168268911538996,0.12137900948853123,0.06371887100447865
609,0.0,0.2583643260328397,0.07822093511301,0.018706879771410438,0.0413063064330067,0.07374817132805395,0.13669512431637437,0.030730430700145278,0.18053263204549552,0.11977622227054954,0.06191897198914616
610,0.0,0.2176947023131993,0.10604755105039741,0.031931115323596236,0.05186977294009797,0.053799506131257155,0.12635476683244312,0.08128294641917248,0.15944731573590634,0.11594442156503094,0.05562790168893057
611,0.0,0.21109765635155256,0.11072501817299946,0.03361881791022703,0.05348943685256742,0.051835391509959416,0.12425337838068251,0.08748048510176548,0.1561355252560615,0.11686522492407503,0.05449906554014122
612,0.0,0.18881380919569837,0.12540262614616646,0.04005513274198012,0.060407776146714796,0.04187260260170333,0.11777231564776079,0.1166569374187877,0.14371489427688952,0.11514613291043056,0.050157772913899994
613,0.0,0.24067168853723256,0.06739656835861081,0.012124273524090031,0.07799813275332546,0.07321962621404418,0.16073496516508906,0.05821761003709458,0.12892797751643606,0.1335027382254141,0.04720641966869499
614,0.0,0.2575307253613606,0.05295909897407264,0.006281462692814766,0.07543110182177153,0.08439958589025802,0.17173770040826036,0.029920181897686318,0.13316752045563496,0.13748498842882695,0.05108763406934565
615,0.0,0.18044763224771673,0.12831062816597075,0.042248698461568486,0.05719860062307491,0.04329044184897947,0.13727598441931066,0.12089078251096051,0.12535571620836053,0.11537305539575551,0.04960846011833429
616,0.0,0.16352574581497667,0.14708920308064416,0.04633732236310166,0.05486560605970823,0.03670618312989325,0.12068034904903858,0.14548466310016125,0.12665339156154304,0.11326196936187277,0.045395566479092306
617,0.0,0.18436179952981205,0.1400077687975726,0.03260065598337104,0.04849674463796452,0.050931417233208216,0.11114211020446976,0.12154999073204223,0.14507606653500196,0.12378191509597125,0.04205153125061858
618,0.0,0.2606971162468103,0.07569971241859783,0.006289165423257091,0.04397391998721764,0.09405224998424029,0.13727284715731383,0.0010654831849976714,0.17871571173962209,0.1469882808046602,0.05524551305331503
619,0.0,0.24519291298302265,0.08371402467332992,0.01421631079055558,0.04798843678541122,0.08694010041158892,0.13446677511082294,0.015267165022573638,0.17174275849090015,0.1441431151791494,0.05632840055267785
620,0.0,0.23273558091132204,0.09149855501844212,0.0194132022006097,0.05059642754703429,0.08175759853038168,0.13120583447475223,0.02802366825176251,0.16601784486983626,0.14278310722628873,0.0559681809696029
621,0.0,0.20856230411427443,0.1058851495934371,0.030153682783808776,0.05639893505106658,0.07004463086236319,0.12360038774633825,0.05805665535418767,0.15586307159611928,0.13603365909213613,0.05540152380630096
622,0.0,0.15185677641970283,0.1335088940380908,0.050476985079029486,0.08142714307309071,0.04091535804631694,0.10603420989132793,0.14576594989933445,0.12572291652883216,0.11462846198028964,0.04966330504401728
623,0.0,0.23262412283465286,0.060194875586669715,0.007706550307881892,0.0905435958408943,0.0894016737185066,0.15633055761172393,0.030657825419316654,0.13130001520424614,0.15281196247167259,0.048428821004467604
624,0.0,0.24023623776083028,0.05440099366203881,0.004159385053751623,0.08842793572445128,0.09629144201784769,0.16257934841087085,0.013655671956630559,0.13244750173074293,0.1583225542795573,0.04947892940331115
625,0.0,0.24012804159985388,0.05568715860336197,0.007328176872060091,0.08150993266720326,0.09834018079824561,0.16820001741675786,0.003366646903949496,0.1323393561358484,0.16064955740130024,0.05245093160145178
626,0.0,0.1842887151931908,0.10526197237873702,0.03819425637719913,0.0704168749017447,0.06750719072596592,0.1411904829739028,0.07840942002214107,0.1251852207129978,0.1343270658732824,0.055218800840870906
627,0.0,0.1745694874222976,0.113599253924074,0.042525536416280915,0.06937647805252196,0.06431017462029465,0.13507174809045244,0.08990888797924768,0.12448729793737537,0.13084574185040257,0.055305393707085454
628,0.0,0.1606615315005761,0.1260058745575458,0.04886338263167911,0.06776431235116888,0.058428419256573404,0.12554659682294497,0.10869809528351382,0.12407796255277617,0.12459325289181322,0.05536057215144117
629,0.0,0.14732349094030284,0.13861065018875082,0.054512776896239776,0.06608937704344187,0.05265351776926389,0.11477362851808087,0.12792585060804357,0.12489177911454924,0.11805139412444153,0.05516753479691819
630,0.0,0.1391454706636929,0.149113498351568,0.05606626152949729,0.06405232632104484,0.04979916706753053,0.10346379331744535,0.1414717497851419,0.12887083310022654,0.11402516042812372,0.05399173943576164
631,0.0,0.13996585310493656,0.15009842262800566,0.05398508791243545,0.0635973034146469,0.05236589716064556,0.09984075883531326,0.13902679759851183,0.1321257301026051,0.11565997439019163,0.053334174852740696
632,0.0,0.18042936567856172,0.12679999567402034,0.025791146338275457,0.06123353669464392,0.08026051804783818,0.10846899203652205,0.07619777065605948,0.14826245427983625,0.14457301321101274,0.047983207383262276
633,0.0,0.21707692211489538,0.09757702961241745,0.005581544992015035,0.06166725648049972,0.1063143576746134,0.1255918648125853,0.008801998075399156,0.15638983520743957,0.1747030265250163,0.046296164505151165
634,0.0,0.2152179733254068,0.09924580025830902,0.0054616641797253715,0.061600867855117564,0.10725087606942327,0.12567155866412286,0.0074494383042792165,0.1544904259944634,0.17757634462960345,0.04603505071958169
635,0.0,0.21441319771472375,0.0992425498875925,0.005303691336688115,0.06185300619254889,0.10899863627457432,0.12665804542751957,0.0035020945045562833,0.15251563165987764,0.18150121782307163,0.04601192917888003
636,0.0,0.21092718653287856,0.09856230051405344,0.008256876446754978,0.0632890774936838,0.10916301524523397,0.12751077556783436,0.002117982239974075,0.14920113978173116,0.18396653335392604,0.0470051128239623
637,0.0,0.20617414132791492,0.10078637917578175,0.010737397319781138,0.06393343050556315,0.10835395146775074,0.12664197382544126,0.004950222053498684,0.14623055704520665,0.1847387001461555,0.04745324713293897
638,0.0,0.12753708757137838,0.12374263695355445,0.0627162915766731,0.0953008811113848,0.056787990193803164,0.09616360321107136,0.13587051600850722,0.12227671570152154,0.11769356471856014,0.06191071295357853
639,0.0,0.185430996799747,0.07751571681971729,0.01525354477164817,0.11006025486337663,0.09854980560545684,0.12966393703307796,0.04225655863812293,0.12336327626382917,0.16766034559400797,0.0502455636110488
640,0.0,0.18470828699439606,0.07853737883721917,0.014374487535947776,0.109573295671495,0.10093910063260109,0.12959181767523686,0.03953480614935542,0.12310340481111784,0.16945238559711318,0.050185036095550396
641,0.0,0.19798052233727523,0.0733757491488157,0.009280356201848746,0.09865575847927653,0.11421125325497276,0.14188245735059732,0.0038911913637602155,0.12270622928947797,0.1902987060314448,0.04771777654256364
642,0.0,0.1276991451428791,0.14640298015019163,0.05832917731353942,0.0698124150712034,0.06495567558201909,0.09143486365639318,0.12905281493563678,0.1310084718349651,0.12120372694986328,0.06010072936334193
643,0.0,0.19137546496992092,0.11160043516827733,0.006528171213637213,0.06896966114382949,0.11394452032482058,0.11873909474951469,0.013646653054031581,0.14199956501378888,0.18732818544249616,0.045868248919716026
644,0.0,0.1936085874947147,0.10879634282226305,0.004737838190458426,0.06942355621539398,0.11820451338713216,0.12139034256974955,0.0038320514123816795,0.13976983704835796,0.1950610404822318,0.04517589037734957
645,0.0,0.1845210912288188,0.10701669085901044,0.014868519065516884,0.07258153021204718,0.11449651106750892,0.1203315038501995,0.01106868811140118,0.13390323060689072,0.19386524212504552,0.04734699287359402
646,0.0,0.13050478625762243,0.1202324658842887,0.06088235388368857,0.08820051679807947,0.0756154357349637,0.09592027626719311,0.105271143680015,0.12257474579452249,0.13942524260966171,0.061373033089997926
647,0.0,0.12333085984583918,0.11285177449365569,0.05982549071744809,0.10703122041238661,0.07081258314515859,0.09173682997025091,0.12517194144178687,0.120382535422491,0.12472896959291443,0.06412779495810197
648,0.0,0.1338207403431454,0.10457528869355517,0.04801198999181598,0.1117548336503963,0.0809759611608427,0.09708581329772767,0.10537867503699759,0.12105831169961279,0.13590999187048797,0.06142839425545191
649,0.0,0.18376662867590735,0.07591443345399154,0.006040882666812575,0.1083934796609799,0.1246226941070046,0.13131837284897974,0.0012869570217579635,0.11847396485436197,0.20297475305297047,0.04720783365726745
650,0.0,0.11485005785607377,0.1395881013725051,0.06880708768796767,0.07561687791789119,0.07069786411325656,0.08668988591133649,0.13178556428825766,0.1235758254135162,0.12294926811400587,0.06543946732522328
651,0.0,0.13412157780528267,0.13792005852352074,0.04548678541146144,0.07326640848136519,0.08759771687743176,0.09177148752060794,0.09766435849688732,0.1301487836940294,0.14156601513438707,0.06045680805506043
652,0.0,0.13976560630213528,0.13571502422279214,0.03895984737928326,0.07339554711698107,0.0941661073343162,0.0938462953266462,0.08479457513742292,0.1306978952733461,0.14985740408019033,0.0588016978269203
653,0.0,0.1736505176049905,0.11829592639058116,0.005967046565795536,0.07422840508581949,0.1260892248413461,0.11384446990993631,0.01120017563706694,0.1297003183022635,0.19857522394132085,0.04844869172091343
654,0.0,0.16480513681641984,0.11198608409354573,0.01965107340371221,0.0778591447698476,0.12271329141787696,0.11339450908070024,0.017938373615101384,0.1216157799844719,0.20042886525697656,0.04960774156138146
655,0.0,0.11658222778842718,0.11624171025468841,0.06925925547514977,0.09365797753813565,0.08211531716851486,0.08713861569583742,0.1154328240951233,0.11556922809947101,0.13953755268633325,0.06446529119835293
656,0.0,0.1136742493700219,0.10922315747890214,0.06724912207934773,0.10735061543808898,0.07986299327997436,0.08351461376267176,0.12648415981831224,0.1169259389665596,0.12869888236953192,0.06701626743662298
657,0.0,0.1314081913635189,0.09685184243521927,0.043966252472194836,0.11662125949322275,0.09728409572451062,0.09324207691296303,0.09094514960730073,0.11834650220830922,0.14844535545111798,0.06288927433167654
658,0.0,0.13397028118181423,0.09537917866203852,0.03983778080067554,0.11730440290292805,0.10208986508538744,0.09442582660107393,0.08326020526617008,0.11847541806748703,0.1533900879485397,0.06186695348391954
659,0.0,0.1462339498516146,0.0893633998339997,0.02422240572886564,0.11919899997687622,0.11631439620445778,0.10255264530834204,0.053809969023875186,0.1181434322271448,0.1718088685415648,0.05835193330329341
660,0.0,0.14938987333640114,0.08837351422982158,0.01913016892937157,0.11888062679690344,0.12232411679948203,0.10495040486324106,0.04336569775971748,0.11764489276621254,0.17864532559183263,0.057295378927050944
661,0.0,0.1500685406593046,0.08866925766662313,0.016784641181196682,0.1181988902865419,0.12604702138102392,0.10569995152923889,0.03835234057304955,0.11720103651134581,0.18197605397145292,0.05700226624025704
662,0.0,0.15502370524502684,0.08739955091956904,0.009654633365141189,0.11695601997628803,0.13428803000246062,0.11007269190195229,0.022601794284921907,0.11600476351200631,0.19246095747080397,0.05553785332186415
663,0.0,0.15773223536871833,0.08987815814493795,0.004239792350679516,0.10834758091098165,0.14779754205123471,0.11608224659591833,0.001243946556702001,0.1108393780642253,0.2092002980361582,0.05463882192047863
664,0.0,0.15554317694815586,0.09183345174270792,0.006148278293766455,0.1055995519017975,0.1489498602877988,0.1154342971536412,0.002214437372122922,0.10960289063980243,0.2093641202576387,0.0553099354026029
665,0.0,0.15234484077318702,0.09407987686017666,0.009905815377367493,0.10229132918684813,0.1488783100257974,0.1139726731479996,0.005967608749506272,0.1082388466207862,0.2081995394692628,0.056121159789103016
666,0.0,0.15051182164459076,0.09558288121066166,0.010809948553743905,0.10084566773644885,0.15014486577385977,0.11296214168290718,0.007069133508390971,0.10770267889542103,0.20735876834448144,0.057012092649529014
667,0.0,0.14370966210252412,0.09874257301160413,0.02133436605549041,0.09560479151237761,0.14549486026206887,0.10843288938953369,0.021259231717013268,0.10590357191162451,0.20146939412268183,0.058048659915116145
668,0.0,0.1133874713056746,0.11025866198926743,0.06933039569264444,0.08207023627799868,0.11134905280360255,0.08292949865134258,0.10498721048512367,0.10460726998615304,0.15921708937694795,0.06186311343127946
669,0.0,0.10687456384951967,0.11296300727400771,0.07798503590778508,0.08051571456748312,0.10476305486881692,0.07503086755884812,0.12521217899953688,0.10634325575968136,0.14772967923184502,0.06258264198251068
670,0.0,0.12297703484124815,0.11366388600787163,0.043241271634988684,0.08746354892309037,0.12607478218158086,0.08311830476502224,0.08491213734380548,0.11547256200758507,0.16039322171144596,0.062683250583396
671,0.0,0.141316850285941,0.10841781713112802,0.012138606823500396,0.0923631310000668,0.1514394575863602,0.10028148204913573,0.027199769486132556,0.11558233869124396,0.18906147873266746,0.06219906821385843
672,0.0,0.1476073908698105,0.10199255308382844,0.00482102917333031,0.09133229513972686,0.165306471281613,0.10905563492944478,0.0014323307680544008,0.10838127626945776,0.20536276883272073,0.06470824965204815
673,0.0,0.1468414056293615,0.10084325848000382,0.00714772159140218,0.09009557812985816,0.1659473417237051,0.10870045930857299,0.0029775635831709264,0.10639824668760912,0.20526320419092298,0.06578522067542832
674,0.0,0.10952809184445993,0.08934464400647449,0.07988279435823148,0.0914027700034322,0.116158083209879,0.07236945975122189,0.1275066199148349,0.09247358488449936,0.1587660876982793,0.06256786432872243
675,0.0,0.12434793628779128,0.08877570449448087,0.04338040932010805,0.10418618417574413,0.13615926702963518,0.08117821456298475,0.08604539186753349,0.10255294670768783,0.1662283847485408,0.0671455608055285
676,0.0,0.12568039494535652,0.08875370728100875,0.04019977666048033,0.10391151922134541,0.14017451309857246,0.08157245205725586,0.08096846729562003,0.10298474864381453,0.16857417822363555,0.06718024257294558
677,0.0,0.127761738261554,0.08892252673954489,0.035368885197215594,0.10371014474950528,0.14534632548732077,0.08292046978779039,0.07291699832714199,0.10372452257741213,0.17166438927369249,0.06766399959885777
678,0.0,0.1449650996927109,0.09169453242119958,0.004547095947220584,0.09852202142600475,0.1747221990188246,0.10365372045384602,0.0016053538231338867,0.10718718299501884,0.19944751251700296,0.07365528170507295
679,0.0,0.1316981076584563,0.09243368371337458,0.03820328292127586,0.08477491846340317,0.15771768471714645,0.08966187625116523,0.04722439869663422,0.09989748848053302,0.190206126437834,0.06818243266021226
680,0.0,0.13016807634989588,0.09130804049799503,0.041371100928734555,0.0813824661699641,0.161914967613931,0.08438675567627568,0.053437043166997406,0.09993257203452084,0.18621850861966247,0.06988046894205821
681,0.0,0.12114870052952723,0.08913360642992356,0.06505215821412076,0.07629867264003432,0.14710713486108956,0.06930174728418896,0.09743117605374121,0.09560896429344058,0.17748339038083086,0.06143444931313833
682,0.0,0.11734535453873873,0.08732759907263714,0.07561135224368741,0.07476651557550863,0.140457019153998,0.06060552572367749,0.12066938615579409,0.09383492471910401,0.17319353366560872,0.05618878915128122
683,0.0,0.11494775468181767,0.08557611196503659,0.08233930740656427,0.07481276414933624,0.13536852094783694,0.05286266110491182,0.14095620435193112,0.09284258304156678,0.16957673289412872,0.05071735945690543
684,0.0,0.11566030991158126,0.08399619241151915,0.08239775974495427,0.07536590847562556,0.13616874602240667,0.05047812598091718,0.14404076054411197,0.09298329667617716,0.16995037459709247,0.04895852563565012
685,0.0,0.12520240567076074,0.08580495382943143,0.053896809429477666,0.0833415818829887,0.15179476769444555,0.06300597392637546,0.11068286206886666,0.09928303578813485,0.17151716501417635,0.05547044469537833
686,0.0,0.12791658729361194,0.08477145039275608,0.04889080851791873,0.0841207214615869,0.1562037864693406,0.06501762901918248,0.10309037751864496,0.10014554704456166,0.17286046045440803,0.056982631828024516
687,0.0,0.14505854892592518,0.0850169657410422,0.0034880663535665113,0.08905108112936881,0.19155048457570578,0.10876977059083176,0.00306858510477403,0.10351898814325201,0.18240304334633514,0.0880744660892346
688,0.0,0.14437560412334455,0.08141624642154732,0.009668701080965385,0.08556973733746454,0.19087008817021517,0.1105915061015944,0.006480414622941468,0.09825008137461715,0.18228995017250949,0.0904876705948365
689,0.0,0.14093796079254933,0.07638701181466936,0.024279611704699625,0.08078569783374918,0.18454282105219172,0.10642915053128771,0.02677504103157928,0.09004978926096473,0.18175056414193544,0.08806235183640977
690,0.0,0.1250760265178121,0.06459790447710272,0.0755266682753667,0.0712367295467988,0.15227296916642652,0.07549239960523597,0.12598490881713564,0.06563563085602186,0.18115885690775785,0.06301790583037792
691,0.0,0.12319729779573917,0.06314597327990087,0.08177960380604367,0.07091253499944584,0.14720019490351963,0.06419002325787311,0.1509211768116297,0.06225540807108472,0.18157976341113724,0.054818023663662056
692,0.0,0.12480157807679615,0.06341890660596372,0.0779317307519396,0.07166147490554581,0.15008641750404558,0.061470986197874285,0.15097109040473317,0.06358185335732422,0.1826655539078315,0.053410408287982075
693,0.0,0.1345610675306581,0.07214434394608804,0.04462829775176341,0.07753198303596275,0.16997309179347606,0.07245372848186166,0.10108817038968833,0.07967226601072017,0.1795807196531115,0.06836633140670628
694,0.0,0.13484359127358636,0.07334636244697786,0.056474891443631145,0.06718217898828419,0.17278016247461533,0.06701482296857485,0.08662234646121615,0.09193898858703746,0.18102016685194933,0.06877648850416349
695,0.0,0.13273035690703397,0.07092459586016403,0.05881467959002966,0.07263184160541422,0.1646388322811253,0.05505723827973227,0.1279612410321603,0.08497012093390831,0.1835813308393834,0.04868976267108467
696,0.0,0.13452451343469762,0.06941773642391581,0.057017677633046666,0.07286256174835612,0.16698694793418795,0.054692931074738736,0.1261621912824506,0.0854071389710058,0.18416634179816596,0.04876195969947103
697,0.0,0.1569793788342828,0.0681172407947372,0.0038743866193232347,0.0737887360854642,0.2115454223319528,0.11038049503922547,0.0024823641481664382,0.1013467953501498,0.16028155280760398,0.11120362798913044
698,0.0,0.1398868686635216,0.04925732406251044,0.07229569072646407,0.05604623278325684,0.1732344030563232,0.07156311783022057,0.13117047240011162,0.05508457962513359,0.1910351704727461,0.06042614037974861
699,0.0,0.13803142779588815,0.04783139085863369,0.07957807551538294,0.05490560094759268,0.16747909743245648,0.05731223483085692,0.16256390904502185,0.047524244580162495,0.20059294094976196,0.04418107804427959
700,0.0,0.1393625792953113,0.048115206754090624,0.07652388795966591,0.055397466629448326,0.16978535951398363,0.054174203881456565,0.1641693573836053,0.048146785580526805,0.2026500265078865,0.04167512649406188
701,0.0,0.15322399160071284,0.0654585892288654,0.021600798209530755,0.06512431880039887,0.2013659152471115,0.0815186805827899,0.06498790915388904,0.08543414367186919,0.1743470089240181,0.08693864458085107
702,0.0,0.15639745765794127,0.06807483136764064,0.011601794128733797,0.06537125944168912,0.20936797330911636,0.08889646073598662,0.040257598976568984,0.09436501813814292,0.16576278443915818,0.09990482180505884
703,0.0,0.15731414855826034,0.06834209941692164,0.009560773618752322,0.06451752059908239,0.2119833275338689,0.09041101081868456,0.03494485583177257,0.09638399599254434,0.16309702167341045,0.10344524595673946
704,0.0,0.14319680303711585,0.04825560117154101,0.07956109952869,0.04948122552994165,0.17649906061950107,0.03824440535319529,0.1641634224422489,0.061756945514162186,0.20517385314351866,0.03366758366012122
705,0.0,0.15052868118353002,0.041916420042379846,0.05893117642516542,0.053640221710256154,0.19300770660182978,0.07808162690846705,0.102775530840901,0.06291215989871712,0.18122432834348115,0.07698214804530801
706,0.0,0.14811460361520437,0.038004888391850615,0.07219014816144972,0.050033822724304323,0.18586394180413832,0.06316250721004109,0.1388600825777538,0.051162454617732674,0.19558021050557028,0.05702734039199035
707,0.0,0.14945475995449348,0.048419438888340986,0.05674947662241585,0.0528151747032983,0.18936883288518624,0.05368200018359495,0.14502096824636074,0.05397055688597907,0.20408184482379216,0.04643694680657413
708,0.0,0.1585524607193065,0.0616134308658106,0.01832374912424532,0.05828630642818621,0.21186905122434443,0.08073462322920855,0.06194510470681596,0.08640224313872635,0.17057845044819028,0.09169458011520179
709,0.0,0.162549926948689,0.06554985644508046,0.005317280285632392,0.058434053623485506,0.22153049355889065,0.09396733081608918,0.02372462770450101,0.1015081302440537,0.15206822398599534,0.11535007638761875
710,0.0,0.1519721081914572,0.04369104030927049,0.07095997821803997,0.04100260577629136,0.1917385789538716,0.0484207817510998,0.13979164364731128,0.06469046118159616,0.1954577247755471,0.05227507719555114
711,0.0,0.15190857678063835,0.042211041281111694,0.06418029964602907,0.04904132627428197,0.19109740640932005,0.03995390400032537,0.16342147303142646,0.05446556844648151,0.21373796653100768,0.029982437599413877
712,0.0,0.15524762061037947,0.043135620146922654,0.05268574320568414,0.05265929539021483,0.1976879230189022,0.04703134364691149,0.14423191367679042,0.06077275633439818,0.2066345732911741,0.03991321067865866
713,0.0,0.16632810861835673,0.05053300862684294,0.0078612829745343,0.06330015271360626,0.2238699084749099,0.09477146175097188,0.034978417741605684,0.09533864909033556,0.15410694402121594,0.10891206598765715
714,0.0,0.15438383610330472,0.029894650038672418,0.07688660617321352,0.038786921914038514,0.19108871817243225,0.049861867009084966,0.17132237678735524,0.03497812259910901,0.2138330085256076,0.03896389267721797
715,0.0,0.15510360372852652,0.02903995003482666,0.07707970369710773,0.03839120278337678,0.19196762616233126,0.04671030500837644,0.1754264889257523,0.03393331353477094,0.21681691286931323,0.03553089325565449
716,0.0,0.15581779778195884,0.028344262571386985,0.07698089597026933,0.0381177743554432,0.19292001981530071,0.043786203658330566,0.17893472599750998,0.03314276839621652,0.21956678526367254,0.03238876618994764
717,0.0,0.16437798437689555,0.052211345674731305,0.02546384439341979,0.046581321619035713,0.21675780177293377,0.07152986310938503,0.08827457630777635,0.07340255419581297,0.18074705735867197,0.08065365119137394
718,0.0,0.16944520307653316,0.05258009753646301,0.021670492017484035,0.04181932793750973,0.22556729274910803,0.09274637898768155,0.02760020489893149,0.10449787986652606,0.1351871702642987,0.1288859526655007
719,0.0,0.16850877426671226,0.048901916202239826,0.03023031737700929,0.03947724876430425,0.2220207027147429,0.08562862686626492,0.04520775836606577,0.09839946259358574,0.14242534220225356,0.11919985064685794
720,0.0,0.16522050545660832,0.04033030906727161,0.051437561631782404,0.035370827908377055,0.21195857269851567,0.06449092906028708,0.0964013694143959,0.07950923900255996,0.16854986703972696,0.08673081872051158
721,0.0,0.16503481314588786,0.03795838655594733,0.05539561103386804,0.03483148504495678,0.2102927335364492,0.05905227797322809,0.10824666395744051,0.07541451072365439,0.17459829487934042,0.07917522314926413
722,0.0,0.16465641875901424,0.035109247051484375,0.06029777906316404,0.03439621879831389,0.20806452330010214,0.05195895617843225,0.12370929125255818,0.06991695545745977,0.18307551680935,0.06881509333015805
723,0.0,0.1615946380692726,0.026775776512753955,0.07454596972418244,0.036164494843663526,0.19963012946480577,0.024317575960388287,0.18726508889367613,0.04419307644468175,0.22560943329148453,0.019903816795128194
724,0.0,0.16249904215610395,0.025711702052890476,0.07239131688031046,0.03808381658534724,0.2007239302761761,0.02196747967765898,0.1901199637414195,0.04322323686606396,0.229163282271862,0.016116229492204332
725,0.0,0.1761950657115161,0.03888946762652335,0.0026329121882113235,0.05655004659867621,0.23571972319775777,0.11291949444505782,0.0031854865993561914,0.1055406528523124,0.1213442421347974,0.14702290864582854
726,0.0,0.17385698443850028,0.029939972298280694,0.027601559378871137,0.044855267807719576,0.2258765753076205,0.10317358717271874,0.042309132348290306,0.08554732234206557,0.13525296644085,0.13158663246512065
727,0.0,0.1738130968582522,0.027380487723540847,0.03347070932694226,0.04203127402242663,0.22385142473739275,0.0978521175333936,0.05616390017688394,0.07948004815985893,0.1420864107942756,0.12387053066707068
728,0.0,0.17253893024721212,0.023572101244575493,0.0453084604403297,0.03709781445331559,0.21890487879934767,0.08561582774230712,0.08682655375782526,0.06620535769007498,0.15914622589717753,0.10478384972787223
729,0.0,0.17223733763649138,0.021501350180491905,0.05087521562149324,0.03468438407637789,0.21683533184745524,0.07848679395787392,0.10310745751296545,0.059444821054826735,0.16860407181486894,0.09422323629719302
730,0.0,0.17215422176052164,0.019945408258101125,0.05472987058083988,0.03300963754587305,0.2155192230415627,0.0727534994744298,0.11539460104620164,0.05452160196351109,0.17595437790826896,0.08601755842072802
731,0.0,0.16746570150091442,0.021192468499988668,0.0713550913389843,0.02461024751144378,0.20614464246665665,0.036710197704938066,0.1930222404205468,0.021815760098299993,0.232064063143893,0.025619587314372593
732,0.0,0.16791610349419112,0.025350468921938304,0.06560912195439762,0.025158174911158966,0.20837351856609687,0.03404000912779856,0.1923906459379841,0.023015643113899472,0.2360980615190859,0.02204825245348739
733,0.0,0.17354323874171487,0.043559315755757264,0.028234714992239927,0.03183799365801493,0.22448534579549972,0.06263235192549066,0.11080336669476373,0.06041769168660893,0.1930209364958133,0.07146504425413511
734,0.0,0.17383849172782295,0.04406290081182996,0.02672950698982084,0.03225614974519018,0.22521919043848246,0.06367181061106322,0.10710094891312794,0.06236719301175548,0.1907219554986017,0.07403185225234378
735,0.0,0.17487779716056623,0.046271461404851756,0.021254147390796653,0.03340709736185054,0.22766660673723338,0.0696743973255557,0.0912516625474101,0.06982117505028979,0.18061574741151196,0.0851599076099726
736,0.0,0.1758547903643738,0.04827858362599692,0.016259313269983797,0.03443759542262329,0.22980805222089087,0.07587996311048646,0.07558019537778556,0.07714808102280178,0.170222395816113,0.09653102976898306
737,0.0,0.18046998696187516,0.049543049924205294,0.009299367317518134,0.03356944677774734,0.23503418050465916,0.10404668226481421,0.00874541758942325,0.1121114598576557,0.11229417685573419,0.15488623194640616
738,0.0,0.17806950394228357,0.040113290067373665,0.030794820152886655,0.028452944891061434,0.22640360075739757,0.08548805111165246,0.052797754800953146,0.09596656762594573,0.13277618836124305,0.12913727828924135
739,0.0,0.17598628738526872,0.034021840015211115,0.04385963135709501,0.027838322534333906,0.2193216275999676,0.0677345959201707,0.0911608778758173,0.08145316692112362,0.1543053447172918,0.10431830567375883
740,0.0,0.17246871265903468,0.02511301252653545,0.06243810885246075,0.02645609943356693,0.21130062988663761,0.0369302038046701,0.15737013639653513,0.054848357015364745,0.1975895371256209,0.055485202299612416
741,0.0,0.17947234200026274,0.0330430481025573,0.006526931222263875,0.05361076033763305,0.23283449142272428,0.08926156729552503,0.04244636906221983,0.09258479654394026,0.14977336318690362,0.1204463308260088
742,0.0,0.18166934289801406,0.03264494999559156,0.0018289761152470725,0.05413007023889377,0.23466526070670946,0.1090262577043889,0.006551760834556149,0.10580339575979936,0.12062737018207237,0.15305261556476626
743,0.0,0.18211472006084437,0.0312999973729567,0.0038207012385374065,0.052912138558596146,0.2336915767543792,0.1121691533470792,0.0034185014119476813,0.10620352960114776,0.1159252600860722,0.15844442156847832
744,0.0,0.18178808146054196,0.028400483789188552,0.01127151850941736,0.049411334917595105,0.2305196214488408,0.11114680087730894,0.011746547305718585,0.10178823543725755,0.1160203915252614,0.1579069847289086
745,0.0,0.17965573715850314,0.023651788094718317,0.027799472453946174,0.04230651828857722,0.2236687198487717,0.0976654848307192,0.048494586688398574,0.08587288006524148,0.13272960601688782,0.1381552065542753
746,0.0,0.17957346443357164,0.023208900099366176,0.029035157643200502,0.04206867267945925,0.22278829289204313,0.09614883691729464,0.05202268386706121,0.08421399086414491,0.13512552040947487,0.13581448019442255
747,0.0,0.1761427148834321,0.019679247142898253,0.04717565626796153,0.034398742675856804,0.2151129049568372,0.07277805752815185,0.10673257251271553,0.06169805015673411,0.16625607796357636,0.10002597591187534
748,0.0,0.17356280963801912,0.0189336635077826,0.05745224043567299,0.029940325739485713,0.2104447778094261,0.05480914599584272,0.14560456882605557,0.04617982471063734,0.1908718568019783,0.07220078653513855
749,0.0,0.17317414093133754,0.019116053957821406,0.05803140512800007,0.03036807857835262,0.2095986459893518,0.052551393788880456,0.14899503357247162,0.04546984038891264,0.19313842522755542,0.0695569824373557
750,0.0,0.17442024212892712,0.046766738042177056,0.025924657922412535,0.029635054916767472,0.22080107742913543,0.05681617607240274,0.11593603976880464,0.060057357221908844,0.19908508655738413,0.07055756994011915
751,0.0,0.18088866039346166,0.055825952388497455,0.0022481995377928612,0.035130602145591515,0.22924108314474495,0.10171617822530384,0.009278249496293384,0.10839603066698998,0.12848548234703708,0.14878956165432652
752,0.0,0.18065014344897484,0.05507583366753956,0.004406126326227184,0.03535949478496473,0.22738865990248966,0.10392588804574314,0.005055494456197032,0.11096378330681093,0.12285091695689528,0.15432365910419701
753,0.0,0.17863047962948084,0.0483984333940311,0.02006933350366031,0.03278843195943708,0.22039052814791887,0.09279227142745039,0.030960938679614608,0.103960872312958,0.1284716876366141,0.1435370233088741
754,0.0,0.17165137597428498,0.033930662730431584,0.05423122525052953,0.02808451571139017,0.2066514562679075,0.04418252398366804,0.13776956948217547,0.06519009972274446,0.18453375903843158,0.07377481183847626
755,0.0,0.16904581967571614,0.03067574996422437,0.06113404893530731,0.029400303411376352,0.2032700189356027,0.027159092169591767,0.17266793234042002,0.051876723257552784,0.20722103485714477,0.047549276453103646
756,0.0,0.16744420449180736,0.029042960754384915,0.058266843603012576,0.03561018715780679,0.2039018473551791,0.01521322544513234,0.19445696772861626,0.041585980815886305,0.229905875723764,0.02457190692445033
757,0.0,0.17565392119636428,0.03677460599966105,0.010355045177621602,0.05710259475954327,0.22130479533091468,0.07674905115757157,0.06223536712393885,0.08293862973809005,0.17303706961757007,0.1038489198987646
758,0.0,0.1774150443913441,0.03756475607479371,0.0035526525546502605,0.06008693698806601,0.22281916654584863,0.09351274487101137,0.029601460671905687,0.09338385746724387,0.1541330260653354,0.12793035436984088
759,0.0,0.17847065992138014,0.03694597997462245,0.0019102674968979579,0.06088662324799711,0.22219955928540297,0.10687441746834547,0.006838321741121432,0.10008752708272627,0.13804975555422005,0.1477368882273262
760,0.0,0.17693438147148016,0.03852465276054597,0.002015721187804273,0.06401187312943854,0.21738454369183682,0.10883919781125381,0.006041288514810727,0.0957926724053435,0.14599470825864092,0.14446096076888512
761,0.0,0.17657375348723572,0.03811599845683581,0.0036848683602003197,0.06394498693552676,0.21550669882280363,0.11130057516906317,0.004012855198437462,0.09530270630000456,0.144265245046649,0.14729231222328312
762,0.0,0.16769282241367806,0.03234433137128448,0.04232564536577068,0.04714360807884962,0.19823485464491647,0.07277532232127966,0.10111848385847268,0.06444725170650835,0.17238634678338918,0.10153133345589054
763,0.0,0.16115323959184932,0.03675031456369745,0.05777409238162185,0.03767184000189781,0.1913452139580156,0.03574495791034774,0.1748249076141291,0.04342937550120235,0.20831080153877593,0.052995256938502426
764,0.0,0.16091046377909304,0.04990895272815628,0.04534720015498221,0.036162481542862765,0.19577587051825363,0.029764717516982616,0.17023364174426112,0.04841638867211222,0.21892134149752668,0.044558941845809205
765,0.0,0.16538231485349256,0.06189634794674104,0.02179397609235336,0.04058722686271204,0.20394917928214956,0.05353329463704256,0.10396283752023608,0.07224370481465804,0.19946627532234634,0.07718484266830826
766,0.0,0.16562980594881951,0.06449598966517471,0.01742396265483572,0.04289282050299304,0.20412546508009063,0.05936712962261607,0.08839345083917091,0.0778113017659546,0.19416330856948122,0.08569676535090354
767,0.0,0.1709524851099024,0.06818198124298949,0.006474182830025688,0.04603332821912172,0.205681305090326,0.09415696914540184,0.006412027966568902,0.10846656519442283,0.15268186704326414,0.14095928815801698
768,0.0,0.15650690948471446,0.046577693517075726,0.0529918911555807,0.04655346064103306,0.18661465087310636,0.01858304748155655,0.17993405799002152,0.05661233236278536,0.21461265030511825,0.04101330618904797
769,0.0,0.1560573515370536,0.047380795475238775,0.05011681465360451,0.04968259755236167,0.18656951155798412,0.01993917636026345,0.17560796456601402,0.05794277286374823,0.21449506332049076,0.04220795211328101
770,0.0,0.15553569774306128,0.04822190978995411,0.048345068821668453,0.05203835243416889,0.18595315964608816,0.021034000003266516,0.17191604989742226,0.0595841565452032,0.21359011854366056,0.043781486575546515
771,0.0,0.16849805230096837,0.048775460055051734,0.0022217149756935135,0.07438100554461091,0.20279056159167613,0.10451043704846404,0.005972088872586934,0.09074458740635757,0.16603598440437065,0.13607010780026044
772,0.0,0.16764338353442057,0.047892025114638054,0.005847352428421746,0.07416993385614293,0.1994694613641254,0.10688414716343203,0.005472710188960198,0.08967736711318455,0.1637739128148353,0.1391697064218794
773,0.0,0.16277938974558032,0.045039159885301966,0.024830290680473103,0.06787763622236428,0.1892123950560348,0.09119126568858492,0.04717097597678153,0.07989244923235289,0.16798178910202408,0.1240246484105424
774,0.0,0.15551636316346998,0.04540394116049007,0.04611922211641991,0.05914281786777647,0.17860046757148385,0.05828732209806158,0.11860365620039563,0.06570735966073767,0.18433423686135708,0.0882846132998482
775,0.0,0.1531429959172478,0.0648561230633744,0.037078861248673226,0.0502073121177542,0.18290341801371204,0.033593233106322645,0.1440717595150394,0.06728621040425127,0.20722647809852673,0.059633608515138804
776,0.0,0.15623529851506773,0.07249942612129888,0.02192922866442733,0.05328946510386578,0.1878652443335738,0.04948112761995464,0.0994402239359466,0.07972186675477612,0.20076765557443363,0.07877046337669615
777,0.0,0.16253645985371493,0.07786605075535535,0.00883610525147769,0.05534822401415196,0.18996483192521094,0.08752683468227015,0.009819395312902065,0.10447442241689808,0.1724875129289996,0.13114016285905994
778,0.0,0.16106380937851,0.07811198684238684,0.011111084200175751,0.05656423570763903,0.18709962355607265,0.08616062410305926,0.013778549964366803,0.10270922630372467,0.1737408493018434,0.1296600106422625
779,0.0,0.15931377462380716,0.07795904491604057,0.014538982525498997,0.05761102327330482,0.1836514607988426,0.08355897682696527,0.020783738120773203,0.10053518601700129,0.1750043946009664,0.12704341829684068
780,0.0,0.15694279574791953,0.07700380091799891,0.020325092531308302,0.058319213015932125,0.17905861736407486,0.07816918524078416,0.03451613510422433,0.09745574780790758,0.17643557861086775,0.12177383365902343
781,0.0,0.15349495830079232,0.07479501974010733,0.02970347227483484,0.05861517515555038,0.17281005531015606,0.06755876658638892,0.0604345812547946,0.0927594487944415,0.1786182909330101,0.11121023164996498
782,0.0,0.1475493811699672,0.06958622185442642,0.0462056051209515,0.0587399983881495,0.16367537568765206,0.04321625106399686,0.11742823032409196,0.08356640445858171,0.18451696130807563,0.08551557062414823
783,0.0,0.14389390460269977,0.06548690541361121,0.051430954835544204,0.06340117837746227,0.16082565297607773,0.02424149152656615,0.15905028322713555,0.07592761743605678,0.19424702630777307,0.06149498529711442
784,0.0,0.15231282911410984,0.06631001585276886,0.015843982972386865,0.08149565630934906,0.17750367014123242,0.06142396783418428,0.07434705322230477,0.08028738318411073,0.20068522074085768,0.08979022062873677
785,0.0,0.15269850496118784,0.06828968415938172,0.009044058372761905,0.0879485916264292,0.17593112211371517,0.07433393876634611,0.04768436516290222,0.08166316958822332,0.20214488941276457,0.10026167583632953
786,0.0,0.1549595472884135,0.06820167515945337,0.0020470668831121396,0.09256880288861637,0.17705545237645184,0.09248662266374486,0.011864047649412162,0.08180575179517734,0.20150184537215166,0.11750918792350865
787,0.0,0.15450790628291014,0.06869379780094871,0.0019418542215954402,0.0937986667632149,0.17561463263920138,0.09352305356498707,0.01038394393528516,0.08096612943605838,0.20311234895667882,0.11745766639916197
788,0.0,0.1540495062190446,0.06850636875158243,0.0029676870297487396,0.09525575073882153,0.1729344826816463,0.0980548931287371,0.003754561881517456,0.07963705105968091,0.20290546827026662,0.12193423023899636
789,0.0,0.15209649589691232,0.06808591800608224,0.008513522774988888,0.09534707226011442,0.1676103045392856,0.097259133892205,0.009521027621258147,0.07809475533743235,0.2010342313590855,0.12243753831267752
790,0.0,0.1487417228013317,0.0679089289565657,0.01758034754750937,0.09414983922580379,0.16035461100474074,0.08996863096915676,0.028778539535919558,0.07722663111995323,0.19771468675310713,0.11757606208595427
791,0.0,0.13868741761911532,0.07089409255040363,0.03922468067247542,0.09286088591424488,0.14025253110988556,0.0606338090395243,0.09169043101369984,0.0830914118056189,0.1878635618376354,0.09480117843743897
792,0.0,0.1352904848243426,0.07345057309468347,0.04571084975844707,0.09106897882360318,0.13451737233838065,0.047281438209668056,0.11684344393834593,0.08814856803585519,0.1824603891061239,0.08522790187059223
793,0.0,0.13428574452236963,0.07463635619298249,0.046523098028793564,0.09215779325058768,0.1320305611328274,0.044305417164946216,0.12104460565268406,0.09111389765517706,0.1809804839359332,0.0829220424637413
794,0.0,0.13410864219163146,0.08510452207465062,0.041102138447743956,0.08689547983898746,0.1348988504601271,0.032064409790153306,0.1277249205059306,0.10032857164295272,0.18219930531356915,0.0755731597342962
795,0.0,0.13589058980949356,0.08940893251157217,0.03400365283641199,0.08722680494910212,0.13791399912149044,0.03524131170519911,0.1118990065823897,0.10280746849419553,0.18690361396287006,0.07870462002731787
796,0.0,0.14442725857158353,0.10063989548806297,0.00991058022109793,0.0842793609141579,0.15283293687721028,0.058377449419203205,0.04199241138700733,0.09954774325314865,0.21003115525337612,0.09796120861519446
797,0.0,0.14637935547730957,0.10339383702934894,0.004830193032876797,0.08442285988903475,0.15435577177604448,0.06688139012963355,0.020863295973742438,0.09653105045572884,0.21707464984311534,0.10526759639320755
798,0.0,0.14678148291633622,0.10568204509889134,0.005956484475515733,0.08217838575284257,0.15093214648384445,0.0760897331964445,0.006330285284086929,0.09143359512418604,0.2210934143907945,0.11352242727710021
799,0.0,0.13926729024639525,0.10282224195417511,0.027982563987543625,0.07925456975391536,0.1321009801037287,0.06501006868765387,0.053704341084119346,0.09268228742652958,0.201385504040649,0.10579015271533289
800,0.0,0.13246715066730833,0.09432442962538776,0.04196173471145634,0.08534718002347062,0.1213866608382611,0.04447127782324915,0.1203403044764484,0.09692894830328003,0.17664283063095668,0.08612948290022433
801,0.0,0.13597807694896505,0.09243894053416257,0.031081769257007136,0.09164308853416889,0.12859868654653586,0.05305205356854017,0.09803897761853057,0.09290902040575856,0.1862398541213035,0.09001953246507055
802,0.0,0.14515177045205674,0.0884339026162445,0.0069680859738359795,0.10351937803372496,0.14625380815437863,0.07926367837790066,0.029086756309923523,0.07790814374219729,0.21702909837069337,0.10638537796908702
803,0.0,0.14623777019063244,0.08760099953263271,0.004710682606006747,0.10594989084372339,0.146814144076798,0.0830667455595609,0.019699084688516052,0.07569873934788696,0.22163970406063271,0.10858223909365271
804,0.0,0.1473045261861852,0.08628754175363666,0.0028187516765667358,0.1089815960201054,0.14701282434496887,0.08729947603799611,0.009098626510241596,0.07294153123709837,0.2269672731441879,0.11128785308905594
805,0.0,0.13699776106597034,0.0826189588195307,0.030490637330770953,0.11313464969980894,0.11970981809533998,0.06644692352781087,0.06050116877093769,0.0908321408274121,0.19928971798144243,0.09997822388101892
806,0.0,0.1332512374735072,0.08382626273545231,0.0394823675584465,0.1128149332796869,0.11000607579431416,0.05380032694458602,0.08769353911092599,0.10268987970837191,0.18471660987802932,0.0917187675167226
807,0.0,0.133899653904524,0.09478962298103158,0.03596448063699608,0.10448625485742939,0.11267267964115872,0.037337031906426926,0.10150614076774839,0.11785993522405921,0.17743868318896128,0.08404551689170733
808,0.0,0.14017647621613596,0.10172939129175577,0.020507187265644083,0.10032004436427422,0.12555706401558325,0.04643649730370091,0.06540469200089959,0.11052093278294463,0.19697695075067148,0.09237076400843315
809,0.0,0.14715810358834108,0.10949151433563033,0.0045601160302690255,0.09381440278070738,0.13885229314127506,0.06511959447286415,0.015222896789139826,0.0926353811483569,0.22558307947478037,0.1075626182386791
810,0.0,0.147579185068655,0.10935650610585451,0.004324110723876236,0.09522507590446547,0.13751458422004345,0.06565292951037145,0.013834948732401167,0.09127356507294282,0.22647712161582667,0.10876197304560652
811,0.0,0.14825174062959054,0.10980629793688573,0.0037247914683174077,0.09571323607519036,0.13649951377332406,0.06787554742253704,0.00968361138405997,0.08814062011755415,0.22908283014040284,0.11122181105218137
812,0.0,0.14563879991529047,0.11240129293136752,0.011813740043499275,0.09128602607633694,0.12598665945712015,0.07449804548320955,0.014733766428879589,0.08227689051679898,0.22649073404384212,0.11487404510369906
813,0.0,0.13929027805478675,0.10875716048242819,0.03389829583857593,0.09587829638489878,0.09278390230179363,0.07081578702427449,0.063151489265286,0.09744963485104141,0.19401691410943378,0.1039582416875244
814,0.0,0.14527557612014214,0.09803571952894417,0.03925353973812986,0.10667344179840227,0.07182078956135007,0.07484497718978536,0.08014501277064633,0.1193376489161578,0.1765023701715399,0.08811092420494576
815,0.0,0.14752121601854432,0.09625310031608235,0.03759860885392045,0.10781069865349006,0.07267706765619208,0.07543544594240456,0.07799323939555644,0.12017668107580182,0.17717030735057224,0.08736363473747914
816,0.0,0.15198819958868465,0.09409187894981903,0.03186194115992696,0.10857709829088488,0.07998770370795527,0.07525442337854268,0.06980435128689359,0.11692844124773136,0.18152371799120437,0.0899822443984007
817,0.0,0.15978022949232457,0.09270114144927963,0.018873498282488434,0.10841169005191906,0.09860615657102555,0.07497999658288317,0.04601803748068376,0.1016928744333823,0.1961574239414989,0.10277895171455821
818,0.0,0.16459670306271174,0.09216524496416927,0.011345546333346529,0.10846360949331701,0.10925752592738977,0.07520183670092022,0.029236606563719965,0.08984910758358175,0.20649347580329852,0.11339034356758887
819,0.0,0.16742853915188652,0.09144613433748691,0.00810482418204252,0.10874500191287806,0.11366717841632225,0.07524327089654216,0.020932457880947705,0.08373751100981383,0.2110939588469183,0.11960112336520545
820,0.0,0.170020192444975,0.09140976921626975,0.004929978370178333,0.10937415410783426,0.11797723129379376,0.07468671730561964,0.011322142046076586,0.07567512331539485,0.21652039865154024,0.12808429324836143
821,0.0,0.1645958479015014,0.09819671914037371,0.014252446656845453,0.11612042454064195,0.09933048339932753,0.06857383096123554,0.015198428387044298,0.0742191221356867,0.21626890673329113,0.13324379014409612
822,0.0,0.164145280651545,0.10759548483799124,0.024221480367642892,0.10719561761418797,0.08358525301496228,0.04849710838863761,0.05380330674768422,0.11756126390760333,0.18948076819610263,0.10391443627368672
823,0.0,0.1699172033070263,0.10609752965106864,0.01612904198324835,0.10319691422526447,0.0961631058273313,0.051719458219784444,0.039138463965897166,0.10802310417269187,0.1969781901717284,0.11263698847600298
824,0.0,0.17382407597639793,0.10253696892951747,0.01490543473866632,0.10542293011998218,0.095050514725082,0.05261579386419501,0.0368830870082176,0.10781108854689651,0.19732785152387725,0.11362225456721185
825,0.0,0.17963286067233786,0.10084193849785202,0.0040388310087817025,0.09434527580624395,0.11398669191084211,0.07358921556545474,0.003939328697566718,0.0750063096203944,0.21309464172176137,0.14152490649880928
826,0.0,0.18115977222715815,0.09891571254928323,0.004561185395689995,0.09515538844748143,0.11222113111101116,0.07485236166622238,0.003921116908741705,0.07420221920496074,0.2115091290192057,0.14350198347028958
827,0.0,0.1810930804790734,0.09696150927738424,0.007473374182112063,0.09619871341237775,0.10557276135485663,0.08021147599160948,0.005727616538500833,0.0739599000556393,0.20978487676297194,0.1430166919455185
828,0.0,0.17600565124257392,0.09491628421534523,0.019194229084700934,0.10043024237928232,0.0805345738000331,0.09212063764655964,0.02170304680632875,0.08525253044349504,0.20470167794555463,0.12514112643617092
829,0.0,0.17179725138667346,0.09247673490340631,0.03107963605385647,0.1057820508491516,0.05445654547214033,0.09912505729080706,0.044943644421651385,0.10564390714599026,0.19816241074185326,0.09653276173451443
830,0.0,0.17275464973487656,0.08998651348125736,0.03442431854155427,0.1077154620784312,0.04603803150599144,0.09984187592227137,0.05585102583655174,0.11684123513617616,0.19553355470882133,0.08101333305411333
831,0.0,0.19121340062400682,0.09056695921788524,0.008543532444401862,0.0950839455541031,0.10264561353303281,0.07679695004593703,0.021238199362647522,0.08407252172283032,0.19701182220802238,0.1328270552871775
832,0.0,0.19459399040869424,0.0895837360431035,0.005977041032882939,0.09423797516806275,0.1083610612425487,0.07432547848841649,0.014571533850006063,0.07803147678564722,0.19642169626272465,0.1438960107179579
833,0.0,0.19643944041155548,0.0911095719444766,0.004700945814350944,0.09568035331672367,0.11098012476201873,0.06945389805590398,0.005555680324506711,0.06963474913363463,0.1959324655227857,0.16051277071408793
834,0.0,0.1900792782117515,0.09590868926624714,0.01621551064798846,0.10747374927025159,0.08190784614226454,0.06592602755961291,0.016577413804524595,0.08269537484957815,0.19751356666498712,0.1457025435828384
835,0.0,0.1901451875739499,0.09492630035448149,0.01935221016772974,0.11109104560424561,0.07264705689614247,0.0657688669478875,0.02180335242997439,0.08993136837564973,0.19741507219715485,0.13691953945282873
836,0.0,0.18569510370136708,0.09623699451388244,0.031143465338626608,0.12206387939490487,0.03984558959906347,0.06278598325555201,0.04843316126127646,0.12123693989493073,0.20327140068386257,0.08928748235657803
837,0.0,0.19014898147501078,0.09347648366753591,0.02909009097167648,0.1206719995315519,0.04232669806639513,0.06033802685507587,0.05227995466725392,0.12769737394943403,0.20453206012941644,0.07943833068669368
838,0.0,0.1949128935906815,0.09044330219136092,0.02565861292939278,0.1183754194858044,0.048841950634202574,0.05978609266773978,0.04966247469039472,0.12652283469498846,0.20449198937666355,0.08130442973881563
839,0.0,0.21074785300537416,0.08455265362913622,0.00597853361733275,0.09306879572727515,0.10301189396002326,0.06216644139472459,0.018316617151013924,0.0902644394793059,0.18702382337960066,0.14486894865625757
840,0.0,0.21460972367203038,0.08199380988149742,0.0030813929455681182,0.08777384681357364,0.11116657386788384,0.06755758984566568,0.00977399429988122,0.0795934324043947,0.1809737061858013,0.1634759300837481
841,0.0,0.21558895379341111,0.08056667329870112,0.0038500098734718146,0.08391693537029554,0.10954580101585439,0.07913057270670462,0.0041077426332056235,0.07103957087926757,0.17677233272534973,0.1754814077037832
842,0.0,0.20069297089320312,0.08548980508116023,0.027819808043847528,0.09590074717473585,0.03612037682491731,0.11751065217835054,0.04004355179389178,0.1021607285416846,0.20988849795049364,0.08437286151776008
843,0.0,0.20316097704879751,0.08336755521353557,0.028508408678972027,0.0967078200513064,0.03187580885076382,0.11819643418748607,0.04478217190149724,0.10736457666382405,0.21519743716715314,0.07083881023670875
844,0.0,0.22357792782860633,0.08259531101572049,0.0038950677359239527,0.08087374028010826,0.10995056633856747,0.06822003238029142,0.004759334773571926,0.07295761381041113,0.16797575490966263,0.18519465092718126
845,0.0,0.21819014341278714,0.08426462973797308,0.012873189648269447,0.09680701884031997,0.08075864746284575,0.06779777405734598,0.011786769193633927,0.08783439853423612,0.17908097756284858,0.1606064515497848
846,0.0,0.2201008083942052,0.08197494688703624,0.013534953592042629,0.09855754532890312,0.0774405844331484,0.06823137161964146,0.012842654243709799,0.09095284256419099,0.17923125620744823,0.1571330367297187
847,0.0,0.21349066188909777,0.0822719408559259,0.025572554888672442,0.12048635926720638,0.031208007265786413,0.07191263189422693,0.03717350250325986,0.12132446592560671,0.21632776478435956,0.08023211072590297
848,0.0,0.21754157079459033,0.07828724307524192,0.024541978028074594,0.12173962488993773,0.03004470592033181,0.07071700450361519,0.04324600781937798,0.12696780285068965,0.2250914687240506,0.06182259339413522
849,0.0,0.22173726631790464,0.07486819781926575,0.02248041411699616,0.12040770859753722,0.03418030158585926,0.07046806216499,0.0425157649911996,0.12622162887727878,0.22522831008500652,0.06189234544400721
850,0.0,0.2246115133276117,0.07221275357543055,0.021689975563780658,0.12081757806642714,0.03428401476838441,0.07132895768775442,0.04174039803155359,0.12645651588506154,0.22655275808550024,0.060305535008540835
851,0.0,0.23083174147071028,0.06787327099684448,0.017531498718103562,0.11524127521585867,0.04733816271562842,0.06960210385026229,0.03839110557286679,0.12075261585985944,0.21917649832219455,0.0732617272777165
852,0.0,0.24080939737023477,0.06247164286850832,0.009277210921824292,0.09922392961331045,0.07958628900295676,0.06668443354244946,0.02695232232163807,0.10306499777936341,0.19096556291257555,0.12096421366718398
853,0.0,0.24866674896737279,0.05944960483469438,0.0030384427948852866,0.08081783795538112,0.1087527320313083,0.06988696276667275,0.011984459142051035,0.08183756930610443,0.15534946952475184,0.18021617267682344
854,0.0,0.25129757126057195,0.05699277424004786,0.002862590416817321,0.08053504568067466,0.10931056435823404,0.07026127211342117,0.011347821966434938,0.08098717831025182,0.15192936491390654,0.18447581673968524
855,0.0,0.25391243837966043,0.05593762286701893,0.0024778026915020217,0.07433038457205451,0.11403436983049539,0.07577577125209814,0.006111370837434251,0.07360670768173187,0.13887341530515004,0.20494011658289985
856,0.0,0.25607516894130894,0.05412368146755741,0.0027422025566857145,0.07325550123155938,0.11378621298951667,0.07780640162201218,0.005027891594728068,0.07207751794101891,0.1345126455169387,0.2105927761387198
857,0.0,0.25669962567048216,0.054299499509994305,0.00447198485878618,0.07069651114744167,0.10919746558632819,0.08553948327115364,0.0031688703223112435,0.06912277131159418,0.1315133341987887,0.2152904541231654
858,0.0,0.25467091479667325,0.05707281136237473,0.008898600477344972,0.07060644733465819,0.09246810849421554,0.09939682898638069,0.004493010221027717,0.06932928918996577,0.14242803302956047,0.2006359561078444
859,0.0,0.25171245501087486,0.06081555779313033,0.014345169652042624,0.07374084525727237,0.06802132325479826,0.11418289084830266,0.00995293559723426,0.07365715193273834,0.1678526580249831,0.16571901262866887
860,0.0,0.2530561863012554,0.0754154103191261,0.016874525779336423,0.06875071827475952,0.036256172996513215,0.12085500567731222,0.03490087433800862,0.08658857004307088,0.2372065019785943,0.070096034292069
861,0.0,0.26456502356678946,0.07142651593118289,0.008498436370458183,0.054331334037861084,0.07416095343644492,0.09934593606365445,0.025923460958745818,0.07982169548404938,0.19171224400880565,0.1302144001420543
862,0.0,0.2688477485940963,0.06809414525611399,0.007266348883973327,0.051999405561881096,0.08035924294136597,0.09636058039492026,0.023913187632508565,0.07922312427616691,0.18264959416448767,0.1412866222945323
863,0.0,0.2749040349914327,0.06432504542914592,0.003200779305395967,0.049018509608286555,0.11301966894608968,0.06856291783341095,0.004027541391925596,0.08002914754245821,0.11163972113655982,0.23127263381534102
864,0.0,0.27618931406806213,0.06181961090957227,0.004477327486581565,0.05300745030652514,0.10835597822883224,0.06808215942662615,0.0032953501808568883,0.0840931962636731,0.11126423378832247,0.2294153793409944
865,0.0,0.27250906044687073,0.06077179780606724,0.00958675155058676,0.06987559562025006,0.08270598976533344,0.07204415351420593,0.005757702454593779,0.09584971618418449,0.13780024839510457,0.1930989842628495
866,0.0,0.2730136465943275,0.05863327086281159,0.01120898735934847,0.07597480387996741,0.07266366615983297,0.0744196648793139,0.007520035307292297,0.10068668343938049,0.14998092676692598,0.175898314750846
867,0.0,0.2721714536779193,0.05683611598143788,0.01371697650810299,0.08620927631017467,0.05558296168011725,0.07877947306660243,0.011226022865422108,0.10734980209484572,0.1748475495735885,0.1432803682418358
868,0.0,0.27053297095463835,0.05492688893864988,0.016628334865027388,0.10037427235959434,0.03204246958908515,0.08516412305795562,0.017895663355279572,0.11491564399862776,0.21553735358468057,0.09198227929650801
869,0.0,0.2721865723861507,0.0526024967632295,0.01690466159649409,0.10341013945008247,0.027068814617051285,0.08712350195145703,0.019236672115613102,0.11689392222342816,0.22534657753028559,0.079226641366255
870,0.0,0.2880766986651244,0.03733411086573851,0.007610358991445899,0.08637579684133066,0.06950097061300432,0.07880469997226315,0.024808201818287884,0.09578292985127453,0.1973741796424858,0.11433205273909183
871,0.0,0.2905678429662271,0.0350159638484634,0.007229205079615672,0.08553036730415427,0.07126714207687797,0.07900897289915161,0.024132218669789013,0.09486665157131681,0.19366743312838983,0.11871420245606132
872,0.0,0.2987428079211527,0.030423458584995615,0.0033541131908635486,0.06244457710412734,0.10791428601446654,0.07715520561101642,0.013479702122436685,0.07976957639013085,0.12242864838242652,0.20428762467843076
873,0.0,0.301266377113017,0.028571785171280627,0.0030803150683003057,0.05861783140416668,0.11281575084069648,0.07811149458286179,0.011260232937434906,0.07711896673741857,0.10870546973466962,0.22045177641020125
874,0.0,0.29500266050453455,0.04065815496022001,0.010773653768486886,0.04839215064625738,0.08231583167132679,0.11929808963382403,0.0038148929082508884,0.06730853701505984,0.12265592386282116,0.20978010502926572
875,0.0,0.28988405708604453,0.048330669472912216,0.015445474470391757,0.05703379544124106,0.043646129411975,0.14058362805686764,0.010470620248961858,0.06985554796255486,0.19176977506695742,0.13298030278214085
876,0.0,0.2890592877528994,0.05610599336099655,0.017021982715564023,0.06352986885099902,0.008943259818426724,0.15250561797175477,0.024100374379607707,0.07347581021866738,0.2792821938217168,0.03597561110941467
877,0.0,0.2951149304565183,0.05434281338109405,0.014393113792807964,0.05857616989453039,0.01653880388302518,0.1448978555184985,0.02706126071898079,0.07395041983592669,0.28026114885017,0.03486348366849523
878,0.0,0.3024891839500611,0.050630393417589306,0.01114678078640081,0.05056478787867243,0.03429196305889876,0.13259866151203636,0.026865881780063633,0.07421731538775012,0.25692125391380316,0.060273778314771397
879,0.0,0.30756389383567584,0.04716294606972922,0.009489669820480322,0.046019376706639685,0.04490641356456077,0.12606379504839296,0.02583819284248313,0.07459125227102337,0.24018877516236328,0.07817568467869838
880,0.0,0.3216448825914134,0.03919088979806484,0.001818589133012659,0.022403673684435757,0.12213258307580196,0.06931132773081458,0.0066112260183146376,0.08522105760897773,0.06547462548437097,0.26619114487484047
881,0.0,0.31778611846038396,0.0397964880532422,0.005101002918804,0.03717330126543549,0.10558222054012044,0.06827084267493409,0.0022382617666136255,0.09547368864265954,0.07453202768055722,0.25404604799729685
882,0.0,0.30881178577249707,0.04259295190677367,0.01107812742929816,0.06880014061221465,0.05442846236850872,0.08319284555957754,0.006628210550696839,0.10521265127439,0.16624655512306863,0.1530082694030221
883,0.0,0.30452252895178145,0.04139377982931903,0.014319467062734667,0.09576835094794148,0.01057837311617609,0.09863927600900554,0.017382656497197727,0.10678223340575534,0.2710725351971028,0.039540798983033115
884,0.0,0.32319758494802275,0.0219926450484596,0.0055848627672476225,0.06929877911492216,0.0703945316635228,0.08676162503251696,0.021359693562992024,0.08340145828098493,0.19188774916008638,0.12612107042129198
885,0.0,0.3253670310654194,0.019965698856473302,0.005134606355199784,0.06690247287776294,0.07490197665861216,0.0863841744223395,0.020445712718693637,0.08205901017422527,0.18162434135587788,0.13721497551544343
886,0.0,0.33154817186498625,0.01650381600076808,0.003054369393684995,0.03093974290386431,0.12382424677382928,0.09253900146382654,0.004852551469561355,0.06741934636705285,0.048569698705637605,0.28074905505683617
887,0.0,0.3145777256632507,0.03621833524415735,0.012746581938333062,0.04668675165955578,0.04495187292745163,0.14861843580659723,0.006776965562132882,0.06551508170245958,0.18609785818750585,0.13781039130860342
888,0.0,0.31499190017154527,0.036308133657156336,0.013141368916675373,0.04892001720312698,0.0378658511064605,0.15221195980796676,0.007778931173926339,0.06562135770995954,0.2026120826703398,0.12054839758289096
889,0.0,0.32695818106913166,0.03317821440827357,0.012061812245936667,0.052023015773569416,0.012720724802329874,0.15541982663950976,0.02113060422961392,0.06836635413244099,0.3028251764414876,0.015316090257754393
890,0.0,0.33281480047040307,0.029428254379419743,0.010534413589300691,0.045181947780956404,0.02803320966440668,0.14311940596011932,0.02200673121984231,0.07033640859565447,0.2785360394758819,0.040008788864063075
891,0.0,0.3402663025773328,0.02456457396441349,0.00827830942224864,0.03453314498351221,0.05367490239157814,0.12416572787988779,0.021336901521737776,0.07367929914049111,0.227831605674787,0.09166923244405878
892,0.0,0.3501027805875404,0.01864788251254191,0.004443823794064793,0.0171435078466599,0.10029563850162508,0.08991757479850603,0.016236725316447723,0.08143504746071892,0.11805258523509819,0.203724433946845
893,0.0,0.35354980014546133,0.017081581856064464,0.0027296824208349452,0.011061778700123539,0.12262275340247662,0.07101509509798969,0.010794015032924839,0.08811914629593873,0.05266868499582128,0.2703574620524127
894,0.0,0.35241183577417784,0.018938091897484844,0.0025045427967573036,0.01445073482131396,0.12576847043804745,0.062055694808184785,0.005851451270248009,0.09444116269843586,0.026119413557868044,0.29745860193753004
895,0.0,0.35513543383330315,0.016400964232031204,0.0023941593791120667,0.01763398875931146,0.123461557617051,0.060562180552249184,0.004452238146039557,0.09806172849809539,0.024907636898277758,0.29699011208457726
896,0.0,0.3545201493152581,0.01695351822690052,0.002579601440037268,0.020447892943728677,0.12002168427326033,0.06072630504201268,0.0037775549198247197,0.09938835344683805,0.029129510770248335,0.29245542962193966
897,0.0,0.3541487287293247,0.017283700345469354,0.0026983553851263856,0.022549095550194603,0.11733398289748419,0.06103679027841798,0.0033720138791487443,0.10029505724397796,0.03320865068122752,0.28807362500967704
898,0.0,0.33855008463594916,0.03049440060737094,0.007168767774119489,0.06235389832806137,0.05047153320876713,0.08390788835720749,0.00399764971796696,0.101980185134792,0.1707465929104025,0.15032899932541138
899,0.0,0.3466333229217568,0.02077751615527125,0.0079672811260038,0.06963719239221072,0.03584236530845711,0.1022841022480025,0.01854732655054387,0.07727249339845,0.2687341653319973,0.05230423456735524
900,0.0,0.3475227143694896,0.01996454915492795,0.007878015478020509,0.06831388744644315,0.037959916393088655,0.10236995103532799,0.018184715022216885,0.07660193054645065,0.26407028413833594,0.05713403641574724
901,0.0,0.35431979314589884,0.013790145791955189,0.006117093730035756,0.05224308039397774,0.06647493254237723,0.09681575618293918,0.01726078582033243,0.07136228371588431,0.20330768251037004,0.1183084461662778
902,0.0,0.3439229913007718,0.024645648151441976,0.005240330663398186,0.024485879232920404,0.07282005878508832,0.14731057057213173,0.0021825463175394076,0.05768085502960356,0.12247794983732234,0.1992331701098311
903,0.0,0.3353486339568961,0.032449710836774906,0.00996246904067207,0.05137093876071221,0.0024039605339913027,0.17421247852884808,0.012685553646308976,0.061349295164176906,0.3143244822183865,0.005892477313281606
904,0.0,0.33697752052414043,0.031185497692512134,0.009906535210733003,0.050552701268524874,0.004279630422046959,0.1704008078509931,0.014030974584511146,0.06250198192459111,0.31750365167303074,0.002660698848965008
905,0.0,0.33811078708535186,0.03034259541940966,0.009829861098432957,0.049438599347651296,0.006892719592545172,0.16720708274105767,0.014727135112615397,0.06326373201072144,0.3160839021736359,0.004103585418627708
906,0.0,0.35727116064649134,0.016538182052062877,0.0021179504802255073,0.01925409126540335,0.12207933986481041,0.058273087352402345,0.0038753243078462857,0.09896594652430449,0.029461336000482907,0.29216358150601957
907,0.0,0.3525440647947258,0.020850988591348454,0.0027970138497827443,0.028979392260768542,0.10793333884303008,0.06181906324486894,0.0026452083625681656,0.1006498038176731,0.053996776449087354,0.26778434978619625
908,0.0,0.34589388406196475,0.02669831197826162,0.004124926276385051,0.04362611510006531,0.0839846960079446,0.07019318704171176,0.002162201889661214,0.1014095255064567,0.10218380569170062,0.21972334644589755
909,0.0,0.33841435923843066,0.03294893135902855,0.006141767270356135,0.06195542946440211,0.051777695480301165,0.08336528552425192,0.003138281449843136,0.10034385760760954,0.17413495829118053,0.14777943431464538
910,0.0,0.3359481071974594,0.03505522261166337,0.0068458592828607384,0.06754855063583994,0.04157476094618254,0.08793321383516696,0.0036787157504521075,0.09941000211866594,0.19898538000103738,0.12302018762072098
911,0.0,0.33401554857905785,0.036735650945545276,0.007416556805310484,0.07138282112848561,0.034399250868338574,0.09129411599283581,0.004116356160821491,0.09849182512793109,0.21706909044621717,0.10507878394550596
912,0.0,0.3303705280580052,0.03854198502069383,0.010092146767093241,0.0861833339647892,0.006118041278499291,0.10613839053665426,0.008278399738207282,0.09241494916819445,0.29539477342628134,0.02646745204163128
913,0.0,0.3433736975317275,0.02388609754329947,0.010327196533430838,0.07018533179156913,0.03448514618596283,0.1051347218087654,0.014584352586749994,0.07626337196909817,0.2692122030834128,0.05254788096603335
914,0.0,0.3566277798067571,0.011028329715564512,0.006983352051491155,0.03659251890837602,0.09518552285277256,0.09250578925282138,0.013026992891460542,0.06516211844931497,0.1406866994008086,0.1822008966706827
915,0.0,0.3594483580335615,0.008440675763733892,0.0053128279824902706,0.022540073792896048,0.11917123258815521,0.08993087466144126,0.010537063275171683,0.060852716810906926,0.08192572582937521,0.24184045126231773
916,0.0,0.3420922850469415,0.024550679449165017,0.004260409980191264,0.024063768496728075,0.09116128424773552,0.13328327663339049,0.0018428449023287078,0.05596343983683458,0.09832896238160894,0.22445304902512575
917,0.0,0.3379959819051672,0.028387134141842508,0.004782091586803724,0.02941159480972345,0.07820132442188246,0.14039916913749637,0.0020334410798579336,0.0562726600280307,0.12602249411568409,0.19649410877356127
918,0.0,0.3281651852636613,0.0369752659729977,0.007473644464996531,0.047159799110350835,0.03428526347627341,0.16192890903443777,0.004192955467451121,0.059611355670479246,0.2240586995062796,0.09614892203312222
919,0.0,0.3566345841623753,0.012520083321045672,0.005081834617658032,0.01620537767610711,0.11420395165641858,0.0771257837547707,0.010921964104074918,0.0866825663711939,0.09909255912229344,0.22153129521411183
920,0.0,0.35273754932712337,0.018898551582731776,0.002254994161000678,0.016908314795587357,0.13225404417939984,0.053436756369689885,0.004697258979994808,0.09400727969294709,0.036477859927137125,0.2883273909844379
921,0.0,0.3281564547111488,0.04215842684109523,0.006113602135085563,0.06435474363460049,0.05225451059994554,0.08290133881096888,0.003026235673502231,0.09638420180446061,0.1862477607712888,0.13840272501795362
922,0.0,0.32114123653765886,0.0475496063248732,0.00926865029296149,0.08205351663845444,0.017809534362326948,0.10007046801515666,0.0057918044512563615,0.09303825877394087,0.2667120879559197,0.05656483664750154
923,0.0,0.3194674367504578,0.0483365629750955,0.010951262996929568,0.08650835071326267,0.008052523373837134,0.10640961265605794,0.0076762857869620655,0.08978341907659249,0.29460359123109775,0.028210954439757123
924,0.0,0.33005441344261843,0.03553487656010405,0.012493033579627645,0.07353095771323231,0.0306390129718839,0.10602572594190438,0.012158542501247985,0.07705362477434363,0.27252517245341906,0.04998464006166837
925,0.0,0.33104615648948177,0.034331227406642156,0.012647562159514838,0.06831759299722445,0.03987779280032872,0.10384582662270347,0.012221984930867453,0.07440986949029112,0.255670613088168,0.06763137401482817
926,0.0,0.34009432143991286,0.024459579391210285,0.011134406602920718,0.04611673082178294,0.08191293117857665,0.0936499087468221,0.0116854044150941,0.06536627073934165,0.17533500128262303,0.15024544538176587
927,0.0,0.3424371775931461,0.02165451769605222,0.010195448421064342,0.035269946434534925,0.10247998251516496,0.08918778821185633,0.010588409774762548,0.06098672262195061,0.13354744789279355,0.1936525588387248
928,0.0,0.3257967307210004,0.03196159581362447,0.006766870424266105,0.03503032358969729,0.0919244492128818,0.12533887041908048,0.002694850491848617,0.05710809948131094,0.11903850754708636,0.20433970229925402
929,0.0,0.3208994664755064,0.03617846286464382,0.007126196014312327,0.04102145934278107,0.0793445693573128,0.13171254122350878,0.003015654111864954,0.05869878088481676,0.14477888578898923,0.17722398393631408
930,0.0,0.3133507117857812,0.04214693829232514,0.00844853973938441,0.05288736918765598,0.053630425827517134,0.14392222401365234,0.004092571129248897,0.06313481363059424,0.19652882457337884,0.12185758182051218
931,0.0,0.3094871256322739,0.04535127494434957,0.009124830944010828,0.058327597000524235,0.04226539933781596,0.14824379628185408,0.0050255924294303695,0.06548788072180098,0.22117204401739565,0.09551445869059451
932,0.0,0.3050693335712438,0.047498609048366294,0.011713533304308577,0.07040708688281311,0.016175956329978692,0.1559507614012466,0.00801222469535026,0.07410665895221219,0.27938508080746716,0.0316807550070636
933,0.0,0.3376046993622919,0.01801120228636564,0.007360555048909166,0.03128097166737416,0.11622323297126393,0.07078726125997148,0.009368221532976916,0.08795799010065225,0.116299616425039,0.20510624934520602
934,0.0,0.3380750037298121,0.019516603190501518,0.005357751516262775,0.025730335509104054,0.13374731457102823,0.056315357281754144,0.007402206202155672,0.08714262160381767,0.08122165813188059,0.245491148263734
935,0.0,0.3271947595473067,0.03394866105112838,0.0033228883823572266,0.03461978118184408,0.12687099909796482,0.04981004342570545,0.003912420533537127,0.08716900973728545,0.08101857084704515,0.25213286619587644
936,0.0,0.2981993661228479,0.06277479389408058,0.011751502318521321,0.08837134569392462,0.018050808490606078,0.10097054142921395,0.008530955250101595,0.09004905676806751,0.27745641379908365,0.043845216233603365
937,0.0,0.30713139499243064,0.052699024446578355,0.014180658162357543,0.07813495499988067,0.03275470134909256,0.10329304260477229,0.011626361696946875,0.0801827494264851,0.26598196349774916,0.05401514882375782
938,0.0,0.3075494264775563,0.052225535711999324,0.014448143123074133,0.07324512311124216,0.04116872482576534,0.10114506682041874,0.011702541974009552,0.07723728963582371,0.25267355899694516,0.06860458932321667
939,0.0,0.31623810433970956,0.04307828193553636,0.013178823276216,0.05404343109890828,0.07792474587681791,0.0916305600548426,0.011008851142654484,0.06696612841167336,0.19374255322262826,0.13218852064106437
940,0.0,0.322954456274758,0.03535336923435076,0.010445417196743688,0.03373662324214423,0.11878870976480695,0.08198733177194323,0.008746382524321682,0.0556647213861621,0.12504575803621581,0.20727723056860492
941,0.0,0.3106759032927656,0.04071171649798138,0.006812998877466235,0.03332394980755948,0.122427446897025,0.0988092044557521,0.004511146112012995,0.0508677347883015,0.1057722320932336,0.22608766717795337
942,0.0,0.30324746339912545,0.0462994743504755,0.007221131839514724,0.04069768618591458,0.10861177231269246,0.10638655980195252,0.004888614894399018,0.053937583482608936,0.1294773016796273,0.19923241205374065
943,0.0,0.29147878539795186,0.0541791879347948,0.009051581238561507,0.056684119732510835,0.07748674031316476,0.1215737274192896,0.006405048604072575,0.06270262715107108,0.1800016931463471,0.14043648906228715
944,0.0,0.2845085252136171,0.05873840347521654,0.010512847598116997,0.06641140340041006,0.05892718475341905,0.1290281915428036,0.007979142270146098,0.06904139608947223,0.2113815938133166,0.1034713118435331
945,0.0,0.2777937949753836,0.060725062085617065,0.013753808984981459,0.08129554945385331,0.03097907693900205,0.13785658099225379,0.011044336723144324,0.08216750296535633,0.2582606653162569,0.046123621564202646
946,0.0,0.27629215786877376,0.060634082244297366,0.014828032821233158,0.08442007116614633,0.026327530650591187,0.13675818206388277,0.012510205487917725,0.08677024196290775,0.2676969319526139,0.03376256378168764
947,0.0,0.30858549843736416,0.026480687018481195,0.010030906340241397,0.05397891119389766,0.11352881232884006,0.06909421215512586,0.009559393966813321,0.08866072996822587,0.1510519861988764,0.16902886239218565
948,0.0,0.31094283785941923,0.02741702791658504,0.0058412963875420386,0.04426923885470675,0.142341769687682,0.04782584778273223,0.006474112304087803,0.0810348117322018,0.11020456263567086,0.22364849483942367
949,0.0,0.308878332642292,0.030241524168212873,0.0051776272362695185,0.0435707643899967,0.145305408062848,0.04496874019112579,0.005930669488901656,0.07907947452613515,0.10903332568301115,0.22781413361125888
950,0.0,0.3040565686437286,0.036737856571307015,0.004052590016022016,0.044985392111619706,0.14518403927215245,0.0422318678384798,0.005144098122684834,0.07654497887866449,0.11137270233291673,0.22968990621247598
951,0.0,0.2806108535874821,0.06397568041433697,0.005534845366307402,0.06895727366903955,0.09689532830910415,0.06001464400605566,0.007280433633439146,0.08077655354883367,0.17422857195321148,0.16172581551224166
952,0.0,0.2641701519884415,0.08148048301157595,0.011470700573955968,0.09051685018684535,0.044220366015821584,0.08588474868800128,0.012536128466352566,0.08974436023594477,0.24353958727616687,0.07643662355694614
953,0.0,0.26110520973849305,0.08479941313188082,0.01397945115561112,0.09259242256372344,0.0349048727831689,0.0920514807633747,0.01445583762561311,0.09059098675602933,0.25597094238954243,0.05954938309261512
954,0.0,0.2600601968978361,0.08606158703279704,0.015526629474850779,0.09092020948508159,0.034481204588607095,0.0939185272412623,0.015477682040161388,0.08948743758687522,0.25651800513118916,0.0575485205213913
955,0.0,0.28272759861977054,0.06326389231698988,0.015066309855925377,0.05911458594454001,0.09195556371927883,0.0817808548493011,0.012502830985882011,0.0684838500425982,0.1916478202790823,0.13345669338668376
956,0.0,0.28284651466652627,0.06305676235120729,0.014669874339990679,0.053841221826565776,0.10233668302015492,0.07876321314668665,0.011719641148940382,0.06429320971149047,0.18099349882367768,0.14747938096481217
957,0.0,0.2819932778969792,0.06379653963396426,0.014397555751097548,0.0499348154043781,0.11011605675824014,0.07645158061609678,0.011104761315067843,0.061052318864131754,0.17384956398735774,0.15730352977273915
958,0.0,0.2861367571332228,0.05503242902506472,0.009403695118155055,0.03417601286572226,0.15109007695580776,0.06927992297397409,0.006052971210279055,0.04310873998147968,0.13441130368389495,0.21130809105245235
959,0.0,0.2672122426942216,0.0644027162595263,0.009185911412761814,0.053692427211299104,0.12375393619145932,0.0867877961585665,0.008261597273212977,0.053122358294294805,0.16641406793958777,0.16716694656512252
960,0.0,0.25483287479089595,0.07145255936879731,0.01081509278284505,0.06903059490426124,0.09837307092168403,0.09772766080448625,0.011588172637320105,0.06551513059867697,0.19386314276585848,0.1268017004252276
961,0.0,0.24162028347845912,0.07646958284178833,0.014411822895091369,0.09087573132279204,0.062076266082610985,0.11090622725183621,0.017031533091947357,0.08728312512676532,0.2281457572558709,0.0711796706528913
962,0.0,0.23758027402008905,0.07544597282539485,0.016656946645907993,0.1005714278719487,0.04834442800691232,0.11304143848299944,0.020150444019648574,0.10027960854715937,0.2391200702941597,0.04880938928583325
963,0.0,0.2656661129680016,0.041329804057093494,0.014219085666387637,0.0832517670825789,0.10649668677688882,0.07162004496476765,0.013783900584885444,0.09758727991314768,0.18696484377149988,0.11908047421480218
964,0.0,0.27352645078418225,0.04196250040591525,0.006333927104292635,0.06234429616783709,0.15742162253077635,0.03879114733974855,0.005677963724892016,0.06743878913938377,0.15395321764693973,0.19255008515608546
965,0.0,0.26182950949871736,0.058051825387213436,0.0061080935316531445,0.06705475338894584,0.14355247250823608,0.0424417540956018,0.007383487383252457,0.06471706887119641,0.17103076055877983,0.1778302747764571
966,0.0,0.23625058443578242,0.09646075640094097,0.01755223604576612,0.08715865306607316,0.059411974457735627,0.08626099080290961,0.022104315955236726,0.08946461621619499,0.22511022271071957,0.08022564990869444
967,0.0,0.2463537582443629,0.08838238214906656,0.016775080086479648,0.07082099132960375,0.08695254531446059,0.07961133297635478,0.018612844431632802,0.0782024447343629,0.20359228854681116,0.11069633218691882
968,0.0,0.2529092488844601,0.0826779506457116,0.015145374630386737,0.05794201246194123,0.1119161417637415,0.07269030873389788,0.01493928915957313,0.06700558988350246,0.18781276425352092,0.13696131958331842
969,0.0,0.26093199352741053,0.07400169672105587,0.011627188593667317,0.04207299197328093,0.1477079254878056,0.0632164955100866,0.008874776581993496,0.04956558947900305,0.17081237154253986,0.17118897058321056
970,0.0,0.25154456771854583,0.07813045033420948,0.008993754391455812,0.039805936687356006,0.1633258679900467,0.06084189359548166,0.006591395260087371,0.04144302264313089,0.178028918025428,0.1712941933543124
971,0.0,0.24732372680623965,0.08114956770840655,0.009025766954762208,0.04115812372816156,0.16262459227366016,0.061136153059103464,0.007061493632209674,0.042255398110363246,0.1824085181408178,0.16585665958632995
972,0.0,0.20722690188734197,0.08384945706139318,0.020584811069165217,0.11259613681360144,0.06581422711639945,0.0944118475169078,0.029666521934172716,0.11250120044707346,0.2170723255044,0.05627657064959927
973,0.0,0.21720315058430323,0.06596043573698378,0.01954119470935924,0.11464240641107389,0.08104076916825619,0.08313194006436232,0.027107151340164656,0.11706753254719089,0.20305564553342764,0.07124977390493277
974,0.0,0.2224458110862625,0.05973913268818137,0.017879195435493694,0.10980142491076418,0.09649611754270768,0.07512427704612347,0.02446778853613312,0.11146979634385577,0.19638544159103621,0.08619101481949679
975,0.0,0.24352563951553335,0.04603066546060491,0.00709712997513921,0.0799991025887159,0.17056224297500494,0.038319140528377114,0.006307542439420914,0.05827628724152162,0.19237818278269406,0.15750406649304288
976,0.0,0.22344032778735434,0.07409110002262881,0.009469669844621992,0.0856521712531476,0.1413392342987183,0.04819283345866779,0.014481899854466374,0.05966818838154565,0.20848524886704622,0.13517932623185794
977,0.0,0.21619823659244045,0.08333520361278868,0.010943930904962177,0.08742805616300735,0.1307854776204915,0.052239180454013975,0.017955171227657604,0.06276127553942275,0.21235131877505498,0.1260021491102156
978,0.0,0.2020385618465682,0.10270689851429163,0.014506384991818095,0.09317229576691227,0.1021542713641345,0.06362970904593043,0.026640639497466242,0.07467473223037172,0.21409064485125825,0.10638586189130393
979,0.0,0.1956496565832929,0.11194184396596137,0.01636029167556605,0.09408751839222272,0.09061654239611856,0.06854269049396723,0.030841630472654237,0.08035794159405633,0.2116255687157091,0.099976315710507
980,0.0,0.19243621925664528,0.11628021623675654,0.01717305003410769,0.09313378987923572,0.08817894920046475,0.06962712561888887,0.032558567910615274,0.08138476235867696,0.20946488907504135,0.09976243042962309
981,0.0,0.18891196639892183,0.12266940024166159,0.018380284124834587,0.09167357222434667,0.0823643492287881,0.072668906242688,0.035261017199977505,0.08515874699598912,0.203998307602575,0.09891344974027329
982,0.0,0.18915157216533315,0.1262754702878657,0.019074120720594064,0.0865323499209636,0.08256340653507636,0.07442861774434374,0.03608854703746386,0.08721741062482972,0.19576878129126335,0.10289972367232227
983,0.0,0.22665275635148127,0.08197500927381286,0.012591827418212381,0.04762263177397698,0.17784963233862555,0.05127360427632722,0.00768315998629573,0.04091785924326208,0.21415054085870724,0.1392829784793546
984,0.0,0.2234757927115656,0.08415634179167285,0.012615803461301403,0.04826840011794175,0.17811598892264685,0.051055484075833005,0.008125993076612307,0.041963879064555155,0.21718933078045916,0.1350329859974679
985,0.0,0.19289729133780792,0.09257099149191521,0.017105799952496503,0.09019503100947826,0.12706344778627895,0.0664831025908847,0.026922570538420874,0.08218635696609632,0.21622915160590125,0.088346256720776
986,0.0,0.18838468860066304,0.09521212611305342,0.017369133536629514,0.09367538561017497,0.12298800727744018,0.06706237778410025,0.029664868736361684,0.08698892461417512,0.21404918449190546,0.08460530323555253
987,0.0,0.18558133477272146,0.09746791135344943,0.01733173612419826,0.09419866777096614,0.12280606356578821,0.06651111843708638,0.03111170072485068,0.08844246458747197,0.21283934081934894,0.08370966184417467
988,0.0,0.1740077508196518,0.09339859957768586,0.019979971604404574,0.12217127690570588,0.09269369610027597,0.07346838402569496,0.0434065384504355,0.122154661077476,0.18855814367175017,0.0701609777669755
989,0.0,0.18773623726474764,0.07202635444621276,0.017057185959768285,0.12207079506396573,0.11441617975805705,0.06480196482368274,0.03575531734286348,0.11834416472052861,0.18196433396412467,0.0858274666561056
990,0.0,0.18992312062295677,0.0696336835402799,0.01598707750084763,0.1185476344533836,0.12318437778477419,0.061879645988444185,0.033748883102890544,0.11318823507722921,0.18306143064882618,0.09084591128042442
991,0.0,0.21485276411368262,0.04749557420822939,0.009120059237561772,0.09265558063864587,0.18385191453582184,0.04275108750729659,0.009842860749513932,0.06483597891183374,0.21803870262086877,0.1165554774766022
992,0.0,0.21275035443129586,0.054305384639828085,0.008091904226897767,0.08421199545292661,0.19296859553631934,0.04015642602745879,0.007088780163960072,0.04794349556568664,0.23467353173883895,0.11780953221684473
993,0.0,0.2049753366792437,0.06544902866328355,0.008853738530985677,0.08281828079723919,0.18663713650080338,0.042318121392811804,0.010743598723154266,0.04575158959435971,0.23847081091482158,0.11398235820335398
994,0.0,0.2004563648797897,0.07120533745715683,0.009439222208356909,0.0821092261757519,0.18329437603204798,0.043561965297517,0.013041929877283993,0.04628098830402009,0.23926649520443724,0.11134409456369546
995,0.0,0.16676573525867913,0.12582154728837544,0.016657435013931205,0.09063448380952335,0.10819308711775256,0.06853559713504737,0.04715222634021583,0.09514115341313402,0.1731501598606362,0.10794857476276196
996,0.0,0.18404659487922748,0.1133168262052064,0.014099893718139385,0.07126966672208451,0.14077757554044473,0.060962150567648185,0.03299388570702351,0.07996116738131577,0.1851072517857172,0.11746498749324993
997,0.0,0.18593446944119146,0.11196894867798754,0.013533338806899333,0.06669762431441713,0.14914164659509482,0.05900864511405629,0.02989608647514258,0.0752565070448011,0.1899448482196323,0.11861788531083457
998,0.0,0.18926505422545972,0.09136626852976976,0.01265284997546829,0.06787762348127005,0.18136830093963094,0.04744899941418212,0.01761255140321777,0.05795010272738,0.2404351285140498,0.0940231207896285
999,0.0,0.17060514609345823,0.101719647292404,0.014934133071675976,0.08337289822961653,0.16073539919984853,0.051107981170121976,0.03169155600044874,0.0787034591423437,0.22263111877895908,0.08449866102118053
1000,0.0,0.1679843658502091,0.10367960213973972,0.015151145320021674,0.08381317494056215,0.1600850105769324,0.051018186099199204,0.033295600541274235,0.0805206061735156,0.22044552148359886,0.08400678687500439
