time_step,site_0,site_1,site_2,site_3,site_4,site_5,site_6,site_7,site_8,site_9
0,0.0,0.0,0.0,0.0,0.0,1.0,0.0,0.0,0.0,0.0
1,0.0,0.0,0.0,3.845869243364709e-07,0.003504065741397737,0.999996913008141,0.00021891995539481183,0.0,0.0,0.0
2,0.0,1.8415494557771044e-14,1.686739642972767e-10,2.402096439906077e-06,0.007869275991860155,0.9999842661884151,0.0008743842364883154,9.602025096461915e-08,1.052940099624155e-11,0.0
3,1.4992171324818101e-15,2.6136241805456466e-11,2.2643383618637087e-07,4.620776466505464e-05,0.24026813345724043,0.9835192642769223,0.001842206936390212,8.351574508414453e-05,9.761527772809038e-09,9.414425277379528e-13
4,6.383629618691103e-13,4.1490993880606995e-10,2.135442269569999e-06,0.00019549609172262938,0.4236745856876683,0.941994252089098,0.0030426057404902363,0.00023006325825666624,6.59903155760977e-08,2.3692020321746913e-10
5,1.0482816943021622e-10,9.843944422288392e-09,5.986659201365447e-05,0.0006385136179382858,0.9114826567076049,0.5065161799176681,0.0037500259219229127,0.0014451050062781051,3.9976622736801783e-07,1.7540449819830968e-08
6,8.962719805309649e-10,6.597153222893282e-07,0.00013007724973573611,0.010823770128023307,0.9721907048254201,0.3055497679459872,0.00801621953766164,0.0020301505502518507,1.1736890721954411e-05,5.176863765974146e-08
7,1.494363359786379e-09,8.884303074857323e-07,0.00015590836279185725,0.01378741593776492,0.9746518419691779,0.2928009918852764,0.008943494970336039,0.0021034232985922825,1.5237593605256292e-05,6.929436001039204e-08
8,3.36503469836284e-09,1.2062678254742604e-06,0.00022281491320721967,0.017129409385338388,0.9790968953987131,0.2677922859866356,0.009875364571055499,0.002263876437299361,1.934514383387183e-05,1.1874336824786453e-07
9,4.924123032154293e-09,1.6082222781005746e-06,0.0002652739219913075,0.02084161611092909,0.9810651008092786,0.2555549428747908,0.010834235055728513,0.0023510921254457848,2.403048972401051e-05,1.5241980648458942e-07
10,5.72183028642733e-08,2.6762192636376002e-06,0.0012691060323913124,0.024999548641817214,0.9961992468369434,0.11703119627521687,0.011429175290715514,0.0036602848904627255,3.0476929116825375e-05,1.1013098399831206e-06
11,1.0542756855734157e-07,4.350578691879017e-06,0.0019055923315135022,0.029538882676606523,0.9982402585491292,0.07686865341397858,0.011892842556053738,0.004227092012601731,3.8206790678494886e-05,1.7729733937927235e-06
12,2.2636188396247173e-07,7.0617699233195975e-06,0.003106628451772603,0.0344209560044307,0.9993670288101875,0.03604649590076259,0.01216240322565257,0.005074096439639848,4.756297422249202e-05,3.132234682044767e-06
13,2.839155947453078e-07,1.0688904826541419e-05,0.003533123717319613,0.03967658316845465,0.9993995392094898,0.027964149141801474,0.012380986558743156,0.005325133456894727,5.822680426184439e-05,3.6441483225347625e-06
14,1.6532989081388354e-06,1.8364143317919566e-05,0.01064532618675831,0.04470164309598943,0.9986947333569662,0.05550996775850892,0.012094115776001212,0.008252652341463424,7.187472521391934e-05,1.3070360051703711e-05
15,4.448423516488667e-06,3.142194711009634e-05,0.01941842939061936,0.0490905308081861,0.9832122580359528,0.23810159448320378,0.011679316715353263,0.010349552286054501,8.734845213210345e-05,2.6319032550325533e-05
16,1.7964529307124887e-05,5.162531146451206e-05,0.04096688246826549,0.05060366219946779,0.7116457710552788,0.785004516336293,0.01207019165918709,0.011534552792559445,9.900152024165302e-05,6.588998912904768e-05
17,2.436389251720253e-05,8.015759059849089e-05,0.04551094820179574,0.05179598538847885,0.5706184165832903,0.8807490645770252,0.013096712269810946,0.010730657830683478,0.00011031537671874702,7.69986677136968e-05
18,3.9922203973933204e-05,0.00011596888069121514,0.05080098999709933,0.05214664719572752,0.33015315140122364,0.966819907117303,0.015098813719041083,0.008456796605754558,0.00011875374769271226,9.4935022795532e-05
19,4.5852715729281425e-05,0.0001618570174249865,0.05171710538871453,0.052481973681461784,0.27117942048336785,0.9783960987622596,0.017622321133450622,0.0076733461137967985,0.00012754145533163568,9.974064496195136e-05
20,7.859532614180558e-05,0.00021210679741495676,0.05307596952163519,0.052408101353466255,0.09428594815360003,0.997516228503584,0.02113932728027838,0.004248746411469358,0.0001321594843784532,0.00011810805663868466
21,0.00018419653821005614,0.00023800231805179062,0.037523476543645524,0.05417139430050164,0.3078223565996979,0.9714517356412679,0.025159596279416985,0.00029185750046730905,0.00013287180128903505,0.0001265864803259242
22,0.0001884086431248123,0.0002702858987342034,0.036462670028126185,0.05576569811463551,0.3317104182078302,0.9662885932348572,0.029467412454698378,0.00038630573936516044,0.00013382552526247353,0.00012546333720170414
23,0.0002242824500368812,0.00029715108326355317,0.027826861459152655,0.05854681652925376,0.5197722803905805,0.9050599168671006,0.033606131357240686,0.0019369770954116628,0.00013819912178406003,0.00011266675582400586
24,0.0002750146173796093,0.00031068638321426274,0.014475873499653397,0.06310704972118834,0.7789825977890159,0.7177219764846742,0.03688638217812639,0.007154541027118975,0.00015217558517408313,8.309424864883952e-05
25,0.00028829401318635183,0.0003221153592020313,0.010807580698929708,0.06822810441729786,0.8387604915053777,0.6396422029702535,0.0399484493914913,0.009390992776082421,0.0001713240582115617,7.227176933877934e-05
26,0.0002924092453790047,0.0003343540556015749,0.009794208153071872,0.07368093964967318,0.853642229555283,0.6160173270665262,0.04304703439901778,0.010105417747260464,0.00019365411738086628,6.908695130922048e-05
27,0.0003110473104113385,0.0003424414369354376,0.005641462392225257,0.079947841900034,0.9100853125129958,0.5053504823579166,0.045703236619468866,0.013706354502659321,0.0002243083065095951,5.279588191052724e-05
28,0.000317065246287522,0.0003497393578945871,0.0044533235124279156,0.08662324147718142,0.9247542599147947,0.46753671921732637,0.04828409719840562,0.015032803867802194,0.0002600705377578047,4.750246391247584e-05
29,0.00033050834783108905,0.0003539703917216721,0.0021701665038643507,0.09392962929740072,0.9522866151256724,0.3800804391843784,0.05048196364781985,0.018379548750226665,0.0003047887590899648,3.4657673382576544e-05
30,0.0003330023357415112,0.00036670007472818026,0.013173909147945384,0.10186350191954038,0.9964998259919507,0.05381287450576837,0.049989591669240954,0.04238671029257051,0.0003845434407955988,1.4526437715716521e-05
31,0.00023569741977240923,0.00042081444367612816,0.04254534620746528,0.1078000919173732,0.9731948656633873,0.28357329078281407,0.04964482605409458,0.05013136895672426,0.0004713134397158892,9.256421691751486e-05
32,0.00019226630232194443,0.000500301973285078,0.05376432844984334,0.11329927495531132,0.9448144259931428,0.4025161209146236,0.0498266962833091,0.050175968698072,0.000563383551097046,0.00013396324744524945
33,2.3991470042349784e-05,0.0006685476686939343,0.11390788231440425,0.11053798877592451,0.19312164003987797,0.9884623104172024,0.05544162139219165,0.018242585473851308,0.0005787678293032467,0.0005395400454035877
34,3.503571161287162e-05,0.0008612140394186273,0.11347866348670278,0.11045955807921172,0.165857268052013,0.9911914929120618,0.061054686251530634,0.016123527621350393,0.0005943695241606946,0.0005510293938781623
35,9.989806846482157e-05,0.0015509046205793308,0.10924704410030996,0.11051511259372489,0.11262643972427146,0.9946866872150526,0.08155829822529714,0.009081892830047364,0.0006207012755352893,0.0005861430305085954
36,0.0002350115318170265,0.0018052196245462754,0.10086532514058544,0.11132950741313602,0.1301969626403974,0.9931201707374885,0.08931125508144169,0.003250308660396209,0.0006230694517746374,0.0006173772722434875
37,0.0006416305325593085,0.002011741246672863,0.07619491508020006,0.114475300264739,0.32792421528783566,0.964269283257091,0.09689318576360165,0.0015476549778283733,0.0006245561823479611,0.0006142494991126822
38,0.0009275702920594719,0.0021865014336075457,0.05979233404243679,0.11830517488082803,0.48476044184505884,0.9160122575777502,0.10400050325197961,0.006353519512754023,0.0006368431176772523,0.000575083817577876
39,0.0009529451236947239,0.0025642346274197345,0.058565723268409434,0.1252347195244073,0.49581292104512253,0.9104342480491495,0.11876942516886066,0.006864628150946874,0.0006679039751709911,0.0005748358990843542
40,0.001032255705759924,0.0027592304725721603,0.054705324342852774,0.1291940594129137,0.5295771337355497,0.8949780326955031,0.12625761079964984,0.00864823364607489,0.0006892643426169281,0.0005616844437225758
41,0.0010895506986833715,0.0029566867784542082,0.05208684101524643,0.1333868894577673,0.5516842535420996,0.8836077541222848,0.13379423052274508,0.009997552453785348,0.0007153031088349784,0.0005526586811760295
42,0.002471494399224092,0.0029883690055992032,0.005886895789930682,0.14245003495513037,0.9303098568462624,0.4375662370339151,0.13589407602602457,0.06580030663949579,0.0008486973516063214,0.00021946541008206267
43,0.0026859554955815943,0.002994920396268629,0.003181964713714093,0.1515441315223908,0.9591996832791537,0.33209979816898844,0.13765397709168892,0.0800011043148578,0.0010181377919688652,0.00015755542303182247
44,0.002941085944428792,0.0029641583279680734,0.006550353220533794,0.19182667845389167,0.979522593650444,0.18691910072790194,0.14009029046791086,0.10438265235357946,0.002056231501985217,8.947551434676754e-05
45,0.0018626120776337244,0.003223060221372157,0.12110874076801315,0.19363121405894354,0.8844591528549179,0.5368120105225558,0.1390142675774723,0.13732744405598535,0.002384086677545939,0.0008193111158725835
46,0.0017321309391220305,0.003528602896475345,0.12893322162141554,0.19852060573683802,0.8619898566226315,0.5791316380194088,0.14074034937308894,0.13462586412224445,0.002698429263795032,0.0009139780333424348
47,0.0005206363462607543,0.004051410747548577,0.189433048490448,0.1946005043692221,0.5375828807569889,0.8858337971282163,0.14874521830888898,0.08984938087632201,0.0028895001692359422,0.0019349177978405397
48,0.00040165291485484765,0.004639489414142713,0.19438329943193827,0.19528415193902018,0.4867004936514351,0.9081332377158206,0.15506191162924138,0.08217668103886039,0.0030687502563186363,0.00207179173743528
49,0.00011357908590376643,0.005308302443762037,0.20512157220623317,0.19422641662066414,0.32027759104333614,0.9591933860074365,0.1639092420000912,0.053613377394759465,0.00317976000601625,0.0025558160886150197
50,0.00012536216898536523,0.0075963345564556035,0.20536000787018724,0.19486209270901528,0.3123368368900431,0.9583534231799505,0.189031780660705,0.05203754815567184,0.0035703063145728613,0.0025813304445849485
51,0.00011924026542562671,0.00844884459794804,0.20592217816654568,0.19498678597153798,0.2973700758974604,0.9604692570739227,0.1980694866172803,0.04860876172321713,0.0037109157526569467,0.0026462416565400976
52,0.00466945397517365,0.00889355680395856,0.10965344734756172,0.20786174655005146,0.5588576850231478,0.868780267490365,0.20683329140516363,0.03024921584560674,0.0037340509072787296,0.003442699620178709
53,0.004870620291517416,0.009778015198204542,0.10540863818662796,0.21713346730910185,0.5772093678643879,0.8559742763286275,0.2235744139513476,0.033245830183576824,0.003887939298534354,0.003418734466030714
54,0.00598661557158446,0.010143657103411474,0.08157488908421048,0.22418447997996582,0.6778977223692932,0.7864918476713232,0.23058063877711912,0.052897858188334375,0.004026269276865591,0.0030944968955072703
55,0.0089635115650674,0.010253835107316622,0.024443268332259432,0.23501808255209597,0.8920051744614249,0.49949682541158785,0.23066240981566627,0.12801428031065787,0.0043982511299580605,0.0017996363980277495
56,0.00917556824296907,0.010330580153030667,0.02110833899272215,0.24465578493374826,0.9021427976342081,0.4712524383407534,0.23358503859450383,0.1352065851787786,0.004824388404055756,0.0016927043471352808
57,0.010372013582385478,0.010342165517444317,0.012961618485738909,0.2668347273197852,0.9577183432287221,0.2559603114823794,0.2288348541329532,0.20015620951664803,0.00619053660690433,0.0006354431968804729
58,0.009335099804319912,0.010520515653232405,0.06287984839098133,0.2759695315123812,0.9534177444795777,0.2703592869133822,0.2236056964269154,0.23850813609536933,0.007079255128799391,0.00039710813951217326
59,0.005810188047977383,0.011109472023778226,0.16404771352779954,0.27605678211748125,0.8509855721371127,0.5662377602138929,0.22839507812956678,0.21812656301400565,0.007900647108683184,0.0019546793995043983
60,0.005249731567691373,0.011796299941820482,0.17801222373657982,0.28061893359409157,0.8234722090849576,0.6104734762439512,0.2319069244130386,0.21044900672665232,0.008662494347046364,0.0023045180683905785
61,0.0042066515124934275,0.012630339858530293,0.20278265043327248,0.2828179189117154,0.7668063060179099,0.6860544702654976,0.2374513981962692,0.1938449759777959,0.009399179308952874,0.0030180082515942524
62,0.002493919557649016,0.015984411714132094,0.2427066058253565,0.2872662055377736,0.6439274996538515,0.7975534608323817,0.25791426146916935,0.15783638051485513,0.011312449796298162,0.004499574676012649
63,0.0015303767044625822,0.017302804470281798,0.2648584937934482,0.28613714636924714,0.5610618987923148,0.8496855241648174,0.2670503825005593,0.13136250892940074,0.011898255388849342,0.005634058029011353
64,0.007660535871183798,0.018299233283041418,0.23021263912768938,0.2938558753140693,0.44521650971995286,0.9014043508934555,0.2814604958843378,0.026940171180008292,0.011846823355397275,0.01175922534372532
65,0.009747174909657104,0.019183080778845528,0.19938522544174564,0.3014306436854669,0.5311357901678588,0.8615608533206597,0.29030201864251004,0.045009428292646904,0.01192611597731059,0.01127179713458144
66,0.010169959612118204,0.020063400070433644,0.19340713359240141,0.3059848567166269,0.5464650287572039,0.8514015375216716,0.29927446518325174,0.04901113219637247,0.012051526243715176,0.011168668218049857
67,0.0156776157345788,0.020534272529504995,0.10772770819296167,0.32049925359256554,0.7544138534366064,0.6834121279779506,0.30200552088094046,0.12215007236248282,0.012428182842190143,0.008528526450480673
68,0.01770378789653754,0.020829078513687916,0.07482164214015796,0.33067152562498486,0.820249395912479,0.5899423409418276,0.3038196783753,0.15894409178461355,0.013042760080803866,0.007088034576666438
69,0.01860680107660119,0.021050289706873917,0.06037384233963369,0.3403817205706291,0.8452622626208053,0.541729405521253,0.30605896783943654,0.17763132790699887,0.01378861884343667,0.006349157921475445
70,0.019421720608739923,0.021212233000255497,0.04767434875977331,0.35051149432662687,0.8655556113781678,0.4947197429771973,0.3074220946678501,0.1962334153955387,0.014660742784908195,0.005592332258113748
71,0.021191204517704388,0.021267797184164786,0.02256474941418807,0.36203031982135103,0.9107933221134291,0.3618651316508589,0.3011111007445121,0.25334933200945686,0.015862719316564862,0.003138231271001271
72,0.02121125030697672,0.021347293038613976,0.030051877728738095,0.37333457604357084,0.9252189747411771,0.2918249340136832,0.29355540556997467,0.2974693140928715,0.017374648209790476,0.0014481049989691524
73,0.016017412238651392,0.02195208340881392,0.13572142701762446,0.3776387424223928,0.887138426218428,0.41973894610107143,0.2908038155742174,0.31413890722837545,0.01914453029494813,0.002332322897062937
74,0.007122894773505029,0.023301433167812125,0.2891674011801504,0.36219570653779265,0.7023935730578919,0.718738738847754,0.30942239744004363,0.23289674355241724,0.02048332542254968,0.00882331962514405
75,0.0025450723943725192,0.02510206918307044,0.3622578880523736,0.3476530344681671,0.5113946914561455,0.8537239076242122,0.3268552125268314,0.1455371251103898,0.021182951287925134,0.014448850373028892
76,0.0012384260714619346,0.027134856472345356,0.3878840135884193,0.3409090930926256,0.3764828593553052,0.9061190719208388,0.3412204411477596,0.07176550747324006,0.021406761676124222,0.018764123871938813
77,0.009376959206542534,0.02867572236791744,0.3014620367263419,0.36340568133526974,0.4536425623688886,0.8752914889643718,0.3525038608262315,0.031062464535493356,0.021163400762947503,0.020815191905919503
78,0.021531383856239695,0.029405828376475436,0.14461639722674804,0.3916716081839138,0.7288804850868795,0.6795718470989214,0.35364342240927354,0.1402800748081806,0.02153043166183554,0.01432490803361448
79,0.029231325374753567,0.029680687949267433,0.038812683794131164,0.40810445531861395,0.9067063129907919,0.32014888569149647,0.3233393982438479,0.3420400509215079,0.023327266357463447,0.002221010360666681
80,0.027065735655835102,0.02996175862485903,0.07056900228370444,0.41784033352278493,0.8993473630715544,0.33607901482060804,0.31954573586938667,0.3573706503978874,0.025382821552444982,0.0016440306768366595
81,0.012684224360177215,0.031387504923698926,0.27216894301609657,0.403061943508806,0.7527035320240498,0.6398727524296036,0.3376910041956571,0.28899431367181966,0.027425954623713486,0.008661193410787747
82,0.012107848728317792,0.03291597782974059,0.2800544453181518,0.4070189300313564,0.7408113411498015,0.6518676197115219,0.3423962905332933,0.2832443791480535,0.02897029972972746,0.009189133005626201
83,0.009467522491730274,0.0346868563060238,0.3146924602518931,0.40466049373960444,0.6904165357098351,0.7053958130527014,0.3518831626005815,0.2550836234321637,0.03044605979736754,0.011628368799921057
84,0.006082998616221453,0.036779533097549444,0.3596440682904958,0.3973265594208754,0.6119862109541387,0.7712464396511357,0.3645044487063204,0.2099309808146634,0.03169102391669664,0.01550609903691093
85,0.003011229171955514,0.039205230695631976,0.40522602377100264,0.3862891211367885,0.5099645275360852,0.833423637642127,0.37895732754945366,0.14853846821799038,0.032554751765155675,0.020814252003355786
86,0.002063109107018885,0.04187118465913053,0.4300109994931294,0.3790437182961128,0.43509506549162064,0.8657963059575858,0.3917541853160578,0.09870648705079091,0.03304849780586698,0.02527163216653225
87,0.0023306619435538778,0.0446873711045542,0.4361345407577149,0.37720892373737336,0.4090511023017298,0.8731591274665021,0.40259148259050326,0.07864552452936294,0.033393299895182964,0.027169675208914536
88,0.002568317606763603,0.047607264002391174,0.4372045073572202,0.3769714902568793,0.4028864005511226,0.8724222028992059,0.4128209496016313,0.0733850407618802,0.03371789098997663,0.02769043584766191
89,0.0076661225989427505,0.0503830966773181,0.4267768279979075,0.38051365610368343,0.38050826797629145,0.876996481353111,0.42462504530018114,0.03372133315485567,0.03358787453789067,0.03268987951719824
90,0.03161666711600937,0.05200912080897099,0.27629200797819253,0.42142775933602555,0.6006751945563236,0.7614686350065333,0.42817726743072354,0.128828356200195,0.03346902159753017,0.030463907723673425
91,0.035305272663571606,0.05332613277412034,0.2475870104084932,0.4310431764293394,0.6385813541560675,0.7281552318607922,0.4330090537707906,0.15578812424339802,0.03397472006435501,0.02891435590281798
92,0.03694629488616919,0.05457084595043206,0.23502010819422672,0.4381335763844857,0.6530683217647358,0.711743281177001,0.4385441989806128,0.16799154075088632,0.034614529336027586,0.0282192992780683
93,0.03860644626548589,0.0557545886752828,0.22234536855918058,0.4454463957638967,0.6668093808210431,0.6950531957572407,0.44361249825521676,0.18057886587192423,0.03535700422001333,0.027464339337865712
94,0.04330949848928474,0.056713534634321924,0.18476570519542487,0.4564991054053056,0.7082803185929922,0.6476264355519094,0.44431552531872404,0.21979512145856966,0.036320489080848194,0.024679531554426384
95,0.05137230349189284,0.057259947299785216,0.11767300753337846,0.470479215148877,0.7762379743529074,0.55093097833543,0.4348612827530013,0.2988969123171948,0.03781271875208632,0.018424812392908246
96,0.054507241393890814,0.05758266094978369,0.09127992007165138,0.48086067560234935,0.7990491118425064,0.504800447926295,0.4295567234148374,0.33597139956243005,0.0397003694805705,0.015384368397651279
97,0.05689436055481628,0.05777921599938709,0.07154113271646849,0.4911152150888524,0.8153498792097291,0.4642758170307405,0.4229951405309729,0.3699253059397264,0.041920706330253535,0.01250000521252262
98,0.05895111301870314,0.058022830983595,0.058016155800225275,0.5015835697248731,0.8377615931729233,0.4013702361681441,0.4044977422515535,0.4339152438234785,0.0448355379966766,0.006795297471562411
99,0.054124141094653286,0.05865485491347588,0.10897017672049875,0.5086674353056164,0.8306073447304173,0.40964044080732587,0.3935417914591967,0.46514151321123987,0.04833419280513506,0.004883357467275195
100,0.03944406564479395,0.060147175611083965,0.24356182051874764,0.5017237385143324,0.7715950238008866,0.5261039315801528,0.40677519040062776,0.4311043616283846,0.051946292727018006,0.011211863400154204
101,0.02340630896384533,0.06239082820699001,0.37596352700464286,0.4785819672069101,0.669666764101818,0.6596779044969445,0.43550044559502005,0.3423532694892652,0.054741166590310184,0.023332261196151984
102,0.02809275890819261,0.0637726871124899,0.3796218090616624,0.4803000158753038,0.5444457836318989,0.7614901702742146,0.4770135032491421,0.09808063587822935,0.05391587128561147,0.050177050907397554
103,0.0344985990785503,0.06584173164331172,0.33372112496039275,0.4953242532922503,0.5866112875479647,0.7268736205906055,0.48227908167594075,0.1311028537437595,0.05425763293361,0.0465475727996123
104,0.0417825630824294,0.06754015549598148,0.2800780380955851,0.510910337956281,0.6324081576693573,0.6832712965242166,0.48479449920475903,0.17486074511974412,0.0549340466139034,0.0416864605649532
105,0.04325534882504501,0.06915420747756339,0.27011339487248665,0.5175706237831308,0.6384866015219739,0.6727952344368621,0.4900020800351009,0.18346412524691244,0.05590714314179375,0.040878800836696594
106,0.051864096473453046,0.0703810625850106,0.2067554883708079,0.5330297766132475,0.6861272700611654,0.6164686650722248,0.4872120449730316,0.2428350889287118,0.05715582125361648,0.03411945540146325
107,0.05450088816974867,0.07142113103718846,0.18820341151492775,0.5416715907183973,0.6969038583819889,0.5974482310490561,0.4886363255149027,0.26172083962599035,0.058773581548870364,0.03213912868578318
108,0.06242569585022101,0.07679297581149766,0.13783607714094354,0.6038115327488446,0.70197578430493,0.5357815829784277,0.503173930580327,0.3178101946118046,0.07731883095193288,0.028198508198522924
109,0.07998397428550856,0.07808824669945953,0.10955848699060677,0.6139138724547645,0.7539367493125683,0.43337013302564314,0.44305794044506014,0.5099789020619924,0.08246187529909052,0.01191123807995793
110,0.07559432055016119,0.07918731222240431,0.201419580529247,0.6128656540611548,0.7371186354298244,0.4588019166182731,0.4331824518767065,0.5317963273563306,0.08782272068519244,0.01816701973506541
111,0.06816904292554975,0.08062099873521333,0.29024522894982435,0.6053191059602485,0.7114058783805265,0.49881365268486916,0.43791237472347827,0.5224050702053008,0.09276846181487168,0.027499592672223457
112,0.06332413509570248,0.08223103086771369,0.3374419402601,0.6008601919771684,0.6931214604168873,0.5227608313071327,0.4444044194834048,0.5096624504258195,0.09702093684838191,0.033613989110878456
113,0.04620849637206817,0.08488187600229352,0.47305329567336507,0.5634726932907878,0.6337522250420077,0.6001556813662104,0.472742624503008,0.44286825115110967,0.10138422079099052,0.05489342455823268
114,0.04479706545515212,0.08775612167072283,0.4831282573930872,0.562746042769494,0.6262266920793755,0.6051876170123193,0.478049671775662,0.435387328728423,0.10429183363577545,0.05695703163962713
115,0.02475527420803182,0.09122200394136351,0.5987694628333695,0.50808488160856,0.5469043954353912,0.6813249750537318,0.5167803790954963,0.3092524524748291,0.10673463704188388,0.08436262953860345
116,0.014953359812497978,0.09467869887502126,0.6283218403535918,0.4898757946919062,0.4812110279695867,0.7276019235035414,0.5490423592771263,0.12374554787933392,0.10556764146209235,0.10856420471157263
117,0.016583528724637118,0.09941367376326961,0.6191619747156333,0.4956360932034824,0.4823338369700925,0.723038074717056,0.557219974990801,0.11317902926698384,0.10528586748625353,0.10877820736371131
118,0.024546288624202283,0.1036672255406646,0.5719404954671221,0.5234699575885263,0.4977859724929802,0.7081671996799933,0.5654286722607499,0.09782339673954664,0.10423423269661804,0.10586560225496697
119,0.027532636977349437,0.10803683640788903,0.5570179168535309,0.5319806861701705,0.5032389480691952,0.7000072185742875,0.5725021301159459,0.09915061021973229,0.10401998352959721,0.1044430124102095
120,0.04804292032880732,0.11141777259749727,0.44476795905530386,0.5816158670964483,0.5507434874206211,0.6573567521605458,0.5753204041931436,0.14608564233582488,0.10311875204238924,0.08991453622955368
121,0.05446634493895454,0.1145239587941667,0.41163995144249227,0.5951410892345863,0.5631022103929011,0.641393842025557,0.5790652564332163,0.16710686562661542,0.10363405528987843,0.08521594531464344
122,0.06226323763996761,0.1173128556138742,0.3717128597065441,0.6097584319735689,0.577451045831402,0.6226342211433202,0.5811726589044595,0.1954175483128666,0.10441946757095577,0.07924057458807295
123,0.1238817364472297,0.11980739509948282,0.1323112658083264,0.6555466001811753,0.6951181592592486,0.46180993711344165,0.47711940226079086,0.5606944519117648,0.10882828813426193,0.018831189183267132
124,0.1222582570790434,0.12047157127896847,0.1652637862276319,0.6592215517863819,0.6893335830889656,0.46373475951322995,0.46691736490233754,0.579427660274999,0.11443418909380029,0.019568504441736728
125,0.12093292379000649,0.12094744293416342,0.18087949448852497,0.6639379844195207,0.6832142920294498,0.4663110149472869,0.4644009323028813,0.5834679790226335,0.11974636601626491,0.02094072695180441
126,0.11966090337472149,0.12148206049966051,0.1937724285453461,0.6686194876422229,0.6771419459913732,0.46884227028997627,0.46299230203626934,0.58547459216799,0.1250816351224697,0.022400972835128343
127,0.11705434275365928,0.12227352163264438,0.21732069385766195,0.6715346318122389,0.6695951472141989,0.4740215204248211,0.46171658349926187,0.5872839474682747,0.13065507599364265,0.024905452178694505
128,0.10095957577296447,0.1244131312688772,0.33557676553572097,0.6549977053213742,0.6450526116333462,0.5070138221539895,0.4697788787289632,0.5731711136446843,0.13751010399697378,0.03980861759001801
129,0.09611886817155606,0.12637622682326585,0.3660765703815528,0.6518746335907114,0.6348674729206591,0.5164989052589334,0.4751270043394254,0.5641448632357781,0.14273141826426805,0.04515572625208575
130,0.08150915608997442,0.13785622676323694,0.45064886556265626,0.6393451165780955,0.602284091938358,0.5426341875792738,0.49821602381709906,0.5280011036490778,0.16125960560286104,0.06282534737178312
131,0.025451490106445714,0.14069795264326077,0.7026539567266807,0.4972080516231788,0.4984703379286598,0.6495100770311352,0.592499971638719,0.20215757367484521,0.1642250709334012,0.1632107656461609
132,0.034036525215827534,0.14607298720366663,0.6795818903330885,0.5157990263846993,0.498925909287495,0.6455974217475084,0.603169705494026,0.1561900338527106,0.16276993134342355,0.1700365480451508
133,0.04082750838276854,0.15162731033788523,0.6598274188849417,0.5306836780051082,0.5030580959708416,0.6383636194952482,0.6093380668088574,0.1498660199333097,0.16204461873484405,0.16942640426764813
134,0.10597843709057665,0.15460231135780517,0.41419647775690294,0.6542886382594547,0.5669606711844619,0.5700659776749426,0.595942923211776,0.277658014000303,0.1592841454976065,0.123876127216713
135,0.1414279159751418,0.1562251655092407,0.25407107559989794,0.6958953907186461,0.6022535663023595,0.5204277730845637,0.5650614546657087,0.41279838780868827,0.16117491716629323,0.08334748029675415
136,0.16021729452373626,0.15731411927896438,0.16723491120261888,0.7122569381419601,0.6195557910064379,0.4888200947206594,0.528202247051062,0.5131577148892106,0.16540797124138198,0.05374982362907462
137,0.16491565516171278,0.15801869277134492,0.14971893859962773,0.7190493691210684,0.6217372077342487,0.4781623894973836,0.5073963538170602,0.5568736570328399,0.17085391925269192,0.04201746616896762
138,0.16479299501082068,0.15886800357425962,0.15864400805131423,0.7232950863449568,0.6197297008937019,0.47401034083873606,0.4897979263949063,0.5886517742342835,0.17710685832172962,0.03507864685878689
139,0.16267815100848224,0.1594875674834263,0.17430394100011729,0.7266184386285127,0.6149022229955379,0.4744729544342792,0.4826132470456282,0.6001366347776693,0.18347848469557052,0.03415355246824836
140,0.15853853566735768,0.16038381288664635,0.20080979991197392,0.7282437070925093,0.6088183543534813,0.4771515152530068,0.4769293456653223,0.6086161603515479,0.1901779094136098,0.03510873825011672
141,0.1500820273572528,0.16183491761497742,0.25025755060314625,0.7255161305557957,0.6002486498876958,0.48404249837909447,0.47413246758895655,0.6123045096707265,0.19736267588538228,0.03996496866341112
142,0.14104230892863795,0.16353712342831223,0.2994689372703446,0.7205213980396735,0.5911613014688164,0.4919122031624654,0.47637702073461097,0.6081619901523949,0.20442248842530997,0.04752286846651201
143,0.1266470420115529,0.16589526632408147,0.3728520933991979,0.7066161568703269,0.5789162077621189,0.5046250281279098,0.48538044946166264,0.5932834465480488,0.21172391302644078,0.061836621225477846
144,0.08976278245089847,0.16946582434988627,0.5413941097509254,0.6460802510676904,0.551341569581358,0.5379247804520499,0.5231248555142153,0.5239675454209252,0.22000330682275376,0.10802434773617466
145,0.07795673754886182,0.17364868057453395,0.5906015187252288,0.621310368212332,0.5405985890518121,0.5479580845262177,0.5395567605088006,0.4908829066970291,0.22491070385309583,0.1265241684907093
146,0.07195374952722144,0.17835950035088752,0.615250023367747,0.6075323622597507,0.5343208189004601,0.552417537493813,0.5497389847571689,0.4707278964691563,0.22892971575064847,0.13723372911447743
147,0.040966453038939754,0.1824418199011682,0.7432626376330903,0.505281222449941,0.5029685457222093,0.5847395171583374,0.6062128307318758,0.28690274782923486,0.2311058851615774,0.21891633395833354
148,0.06406422905405357,0.1874402302487033,0.7110126619014133,0.5356572933976977,0.5048055237425361,0.579854507478492,0.6232714772023079,0.2065140756212991,0.22728398680178707,0.24146096914981965
149,0.12252578042364186,0.19107297466949572,0.5460366302216031,0.6475109047482261,0.5305535302063045,0.5473903521395842,0.6150252442652511,0.2773831468943995,0.22389241826106537,0.20292126705667135
150,0.17656829182372352,0.19298147806154173,0.33558758909816383,0.7249746092764722,0.5564027608318326,0.5099668829117625,0.5792557816107105,0.4238961681437684,0.22473603649341303,0.13574411857699878
151,0.17482623540212952,0.20003351909625924,0.3033055811231695,0.7355907952383958,0.5656614021699498,0.49224425535768906,0.48282806295501984,0.6240101547419448,0.23370887916562427,0.053308297569663085
152,0.1618955554288875,0.20220414526505892,0.35394506784472113,0.726799668380289,0.5578913476928464,0.49861050373639404,0.48876420394878856,0.6143307496930509,0.24106516572417058,0.06305499174205705
153,0.1475623602712316,0.20481806050425116,0.40829397862093975,0.7138987076613698,0.5498100412721909,0.5055898336988165,0.498370249553074,0.5988675906201347,0.24823277893620876,0.0761006288857816
154,0.10540136666370485,0.2084862657808973,0.5592831352483002,0.6531511660392142,0.5311805762428327,0.5268105553346475,0.5367447997043125,0.5303325961153982,0.25661986715287943,0.12471119303078536
155,0.09769388295350587,0.21298582218838633,0.5861320030097625,0.6394019883780636,0.5262358985453348,0.5300591932203085,0.5466439510230789,0.5120145743079073,0.2614726658365478,0.13652916035927046
156,0.0859391972503274,0.21784567342989317,0.6259657414015003,0.6154037362220018,0.5198502063493776,0.5352013504335186,0.5617067336334182,0.48109780464929186,0.2661077918945857,0.15586987924466036
157,0.0709163142933279,0.22314266894766763,0.67689788733911,0.5785266779977186,0.512089969901541,0.5420476892289617,0.5824961996716734,0.4320009450156438,0.2700622305781038,0.18526090554786245
158,0.07151117763925603,0.23583257571637925,0.6788932012911986,0.5767727473892773,0.5101577328063251,0.5396243965517963,0.5883107045973476,0.42703707027751076,0.2756749248140709,0.18798378458413412
159,0.06722038946351692,0.24218156322993045,0.6955208081573874,0.5626186269725492,0.5073343545484366,0.5406800974046297,0.5974739820824931,0.40604739743190965,0.27840489309019995,0.20039176831813135
160,0.05902091324305386,0.2485579379936727,0.7325849743286053,0.527635927416112,0.5021186147300936,0.5445737186867928,0.6162243177123194,0.35024582253177317,0.28015788162485705,0.23317459049491965
161,0.059193341198933574,0.2556051090790861,0.7498404389614034,0.5088151508423369,0.4996333657899056,0.545338259922268,0.6282760007508821,0.3117017346044193,0.28065695342226604,0.2556881067300468
162,0.061044349042429544,0.2632457871452134,0.7508605463385597,0.5064443524163333,0.4993018464915506,0.5436909904324265,0.6323708770999071,0.305430955632135,0.28140312082372276,0.2593453661229508
163,0.13757135368260998,0.267888565351935,0.68909888773897,0.5658870564862014,0.5067906459622199,0.5326530642824755,0.641401539262797,0.271844030220441,0.27434058090307517,0.29291568597346435
164,0.23581553042946152,0.2695446078927801,0.4880117392391294,0.6897398174713254,0.5236366601840333,0.5090383759793902,0.6055075406956727,0.4181763401210768,0.2732092669202844,0.22558541157152143
165,0.2635923648001741,0.2710865734763475,0.40588804533350004,0.7220181326954285,0.5273145293165407,0.5008602310637498,0.5833575821024993,0.48022506811813,0.27640112842221803,0.1911348529055255
166,0.27254830367303545,0.2757623738347862,0.3794480171947461,0.7374392081918203,0.5202388771147997,0.4966678788584161,0.5776860983740327,0.49747532783378234,0.2914877562291697,0.18399200422534026
167,0.2787612752986607,0.2769552356577635,0.35981529682156854,0.7447457713185586,0.5190237298923314,0.49509357744814037,0.5713628454781904,0.5119434798622557,0.29563750550621604,0.17535010820685232
168,0.30273615318161157,0.2802523568254332,0.2634501796543183,0.7688299146561972,0.5204368675107894,0.48998729721491807,0.520637550792963,0.6038652218235917,0.30268027210138165,0.11154169815205515
169,0.2997924430750008,0.28241426103597833,0.25873421296893034,0.7717803373717258,0.5181768292044582,0.48991212742797885,0.5028252278581458,0.6288973172142543,0.31007357593871526,0.09388359264308165
170,0.2930294479684912,0.2840264476190211,0.2706318770998336,0.7714883048439513,0.5154761161903719,0.49060514974887526,0.4952307263193664,0.637820905740477,0.31752740811015256,0.08848012157083342
171,0.28134305049473485,0.28604254080159053,0.2965703025168009,0.767987818582582,0.5124994797463435,0.4918784441367742,0.4910634701233527,0.6416651077612782,0.3253030926960103,0.08757735707449471
172,0.26540114581647184,0.2926401879927215,0.3338447053340713,0.7660858364248244,0.5028843967565394,0.49340887969564895,0.49181221401207387,0.6326909203621075,0.36007543838481304,0.10048605031118972
173,0.2635021638008978,0.29390179651089526,0.33796690244223543,0.7661565732424213,0.5013614640870676,0.49351554350326776,0.49217951927001696,0.6305340871416661,0.3668493906871409,0.1031655645205718
174,0.25756488701829083,0.2995981730873944,0.35058672860211576,0.7664345251735454,0.4963807876267395,0.4937102716250068,0.49367923974606964,0.6217176385882895,0.3933557525607079,0.11357704530625387
175,0.21516833155150286,0.30357349995040606,0.4508755778454255,0.7343279341054408,0.49426302347713574,0.49543568155837575,0.5099556384003727,0.5967991872477476,0.4012104137511293,0.14707837318001232
176,0.2047375077777376,0.31322293097802695,0.47681694521300977,0.724322621749129,0.4924877912968492,0.49520287868001495,0.5165854572060814,0.5832098337878053,0.41804114784964463,0.16306139902717998
177,0.1156257171845346,0.31624694276925325,0.7578459594126944,0.5234758006350065,0.4922244411924602,0.49531792677268127,0.6014142605639958,0.4167771073557346,0.4256221988853922,0.3949701912783703
178,0.148157298777923,0.32040579528367985,0.778788951528134,0.49830333921818043,0.49339754517474255,0.49329746815625874,0.6199577008156951,0.36424045501302094,0.4205673577938339,0.466256937993869
179,0.16813898928625884,0.3262439072272438,0.7665676682156248,0.5118581389595012,0.49364047656234805,0.49245856995208265,0.6209657797203014,0.362569831448796,0.4179986150125227,0.4702627800015608
180,0.2635641951467633,0.32569172558875165,0.6431531398019258,0.6276949519607615,0.4941407120199373,0.4909432745665018,0.6025264615282764,0.41755028055359,0.41047956416262155,0.4120989824244089
181,0.3445450178966386,0.3262213354973832,0.4331398043604658,0.7397052648547746,0.4933234128354373,0.49107648139619403,0.553066515763751,0.5272646460422924,0.4155933271060058,0.27600888653611105
182,0.36033633993102043,0.32897939551562505,0.3530326788489758,0.7662176268198408,0.4923463442511522,0.4916351083654332,0.5273145228082949,0.5698138949999441,0.4232401772408514,0.21554100562271275
183,0.35842065391735745,0.3330718269664326,0.30761957251003597,0.7786989740932316,0.4914735626669134,0.492266469924809,0.5051707494155393,0.6006293367019575,0.43164213548280517,0.16649614543461075
184,0.3488521017040628,0.3356060041065571,0.3048001387326983,0.7801166067402973,0.4907872127256924,0.4926487454431123,0.4970234251988273,0.607210514184091,0.4448583894735651,0.15330280222388806
185,0.29266767905399943,0.3429875221334637,0.38498305953624185,0.7585127120871313,0.49091408510019185,0.49263594669351707,0.4963377984546372,0.6045768985774022,0.4518736479594058,0.15246198015811033
186,0.21640999046766932,0.34779323067384793,0.5448650445023359,0.6904173600621135,0.4917734629865814,0.4918951212343964,0.5263109755116695,0.5583956838609032,0.4582535573218225,0.23200545597848468
187,0.20177416772154835,0.35189608581535053,0.5788093251079561,0.669939098360379,0.4922710307800092,0.4915975083728619,0.5349630217022422,0.5432337398141862,0.46288217070284426,0.2576096289077886
188,0.16205645472068184,0.3560845465321479,0.6814900601976932,0.5932696881360453,0.4931279057168447,0.4908995526418138,0.5643723802977499,0.4899013165421977,0.4680552473805665,0.3531100778771634
189,0.1518019943224373,0.3685458643280486,0.7351003206257688,0.5375062958768129,0.4938807159737637,0.49058357951683296,0.5840290562068212,0.44835459179963644,0.4716169993780075,0.4269917115785796
190,0.1810424660555344,0.37163967643485024,0.7709192388930896,0.4953394504063058,0.493565036795421,0.49117183989897295,0.6039521987230612,0.39943377260860374,0.4663720416217306,0.5204081634420026
191,0.21002223467065412,0.3762736999067514,0.7583733736526277,0.5093013310459162,0.4931332239067675,0.49184623668809135,0.6044940777695477,0.3974268186062184,0.46202890173076056,0.5283834475725847
192,0.21475721399026873,0.3828598783337438,0.7552062375564188,0.5109268899705797,0.4930245642278545,0.4921593770198079,0.6040656662331465,0.3979889233961548,0.4615685259513561,0.528074393539882
193,0.219584738664274,0.3894195559180864,0.7519296394206717,0.5126194892521205,0.4929132107760127,0.4925091232439154,0.6035752449326197,0.39861134444607804,0.4610950796004087,0.5276657333937379
194,0.26553219299012754,0.4099953260614159,0.7164262611040105,0.5449327178162473,0.49201450526653356,0.4948039647270315,0.5977796775359554,0.40956148043035046,0.4562473961070894,0.5151278220267431
195,0.2839925785392008,0.4141783210495209,0.6994959969764353,0.5605244308787838,0.49176486455769824,0.4955106499742771,0.5946483111012606,0.4163589250957793,0.4545171054705297,0.5054176396220016
196,0.3169463884695125,0.4165103323048125,0.6649519965497634,0.5913380476425408,0.49149683138619743,0.49629017333399955,0.5878747265542322,0.4319949671708643,0.45236252803494703,0.48220435817904483
197,0.33312032582203577,0.41977640040963404,0.6465492859104849,0.6057251626950478,0.4914871165200552,0.49686267009944224,0.5838353058187709,0.44023501731428066,0.4523025473583118,0.46973632826539036
198,0.34347227319740303,0.42322017348613383,0.6345295339166773,0.6142658257024569,0.4915829183104412,0.49739445373482694,0.5809851905564131,0.445334073276024,0.45283005773661267,0.46191289101511657
199,0.3508861833535411,0.4267033244746922,0.6259458137446173,0.619840731199211,0.4917484708320337,0.49792115237750345,0.5787950166240271,0.44870507561749495,0.4536189099131734,0.45668825597536516
200,0.4357074039957459,0.4272421701815517,0.5043800424713246,0.6967227903224407,0.49319269767226104,0.4968606817105494,0.5493933304204544,0.509855952626368,0.4604196057603498,0.36104389734633957
201,0.47666918919637896,0.432427207432645,0.4321694001366803,0.7298791155945735,0.49537666117280293,0.49528422154149804,0.527069081350987,0.5483855620680731,0.4714519566352932,0.29876190860713375
202,0.4949320016587701,0.44017962951462536,0.3900958429052689,0.7457302449299361,0.49816151465431957,0.4932471757583757,0.5080402410724373,0.5764932006361343,0.4827459188417825,0.25034167417793574
203,0.49189079147639897,0.4455692118548728,0.38495890968016616,0.746918322908348,0.500561009864591,0.4919389977296011,0.4993199280010145,0.5866433221389308,0.49050765754022296,0.23124896695591038
204,0.34194866983959094,0.4559365635739279,0.5675356109274929,0.6562624023837085,0.5028246529193732,0.4910205033250304,0.5185762552750522,0.5508627641353466,0.4966640159398662,0.3044886388013255
205,0.2720402069340392,0.45760581032971065,0.6572911279136825,0.5859213707840166,0.5016073429234101,0.4942114282445696,0.5434455846192291,0.5064663031833427,0.5033462221115601,0.3983095203615091
206,0.22760334589124204,0.4605396882865429,0.7396623800211087,0.4983954032542951,0.4965600306693288,0.5019921744248454,0.57864734706175,0.4341486814617664,0.5036826763375051,0.5441565482961473
207,0.2488688074437383,0.46474123027729863,0.7354292379861758,0.501044550914397,0.49482220617131745,0.5049966327441993,0.5833502544560092,0.42152148914164506,0.4962882607495457,0.5642842416793471
208,0.2540547015825029,0.47156235120036993,0.7320856337255218,0.5018432398138323,0.4947571954899003,0.5058923953857936,0.582399291097394,0.4217795663146271,0.49559615440196275,0.5640478278737888
209,0.2692066340222517,0.47676192574399495,0.7232446911152856,0.5094051781516071,0.49430267629545516,0.5072801359146571,0.5817501259372634,0.4212935212597962,0.4918367342877106,0.5634078557971812
210,0.2765648778397665,0.4829252568204794,0.7183194701305775,0.5120630142140543,0.4942116521491649,0.5082626264496739,0.580577433667709,0.4219232885726456,0.4905443025206411,0.5621723840491577
211,0.3353089238150153,0.4804936574846111,0.6729913759927222,0.5584151748352371,0.49408850691757394,0.5091772573432959,0.5745375675677051,0.43448218709816505,0.4790253038482642,0.5322447311055594
212,0.35441249125050767,0.48313852909283345,0.655966970865729,0.5725669384759439,0.49459960997193086,0.509598353439962,0.5709157235052114,0.44073427881935956,0.4772056493157704,0.5195958285762182
213,0.3795996665268825,0.48453341603450184,0.6321826635097154,0.5919357714245788,0.4955728427242938,0.5095187105120813,0.5658389603205356,0.4502558569571193,0.47578783506426314,0.5007012474647915
214,0.4318601867404389,0.48297317211951474,0.5787998352431537,0.6324811056689776,0.4983224138286842,0.5072521046848479,0.5541954680391966,0.4742593375534998,0.4765809224812407,0.45521351789184245
215,0.5695203043593536,0.5008587239455021,0.425727507111297,0.7168093251413639,0.5155747561740354,0.4915310150207709,0.5030637439198454,0.563849105644168,0.514220032154339,0.29656745970117443
216,0.565201028317156,0.5070170379984007,0.4297979272685848,0.7137750019414467,0.5193008933077965,0.4893573634330048,0.49753610371611784,0.5695084936620048,0.520928356426794,0.2854565396494789
217,0.5608477754678335,0.5084205996458276,0.43397071241375224,0.7104789099263774,0.5217116597162517,0.48902688160631896,0.49647203420135533,0.5686097425221246,0.5255980936697996,0.2872411863345287
218,0.558989118268376,0.5086880859068436,0.4355579001042734,0.7082880878980828,0.5238957638618349,0.4890545484611129,0.4961760692630026,0.5667552554181579,0.5300133375262335,0.2909579401503267
219,0.5558332697523352,0.5093187957118858,0.4383735484934251,0.7054739703300923,0.526188950529079,0.48899204038469646,0.49573791259246314,0.56503166265569,0.5343330941410699,0.2944191811420286
220,0.550993101939545,0.5102805943339255,0.44274556367399515,0.7018563811790327,0.5285522857087115,0.48888298591585533,0.495253343354058,0.5632878328240848,0.538463235228879,0.2979571759848477
221,0.5221641358923647,0.5139340899610562,0.47007821381422044,0.6865574270722878,0.5307411372808117,0.4890368288482651,0.4952636500244049,0.5595973709422006,0.5407034705992122,0.3072381425815206
222,0.5057921392618699,0.51670511978398,0.4838888051660527,0.6739016497590968,0.5366660834648145,0.4900573409936824,0.4958811914577067,0.5518731350050845,0.5508686414013831,0.323400751988113
223,0.3558702719178813,0.5177335277553008,0.6279405302376911,0.5717734425766053,0.5229968535379921,0.511323776181746,0.5202243264480529,0.5073883718987083,0.5549377693638524,0.4764388092495367
224,0.31934914803588155,0.523092422743823,0.6733830025039511,0.5276282877502232,0.5136701498592791,0.5251743005465079,0.5334511174642886,0.48276489097223596,0.5635357821373274,0.5656682955428466
225,0.40145073852464924,0.5081292839034096,0.6438959570998818,0.5559203794820842,0.5028690849497119,0.539243327237747,0.5445187452729686,0.463659915579083,0.5358373215540119,0.593926894156675
226,0.44809690601252494,0.5033477227319185,0.6010838981988081,0.5896572439445277,0.5082042336650378,0.5341185389266898,0.5377628401834709,0.4757428463516687,0.5290625522213905,0.5450270660163989
227,0.4548990098789321,0.5055180633892306,0.594665052367163,0.5929034742018956,0.5096744136711334,0.5341575701407956,0.5358042534405356,0.47723363852684925,0.5292591476742156,0.5393344272946791
228,0.4816215638814788,0.5049131310028783,0.5681792145810641,0.6108645413884113,0.5145968749812736,0.529955321672167,0.5307922344228161,0.4852106415988599,0.5297876386515058,0.5105262267011046
229,0.5241086560157756,0.505099745627752,0.5249300784206199,0.6384777457695938,0.5237887125270374,0.520570470564059,0.5224826310987818,0.4996758165619026,0.5361824731142897,0.46383164383613423
230,0.537986852093067,0.5068494318865968,0.5107092489573803,0.6458741571776286,0.5283605019772813,0.5173507511557153,0.5189970033637774,0.5040891249733819,0.541086753773626,0.45033809840241856
231,0.5527734631966658,0.5092486318679396,0.49579570852814975,0.6533678866099855,0.5336815141526929,0.513300805840008,0.5152239000700551,0.5089705137690638,0.5473166342908543,0.4361324609011112
232,0.5939434711827621,0.5231853895055782,0.4568952678970414,0.6739952658079287,0.5483369929656736,0.4970157676093176,0.503521198590269,0.5277085590813321,0.5661695951705231,0.38745947939771663
233,0.5963661263540414,0.5258568127108906,0.45475195067701607,0.673449909976723,0.5524951277864473,0.4949770604637503,0.5015606006623661,0.5287017114266472,0.5711397812778873,0.3852747401769402
234,0.5966454493876576,0.5272778596107545,0.45448846123612324,0.6718107508798736,0.5559509658291313,0.49395807226504423,0.5003889005708353,0.5283928835560613,0.5751317341095491,0.3863688712523579
235,0.5958604386559949,0.5274679423109934,0.4550694617627471,0.6696471303472372,0.5588054055631995,0.4938082749322862,0.4998592464672614,0.5270932127609246,0.5784593421765643,0.38992184250284373
236,0.5870365328065785,0.5387334813827247,0.4639070291038565,0.6630678773588711,0.5653139900413499,0.48853893619434563,0.4950257397807259,0.5315020585913409,0.5813830942475746,0.3814607209125897
237,0.5746141506044523,0.5417698471182912,0.47453873561264975,0.6550814251058424,0.5677975444854646,0.4888240246845607,0.49394468299307065,0.5304225274479032,0.5817472493698171,0.38651860762225
238,0.4356037789735262,0.5437860414072339,0.5937538222568765,0.5729378542256324,0.5447735430081542,0.5230282986749051,0.5019366015102285,0.5098261717156753,0.5783777650962054,0.5108647794319573
239,0.42027738255957875,0.54629898361918,0.6076748658388148,0.5597012867568918,0.5405996967788392,0.5305183100918432,0.5036903020139194,0.5051152847624616,0.5834410142986783,0.538679461988984
240,0.39952985096850463,0.5500093430092964,0.6289553310961619,0.5399575483117283,0.5318679023965706,0.5434086069600464,0.5072000057863755,0.49752184012135797,0.5923351007866255,0.5866641114593341
241,0.40447173908634254,0.5492227125958953,0.6518617012258048,0.5205084168050482,0.5061411924832914,0.5747691267170102,0.520141344294914,0.4759168966740022,0.5935396390135922,0.6768777008280009
242,0.41993316789932666,0.5497979612992031,0.6417541984717484,0.5272652873005956,0.5064356872665468,0.5754899960256806,0.5194434049648073,0.47604313297377376,0.5858365621614918,0.6653237941486987
243,0.5303824606288006,0.5243657172581075,0.5435305058750588,0.6012264030830238,0.5345748508044156,0.5430227984495851,0.514201302174453,0.49003272812254445,0.5574936205285134,0.524430230187252
244,0.6020117247934791,0.5620630823118289,0.48351749457873394,0.6390444339970744,0.578868875114477,0.48789892981252037,0.49541730101522274,0.5211196738920298,0.5920371217243021,0.4119711660954151
245,0.577949887914614,0.5642132340688224,0.49988710661691765,0.62665132058828,0.5793231809990684,0.49087860014691637,0.49409888570833055,0.5196942830401117,0.5893194667412941,0.4210262052437707
246,0.5584476979735964,0.5651758222465224,0.5121114923353921,0.6144672145745691,0.5814068105610348,0.49479105010394403,0.49335260165764083,0.5166717027462054,0.5902241299554337,0.43482840498914893
247,0.5362902604434387,0.5655416742442069,0.5260594408063983,0.6027770307105791,0.5795535384398062,0.5005689281917712,0.49292444520381434,0.5145549266470196,0.5885228852141788,0.4495005877622509
248,0.4337334013830729,0.567010536429875,0.6032360981392879,0.5430190474326795,0.5448066571479306,0.5488324142648411,0.4970545641566814,0.5015509077672908,0.5989006346051661,0.58208926842057
249,0.4346888573686635,0.5702529744918632,0.6026368852359322,0.5411587970277676,0.5448236045074002,0.5504584409148615,0.4964089543273262,0.5016296292451091,0.5998640525002912,0.5848404867959914
250,0.4246720273189929,0.5815322329305335,0.6267002453731849,0.5187804337876699,0.5202437366376794,0.582278980275215,0.5003343801715849,0.4937510645998399,0.6170131600204906,0.6728935247553622
251,0.4362738927861012,0.5840312114987788,0.6265468758364584,0.5178669931218031,0.5124603716396278,0.5918400355077602,0.5020476654041577,0.49125185973243113,0.6161146792448874,0.6910262151700909
252,0.5177816628098623,0.5537236227272396,0.5749010677078831,0.5584541868524246,0.523480784720505,0.578567425199884,0.508513155352864,0.4881456917384421,0.5743211251559632,0.610869482292594
253,0.5752651723386535,0.5467323671405337,0.5322415006462712,0.5869717947594923,0.5490327574975304,0.550310265552796,0.5083532686862257,0.49220708368067534,0.5720476152889309,0.5422024144174625
254,0.5924105535596498,0.5486502745425779,0.5203552334515309,0.5935392215242531,0.5590372838655875,0.5405932158821787,0.5074177809438358,0.493544967758178,0.5773694902947016,0.5265095389818261
255,0.6044444247573854,0.5511995699652671,0.5124406898384455,0.5973714553119744,0.5673305931195263,0.5330119738217299,0.5065219205111325,0.49434741525186715,0.5831212026315543,0.517376043411409
256,0.6070937676880128,0.5521004903906075,0.5106419924902295,0.5970152267610715,0.5710354949869317,0.531209830643349,0.5058307422798687,0.49410036315002065,0.5856843016285346,0.5172222980176491
257,0.6278851438657462,0.560346050733227,0.498815010657989,0.6035997317904854,0.5860774118590116,0.5150163266204335,0.5045520383489699,0.4960264203617435,0.5988948366071833,0.5030157085459214
258,0.640063241673734,0.5701840032808954,0.493109909098226,0.606061898192823,0.5986988970709057,0.5016170426693958,0.5028513338767132,0.497708455378613,0.6103791508293004,0.49480159060119744
259,0.6357897080028259,0.5845912129306762,0.4967880366043265,0.6020567261901291,0.6098733896465576,0.48942118800496476,0.49914125420796235,0.500684229810422,0.6159291396907551,0.4857710598853505
260,0.6259687878234143,0.5867122248075008,0.5018675390244114,0.5966610278323771,0.612311397292283,0.48949970755012884,0.49763220701379546,0.500773221813792,0.6149642268640857,0.48823787448235845
261,0.5810985693365109,0.5887146487649237,0.5232851708826518,0.579077927609403,0.6056489113764751,0.5014367390548282,0.4930065466076503,0.5025385660853399,0.6026517524757858,0.4979876299009871
262,0.5697331491924623,0.5885503168283942,0.5284935761911582,0.5733405088698721,0.6044168138392619,0.5059809494850065,0.4919381860933905,0.5025021945498576,0.6015441583100654,0.5049087341538341
263,0.544348967357428,0.5880116202281774,0.5405627339126291,0.5624610821110568,0.5968247811963029,0.5187765840727274,0.4897543008793747,0.5030278762396448,0.5988936161238259,0.5217482036861433
264,0.5304610173939447,0.5884504885649392,0.5473089424694866,0.5556078931287265,0.5919154490797581,0.527572681503677,0.4884268119555671,0.503444092344748,0.5993515407259545,0.5348899443852413
265,0.4837968495541546,0.5929998246032747,0.5786130324249379,0.5323576382607305,0.5539201702389455,0.5772540851140531,0.485146167238742,0.5039237598552662,0.6195620965264279,0.6237516891290018
266,0.4878213586440586,0.597654424918186,0.5924109446352243,0.5250177787893449,0.5179977422330806,0.6181802614143551,0.4875884364622168,0.5011831082682604,0.6440769610084807,0.703957172253851
267,0.5554683349201621,0.5611538607532597,0.5527767056957872,0.5517080548718555,0.534885299280741,0.5977761367185245,0.5002947563663992,0.4926167605125985,0.5917674034024882,0.6193597855265517
268,0.598095962469785,0.5561819599041685,0.5261441496144325,0.5671416327802165,0.5685869455825077,0.5615706839094741,0.5044847345684011,0.49053664517275525,0.5872944655289338,0.5656429325268726
269,0.6035298771487171,0.5572556146968899,0.5231494830723672,0.5676823854052637,0.5748238863481577,0.5564599086594368,0.5043609751872962,0.490296368868268,0.5894929770831061,0.5622397498763871
270,0.645119933867356,0.5822087394226829,0.5060778065429409,0.5781995632475506,0.6189295437659467,0.5045823958434407,0.504888779054874,0.49101659947910453,0.6217928376433067,0.53750311233421
271,0.6370853674194342,0.5807248654100675,0.5109571186483641,0.5687312782516168,0.6293569207791645,0.5039949387786802,0.5031774601551434,0.48928619565552434,0.6260971108030992,0.5544455231881201
272,0.6349416129091378,0.5804870409771559,0.5122535111244647,0.5663278688618336,0.6320493982632669,0.5036673648820627,0.5027377505412759,0.4889637220255963,0.627079197023108,0.5587097716897025
273,0.6300539002970383,0.5875804898893721,0.5147696998489483,0.5629609181536605,0.639592110799665,0.49644406334017305,0.5010047600414695,0.48982990079930966,0.6299383614352423,0.5600533260026425
274,0.6261077918480933,0.5882143133340216,0.5166607869286368,0.5600730862479847,0.6423381647567793,0.49586682368716883,0.5002798524211571,0.48989284161725855,0.6301894705605171,0.5635800680366263
275,0.6017581870441238,0.5864227823222085,0.5284898568310957,0.541515245696331,0.6563765124518575,0.4974925328575707,0.49676701592332806,0.4911132984141849,0.6299882489726202,0.5883225173195578
276,0.5873690265115125,0.589426237742826,0.5321411631814683,0.5373295716334574,0.6548204363198236,0.50103905336369,0.49421872173352954,0.49310263386966136,0.6228500074849472,0.5861917824703868
277,0.5691414772947103,0.5913628773362521,0.5361152809205669,0.5332578893307911,0.6474137750604189,0.511616514854942,0.49113992570645976,0.49572749658237175,0.6129167173257496,0.5829300827644341
278,0.5372031138226919,0.5928451362878495,0.5425055438580353,0.5300085093194826,0.6156988555356816,0.5512355332611585,0.4855229551489013,0.5006509014304124,0.6057653247621457,0.5908516760721921
279,0.5341727584529193,0.5934097234054009,0.543443004420743,0.5288523765070822,0.6110034640895532,0.5579696731414493,0.48493216683487184,0.5022058587330539,0.6078534757791408,0.5954045248484091
280,0.5313847061575959,0.5941497931097369,0.5442746977581948,0.5280732163380449,0.6045705690061162,0.5665884459180192,0.4843115573898082,0.5039191490496719,0.6112889673534306,0.6015994089620456
281,0.529021234736508,0.5951365706644899,0.5449729008014227,0.5279759600673596,0.5948023055969145,0.5788832094335886,0.4836530874814689,0.505817673997816,0.6176428640050492,0.6114887390572437
282,0.528269031307172,0.5964457510848066,0.5454474930314233,0.5300854365034972,0.5739897620650944,0.6033130988834237,0.48303999303914863,0.5078989833809243,0.6351005987026367,0.6356911206723042
283,0.536586154010441,0.5959699819947866,0.5442321206220744,0.5360156821515426,0.5420111809777576,0.6380046601452132,0.4843824588166695,0.508823737752408,0.6684075541715644,0.678661981268753
284,0.564725701334836,0.5765840192279552,0.536173023461033,0.5461589870455179,0.5126858172147486,0.6636381007606827,0.49404817414409613,0.503706387188092,0.6792033541726089,0.697878036351594
285,0.5809032226560924,0.5613090116666192,0.5298602394055378,0.5466427429883847,0.5255240426663963,0.6490689663290106,0.5013676022576646,0.49976836752627973,0.6444239929288604,0.6597084922066423
286,0.5883471582055072,0.5567472453413739,0.527379740137575,0.5451883896361809,0.5378533495835189,0.6369881749672233,0.5044988128409024,0.4985685486062638,0.6273599192819823,0.6398486194014
287,0.5906948899877588,0.5566859121211314,0.5266477759428642,0.5441986956659111,0.541085705363803,0.6342939392600373,0.5051401451815403,0.49910233848202057,0.6242128728653115,0.6358298318981086
288,0.6067254851406817,0.556409680833934,0.5257628238797627,0.5376288799151252,0.5896740327002532,0.5869835876159506,0.5117814833627743,0.4951794845193036,0.6006827477311976,0.6078634644951645
289,0.6065721278692396,0.5564920655162301,0.526305369048843,0.5362629188549358,0.5922255554165434,0.5854627145286663,0.5117464695721856,0.4956749810905231,0.600467219723345,0.6092710152212979
290,0.5991811561187068,0.5993013068368477,0.5388117833480711,0.5190429971285084,0.665464567882193,0.5062339507874657,0.5068237861677884,0.5003401465087796,0.6304468194133436,0.6304004753502142
291,0.5570870749623242,0.6018132711176335,0.541496829472142,0.5180454335668984,0.634007382101083,0.539959610253219,0.49462792899644104,0.5094176190234819,0.609914029372285,0.6032857141694488
292,0.5488751700127306,0.6008860484499545,0.5409690779412966,0.5201215318694932,0.6145671124327885,0.56334393996073,0.4915601237122923,0.5128617939905495,0.61389223527277,0.6056232930131589
293,0.5477465801114914,0.6005312233754755,0.5385609078699998,0.5253439252906612,0.5869800664598739,0.5960292328264016,0.48947360157243697,0.5159213645884351,0.6320196112337311,0.621516274033235
294,0.550923730410353,0.6009318066901668,0.5371751865432651,0.5271843841915334,0.577150748569854,0.6076701995731764,0.48969640523882363,0.5178781416336082,0.6412730150877598,0.6296417611300725
295,0.5564507905753975,0.6011271551905911,0.5349734443412839,0.5300773229266192,0.5648344852419476,0.6218902456053668,0.4904750214472592,0.5195777613724301,0.6538241314833366,0.6410359215372025
296,0.5641088411699602,0.6007291035423407,0.5321064891125837,0.533503907568935,0.5521919768576989,0.6360245168307976,0.49209965993437094,0.520824508608968,0.6671279220907134,0.653482553557072
297,0.5698165223676525,0.6007291857033769,0.5302058565577707,0.5348232432414388,0.5468363286858486,0.6418957892518471,0.4937029056913523,0.5222913965135364,0.6724130404809954,0.6579330859807971
298,0.5945609958578076,0.5774964967523665,0.5187124576202704,0.5469752732745216,0.5197111219111581,0.6643133500612153,0.5079413345738965,0.5138619995257404,0.6753683220391609,0.6703805445077131
299,0.5984002315272152,0.5751752671457868,0.5172688969244184,0.5465040101658616,0.5216918783324147,0.6615250118057797,0.510573021227807,0.5141703102688119,0.6682564970263082,0.6638036840302723
300,0.6016152849171283,0.5735350727230528,0.5161459082822226,0.5457954120450274,0.5240125491870744,0.6585687884255083,0.512855736373418,0.5146945984554595,0.6618448703488418,0.6578494935504259
301,0.6051426017997786,0.5677536317122133,0.515101594041358,0.5442786997838507,0.5319992108303824,0.6486644500708485,0.5179018920308037,0.5131125297835157,0.6434098597135408,0.6442633395446137
302,0.607119405743745,0.5674657963938139,0.5146632431563488,0.5432529461737544,0.5344360043408924,0.6460553623916337,0.5192974348310729,0.5140151112892551,0.63960745239556,0.6407496485570608
303,0.6114003827931629,0.5696220261365001,0.521572018060696,0.5310744568252727,0.5884140403335767,0.5925152911142026,0.5313132317015952,0.5085794647929431,0.5988586017957765,0.6243075032972794
304,0.6103576377027186,0.5733049150784193,0.5254106156858025,0.5261217758332116,0.6021620961413149,0.5814442469063908,0.5321622630097417,0.5102123555510515,0.5976561364048443,0.6315342893684309
305,0.6092857396219628,0.5747165058507632,0.5272512953470095,0.5239282571388983,0.607423177939352,0.5775231981208119,0.5322785680564665,0.5112167547833195,0.5974756628369852,0.6357123517662654
306,0.5944851186680121,0.6131209724378878,0.5436673474545674,0.5046552902983912,0.6631005809693729,0.5250848526161168,0.5272743547968648,0.5192673571342942,0.6215590516157271,0.6697253975166745
307,0.5734310567859049,0.615811134496426,0.5462019523137908,0.5025951676955326,0.6573467159766393,0.5266372115770956,0.5182715536903236,0.5255675229609024,0.6175220218956913,0.6491630446022897
308,0.5599149125776673,0.609242051444236,0.5415406872202234,0.5095948578437696,0.6274445798650176,0.5546794595125849,0.5095324024984699,0.530662284916869,0.6161534503483199,0.6162701388438173
309,0.5615846512993533,0.6058290309581744,0.537441319059378,0.5153681814824952,0.608599205598578,0.5755654947414236,0.507318216866761,0.5330802622444457,0.6252148665256825,0.6087457317092558
310,0.573623199912977,0.6022712304640744,0.5294991490687204,0.5255108268776681,0.5815326245169143,0.6076768699509653,0.5072559284452165,0.5343341424284628,0.6488461901781944,0.6112411166144565
311,0.6150654962985026,0.5708233999941881,0.5078849189397612,0.549518486462159,0.5297615172574877,0.6602891856811847,0.5252317168402285,0.5209303868448506,0.6759026877197113,0.6391885145904693
312,0.6172811025064588,0.5691519343435427,0.5074637917593422,0.5484284241980047,0.5317629856052639,0.6570628380965422,0.5277846420048954,0.5218227193427207,0.6691981893697307,0.6352082742507469
313,0.6170482158062625,0.5633996917045815,0.5085472862839387,0.5454822449228804,0.5393221462919389,0.6457566775131104,0.5329591631572707,0.5206772580301227,0.6467693937672204,0.6278713567441997
314,0.6117044332059622,0.5617400186504519,0.5155704922685729,0.5356608582244818,0.5647248018841775,0.6176457201404605,0.5401587771891524,0.5206846285178619,0.6096604025319919,0.6251529645437117
315,0.605743502536618,0.5694125079895055,0.5234274054513721,0.5263541039329226,0.58921715860167,0.5958029107668682,0.5430942095942739,0.5226083878901397,0.5945795671584392,0.6370295372490669
316,0.5870188652238989,0.6081329467617151,0.5436847300548991,0.5032050617016451,0.6495356888983173,0.5487421572310293,0.5414412695651496,0.5328586685752343,0.6034106705150696,0.6861673465760723
317,0.5667502643758248,0.6207580373637409,0.5502528947549783,0.4965512907100101,0.6594934119276425,0.536822502760351,0.5326876588626782,0.5404505071236014,0.6114916474089792,0.6810096016722915
318,0.5543761885343377,0.6172625226081487,0.5488342747704389,0.49974101666084025,0.6454387664561649,0.5440068984190285,0.5251433684317075,0.5439982000215751,0.6121016999789385,0.6495295413937952
319,0.5653058925862404,0.6038376331455257,0.5335144303667506,0.5191470315168195,0.5995119216441356,0.5869099401910237,0.520269740831334,0.5434669601618758,0.637405297903728,0.6002939135402893
320,0.6252839572678842,0.5655470964424923,0.5033637700362383,0.5517818346311752,0.538309627675888,0.6553617747870628,0.5396383005825455,0.5263294760129491,0.6809498630796708,0.6171036468417125
321,0.6250838240647216,0.5604897817222415,0.5044915216118876,0.5492297078626017,0.5419530837775153,0.6474286028926906,0.5437109789053632,0.5261697960950392,0.6622297585708742,0.6152368970259958
322,0.5676752138387239,0.6168156966134573,0.5506837341277276,0.4971467441111178,0.655824209642456,0.547771433063886,0.5418167722433685,0.5468174542415692,0.6021544615138925,0.697104837921058
323,0.5543081972928888,0.6200292439040137,0.5542148440212208,0.494512760871189,0.6566311087614045,0.5440647427319475,0.5350107343464315,0.5516312661160374,0.6057831069845118,0.6864611190575037
324,0.5457551691254352,0.6146796181921059,0.551220196962216,0.499811426450888,0.6389439384024466,0.5517969626991202,0.5273640712100691,0.5536601643160156,0.6112377658894116,0.646384994681594
325,0.5515692272742032,0.6068725137634458,0.5442060030767139,0.5094558051005186,0.6174516648931954,0.5686182282134072,0.5254489757142409,0.5529455208872136,0.6232616729235388,0.6141925688494958
326,0.5569877807549602,0.603420165773869,0.5413218638543408,0.5136563295060774,0.6088973330075218,0.5768589437604179,0.5262941528543935,0.5534028027540342,0.6305119947681023,0.6043496577835724
327,0.5633810327633209,0.6004476632564025,0.5385054631320326,0.5175011449186572,0.601640345884963,0.5844573641261971,0.5279459178621856,0.5538887696562638,0.6379255885189633,0.5969016248709779
328,0.6114976475518621,0.5815959402262998,0.5123473197359727,0.5456066357949416,0.561550920867671,0.6376254235163403,0.5433880284824074,0.5423029711404721,0.6924824499912873,0.5859709251371032
329,0.6236542284843521,0.573677866944211,0.5059097233607807,0.5510546082248728,0.5540417778570567,0.646482511560419,0.5507438589234988,0.5395391784693307,0.6977775063123958,0.5883028205510396
330,0.6299248250913528,0.5604547661432074,0.5005017385870428,0.555153108228594,0.5473133561165857,0.6482427888054415,0.5597271654663364,0.5337985577150551,0.6843102993192012,0.5943494835839188
331,0.6303188776494087,0.5576268077206828,0.5003524902924483,0.5540746373861639,0.5481473726645275,0.6443402770375264,0.5630198503774758,0.5341994195759568,0.6745517195400467,0.5944402597275394
332,0.6246216806125104,0.5538996479605279,0.5026001749033839,0.5508184445163813,0.5514339830112465,0.6342509586519247,0.5667496315571638,0.5335748727633649,0.6499035200957042,0.6002004457537158
333,0.6248140213484009,0.5537486178593162,0.5031924274165005,0.54929684060931,0.5531356702066732,0.6313835882524911,0.568373651644639,0.5351794313279026,0.6455139946063849,0.5999857986341435
334,0.6157891405903769,0.5554957545823281,0.5081449902693794,0.5436796792763663,0.5603193792308412,0.6200404969318956,0.5700305312002282,0.5370626589528216,0.6223132980057848,0.6103027745869892
335,0.6115604508415388,0.5574690655372525,0.5111005688930934,0.5402342760467381,0.5648968866878092,0.6145520002497054,0.5708289382742971,0.5393528267716123,0.6125196749282872,0.6162013401545978
336,0.5857144538143014,0.5780804992413443,0.526893349784022,0.5239667750468834,0.5921609160947966,0.5944519725740836,0.5688991414850773,0.5503868311344913,0.5811540989112125,0.6554174036941657
337,0.5550341081956476,0.6091887140779337,0.5450881420245024,0.5049219657746753,0.6279377700226246,0.5786528583912098,0.5619114560365641,0.5685043808745135,0.5756384387058491,0.698980540378825
338,0.5298504616705715,0.6246471496323498,0.5551946612384064,0.49504916699927193,0.6427790103266736,0.5679883091319535,0.5501928870119996,0.5802371795126029,0.5883508860379204,0.6985809680999379
339,0.5266354290970637,0.6229136210381385,0.5571503904654818,0.4950388239485439,0.6426867595344412,0.5691055685146825,0.5486208413320897,0.5820776429333979,0.5869841568044607,0.6995665067400259
340,0.5239387280404584,0.6163352682795755,0.5545274886688958,0.5002341049860926,0.6285533580393295,0.5664887177526177,0.5411096366052665,0.5805106285189281,0.6057005824240415,0.6497649695854691
341,0.5217104973495591,0.6105623757464579,0.5583868045321995,0.5015538993683673,0.6253942300500506,0.5686647745035698,0.5397033148542572,0.5843459731275749,0.6061850177533112,0.6448289205678975
342,0.5255367645742719,0.6063333448626231,0.5573723862138178,0.5045950101410772,0.6201727665215038,0.5700868115930033,0.5401236581339774,0.5835171115277423,0.6120571641306769,0.6311085670988436
343,0.5254975719751503,0.6045910466200107,0.55860665672324,0.50498640088235,0.6193424185560935,0.570556868460511,0.540198761880559,0.5847319248696431,0.612263386696372,0.6297452977178362
344,0.5768504656670121,0.5818822981876334,0.5347291940370571,0.531717054071108,0.5919610748364053,0.5934928466801994,0.5606403477875676,0.5671875623203323,0.6642844543065577,0.5565092601388115
345,0.6088112590848016,0.5659908097363527,0.5185618748595527,0.5476016217393183,0.5822780005996202,0.6129002624815395,0.578568925283561,0.5567095219686133,0.6904849715028283,0.5375897555587964
346,0.6232175847330512,0.5556843848498205,0.5100346004053576,0.5548943961355692,0.5781658254638407,0.6211924875735151,0.5890224132246342,0.5511634537432791,0.6968432931099589,0.5348455316295347
347,0.6254600000013835,0.5548205051442835,0.5098867181353582,0.5539655917373497,0.5793981087234886,0.6192774921633573,0.5918605400753167,0.5534186742569012,0.6948231023984317,0.5323836594999168
348,0.6306881004008309,0.5495133079914408,0.5064067346741683,0.556122411866753,0.5780422133795777,0.6205237026297055,0.5973928702304995,0.5517756883163192,0.6923217542198403,0.5329427608008953
349,0.6251717378485216,0.5398103939861534,0.5015250327193744,0.5595861601158367,0.5693854494369529,0.6191529307252548,0.6015967694476843,0.543416128528454,0.6641322879184007,0.5576271042466852
350,0.6196954951051923,0.5404987152374494,0.5028645028248488,0.5572817924586743,0.5688757419947974,0.6148634524451562,0.6017623928571609,0.5447822526502865,0.6496731503478147,0.567491775373919
351,0.5983193382259692,0.5501533852875178,0.5101287793480626,0.5498128539800687,0.5695380900106625,0.607004626925375,0.5967434700218983,0.551212866403536,0.6134261180062293,0.6006802130431221
352,0.545160246256113,0.5894753270909933,0.5346203610558642,0.5262250331580889,0.5927685146843903,0.6015057172357274,0.5810384920522964,0.5833127112128046,0.5613491923034033,0.6742141139151131
353,0.5398988576918755,0.5910613483593826,0.5376383782620024,0.524336106673249,0.5950042603347901,0.6024558590000891,0.5787784028157122,0.5871987838215769,0.5582299866572759,0.6799758358329965
354,0.5015305289636734,0.6085597321870915,0.5578641415199433,0.5095992164616613,0.6146957345088182,0.605976335049026,0.5601364060478553,0.6127549190859329,0.5487592300170218,0.7097964427036864
355,0.49379786667714504,0.6096931346133154,0.5622693737710579,0.5073598563318544,0.6172969879822242,0.6065011029171985,0.5550153752865237,0.6171757723153706,0.5491984988309931,0.7113459176148663
356,0.48766074426971207,0.6086047569561011,0.5672603215285914,0.5042947228976512,0.6169010218062417,0.591358792768126,0.5435326136268951,0.615285928505543,0.582141162550729,0.6663546914304455
357,0.5071464556780699,0.5969979365874134,0.561491153734849,0.5122411852163898,0.6085207906552526,0.581310772720715,0.5500765276518639,0.6039826420625757,0.6117712183198057,0.6152290706973715
358,0.5244180222076672,0.5878167269721883,0.5563045593463446,0.518962926875142,0.6044768902234818,0.5779377324283634,0.5592488333806631,0.5967905548949262,0.6298318397533488,0.5843250085043442
359,0.5477783116963644,0.5762582375278003,0.5482876327619786,0.5278347212254517,0.6020036111136526,0.5768625576016937,0.5739546527141407,0.5881601704776122,0.650633667327156,0.5506707401893673
360,0.5656322381963425,0.566962716761815,0.5419250356289839,0.5344047993909938,0.6019983635070769,0.5776302195036541,0.586803780532497,0.5825329376399294,0.6641624090926231,0.5289984508296726
361,0.6076601162247565,0.5409654481648466,0.5206267476245039,0.5541828546110443,0.6037186186418105,0.5888055154362195,0.6190009786189281,0.5628582436124464,0.6922804517706639,0.49311782715184693
362,0.6176378221310104,0.5317274957534016,0.5136758386692244,0.5594063207243811,0.6038992189642325,0.5918720514863446,0.6282908372006977,0.5569353907713189,0.6926889005351418,0.49125754438937436
363,0.6201576256933481,0.5293092501222901,0.5123361314302897,0.5592708831429937,0.6049177700378097,0.5904505649909635,0.631763795095061,0.5574489961676391,0.6897519167237084,0.49076801941108983
364,0.6223913061686656,0.5257297252262567,0.5097679017616015,0.5601827544959262,0.6044789652641854,0.590099845232131,0.6350855624981369,0.5560134254049983,0.684496121863239,0.4941546087903379
365,0.6234257535803454,0.524808783651632,0.5095056074941641,0.5589591180612531,0.6056670437552371,0.5878454265974312,0.6373300053198315,0.5577653541302715,0.6810339929029325,0.49390420498672716
366,0.621788935229453,0.5227756281826754,0.5073406644301988,0.5594343390666475,0.6025449810114124,0.5879933644229208,0.637632446510973,0.5558868993271097,0.6704294291121538,0.5048494614178554
367,0.6184395543726438,0.5230568309057835,0.5067664414345953,0.5584856645875895,0.5998056118849462,0.5874186845358803,0.6365583846088748,0.556113785099021,0.6599408135159781,0.5152795791168813
368,0.5596160978192068,0.5569707977681154,0.5181756946027873,0.5474678388943705,0.5748289210605521,0.602815220544621,0.6043608879986404,0.5774237015275568,0.5821339592778677,0.6154924381337418
369,0.4650832462731305,0.6105637385068527,0.5619846960048901,0.5114921057259342,0.5981536290421838,0.6191527817687528,0.5473918801024705,0.6400538539703864,0.5533300481748124,0.6700646358227965
370,0.46927686325798196,0.6058219116881349,0.564279251368987,0.5115604896380449,0.5989002684321205,0.6123166857784051,0.5451897809475073,0.6366225443800425,0.5640109821969325,0.6542721796430638
371,0.4704984993550196,0.6027729043453608,0.5660380197725837,0.5122403123868051,0.5987109161684832,0.6108461859600443,0.5440973131250646,0.635877063612512,0.5665143410690445,0.649303982499546
372,0.4861726526226445,0.5936321862717889,0.5658404660953968,0.5140042707906183,0.6001235834696684,0.5967750937446736,0.5494522357808516,0.6272192379787223,0.5871987861556337,0.6177941491039337
373,0.5249502631844547,0.5745437163524887,0.5585862504404032,0.5211456192175209,0.6053110490626086,0.5735990065716806,0.5747528442620048,0.6111697084725114,0.6246471718666387,0.5571864650554901
374,0.5440678500311866,0.5639977660747979,0.5543236814496867,0.5255143243341875,0.6094699517274348,0.5654882075367311,0.590796550842035,0.6052139223817231,0.6388514975771713,0.5309308766221517
375,0.5762437035742252,0.5451227999617583,0.5437887341607923,0.5348831614367235,0.6186733047028908,0.5565072636497678,0.621021469765317,0.5943484935909162,0.6607389194364052,0.4906131316077747
376,0.5810385156379007,0.5415886119201141,0.5428463859606006,0.5353762389372725,0.6210301244931327,0.5541572968714625,0.6267003375922363,0.5944774676687206,0.6613449370214244,0.484785547853537
377,0.5978520363043953,0.5291962434309763,0.5352725986771948,0.5415408111741457,0.6275407488995217,0.551619580093633,0.6447150799541109,0.5877167826193224,0.6691068328803559,0.4667967096321809
378,0.610031319065551,0.511575114552787,0.5152032904385172,0.5584065395401211,0.6248475060544448,0.56289392754667,0.6567832898642579,0.562259231457061,0.6637676823149197,0.47468228141270674
379,0.5812054409185317,0.5265661664528756,0.5101985253133344,0.5610481217798333,0.598850543772359,0.5811496871676939,0.6328019145568757,0.5612546042584672,0.6237437560499606,0.5356440224594426
380,0.5058531251464492,0.5747800626001516,0.525722444791944,0.548170013676724,0.565942140198286,0.6237580950098579,0.5897513176368496,0.6125541014510646,0.5466083654410635,0.6398799755544786
381,0.4730905452123473,0.5915009204228425,0.5391605345159792,0.5388792172763633,0.564539480382814,0.6428978194340983,0.5699735494211973,0.6396039487291707,0.5234185132165283,0.6696212629604466
382,0.44774091768002583,0.6014628563427603,0.5566326566740669,0.5272013098669851,0.5723979884482118,0.651800663607909,0.5450087149986879,0.6565992348734465,0.5192140406443045,0.6780336802085019
383,0.4454740098914736,0.5997676773548132,0.5623822856498312,0.5247099011258543,0.5756177868978011,0.6497263986370468,0.5372871825613598,0.6567012565250957,0.5243524017877074,0.6723382614667321
384,0.44474961328341833,0.5974436552498908,0.5651988676497198,0.5247149765596628,0.5760448103496976,0.6496852641371051,0.5336898579586613,0.656737025347554,0.5255914885945681,0.6701848342206628
385,0.456861456646241,0.5899131964478493,0.5712384428101949,0.5209149564687481,0.5850771585927294,0.6308470896729722,0.5320996711630882,0.6467279946964022,0.5498972953913885,0.6411940892898941
386,0.4582623307891136,0.5870120862125606,0.573127472745463,0.5214696161094878,0.5854740989869085,0.6295917327943407,0.5313766870324278,0.6457580815074244,0.5514323303338636,0.637901605670283
387,0.4587622427592296,0.5845139270901148,0.5749361947597407,0.5221571239377734,0.5853953307321476,0.6295052254367857,0.5303754804410876,0.6453814279974817,0.5515055491357503,0.6363623673004254
388,0.46167759707194456,0.581037219224133,0.5767710437767483,0.5225652123691465,0.5865030497917851,0.6265673362121956,0.5308998147407116,0.6435529406259676,0.5547386612004824,0.6309135788148992
389,0.5092166559333656,0.5557681687005483,0.5730107289391582,0.5242174334475767,0.607961369149345,0.5783079108922401,0.572785104275532,0.62140076243283,0.6053000607908015,0.5568012782296706
390,0.5143214273425236,0.5516253914356058,0.5730888791559908,0.5247690166606587,0.6106073025737603,0.5736114819272767,0.5787053099976533,0.6198361104772423,0.6083364221800661,0.5491345214768987
391,0.5745481124161279,0.512208351523498,0.5487940699219149,0.541786068784487,0.6459791589132687,0.5277374978827446,0.6566816692183277,0.5893170325640643,0.6589930961361982,0.45681384781569123
392,0.5888053016726349,0.4966921047933637,0.5266390419187085,0.5594138860778837,0.6545478349857691,0.5287298773420734,0.6731955210253701,0.5606742746010706,0.6634991690744232,0.4435211347725361
393,0.5887811769076,0.4965279995304647,0.525790906623459,0.5579627620900605,0.6560614262533977,0.5271438748643187,0.6739689956180112,0.5617153572131955,0.6604675706483939,0.4441770259935909
394,0.5868355368454842,0.4972253067724917,0.5225249938410693,0.5585658128261133,0.6548477024824099,0.529422242215383,0.6715520069574781,0.5596608427745263,0.6549224554419115,0.45028752699124813
395,0.5866628932468494,0.4973807000377544,0.5222294459948811,0.5565624300524588,0.6564077291716033,0.5277152686186342,0.6722834841579028,0.5614011652469596,0.6520854510601519,0.450818599815558
396,0.5822738623674865,0.5000445945584021,0.5190738347299191,0.5570077189873732,0.652424624209417,0.5329680071445361,0.6667819028624371,0.5599080296090333,0.6443743996935799,0.46146303217594864
397,0.5479122266150808,0.523286565948721,0.5120952819703247,0.5608932363267177,0.6144568212743091,0.5739642200111075,0.6294500982190152,0.5676881578051002,0.6057917019227697,0.5269420731495038
398,0.5375572523236523,0.5298691983643998,0.512240701411981,0.5592958038239734,0.6054097879027286,0.5847482141964306,0.6207856112552819,0.5747894920270282,0.5940956259009698,0.5434755071035761
399,0.5086670066600388,0.5474533394622002,0.5152696687364248,0.5566838562075885,0.5793998805050833,0.6152602466161727,0.5975506868062359,0.597876383630913,0.5644142668824507,0.5846616949108842
400,0.4983609625186045,0.5525434080030023,0.5174690048158231,0.5548298548348282,0.5717397369542357,0.6263485631513092,0.5891909946918588,0.6070238326003256,0.5541875062732231,0.5974725941619415
401,0.48649349561528765,0.5580781225063572,0.52058481651795,0.5528339528805608,0.5630273002261758,0.6392602985479362,0.579087850560631,0.6178747650195386,0.5428552834334393,0.611244829785951
402,0.4299245353545365,0.5820021843410151,0.5503708363042723,0.5399180355414511,0.5360975105394501,0.6920016874205842,0.5157892504200055,0.6689302517088771,0.5022108801143462,0.6568965187638927
403,0.4290561176834428,0.5802693220679916,0.5577653687986884,0.5369136413683788,0.5410815613159681,0.6905433428634261,0.505091077699308,0.6684435882156802,0.506800443230318,0.652027215159315
404,0.43200134321056266,0.576915635729512,0.5629856427291566,0.5349424438543239,0.5471695470257407,0.6854510121600738,0.49973838021084815,0.665269992143838,0.5135215700024367,0.644546485598188
405,0.4424712257959078,0.5703991061263041,0.568459248884827,0.5316437410186777,0.561022625604599,0.6692375837330469,0.5007798769097034,0.6568874493427376,0.5291679894445257,0.6266417499914531
406,0.4992420133494857,0.5394494635993344,0.5677752457167434,0.5255305329685899,0.6189215970052492,0.5836018312775553,0.5632013936096166,0.6263675972888885,0.5907888210556872,0.5410803935154196
407,0.561094035595522,0.4982197588513571,0.5460836811831979,0.5342484624641823,0.6805689510240289,0.4910744236883521,0.6682650272385137,0.5924964957648313,0.6429093840865572,0.4432625376999041
408,0.5695926617857727,0.49025788474311494,0.5215813009637241,0.551675713913905,0.6867985441527664,0.49518209374627303,0.6800367339274778,0.5566703634812943,0.6408860332964005,0.44313008651211144
409,0.5585496571922334,0.4984136337879889,0.5155439314742216,0.5540535194218194,0.6726134841466632,0.5181334096251321,0.662880802822948,0.5548005810011033,0.6266040378370147,0.46855092920692176
410,0.5375611090343436,0.5130583650315603,0.511433606711461,0.5553871853088004,0.644635729827016,0.5564468142645896,0.6350246784506655,0.5635397300698044,0.603212904159088,0.508805523557734
411,0.47695299355857657,0.5485123579813241,0.5171822829696551,0.5541748159130143,0.5659644146482544,0.6494328346126108,0.5679833903597383,0.6175113000493507,0.5414455000819609,0.5980013319177027
412,0.4276651926752046,0.570144935343652,0.5526337615410468,0.5403946557939261,0.52622078529405,0.708168395916007,0.48776310274194845,0.6677482317642188,0.5038037794163169,0.6408545513993106
413,0.4307599164282894,0.5668931359443947,0.5577600859975766,0.5385933102246735,0.5325670787982452,0.7039147105908482,0.4821495288686709,0.6646804545019892,0.5090450974797531,0.6349131372020325
414,0.4504564602953706,0.5561800561570132,0.5659204780821354,0.5318347934565687,0.5640380977491201,0.6709995411220572,0.4909908787590961,0.6501320615621722,0.5342788950974766,0.6049993366333025
415,0.48539710283050047,0.536835275609539,0.5667557208767054,0.5255537596081017,0.6115132881202819,0.6086749772702336,0.5360039653152674,0.6312920887127509,0.5716649992948513,0.5532662768232844
416,0.5585863718354506,0.48923262739547907,0.541311570593628,0.531260031077952,0.7033280934328421,0.4661641103436955,0.6782478883793817,0.5859409901818452,0.6359950385663257,0.43529441142880404
417,0.5646947224462523,0.48476701854123644,0.5313549173496814,0.5362388494184158,0.7122661438498399,0.4576150652636461,0.6907713091710008,0.5705764807550963,0.6368511450141792,0.4283702383988827
418,0.5628472203341444,0.4865360766334965,0.5243756449223385,0.5391007358586881,0.7110286914437146,0.4655578697939547,0.6871823688955073,0.5616646931888224,0.6314961154979954,0.43552915825819205
419,0.5486914947347551,0.4975581619862209,0.5147336534328689,0.5444552886308752,0.690860022578512,0.504277435850812,0.6620265651225208,0.5550454115212983,0.6148940797190451,0.4664484311144269
420,0.5385240407266011,0.5047735638975954,0.511511280227788,0.5446599996040612,0.6768890657822229,0.5279561970963873,0.6467856778827831,0.558154359377986,0.6035108352218411,0.48553373737208216
421,0.5313678920153316,0.5095215165191962,0.5099357860229148,0.5436834447275112,0.6674882343214262,0.5437819697200741,0.6369565526041202,0.5619250285168614,0.5954029856691603,0.4980402917350975
422,0.49024114004682384,0.5336811873197498,0.5086485709784777,0.5464568743617213,0.5999114856863597,0.6293299133408292,0.5809804028719017,0.5944262271358839,0.5554332662788505,0.5612008882810349
423,0.4717423207121818,0.5424999368554448,0.5114541285417903,0.5460362283072451,0.5694727891920359,0.6640072111123938,0.5558446978778431,0.6135883355132975,0.5378964277722529,0.5854372948369216
424,0.45399185417612326,0.5499335135122001,0.516699173113855,0.5453470458324114,0.5396269952606368,0.6959483581827317,0.5286166474551036,0.6335474451326342,0.5216840121172398,0.6066203017263445
425,0.44961407578027796,0.5508002625098163,0.5189996783117085,0.5447789460685708,0.5322836982799458,0.7051437349229371,0.5190352987632146,0.6383008164168343,0.5180241771842992,0.6115344597369398
426,0.4331430734878182,0.556443167396622,0.5301959464720122,0.5427774887466255,0.5048267527816471,0.7336805025708839,0.4820158157188023,0.6584995901352444,0.5046745878332469,0.6280804418505336
427,0.43075943594207694,0.5559123155319441,0.5349112356836313,0.5419074534602683,0.5008997733247743,0.7395697935821012,0.46908453252705556,0.6616302109564106,0.5036298769530538,0.6298199278258729
428,0.4305309744897891,0.5544943354412529,0.5376031785999825,0.5416692820878697,0.4997955581855217,0.74230696346885,0.4617542690595601,0.6620353367198625,0.5040617837886612,0.6298600718330252
429,0.45338811535006623,0.5414406297276768,0.5548969004213139,0.5290058949172615,0.5593402149464721,0.6935828057099083,0.45923130467395534,0.6478695406373869,0.5337802579605342,0.590788077689011
430,0.46848321744523996,0.5322065469614161,0.5564685932079897,0.5251799161949509,0.5911986636702066,0.6600555275442622,0.4796784474969634,0.6377959744229025,0.5488669340015572,0.5680728774522766
431,0.5520309182363042,0.48416287610038844,0.5263473510026982,0.5248408288867545,0.7431161328045608,0.42120429174961205,0.6838320079586783,0.5669086839036268,0.6221758717365005,0.4346104635284428
432,0.48049137727684543,0.529626858515391,0.5077149744797943,0.5452964753332229,0.6008715189745133,0.646883082004689,0.5615524635108731,0.5943371196357332,0.5494484277969583,0.5648709239980971
433,0.4371141427794812,0.5471276426140083,0.5289467550015535,0.5436377181471421,0.5021552830370821,0.7433788793155747,0.4669326630942098,0.6514068030362212,0.5097665707623688,0.6216002585152304
434,0.43973471458216734,0.541838944250958,0.5493947073972858,0.5364193292860917,0.5102257781074424,0.7430538348441441,0.4279375906573421,0.6547593802787204,0.5154598356441483,0.614625156560652
435,0.4497071244198347,0.5312347385369516,0.5576169476662233,0.5349323665022108,0.525921675235046,0.7334321300011383,0.41982039047502434,0.6453949169055366,0.5241618710383807,0.6030546296625722
436,0.5419150565327566,0.4856923018817188,0.5211379860527747,0.5279644791042769,0.7578257794675969,0.40102326548599754,0.6714493578133524,0.5454925507571782,0.6109678091174274,0.4449125736266139
437,0.5411818428916604,0.4868011902285599,0.5186279220445791,0.5261631340959001,0.7597495061409416,0.40159252617524915,0.6724305874377423,0.5437433606239083,0.6087103940656073,0.44682796051671564
438,0.540049455342417,0.48816537080664985,0.5161667474858298,0.5243341326825046,0.7609717423960164,0.40391841910459597,0.6724780506968983,0.5423330799383606,0.6061543180354316,0.44939797348318605
439,0.5260663989968227,0.49945616398246845,0.5041464759080285,0.5309484449147359,0.7367769901464847,0.4670226723822986,0.648077748095699,0.5357679287883389,0.5917895631623142,0.47605375201682704
440,0.5129533021082027,0.5071419570874032,0.4997453022134291,0.5324901388659012,0.71012685322144,0.5217265673476296,0.6228780342106366,0.5433305706527323,0.5792018479054397,0.4989124287729121
441,0.4752477608991016,0.5238630168124824,0.5003866897237281,0.538052682614449,0.6052665080194111,0.6653129476285593,0.5404658177405874,0.5870475626083294,0.5456987767636593,0.5612153741405053
442,0.4589997264922378,0.5290123206783329,0.5071674666638035,0.5387131893696939,0.5471659598884513,0.7226071017968396,0.493466014952443,0.6125618090313887,0.5316235669212585,0.5880875914366611
443,0.4476534644266527,0.5311344281854874,0.5194916186141622,0.5379433103533205,0.4954458169669139,0.7651269660351632,0.44118914665955467,0.6349567478755133,0.5218565953560581,0.6083971208036536
444,0.44935199692745875,0.5269618244665332,0.5360807056456375,0.5326886498659763,0.48838322429706404,0.7726422761566712,0.4006186184042325,0.6430618398164113,0.5228529954743821,0.6089164590407107
445,0.4542237480307924,0.5230301282706978,0.5408088169632624,0.5302923296994164,0.5010046196802231,0.7649551922516891,0.39571001750618856,0.6399907435874895,0.5268098259892192,0.6027398519545349
446,0.4859357401210202,0.504573030065836,0.5470308395338993,0.5146132371381033,0.6232642963946508,0.6544078206046298,0.4573012559460786,0.6180528837537782,0.5525877394751905,0.54817122953314
447,0.5133236739956688,0.49130683498296396,0.5387814639371669,0.506169923553678,0.7193732992975422,0.5152304353717885,0.5552600788335293,0.5922940303259285,0.5754427558473572,0.49764049133893995
448,0.5242029393890096,0.5001010076613107,0.501192789030232,0.5213894157115266,0.7638928359229352,0.4275171942257016,0.6471144358656775,0.5255658565046544,0.5850684396696517,0.4759530051346081
449,0.49043057982142085,0.5156937108455064,0.49302110750305894,0.531045650021354,0.6693975724494187,0.6029381870527222,0.5695092272222229,0.5545949130665669,0.5570935303176022,0.5325657655961804
450,0.4696384910603912,0.5213943224692299,0.4983479873351463,0.5337353762642165,0.5823636336580073,0.7035222077228847,0.5042396660270652,0.5890097768507582,0.5410474032178965,0.570235221046472
451,0.45557424702082855,0.5222498515697991,0.5152212234553339,0.5337667098152219,0.49061059873736745,0.7784485583626771,0.422455612186097,0.6238043111531845,0.5303945254357559,0.6020840937510686
452,0.45692558246689674,0.5187448772058307,0.5258699863514023,0.5310978704989415,0.4763465126827582,0.7893205934915908,0.39111800546629943,0.6300708744718391,0.5310475615419482,0.6052250749670588
453,0.4686313962885542,0.5097370960917977,0.5385963848098335,0.5226999040418692,0.5165926260314326,0.7628671328543475,0.38148451670074296,0.626442586898955,0.5375276831577696,0.5893574074796516
454,0.47502856751958594,0.5052459471648718,0.5414657420419277,0.5194439845123188,0.5420201436486564,0.7439292207437204,0.3883961204192406,0.6212439632418852,0.5412882582283524,0.5795189639543278
455,0.48490264434773345,0.49916784181592394,0.5435260811026758,0.5139146204976366,0.5887965930410636,0.7032382285552872,0.41132780675033365,0.6129402853709518,0.5467842569698969,0.5620698048802955
456,0.4872800342521964,0.49719916434312933,0.5442124065249092,0.5130508539046122,0.5959591114534102,0.6967988765680208,0.41442921359787327,0.6099519596648615,0.5477824169081646,0.5590665066749301
457,0.4895995368176201,0.4953021289002946,0.5448454509709142,0.512155424953911,0.6032045132467837,0.6900495323161637,0.4178932616039817,0.6069746285157815,0.5486574704453944,0.5561161859120507
458,0.49185509551378376,0.4934845420333184,0.5454245271823276,0.5112298011200958,0.6105128322080252,0.6829979508472321,0.4216971845784081,0.6040135510218105,0.5494060141658825,0.5532309624996203
459,0.5008305016189288,0.4893703057312655,0.5445265970488244,0.5056541745987467,0.660391583487163,0.6253779218003136,0.4589686372807011,0.5942803466441055,0.5532744436358281,0.5355562867370365
460,0.5073211072325453,0.48726266985468303,0.5423227363153543,0.5017011114287526,0.6966556231820943,0.5747317944625399,0.4913898152967555,0.5852928086164959,0.5558819961336912,0.5227149468881939
461,0.5152706352370424,0.4870949400695854,0.5365145031652049,0.4975435606967101,0.742780480023187,0.4943016475870993,0.540951187362454,0.5699176992687943,0.5596778505337754,0.506227394074976
462,0.5228775788375676,0.4970111149519988,0.5158995052808085,0.5000896884769476,0.7952584285000304,0.36569935243111695,0.6178899785973522,0.5269183536476771,0.5656572407496213,0.4876286040488351
463,0.5195622625521104,0.5025530417460351,0.5072018007674213,0.494341752028168,0.8027642549869114,0.3606070563646039,0.6245656649668464,0.5191521465444809,0.5612730279756452,0.49203874637137496
464,0.511625775356565,0.5107413042227243,0.49442291084760476,0.4998272819459431,0.791620471711567,0.4000752793691715,0.6182889303883908,0.5068441910975814,0.5563400317840833,0.5001634665126208
465,0.47511088325323125,0.5070501925758868,0.4880465701839226,0.5256010436732905,0.5005335370549027,0.7871295923669516,0.4194173606263391,0.5909894377839013,0.547147497766812,0.5819847435015336
466,0.4769056363158764,0.5045733152600602,0.4914753435723314,0.5249074862275093,0.48762912628044247,0.796875894521975,0.40411646857878464,0.5926754138708705,0.5498133982484411,0.5842395961879336
467,0.4882231660933003,0.49108539992629474,0.5143929772853149,0.5168277786896613,0.4886620402480214,0.7960503961163874,0.36077956168466696,0.5990085988159557,0.5550568737546712,0.5816848829470804
468,0.5057650721590999,0.48168882110278266,0.5291998898384259,0.4982964449374974,0.6322437441638036,0.6761079235598517,0.420857859719938,0.5855542999599804,0.5518432046604375,0.5458958620779772
469,0.5121026858459747,0.48192031643154537,0.5296651208350761,0.4910310207291742,0.6952081000851266,0.598035479439499,0.46719487282329053,0.5751775551512743,0.549930204176444,0.5305866284356232
470,0.5165219364955963,0.4855744720054072,0.5270483871322883,0.48521441103892493,0.7469632268993994,0.5132999571661033,0.5154763187406349,0.5620174991455897,0.5480316713951231,0.5189304239441305
471,0.5186648594252501,0.4973223628024319,0.5173380328357993,0.4815227539728134,0.7985858459349924,0.3951698335309681,0.5788737022601955,0.5344916979017854,0.5460873366777845,0.5091522038810491
472,0.5173635532041571,0.5025784061632519,0.5122471516398502,0.48055649286360297,0.8082381051704507,0.36995679095148193,0.592900089464708,0.5241704022983863,0.5443098289523599,0.5093306258705897
473,0.5116507569172529,0.5134250007654042,0.4999908313156919,0.48393856006455405,0.8123334241479029,0.3600668875590528,0.6055787607659764,0.5034325397959798,0.5410447395004953,0.5122694657383391
474,0.5038376651628684,0.5199326483547415,0.48856519559360473,0.48873182348039573,0.7976723506207152,0.40782678135171985,0.59628376332247,0.4948818095411316,0.5374975721666336,0.5185338514939373
475,0.4848369680930004,0.5113867181763555,0.4676986795042544,0.5119916831699901,0.598159874145557,0.7216579822911717,0.4750176246018433,0.5450905340076471,0.5447993321628077,0.5571048511782685
476,0.4894343760332832,0.49731069454548793,0.47532871524709497,0.5148212035554097,0.4910766822219436,0.8056690796326159,0.40137351949382216,0.5723873376996753,0.5598904367097429,0.5747456414310953
477,0.49669621556944876,0.4913143711681677,0.48026269299429625,0.5130876599297346,0.4754719373996388,0.8189046670156526,0.3757946894762425,0.5687356374608918,0.5687264700837902,0.5746341568841237
478,0.5072301744548684,0.47859728838260035,0.49593959611417965,0.5072721277163625,0.47695716889781686,0.8173510517517442,0.34515473339589264,0.5724432205372386,0.5738132482865108,0.5725138812975158
479,0.5214048183270906,0.4758587221715232,0.5164208069189895,0.4838384344489185,0.6735065033597033,0.6430787067484238,0.42286624811655,0.5559306149138045,0.5491282370372289,0.5418928575455952
480,0.5224434795012171,0.4807504415700571,0.5170324848886133,0.47907529115296055,0.7177462804898583,0.582023867894426,0.45405300937849224,0.5474516392139523,0.5417959524393161,0.5371730169573457
481,0.5118977278454051,0.520011829147833,0.4998063845375675,0.47422092635474744,0.824735713498005,0.3467919607331634,0.5688552334894822,0.490848154959504,0.5191345475039355,0.5343196836137935
482,0.5011428149182532,0.5315436228022353,0.48353027180428615,0.48154190570321675,0.8123065168945843,0.38698905139475565,0.5697756590510105,0.4743766037746108,0.5165536177202892,0.5384428863917823
483,0.49971112363259035,0.5325030356832887,0.48139289297848714,0.4794479031520517,0.8114067222384719,0.39489920465246364,0.5682990854411506,0.4744258945377723,0.5160034599735246,0.5398491580260293
484,0.4917830811862286,0.5255130147596314,0.4630152971324131,0.4934777760544843,0.7110662005222468,0.6003373394173416,0.5126544937141198,0.49381762353720937,0.529511650544317,0.5470812852419711
485,0.49459394239523485,0.5138259974346958,0.45872103133541486,0.4980450515656609,0.6254865228271523,0.7088523510736068,0.4659375925824129,0.5146538796402309,0.5461199122586521,0.5540926161213475
486,0.5036569442157379,0.49629208606904035,0.460996960779062,0.500835195687269,0.5243286083621942,0.7980179555856476,0.4060843793823148,0.5364691949482848,0.5691895132520346,0.5628436865865881
487,0.5086760711135574,0.48979921165366913,0.46354676943869266,0.5002555800216405,0.49772622690439905,0.8175231122100206,0.3851783445135817,0.5398950902899974,0.5774276625780537,0.564553528416353
488,0.5167549121519512,0.47898411802126645,0.4698385101369877,0.4987117974524868,0.46812209764872664,0.8368504885357235,0.3556359104046527,0.544826322460573,0.5877379629501823,0.5661300632285795
489,0.5208235296921562,0.47497957196097573,0.47280638229042204,0.49751946399688357,0.4644820634117927,0.8397315410600837,0.34571999119659896,0.5435297148971815,0.591407106325544,0.5652529918809046
490,0.5297826743324365,0.46459305315865723,0.48456857752704596,0.4915166182903018,0.48981679123093996,0.8231525623404978,0.3317936421259111,0.543819584700897,0.5905265671235082,0.5614530010944582
491,0.5319874328314679,0.46350261395514286,0.48585421610388585,0.4910021375283228,0.4948668538330968,0.8201401728234311,0.33083622985776723,0.5404195781993507,0.5913963563208764,0.5599477878464695
492,0.5342963458654005,0.4623429922252746,0.48760507948371606,0.4901451473819756,0.5029703221669065,0.8148241775937018,0.33073654917109613,0.5369627897358141,0.5914955074127167,0.5582851955192956
493,0.5372551904207137,0.4653259803231144,0.49879162188294446,0.4796514234135313,0.605903020582076,0.7296387711224436,0.3619048950109096,0.5292635398693346,0.5676879622465292,0.5518696479615752
494,0.537694162051154,0.4687358753399163,0.5009880554979068,0.47672889329383483,0.6395950276809994,0.6945530922246295,0.3768002588506609,0.5236714276878431,0.559229441058215,0.5506725433646933
495,0.5354427777736644,0.4795571177462584,0.5035882656320014,0.4711248868174215,0.7042614550668944,0.6139972769817329,0.41080422187422294,0.51327723520973,0.5400564415098968,0.5508925948830438
496,0.5347016595589587,0.48372809149937673,0.5037907216404682,0.4694991908618802,0.7225798606581071,0.5868298028887456,0.42214454234352244,0.5081495418147371,0.5340421297083028,0.5519816641251679
497,0.5301037321212497,0.49714115391391095,0.5035414875859411,0.4657650916176011,0.7673456871918907,0.5105672039062601,0.45239917291852916,0.4960929876095137,0.5173826831208316,0.5559287868389502
498,0.5277105080363891,0.5034532029760852,0.5026447673909005,0.46422823087167786,0.7832183692049952,0.47939181171298695,0.46461827370394426,0.4898552512572393,0.5104777282816576,0.5587456343055219
499,0.5234319151628095,0.5130392615855955,0.5009942225294588,0.46251314447988656,0.8030194674212198,0.4363571150811406,0.4810639324679845,0.48091445096024044,0.5009024312055341,0.5630223188626012
500,0.5144377064029806,0.52991466223449,0.496577031914454,0.4613378828706574,0.8275994531044458,0.3738241192538357,0.5053368129865675,0.46493740796987104,0.48656163210809106,0.5702430117327716
501,0.5040716443824754,0.5452218305249431,0.48881242505985206,0.4626649908643223,0.8373176629969871,0.3455007876566864,0.5213878732416388,0.4496063958721884,0.4768869698029367,0.5761120291482937
502,0.5028994843495517,0.5463975717115976,0.48745003304615475,0.4611394493628725,0.8381857231287386,0.34715735774947376,0.5215656453420021,0.44920717539796834,0.4760929473397057,0.5773799351312152
503,0.49657742643000896,0.55294933082742,0.4803240687621684,0.46302801440278585,0.8322031755111842,0.3660773896726223,0.5238355597251523,0.44276827054972684,0.4747912411342065,0.5789681962319156
504,0.49531168678386106,0.5539935614779545,0.4784525018086787,0.4616432384617118,0.8314009500060838,0.3724035722981925,0.5231855616007615,0.44245394843828206,0.4746888748011588,0.5798008645315934
505,0.4926722510038977,0.555371563481603,0.47322372212056857,0.4626281765228647,0.820138809059164,0.40463427207549957,0.5197796531620115,0.4414195626506131,0.4773821852571141,0.5793449054696435
506,0.49178609163853526,0.5539330609743047,0.4671189539238107,0.4644080098361159,0.7989949193817383,0.45633467984800696,0.5117407156160735,0.44308117397744956,0.484266157083377,0.5772294923781549
507,0.49163037065185433,0.553820959826191,0.465337250909412,0.4630146657764475,0.7953371625831271,0.46705568518703394,0.5093380403285527,0.4434168423585323,0.48573672269415574,0.5772810160422644
508,0.4919706770642681,0.5527544572144973,0.46284018564412055,0.4622877093494885,0.7863123868922232,0.4879725741336321,0.5049632329949356,0.4444643353045014,0.48914701444318687,0.5765851553807199
509,0.5196257123049688,0.5077307232100373,0.44565969433995006,0.4750950174181087,0.590580531335876,0.755754847309737,0.4253702298147767,0.4806014037632372,0.562878989040045,0.5598367580450448
510,0.5440029224839731,0.46968795400056573,0.4441993601602457,0.4775812822678906,0.4809286188282808,0.8464484026549195,0.3651302319665362,0.5000698608423688,0.6093989893307059,0.5531031924091329
511,0.5571799798231253,0.44911668498903956,0.450530177753954,0.4748950349698527,0.47940027620741127,0.8470576739952824,0.33854081597531843,0.5051580040925105,0.6199082170080772,0.548918062117222
512,0.5604551480550058,0.44675101758672514,0.4559099579319678,0.47203680452771396,0.5176292591939492,0.8181934227298673,0.33948616251909575,0.5024846890185247,0.6119590407432164,0.5476525643794555
513,0.5357958539913744,0.5031820661434716,0.47634250318655763,0.4548150167385491,0.7726187403545715,0.5168897740031612,0.4335660533159493,0.4755149266062907,0.5121579463725164,0.5705467614044714
514,0.5318509947957428,0.5111321090600142,0.47678124441841296,0.45409564933673174,0.7889884943611496,0.4862561980266957,0.4440398908827623,0.46993754605612176,0.5028947967612278,0.5749025592112881
515,0.5178238539039661,0.5345148389365346,0.47792999001849756,0.45171146153694436,0.827709387272614,0.40462327668604103,0.47193185362503887,0.454411807669753,0.47776732425933444,0.5867249682866911
516,0.506320201739939,0.5507402684638525,0.47703816823563666,0.450877914081674,0.8441715131879183,0.365111775051402,0.48841598520634383,0.44231493574236824,0.46294505972495226,0.5945569425809543
517,0.505230096934976,0.5520471514267469,0.4762229261415722,0.45069318797317437,0.8448042654680558,0.36542559009679026,0.4890059359301102,0.44162624229269415,0.46175434577028457,0.5957273209312499
518,0.4928291738302728,0.5661211051667362,0.4727280987333476,0.45157229779507935,0.8408073304276076,0.37505810363475456,0.49899435429376643,0.42926751392381735,0.454521155481855,0.5996072824635625
519,0.490429645044566,0.5677267852267991,0.4695312074154562,0.45236484707888885,0.8267610769139146,0.4092624019110961,0.4970884848434814,0.42736679745840767,0.4583648911970734,0.5980804983531159
520,0.5289944395401989,0.510408506784775,0.44730220882296745,0.46683921013991975,0.5931708168940086,0.7541172067600007,0.42016194574927407,0.462375109461625,0.5641277952196566,0.56247498252939
521,0.5416827432302768,0.49224691785002006,0.4437270247607122,0.46801387461003907,0.5416437133734892,0.8035579416120323,0.3966612644763528,0.4693067752704862,0.5900021064706173,0.5553809725061657
522,0.5616873995805194,0.4595528619556665,0.44051226310695024,0.4696783654055845,0.47790447635514594,0.8567512636465098,0.3587463798165074,0.4799946085204181,0.626028992463287,0.5449295110689317
523,0.5719073991718754,0.443158904053256,0.44547749982690493,0.4670965580238332,0.5318172023186678,0.8121042988105468,0.34551761511020684,0.48282102610651295,0.618761977682677,0.5431162153446604
524,0.5731647092481004,0.44373335139688275,0.44595231418255904,0.4675126792020573,0.5382362997802506,0.8062099201166472,0.3464955249896593,0.47938712445728854,0.6178770930709071,0.5427739667981267
525,0.5547655016892553,0.48483446663780333,0.45901258095968384,0.45985827031113036,0.7094892362080012,0.6137155556439431,0.39455266532956323,0.46328959040607803,0.5415032310249743,0.567501935907914
526,0.5393397311294218,0.5134928567328585,0.4646384469911897,0.45691500986848965,0.7762329323374949,0.5086743615789306,0.4236068676086211,0.449684319810002,0.5014861047955228,0.5844441939179008
527,0.5378731827476374,0.5166393710299683,0.4647749376273183,0.45776890825156435,0.7811856954844334,0.49916792518382,0.4268553442723226,0.4471160104635027,0.4975896910503176,0.5868017174347605
528,0.5281388928569747,0.5323554185221238,0.4673915266188559,0.45693531197049586,0.8075271316333699,0.44990763101783693,0.4410618441200059,0.4385399688529921,0.47740101483819236,0.5964616070568335
529,0.5272699933541587,0.5340166854471755,0.46718313761475794,0.4580212647215374,0.8089348476528816,0.4467401238205195,0.44259046461417506,0.4370661872844942,0.47544558031204015,0.597936494232861
530,0.5209162790985375,0.5434611070659456,0.46867021763981814,0.4580489316415937,0.8213108054733798,0.4219549191530103,0.4503257521171855,0.4315457577534014,0.4637269869618765,0.60383247898627
531,0.5155489339859544,0.5510261233268301,0.46982132931109827,0.4582868161229636,0.8294983604769153,0.40506282641642194,0.45609697019538536,0.4270317793680542,0.45460398395753515,0.6084595081209858
532,0.49208658798838195,0.5794862344567568,0.47509662883373277,0.45522210089500625,0.8136358072826074,0.4330532802508733,0.4720559414905152,0.40926151339001915,0.4383596824342869,0.615333175042742
533,0.493078120072923,0.5784917068760671,0.4741542563507558,0.455232492272987,0.803677019791892,0.45319181502559375,0.4694371152553435,0.40993379303809047,0.44338858634237044,0.6132577706186869
534,0.5293496137782626,0.5314789096842175,0.4620455869874701,0.46155775560814993,0.6381466406803452,0.6997952136265772,0.4264282534399074,0.43489630581804006,0.5394646429272608,0.5759005422824296
535,0.5572583706814782,0.4890255095942588,0.4518351892906584,0.4661488293097794,0.5367850586660153,0.8101628036472778,0.3901948977534551,0.45035933941190714,0.6021195135977369,0.5520094340745069
536,0.5773901337624303,0.459282344210818,0.44483797354542287,0.46840893748137935,0.49152991834375703,0.8538820614983182,0.36406137631930935,0.4512030285145164,0.6382338300232027,0.5352530959948228
537,0.5813084378891303,0.45413539359999966,0.44366193248213737,0.4686952271620586,0.4876451743669311,0.8577649769083019,0.3599511572498015,0.44938591002073375,0.6435603516507603,0.5321575333764107
538,0.5844384370681138,0.4504967779801394,0.4428296262401387,0.4689292642245339,0.48621880121275723,0.8593532546480435,0.35727908845666523,0.4470610469068233,0.6471961330015281,0.5298017123573197
539,0.5897447525984297,0.4420542254570796,0.44077755241445216,0.47006572612194797,0.49153932351577373,0.8547745810709244,0.3524752291274029,0.4449614388843165,0.6505533449403601,0.5273642758060164
540,0.5921771254738193,0.4397018607198942,0.4399771155511644,0.47089449188370386,0.5043048904984012,0.8429206313088686,0.3520524802901659,0.4415222341515994,0.6481088106883641,0.5278932158275677
541,0.5855950969473382,0.4566888544895885,0.44170753399140783,0.4712031585414814,0.6001745757433166,0.7437227528541057,0.3643965287884755,0.4312171302943708,0.6026151286341683,0.5494307609917783
542,0.5866882626459282,0.458998599031023,0.4418822063212646,0.4740882362498301,0.6066034436862127,0.7340610844471188,0.3690322575773354,0.4253255195736664,0.6001225507801077,0.5510988254600016
543,0.5859634610208696,0.4626085510488857,0.4423801094217229,0.4754400946228006,0.6171588924484334,0.7205427898741853,0.3727961458167943,0.42158671202053066,0.5942226753148067,0.5543473784469233
544,0.5513957463442378,0.5246329508690255,0.45490325186545316,0.4711392826787261,0.7584513406192263,0.5270383603873915,0.40461535610067945,0.4001615082694298,0.48967064832473933,0.6048097311071668
545,0.5234715744065765,0.5642330362693377,0.46525805647720186,0.4675644419651684,0.8177418038123947,0.42442746373764906,0.42325815681713036,0.38864467095118005,0.4288465927377937,0.631212886744547
546,0.4956540726770564,0.5975475019834454,0.4786134884019766,0.46108982159222384,0.8300649837220327,0.3991649973364363,0.43696251909234274,0.3866107097947974,0.3963879524835682,0.6437047389325077
547,0.4953554416755654,0.5980867784232309,0.47951516923272003,0.46114006362194476,0.8225739731622055,0.4135672311911144,0.43616746347808594,0.3881091849029151,0.4008503600473785,0.6419783106724252
548,0.5198396353004776,0.5707520244568981,0.4796158864430934,0.46046049413622214,0.7160172700711686,0.5877782941872942,0.4207856200758068,0.4072689598759811,0.4836492703517553,0.6084825970385849
549,0.5255145365018797,0.56450067806065,0.4786674512917385,0.46037647638143714,0.6989380150554775,0.6125791262806095,0.41633800106499114,0.4089723358553986,0.4976665253623586,0.6023331995971178
550,0.5402823806071014,0.5457985223110388,0.47578802901545136,0.46122605959866597,0.6521869192330283,0.6754942966769465,0.40651180323911396,0.41406690208846214,0.5343129344632693,0.5856407577142783
551,0.5596626588372342,0.5180055456697786,0.4707507623823938,0.46320727419251856,0.5916792975232015,0.7494154777516648,0.3936180973220557,0.4191384771687507,0.5804554326400098,0.5630041284812185
552,0.5820395752702578,0.4803296044517694,0.4622737243864407,0.467210307420252,0.5259217966499855,0.8223910176567576,0.3783823976319139,0.4223306687941635,0.6307011711236823,0.5361323186745047
553,0.5985426595270135,0.44839583213569273,0.4518462111510345,0.47274285410702993,0.49570949241585494,0.8544771306100593,0.36767614487903527,0.4200496190085153,0.6599087240473791,0.5195078031800929
554,0.6028934922270623,0.44115876962877515,0.44688052713611476,0.4758147149191283,0.5057683834796487,0.8443908677465758,0.3669736262172768,0.41490968113271565,0.6597056920339079,0.5197500158515478
555,0.6020359748468888,0.4456316515376956,0.4422166367506519,0.479363437046956,0.5464087730637105,0.801016765249634,0.3708009252690046,0.40650888295025894,0.6399060715810628,0.5321095318471324
556,0.5571959831988422,0.5276594833328514,0.4473298869768013,0.4793822247659378,0.7441542831390008,0.5442837071612604,0.3968503541470619,0.38327346802909623,0.49032577893843804,0.6095463417466048
557,0.5209761298687089,0.5763385561465331,0.4600365050752093,0.47514355326568225,0.8177927484830498,0.42370266197912915,0.41177625556027725,0.37748033010833687,0.41057915989859245,0.6424243805069038
558,0.5068983361167705,0.5929733106969042,0.4674497897358262,0.4732842278917316,0.8326381879429219,0.39733207662121117,0.41676462636697365,0.3782433794724359,0.3882209320781914,0.6508594397604945
559,0.49853666647239997,0.603025725233488,0.47524829203227736,0.470727815228989,0.8311729263809239,0.4001309817634365,0.41922476013774956,0.38189421478324576,0.38225758911456176,0.6529576779969462
560,0.49783829175742345,0.6043028282153408,0.4775667258977645,0.4712146611990912,0.8265588697295809,0.4078682802651313,0.4189413679139306,0.3833501759468629,0.3844352664818126,0.6520049831540101
561,0.5028781277483967,0.6012992390102033,0.4861530270603681,0.4673981852603348,0.7921181815976351,0.46573951650367756,0.41684656789767416,0.39158931788655393,0.4116578567134209,0.6416386388320136
562,0.5765566395380919,0.5020021025903734,0.48402617896654804,0.4691722844614387,0.559425040696822,0.7826290204257054,0.3886550071271447,0.41522282601671034,0.6102077563963861,0.5483097453339335
563,0.595800678595828,0.46569543142282016,0.4735582504537729,0.47538802798254026,0.5123298765247536,0.8371488622932937,0.380857142045205,0.41293739205822666,0.6524432483098176,0.5229273018013721
564,0.6036330239899865,0.45056047447705966,0.46605524182732067,0.47988516946702847,0.5040066487906323,0.8467748573422508,0.3793780947972224,0.4080437681830472,0.6643311560353657,0.5153702756884445
565,0.607217038309222,0.44467508151660523,0.4605476359390002,0.4834141286126118,0.5090572591938668,0.84105998190863,0.3805671099825554,0.4027207612308825,0.6652259751110463,0.5149331770828658
566,0.5812743627806876,0.4967846605554437,0.44308509048794514,0.49441202309367244,0.6702958284315951,0.6424051247010967,0.39354357244217253,0.37832501035363925,0.5511282765695982,0.5834936278187526
567,0.5563407093225406,0.5359387486269512,0.44674864694664324,0.4951368527424382,0.7427166517400021,0.5366597560719581,0.40211776174521546,0.3723379340478556,0.4807475073992388,0.6170906570789877
568,0.5433992326019237,0.5538989342456974,0.45071062601248923,0.49606499131811915,0.7706958147437893,0.4921996675190794,0.4064637630461322,0.3707736706847169,0.448787644261885,0.630909866896728
569,0.540072351662865,0.5584741708476653,0.45224893742349476,0.4985019390054317,0.7762662707855708,0.4816289929893417,0.40848255602175926,0.37006678331152304,0.44076183513095774,0.6344986530696515
570,0.5230579461990238,0.5802961382433421,0.4615042550097184,0.5036163156368831,0.8006704192161714,0.43715748967679885,0.4136499704545701,0.37043066826666693,0.4034950708664734,0.6488703743324183
571,0.5195710469531353,0.5848493151657133,0.4644464832972085,0.5055485033781486,0.8037714744088803,0.4300622094272895,0.4146860700920738,0.37090261176282635,0.3961459514161069,0.6514048352496418
572,0.5067319280747841,0.6075743340948518,0.5017733544042835,0.48546750804327876,0.7796611516101719,0.4680018141106898,0.41293676677521757,0.39363051294200924,0.3972010989137756,0.6501371781083953
573,0.5247867704229314,0.5915150806171167,0.5147192680817639,0.48248459257482307,0.7251449706088541,0.5479972009074953,0.4056575397632986,0.4038204258606548,0.45038118377810016,0.6276186781296177
574,0.5498353314258809,0.5600178570122724,0.5231748798925725,0.4796826509665875,0.6525960027070292,0.6495961305272588,0.40034488704258764,0.4107961314891616,0.5224757215376109,0.5946259305451047
575,0.577380780444083,0.5146930612756178,0.5233171543708244,0.48279099338082754,0.5753068055492716,0.7532697250493111,0.39590429010249756,0.4117270943637607,0.599294818856063,0.55281299143552
576,0.57986219520586,0.5110854271690595,0.5231829818089565,0.4833945816521708,0.5702721326704534,0.7592859467037273,0.39609762912965446,0.4106782974426514,0.6044234703135408,0.5489871200828993
577,0.5992556477496823,0.47126697017298064,0.5126817527059221,0.4928627918513634,0.5250465525717809,0.8193978567911089,0.3959203944771211,0.40279167716591946,0.6530200016331847,0.5180898031294177
578,0.6074948228352248,0.4540663735925837,0.4982126123834061,0.5029389074205501,0.5219859840601644,0.8251856130412909,0.3988407832851753,0.39231136193095034,0.6647770090863214,0.5108045191806607
579,0.6088755842806999,0.4526032223708895,0.49536846682344393,0.5053340914427326,0.5242050927186904,0.8210536228940178,0.4017778524512623,0.38919010134271104,0.6642778606329899,0.5110013778889767
580,0.6100139208735412,0.45178553518805414,0.49085732958142425,0.508701650772285,0.5297339162633979,0.812846768628284,0.40521847548761586,0.3849924479906095,0.6615538978934211,0.5130439944518824
581,0.6107690755848934,0.451732768759675,0.48864547096682814,0.5108399067367406,0.5328695300477042,0.8071589531219501,0.4086019643220356,0.3823109675950532,0.6595723972239783,0.5144070197905127
582,0.6113802111884797,0.45359140923599445,0.4825789401714623,0.5162463507547514,0.5441620488419631,0.7893347821164005,0.41616302151108053,0.3760420735786933,0.6514586824370042,0.5204929881618429
583,0.5895471671329078,0.4963799785086082,0.45742611040290154,0.528416429846646,0.6423699570227516,0.6594439609608723,0.4226600812559122,0.36167717995291454,0.5633393306474446,0.5780326573486949
584,0.5551987100454728,0.5471417966367769,0.4540031059603115,0.530980356924817,0.7289093441129115,0.5348013942778139,0.42410201115444673,0.3646571948621274,0.4645545927652757,0.626306964785848
585,0.5493964946939716,0.5547911878051961,0.4557771921254386,0.5336469419889022,0.7393549243971866,0.5169364573226185,0.4255071024948326,0.3659870261425501,0.4493720006820572,0.6328357481626035
586,0.5378608481122514,0.5694427346235201,0.46001381962218474,0.5349452237302517,0.7586951568325855,0.48575719244815474,0.42575135169575834,0.37024065404292306,0.42104675070979974,0.6439508672499356
587,0.5264385507232917,0.5836896174366685,0.46666996056158616,0.5351174728932352,0.774662047510749,0.4592333352429817,0.4249761825742804,0.3763705901676899,0.3949241881701648,0.6532685156880572
588,0.5230807328916968,0.5879964360351716,0.4702578410852781,0.5374722423468877,0.7772981650256495,0.4519779460689488,0.4249936982739556,0.37871822233910785,0.38728741548079293,0.6556652597532858
589,0.5116617038130077,0.603650731346322,0.48445606801779273,0.5330401516683455,0.7867210472088194,0.43546662208695874,0.4215549202495702,0.39084591516890577,0.3656740195717001,0.6622860580435828
590,0.518868822267996,0.6067929889727107,0.5287669684776108,0.5077196078683098,0.7377523423931126,0.5078501504241093,0.41086236504665796,0.4232026263348248,0.4147003991857223,0.6445174312631007
591,0.5286327324117032,0.5974685663928981,0.538560972041536,0.5045016127707364,0.7115960068671692,0.5442104567685913,0.4087519548176691,0.42780647100871794,0.44511295700956854,0.6316284952959914
592,0.5325047126905087,0.5942740704618145,0.5415146626896014,0.5075522977621502,0.7047596090374675,0.5515566492414031,0.40745703732664934,0.42832287151119847,0.45171092525181383,0.6267321282529013
593,0.5409903214700958,0.5848618375193362,0.5482449979029372,0.5062325962523606,0.6835493178124797,0.5805091873167638,0.4067402022522139,0.42985321658435005,0.47608353358908734,0.6150210700365661
594,0.5487367514487991,0.57534953888775,0.5536554201109866,0.5056931210194132,0.6643752778457414,0.6064591489008191,0.40666177612927745,0.43026243524749336,0.49795590243413496,0.6036923098134008
595,0.5573785183148088,0.5634292979344041,0.5590411366886393,0.5054401808139561,0.6424614501912072,0.6360471522602799,0.40731613637105923,0.4296583428289633,0.5227945048514687,0.5901414643373393
596,0.6049588174425039,0.46733148591747725,0.5526423921598782,0.5295933921438799,0.5295328555345732,0.7933667174723017,0.42767789944539497,0.3910291749296106,0.6598408391760542,0.5054456696564297
597,0.6072134236216282,0.46336031435080766,0.5411270879273241,0.5376706066259431,0.5355199761035944,0.7846587987601663,0.43414439849925945,0.3815400508770861,0.65763068212237,0.5078170514384349
598,0.6075604393750348,0.4637318947266364,0.5331117770921124,0.5428604964930818,0.5430671320323871,0.7726683704345191,0.4394247339228968,0.37615437998066587,0.6515501667984617,0.5127484867030601
599,0.6079410280882909,0.464596011053626,0.5272138265261338,0.5480231084972843,0.5492429058319965,0.7590964393115216,0.44805298931108145,0.37252658483769463,0.6446307582008617,0.517918175735569
600,0.5804562380827863,0.5131054475442659,0.4816778104512751,0.5647447001902424,0.6465568363701364,0.6240013092544033,0.45339605172880554,0.36411343607025043,0.5397127449071402,0.5859821330405754
601,0.5798924661826245,0.5139763432006866,0.4817190984936505,0.5673969346950131,0.647674585430364,0.6195568760909629,0.4563235807723884,0.36424890510808194,0.5366821711062583,0.5878898809676052
602,0.5792983800309252,0.5148464556994378,0.4817856411845971,0.5700723204539523,0.6487009057007369,0.6151557687577446,0.45923108435523885,0.3644414511128404,0.5336220740254977,0.5897804330254944
603,0.5364228187705925,0.5710412066225027,0.4753666716866926,0.5732803553310715,0.7301363748061002,0.49389371998817433,0.4518406044509703,0.39009931641848755,0.4165063106790496,0.6417345067806542
604,0.5347526636085079,0.5730171585790332,0.477455482699016,0.5768358137005912,0.7305615613575439,0.48890378204772833,0.4524468134353793,0.3918032037259461,0.4118291578045019,0.6433144417366664
605,0.5303771554806788,0.5785125971861538,0.4809807709858196,0.5796997095143799,0.7346861612469707,0.4782966876880858,0.4517414575697463,0.39653147123085103,0.4006682252716554,0.6470607748522493
606,0.5723958019499018,0.5366662993014912,0.5922728228277373,0.5196282710191008,0.5887973612856476,0.6842696040690367,0.4300585220641333,0.45112997571745345,0.5841288228552302,0.556895711033203
607,0.6073830609491808,0.4655272498139817,0.5611405065871993,0.5579331684493715,0.5374239041591458,0.7541269376352033,0.46077398417594817,0.38522062681977626,0.6554858862946857,0.5071780919589445
608,0.552753955069346,0.5496455286708948,0.47949626081989827,0.5866741034650141,0.6938033389491907,0.5330680186204797,0.46557139512513435,0.38073697081254504,0.4580043792862482,0.6244899848752686
609,0.5315827882244545,0.5765340315776103,0.48427152882401614,0.588429422130848,0.7251827313241246,0.48240137828783625,0.45971067410216127,0.40105082497174704,0.40290798300218356,0.6456502195491858
610,0.5163323678502068,0.5983325505413383,0.5013594272842334,0.583680749283866,0.7400756000278258,0.4560167837147247,0.4501090481830335,0.42667044291914774,0.36953341155052993,0.6563367219748579
611,0.5174406259151978,0.6085885358403256,0.5401171633631847,0.5601805095482664,0.7192883658868932,0.4848002825445908,0.4344811239429377,0.46027328740008405,0.3923933585747173,0.6476459100615786
612,0.5244473806475158,0.6039409122812143,0.5537088074690659,0.5538143811964533,0.7012413264499001,0.5083457959426331,0.4308601442344271,0.466431173910452,0.41619380102366327,0.6377012115637004
613,0.5371772225060393,0.5917001801251683,0.5722616130899264,0.5437721484546701,0.6705941916138061,0.5508453464717595,0.4279907303551631,0.4707824285349851,0.4592017537006302,0.618869046150956
614,0.5490258496422742,0.5769988428698908,0.5864176251513743,0.5380406537409257,0.6426160156360885,0.5893057355107013,0.4280741438991394,0.4701214799715649,0.49792637001367607,0.5995520625863128
615,0.5648300460799941,0.5521582350878256,0.6032764863325942,0.53433954917523,0.6039447458241628,0.6425778760164164,0.43183728912974334,0.4630881873258236,0.5506938656456957,0.5699786982444409
616,0.5752724732494691,0.5324399638348289,0.6127866779874092,0.5361490544422647,0.5781650105897723,0.6770953891470161,0.437454731742563,0.4543021303860664,0.5845048135816183,0.5480689516895639
617,0.5880532599513252,0.5042349529668378,0.6205643083193331,0.5444916948137813,0.5474421241006578,0.7180876498782863,0.4483799573258847,0.43589781684974915,0.6246439911671562,0.5197489927616684
618,0.5996514121297197,0.4765224037561665,0.6084589580184947,0.5657516071759378,0.5315531171044976,0.7402203676807376,0.46718137944498783,0.40122822028399785,0.6503937309356606,0.5014154107799044
619,0.5986610207623715,0.47877411012625715,0.5761611623604184,0.5817517926344951,0.5530845976495551,0.710455136017802,0.48027999027099894,0.37999854644170766,0.6298827217275612,0.5187787256737272
620,0.5972892345246074,0.4813494120436059,0.5677810659667166,0.5854970178178482,0.5603247424756729,0.6974142991282067,0.485493736988514,0.37787543315592437,0.6201237386563935,0.5260076051368606
621,0.5848949492476034,0.5020385513261139,0.533585206647953,0.5953688669599014,0.5995379150373699,0.6403848300925132,0.4915175933749504,0.3751897115981358,0.5695824022473581,0.5602339504149008
622,0.5545477249288551,0.5429516442257953,0.5011484422601962,0.6070656762627116,0.6614881484554898,0.5465607820870779,0.4897862660432162,0.3951219501275318,0.4751928297471502,0.6099777688252974
623,0.5477149132306647,0.5510504941149301,0.49959844050700536,0.6114761702055793,0.6708175184886261,0.5277808581072705,0.48965893485088813,0.40254343467588133,0.4554714445285286,0.6185742168241245
624,0.5393018835481326,0.5611750082558286,0.49970860651809257,0.6162829865804833,0.6813711968326226,0.5065453038094417,0.4881096736236137,0.41312654229881507,0.43203426281702534,0.6280053401509075
625,0.521346659622498,0.5850679920323067,0.5093363508466962,0.619453022028164,0.7019697428363753,0.4694019717523308,0.47825921318226294,0.4444436397386789,0.386715163995753,0.6441888817615699
626,0.5172319608852353,0.602638034747468,0.5458194870194657,0.5989346223192659,0.694275508776532,0.47769918535716277,0.4578526821430018,0.48769582469980155,0.3903312206523404,0.6419701889056627
627,0.520240742771361,0.60133604357738,0.5528423001455283,0.5977338477461669,0.6866475387510661,0.4844080869324482,0.4554235029342229,0.491192369405473,0.39834220901628803,0.6378220718324883
628,0.553930258838372,0.5663834065936681,0.6087600622249358,0.5555500631080548,0.610841634148479,0.594889793917543,0.4464256483550744,0.49369234246399735,0.5203814072912161,0.5819519200341094
629,0.5677760896186902,0.5423366198290955,0.6282844582486968,0.5522940511099133,0.5785267738900042,0.6385063324821548,0.4520002092203189,0.4810043453706336,0.5679019471671831,0.5529084040025751
630,0.5814205767649026,0.5129826812033618,0.6459188016073206,0.5588922145840227,0.5466701077369159,0.6803533937778158,0.46404753385781466,0.45846239079574197,0.6131418313303648,0.5214061809235262
631,0.585558620920947,0.5030964721064987,0.649575233038589,0.5641048773805377,0.5378074504503558,0.6900571445815393,0.4711866389117209,0.44991474794952097,0.6243620612976388,0.5121614083173254
632,0.5900575708161326,0.49187758630552697,0.651234528806949,0.5720105995895172,0.529476020545914,0.6988490808750059,0.4806361505245493,0.4374845628604651,0.6350775737871611,0.5033412485436943
633,0.5895887669316419,0.48924761549120344,0.5952793908955983,0.6022206026448479,0.5570115791725216,0.663069942671592,0.5073547168831885,0.3893620799721454,0.6065278026278256,0.5277786112709111
634,0.5460664451560563,0.5481028347609294,0.5182378852519555,0.624691026279381,0.6466036262195541,0.5301748564917168,0.5078691087631931,0.4176641750217602,0.46531069070936576,0.6076232729766962
635,0.5426659398748535,0.551641599980007,0.5177220548998384,0.62881533284797,0.6493018541941008,0.5204857497395348,0.5083595441507511,0.42285787647409756,0.45505696303727866,0.6120353912420523
636,0.5368297083361941,0.5582423882183363,0.5172291285844796,0.6344381791970606,0.6549909357583144,0.5057211398625531,0.5075284745798823,0.43230033571249527,0.4382393432636955,0.618897009777377
637,0.5363917817781328,0.5583760966591036,0.5187215763314552,0.6377243791710562,0.6528442508099961,0.5029290723102612,0.5084472149659723,0.4337726045949327,0.4360716435432742,0.6195714418249468
638,0.5344301584096715,0.5604915882781777,0.5201366862066801,0.6419591130456177,0.6526478187396505,0.4968659486378007,0.5085699968626375,0.4380614628091728,0.4296196938994118,0.6218784003125837
639,0.5224203957311958,0.5773604077074617,0.527181982830462,0.6509079730751317,0.6640839501034814,0.4716965768183704,0.5008573300006826,0.467390710258732,0.39643749452554106,0.6338702011324111
640,0.5182388958899912,0.5923211607540061,0.5512669369964436,0.6438838350008879,0.6616888929919936,0.46960144283754973,0.4846903491198881,0.505727383038955,0.39015832301218517,0.635124418613629
641,0.5452552931725269,0.5733797611984323,0.6073054032476156,0.5837327765834626,0.604917147115686,0.5553715363803108,0.46288850013575406,0.5215977638692132,0.49491371085034946,0.5888013625416663
642,0.5737678143303122,0.520494375530112,0.6649055855646209,0.5707180504679921,0.5414019680573336,0.6437885969792752,0.475761248636689,0.4795022231341356,0.6029957702359736,0.5225493735097341
643,0.574670956710562,0.5184376440005027,0.665875506299087,0.5719786253691229,0.5395380178526266,0.6439801790673276,0.4786506152033267,0.47951619693334574,0.6039608273135159,0.5205381456438147
644,0.5847240300004056,0.49305636851696777,0.6796585129187441,0.590137835002869,0.5222379435820217,0.6651149861695106,0.49900967296261056,0.4433528155357327,0.6319760463031715,0.4995964563639922
645,0.5854365206745389,0.4908400828861813,0.6798616739705935,0.5923783118277669,0.5210611972709617,0.6636745015367759,0.5035969660302183,0.4427371166018445,0.6317374740882111,0.49884863238682287
646,0.5872140817682933,0.48502423370624403,0.6636186573523236,0.6056961037585644,0.5261334785334392,0.654956091136093,0.5190499111469369,0.4201438821410847,0.6251822715943234,0.5046320262139404
647,0.585372592146021,0.48718673022439574,0.6427175383345852,0.6117470577516576,0.535933238479017,0.6393319914811239,0.5281055898838761,0.4112927933712436,0.6095410013517059,0.5167311754912206
648,0.5846160386742414,0.4875809420143932,0.6361759146164885,0.613562331730423,0.5385108430751714,0.6323785405869612,0.5327780705955177,0.41108730463689563,0.6030508684830758,0.5212373311788726
649,0.5832794726613223,0.488902117112122,0.6271720322636448,0.6154718096030413,0.5423932285919412,0.6236988613766037,0.5374228770685754,0.4109309623524979,0.5942716340538309,0.5273731565278353
650,0.5832162947429621,0.4880903438143724,0.6259389639244523,0.6162427875193022,0.5419923337308311,0.6203566169533711,0.5409309046227054,0.41253297453589216,0.5918249431662052,0.5288070000197326
651,0.5819153657617226,0.4892846569276685,0.6183517600454574,0.6177049198785209,0.5449601341979251,0.6127512683129274,0.5449217958652369,0.4134158691959589,0.5838861086170296,0.5341877955956765
652,0.5696058761331255,0.506903120569468,0.5737413549405895,0.624937104878559,0.5706642455042625,0.5751739366091854,0.5492933227486175,0.4191791447096754,0.5359792453413567,0.5650875727640501
653,0.5505195923322319,0.5315544360621995,0.5397221690299372,0.6397344394604576,0.5983010566118357,0.5315785243227047,0.548871101814302,0.44369287609220753,0.4778546647579216,0.5963254886210614
654,0.5276712341978321,0.559836474766083,0.5311248221912259,0.6626694905367417,0.6212954379118124,0.4908800576193501,0.5427157337805332,0.4891014904247138,0.4224834783872161,0.6207394323151127
655,0.5153296973963558,0.5771742920654206,0.5439910584568707,0.6738833236849595,0.6273000585370673,0.4747079704707031,0.5331871342434559,0.5282380078869132,0.40223584706136406,0.6281404734755813
656,0.5156726557477417,0.5766210019169797,0.5471638585249451,0.6774653355962078,0.6235717791182983,0.47378260916642545,0.5329787230060644,0.5296518661402134,0.40235251026078095,0.627404899446787
657,0.5148658973807521,0.5787418130370975,0.5537962995158159,0.6801856209083623,0.6200335485138231,0.47266265131968194,0.5299998997213601,0.5383690230376603,0.4024990656653424,0.6265626078594002
658,0.5147694622897331,0.5821817818378541,0.5648660931167832,0.677540743283685,0.6145097484358222,0.4751543966469053,0.5230860186130877,0.5531932285329365,0.4083918764334574,0.6233251478822385
659,0.5166314807471702,0.5824764284427802,0.5728738913831969,0.6735047024079485,0.6080751077442247,0.4794442277422568,0.518167016015687,0.5605759126251363,0.416620176925089,0.6189664575401397
660,0.5236663427234486,0.579883193295272,0.58822093849611,0.6501042780221711,0.5935806906675453,0.49758692671728555,0.5063579126075781,0.5695064349925149,0.4464755590223781,0.6049722143469449
661,0.527105947715821,0.5770048906437183,0.593294846615406,0.6443929818527753,0.5868536419792416,0.503410340115079,0.5036942587258492,0.5697082068203362,0.4564925010643656,0.5990919810562014
662,0.5350681866693701,0.5695400605842245,0.6049586856508724,0.6246555230811417,0.5730754324353,0.5206389265076954,0.49769626363714486,0.5664226555998984,0.484138636979886,0.5842379919856293
663,0.5406762092592057,0.5631016592623047,0.613209355486307,0.6137053567645686,0.5634028623235456,0.5316106912111362,0.4954534519530223,0.5619925808553295,0.5018576355682697,0.5735164516454745
664,0.5511567198661711,0.5482536241750245,0.6341697842296423,0.5942614555127687,0.5452898170107271,0.5549078075476719,0.49421826939716595,0.5475376006874669,0.5385716427439001,0.5509853452914039
665,0.5690382761882434,0.5104782986451829,0.6987553530796814,0.5924106836783001,0.5127395070145729,0.5963376379355609,0.5130319081219129,0.49644610146579654,0.6046429233303526,0.5058077182821376
666,0.5699269850212076,0.507985942782313,0.701180655827363,0.594208756776183,0.5112564667548287,0.5959825287363808,0.516846369980141,0.4955942469008993,0.6054272868738566,0.5039513976636218
667,0.5733224722259243,0.49785443232889764,0.7149330016071227,0.6052113169265865,0.5069368320399044,0.5991713668634671,0.5307004405416831,0.4770010249224389,0.6129541678068158,0.4978937106000935
668,0.5744793755051304,0.49272280096426907,0.7155678571365494,0.6138154315565336,0.5074692110936858,0.596134232068866,0.5427480288846207,0.4630094898844641,0.6111364385434879,0.4992331921090814
669,0.5580136858533604,0.5126916921129794,0.6208062660472279,0.6249390745292094,0.5423340144018511,0.5478940824207799,0.5618237910498496,0.44000659381633883,0.5412997597907878,0.5492341171200812
670,0.5506527794065482,0.5206825939200914,0.5965993706428537,0.6305312429676734,0.5509820952108191,0.5313431257283973,0.5638374588267001,0.4485804528109087,0.5164001365121706,0.5637097634412991
671,0.5426351686142606,0.5291792513184358,0.5774651177567596,0.6404173821477173,0.5585877234126942,0.5153705064041079,0.5648927821174687,0.4617204518064534,0.49132330884295006,0.5771406169627251
672,0.5168986396220583,0.5741648881296201,0.5904672477441392,0.6791660036430214,0.572406329699396,0.4893989722309098,0.5307510419453927,0.5917771398084114,0.44869070553948903,0.5964833834099116
673,0.5304668345803828,0.5640572064336665,0.6049887187905589,0.6382386102905403,0.5540622047394761,0.5133869303895003,0.515948716557362,0.5860470100234876,0.4915348195646709,0.5736072029664355
674,0.5326320649366121,0.561756723718908,0.6069858301931279,0.6361011131681713,0.5503813174404542,0.5152226912295719,0.5153699108919524,0.5847897386295284,0.4954890685112004,0.5702167279062296
675,0.5422103570008809,0.5510775916285571,0.6198153014354446,0.6138962863988089,0.5377281175866807,0.5303120284144603,0.5110006179612088,0.5731690819037295,0.5223903252772664,0.553319830108586
676,0.5444813432342341,0.5484047017672411,0.6204821010288586,0.614192628729895,0.5337483619970288,0.5302426668339697,0.5122403240072416,0.572779660559904,0.5238852954027452,0.5497913914310908
677,0.5702263827639749,0.49611225566547473,0.72730593554005,0.6147233371628391,0.5010748852617615,0.5708280932202202,0.550210782220006,0.4813695862696333,0.601390575824361,0.4985920175774867
678,0.5696670797929565,0.49459025593425054,0.7250309769918517,0.6191041781335291,0.5029689699545669,0.5662821150684234,0.5586222478974221,0.47417759810083226,0.5964498892031033,0.5022996980853717
679,0.5674674811236021,0.495650565672035,0.7117571448696054,0.6216037337771974,0.5074671189516097,0.5582894355376058,0.5668305197396889,0.466452888118675,0.5853836833706567,0.5108103266535109
680,0.5663543532312554,0.49585369318680295,0.7045069827861996,0.6218136833055236,0.5091631945620148,0.553566644795569,0.5708199221581169,0.46590480233136056,0.5790502736792589,0.5150731280613231
681,0.5610709585260694,0.5016593079204709,0.6738433091282962,0.6210318107197776,0.5166970594068782,0.5411322401117253,0.5758730454166614,0.4628853524958236,0.5583953947114716,0.5297081433218316
682,0.554214065833105,0.5093314541494433,0.6409025953384674,0.6216957265100775,0.524203846268585,0.5279943057632249,0.5785346635398657,0.4660639831601823,0.5351346820220597,0.5448379045124082
683,0.53726346374749,0.5259606724663977,0.5891193696461472,0.639686184340847,0.5343313761289562,0.5016837949799302,0.5814686741803691,0.49076991808771186,0.4869734684736467,0.5725698400639665
684,0.5341708816245483,0.5283516945377423,0.5833546217623747,0.6465679159549165,0.5344673072150852,0.49727231244311393,0.5822283642064449,0.4981198607214837,0.47862466656139024,0.5769590672230654
685,0.521922928866219,0.5415482419498373,0.5719089626177322,0.6803725637523321,0.5396385431866314,0.485075840314556,0.5829248301494935,0.5313763320547705,0.45179555001667454,0.5902199828648703
686,0.5122825630979082,0.5528957523792414,0.5785459899639819,0.7163810565473776,0.5410122751829052,0.47824949642937725,0.5815764657142249,0.569533746697474,0.43739481001321096,0.5967430459187681
687,0.5101291404029626,0.5558047799050729,0.5853474355353362,0.7285141686950191,0.5385269002993153,0.47742075956210006,0.5795962617973861,0.5841726261220865,0.43672112283776615,0.5967395587585458
688,0.5096327689231669,0.5568073024278987,0.5907566877736201,0.7349048159130332,0.5354698514465459,0.4776375096528124,0.5776229446284832,0.5926924025187392,0.4382895327627486,0.595617289935836
689,0.5101280243768377,0.5559319974367949,0.5935909179993025,0.7375388896621626,0.5325429738240539,0.4777708794524911,0.5772128423867072,0.5937452987548802,0.4392361594533616,0.5947591879702355
690,0.5105122806315181,0.5565445681969432,0.5989315139850311,0.7412701580684186,0.5291029129440582,0.47890454573926095,0.5740704641583939,0.6019871251283752,0.44300027042904977,0.5924647305028073
691,0.5179061045971283,0.5559331172764221,0.6050106825962543,0.7041907219963298,0.5191763316693261,0.4906562953299918,0.5516300980163957,0.616578826201655,0.478273369069424,0.5734959574650156
692,0.5228816783935266,0.5512220565495182,0.6086374507870211,0.694810955647646,0.5115298416731003,0.4936491520615036,0.5469610261378594,0.613962230873196,0.4883056575725424,0.5652338931420672
693,0.5356401398777405,0.5396425949094299,0.6136523867406799,0.6392330426210725,0.5015281041633705,0.504318132586092,0.5323084990145609,0.5961817554184509,0.5243328628240488,0.5414432899715074
694,0.5414855793390534,0.5328698706658276,0.6223587920744622,0.6180130702485346,0.497647157654185,0.5083371916023136,0.5295138282948844,0.5850214874454974,0.5396427665155067,0.5304395386022713
695,0.5485093651224068,0.5229405926330191,0.6450924172499647,0.5980919027559145,0.4936690877382129,0.5128352616406506,0.5311158010406163,0.5680913775341387,0.5588477485617523,0.5165553243267313
696,0.5561435516287215,0.5062582381740134,0.7159216985861477,0.5990539428573609,0.49071863085318496,0.5163407049693619,0.5519947527633705,0.5340869720961449,0.5827488781502513,0.5008414477370813
697,0.5566484311568589,0.5019278774962472,0.7391354289486698,0.6073725392931548,0.49174363045155267,0.5143302136261256,0.5648445620514709,0.5221041765709071,0.583138058248602,0.5010906000063019
698,0.5568284329237619,0.5006170857389345,0.7415600377199892,0.6080230456797592,0.49219985309246805,0.5130500056180117,0.5677977018347595,0.5227044330237343,0.5815650357375286,0.5012870882982602
699,0.5522289938860248,0.5019444692045467,0.7360471765005158,0.6129300387416754,0.49669802945301744,0.5058265643352562,0.5842009261630635,0.5022667662839583,0.5647478469045889,0.5153804903381483
700,0.5499621069373205,0.5029978343717887,0.7239803041788894,0.6108723815732381,0.4981103430199689,0.5026623902037524,0.587437892815598,0.5000170835240046,0.5558588954464936,0.5212969181182928
701,0.5498295966737758,0.5018285166092779,0.7231276159898445,0.6100815199355005,0.4981421360617848,0.5015430068242988,0.5887803538273502,0.5017616779887858,0.5536416296856099,0.5222192229454334
702,0.5483469273059888,0.5021816199343825,0.7136156797121652,0.6084120628456807,0.4988052961921012,0.49944729161388246,0.5905881846504379,0.501754920003857,0.5470374883689907,0.526312737059949
703,0.5463605408480818,0.5031448683100228,0.7004383865541465,0.6067755338328324,0.4994669510700631,0.4972632305482837,0.5920759268913932,0.5018904393965796,0.5389693865593397,0.5313611640920642
704,0.5207457134492037,0.5302818182542677,0.5971632692500876,0.6490132238989337,0.5039533654115256,0.4871512758243572,0.595955364931512,0.5333437216431153,0.4769759058938417,0.5678266136707046
705,0.5021234844242156,0.551381925406187,0.6114896413654634,0.7568385313653604,0.5007588239244025,0.4885309497751741,0.5960335852754904,0.6200414690249044,0.46462700649472394,0.573513423187115
706,0.502624793211829,0.5507418276624693,0.6146326642745936,0.7589265027424593,0.49873206060643,0.48957912773348056,0.5942707331484082,0.6223719463706812,0.4671882986947541,0.572009872957075
707,0.5038325296312226,0.5490606773110108,0.6196161746782906,0.7612912806686554,0.49523937515666855,0.49135513160169375,0.5918577168373242,0.623815433337781,0.47086641517597394,0.5697325032312385
708,0.5156478392449735,0.5432421836355656,0.6123125815925359,0.7047904276153986,0.49118722373171414,0.49690651133682157,0.5619115898172294,0.6246921754803825,0.5071448661994751,0.5467986959369793
709,0.523463210736492,0.5370298112628109,0.6096973276491291,0.664652019732728,0.49008479612475075,0.4987156524738662,0.5500095335648998,0.6131958988270018,0.5246490189679459,0.5343803317517818
710,0.5256289089686657,0.5351400520925808,0.6100549606002631,0.6569802895175626,0.48968832045345234,0.4991280868870922,0.5480432237123409,0.6104191340790205,0.5281094640152069,0.5312487983654597
711,0.5361059835634429,0.5247310018731048,0.6220729819665035,0.6122375319097187,0.49042308435147974,0.4996189132027102,0.5413574699115021,0.5916542540376012,0.548169323803927,0.516421079051825
712,0.5393659444362446,0.5211845949071592,0.6293132989800624,0.6028709006551478,0.49110526670915544,0.4993491217671707,0.541868102611959,0.5866306331093005,0.552859623446037,0.5122096615246824
713,0.54907922903927,0.507713724783968,0.6838352176390323,0.5881574270916287,0.494556999224343,0.497049769604304,0.5545838986927015,0.5654163889133571,0.5678759902688209,0.5022602226921983
714,0.5512182301424149,0.50397699735867,0.7039644588636719,0.5903010319478288,0.496337823506025,0.4955965548005336,0.562072833219536,0.5605671599721915,0.5690002497413824,0.5013996481294465
715,0.5507469968672101,0.4994702132343225,0.748228921060306,0.6052342669732784,0.5003582442426848,0.49080648088373474,0.5890872267066148,0.5347244737247338,0.5582287723634864,0.5137421686939306
716,0.5464125591041998,0.5025349516515961,0.7307454291691758,0.6020295055842324,0.5009986226803143,0.4893872318405812,0.594775630468365,0.5258491757725737,0.5441435081126974,0.5242326087711543
717,0.5445870241624445,0.5021117153725425,0.7212470456648244,0.5985934125823862,0.5015397404223257,0.48895080027657595,0.5965232862059404,0.526530934389881,0.536462510644065,0.5285936483170851
718,0.531244639719159,0.5152495800319792,0.6476545269699873,0.601784205813559,0.4976800967153128,0.491147102531519,0.5987138064030678,0.5253651259578973,0.5051051612814926,0.5484430540076624
719,0.5297953769344534,0.5153324975488348,0.641535309615647,0.6042954780185755,0.4970315054760461,0.49198528246369494,0.599167262135214,0.527492878171888,0.5017688489929643,0.5504233801195665
720,0.520142550417548,0.5159319127922433,0.6115729961322054,0.6385503071101002,0.49189718832654755,0.5015305784069921,0.6023842029973281,0.5453219697542568,0.4857950088220347,0.561149862950225
721,0.519872078909272,0.515007513110134,0.6108466308086938,0.6414774298617398,0.4917401604526265,0.5028539164495984,0.602468893641377,0.5464989082735768,0.48535681978900086,0.561656923442407
722,0.5027353517413535,0.5333140051603625,0.6210230962617165,0.7742391443093648,0.4776096314986077,0.5139401138877987,0.6078045242757925,0.6201736896009509,0.4871434075008609,0.55958393998385
723,0.5017994943934923,0.5348812894928198,0.6256750242327193,0.7764809800403843,0.47770568459888135,0.515352458451478,0.5988757719100697,0.6315756391644365,0.49940048471461995,0.5514999617337458
724,0.5021615106268392,0.5341961927154669,0.6271575544732567,0.7746843636443144,0.47816685660336966,0.5166332250930831,0.5965439136363613,0.6316627232456917,0.5018423611440367,0.5500396079680581
725,0.5029025383784925,0.5335927482779098,0.6272667304257512,0.767398593273834,0.4793144230084996,0.5174757056723366,0.5911062653625471,0.6323866266023359,0.5074437853854579,0.5462500604313236
726,0.5040197613335177,0.532745735732472,0.6262247033989814,0.7569311524174461,0.48094361466011976,0.5180242096507157,0.5851903469838498,0.631908127381918,0.5131328913307148,0.5422554617253205
727,0.504571895675759,0.5320604432731348,0.6271620728923343,0.7546323793395461,0.48181665856517975,0.5191795128077414,0.583345032117232,0.6311834705430694,0.5147597678955,0.541176534022409
728,0.5120051774922167,0.5271200063877841,0.6126844805302601,0.6789112946419844,0.4919045394446431,0.5135880324255876,0.559197198763497,0.6185893235810856,0.537704038603163,0.5239584440381136
729,0.5153694504676171,0.524415537119951,0.6120363518659377,0.6525240043626711,0.4968615014010773,0.5115934565254966,0.5532831997573179,0.6121044420407266,0.5443180251578924,0.5187561733543786
730,0.5206123254112577,0.5198308957930926,0.6188495539332394,0.6173115222658496,0.5045844218696405,0.5074618079023097,0.5485846845264011,0.6021589937003524,0.5527190121277294,0.5125434474598781
731,0.5247432005505147,0.5159249030935047,0.6319186694232274,0.5972437343586198,0.5110491939120045,0.5041560268282713,0.5488297148365813,0.5953146934038492,0.5573727686364821,0.5092764868854874
732,0.5338151870666096,0.5051087213776745,0.7043947106370501,0.5814715729614439,0.5254798354161775,0.49530972474991086,0.5675701446056859,0.5774021873862448,0.5615657647132202,0.5103133696356467
733,0.5342112090134702,0.504663102018491,0.705965356081709,0.5800072289303223,0.5271530363469004,0.49540061906634386,0.5680521413450881,0.5785263586920827,0.5602949831503523,0.5103509372345832
734,0.5368650227039112,0.5001970519587998,0.7408688835696168,0.5837925577720692,0.5333975670726194,0.4945221487063771,0.5822742439184863,0.5710567248213826,0.5520884000013193,0.5174091946906622
735,0.5358057875892253,0.4992111400544528,0.7372105657618531,0.5864683776192782,0.5311242448463538,0.49969320249493676,0.5968188171191465,0.5523022352155722,0.5324067797871549,0.53290708481967
736,0.5317777718589155,0.5021307198981264,0.6990199400564755,0.5843936295780653,0.5243213015164009,0.507138931732522,0.600057144790842,0.5425527238905377,0.5169525169139698,0.5427135318195079
737,0.5299172741475379,0.503022927848113,0.6829319330449622,0.5854448254552476,0.5218322693243251,0.5109528065444133,0.6004868325592279,0.5412943687394169,0.5114004518953411,0.5458907120390787
738,0.526329024104434,0.505647146069446,0.6552204718341497,0.5933315444002163,0.5156794747180564,0.5171375774412432,0.601737218986529,0.5409682485072647,0.5035180425164417,0.5504350379691592
739,0.5247372444315304,0.506203638429062,0.6449069712301773,0.5993041468546859,0.5135832635641094,0.5206117922143336,0.6022227802454172,0.5422045939884597,0.5006301349698226,0.5521709465028939
740,0.5090697949224161,0.5209738904500574,0.6084678009977619,0.702770016838938,0.486847395161476,0.5378339042255811,0.6129701873634554,0.5775888104873497,0.4936957192161997,0.5553933763456059
741,0.5084235086009276,0.520550499079736,0.6097416191772388,0.7087976444682921,0.487275592097665,0.540239813622737,0.6125295047843967,0.5794516110795459,0.4948784752299105,0.5552450711584406
742,0.4989422902626425,0.5304425092388069,0.6294212594698335,0.7625103025672629,0.485966754965807,0.5415657924724203,0.5906777813786555,0.6245737305292892,0.525406213338178,0.5312097115677248
743,0.499309675650064,0.529990298422307,0.6294974988321449,0.7559935522090597,0.4889305817069089,0.5425527214708388,0.5865959278270088,0.6239363707020336,0.5281250190865541,0.5293750181527359
744,0.5004201071214758,0.5292253792991743,0.6265559582605826,0.7372463968373789,0.4944726754255533,0.5416855686366738,0.5778515538734599,0.6224777079012616,0.5337725445530853,0.5249265454284301
745,0.5022773209414236,0.5279905414635391,0.6222810082604279,0.7122332181887644,0.501309521154334,0.5397820802126724,0.5683960650968612,0.6196274164850533,0.5395248077099062,0.5202590655786614
746,0.5154121331815921,0.5174353968767437,0.6310283318899391,0.5967437285799033,0.5324761971743596,0.5210350112285357,0.5475259628302749,0.6008129254104395,0.5561731665381887,0.5086796700556911
747,0.5263703039044573,0.506578795880348,0.6979910484984811,0.5701736265578229,0.5543356384884431,0.5112728903809849,0.5633168363499629,0.5884756630500572,0.5545723095996372,0.514867929702894
748,0.5292217737113029,0.5035546757964667,0.720519647683951,0.5708383556341233,0.5600375502483933,0.5111103635240155,0.5713611217730306,0.5848219685485446,0.5497444440005794,0.5195251035977576
749,0.5326019748608629,0.49889510628221084,0.7415886155777835,0.5777875147774485,0.5622992697248357,0.5161793729678364,0.5888295541353983,0.5691529559246735,0.533892532696687,0.5331840456757346
750,0.5252357130917302,0.5048079844146157,0.6515249510731139,0.5932495707758766,0.5321280569113394,0.5379606486064525,0.6023309516729453,0.5438039352163886,0.5043402716266709,0.5519599713602542
751,0.5231491781707083,0.5059040315939551,0.638277894234958,0.6023981937035695,0.5275600597733561,0.5425793292103507,0.6032956565404473,0.5446855156252719,0.501958305171192,0.5533585122924258
752,0.5197391418732038,0.5083002246545791,0.6216427112645556,0.6223901183601813,0.5192927128832276,0.5488031345861161,0.6054289220514234,0.5483852888163094,0.4999350250526546,0.5545249958896212
753,0.5171723268779989,0.509827619090916,0.6137348918821465,0.641129956637518,0.5140194599862089,0.5536666283448504,0.606851804565743,0.5528407728468929,0.4998553397393902,0.5547495954632673
754,0.5059896498608469,0.5198828149338988,0.6165602949473282,0.7364128765190597,0.49332213224229576,0.5655972429909705,0.6112397815319038,0.5856546411617924,0.5091782628088605,0.5475574023951241
755,0.5000467028159336,0.5250877848508225,0.6319321246578851,0.772352209709595,0.4933867212695358,0.5684001551327473,0.6002277819096028,0.6078947230311503,0.5244235349469125,0.5352744424252225
756,0.49995803932392086,0.5246941434407484,0.6332213247190401,0.7707883556612994,0.49628736083178876,0.5705713095860225,0.5978385449341431,0.607576002724476,0.5260245414733683,0.534757455411265
757,0.4994418337479181,0.5248849795072965,0.6349573620368952,0.7675540130545844,0.5004934690985676,0.5718168403997178,0.5919164620822601,0.6095951225902888,0.5303108852024042,0.5317041329463671
758,0.5040907669294945,0.5222374717653758,0.6197081996323582,0.6511576271867668,0.5339445056458593,0.5512656283106088,0.5497539333465069,0.6073892148500946,0.5533726474902647,0.51159419261455
759,0.5054748024680883,0.5215066972985104,0.6205038462111673,0.6368835511223391,0.5400180362236926,0.5497454201027802,0.5466110288226412,0.6059927710085524,0.5545837816426551,0.5107733117033209
760,0.5078348312733285,0.520034439164755,0.623765543013445,0.6163349079715819,0.5486101304917088,0.5465989005333145,0.5435334277063173,0.6039971469055945,0.5558002960603735,0.5102975069741569
761,0.5104275330818762,0.5183952917323247,0.6297664931339708,0.5987968727316404,0.557171153347648,0.5436848787280885,0.5421856458105248,0.6023807871521493,0.5561546478714675,0.5106894003704885
762,0.5147892338515005,0.5151467242964254,0.6457070279052403,0.5781928428891511,0.5697595081442048,0.5395386875961449,0.5439746049187769,0.5999806933108777,0.5552086722042694,0.5131492135886009
763,0.5203957489206478,0.5104916041501295,0.6746389096513868,0.5653779289780567,0.5843368177714039,0.5369828952727759,0.5517290757672305,0.5965958285224557,0.5511944465349358,0.5189908811141254
764,0.5299126824176329,0.500561005747884,0.7273543440767474,0.5739684341028537,0.599374675665804,0.5450537679004361,0.5812183218066791,0.5753496950043142,0.5308459533647035,0.5395093461722021
765,0.530090154821641,0.5004899493038458,0.7269193181014376,0.571128678386792,0.6011054133669579,0.5470819199947892,0.580896794917576,0.5751483469531191,0.5287567816413302,0.5404159251853836
766,0.5307122922863616,0.4992220301045779,0.7023840690076073,0.575805062412178,0.5893158990766161,0.5575205443268765,0.5913955717413628,0.5572610008034686,0.5151181447572611,0.549512696174487
767,0.5178184939011887,0.511069442298982,0.6078373999795924,0.6486852566756288,0.5258992587478083,0.5796892625115907,0.6083586370294314,0.5499039679746288,0.5076987424536095,0.551783004192374
768,0.5143525214448359,0.5134025693434469,0.6059864004078517,0.6737163533766886,0.5196540578443243,0.5847577103254599,0.6089329816466142,0.5561093971057269,0.5113094896801335,0.549525353401344
769,0.5069522290115788,0.5195247310549411,0.6156351403490647,0.72791033868979,0.5105157631689763,0.5927222016368355,0.6066266257482565,0.5745211005499498,0.52209240112844,0.5411080756086947
770,0.4990148693547055,0.5264711371911791,0.6330786647159249,0.752663007928358,0.5174409481698715,0.5936452410425839,0.5841732680323337,0.5985685152148756,0.5413364911203299,0.5231606434984064
771,0.49816361268909076,0.5273581687609734,0.6318604725984673,0.7297709600664357,0.5283387596444424,0.5899997923377625,0.5689574966780881,0.6023427542739171,0.54823847719166,0.5166639748235399
772,0.4982334488857954,0.5274733428230892,0.6316764243987653,0.7218534903339016,0.5333214787295464,0.5905729028315785,0.5645041564192543,0.6022716982100417,0.5500045181305372,0.5155250066610026
773,0.4984559170086459,0.5275735512101252,0.6309165825437982,0.7113794187079088,0.5388959872401713,0.5903487460812598,0.5592957407784904,0.6023129015023725,0.5519308174621025,0.5141581807289862
774,0.49977814546835336,0.5270190248513508,0.6266580614162165,0.6805469090148959,0.5498129209130714,0.5845976628589239,0.5481269635936205,0.6028649622923232,0.5553243134310649,0.5112374261050806
775,0.5018939131923836,0.5259588660799455,0.6237835637935747,0.6506314254828889,0.5604788236807353,0.578671462767739,0.5400203476118794,0.6027744917321836,0.5571620782941038,0.5101063859271397
776,0.5036975372145592,0.5252499649180934,0.6233236301669398,0.631993460449785,0.5681541026339012,0.5752925014071522,0.5359172057627776,0.6026475576880519,0.5577029080460134,0.5101970816728292
777,0.5122338040153732,0.518749431756847,0.6376103547911263,0.5801360243871895,0.5944444013473008,0.5639059935105006,0.5347374413812622,0.6008706961123099,0.5546517214725815,0.5167195788983046
778,0.5286840738091679,0.5033487673319732,0.7051972936916023,0.5732194420505116,0.634836185156403,0.5746594252227144,0.5692929442080004,0.5794365164622337,0.5315335593717867,0.5439600519431186
779,0.5224039606524137,0.5081881348577214,0.6128743036420952,0.6196759322669305,0.5618824052568467,0.5968339562120615,0.6030691571692666,0.5361811967942747,0.5117214701816515,0.5553958931760512
780,0.515692790915989,0.5136422606606587,0.6035359413174439,0.6571486285464657,0.5443131153444773,0.6040316862939308,0.6036439506422379,0.5444656810242362,0.5188596221731678,0.549830181335532
781,0.5118460470700581,0.5163620602863367,0.6060376267148755,0.6803367469991383,0.5401509411115689,0.6095976249109525,0.6011023580396874,0.5512879235766058,0.5246859417437358,0.5457071597522306
782,0.5062160291682974,0.5208829523054385,0.616924390643474,0.7135338855773806,0.5387422140744902,0.6175567763811881,0.5937868676234159,0.564353648383369,0.5348466544125653,0.537384664835752
783,0.498968664817833,0.527401326845538,0.6344175219950018,0.7263433814540046,0.550949694829099,0.6188997355535627,0.5652733246240735,0.5878042852400283,0.5529247845786776,0.5188246620846149
784,0.498876413196517,0.5275869650171903,0.6349847057275597,0.7226661739145792,0.5552786736764167,0.6208093098991048,0.5624258337564979,0.5874679421844229,0.5541894766845692,0.5184468993813456
785,0.49860207650697413,0.5281234866070385,0.6347225846298734,0.7101391544109213,0.5623141795545226,0.6191086212340949,0.5537208551331722,0.5899086029100588,0.5573794201191519,0.5155653605985994
786,0.49897042490817833,0.5283172879993502,0.6325294555201592,0.6907308105518977,0.5699739319675355,0.6146234858301058,0.5440237017973499,0.5923839636385975,0.5602115943623678,0.5129068619431865
787,0.5001075968622807,0.5280349779356802,0.6293586848445192,0.6682713827511116,0.5773660923887314,0.6086053584420927,0.5357357664239547,0.5941797862621306,0.5619484278347585,0.5115033460320256
788,0.503793809936801,0.5257682640679726,0.6249421615304878,0.6280680693255294,0.5892017065619424,0.5957220148437985,0.5268620286988611,0.5961736004767563,0.5619484197046036,0.512559895404994
789,0.5107729451073002,0.5206099118451526,0.6308433651438128,0.5884897356051363,0.6084748043299203,0.5848460679333486,0.5265286297948074,0.5959475664833992,0.5572968089002712,0.520182718057882
790,0.5139755677672239,0.5187607724065513,0.6372536515222927,0.578131442832495,0.6183036154352365,0.5843005311596776,0.5288227013774325,0.5951904602659508,0.5540033580077091,0.5246460148946738
791,0.5208437497424145,0.5132798352248389,0.6564725021131582,0.5693924568129302,0.6398245625949895,0.5893444030300939,0.5389049697780343,0.5903046183624235,0.5452298956106779,0.5356802220092298
792,0.5185666574126405,0.5142986797778791,0.5977693397961622,0.641530475923844,0.569331677065559,0.6176929051824666,0.5967890066669174,0.5317409169106225,0.5247598103256473,0.5516878870683792
793,0.5103589678989098,0.5212416295999753,0.6050612005485301,0.6766601266473533,0.5637184126306932,0.6289287518198619,0.589088289776955,0.5452929158612427,0.5377611870531983,0.5409979748140739
794,0.5027144105730136,0.5279087769126429,0.623218161566109,0.7039622374258107,0.5716265837770605,0.6409784812578172,0.5720539265211849,0.5632636765698814,0.5522249696622865,0.5274154521162092
795,0.498705978619783,0.5345885644424053,0.6345676913439992,0.6739714161343235,0.6161619850758258,0.6574936561454265,0.5361542605979575,0.5711406271389818,0.5696834110014217,0.5169468499404603
796,0.4999324717759477,0.534319370615793,0.6339476383805933,0.6526626384694996,0.6193238093457754,0.6464384029458915,0.5220302841494576,0.5788602506777215,0.5726929574823657,0.5128986432257618
797,0.5084080704526585,0.5278286570038186,0.6248293115844821,0.6057839003146088,0.6167196572402941,0.614757932079675,0.512930787980024,0.5845263456876806,0.5674556269876004,0.5186830352344594
798,0.5152816478895069,0.5225911287097668,0.6251368504627306,0.5875999118181374,0.6231167241602378,0.6059266461992602,0.516701723079182,0.5829701479292867,0.5602000413668733,0.5281837359112707
799,0.5185803308535083,0.520582848669562,0.6271834168801173,0.5821067847533961,0.6290782159245891,0.6061075415692311,0.5197051870284681,0.5812885293674014,0.5560376187338939,0.5334447861940288
800,0.5202602384281066,0.5200880895378484,0.6283654248770552,0.5791178682600777,0.6329253201244435,0.6074468003603771,0.5211137462693923,0.5803663764965252,0.5536453352884686,0.5362820208809296
801,0.5315367376698164,0.5097180268579279,0.6426404560192747,0.5836776049751115,0.6663075462707191,0.6280624629752631,0.5399204103749274,0.5659651924255733,0.5360504799246079,0.5562761700247979
802,0.5403180048050166,0.5001765531227518,0.6322946099784634,0.6081420729329332,0.6743264084053168,0.649100833649897,0.5752437521422051,0.5222053984315085,0.5116833205529047,0.5763702634957787
803,0.539674973400611,0.5001979639320279,0.6304706019242335,0.6056064144351495,0.6747845967100257,0.6490941853862157,0.5744692405360596,0.5212383842472696,0.511195564371333,0.5766278898815211
804,0.5315367606800007,0.5074716543994663,0.5930302324651533,0.6137850360876627,0.6204898729408862,0.6262899352587049,0.5812311198417317,0.5096287425541554,0.519845462843322,0.5677280086898424
805,0.5268026156287751,0.5111809505949015,0.5861280837639391,0.6196909021992285,0.6084011675303966,0.6243707630489473,0.5785926445099256,0.511080530863601,0.5270725931816783,0.5621674244557728
806,0.5213276069700846,0.5156272672512442,0.5836323406338237,0.6286685314940837,0.6022765763968442,0.6286224715973013,0.5737691969796246,0.5151535116719733,0.5364562066474908,0.5549603986194864
807,0.5157914405473635,0.5201940022792231,0.5861811179086672,0.6387650573787254,0.6043537293639405,0.6393055209381326,0.5667933639018946,0.5211976488306903,0.5466278952757718,0.5469170166227094
808,0.5150346944704939,0.5202319897532778,0.586599995822484,0.6383724821058733,0.6068834259712164,0.6410105066653341,0.5639975537932568,0.5211093626615207,0.547994994183968,0.5465892584319572
809,0.5090439557865523,0.524991415827258,0.5940162230153844,0.6461127013099002,0.6211832572763807,0.6601841310167079,0.5516994204215602,0.5288151821654324,0.5600893645369409,0.5370908721147517
810,0.5005593967709753,0.5329780664137183,0.6139273846746557,0.6508632215911627,0.6440167034819326,0.6860878155705579,0.5277589063412786,0.5495251053828745,0.5779091168640349,0.5174921763365296
811,0.49954616229170506,0.534515987245379,0.6186089084818799,0.6360931237620854,0.6427189100905267,0.6769425295100678,0.5156233932839498,0.5581476366823029,0.5811756950514261,0.5125279762026955
812,0.5050483388328422,0.5305545350555548,0.6171446401157774,0.5973263331633267,0.620779185642029,0.6330807045808056,0.5060730479316434,0.5661049954154722,0.5739680455701492,0.5191691221925846
813,0.5084013607603792,0.5285086485805371,0.6167263640211823,0.585285170915866,0.618749555897322,0.6231341173962199,0.5065353935533577,0.5660168433114829,0.5689245365305188,0.5253553310952344
814,0.5153773061532234,0.5229375646242223,0.6187356879356981,0.5731352728934682,0.6287055014738193,0.6200189269879584,0.5118729392771562,0.5625248398042954,0.5574708130401871,0.5391769451308026
815,0.5160802257366842,0.5232632402109115,0.6187120218592367,0.5703998217883124,0.630427935866734,0.6210897241476786,0.512234130722663,0.5622059952934123,0.5559442971085661,0.540882812216425
816,0.5332463265275749,0.5065883133986686,0.6287988771662152,0.5807822693490937,0.7016287573713341,0.6689917752931821,0.5386433489411991,0.5371183198958827,0.5235826308755039,0.5743507729597148
817,0.5381720182917007,0.5008900430053903,0.6025377561642313,0.6005474447759048,0.6773964914561201,0.6512689813261378,0.5620069440051926,0.506357649262658,0.5106503714860757,0.5822198254193166
818,0.5356830817512294,0.5026409031970147,0.5914184266630821,0.6020021306880492,0.654936786489731,0.6350297693479307,0.562631635712537,0.503014575070633,0.5147365420543327,0.578591963116848
819,0.5307361550461002,0.5068002138622215,0.5786804028364787,0.6068052215538603,0.6271177742191397,0.619987739302033,0.5610594284689991,0.5022987227637347,0.5250896637060156,0.5703986478688792
820,0.5267508133150104,0.5099383543101177,0.5740335760528017,0.6106015299173475,0.6175948528518549,0.6189679102291772,0.5574206470830367,0.503902435568812,0.5335259320648219,0.5641306295712585
821,0.5199043773183424,0.5159363299807391,0.5723114707726905,0.6190228333354817,0.6176229827392204,0.6337559173179425,0.5502195116123861,0.5095893518276754,0.5488020717710331,0.5520703562369765
822,0.5191157748839402,0.5160361891232204,0.5725204126013733,0.6180055741091551,0.6194927811226251,0.6352632869756842,0.5475208983562199,0.5095627060293457,0.5500509006531658,0.5516964041314724
823,0.5158836363874849,0.5185744122353474,0.5740693435682533,0.6204838650184844,0.6269610151905325,0.6480058325527294,0.5421802332774063,0.5126315718873229,0.5571209013159291,0.5461703355880243
824,0.500881611300383,0.5328488495248468,0.5984130256209808,0.622669845011375,0.6605891140017335,0.702876881408982,0.5131280749548439,0.5406151819381169,0.5863474462707216,0.5134675781047562
825,0.5003987212413561,0.5337407397933037,0.5996682143074358,0.6163985436204467,0.6602466576224154,0.6997527201049286,0.5099122267832656,0.5423527369838678,0.5870818964719038,0.5125483287575535
826,0.5001356583872607,0.5345342055984778,0.6008714236509947,0.6091468519435055,0.6570443464230354,0.6936318147624652,0.5068256456174399,0.5442244294333902,0.5873028834448077,0.5120385986543933
827,0.5023235702189379,0.5334046824324401,0.603439063770999,0.5869286178939572,0.6249954502996028,0.6530087358778291,0.5016485130755485,0.5490550429528824,0.5812023070801826,0.5171347150754665
828,0.5028718931309907,0.5337592301717846,0.6032743009108024,0.5819118139468626,0.6217503740034602,0.6481957622779377,0.5012573061080501,0.5492923981686952,0.5800384230525562,0.5185550037160523
829,0.5058450700681422,0.5319532276378931,0.603325986323129,0.5712347970881599,0.6110854094880073,0.6322238954814755,0.5019915296227828,0.5489552098422756,0.5737334429642292,0.5256757317453334
830,0.5073172163863673,0.5315247406444946,0.6031040996350937,0.5660807103956347,0.6084543416723279,0.6278012692991866,0.5028264044998143,0.5484662102115242,0.5705994023827355,0.529305502695926
831,0.5153928714399527,0.5247544761360114,0.603805669259418,0.5573306019246193,0.6218175291820973,0.6293759264214321,0.5098339430449782,0.5424930013644629,0.5543909621818816,0.5476643087717952
832,0.515636106907262,0.5253770826439581,0.6033192501111633,0.5548669851320797,0.62240942124542,0.6305282199455828,0.5102882668843857,0.5424181028711793,0.5533450778955835,0.5487221561226414
833,0.5171658833120982,0.5247491694108817,0.6029775068721914,0.5523876724523444,0.6283611082452166,0.6349603567002811,0.5121169001025592,0.5410483530859882,0.5498148832937845,0.552449235767197
834,0.5315703746092967,0.5107364444560746,0.6018358991885352,0.5607788092349487,0.7041612617118667,0.6864592129026058,0.52989123965054,0.5224924478772607,0.5218558790152964,0.5796148994728089
835,0.5315598357834317,0.5110622717018076,0.6010572848176291,0.5580237594137384,0.7080918310425003,0.6884516896760521,0.5300452162486545,0.5222195378627427,0.5208045065866974,0.5804935300668808
836,0.5414228969917824,0.5001188696710167,0.5720324963841462,0.5848892678019376,0.6818429042152356,0.6435828523129344,0.5496026995038334,0.4972557252734199,0.5092419965793494,0.5872288979517767
837,0.5314169848691478,0.5097512622544489,0.5508403129023228,0.5966665278926935,0.6210468978623477,0.6037124506760527,0.5437743161776036,0.5014702486683593,0.5391594716956535,0.563508496004016
838,0.528233167493873,0.5121734313833572,0.5502184010929084,0.596892244984926,0.6224322443971603,0.6099608777833015,0.5393672251837685,0.5038682136562836,0.5458934878698735,0.5584942133800137
839,0.5221122457552859,0.5175947927472911,0.551354221921345,0.5984518549377791,0.6352621476943012,0.6343124973734942,0.5320277882058427,0.5097190119118193,0.559179951894262,0.5475731156635066
840,0.518374701666039,0.5206927311323203,0.5533920727659852,0.5977920927803034,0.6477738953119325,0.6529328071051603,0.5266794595808396,0.513322429490754,0.5664106558054227,0.5414523378556025
841,0.5147663465529253,0.5237395170021527,0.5561306291478032,0.5963569244713622,0.662023732518323,0.6728813642455651,0.5214271946479236,0.5169694399260686,0.5730548056400232,0.5354935143615954
842,0.5072296028716017,0.5307143797723285,0.5649432794275256,0.5929840572202618,0.6883882142288803,0.7133825100848223,0.5118042507230639,0.5258262221529856,0.5857990119556824,0.5219225019705854
843,0.4997568841651648,0.5381368032911528,0.5817112141881022,0.5736910014072693,0.6528878118687461,0.6948072723815153,0.5003728405779185,0.5375705609066751,0.5908738644855563,0.511554962385667
844,0.5063818570524454,0.5329676843796837,0.5873450525867694,0.5496629546671308,0.5927000292229366,0.6264991758727471,0.5040891715650105,0.5345945665331301,0.5700286665393433,0.5330613201975003
845,0.5065077626543509,0.5345088532539913,0.5863752517265451,0.544722982109862,0.5898743964882408,0.6259084441567226,0.5053908135265671,0.5350505221764911,0.5688696996350467,0.5340795137168545
846,0.5067550530792325,0.5351327394555239,0.5858895789444127,0.542156639271518,0.5885401091729844,0.6254869043119011,0.5062955437593295,0.5351144977544744,0.5678797224402663,0.5350197056105479
847,0.5070173274517117,0.5357568452205661,0.5853821667592144,0.5396490603726831,0.5872872325067363,0.6251808216471787,0.5072801522550405,0.5351611697021721,0.5668613043424894,0.535972876348863
848,0.5163542702023444,0.5277164149088666,0.5844843272921839,0.535157970971751,0.6170575582834852,0.6413870359414308,0.5170632651386212,0.5257803783808214,0.5469671963836683,0.5571551635465154
849,0.5198426022011834,0.525006714634018,0.5831359963881423,0.5340190935950283,0.6368097010697097,0.6551438801649042,0.5213188933989866,0.5221372513873251,0.5395175221494697,0.5645398733570265
850,0.529735469729452,0.5154812424004395,0.578434066053069,0.5390873483162316,0.6982449976317442,0.6940987278319379,0.5315094194018202,0.5111617690097092,0.5209173720846894,0.5816177049871094
851,0.5343769342810889,0.5108416698365028,0.5740988122200119,0.5423622743844526,0.7245564837632977,0.7059140521616001,0.5362933133116196,0.5057761502742009,0.5126244869955742,0.5883801570790822
852,0.5435275549435824,0.5006315763398193,0.5565524168887761,0.55903100952553,0.7181756993677051,0.6682465674664291,0.5437112272073386,0.49573361285929407,0.5035670476820933,0.5938671844404707
853,0.5430551509607188,0.5006490658667511,0.5557869525365735,0.5567651877594927,0.7184505715989681,0.6644112874650308,0.542837166981896,0.4956846532906903,0.5036288986779497,0.5940545499917068
854,0.5434509981310786,0.49958836590850275,0.5492302262914597,0.5596488121931984,0.6953804706603999,0.6349345163044191,0.5420097301633592,0.4952384548369805,0.5064013054894146,0.5917205929573489
855,0.5428601079396068,0.49959330688210507,0.5485837278437756,0.5575452382114993,0.6942722634294042,0.6306251224700866,0.5407882053502981,0.4953035957503812,0.5067521212601528,0.5917218687229189
856,0.542364339414632,0.4994311082112874,0.544578757839129,0.5583674995848142,0.6773278445654298,0.611437524624195,0.5391108332362864,0.4957731404656053,0.509980297959103,0.5893759896170687
857,0.5405433345101481,0.5005780668469244,0.5363470871522703,0.5629494265691831,0.6408768762024742,0.5804552468123577,0.535255874711067,0.49858058880181993,0.5208639041732325,0.5813015950902206
858,0.5369644920970515,0.5035413422587449,0.5305455696017791,0.5662018882376771,0.622023365779188,0.5745123620825139,0.5298116182142774,0.5031449535489075,0.5343303944393085,0.5713499255465079
859,0.5312329650555838,0.508739785091302,0.5270329864875911,0.5687427757341755,0.6257409141366299,0.5996540719538435,0.5225585147838755,0.5098077726667256,0.5513181508660684,0.5580734281703468
860,0.5158855078871661,0.5237212544791832,0.5312098776483526,0.5692801812935979,0.6821767377182104,0.7097255624424015,0.5081445527007467,0.5249881850316792,0.5835749636066948,0.5275521476080014
861,0.5111253868299789,0.5280815475620618,0.5349020494399223,0.5653095578563423,0.6931194143279475,0.7331352533119248,0.5040304625627959,0.5289237244866516,0.5893884732283922,0.5204097820725505
862,0.5075857281867318,0.5313569075737966,0.538249496567754,0.5607474807284286,0.6948126148814775,0.7429009506396389,0.5014601826671462,0.5315597043428958,0.5924779527204009,0.5158186055728873
863,0.5042759742880908,0.534529359927876,0.5420746375510883,0.5552012444555864,0.6868868514672257,0.7423789815949051,0.49989423064941296,0.5335630356966342,0.5942150079219823,0.5122473601104593
864,0.5005164261654835,0.5383209210846566,0.5483856182657029,0.5462341103120882,0.651705989352909,0.7170174977529414,0.5001743218607451,0.534350859564133,0.5933592904316208,0.5104548070564192
865,0.4993813446226278,0.5399107231810356,0.5544205387603931,0.5354663484781232,0.5981159929720512,0.6673300621356781,0.5043507026485744,0.5317239953010359,0.58637184439584,0.51594213424818
866,0.5021496911364107,0.5380515804133346,0.5583379238280481,0.5257285173152784,0.5646520423073912,0.6279258790452917,0.5121815924445765,0.5254573884183067,0.5732683975793478,0.5295228042450134
867,0.5106402641839066,0.5307258986894713,0.5594613879691658,0.5190603476819585,0.595770968640306,0.6350146836423614,0.5241539798612822,0.5140717381021035,0.5508974449321027,0.5535165223389751
868,0.5180704456292906,0.5240037398019955,0.5574924609500215,0.5181679455568546,0.6529966119651264,0.6676313293693542,0.5320535071513868,0.5063999035139147,0.5347622534441967,0.5694702105478961
869,0.5261627079838862,0.5161458759266228,0.55328668791692,0.5205763638318512,0.7144921288723448,0.6980899648691068,0.5384027798769807,0.49965834445321033,0.5194460000997029,0.583021704275609
870,0.5377934766438202,0.5037114215246336,0.5412350835234362,0.5317588505163855,0.7405650045200439,0.6756710880412116,0.5417136139860653,0.4951711630412727,0.5045106469085671,0.5935387775206975
871,0.5380083737211715,0.5031592331669702,0.5397178698519377,0.5307549041203381,0.7381496773866688,0.666497255381941,0.5414645468683454,0.4953661221906912,0.5042563715504849,0.5937918121698204
872,0.5373631869113878,0.5030164706819799,0.5173252740465658,0.549731914667232,0.6217740954124241,0.5599095068400719,0.524193451602469,0.5147154404965724,0.5345997997383309,0.5695690057170606
873,0.5214468855796044,0.5189415931041882,0.5161988264617439,0.5513705605892398,0.6775495738043145,0.68228568689814,0.5053454795473179,0.5341366250909941,0.574531353574556,0.5351270241092916
874,0.5060044996316252,0.5339137447972605,0.5276222613332682,0.5418318790716651,0.6907609094965436,0.7510171818565994,0.498814055500353,0.5415166536356619,0.5924273702316042,0.5127806178420333
875,0.4992203616103343,0.5407101296861176,0.5422654296009288,0.5243817859981684,0.5811627665670288,0.6625796821741221,0.5094871835190118,0.5337810870904136,0.5838798647221864,0.5170777854010505
876,0.49924992397678014,0.541177503856842,0.5421282694947259,0.5224598199704548,0.5787807832498048,0.6599418446204217,0.5111366258099935,0.5342680777655806,0.582714378911774,0.5176043861293573
877,0.5000110744100467,0.5410391912605669,0.5440181361418286,0.5178818296065282,0.5611719820091883,0.6401590521159899,0.5167239582663057,0.5310330866886068,0.5769331005988152,0.5230463184807755
878,0.5178171400507483,0.5245359846332915,0.546301091900114,0.5101224356211355,0.655829151016259,0.6691592006100462,0.5430793106331302,0.5029596949791096,0.5327582368285804,0.5691611455301293
879,0.525598724346385,0.5169432732957069,0.5424511261679716,0.5121346946347011,0.7157468486952705,0.6952261543123286,0.5486066778067841,0.4971704298083505,0.5188752032895056,0.5813703020550646
880,0.529113646337739,0.5134302376543489,0.5396772920310217,0.513078706801432,0.7367813878856038,0.6975614339455337,0.5506635260891486,0.49558968003306353,0.5132046442632973,0.585899007845757
881,0.5326717594428546,0.5096776686086093,0.5362800136458723,0.5146988387865048,0.7488535556542293,0.6898454700134353,0.5517472825515253,0.4949508438366438,0.5083833695643845,0.589433650119588
882,0.5333678349995696,0.5088746758929124,0.5349559631852141,0.514067347216889,0.7510417890803338,0.6835804218303521,0.5523186122555125,0.49500536403805095,0.5072708754974188,0.5903089235000833
883,0.5386084525620357,0.5029213085348737,0.5279533747613582,0.5194630538290924,0.7311512749356232,0.6390853207186898,0.5500629087602503,0.4981769795347704,0.5043711817334652,0.5915684073755811
884,0.5370674805307483,0.503715312815359,0.5075608940226035,0.537481259831889,0.6228502061014362,0.5629062975707391,0.5220731684348865,0.5299619596096141,0.5400684887927081,0.5635782040743823
885,0.5347408162970205,0.5053916220364048,0.5066458872896713,0.5367290477287524,0.6271425938385641,0.5783109836040999,0.5177986129578583,0.533919462684774,0.5453186988597759,0.5594410311469132
886,0.5338107861782425,0.5055736603810473,0.5066482555604968,0.5350996834937384,0.6281476648032817,0.581998126559197,0.516523676106615,0.5350343612217545,0.5457131392449476,0.5591345559839545
887,0.5266608094890467,0.5123930982328403,0.5054486935627747,0.5351269583376379,0.6599808171159401,0.6525481501583401,0.5058244084563622,0.5447019668162452,0.5625684288011837,0.5446413576156004
888,0.5185283049400441,0.5201881952401793,0.5068338466422393,0.5330766647270706,0.693946899162673,0.7249235079562618,0.49847315733136843,0.5512226212722044,0.5762942541672824,0.5306815451125099
889,0.5009429044500948,0.537447294043168,0.5198234672042078,0.5207879430524903,0.6215462582545226,0.7178589314326128,0.5059210349047074,0.5469648978714404,0.5874860657029384,0.5117615255747223
890,0.5005900341367227,0.5379627441525032,0.5201861185884942,0.5191383357680526,0.6162708028828985,0.7115777663968064,0.5081501633201402,0.5473511077899712,0.5860469911252393,0.5120855451916952
891,0.49982361597136615,0.5390659365160533,0.5262740697439648,0.5115088896994271,0.5546656435850017,0.6440303338613736,0.5242015171136672,0.5357735131373287,0.5757890631724095,0.5209366367388198
892,0.5004960804041046,0.538862625209991,0.527258042525686,0.5092563876081373,0.5473097406074253,0.6323405400177191,0.5300426664884925,0.5329728681124432,0.5715916435443106,0.5245382736939516
893,0.5032128834621445,0.5367726262935921,0.5294071757243306,0.5056208369866816,0.5489047212736912,0.6188230273639425,0.541248389473724,0.5242307988876705,0.561800293376282,0.5345349078599605
894,0.5080645525956015,0.5325997473483765,0.5307259897371226,0.5028008807485596,0.5820679975597045,0.6271209764180872,0.5526209481449383,0.5138840644926033,0.5494186549014449,0.5474240980145508
895,0.5246499392419661,0.5162390333812067,0.5282863279340066,0.5034453416351344,0.7224123708295866,0.6831282689079825,0.5670903923016261,0.49661174692258264,0.5193449251667744,0.5762097074277445
896,0.5381959207583019,0.5014669781960938,0.5174119729685127,0.5129758311754948,0.7133579827067853,0.6114086336844117,0.5598896123241214,0.5087940902487434,0.5072020155274002,0.5842217283069593
897,0.5378617893659247,0.5014082869577404,0.5169885141656494,0.5118629586993342,0.7117834031411052,0.605690708592539,0.5601287728176797,0.5093281390747291,0.507448607054356,0.5843030429773982
898,0.5389782506923874,0.4996091667808778,0.5129599832747774,0.5143325159836015,0.6752057174094832,0.5662960299299633,0.5532541153198317,0.5189545552110885,0.5109333567520377,0.581370750135017
899,0.5385674530903893,0.49938431674915934,0.5097167251877724,0.5160062305472382,0.6464443495146766,0.5444446121292639,0.5456995918905974,0.5282399426516403,0.5164595795516435,0.5772186679146266
900,0.5377593529535534,0.49957928314048966,0.5087247732602639,0.5155271346104913,0.6388097774674877,0.5408458456538286,0.5431447205428929,0.5315581135106835,0.5186220228670496,0.5757737153451132
901,0.5294336234207464,0.5040355110257972,0.5035749914590302,0.5132139204310818,0.6269911735451835,0.5881483319799565,0.5222396478713119,0.5554033121402384,0.5357222946443725,0.5625162575412568
902,0.5117160698948967,0.5219884591617566,0.501380666763865,0.5150019778939491,0.700368833438324,0.7808800291593241,0.49364182775913545,0.573907372412713,0.5727582619634278,0.5287074044996664
903,0.5103791198001911,0.522897579677095,0.5016292424327773,0.5141474259080134,0.7004165144394969,0.7838138684929015,0.4946221133564761,0.5751972228158124,0.5726979363668561,0.5273903565807312
904,0.5079109934801108,0.5249921315554807,0.5021819492943858,0.5131546641813836,0.6952066787952613,0.7859707147290221,0.4966359742371331,0.5759577586836663,0.5739913577309252,0.5241416866873637
905,0.5012332720875183,0.5314739575225056,0.5054195664471648,0.5100281812030831,0.6222599003177556,0.7272048089197521,0.5127056294414897,0.56759434245457,0.5770822464983599,0.5154589765046477
906,0.5010475434379517,0.5315862481632798,0.5055626636404796,0.509660890201539,0.6201092110051688,0.723194771735419,0.5154700597394181,0.5685494784964499,0.5756895925311734,0.5154502794214876
907,0.5003998938895442,0.5322066100638979,0.5065291440375345,0.508651403860509,0.5998678037975024,0.6994797316524428,0.523118214519673,0.5658529532946123,0.5737578148973123,0.5153569138619641
908,0.5003653793282336,0.5323470327929966,0.5086523230147769,0.506656592358614,0.5645064970027069,0.652473578989398,0.538295449797277,0.5563410795176307,0.5695476796805022,0.5175003193183101
909,0.5025427890859029,0.5304281937465867,0.5110675584064243,0.5043846648303368,0.5530927110668097,0.6169942656898451,0.5560405240519526,0.5420597491077053,0.5623455559368201,0.5240445646907596
910,0.5030347304829866,0.5301427023023962,0.5112627464502184,0.5043154934863188,0.5542877574073068,0.6153179028403463,0.5598267407069635,0.5413347286995118,0.5606745455883934,0.5248896031928616
911,0.5044173693484162,0.5289983453000693,0.5119933653871573,0.5037974471994238,0.5610721507775575,0.611937623455802,0.5667227699555044,0.5367702890768907,0.5572744743270567,0.5278349790867463
912,0.5255374972539288,0.5072824384881346,0.5145316374838086,0.5006621330461005,0.7425762401255616,0.6542852136388869,0.5951112867754009,0.5101472996565469,0.5215979000501986,0.5651180118450275
913,0.5311343152411563,0.5009091809371131,0.5115393713632584,0.5027327041482225,0.7089316316569805,0.5950997617338974,0.5880129283655556,0.5290332674864254,0.5140681258831995,0.5704004722828363
914,0.5288910849238612,0.5027256157940432,0.5044312013459037,0.5086164338980331,0.6240092159419283,0.5613290551966132,0.5447388032539211,0.571993875201464,0.5245318879209181,0.5613004861673506
915,0.5257186941790455,0.5054924713966501,0.5028329930601378,0.5093847340065687,0.6309452060871086,0.5956877774215268,0.532037489008998,0.580698936778466,0.5304170180752913,0.5568207967383034
916,0.514359088266707,0.5168495403690587,0.49979526674188635,0.5119260368895164,0.6922404992465805,0.7401118801149821,0.5021092760712221,0.5964869619217172,0.5513865490489723,0.5388808928759727
917,0.5132895897829731,0.517419996120909,0.4998087465178591,0.5117130132812316,0.6947018072091345,0.7464221486285915,0.5027034701451856,0.5979121636887961,0.5510094404938277,0.5382644805540437
918,0.5107708982213949,0.519503787861662,0.4997775154592004,0.5116928026376513,0.7007576548926543,0.7644552304889052,0.5025187519540463,0.599899415797044,0.5530624985199801,0.5351425086227587
919,0.5006340835338844,0.5295860679624534,0.5033788535270558,0.509000343014304,0.6026583509452632,0.6966774140533714,0.5344116824867555,0.584083560338561,0.5649058114172846,0.5169116329147002
920,0.5032272691831066,0.5271684135790157,0.5074778802265179,0.5058535328255899,0.5620936932967073,0.6175270561833976,0.5667906666984628,0.5566869035143366,0.5590492931298721,0.5207699141337174
921,0.5170019986275628,0.5132218406836083,0.512810709828068,0.5010095345278051,0.6955140116398982,0.641749299456337,0.6035389150453982,0.5162491525559321,0.5383567595156645,0.544957147509232
922,0.5201818472760878,0.5098919055857362,0.5132693280850845,0.5006729172035588,0.7228877406590472,0.6450997458431488,0.6091337136124533,0.5147434130608374,0.5334449898544744,0.5502143031566223
923,0.5217549101510369,0.5082107296637614,0.5134413652323583,0.500606727077762,0.7327645722910668,0.6411050113361402,0.6125274325545712,0.5150519106656778,0.5310386549640156,0.5528048892487736
924,0.5238446526757854,0.5059081528899969,0.5136494801403089,0.5004526190506682,0.7401148624151755,0.6321520770391497,0.6158724494686119,0.5173353192464931,0.5275120632652949,0.5563053533143936
925,0.5251647006724163,0.5043793615521306,0.513729106123146,0.5003969242589555,0.7393370035369163,0.6202688171759193,0.618133370487849,0.5203686259276812,0.525139471420471,0.5586468244971279
926,0.5282442018930714,0.5006417650524168,0.511937829016753,0.5016887175677052,0.6572762248895497,0.553288962497363,0.5958149738895158,0.5593769459305529,0.5166654481385732,0.5641430117219544
927,0.5221270314326459,0.5066954798893333,0.5071147709328936,0.5058487098432259,0.6300682002514746,0.6101374754022464,0.5430245087009776,0.5949305398653745,0.525813996685546,0.5571477451805427
928,0.5143603754669861,0.5143058699399098,0.5033662132153635,0.5092456015529159,0.6711883226536688,0.7199970751107385,0.5089876888042993,0.6112471977972337,0.5383299434524634,0.5470569012008228
929,0.5092593253850382,0.5186278752773168,0.5017435617180247,0.5111617579346305,0.6894591783765497,0.7684238151495818,0.5020035730866794,0.6186631867118922,0.5431141918079138,0.5406907453554973
930,0.5081481597178454,0.5193235970564272,0.5015596161990769,0.5116649688814333,0.6908346068852512,0.7737598525211725,0.5031442510697535,0.6204930968133914,0.5428393600444856,0.5397308672313345
931,0.5066664342562749,0.5204172694822752,0.5013048520475816,0.5123561663767675,0.6917203122936662,0.7802198171074405,0.5046519388534115,0.6226299099248901,0.5433527619244302,0.5378909631133469
932,0.5036055386430509,0.5231830194473367,0.500898340090876,0.5134418325867003,0.6822162110301992,0.7814615258417427,0.5103775912573373,0.6248867205868969,0.547527654381603,0.531741245998283
933,0.5024776138962427,0.5240316051472206,0.5010463369878028,0.514189162079126,0.6718689932594062,0.771112629091062,0.5171629815676732,0.6254343651725454,0.5481545416130165,0.5290887769429189
934,0.5024175408358876,0.5241959787370789,0.504309368106512,0.5124090970414559,0.5873974001106675,0.6526674266147492,0.5602689627084237,0.6001150328549612,0.5546994107693586,0.5176747141357757
935,0.505495754559641,0.5211608304914367,0.5072056294450433,0.5110307650943847,0.5824344162801349,0.6122873156222746,0.5821079815661302,0.5784205473463904,0.5537050026041994,0.51734040849134
936,0.510752184738242,0.515938778805656,0.511223680243173,0.5112591335330762,0.6171402893054715,0.5990104171089529,0.6055068809667423,0.5540472878650885,0.5500742980613809,0.5204272826650235
937,0.5128779623526344,0.5137696648629284,0.5130338518582345,0.5109253728934043,0.6373559337694653,0.6005315860412913,0.6135183105374262,0.5452613876781379,0.5483664538387241,0.5224206260417441
938,0.5201146037106703,0.5060169049785705,0.5193037736743151,0.5057015640251878,0.7149845991700592,0.6185465104155283,0.6384557509278426,0.5274217833060322,0.5394381123371237,0.5336683521781405
939,0.5216742936332415,0.5042973926081518,0.5207384779766456,0.5050954908155331,0.7247186461866384,0.6141419341090302,0.6452027571078325,0.528563881324544,0.5367076015238033,0.5369997042336778
940,0.5218161698748477,0.5041291599408071,0.5209006216588421,0.5057822817718228,0.7245085429103293,0.608513107169284,0.6477520030949525,0.5282909388645752,0.5369441469247118,0.5373065950752686
941,0.5235610157241989,0.5021365570568409,0.5232431082487494,0.504070022492172,0.7208811131808024,0.5945697133887146,0.6549830107821594,0.538328417081022,0.5309390751591336,0.5433892607178051
942,0.523382761985153,0.5020754045133944,0.523689097258544,0.5052796921780808,0.7107801631782962,0.5750775018159565,0.6628017725812912,0.5427425686621202,0.5304078327776564,0.5458461349619647
943,0.5221856057563276,0.5032114166128884,0.5256365722646725,0.5037503123211012,0.662797132244226,0.5600101355963882,0.6485505350778012,0.5713317285796996,0.5217125107875447,0.5530407606379034
944,0.5209298159432734,0.5043807015131551,0.525575779423878,0.5040602023575457,0.6473430289231569,0.561661284607901,0.639939500109443,0.5808252057642919,0.5198759909145266,0.5549377552936872
945,0.5183933542612653,0.5068614808962558,0.5250478593362499,0.5048132456314685,0.6271413413659833,0.5786280629592432,0.6165118495960544,0.5971144633075111,0.5171838499420564,0.5574012854217998
946,0.5158883378533772,0.5092534593943048,0.524049529366846,0.5059831714805891,0.619829984995143,0.6044664040226274,0.5942194354596972,0.6089831885880501,0.5159719365323281,0.5587288814454309
947,0.5076060975051554,0.5174370815853676,0.5179823172047248,0.5122418783313513,0.647056372300026,0.7322225347537248,0.5116634633696759,0.6431337336369622,0.520585899928706,0.5558105863378351
948,0.506009889304281,0.5188152237643104,0.5163943349961834,0.5141938625823684,0.6538984970299543,0.7519301944857101,0.5033878220298927,0.6489814864404266,0.5214641341686437,0.5544120804151347
949,0.5045056187388081,0.5201230429133409,0.5146464633834865,0.5164132352044243,0.6599730566494342,0.7685829764285793,0.4969202249643964,0.655329781687255,0.5228099667136756,0.5523768393203151
950,0.5024703933975314,0.5221194030778253,0.5103777952585683,0.5212472452400849,0.6617977214502527,0.7776869513862315,0.49313173348899997,0.668258085178951,0.5306809618626723,0.5436828051972474
951,0.5022634340828882,0.5221969725337233,0.50991423610769,0.5227916725100312,0.6596294916042418,0.7727335554096189,0.49751360556204294,0.670200269211788,0.5302602781541415,0.5424829536701009
952,0.5022828278267943,0.522127489898619,0.5089023355685953,0.524985823636194,0.6527337852644545,0.7581708320001493,0.5057170528503723,0.6726067126102935,0.5321137748983766,0.5388885763230478
953,0.5055520898277013,0.5191583742959485,0.5075993308917105,0.5279874400024859,0.6166599353435642,0.6681754141507396,0.543917736818443,0.6587889803654405,0.5438760584288491,0.5242091055535731
954,0.507673100887346,0.51707439766789,0.5084245622926481,0.5292913355296806,0.6096430780242938,0.6332769233266761,0.561509276840504,0.6462172709193729,0.54673199390096,0.5195576373289575
955,0.5096831093005791,0.5150576671779945,0.5096578732806862,0.5303385322182802,0.6091152146359399,0.6084729583762658,0.5757571436373443,0.6332595226432973,0.5486866829252918,0.5162552130284027
956,0.5107527032050645,0.513964349108824,0.510517056662521,0.5317797723779257,0.6107513615919261,0.5985102224207117,0.5825844823739089,0.6273610830212947,0.549073377381508,0.5148420162910647
957,0.5163572171405187,0.5080959859104373,0.5163554602274103,0.5285238105259487,0.6412951909800009,0.5635376263092903,0.6178627975656653,0.5804354157824172,0.5535470180590194,0.5104887597141905
958,0.5190069050992938,0.5052313578255114,0.5204207189560579,0.5265994536355296,0.6669875117300507,0.5588200109321038,0.6370397231690754,0.5591245675621812,0.553965341021569,0.5108410298005877
959,0.5220304284053328,0.5018418422863762,0.5289947047376843,0.5192026398070025,0.7074113745603416,0.564870774093608,0.675695360942402,0.5395068911596897,0.5494450861734524,0.517604870616062
960,0.5220203769197511,0.5018608433410807,0.5336603719624143,0.5153915104053242,0.7063735344293393,0.5638589369953717,0.6945091324352278,0.5458386982729032,0.5435566235584356,0.5246858169494746
961,0.5208820213477243,0.503149482346617,0.5365603329599105,0.5132362411032718,0.6906117896160134,0.5609679898930435,0.7018068688575196,0.5579058191257096,0.5378121776379161,0.5310961045129095
962,0.5198697204548265,0.5043181098759381,0.5376310282906095,0.5129126875428586,0.6788711865822192,0.5589061283903155,0.703238471698961,0.564950676755583,0.5350810587517045,0.5345354691454315
963,0.5076504188164467,0.5168408148084972,0.5374605148540699,0.5147514548027635,0.6080444145476079,0.650628943380879,0.5837086565457117,0.6326941860805542,0.5087612710617365,0.5570317000922181
964,0.5017996771099092,0.5226514985629404,0.5250243285051425,0.5275293206062088,0.6411704122543982,0.7551971267274175,0.49389285990592163,0.6739015019169984,0.5107979961470221,0.555330582162038
965,0.5016309566475025,0.5229408700875301,0.5217104141411528,0.5314563340752849,0.6449250141310039,0.7589230526436285,0.49176866572137146,0.6830624074969079,0.5128786809571401,0.5524647889334752
966,0.5017934158028144,0.522895663736523,0.5198055494145672,0.5342493846088876,0.645130805007747,0.7555212261821485,0.4950122379646745,0.6882528742716886,0.5138776405695477,0.5503904277321506
967,0.5028839689822207,0.522023922295986,0.516714063672109,0.5382850407966637,0.6428123578521123,0.740125006160465,0.5040676621091335,0.6958128495511965,0.5179613881023841,0.5453559041352276
968,0.5132264772399612,0.5121747600739498,0.5142145900863542,0.5434393744142172,0.6202479663980298,0.6011328738037269,0.5714019071252122,0.660182398184704,0.5437705975990833,0.5185655709021882
969,0.5136981274427893,0.511712867683728,0.5145900716889676,0.5454784422588378,0.6207037206701825,0.5974139137587207,0.5741476722019482,0.6592034976365646,0.54356126570636,0.5178461072736124
970,0.5193475911564502,0.5058021779489222,0.5202854575689864,0.5458505513691398,0.6368378243167213,0.548437066058884,0.6089651550690673,0.610224557641753,0.5524448301174057,0.5081275046044711
971,0.5210955630954057,0.5039126884860152,0.5233973837708306,0.5455682217612237,0.6471296400989076,0.5376920234838496,0.6220154470775977,0.5914601121402919,0.5547345181701318,0.5058333802538133
972,0.5235550993281369,0.5011706675846673,0.5318428319673875,0.539334615333107,0.6746138534425526,0.5308276644229505,0.6566534371850218,0.555407135038875,0.5569832891970455,0.5046057609766285
973,0.5234415175379188,0.501317166021261,0.5413169473395019,0.5302883458309102,0.6893506547573256,0.5375714091235116,0.6962738811391981,0.5436311864975346,0.5534404886865574,0.5098654712795105
974,0.5227064840142283,0.5022504863562569,0.5441955229477045,0.5283629274155075,0.686431714945823,0.5373357527227005,0.7091445112845179,0.5455321917804458,0.5515439630488251,0.5129763036844742
975,0.516313124431472,0.5092609081384284,0.5542864398838503,0.5171067797207682,0.6455973148981403,0.5608069153666295,0.722104886241428,0.5816817718290078,0.533608570649659,0.5314676602191084
976,0.5027753272788255,0.5228579593587144,0.5520754373748911,0.5221313842099211,0.591674613735294,0.668241817124261,0.572237641217136,0.6430951884209253,0.5022180226322943,0.5586917363652794
977,0.5010174770027023,0.5248721104517112,0.5469938584703803,0.5279149111181657,0.5984213819358497,0.6994540844867959,0.5339938773710765,0.656517990027861,0.49934401414589236,0.5609847851346671
978,0.5007081884859422,0.5255452669583673,0.5456937228092479,0.5296375138063558,0.5988679788672733,0.7035681243070251,0.5309655891117087,0.6588991251603317,0.49874687082406166,0.5612990576453898
979,0.5012055408737066,0.5255332427100445,0.5346954370106027,0.5404874609280761,0.6173310647719965,0.7318241509396238,0.4931987850279088,0.689710559935585,0.5004813515018453,0.5593784816675366
980,0.5039563340774278,0.5233932278105734,0.5272604957930542,0.547945717501637,0.6248107023319242,0.7209057170828456,0.4957247547139861,0.7094486230851578,0.5063195066465748,0.5536186539928114
981,0.5085342383631812,0.5193922466069476,0.5215303353333254,0.5545034116831199,0.626028966003011,0.683961208885668,0.5160417212742026,0.7194411164027051,0.5158524634349597,0.5442973928831173
982,0.5265143192194124,0.5008250221499577,0.54226275625762,0.5387884899773446,0.6822901801904906,0.5184047532736653,0.6904768708765421,0.5526738254282278,0.5604625133349775,0.5021088316566769
983,0.5208610823568055,0.5072169488756574,0.5530512288973992,0.5260488887964585,0.6672377733884635,0.5410797660242933,0.7397342077500656,0.5653501442123846,0.5497319437070277,0.514961391789923
984,0.519987709898474,0.5084526705555633,0.5534932664969091,0.5263820506641438,0.6622080481164878,0.5402104269235709,0.7439524604869384,0.5669671112230111,0.5493169859458165,0.5167841215638652
985,0.5174081475253521,0.5114932548671798,0.5553426472887067,0.524818061150172,0.6486740708174874,0.5474816904674159,0.7467053663984132,0.5756077124974283,0.5450059672669508,0.5224508117124961
986,0.5163699724187149,0.5129453646133824,0.5555891619955495,0.5251553405693465,0.6430715410364206,0.5486817797447681,0.7480357019102923,0.5778447764502019,0.5442344652368415,0.5245946400639824
987,0.5119895020892379,0.5177615833300456,0.5579055239895777,0.5231093055686582,0.6204086115001362,0.5684789323235085,0.7334673849854707,0.5936881661951775,0.5351600448025287,0.5344449459239468
988,0.5114807101008738,0.5187441475153685,0.557499879092036,0.523923500112221,0.6181421147059055,0.5689824254169122,0.7339305809702654,0.5940295747462084,0.5355632942470463,0.5353676890656889
989,0.50690658705411,0.5236303398010395,0.5588952973821294,0.5232457797038934,0.5961607566483197,0.5974033238067207,0.6987292801720736,0.6114334444301774,0.5246765022748275,0.5462089072986553
990,0.5046479438739113,0.5263008584205676,0.5587488133490469,0.5239968769280585,0.5864990687972107,0.6145311594195404,0.6746492423894976,0.6205886173389292,0.5193110063054319,0.5518020445032426
991,0.5035442830251003,0.5279230576554648,0.5581624425364261,0.524957135918768,0.5821694756727556,0.6236686352049993,0.6620163899118814,0.625269169180807,0.5171028420382494,0.554585565985863
992,0.5008821667739074,0.5309461334868991,0.55712823109669,0.5269786803320321,0.5724300004091222,0.6547119035615372,0.6116794825397988,0.642764102460173,0.5077046502632195,0.5629687865300562
993,0.5003091023612795,0.5321381595086019,0.5560348039068047,0.5284026400396067,0.5704433378948665,0.6634701682859018,0.5979839890744748,0.6482739787815059,0.5057619660388075,0.5651168683727592
994,0.4996817916991728,0.5333925042273019,0.5526582889920707,0.5324982000423304,0.5697692493227624,0.6953115153514542,0.538499701793467,0.6745379532914866,0.4969707941479329,0.5722226387076189
995,0.5002110276440925,0.5336612808015061,0.5504060561215933,0.5349973116675917,0.5711965517724372,0.7035314816126873,0.5210755041234497,0.6857539758846093,0.4949800864531926,0.5738474880479001
996,0.5077877034429669,0.5275923515833059,0.5404242236394023,0.5439918620563875,0.5907663779420937,0.7021734959784849,0.4777317449178597,0.7364739347754821,0.4966232298640278,0.5721211980322225
997,0.5096740851840897,0.5264665986945193,0.5385861512280352,0.5464380212784978,0.5931210791012174,0.6939734672058488,0.4815599392032443,0.7415800074941001,0.49838538892881046,0.5702625979644722
998,0.511336264934884,0.5255161877474042,0.5371483693517733,0.5486427298517368,0.594799922972514,0.6859626638657454,0.4865619794247855,0.7448897629193838,0.5000211162353722,0.5684954234163175
999,0.5201923602945016,0.5173543460850503,0.5324275387318699,0.5545258081014746,0.6086417874742368,0.6343706735395348,0.5092766885440854,0.748386818239405,0.5144792098324654,0.5563426692582293
1000,0.5230640858156739,0.5148168076662959,0.5316558694111193,0.5572273232716178,0.6122993537903659,0.6143754241597353,0.5212585899778808,0.7429856218209749,0.5197679992171711,0.5514305696521571
