time_step,site_0,site_1,site_2,site_3,site_4,site_5,site_6,site_7,site_8,site_9
0,0.0,0.0,0.0,0.0,0.0,1.0,0.0,0.0,0.0,0.0
1,0.0,0.0,0.0,2.4049868958326533e-08,0.00021930450021981926,0.9999999759527681,0.0002192804529879832,0.0,0.0,0.0
2,0.0,2.596319639576839e-15,2.3728446105877312e-11,6.008221486679867e-07,0.003503705836446911,0.9999967337193952,0.0008759444752734226,2.163617919719644e-07,2.372584978623772e-11,0.0
3,0.0,1.272144525650689e-13,8.535402573885168e-10,3.4565693897236727e-06,0.010695816736473657,0.9999702784053127,0.001966253633545319,1.944717713130141e-06,3.7915841847643294e-10,2.3257676593223844e-14
4,0.0,3.554487216969372e-12,2.369696453170137e-09,3.106609500956938e-05,0.013949219632868189,0.9999356377216199,0.007826774440757278,3.4545788549561165e-06,6.058810471928538e-09,1.2669499601425914e-13
5,4.290603521389388e-15,1.78681114704968e-11,5.003944999509949e-08,5.288073286171436e-05,0.02619933036475333,0.999797738966148,0.010625147111754624,2.150863246535273e-05,1.5970245218521797e-08,7.842662349143005e-12
6,1.564749359961239e-14,5.4247273903289646e-11,8.987222613570283e-08,8.322279911161612e-05,0.031100195700202435,0.999706146672422,0.013838894545157267,3.268309117491768e-05,3.4669239623942546e-08,1.700118154344948e-11
7,2.8373605726225486e-13,2.3986227093648743e-10,6.029685682548148e-07,0.000137591019873706,0.06147940069262765,0.9989482768001999,0.017425477922484597,0.0001408379948921906,9.624933974655315e-08,1.920846247113961e-10
8,5.770647825357021e-13,6.197292843705576e-10,8.082238686168633e-07,0.00020991465263141084,0.0686807839157089,0.9986626123183155,0.021406455723002937,0.0001754604151160954,2.0137997734282003e-07,2.9254346755045636e-10
9,1.819950264272632e-12,1.4035283156656284e-09,1.4437819494398368e-06,0.0003078435842825396,0.08413313003930316,0.9979837382986794,0.025759778800686133,0.0002657346074071836,3.8335788383013454e-07,7.017030563511796e-10
10,7.464569930620763e-12,7.507721166480445e-09,2.457905180016222e-06,0.0007620403469310748,0.10092985678743885,0.9968860443544999,0.041042476354196986,0.00038613161883929324,1.5256659115798423e-06,1.5551914495920262e-09
11,1.7211570319638728e-11,1.5734987134237504e-08,3.4445413027241263e-06,0.001197055928464179,0.10976345119089563,0.9960872308926016,0.053059684657339325,0.0004738299409682237,2.8553166574016683e-06,2.7405580127816495e-09
12,3.7382896323483095e-11,2.9497317104888445e-08,4.915061291501868e-06,0.001753275434609905,0.11886169839543607,0.9950984766672912,0.0664596715802712,0.0005845373456573766,4.814476901769042e-06,4.901712225665797e-09
13,9.256480403646185e-11,4.162562661451739e-08,9.551106403208639e-06,0.0020969124456405473,0.13783784178111597,0.9934842128340139,0.07362037290503226,0.0008746049151828224,6.262822548354679e-06,1.3425553572017409e-08
14,3.062905754440529e-10,1.3903006489852312e-07,1.6364242232474226e-05,0.003914803082638661,0.15786579208710197,0.9902991603387784,0.10521841014543977,0.001242613412814477,1.5768251503510562e-05,2.827610446012265e-08
15,6.251097000124248e-10,2.700386213446983e-07,2.205997856050875e-05,0.005701522514649006,0.16811365823290367,0.9876046115500972,0.13192692365394706,0.0014939001428415609,2.6786124220898413e-05,4.3931344826081205e-08
16,1.069518077972327e-09,4.016418661090696e-07,3.0053785879170772e-05,0.007118696484290136,0.1784635594967586,0.9850594291296547,0.15099549779746513,0.0018031915856189192,3.667853905660183e-05,6.946321859654848e-08
17,1.5761982776269288e-09,4.89888125791066e-07,4.0439158924865134e-05,0.0079081041437576,0.1889388898909736,0.9830675810007969,0.1608577586040558,0.00216670305638205,4.275485765248599e-05,1.0671920527567031e-07
18,3.2452123898954873e-09,7.582806162326643e-07,6.737876609302848e-05,0.009711698274078622,0.21041507352863947,0.9785483831825018,0.18107315455878517,0.0030232460855597653,5.8960793110606844e-05,2.143852530743006e-07
19,6.276166024655434e-09,1.1755077768385174e-06,0.00010519578654831613,0.011805636820386621,0.23242354325686235,0.9732745056597566,0.20191049333053157,0.004088625246647521,8.105856998988265e-05,3.8817806852327303e-07
20,8.594254476518772e-09,1.4462235790699426e-06,0.0001296087178314841,0.012954743416020617,0.24355716977867747,0.9703411876661621,0.2125577026617872,0.0047164317554917925,9.436230078077541e-05,5.137891013790708e-07
21,1.2838459125194287e-08,2.142562561753369e-06,0.00015789788213036425,0.015467278262573804,0.2547697640436747,0.9656863717781908,0.23425015645523112,0.005407364941076238,0.00012621873636285097,6.689843485933036e-07
22,2.070496309685807e-08,2.6279127266470024e-06,0.0002293559128833897,0.016866677571034192,0.27735760168535173,0.9602955942885659,0.24519696654774153,0.007012893574119183,0.00014641728322883413,1.1059130749007711e-06
23,7.285359358648288e-08,6.674279433112898e-06,0.0005382342181356489,0.023905374891725544,0.3473230669660189,0.938572648369568,0.2884219602129679,0.01321443198867554,0.0002837911978706308,3.2581867211383006e-06
24,1.7897401716697662e-07,2.388739657618641e-05,0.000614773444481957,0.044223562517411594,0.3585895390717784,0.9122916940544059,0.38989480009538674,0.014542330961316073,0.0007829653046042338,3.9204903571342535e-06
25,3.422341859737426e-07,2.7377492869112814e-05,0.0011180950806869599,0.04699565546285181,0.40189672128017434,0.8973565772999702,0.4009465036567008,0.021594071310875762,0.0008693901113562981,9.833331988195175e-06
26,4.860783406772924e-07,4.01188021312399e-05,0.0012720514028710394,0.05588669771902123,0.41246162291240596,0.8838495697390658,0.43400310487343213,0.02359947317165254,0.0011690665031334018,1.1839462677488508e-05
27,8.212987595911704e-07,5.209302883884074e-05,0.0018439681227185546,0.06245757641602032,0.4437016652405953,0.8663587602287409,0.4552993836511714,0.030427954587037502,0.0014251245589675025,2.0248088078423122e-05
28,9.92367932793951e-07,5.906262579578198e-05,0.002070420242644884,0.0659041606399319,0.4538262842970185,0.858974219397757,0.4658109587950456,0.03295357715993197,0.001568182766204334,2.3904187550146058e-05
29,1.5933196660802285e-06,7.712199357829948e-05,0.0028494689489311086,0.07330757756253851,0.48380393670854294,0.8398937302959674,0.48600629633343273,0.04120597834104369,0.001912827151333968,3.737332516852285e-05
30,2.134375441213068e-06,0.00011043178516425456,0.0031522750563348465,0.08515823118237281,0.4930912313473111,0.8235514432678922,0.5157823118865834,0.044216821120992324,0.002514420430691778,4.3085711346961775e-05
31,2.853727131248383e-06,0.00015181641376783655,0.003495267603987218,0.09784694153389441,0.5018535067180252,0.806348530676477,0.5446605916139053,0.04742861151508777,0.0032208946340901985,5.012492628702265e-05
32,3.5742229015520236e-06,0.00018472945429095846,0.003881872427421972,0.10676846050398026,0.5103309494308492,0.7931922905687159,0.5632826928168484,0.05084400964847304,0.0037574162238538707,5.871121515238747e-05
33,4.4530599097786434e-06,0.00022280384595729113,0.004306803361052864,0.11606640283737202,0.5184399731306916,0.7797472877750656,0.5813360634412876,0.05443394485658036,0.004354250831751252,6.873481210362995e-05
34,7.382418029200662e-06,0.0002737358705210003,0.006313671530674411,0.12600898376191008,0.5509412634417459,0.7545618752055956,0.5977297294245196,0.07020410073048397,0.0050864323103666,0.00012082728357173146
35,8.556722564212945e-06,0.0003023972767261248,0.006898116217559174,0.13113202531640428,0.5584677977582482,0.7457504116998914,0.6057679706402074,0.07449483235258648,0.005485018219665459,0.00013739645573226293
36,1.2831717029281413e-05,0.000513214352258477,0.007520275760386075,0.1635214349944417,0.5634800119185709,0.7117744958237866,0.6520067283557937,0.0789223914096871,0.008259042191844994,0.0001558135582919062
37,1.4754939075189399e-05,0.0005554781841385215,0.00824366161981957,0.16916481533036343,0.5698118846156006,0.7029797225255936,0.6590559556183265,0.08364053417941347,0.008787973862241064,0.00017972806047363525
38,2.186297229990096e-05,0.000607837071915355,0.011527108636679913,0.17501100656247298,0.5955485245163383,0.6832733884895009,0.6647547441865005,0.10386199277647282,0.00939956471002102,0.0002964863023615437
39,2.4895356707014313e-05,0.000664646068940387,0.012447880303611278,0.18096142733492426,0.6012163722080657,0.6746999374514795,0.6709481112877594,0.10923804935307713,0.010047518475485222,0.0003314223194048969
40,2.9630065806188074e-05,0.0007904949120345441,0.013419128456953429,0.19310083457822422,0.6059757017841432,0.6614097222714612,0.6830845484731237,0.11474947791242873,0.011440102918146436,0.0003696082508009453
41,3.632894188806517e-05,0.0008626960144191251,0.01553650882122027,0.19930197810416855,0.6167150106472876,0.6495687543201897,0.6881892924264273,0.12621814164528172,0.012205737296729328,0.0004577290304061707
42,4.696104708728073e-05,0.0011940315688377613,0.016668967292259574,0.22475231837437828,0.6189876575346226,0.6276376483260185,0.7097405554690364,0.13212049653930963,0.015580226208594698,0.0005071626657030813
43,7.563275295727446e-05,0.0013058930374274164,0.024768146895170595,0.23128806999466658,0.6466237735353365,0.6040202568963895,0.7110918421642072,0.17038372644327085,0.016613632012570642,0.0009044158422277388
44,0.0001081599110238621,0.001849021433752806,0.029442412134148936,0.2583370352562178,0.6554475451435674,0.5795646851874623,0.7252808246235773,0.19081881939498618,0.02134157888835584,0.0011536224605068104
45,0.00013037778469398906,0.002330863391560168,0.031179172129018957,0.2790355073300601,0.655645603440823,0.5661754015019443,0.735438074018428,0.19781981756126155,0.025323150933927584,0.0012559487511866634
46,0.00016708487992371447,0.0028996479208701796,0.03493689425743834,0.2999639556877004,0.6582927283599165,0.5514879385441923,0.7432579999636312,0.21214687741349675,0.02977849743780889,0.001492610095042464
47,0.00020462271918157655,0.0033365784894361164,0.03904014651966511,0.31398000997275516,0.6611159089190541,0.5412386246764878,0.7468895276879608,0.22681401260089984,0.03304378413861701,0.0017712104312165079
48,0.00024929537391471697,0.0038296447184074395,0.04345321188743035,0.3280243120300425,0.6630842840214722,0.5320456809177185,0.7496300688487842,0.24175519293891667,0.03658020787819522,0.0020898330887647067
49,0.00027470863668726565,0.004095395399337451,0.04579113422586253,0.33504445979034897,0.6637072286427725,0.5278489934466862,0.7507121791275724,0.24931152227325554,0.038438187593060676,0.002267699428543456
50,0.00032018444364384567,0.004384811716401079,0.050685602104475175,0.341989982201925,0.6661082081592925,0.5223692276826577,0.7502385116876492,0.2646256627721942,0.04039874099465901,0.0026538536798001626
51,0.000444712405134319,0.005405733454398866,0.061237346504614536,0.36277417419459784,0.6678964640481313,0.511519295968631,0.7492015177271907,0.29576941638629395,0.046923699132014905,0.0035384614892668034
52,0.0005405581993705783,0.006959721184132255,0.06409090659506664,0.39062367525249253,0.6617308182829842,0.5050980960848196,0.7523875901315635,0.30339890176590406,0.056415723993207205,0.0038017020093561622
53,0.0005903357300963153,0.007387568535147113,0.06711336788534285,0.397444559361164,0.6606843710538174,0.5032482615945666,0.7517270628380555,0.3111618468582658,0.05893713154746361,0.004096342711490644
54,0.0007380912734084378,0.008344548883545112,0.0766245030896049,0.4107445778367324,0.6588566132063616,0.49990892134390896,0.7478586941520114,0.3346217197522013,0.06433033989255314,0.005065174305219799
55,0.0009191276148402306,0.011025243096739532,0.07995671771596075,0.44412589806844804,0.6484969696645081,0.497702967771633,0.7476003803456505,0.34194490593786425,0.07882769476250392,0.005435133392850488
56,0.0010472507136928759,0.011631327715809952,0.08708464115835243,0.45034577899109685,0.6463707262659071,0.49758810627311884,0.74385568909333,0.3572734062282484,0.08193761429242344,0.006273660421024645
57,0.001135419946101279,0.012264407559672562,0.09076918228316605,0.4566359531396402,0.6440104845284077,0.49779213203467926,0.7417748664500329,0.364847427290596,0.08513249760528738,0.006725279038401622
58,0.0012299239156713525,0.012926866996656567,0.09454221253412903,0.46283842872217645,0.6415182969568687,0.4982245890253089,0.7395247449368421,0.3723823418583681,0.08841159833227057,0.007201297587345387
59,0.001331128023824448,0.013619670395545512,0.09840327103265928,0.4689492039353429,0.6388997193199645,0.49887867429114335,0.7371091424876263,0.37987255390522895,0.09177517320341698,0.007702620360760198
60,0.0015070152908880426,0.01436103782493124,0.10636897461643886,0.4747006074995907,0.6357552428634761,0.5001626258679721,0.7323229349129132,0.39492581213531425,0.09525962427786476,0.008771125958702573
61,0.001834296491347912,0.01598811528684106,0.11884721930123646,0.4859431365162301,0.6293745653793891,0.5033036911056421,0.724021039759514,0.4172119666469166,0.10259903230546989,0.010535585634950405
62,0.0021260482843111603,0.017757112930630627,0.1275495425806168,0.496996341270145,0.6231074837460351,0.5067339726694864,0.7173582323972594,0.4316323210541559,0.11028792890900986,0.011849810397805945
63,0.002456647269340582,0.0196788151454368,0.1365700165032822,0.5075917066686577,0.6164883094245259,0.5108311223265154,0.7101630527986049,0.44571350990006214,0.11832137228393017,0.0132896931939858
64,0.0027162455989003203,0.02172155989494841,0.14119640293041774,0.5181791816409347,0.6106129901607408,0.5145415910912379,0.7051075438955083,0.4523004753693287,0.12662939977550164,0.014073167463752497
65,0.003443198117090852,0.02631519286210839,0.15553819301990796,0.5375953129526156,0.597469072382526,0.5241194186966888,0.6913237691353012,0.4719068336515344,0.1442369452892904,0.016625639891285456
66,0.003942595065123985,0.028843805662667744,0.16551694990252128,0.5464215690210006,0.5899673618376088,0.5300335343733515,0.6826947150771363,0.48444390688647115,0.1534470874902745,0.0185554635349075
67,0.004333539914231397,0.0315092180492885,0.17059405681027665,0.5553148802359931,0.5837777622800345,0.5350527427025119,0.6764355412224061,0.4900672773354888,0.16290322584122993,0.01960131383436412
68,0.004990892593517136,0.032966713031613006,0.18631348430433012,0.5581190272679811,0.5769170196833349,0.5407809452009488,0.6665435442077929,0.5084047489088142,0.16776151946363105,0.022936791645526377
69,0.005767985192638152,0.03907140165892978,0.19155881777025688,0.5743995014820947,0.5662966947680798,0.5503635076385495,0.6556955333628185,0.5124525254212191,0.18784275045550405,0.024177732674059278
70,0.006599815814108962,0.040768752126960996,0.20799317869311998,0.576336069983325,0.5592551125586317,0.5564019626032809,0.6456115029523106,0.5291271871092413,0.1929978959120113,0.028116735302860886
71,0.00726973803239962,0.04253492524205284,0.2191629573706267,0.5786032150834304,0.5538606124041322,0.5611640676751801,0.6380601767519406,0.5396461358986764,0.1982529830845287,0.03094191957574938
72,0.007722394977095618,0.04434445808798353,0.2247903180951919,0.5814221801587488,0.5501563288986911,0.5646320806677253,0.6331615604458738,0.5444276897863334,0.2035874208257032,0.03243162595013028
73,0.00848300667943181,0.04624950634660227,0.23619640359799673,0.583211630522036,0.5448588234581865,0.569378820949022,0.6255600873402694,0.5542981145670711,0.2089765168767022,0.03552507983625365
74,0.009302144834226605,0.048238188183405736,0.24773071189117093,0.5847006303147031,0.539647115221124,0.5740840434176216,0.6179473733565403,0.5637774890736235,0.21443585370396756,0.038787545364758556
75,0.010345820779214995,0.054405982950469986,0.25340419414879367,0.5928893924693732,0.5325733565463736,0.5818066370150458,0.6084563404728708,0.5664458573566226,0.2312226219956726,0.04055986587312359
76,0.01167899068854537,0.056661101588865684,0.2710063663724775,0.592706256617538,0.5260815033815576,0.5875278894286434,0.5984674592560446,0.57943834549428,0.23682645085947043,0.046052997106391796
77,0.01263959774158867,0.061230752908687076,0.2767963851566176,0.596831571261403,0.5213265617411114,0.5928712131405343,0.591379791554439,0.5821264812323411,0.24834145708765284,0.04803373048763401
78,0.01377220801874369,0.06365906339650751,0.2886152259884518,0.5970419527113567,0.5168016687117984,0.5971407276311107,0.5842019649413225,0.5895815566085079,0.2540877172634199,0.052090813802576276
79,0.01615587352149634,0.07133127619522547,0.30626796470248385,0.5997977024193955,0.5084592365490008,0.6061714835730195,0.5703909104760323,0.5985320197161262,0.27169215635020866,0.05858050667997786
80,0.017414013465335342,0.07667079876029569,0.31203106836975203,0.6023320342606677,0.5046900927543743,0.6109207711397393,0.5637929935486147,0.6000377902865968,0.28360065404827683,0.06094344105827907
81,0.019303379360702463,0.08230418150768126,0.3237097044551788,0.6031017163512826,0.5000199239788299,0.6163208640212156,0.5552628024647785,0.6045777042632751,0.29551401211229383,0.06579327940165863
82,0.020309405525440343,0.08520786016938801,0.32951728242173106,0.6033031253537264,0.4978688540204936,0.6188880979277708,0.5511492779884825,0.6065688883239482,0.3014858758637592,0.06832907386438966
83,0.022813410311518876,0.09719270274176996,0.33486203565665934,0.6072244202808877,0.4932746699276352,0.6263321036978488,0.5411638857958,0.6045530290552733,0.3257082601604184,0.07112609682980536
84,0.025583099236996476,0.10984334623724495,0.34001393495262916,0.6100256297752119,0.4895440986056013,0.6331655019884432,0.5317438086794879,0.6016688247041093,0.3499239580456732,0.07409610778151864
85,0.02801700597616728,0.1197526467180479,0.3451595159363362,0.6110379486053708,0.4871890598918379,0.6379630648915915,0.5247386666345316,0.5995165513999723,0.36794898653567837,0.07715033389757917
86,0.031417199011102424,0.1301490656672242,0.355807955143498,0.6098340033221878,0.4850037607098145,0.6425896564068363,0.5169156568118041,0.5989238872745607,0.38567560590463534,0.0833126444552634
87,0.038014157808776004,0.13786992841086443,0.3886710981115679,0.6011265062067677,0.4832837253400528,0.6457251602422698,0.5070373937936005,0.6059726410176831,0.39654280447637724,0.10275960994748136
88,0.0405271392754232,0.14546404771587085,0.39354989181025013,0.5994878315126482,0.48329890793841046,0.6476112917580572,0.503561462669094,0.6039565511434378,0.4080319577674379,0.1064033052926152
89,0.04401508393484633,0.1571053594805804,0.3979572868650672,0.5973251622066575,0.4838016561714816,0.6500182702282676,0.49935866358471775,0.5998421344918874,0.42510054731938335,0.11027534523908926
90,0.04997359389548065,0.16937453296240262,0.41254517295728427,0.5911872924826111,0.48568470143438636,0.6512750901124921,0.49457777531946895,0.5973295290385687,0.4412670390732824,0.12166260686588477
91,0.05426854557720833,0.17778508913594504,0.4218534529605977,0.5866895799096665,0.4876585196224195,0.6515046090446893,0.49212329560023366,0.5950293920128459,0.4517239161728384,0.1296277098263676
92,0.05651488809135995,0.1820512486183356,0.4263655962448193,0.5843391047746794,0.4888579195488972,0.6514382593096859,0.49111153240056254,0.5936924208321377,0.4568518803686677,0.1337229615309541
93,0.05990571371846782,0.19060090372175234,0.4303375569176987,0.5810658050013616,0.4907607921878362,0.6515819452036723,0.4897938517498058,0.5902780091167659,0.46720362510787816,0.13805282943146469
94,0.06366418661268787,0.19510225171702403,0.4393481050975763,0.5768742684674644,0.4932530758562864,0.6505213457476605,0.4889262205148948,0.5890396196078165,0.4717827300971292,0.14643561823682802
95,0.06736490575449947,0.20390551238501148,0.44300494905464183,0.5731853831540472,0.4956595345323699,0.65013017663421,0.4882746324765364,0.5853176099166622,0.4816813355534748,0.15098618782321668
96,0.08854019653375285,0.2189634276072189,0.4894819059076327,0.5506234071817115,0.5127550744619699,0.6390536146698944,0.48929578503270643,0.5793803627286352,0.4908666434446532,0.20068397434704444
97,0.10465882997203783,0.22481221001306026,0.5196690850270519,0.5356088305105845,0.5270925118308707,0.6284135410963981,0.4924593937686687,0.5740691397445447,0.4902529893376593,0.23912574921179133
98,0.11362370093035579,0.23466827637606702,0.5289810314561754,0.5276648017189692,0.5344447170452732,0.6230431443657837,0.49531816289622876,0.5686540079701596,0.4962697670806684,0.25415619381471544
99,0.11931883402755576,0.23972849925445863,0.534904285911593,0.5229812814726258,0.5391779146934779,0.6193996244208541,0.49723727665880185,0.5654152580310405,0.49867281051231277,0.26421549896087576
100,0.1332923893732305,0.25005251377762533,0.5487896589957686,0.5123821967639937,0.5507542868546113,0.6099498958629808,0.5022948551936764,0.5578018692826489,0.5017954820710542,0.28933580389424146
101,0.139468947789688,0.2551623906841514,0.5535735174540375,0.5080845551532251,0.5556462141277946,0.60579901847686,0.5047439323002885,0.5542250845179361,0.5034872297766895,0.2994590688886229
102,0.14529871266151054,0.26485642692135786,0.5546666805565171,0.5039038063709871,0.5594279284215878,0.6024162292956234,0.5076909303540418,0.5500285386730327,0.5093653570738365,0.30484369392584704
103,0.15326482693163596,0.2794572813665147,0.5546724928462221,0.4985039683057476,0.5640164430697623,0.5980001007405292,0.5119681341434054,0.5442578104011839,0.5182392025069157,0.3105017822477204
104,0.16002816995391422,0.28468289683525283,0.5582529196211519,0.4948040636266338,0.5688976721439256,0.5935227026488529,0.5147688233299128,0.5404670009929311,0.5193499561291348,0.3207236406038644
105,0.16940746736078757,0.2900978325856808,0.56347377963342,0.4902350916432018,0.5757374147793843,0.5871617922789651,0.5184617667011006,0.5354797924787205,0.5191317257549188,0.33586365947784974
106,0.17394305141166033,0.29507910138894744,0.5644507803204647,0.48801168326747835,0.5784818996598102,0.5843524979129573,0.5205754237648279,0.5328522797447319,0.5208902991685904,0.34103341017608835
107,0.18625903053627144,0.30068572757786916,0.5702734040307985,0.48317117742446186,0.5870855880617193,0.5760428025690377,0.5252263196324559,0.526564488157405,0.5189826912974412,0.3608630191287151
108,0.20262188204248144,0.319911402267399,0.5708103191021883,0.4771000173893819,0.5951115277664696,0.5663641730504674,0.5330889428349064,0.5178480657997808,0.5249719212576863,0.37611143621803794
109,0.20755438147806737,0.32480004285826514,0.5709419836297985,0.4756512168901216,0.5974733787096094,0.5635068528584145,0.5352625946697712,0.5153897940286847,0.5260126973722098,0.3810976644173817
110,0.22306536122857146,0.3348774050164516,0.5727123433134419,0.4722474116655254,0.6054988897408146,0.5543149516803686,0.5411973817557196,0.5081502722415884,0.525034206139005,0.40029645121878465
111,0.2309772674240207,0.33988406600700577,0.573071430910084,0.47096559850315434,0.6092622838876203,0.5498248311306195,0.5441017492560076,0.5046265256852565,0.5243345413699786,0.40968763639902367
112,0.23845169030814792,0.34902397383224454,0.571552152574841,0.4698422556066017,0.6114293264905524,0.546054337258326,0.547447525750307,0.5014549830340121,0.5266165181752865,0.4145654654365924
113,0.25359647630601245,0.371430148490726,0.5664616273221845,0.46841073157073754,0.613772828881829,0.5392772277457185,0.5544237499024479,0.49573281486702064,0.5335588856224133,0.4199711428256984
114,0.2590540927610782,0.37609257134318824,0.5654669825930956,0.4682441637619194,0.615338463475999,0.5367357862568336,0.5563434912581318,0.49374982465039646,0.5337533502118875,0.42458614424825697
115,0.26717939849418004,0.38506981668030604,0.5632036862664977,0.46822798585001096,0.6168007462396975,0.5332652588703856,0.5593809789737813,0.49104324267789334,0.5352857093714692,0.4293524692046221
116,0.2727380883640791,0.3896365930513429,0.5619663484212777,0.4683815316875436,0.6181396544750866,0.5308650620031194,0.5611839853832513,0.4892229491963344,0.5352930341484426,0.43385644131311407
117,0.28682822886695725,0.39875973364804435,0.5590805369076638,0.46933319062144907,0.6217774908022033,0.5249298451080843,0.5652088736416534,0.48483821539336847,0.533598248398595,0.44686703553151225
118,0.29245607690960634,0.40313560915054203,0.5575612835390663,0.4699374395681138,0.6227756762937612,0.5227719306192932,0.5668146078622005,0.48327276673773495,0.5333389302869875,0.45115227453416207
119,0.30361069806428975,0.4155406222502993,0.5535712824890155,0.4716844010177437,0.6230621963423609,0.5190339253310202,0.5702691667497266,0.48068733415529946,0.5349776288495514,0.4557344508997971
120,0.312230870652613,0.41998271680519755,0.5512360406296641,0.4730752014365415,0.6247834826617187,0.5160189812943982,0.5721673105252628,0.47855232523050667,0.5331604562933971,0.4637725055491089
121,0.3179380770678163,0.42411104530003374,0.5493933116530436,0.4742220338997266,0.6253343305373915,0.5142246016718258,0.5734839251504934,0.4773355744037809,0.5326236632302443,0.4677923201410312
122,0.32931804116997726,0.43574611877617275,0.5451154176688106,0.47718646461911596,0.6247464285585526,0.5111576867126595,0.5762757659064639,0.4754398709204992,0.5334257786335944,0.4720902961493454
123,0.3379302478579556,0.4399010997059857,0.542232611063344,0.47925671812156395,0.6257708829754381,0.5087898245392729,0.57773236426637,0.4738674105731887,0.5313978737263644,0.4795673790311724
124,0.3465408306452981,0.4439629186243377,0.5392029935451801,0.4815383506685854,0.6265576253940884,0.5066550118692387,0.5790293639113815,0.4724932229844282,0.529307955737659,0.48683295993903564
125,0.35224001713269026,0.4476963969641433,0.5370647094180006,0.48333395912985233,0.6264998259960755,0.5054250847083273,0.579905134068038,0.4717729352219918,0.5284709025689428,0.4904424450116485
126,0.3608160590030434,0.45160049417151127,0.5338158609979331,0.48594261709939435,0.6268916131370039,0.5036901044348356,0.5809319963372845,0.47073031959810907,0.5263108106310199,0.4973519809456568
127,0.37228610616262675,0.45569515158631735,0.5292805002653695,0.48950035375306267,0.6274832895059969,0.5017202041529754,0.5819586742239273,0.46958324605390317,0.5228834586424792,0.507279422453976
128,0.37786486957258025,0.4590959452984127,0.5270300767011917,0.49172182748055626,0.6269680981323249,0.5009622303321758,0.5824719830159943,0.4692409151846286,0.5218891324496908,0.5105034505329356
129,0.3834202715044267,0.46242979239621124,0.5247605154854652,0.49402696692694814,0.6263535230188114,0.5003093968270127,0.5829057182800231,0.4689780307536469,0.5208725618451376,0.5136515080265637
130,0.3972955078432999,0.4691244078304141,0.51890087182415,0.49977186101173543,0.6250292790505881,0.4991049603195695,0.5835364726269998,0.46858971605842636,0.5175935049132198,0.5226758654796423
131,0.4079249148248446,0.4775858213441266,0.5148263938137367,0.5058748717525583,0.6217887150778186,0.4986717342525327,0.583861025059988,0.46875307833795143,0.5164788274839345,0.5255528126337707
132,0.4214119727493326,0.48829441736560253,0.5100104365654975,0.5141574804812831,0.6169501233442369,0.4986553025050243,0.5837959560320839,0.4692936280032124,0.5150945159959038,0.5284962982005155
133,0.43710240520521565,0.49432992319546654,0.5025838362251059,0.521704784458679,0.6138204752304204,0.4994825273676393,0.5829637938453577,0.4704785885770423,0.51105251777467,0.5385017284975302
134,0.44226140624586474,0.49693394591656803,0.5003907146823638,0.5246351426273665,0.6122141812056802,0.49994809683940417,0.5825408483796676,0.4710066094044578,0.5099894655150561,0.5408734074471744
135,0.45258232498772766,0.5036913922937982,0.497019922612272,0.5317578626062337,0.6076450911107268,0.5010928688495686,0.5813928566785153,0.47211971788922474,0.5083596564352604,0.5433274844202909
136,0.4575975716307655,0.5061000791045706,0.4949405178418533,0.5347548203061987,0.6058151165291871,0.5018277524879785,0.5807563305548535,0.4728239561342754,0.5073359057902794,0.5455315567656605
137,0.4625544513899835,0.5084440568091789,0.49290999617071396,0.537765909736846,0.6039164002638674,0.502649679287693,0.580048566202775,0.4735861778033006,0.5063329769979322,0.5476713851064647
138,0.4722835360192519,0.5129003024422486,0.48903096991266715,0.5438285439588909,0.5999320649554399,0.5045455814868142,0.578411221351233,0.47526742295107527,0.5043742718808211,0.5517802914283142
139,0.4770552584422882,0.5150586336211804,0.4871703580764117,0.5468554952957584,0.5978445597757038,0.5056131950838559,0.5774985368176175,0.4761893899059367,0.5034511433284334,0.5537340573211427
140,0.48947908307303484,0.5220036417234544,0.48452423600466465,0.5564125459044428,0.5908632742671953,0.5084609231426578,0.5745920620424896,0.4782548963001665,0.5012590081196682,0.5561920118259776
141,0.4959621220456077,0.5243343900288118,0.48153258113755915,0.5601944041558009,0.5879434885354077,0.5104995947379665,0.5730165861808456,0.480037999864194,0.5000923996642829,0.559531646872733
142,0.5023314586912676,0.5266464709237357,0.47870084503776683,0.563915973245822,0.5849118039235532,0.5126846316725955,0.57131788412751,0.4819360687099056,0.4990776027772858,0.5626998890953371
143,0.5090897270104605,0.529684486225622,0.47730345191299856,0.5689943810666612,0.5808569855585138,0.5149078480830382,0.5691884309820753,0.48353704822976373,0.49790803965068253,0.5645564119090644
144,0.5157599213404416,0.5325550840556277,0.4761138024950731,0.5739964382921917,0.5767485918184312,0.5172467833082249,0.5669345648627815,0.4851906372314209,0.4967898095637325,0.566413812229817
145,0.5215604627981428,0.5347093318562044,0.473835774097545,0.5774599856402081,0.5734714398565679,0.5197745261806114,0.5649360359600423,0.4873367354620566,0.49621210412015876,0.5691039683845065
146,0.5302990566099274,0.5381752060157302,0.47333933072159573,0.5843489664788706,0.5676298383937671,0.5231584095783165,0.5614672200716028,0.48951112772621136,0.4947311617234947,0.5712541122605849
147,0.5356282730737287,0.5402328794295536,0.47155753241619724,0.587542566465296,0.5642476542333141,0.5258679236532647,0.5592838748244602,0.4917890772417234,0.4945190324247377,0.5736100650689342
148,0.5521376779325619,0.5476897489342702,0.46550214005867563,0.5952449692720317,0.5537719316889246,0.5353974919677771,0.5520259159766527,0.5005002423327809,0.49630809205321863,0.5812019065093428
149,0.555461727688844,0.5490573314135687,0.46543505268675317,0.5974926190428358,0.5512634031892757,0.5373256753688669,0.550228156288367,0.501933113227008,0.49639497119852116,0.5822246818882695
150,0.5618723450054192,0.551706986016575,0.46562443249007585,0.6017723324580774,0.546316269005411,0.5412059795998649,0.5465733300762896,0.50479082788618,0.49675339021135384,0.5841939272424856
151,0.569948168131025,0.5535534826127765,0.4685073338553251,0.6088807237647389,0.5394945038665615,0.5460590654654637,0.54118704452792,0.5073780811855363,0.49581784356015474,0.5864342238306715
152,0.5745880439942368,0.5548846230860598,0.469993424486082,0.6122974410692367,0.5357613093386553,0.5489359102746301,0.538144170250275,0.5091417497932884,0.49585573908095454,0.5879423587836878
153,0.5835680295568068,0.557198376955303,0.4736360915798433,0.6184967029903314,0.528706815887396,0.5546037318051625,0.5320520473487159,0.5125754476804768,0.4962375794002137,0.5911971113294648
154,0.5869677318653062,0.5595543274865706,0.4744848021600856,0.6199350718561079,0.5257813706452751,0.5572550068471545,0.5296040863061547,0.5148179540084787,0.4980006484681568,0.5923024421566945
155,0.5894263382732482,0.5606964999175602,0.4756171918755695,0.6212318636601089,0.5237766024247352,0.5590190418782157,0.527796613392457,0.5160923369370671,0.49879845956642105,0.5931947372085221
156,0.5972960301519691,0.5624117280794233,0.48083052775463975,0.6258287756828943,0.5179058080177003,0.5642634341208784,0.5219047398237796,0.5192171258871248,0.5000355341522135,0.5967068575999931
157,0.6018275241799571,0.569507995658708,0.48328363556757276,0.6258645590468646,0.5134739812335255,0.5685862120097425,0.5179441810578758,0.5237602272235908,0.5064773606597078,0.5972264185339584
158,0.6074676842778076,0.5770420411032336,0.48833449172142535,0.6259516127582538,0.5088945510687927,0.5732341094360869,0.5131338719441649,0.528300057373015,0.513478910352563,0.5980832727505757
159,0.6090889705828958,0.5783007010010723,0.4904330236503683,0.626282235974551,0.5077086191840776,0.5745389469976436,0.5116087215777029,0.5292862135054245,0.5148972817531859,0.5987146825226722
160,0.6129812626326643,0.5801447731487195,0.49645760624731666,0.6272235486181916,0.5051403524708001,0.5777106181603154,0.5077286490478182,0.5313731504525002,0.5177733952660613,0.6009530600081354
161,0.6156156850562314,0.5826340908009945,0.5011485741477709,0.6271588552905295,0.5035573050451683,0.5798406372818444,0.5050559610389728,0.5330667893586533,0.5209527700238339,0.6021909920133509
162,0.6182713523884639,0.5872018489201348,0.5068767848499258,0.626121779522573,0.5021274297438263,0.5819623738541742,0.5022536711581855,0.5351810286866928,0.5260209768042152,0.6028277422523767
163,0.619589630422908,0.5906209002039351,0.5103182750600652,0.625105767276651,0.5015430727286488,0.5829409093714676,0.5008241827458059,0.5363898804253227,0.5295236959577299,0.6027492534507162
164,0.6210287526330115,0.5910190713084426,0.514645269648276,0.6247602069958005,0.501259590379282,0.5841771256723559,0.4990536330476641,0.5371851652315495,0.5312977664545268,0.6044257237283958
165,0.6219782470209787,0.5945156449508635,0.5182742862811316,0.623438892811222,0.5011156328829391,0.5848195910685232,0.4978783086743551,0.5381923934442303,0.5349251319238417,0.6041902592743926
166,0.622614082374315,0.5958037121112212,0.5209799288282307,0.6227271417299544,0.5011801618469237,0.58530859596725,0.49701885040235183,0.5387263020028665,0.5367677167036966,0.6046444658215765
167,0.6237969369969364,0.6029844985544439,0.5285843284402588,0.6194591977772665,0.5018197935363102,0.5858942743480804,0.4952299657955983,0.5403500748783577,0.5441733779713823,0.6037454267924784
168,0.6245615284165681,0.6020825029418998,0.5347176766970911,0.6180121632807716,0.5030191863358006,0.5867733174726089,0.4936845896101321,0.540998871769638,0.5461634434486341,0.6067088458901302
169,0.6247100897978853,0.6033085558594423,0.5374782991455117,0.6169076766049678,0.5036839232778434,0.5868331045115086,0.4932120129397013,0.5413339992860651,0.5480752703065661,0.6070643108721515
170,0.6247758804106907,0.6045191890275838,0.5402343498019033,0.6157461603546306,0.5044448781665986,0.5868215144984757,0.49280520036282127,0.5416396084452225,0.5499898319026875,0.6073999836292268
171,0.624659834864719,0.6054864437429651,0.551633166387364,0.6108749171716429,0.508647077382234,0.5867121377657586,0.49151766641356315,0.5427432472991329,0.5558429285691655,0.6111827567012422
172,0.6240876881529451,0.6034824491949802,0.5615274028963916,0.6060419078006779,0.5136787285390372,0.5861011088146175,0.4911387971356974,0.5436686143071421,0.5598385096465411,0.6162535664619269
173,0.6220835856943329,0.6091912681319114,0.5660384328893361,0.6028200370540601,0.5165223129439728,0.5841471582791309,0.49177785090933335,0.5435856564103536,0.5653048363830828,0.6137816381106393
174,0.6182919125615102,0.6195595988507974,0.5726120723238832,0.5979698776932584,0.5211411890021311,0.5804052328560023,0.49324753865062165,0.5430256824465883,0.5741312555218622,0.6080422216388114
175,0.6172096157306103,0.6204124277098682,0.5749863106867545,0.5963502050115995,0.5229717927585811,0.5795212860354607,0.49367545639550287,0.5430690678116953,0.5758553429868357,0.6079890484624821
176,0.6160438366327109,0.6212242776764775,0.5773101188463093,0.5947225318183363,0.5248592426050962,0.5785833524909493,0.4941577634559134,0.5431049849328917,0.5775520271184633,0.6079035395543644
177,0.6147951386993584,0.6219937078392805,0.5795813828205129,0.5930905622791061,0.5267999733192062,0.5775934464886027,0.4946928818982929,0.5431352528164897,0.5792197880652373,0.6077850436347961
178,0.6126173250452093,0.6195538314718608,0.5842258078554325,0.5895818879684589,0.5310827914973666,0.576216799491931,0.49571626690444515,0.5438144979886148,0.5807999935306168,0.6105890764970537
179,0.6111392028681417,0.6201804668134703,0.5863066941857904,0.587946085674289,0.533168879273329,0.5750734227421018,0.49640937663164725,0.5438497453776776,0.5823903313284906,0.6104020011652814
180,0.6084658337088809,0.6229573985284494,0.5891890301579141,0.5856930340915961,0.5362451399673491,0.5728971425792573,0.49762332990115954,0.5435431351321411,0.585528876797974,0.6084519020058695
181,0.6051150146748291,0.6184191317922576,0.5943473912708752,0.5809957183558611,0.5420820879454393,0.5708830148302354,0.49945933959114197,0.5449083416431459,0.5867878720814333,0.6124975471850508
182,0.6015104325022063,0.6136023128802389,0.5991847102455257,0.5761622913817742,0.5480562053542324,0.5686172536066725,0.501618143795093,0.5465441541863318,0.5879336872497949,0.6164288658404815
183,0.5944792746609104,0.6181050217966716,0.603365873566858,0.5724659391504852,0.5547600732644572,0.5635010162472373,0.5048283283850478,0.5459422279263287,0.5933668383676547,0.6117776911984266
184,0.5884404746427037,0.6147560311849205,0.6077977982794724,0.5674735411248535,0.561843480045075,0.5598017122132375,0.508025227422762,0.5477249252277879,0.5953472662763734,0.6132099951344878
185,0.582804293005211,0.6129475052175044,0.6109379407452558,0.5638614961502734,0.5676302083991919,0.5563683507131509,0.5108779873358221,0.549048841841741,0.5972427289462877,0.6130738965093907
186,0.5794639723277916,0.6110517697848911,0.6127449111137536,0.5615946750561017,0.5710762310213108,0.5544406997225014,0.5126220873093904,0.5502125230227691,0.5979693460367717,0.6135211210512156
187,0.5769102366606139,0.6109184416840548,0.6137045795047794,0.5605517139454314,0.5733110357830565,0.5529034054105034,0.5138294156739361,0.5505678416571799,0.5988842091422238,0.6127211588182087
188,0.5708308082026655,0.613952504656831,0.6149680475035575,0.5599935832125612,0.5776173604862844,0.5491225641946061,0.5163561630983342,0.5498804997675493,0.6020177128417836,0.6078482247383341
189,0.5635364111051496,0.609781039143415,0.6177358176019723,0.5562373788863488,0.5840057984237669,0.5454520530461799,0.5198561820847213,0.5528916121371645,0.6027595218723102,0.6080221773619845
190,0.5607973654174876,0.6094214446811402,0.6183721724249096,0.5556143876818359,0.5860445826522331,0.5440190194009018,0.5210660996428268,0.5534256876539526,0.6033975135158995,0.6070105900056234
191,0.5534473716498822,0.6099540037654606,0.6194692381945065,0.5551963974900939,0.5909357878896452,0.5402355016933543,0.5241062030108321,0.5540546910035368,0.6055009770059511,0.6028178729472647
192,0.546878359065251,0.6072138384422411,0.620846631667588,0.5535845047201957,0.5955158963395251,0.5373720014273019,0.526916318871386,0.5566474026290206,0.6058939997009254,0.6014076354449631
193,0.536943052314483,0.6111555039546879,0.6205881688286133,0.5571206632788058,0.6006726820642982,0.5326292921498036,0.530671285298462,0.5550546697952338,0.6097604104273591,0.5921439706853748
194,0.5271645026393645,0.6144255542103971,0.6200908481840609,0.5616342644610415,0.605331542709247,0.5284796511792726,0.5343679858786151,0.5534164458435813,0.6133921951762089,0.5828884315687253
195,0.5226084348313617,0.6102191967775749,0.6206012156204032,0.5604359138392535,0.6079005290559057,0.5275264076504558,0.535925250077923,0.5573290421678153,0.6120291855244406,0.5830116471775996
196,0.5182107048954162,0.6060998411565542,0.6210825699421849,0.5594132642809432,0.6101636248942328,0.5267501129692872,0.5373857797386368,0.5614288811899268,0.6104927488499153,0.5830264336210556
197,0.5141397268361911,0.6059974797923348,0.6205709586547155,0.5615055121989229,0.6118477107740511,0.525650747495882,0.5388737943406605,0.5618307030963802,0.6111509718620475,0.5798930280412636
198,0.5117361901790529,0.6051138225042983,0.6203895398693605,0.5622640514409389,0.6128300858522292,0.5251911323318162,0.5396979301032525,0.5628678942632759,0.6110238744269834,0.5786330000737707
199,0.5093950068519072,0.6042155476125423,0.6201670475829312,0.5630882285794394,0.613738755644305,0.5248060394618325,0.5404897809468372,0.5639291552619774,0.6108542313646786,0.577377175397674
200,0.5056691716736745,0.6039205298875017,0.6193956840711315,0.5655762674326509,0.6150533740146543,0.5241368805849514,0.5418424893677356,0.5644017814638316,0.6113233743378459,0.5743476099400787
201,0.5027673885598692,0.6014803260411035,0.6192616276115279,0.565910751972488,0.6160051861301648,0.5241107909147854,0.5426374492785392,0.5672590571092804,0.6100915887262125,0.5735998036144643
202,0.498111572282406,0.6015445736441581,0.6176389194039265,0.5704215890660381,0.6173563818727202,0.5236332787628709,0.5444406513744877,0.5671670579643153,0.6110279351837951,0.5690166076566763
203,0.49500987541317354,0.6010073922730538,0.6164755788380011,0.5733580009612668,0.6181193382189648,0.523620925041621,0.545589487416756,0.5677084599892104,0.611248014934287,0.5661963365038827
204,0.49325388550216326,0.6000015127785606,0.6159069661809432,0.574585835364431,0.6184560639853784,0.5238562142551545,0.5461112787137207,0.5688990507851711,0.6107840778035173,0.5650214528895445
205,0.4910659700830308,0.5976218422804588,0.6154333929391368,0.5753011750919997,0.6186938565351009,0.5245363880220746,0.5464968877694593,0.5719528393153752,0.6091394847135025,0.5642344653889443
206,0.4885558616117349,0.5969344367995412,0.6139485554882933,0.5784939878780306,0.6190109466110725,0.5250503590030745,0.5474769878634586,0.5725370608871319,0.6091316847679599,0.5616198813770857
207,0.4823678997632069,0.5908062055001545,0.6100266032182408,0.5849194510298945,0.618073385209302,0.5291981667405613,0.5485468734281819,0.5806727426216031,0.604183802622991,0.556224472821478
208,0.4808519765723865,0.5887725193950718,0.6080915724747477,0.5878133150449473,0.6172531086918176,0.5312298536089511,0.5488708578324912,0.5831603509061164,0.602350843426869,0.5541993609251799
209,0.4802591407969308,0.5877443803064994,0.6070574289060519,0.5892639197077032,0.6167395516648584,0.5323551215881236,0.5489896904514178,0.5843946849520932,0.6013642717288697,0.553227632868185
210,0.47942110237168384,0.5867394680477703,0.6047185618753044,0.5926389286278727,0.6159742186212817,0.5341081812744678,0.5495786917011748,0.584946023992197,0.6007701832031095,0.5511782287221579
211,0.479098014799356,0.5856989116496443,0.6035540801254788,0.5940628565357218,0.6152872928102584,0.5354140355289111,0.5496144181040316,0.5861574340285388,0.5996819944649378,0.5502511489020462
212,0.47888108308550786,0.5846562387040071,0.6023449463557201,0.5954722218545906,0.6145345457212024,0.5367850115595691,0.5496185621985952,0.5873567468720625,0.5985477837447868,0.549340569114765
213,0.4788108019440334,0.5814761281429763,0.5969524187889831,0.6013905904678835,0.6115110827587209,0.5420283983006402,0.5498776117843217,0.5901485254259579,0.5952640866851119,0.5456743427183458
214,0.47945691674853924,0.5798465268020848,0.5906573301342919,0.607944632081443,0.6091159140306868,0.5461159360485065,0.5513391502940146,0.5890690746374502,0.5950195480573999,0.5423940169713098
215,0.48026236993052146,0.5778951308104812,0.5891507096772489,0.6085524360606795,0.6072047988301251,0.5488416905795596,0.5503712473007571,0.5919662350766619,0.591837007259702,0.5415127246462845
216,0.48333015836753046,0.5744105582670331,0.5783561802041459,0.6169073070560652,0.6020670506324571,0.5562825469004181,0.5520833823265868,0.590880127086019,0.5900754784586807,0.5372793056166567
217,0.4848714625450659,0.5728365962695582,0.5744936365569329,0.6191831871587195,0.5998513688509962,0.5592256105462652,0.5523639599473869,0.5910229262804488,0.5887557097815014,0.5359671017488431
218,0.4864560737747719,0.5709078324245391,0.5725983520630543,0.6192813677360309,0.5974464509208742,0.562324680405501,0.551011711939738,0.5936345120766905,0.5851393246699851,0.5349537228939826
219,0.4922984224063903,0.565559795145708,0.5622509717798018,0.6227688825380733,0.589863703899662,0.571620784745667,0.5498794905815688,0.5959920336519376,0.5782221048414146,0.5313154982536744
220,0.4973935486443533,0.5615787428328555,0.5509004951336749,0.6272363666820001,0.5841791514059248,0.5776678081571269,0.552235897156404,0.5932159590147806,0.5769987823787667,0.5292589147770859
221,0.499555821321275,0.5595951258343925,0.548698305066132,0.6265602256053345,0.5814027420351537,0.5808687649426774,0.5504910051928521,0.595336837625295,0.5729110213520769,0.5279640611810364
222,0.5032158947028648,0.5565875117267608,0.5415878799837935,0.6282346537817117,0.577309311586605,0.5848386992836958,0.5515137511838425,0.5940913800050315,0.5711247290286394,0.5267161473715748
223,0.5048663081138286,0.55514285412436,0.5392446461614546,0.6281355039879891,0.575332357233915,0.5868771442457034,0.5509838341408263,0.5945977458438705,0.5690668214627956,0.5259156779483444
224,0.5082931181770212,0.5519556107100834,0.5372482861026094,0.6253122905535482,0.5709016108128138,0.5920830757169697,0.5463831243622416,0.5991311549328748,0.5603782759113387,0.5231049122723731
225,0.5150009899682726,0.5458495001535463,0.5249610353961099,0.6262697437233676,0.5632249450294096,0.5985677413651115,0.5477684992423398,0.5969447686355002,0.5561339402013241,0.5210005974206531
226,0.5178041939620248,0.5431253747958393,0.5200650436212535,0.6261971838182974,0.5599208389434382,0.6012196833906536,0.548099044245598,0.5962215052425772,0.5539350392487976,0.5200531858362663
227,0.5199434841845938,0.540931651271761,0.5178832623390561,0.6246573225804405,0.5572114247412161,0.6039981642569672,0.5460227057687077,0.5975820591926887,0.5495012769824864,0.5183247196120354
228,0.5244656968269089,0.5359559281534202,0.5138889378080789,0.6204092403623123,0.5515528369974873,0.6101703409278845,0.5403245006922168,0.6010491616274093,0.5383781018248313,0.513791469685724
229,0.5264026688444648,0.5336530395823578,0.5118418804578755,0.6186620150768634,0.5491646368792232,0.6126258770853389,0.5382772308883259,0.6021082838187132,0.5339022011519272,0.511932508611692
230,0.5377418715956679,0.517361794250921,0.49235182032373725,0.6119012378651654,0.5337597184855128,0.6244885415843557,0.5346111523953337,0.5996221524114667,0.5168186392124507,0.5043174979723689
231,0.5389689845781122,0.5148803795614225,0.490779603833329,0.6099516973296885,0.532026725576636,0.6264294893656005,0.5325880722364809,0.6001297007567193,0.5127502470571629,0.5024135162969735
232,0.5418031630410562,0.5093745480382428,0.48484637365661326,0.6078614299810758,0.5271642205153289,0.6292118077759908,0.5327743824750171,0.5984594136755614,0.5087329499198059,0.500825970192703
233,0.544301100957254,0.5042894816551287,0.47891894956540704,0.6066481185065704,0.5223328116675735,0.6311029181957444,0.534630248350321,0.5959659566969413,0.5067501828098439,0.5003308218779168
234,0.5464553908773051,0.4986967487999202,0.4739107509193367,0.6045876866211471,0.5178337419122497,0.6335453017934061,0.5349135238608288,0.5939221215911213,0.5031567809386617,0.49895201440536724
235,0.5470516186510798,0.49667889928898773,0.4725214283802874,0.6036151735551818,0.5164455075291262,0.6345652960620101,0.5344874074549756,0.5934091534728158,0.5014448735500622,0.4982097944640719
236,0.5488843034449276,0.4915808265633103,0.46774646209321147,0.6024526444335655,0.5119574987931185,0.6361322823031168,0.536513138722499,0.590613364641051,0.49980287312938376,0.4979441572518755
237,0.549058844582677,0.48914489390830973,0.4671433599707633,0.6007506783303548,0.5110668722654536,0.6378437071087317,0.5344249316380072,0.5904977057798813,0.49672109412101956,0.4964052668773585
238,0.5491189774190358,0.48673501460677115,0.466643849321574,0.5990762354734592,0.5103361494247384,0.6395486129197656,0.5324198775246163,0.5903342406242623,0.4937889328924738,0.4949536882022874
239,0.5504898942879343,0.4799332698310353,0.4621174837663841,0.5972027557599011,0.505099342335748,0.6420610209153357,0.5341476529518441,0.586639557434586,0.4912624606105705,0.49445335434102994
240,0.5497711338953573,0.4772446095784264,0.4626147771705833,0.5950165963909759,0.5054322794824717,0.6445999762722114,0.5306345590950174,0.5866388741573586,0.48759786208328904,0.4925920841067921
241,0.5493241468796121,0.47503512704684586,0.46263924650445215,0.5935415237633528,0.5053024793254683,0.6464229964063252,0.5288547847376717,0.5862285851020393,0.48537022081266684,0.4915790651594482
242,0.5501717573697109,0.4693126185831578,0.4592690835920281,0.5925260178433294,0.49980444420911685,0.6484483467802777,0.5322962338251529,0.5820437738141122,0.48473912555208676,0.4922214962730134
243,0.5439314567487452,0.46373432984869095,0.4657812275151619,0.5849105781178122,0.5109698563938389,0.6588711966968585,0.5183656715655256,0.5836166481147262,0.4751580940458276,0.48770715306741075
244,0.5437074592960384,0.46037631954694413,0.46460581921885513,0.5837708719528808,0.506524410706291,0.6616372231622719,0.5206453181607623,0.5810532461542515,0.4751105823715258,0.4884176297853787
245,0.5433050709782633,0.456407158221242,0.4636377985510892,0.5826243572370008,0.50076242348191,0.6651678347897121,0.5240016668954757,0.5773026612526102,0.4753963905120193,0.48945055571225154
246,0.54246982526654,0.45146180503536437,0.46350778620749744,0.5814980342819194,0.49301890847186586,0.6701514189459301,0.5295174946684397,0.5709893604424389,0.476268776956471,0.49099070352802404
247,0.5392812136826161,0.4492626187023829,0.46584999524093207,0.5795395126357508,0.4954715878435395,0.6764518260220264,0.5270986611310985,0.5686859766798735,0.4759216377930001,0.49189924173459315
248,0.5383777582011297,0.4485348234405386,0.4665523826179461,0.5789436368972328,0.49541570489941,0.6785078556352634,0.5270966554175226,0.5676021393116621,0.4760131809155565,0.4922688248066885
249,0.5362738097338817,0.4468252586225331,0.46835712374833893,0.5776972393666169,0.49418718175247656,0.6836497273605299,0.5280557976501308,0.564265269320941,0.4765645873468505,0.49326790622340266
250,0.5352516598827091,0.44630644536249275,0.46918242213486866,0.5771126974571801,0.4942741038810205,0.6858987189469267,0.5280367481821516,0.5631188832944605,0.4767869107823461,0.4936964485181277
251,0.5333671358551592,0.44568745955473665,0.47042894154012443,0.5760560795728801,0.49573646031679636,0.6895889383069288,0.5271027291920347,0.5618264242653455,0.47713250240860217,0.49450642737901096
252,0.5317193622496152,0.4449488277188962,0.47233735444154185,0.575107621450426,0.49355586912389426,0.693954362103226,0.528904837295252,0.5586410092342943,0.47783001168480316,0.4950650699952253
253,0.529683242204274,0.4445504671469001,0.47356059766892417,0.5740685159779333,0.4951297669179572,0.6979022359127052,0.5279825740281252,0.5572377069412005,0.47839966498419106,0.49600890923808943
254,0.5268874223873251,0.4442180916917411,0.4760377333411234,0.5726066255139882,0.494658900263464,0.7040988363696304,0.5287358001905809,0.5538022446081576,0.4794374287401658,0.49693386919389454
255,0.5237805726974938,0.4439427208554631,0.4773104857705914,0.5710191107497296,0.49762537903813037,0.7097632750547104,0.5272051945972738,0.5520497310539418,0.4805791032212831,0.4985838770178293
256,0.521531374280513,0.44389085686086,0.47831309265786115,0.5697310399180436,0.499225922847882,0.7139515443654326,0.5266159577751919,0.5505965431013338,0.48148107735170387,0.4996638078591005
257,0.519236568530449,0.44391860362540986,0.47923693386472854,0.5683369702851333,0.5007988875633262,0.7181557258550543,0.5261500488181663,0.5491524594896071,0.48245702654830397,0.5007539682313429
258,0.5168977285770427,0.44402185931662086,0.4800773747755903,0.5668334223125266,0.5023352251353024,0.7223598283481674,0.5258045621090524,0.5477207447052439,0.48350301441139987,0.5018444248726089
259,0.5124814536564339,0.4456177402629422,0.48424397876754666,0.563881774639927,0.49985771517342936,0.7318942220794489,0.5274780645686368,0.5433023403993731,0.48504993601459273,0.5014178101308897
260,0.5099644596948432,0.44588598943089397,0.48483843122158465,0.562389638894534,0.5013926186936849,0.736121141042331,0.5270322553113007,0.5417923543366565,0.48629254665665517,0.5024677194452678
261,0.5068276624330552,0.4466937302816963,0.4862559575288812,0.5603731237872398,0.5019989871791448,0.7416068191648653,0.527043037412614,0.5396463512034582,0.4876710158024017,0.5029425077444962
262,0.5032054878328425,0.4469927240880973,0.4862931254443983,0.5581057228254874,0.5045517382793541,0.7469776228674749,0.5264761146926693,0.5377255133460155,0.4897183908607852,0.5047172033822658
263,0.5009523629081274,0.4480763085306545,0.4878825264615927,0.5564075397054246,0.5038698981056333,0.7509782871610635,0.526769208347344,0.536291033311318,0.4905003260530834,0.5040971642153481
264,0.49658327008987274,0.4490372664022409,0.48852790715491795,0.5534866139497329,0.5053586090481516,0.7572696971186246,0.5265598715522726,0.5339091560479062,0.49280603952360197,0.5050108389697583
265,0.4938594758551252,0.4495216669519934,0.4885083128516507,0.5515910141472045,0.5065035569485384,0.76081128762753,0.5264656591411077,0.5325616617671778,0.4943903079638134,0.5057850120199482
266,0.49215177609144034,0.4501038056189551,0.48897382186057875,0.5502930332122937,0.5066017090184449,0.7631708440018099,0.526484844816946,0.5317687884485641,0.49521729808054044,0.5056759759708924
267,0.48631788445065194,0.45044383454460657,0.4868574199817095,0.5460230227256243,0.5103003437738262,0.7688722949372769,0.5268156389773117,0.5289666343920858,0.49941432379283945,0.5087857543281172
268,0.48460775009484747,0.4510694654192409,0.48720913836215585,0.5445427281261268,0.5101588227439903,0.7709219415985284,0.5269322549320722,0.5283867410545887,0.5003113031382261,0.5084913976998318
269,0.48289244581510454,0.45169361697786964,0.48754110710137116,0.5430573815417812,0.5100014142613282,0.7728811947102476,0.5270332979698543,0.5278334454071867,0.5012322694123972,0.5081586155262582
270,0.4801631396249809,0.45226333582216954,0.48709160054568534,0.5407618352130261,0.510603161505599,0.7752770525898525,0.5273896579151128,0.526786556369771,0.5030880287420899,0.5085848551482062
271,0.4774529347401017,0.45283882278327425,0.48657306050919885,0.5384059826861127,0.5110855518555179,0.7773943291450618,0.5278324637143663,0.5258078532152282,0.5050016205727844,0.5089377514731933
272,0.47378818133214523,0.4533883209544654,0.4851412356192797,0.5351110914262651,0.5121144330178935,0.7794210192955034,0.5288233283738838,0.5243784881418253,0.5079331127017214,0.5099894166147217
273,0.4707059519949567,0.45526181050411463,0.4875579489185361,0.5320863548988024,0.5096352619365734,0.7829496242578312,0.5282602277086993,0.5245649056802556,0.5092182361277487,0.506678930303505
274,0.4690391312526006,0.4558270296201438,0.4877748308154401,0.5305695988440314,0.5092341128665352,0.7840357258680629,0.5283242285300205,0.5242965283958767,0.510362167276401,0.5060518431806291
275,0.46665438328222064,0.45698315610284634,0.4891080755735395,0.5283468158475673,0.5079226619225288,0.7858985238781919,0.5279300798187152,0.524333582360069,0.5116849236765676,0.5039751638621444
276,0.46501224988381884,0.45749381849732584,0.48931825921132993,0.5269105933712908,0.5075127904314254,0.7866701479859312,0.5279275432687016,0.5241144470867468,0.5129237028839446,0.5032908297497352
277,0.4633880295541902,0.45798465990000764,0.4895278916626057,0.5254962328537427,0.5070812614885835,0.7873120836763503,0.5279158343775748,0.5239260846942683,0.5141987600099788,0.5025821702362233
278,0.460072442424903,0.4582684231519723,0.48782746537448934,0.5227878051250212,0.5073026807364093,0.7871658993591205,0.5290246373324741,0.5227357337549564,0.517791293018422,0.5033361793913443
279,0.4578368894629198,0.4592316839906302,0.48923042119115673,0.5206723649151932,0.5058730322965848,0.788022951720382,0.5284642636689293,0.523147824137198,0.5193995163929097,0.5010131307104962
280,0.4556293462450299,0.4601201725471783,0.49066488881648906,0.5186442907837704,0.5045317521198149,0.7885505662299892,0.5278193953412958,0.5235979522113791,0.5211009333435495,0.49866445134869036
281,0.451985306268234,0.46065534383829254,0.49020889809530294,0.5157670384869093,0.5035073778891892,0.7873530250136551,0.5284107518488215,0.5230712611021637,0.5254294566184099,0.49775363426352337
282,0.44795822602666147,0.46194145072213344,0.49335196514831203,0.5122726615378439,0.5009320870480828,0.7865030618708249,0.5268328734813366,0.5243728166028423,0.5294196531193813,0.492921617380772
283,0.44603777010669854,0.46244998522914,0.4950071844062986,0.5106536104943664,0.49977742040885537,0.7855994805167944,0.52596517465377,0.5251073750475187,0.5315454857483234,0.49050483646377807
284,0.442544294410214,0.4622915527017131,0.4940181543923478,0.5085745869605438,0.4981984256604678,0.7809543490774834,0.5274914672537969,0.5243866734904125,0.5380217474075181,0.4902392901254337
285,0.4409364238315593,0.46254822245023586,0.49588975414846237,0.5071985545183169,0.49698149755024856,0.7792695856250288,0.5266526218363736,0.5253696420649376,0.5403854295425741,0.48780898092410296
286,0.4388844815584466,0.4628473903223609,0.4992370701986043,0.5054207993538313,0.4955545606586546,0.776893429300131,0.5248510135430833,0.5271053312827086,0.543339045533214,0.4838874855292632
287,0.43684373655100406,0.46214766124656653,0.49742337581232043,0.504877388439495,0.493748961647727,0.7705789210532021,0.5279762773369792,0.5259013184102607,0.549851807437819,0.48512906035745734
288,0.43548478585904704,0.4617144586481284,0.49656237904870115,0.5043449145015569,0.4920663336803539,0.7651126045338164,0.5306543971403059,0.5253263506719206,0.5548085297257631,0.48560432722230584
289,0.43334381855411197,0.46103811999837885,0.5028821394193657,0.5024056301381068,0.4895559263516639,0.7585716328855384,0.5283998131363282,0.5287441947643312,0.5608674025804127,0.4795409287691056
290,0.4318442471575854,0.4597312267740762,0.5073636654877047,0.5017880128752589,0.48741259350612764,0.7499569422103745,0.5285413633586163,0.5307292569918981,0.5680314632087434,0.47586724905650296
291,0.4315606533760137,0.45927892505781753,0.5084144124464226,0.5017756500913302,0.4867549497315717,0.7472180406167745,0.5290310677408133,0.5311223329542594,0.5702028876680838,0.47513806183962193
292,0.43117126926358906,0.45848243188226784,0.5111447114020232,0.5015324622821623,0.4862398372985522,0.7435242204781021,0.52856111301593,0.5324189288496324,0.5730059405409618,0.4731114214946349
293,0.4307584795832369,0.45719936489271285,0.5155693239171654,0.5011770636488178,0.4862261194912567,0.7387229520419138,0.5271004035966976,0.5345876457778258,0.5764200173791886,0.4699139097010299
294,0.43052732692306156,0.4554386931500805,0.5196535850798863,0.501590693853965,0.4859205627663912,0.7318645762209182,0.5272638884818543,0.5360950497874385,0.5813905089893041,0.46747919080051714
295,0.43074490973662116,0.4540984888176083,0.5198522128514642,0.5036143858323928,0.4831043732768575,0.723167014924236,0.5333440823847075,0.5345944190058821,0.5880467183241247,0.46849410033890937
296,0.43106077837078777,0.4526181561107649,0.5226240195668764,0.5044044799028813,0.4824384657175455,0.7172306896187387,0.5353131159815764,0.5351927193454346,0.5920362909798992,0.4672793734634434
297,0.4315212551090318,0.45104494389489996,0.5254928539408045,0.5052964104661122,0.4819284097842124,0.7113101216010045,0.5375220587111947,0.53572924122702,0.5958692835432585,0.4661088016501667
298,0.43210106816066335,0.45002481695952584,0.5264333772179779,0.5069642586459869,0.47995700984444994,0.7044022193748596,0.5431241906022024,0.5346734760966454,0.6002567698037345,0.46637372230506186
299,0.4324680571112515,0.4492048204504348,0.5279505633534569,0.5074248806976251,0.47974596258294155,0.7014782725743572,0.5445432258462088,0.53490301548216,0.6019500492875879,0.46579549606685916
300,0.43372924185370704,0.44583446418622547,0.5345018453466425,0.5082515002900824,0.48130090967277034,0.6938988767729043,0.5457838272154798,0.5369650216584261,0.6060697426546156,0.4629241756622017
301,0.43458578935994324,0.44396656710064986,0.5375735498820834,0.5093829812635421,0.48154468140301454,0.6883059285998995,0.5489316659475219,0.537154015580349,0.6090698203751574,0.46195648943962014
302,0.4350437338482528,0.4430151230583418,0.5391132241713533,0.5099468996815625,0.48173443718680664,0.6855549304357106,0.5506031008000105,0.5372133894319228,0.6104639106861768,0.46149932258719834
303,0.4357810740672514,0.44208286867667523,0.540347629112707,0.5118431184389606,0.48025305717242633,0.6791042231535552,0.5574541497936302,0.5356532324048936,0.6137318333203287,0.4615494873446049
304,0.43687287083039966,0.4402936146272379,0.5432914865328509,0.5135795416715406,0.48002336450755395,0.671964541788014,0.5639657808211974,0.5347599540191843,0.6167790666674806,0.4608500581217336
305,0.43748205379116556,0.4395028583373103,0.5446776855393818,0.5147331014692017,0.47955977533354577,0.6675259050146947,0.568770077329367,0.5338350326482382,0.6184373944585431,0.46057780745179167
306,0.4379892079314399,0.4385967434836481,0.5462061011167244,0.5152154972883963,0.4799574243912529,0.6649945972302227,0.5709252018455626,0.5337028565136941,0.6192426693606867,0.460173851983779
307,0.43895298400854993,0.4367875696815507,0.5491999643641006,0.5161641479244333,0.4809551032652661,0.6600399092972183,0.575303123212555,0.5333361337811788,0.6206742412635212,0.45943601222014074
308,0.439455611923328,0.43613700808404726,0.5505070818988081,0.517236672018186,0.4807692518895004,0.6557909964541809,0.5804011708249034,0.5322054532669801,0.6217877052132419,0.45917181834959153
309,0.4399122188878439,0.43527392584750924,0.5519482113235203,0.5176488406759372,0.48138000378510193,0.6534004917972444,0.582728328040329,0.5319277186744263,0.6222550009930592,0.45887199476657503
310,0.4403092025003882,0.43509406285609076,0.5530054108524642,0.5192480685169256,0.48063071572630695,0.6474020499475643,0.5908513799185177,0.5297767916107103,0.6233766237488207,0.45861215843096437
311,0.4409983681819787,0.4339754060904703,0.5555272351409537,0.5204851042924787,0.481450267104132,0.6409601241064056,0.5986170034866783,0.5280621377371659,0.6239774698022315,0.4581144077238406
312,0.44203604488592463,0.4313703485228942,0.5595487589944541,0.5207024818735501,0.48466304482146383,0.6360023030433973,0.6031096568471113,0.5275916313085826,0.6238649020478616,0.45782227142085563
313,0.4431336107070097,0.4282813809463056,0.5634488065814748,0.5202323640541184,0.48884612647364845,0.6328971496373935,0.6046976881382767,0.5280008701222695,0.6233566418970801,0.45806098605960877
314,0.44455453173807735,0.42394539409443116,0.5681392433784557,0.519296524251163,0.4952136466056197,0.6293415485347633,0.6056607533836675,0.5288849364605602,0.62244780961352,0.45912533363502955
315,0.4454138494425082,0.4208392852550759,0.5711473846667008,0.5186093709233989,0.5002849256829278,0.6262333209981154,0.6068973837434052,0.529260572045022,0.6217070589218529,0.46049128596908884
316,0.4451778775522676,0.4196942774275765,0.5726082425424356,0.518653150172701,0.5033399616818015,0.6219660498738071,0.611155573489397,0.5278539368654117,0.6214128333059392,0.46170062302236187
317,0.44500011145948876,0.41920098178805526,0.5732766506566398,0.518621518440666,0.504897337094997,0.6198197490769809,0.6132642896565155,0.5271153859819534,0.621195713542804,0.46242023101757534
318,0.4441248722244381,0.4195621831762244,0.5736139384237547,0.5189441499371553,0.5061722566562745,0.6160043378591518,0.6178832262372435,0.5251189058603912,0.6210360520456135,0.46321420476538827
319,0.4441908292820167,0.41805548230101297,0.5750214495315464,0.5183124943963098,0.5096955771730416,0.6133082236304189,0.6194301595772558,0.5247769703083388,0.6203310062398428,0.465058767264964
320,0.4425389796129261,0.41854485563120597,0.5756017214287492,0.5182519431286912,0.5128574074351506,0.6072257480158179,0.625635978103478,0.5218813235899727,0.6196956452001056,0.4672461479404338
321,0.4405599543452095,0.4195328917768781,0.5759808513817337,0.517985598207294,0.5160900125070066,0.6009980365393813,0.6315260458838402,0.5189311345102597,0.6188447297867322,0.4698342945779713
322,0.4399343950502685,0.4196378557754875,0.5763042937218745,0.5176403483042527,0.5177665900984922,0.5986834017379825,0.6332895916562709,0.5180517593554448,0.6183757863724909,0.47127104906648515
323,0.44004299248220347,0.4167600139077879,0.5783206242282612,0.5152865009381484,0.5250094756947479,0.5944434777609626,0.6335063245814574,0.518326873787031,0.6167758071990603,0.47758228149457993
324,0.43945157343089264,0.41605296584073453,0.5788831064337964,0.514140276269757,0.5286172635981374,0.5913681279330748,0.6344718110072509,0.5178830726794019,0.6160396314903047,0.48120892675611376
325,0.4373002429376359,0.4178094409731897,0.5784920263549242,0.5137633365120715,0.5303682628957445,0.5872175414643622,0.6377678177604615,0.5157030616310395,0.6157029961965654,0.48340862908475235
326,0.43629809487648946,0.4183218156996793,0.5784933221679791,0.5131977097670153,0.5321104704418023,0.5847478407703117,0.6390994323140051,0.5148264070417905,0.6153400185178923,0.48555278904675253
327,0.43155875258772947,0.4219106007672049,0.5777899730175178,0.5113998431586063,0.537421005964817,0.5754736710322984,0.6442027050812805,0.511020862860488,0.6143646976509459,0.4927867773653904
328,0.4304917689540121,0.42203357066496094,0.5780045430243893,0.5099368545807776,0.5406840397552491,0.5720597865078103,0.6447389565416151,0.5105785765570321,0.6137568529715048,0.49772267973377793
329,0.4291985212020958,0.42301852896207315,0.5778340662417426,0.5092110498411142,0.5423196354377886,0.5694543540228856,0.6456981255297746,0.5097626626649828,0.6134812327023216,0.5004495502809239
330,0.42494089136402813,0.4270793931172777,0.5769130068030184,0.5077070608875786,0.5456480173666346,0.562472650870358,0.6486957237239531,0.5070184511107039,0.6130177284614896,0.5065029960654533
331,0.41895668477833525,0.4343105641806512,0.5751655503267454,0.5070161524683313,0.5474514490118737,0.5546376166175605,0.6529736765487079,0.5030137975124116,0.6127199662810405,0.5105224884105325
332,0.4174779492858546,0.4358418195632882,0.5749784808804819,0.5062019646838168,0.5488398368988907,0.5519829279858549,0.653628023082877,0.502305330163968,0.6124893209463725,0.513714042951909
333,0.4129182058915927,0.44174230978052104,0.5737024688662068,0.505459361432868,0.5503945536601436,0.5459631844982169,0.6561406542108292,0.4997500903337863,0.6122082744686348,0.517673229572708
334,0.4113750926907495,0.44352123032355606,0.5735183184930407,0.504620316183304,0.5516457665308011,0.5433404096761005,0.6566526552681327,0.4991227699557492,0.6120231233103303,0.5210731520132407
335,0.40827766802753246,0.44763703422304524,0.5727663055146114,0.5038168826878033,0.5529665436302629,0.5391149931504768,0.6578981664766963,0.4977081704131244,0.6118384073111,0.5249076588657601
336,0.4049758447817833,0.45127435881505573,0.5726493411496894,0.5011752716161993,0.556270066226137,0.5330786410283519,0.658159752609766,0.49698584005608454,0.6115874314090831,0.5353886177421843
337,0.4033327845214094,0.4533623854332576,0.5724038230164153,0.5003001083600651,0.5573270397218635,0.5305946346016982,0.6584082524033927,0.4965533553064994,0.6115500162755068,0.5391285082650334
338,0.40167826720817157,0.4555058030128979,0.5721486376016984,0.49942251345179933,0.5583429108137811,0.5281532925926625,0.6586085279405608,0.4961649724683166,0.6115385709178631,0.5429245736490328
339,0.396746998773225,0.4624504725714563,0.5710156464167092,0.4976614731342308,0.5604215083591102,0.5220773088687042,0.6592633558684505,0.4949158695811778,0.611671107931846,0.5510969686134899
340,0.39354197027704474,0.4673357839666883,0.5701687492835703,0.4968193684882401,0.5614061317046389,0.518557829186838,0.6596812183540772,0.49414004935224115,0.6117934603551907,0.5554791085692532
341,0.3868799454504675,0.4769854793699102,0.569238161855228,0.4925060209224253,0.5650756463473235,0.5097651722988149,0.6588436714403563,0.49439267613434174,0.6122778400298605,0.5752238212537931
342,0.38530277803461155,0.47953150695972174,0.5689366160127496,0.4916943564454175,0.5656708418635041,0.5079942345563367,0.6586792692913795,0.4944842519145668,0.6124011279201073,0.5793261277875286
343,0.38086317372914724,0.4874850729205795,0.567403536185138,0.49096500995848874,0.5664693575460977,0.5046796732403334,0.6586146559310914,0.49405301073660984,0.6127842359322269,0.5842952582967917
344,0.37940980707650174,0.49011175773349785,0.5671190688339375,0.49021800908032664,0.5669109154755496,0.503228903385193,0.6583911405366673,0.49430106846461513,0.6128918822930103,0.5884131926057935
345,0.37661535363651416,0.4954008403975853,0.5665117682719766,0.4887658499065743,0.5676960882782669,0.5006690990983074,0.6578194319102926,0.49499060560431124,0.6131033585200126,0.59661994632871
346,0.37283011006207956,0.5034964314307058,0.5649099405633603,0.488266914708686,0.5681957233213841,0.498706405642096,0.6572850185584542,0.49531019450481906,0.6134346810985346,0.6014466616838323
347,0.3716480075275632,0.5061702680393037,0.5646184394469712,0.4876439757728214,0.5684021999562947,0.497859258855965,0.6569579800979964,0.49584207281208653,0.6134791797713938,0.6055062881915991
348,0.3705268923455554,0.5088421169503987,0.5643181677729437,0.4870458349887679,0.5685671052880584,0.4971384872234501,0.6566044760872553,0.4964352762344751,0.6135051579336214,0.6095377979872924
349,0.3695992867534177,0.5114038307453527,0.5646755118083245,0.48510849213581164,0.5687541949668904,0.495795015256749,0.6558033437510653,0.49837621215558275,0.6132718745355059,0.6207786882681983
350,0.36512160294038826,0.5247105525948428,0.5618476182416293,0.4845260716627759,0.5690140377176893,0.4958091662376299,0.6538252874524353,0.500682812211946,0.6133883704563304,0.6293110685429334
351,0.3633753509022247,0.5324639642597087,0.5603741945451277,0.48396808820755793,0.5687781821096937,0.4967285959320073,0.652326652956988,0.5030762975332161,0.6130467896460912,0.6369659072507327
352,0.3630324568176478,0.534979282175084,0.5599928003351903,0.4836607388615017,0.5685497810515391,0.4972367901198059,0.6517615202429744,0.5041925571922449,0.6127695617387734,0.6405992072752487
353,0.36235881342311005,0.5400113167060313,0.5588397879783847,0.48365647723845107,0.5682641572567545,0.49856491177635137,0.6506758174565438,0.5058339117519868,0.6124386244464545,0.6442926858276511
354,0.3630251962892964,0.5422173325532313,0.5590985960702635,0.48250123773216697,0.5672633422004403,0.4997325096495749,0.6497418487619893,0.5086950862777234,0.6112393294305662,0.6543539915875854
355,0.36469933914343683,0.5441125633343158,0.559508032499629,0.4811658582882235,0.5656929266607318,0.5015939640282812,0.648344919304559,0.5128500686001736,0.609318449162698,0.6668599362580752
356,0.3657254839866883,0.54620890619244,0.5592422852804438,0.4807540879719098,0.5647765253449436,0.5033195710663275,0.6471801998075118,0.5153971982513467,0.6081321531989848,0.6727420639295617
357,0.36777019249631804,0.5528022961941856,0.557531337529958,0.48070554630593104,0.5631212783649651,0.5083507325521375,0.644072261529944,0.5203922084527399,0.6057403955402874,0.6810051585065641
358,0.3692042744078726,0.5595400907312212,0.5552755891379655,0.4814106226748569,0.5622340191521302,0.5131801541395439,0.6413489632373943,0.523503307210098,0.6042757547024155,0.6834509159635525
359,0.3755521819908376,0.5717020593319956,0.5507234711186689,0.4831944730667361,0.5592893305414721,0.5249778161115549,0.6347171395715313,0.5314703516307617,0.5998569409169356,0.689906287887838
360,0.3829709280122504,0.578570231684117,0.5476710771243601,0.48482016332701006,0.5559908942316538,0.5347001081838948,0.6292589719410873,0.5382237528055167,0.5953177519416851,0.6956967991095557
361,0.39075042390102027,0.5828600643275558,0.5453436913598543,0.48636633986153593,0.5524919628568056,0.543177470309295,0.624337298155886,0.5442553874431384,0.5906891895252666,0.7009573184237305
362,0.395165581761747,0.585901553064345,0.5436155762406897,0.4874911599084211,0.5508788991016841,0.5481175725902685,0.6212983013248508,0.5472600182146449,0.5884463518663894,0.7020277558668608
363,0.40358585383484125,0.5919269573380372,0.5400252289284041,0.4898383454369575,0.5483627548153323,0.5572593334129002,0.6153497090605966,0.55232752607742,0.5848143388961063,0.7016796099618238
364,0.4069942399211007,0.5929282757767644,0.5391545080427436,0.4905887043558404,0.5469097146509464,0.5602985455289877,0.6134120425869904,0.5543580542796831,0.5829953416809566,0.7029951824581877
365,0.41207502413310365,0.5933159094159545,0.5382972692161987,0.4915583086700544,0.544366092906164,0.5643202107090388,0.6108458667233515,0.5573868004380473,0.5799616934495992,0.7060687293183022
366,0.422387050741759,0.5982920646456157,0.5346874693609778,0.49420583711767596,0.5413626143733256,0.5736306749353425,0.6040524797214697,0.5625769678496657,0.5758011691858992,0.7047018875427886
367,0.4287383443162646,0.6002046202158531,0.532873071038463,0.49573451929147294,0.539189904416217,0.578747632958689,0.6002114905472968,0.5656418649633433,0.5730332811596519,0.7046803965266644
368,0.4344995173323874,0.6001311684390785,0.5318796169927159,0.496960906234142,0.5363384865897206,0.582729525220926,0.5972854689192998,0.5685394080466626,0.5697587671909504,0.7071184723235695
369,0.4421622238616389,0.5992389546059059,0.5307776723321272,0.49856292989975726,0.5322916688302609,0.5875601976429422,0.5935411900879991,0.5722869403751797,0.5652651286521932,0.7107379662986609
370,0.44907839438615427,0.6007846780619809,0.5289875418955363,0.5001612839228702,0.5299353557320596,0.5925025637806173,0.589275853354971,0.5752796789271737,0.5622874595244617,0.7100660906950842
371,0.4570701079886626,0.5995291417816383,0.5277824377442618,0.5019203263799638,0.5258018170127464,0.5970709663290655,0.5852535361489623,0.5788263740179025,0.5578395701217104,0.712900509651871
372,0.4669773143960388,0.6017891593546675,0.5252465948746894,0.5041660073586507,0.5227008832458593,0.6037188209740395,0.5788901773524651,0.5827570308833261,0.5538346324397104,0.7105627806927117
373,0.4834902464862434,0.6027889676778183,0.5217257462896883,0.5078917136546451,0.5164816534106933,0.6134117307849698,0.5689223397404762,0.5890379698703587,0.5465702976822842,0.7086207817300388
374,0.49433290642954636,0.6015505215835258,0.5196607122914481,0.5104954106316273,0.511632005407213,0.6189556796626248,0.5627294717713541,0.5929498153152678,0.541395396543155,0.7087267125296155
375,0.4988511157623768,0.6013099770330194,0.518747032685826,0.5115700837833135,0.5098027649708928,0.6212804833241308,0.5600260696968005,0.5945085290882178,0.539388215995608,0.7081240944557478
376,0.5121876408424568,0.6003004608096915,0.5161217388937805,0.514745287155843,0.5044160437074672,0.627849095281567,0.5519674229959328,0.5989588120440689,0.5335017980289992,0.7057566066895443
377,0.5180842645108654,0.5987242889868617,0.5149691595698433,0.5163266498004411,0.5016531532160357,0.6303694345859427,0.5486058919399517,0.6007917168849343,0.5307428889815897,0.7055293737078827
378,0.5305789387754656,0.5970415431835393,0.5125285889944313,0.5194215377525028,0.49667163164417627,0.6360102583620102,0.5409358347879883,0.604620923835789,0.5253430839931562,0.7019960587050345
379,0.5345770791187143,0.5963647934426681,0.5117289166260509,0.5204518016522248,0.49508862101151496,0.6377535713990315,0.538479952336078,0.6057867019243562,0.523634071457802,0.7006687177843494
380,0.5435586880168125,0.5965653655558695,0.5100944485922349,0.5224171470036502,0.4921800292646,0.6420582193537004,0.5326086080516779,0.6084970089578786,0.5200671525493347,0.695204519499072
381,0.5522368193057061,0.5964388698757181,0.5086139673913654,0.5243255019939863,0.4893804042900456,0.6460341156226631,0.5270647652497091,0.6109926305661129,0.5166922784533892,0.6893009728444149
382,0.5576788501706464,0.592821317905885,0.5071723242589712,0.5264170863758686,0.4866589489358351,0.647784560355273,0.5240775799537887,0.612168795153436,0.5140363205033132,0.6885429787243731
383,0.5648414339006728,0.5893496721353366,0.5055331993307179,0.5288058970374132,0.4837703598101961,0.6503175478535815,0.5199819346903793,0.6137778551950351,0.510859118431826,0.685043119191577
384,0.5707299746063503,0.5825888578115307,0.503518049565788,0.531748899577476,0.48142370022508424,0.6513989787346055,0.517366053518541,0.614313976538988,0.5084364860660918,0.6838295759648455
385,0.5758537338579528,0.5757348714586882,0.5016821329946461,0.534443250362296,0.4803840695475071,0.6518259184465222,0.5156506801249992,0.6142901934863232,0.5070542405020357,0.681614137298634
386,0.5793092260248257,0.574806417547806,0.5010912338141187,0.5353976345716713,0.47954627901849084,0.6534219915553716,0.513588574001542,0.6152623159363757,0.5053023996625375,0.676617086641324
387,0.5888175933247712,0.5743148608629695,0.5003623251761045,0.5372638915883972,0.4770719485530358,0.6585345783133418,0.5080325599627659,0.618490078009101,0.49996887206960333,0.6580767350698253
388,0.5920671457927095,0.5686907920415258,0.4990329105431394,0.5395071420597234,0.47781382181312515,0.6591612519032302,0.508015634002419,0.6181938451283211,0.49837784550270103,0.6495185340700429
389,0.5937645701618934,0.5672395162846938,0.4988367295802311,0.5401407286685912,0.47796850220021936,0.6598448059607768,0.5078803463732727,0.6184453842541653,0.49735326027829746,0.6437688477858399
390,0.5952096827314174,0.5657242180458687,0.49870353305860976,0.5407174313623546,0.47829459219729403,0.6603720191175069,0.5080708032483889,0.618582626574808,0.49644628402059493,0.6379667578990005
391,0.5952531527964297,0.5629624757541551,0.4981215747166358,0.5416334526675716,0.4796805748044763,0.6599102538301644,0.5093885921320038,0.6177884122194689,0.4963271840507864,0.6348651723638995
392,0.5939675962229234,0.5567752653052951,0.49662336922751693,0.543611721024396,0.4843467572661575,0.657660824857241,0.5136360546943888,0.6149960705991979,0.49730422066823365,0.6309887301535078
393,0.5932291571366642,0.55107259120826,0.4961490403679842,0.5447863521026486,0.4907623919325176,0.6554037779542644,0.5203144526136784,0.6127034200070146,0.4970141262906291,0.6154493989130849
394,0.5924085447753739,0.5492624062781605,0.49581417641386316,0.5452817301061953,0.493737197793554,0.6539807538500005,0.5232025009695531,0.6112708905181766,0.49751001730229044,0.6120432222503073
395,0.5907658702612912,0.5465322962001209,0.4950326967708496,0.546220904187521,0.5001120135238025,0.6506626813841424,0.5289298240072604,0.6079541380827413,0.49918129422097945,0.6078161632775574
396,0.5898194202436194,0.5452968878983923,0.49502530967705916,0.5462708009126763,0.503940209041396,0.6486772967436916,0.5329832799574453,0.6064856203213277,0.4994656063380755,0.6017633030365284
397,0.589010272623733,0.5439388716442051,0.49605874420087653,0.5452511004594389,0.5071530553993038,0.6466770750113624,0.5382121027241413,0.6062955807314216,0.4982233616338963,0.5890664134897704
398,0.588490211960507,0.5434815065263828,0.49609924308966696,0.5452359129784262,0.5092629006204875,0.6453369343155598,0.5405475578359717,0.6053696211696067,0.4984230419571053,0.5863928833400278
399,0.5875337273827732,0.5425487515016565,0.49650030302923603,0.5448129854508691,0.5139937621621863,0.6419655257392289,0.546240239944086,0.6035253001287946,0.49862152118034536,0.579130637943299
400,0.5873404135117506,0.541793251899038,0.497200683956906,0.5440739379134012,0.5170179981865153,0.6392686324957497,0.550567296939172,0.6025966756754678,0.49847878780530996,0.5728349017228894
401,0.5898164123001347,0.5394596485884628,0.4998284962518837,0.5414522415810524,0.5222605693645577,0.632387349032912,0.5598722333540663,0.6013508359903766,0.4983860899655798,0.5597174111191596
402,0.5902778042426111,0.5391237014160464,0.5005186028462795,0.5408766899193317,0.5272950556808471,0.6271606684596995,0.5660034995486996,0.5986583858523715,0.49895401133886197,0.5560217192078198
403,0.5902779898643986,0.5392751274588949,0.5006823864105006,0.540774686722709,0.5295842765891737,0.6248884294113273,0.568554522642257,0.5972833650077557,0.49918303612539594,0.5549899653351439
404,0.5904810484120668,0.5398628967264175,0.5010249839099618,0.5405140676655203,0.5341827448219113,0.6201418761184385,0.5735640111948662,0.594466318844327,0.4996259631064111,0.5532756110752053
405,0.5900657477440747,0.5411818583964138,0.5009862008661249,0.5406336676630941,0.5383091957403228,0.6162935931198896,0.5775311903546215,0.5916380142395377,0.49992007108546094,0.5526039387579837
406,0.5933451576443308,0.5407622994481063,0.5024177729417881,0.5391487852004757,0.5419650960060961,0.610186571853525,0.5825053349563575,0.5898112564724962,0.5005313505611978,0.5509056739573801
407,0.5932449650568721,0.5426836690462565,0.5024244016835546,0.5392513328307713,0.5459522872197526,0.6061066440145029,0.586194837165683,0.5867888506127334,0.5006826084758236,0.5509087575238932
408,0.5938183859575831,0.5436087426787217,0.5026426731411316,0.5390643159715183,0.5481535987428977,0.6033989169474558,0.5883769001677307,0.5851879585013893,0.5008259736809719,0.5509325644925958
409,0.5939905707340114,0.5460751990997889,0.502674828875993,0.5391098686173619,0.5520696377524899,0.5991924405076928,0.591823493742292,0.5820512424534633,0.5009265169467514,0.5512032706353367
410,0.5947094718777776,0.5472778940528034,0.5028976413944838,0.5388901242424521,0.5542208756186137,0.5964113639632961,0.5938349703326348,0.5804033925171167,0.501036084918692,0.5514674335379879
411,0.5959614401228422,0.5517385959170387,0.5031638905759186,0.5386231602952315,0.5601413209164756,0.5892939800401842,0.5988291541408336,0.5754980434908024,0.5011696087076086,0.5524806709624065
412,0.5968425597962914,0.5532920066028509,0.5033908172960191,0.5383722594029119,0.5621914122570248,0.5864696333462593,0.6005817754841698,0.5737962109688939,0.5012315859846195,0.5530788316924784
413,0.5980927618620847,0.5630899920323225,0.5033804402795442,0.5383609676984006,0.5709922746365585,0.5763598857078019,0.6069214356459013,0.5654534956805514,0.5011275705321088,0.5550867914297194
414,0.599077809332389,0.5651030557337371,0.5035907347810348,0.5380570621509763,0.5728922889286383,0.5735799354232222,0.6083044882460136,0.5637269692939451,0.5011346769315453,0.5559928910054203
415,0.6000703648347002,0.5671819301875936,0.503802893651656,0.537754812674378,0.5747470006588279,0.570831704268631,0.6096118440984368,0.5619936113446077,0.5011291816018029,0.5569870623614465
416,0.6022139435366436,0.5690704053316479,0.5043518960335343,0.5369899609114612,0.5768762257742691,0.5668624096126997,0.6111561777117245,0.5602072782608811,0.5011834102051028,0.5590233363757627
417,0.6031989599795833,0.5712632659884302,0.5045804062109805,0.5367131429269516,0.5786014510243405,0.5642304992759819,0.6122880063441627,0.5584524993235596,0.5011439752266065,0.5602587103562575
418,0.6039783941457506,0.5760605374696282,0.5047003873332171,0.5366078971986865,0.5816448583327034,0.5603078983032397,0.6141128337567842,0.5549935440590612,0.5009718691852905,0.5617793769087606
419,0.6049003404197401,0.5784063233135864,0.5049239635555567,0.5363262438052993,0.5832553423770505,0.5578204422438853,0.6150539208370153,0.5532491989636639,0.5009078710043506,0.5631513062403385
420,0.6066104846366439,0.5940256777689813,0.5052149639484461,0.5358303188270968,0.5915616298025367,0.5472451912747425,0.6191220015114981,0.5430957246929946,0.5003689547682955,0.5680910691452197
421,0.6089445586175308,0.6015633366331831,0.5060717099523323,0.5345613967256823,0.5956519814370324,0.5407184160380583,0.6205863323925054,0.538196508109364,0.5000815413956959,0.5743241667316271
422,0.6087629982203978,0.6069646912973914,0.5062329398107106,0.5344804065355719,0.5977792067886283,0.5382019658223498,0.6213657956699004,0.5349553299837746,0.499849892770461,0.5761602869464773
423,0.608302398997444,0.6149363594590336,0.5065958921127868,0.5341575371844679,0.6007962673030125,0.5346917614925188,0.6222451886369842,0.5302761349158912,0.49953426676190693,0.5796346196446639
424,0.6067269661720549,0.6230441794802578,0.5067104358399978,0.5342069790737862,0.6034033760554617,0.5322710691841368,0.6229888460889472,0.5257645087108201,0.499310278044286,0.5814441074956403
425,0.606567052334561,0.6252517181708397,0.5071761299166448,0.5336728033483995,0.6042870368476303,0.5312450971178286,0.6229439515197315,0.524408559502322,0.4991657440802346,0.5846903483252333
426,0.60402988867632,0.6330421442744324,0.5073140480260521,0.5337625445263066,0.6064360702960233,0.5297839814686018,0.6234189402202115,0.5202305725652739,0.49903557107107505,0.5863321451740394
427,0.6031173897176522,0.6343207457389594,0.5084300430479168,0.53282217510248,0.6070263672845534,0.5299187053644435,0.6228792737680091,0.5191423267916567,0.49877741559772026,0.5927139690562976
428,0.6018199805472465,0.6364907506418486,0.508732261392278,0.5327669576155437,0.6075121674559999,0.5300238097781559,0.6228569215015358,0.5178832855664488,0.49869638385532783,0.5942822665419953
429,0.6003682816852847,0.6385979283124549,0.5090463801665698,0.5327317180993045,0.6079426683926301,0.5302859658110052,0.6228163522553042,0.516660163884078,0.4986243831852926,0.595818060035061
430,0.5985222489246458,0.6401735044388144,0.5097739286605013,0.5325535900868987,0.6082309421947026,0.5311972671908681,0.6225660866920981,0.5155368641174168,0.4984988224313913,0.5988571848922586
431,0.5912886214774533,0.6486425245009182,0.5103593054024079,0.5329477921159067,0.6094494508565257,0.5331272297490374,0.6225886744075082,0.5110518087685822,0.49852489905984004,0.6014042517348536
432,0.588978921864116,0.6503495582155042,0.5107260452286196,0.5330051538277109,0.6095876841364455,0.5342218664398195,0.6224649116296797,0.5100654950814186,0.49853690532381706,0.6026926466975562
433,0.5846173455651742,0.6541037336571813,0.5110500459260237,0.533250446329914,0.6098841682886931,0.5358564778354886,0.6223991444460939,0.5081437228751912,0.49869987338158406,0.6037014103655305
434,0.574908804619314,0.6609122577525796,0.5116794901938442,0.5337386837364109,0.6101331305284418,0.5399490789989471,0.6221621882477847,0.5048214838542978,0.49930813137509156,0.605254606291038
435,0.5708013723712058,0.6614937756496133,0.5125245779004038,0.5338171053021757,0.6097965867726174,0.5430410397415253,0.6217279253932825,0.5042221899225768,0.4993788040369235,0.6075006473856513
436,0.5675084106382811,0.6625843584494236,0.5129594345303704,0.5339830026940405,0.6095703458236708,0.5450488072872244,0.6215185843413591,0.5035825718422737,0.49955936232986337,0.608376293890335
437,0.5629701474155163,0.6628586973100644,0.5139575511366242,0.5341929703240204,0.6090545793256502,0.548596644518629,0.6210327242241261,0.5030669218122046,0.49967206516638146,0.6103804466367408
438,0.5533011575144969,0.659524623179168,0.5179322698418114,0.5349664744997565,0.6073117066181476,0.5585976804135736,0.6192681309764969,0.5029050965215054,0.499445928513043,0.6164142542351608
439,0.5468255801919484,0.6581740393221495,0.5203434985818892,0.535772862030979,0.6060831638769065,0.5644970148203805,0.6182299566552781,0.5025382870778102,0.4994967086096054,0.6187620152317046
440,0.5428222739086572,0.6585952959120603,0.5211121813637287,0.536247422529673,0.6053628745697914,0.5672666905436753,0.6178708800242,0.5020573115464257,0.49974411887036024,0.6191699664568044
441,0.5360413874498275,0.6602604429756613,0.5217439638555925,0.5369755433483276,0.6041307306737584,0.5712246078809021,0.6174963533742632,0.5011449591761427,0.5004219618551788,0.6190029422497304
442,0.5319087157354343,0.6604738035752469,0.5225358720005852,0.5374704026739778,0.6032806231735073,0.5740971435100011,0.6170641979581748,0.5007900378668613,0.5007633549310144,0.6192430904912553
443,0.517812248090535,0.6559817249994409,0.5285143314730858,0.5397812176358738,0.5999068602521981,0.5868755702932573,0.6138725609826037,0.5005138823523528,0.5011725074198808,0.6220006061967535
444,0.5094564213548085,0.6555966785204422,0.5304490283788125,0.541033859445443,0.5975957228907235,0.592747498395496,0.6125581946525838,0.5000708898670351,0.5020455504367247,0.6218371690140673
445,0.5039232658407083,0.6539840713050667,0.5326972222623579,0.5420778135175358,0.5959262681648669,0.5973286816047303,0.6111164428350998,0.49998426376094324,0.502433460921362,0.6221205596997393
446,0.49984863566467563,0.6535797623602525,0.5337299782601954,0.542752274851045,0.5945953978710135,0.6001850084701827,0.610320080735788,0.4998529862632666,0.5029460124528834,0.6218810283022446
447,0.4905631271469678,0.6547856481340438,0.5342426914944592,0.5439511467257395,0.5912577773902563,0.6052810858406329,0.6093194279851465,0.49951868858605136,0.5048928999399516,0.6201351584468515
448,0.486668512689982,0.6541888420647549,0.5352716038208412,0.5446150296396951,0.5897852630363755,0.6079750032651658,0.6083730869279268,0.49953189556746724,0.5055485245829245,0.6197279033456917
449,0.4754468646514861,0.655590012253409,0.5354752403078815,0.5460629955104019,0.5849376655419375,0.6136392344846443,0.6069698867659188,0.49969671613435857,0.508813347688749,0.6167295664769933
450,0.46723459559737257,0.6559592233551813,0.5359142766653934,0.547222370605796,0.5809442383991997,0.617865202534274,0.605474654722849,0.5002009025563621,0.511600629273425,0.6142452000684389
451,0.4595674915255192,0.656065264389071,0.5363177357675334,0.5483667861085681,0.5767547475643833,0.6216995476510919,0.6037810156945903,0.5009972494549332,0.51468157645757,0.6114904308838245
452,0.4544848922133911,0.6555116214204891,0.5369707534584234,0.5492353663521339,0.573709209691149,0.6244481735189017,0.6021506580711402,0.5017026174973953,0.5168652187961845,0.6095873097733236
453,0.44793277206090226,0.655223810126945,0.5373016598762109,0.5503671304161205,0.5692325437231293,0.6275479448602383,0.6000906470235966,0.5029395096639839,0.5203948179237673,0.6063837584532064
454,0.43846050035523026,0.6538256456122193,0.5381190754296228,0.5523032842542751,0.5614346728586694,0.6320173185242888,0.5956800426320825,0.5055702157875971,0.5268134186056359,0.6004921980235194
455,0.4297446464351155,0.6538704849465208,0.5370727875963534,0.5545299913576573,0.5510747569478298,0.6347334997590955,0.5911514361030973,0.5101223243050208,0.5367498980644213,0.5907564507053331
456,0.42861658427650895,0.6525226754499418,0.5377796448810513,0.5550565387574802,0.5492551348631852,0.6355497937760562,0.5890635135894448,0.5108984362234631,0.5382592631618429,0.5893343407126035
457,0.42699259679124824,0.6512928800589539,0.5381538291010926,0.5558772507890846,0.5460298818681631,0.6363030244238403,0.5863657667874337,0.5124375524624639,0.5412970324239353,0.586294172350987
458,0.4263400120935811,0.6498832121906886,0.5388327859678219,0.5564077693714777,0.5442237183250781,0.636832285643781,0.5841086985854813,0.513250216827445,0.5428557066314981,0.5847434476644876
459,0.42490423127746996,0.6487580739970852,0.5384373393435296,0.5578596176941774,0.5383180882928991,0.6370326058512604,0.5799729832771997,0.516462779248142,0.5490750539581972,0.5781313125013687
460,0.4248568087885395,0.6474266499137169,0.5383138008924286,0.559013953208297,0.5339884052629952,0.6368827366039628,0.5761925827718445,0.5190127417072469,0.55384914302575,0.5728696660911529
461,0.4256366000252602,0.6443742094701068,0.5397894721957801,0.559749872121446,0.5319603418585813,0.6369805048860896,0.5716738545495741,0.5199838361839358,0.5556279822262891,0.5708928484382358
462,0.4269771464013622,0.6428924463686492,0.5395059448993725,0.5609856592775224,0.5278496182804577,0.6362839146065338,0.5675960059512297,0.5225456824546286,0.5604310267473418,0.5652627540117123
463,0.4285296792406419,0.6413364354585145,0.5395679696745077,0.5618922519572909,0.5251353530753722,0.6356520715216477,0.5641138097491799,0.5243009500000385,0.5636837831447815,0.5613103469098023
464,0.4311833401505016,0.638175819260566,0.5404593310900311,0.5630095044380028,0.5221975549933405,0.6347020390468431,0.5584805798522257,0.5261539723456607,0.567083189954181,0.5569751425981777
465,0.43431240212461614,0.6333670339148414,0.5427843712715003,0.5639333001437129,0.5201094297298102,0.6335519279956707,0.5514406305919848,0.5272762789854661,0.5690044813781393,0.5541223046119825
466,0.4382026607797237,0.6315470005721845,0.5420737290661564,0.5654006495714604,0.5166816307021318,0.6320438599612865,0.5470423287901262,0.5296773060439787,0.5736683879501852,0.54781708343819
467,0.4470503819140284,0.6247402268258151,0.5433807466625703,0.56785755247393,0.5119219463311965,0.6286065702439088,0.5355232687022163,0.5332639318228946,0.580170285078203,0.537807639300764
468,0.4509910716517117,0.622778187900088,0.542972285167303,0.5690195124007654,0.5100949620726187,0.6272806164199003,0.5319517744093115,0.5347806924338818,0.5831459305495859,0.5331666219176094
469,0.4562514179585691,0.6191681714195457,0.5433944557985585,0.5703725711675075,0.5081842213106296,0.6253922010189024,0.5264124760537042,0.5364441189647376,0.5861784754345238,0.5278464130362387
470,0.46235052903705265,0.6167624661326999,0.5420746828715931,0.572172689521527,0.5062919309089708,0.6237210479483027,0.5222789911855945,0.5384754793110251,0.5903512206514473,0.5209973892572572
471,0.46632198929358876,0.6133201857837519,0.543030670031109,0.5730716716322776,0.5052898681093302,0.6222165442884874,0.5177519245118272,0.5394659416873785,0.5918745535287798,0.5175252133562863
472,0.4773175551871448,0.6044038020722311,0.544923067375574,0.5756546158416471,0.5030043392522552,0.6184289468467341,0.5070476280594575,0.5422121698298953,0.5959362334515113,0.5074546773015386
473,0.483255075278307,0.6003232571056849,0.5448039756041542,0.5772920645056075,0.5021100049464001,0.6168534438843306,0.5028313032632172,0.5435579091087119,0.5982612900467189,0.5017903206178903
474,0.48811678233499395,0.5976906203825771,0.5436677441305061,0.5788577008766675,0.5016772951286452,0.6159463509278574,0.5003770117867201,0.5445709190046805,0.6004806655583138,0.497017073182811
475,0.4931504357431211,0.5924611713333131,0.5452562668338167,0.5800149359297867,0.5010232300575883,0.6143681011831009,0.49598543276345647,0.5457111572431317,0.6012821337184233,0.4923980208107712
476,0.4970651793008263,0.5887067841592182,0.5459270759562503,0.581041357475004,0.500679201567368,0.6134060626892901,0.4933225677263922,0.5465425643650922,0.6019956829270665,0.4887030038435144
477,0.5108701909701902,0.577543781752084,0.5441221482830163,0.5859146911806039,0.5007339500466298,0.611724092381014,0.4875814009590112,0.5491670642797358,0.6056133013896625,0.4750425347970239
478,0.5170379643893558,0.5733670463659661,0.5409720712233935,0.5887611385677797,0.5018082145431918,0.6117875980237822,0.48651799212909286,0.5498104177706366,0.6077828454364433,0.46932258582303116
479,0.5226718798985323,0.5671489663058356,0.5405302532662767,0.5911814360686463,0.5023881096855709,0.6117236712199537,0.4851225010480078,0.550919818788498,0.6081345001070428,0.4634802082969953
480,0.5250139521169068,0.5646837538888517,0.5398535774763853,0.5923302582287552,0.5028536738000782,0.6118662206815673,0.4848689661374015,0.5512619563303242,0.6083720568672972,0.4611721074461671
481,0.5310374071017566,0.5586319847615656,0.53691142552402,0.5957075669013768,0.5047244615722125,0.6126268527986556,0.4847739163218391,0.551889203281493,0.6092936278166744,0.4554791230378255
482,0.5331172810494352,0.5561146786098689,0.5360921130698628,0.5969508272628922,0.5053865703854792,0.6129797855632649,0.48490723900174226,0.5521734250830016,0.6093077952127136,0.45342720430006894
483,0.5351208045977214,0.5535838325956755,0.535232454686984,0.5982189076543816,0.5060951677799328,0.6133887562504643,0.48515866858173373,0.5524416873264175,0.6092518177019499,0.4514594050985425
484,0.5374842872823495,0.5497546148474207,0.5349561661719868,0.599782302351418,0.5066645770681647,0.6139936896816987,0.4858144700306696,0.5530512710469448,0.6084489935263967,0.4487691018973342
485,0.5420156733824734,0.5445746617015615,0.530839255933494,0.6032117247088526,0.5095776478789394,0.6153281423303706,0.48685212338438305,0.5530002730771374,0.6090653033437167,0.44525319319133133
486,0.5436603429258346,0.5420156132816777,0.5298074852844323,0.6046021985628348,0.5104916255564135,0.6159518992260514,0.48757554446046175,0.5532095029849973,0.6087012205559518,0.44370323243243937
487,0.5452275522999256,0.5394540761515741,0.5287382625318828,0.6060173894167408,0.5114418504225745,0.6166148916748856,0.4884052317663004,0.5534081589539317,0.6082642704638223,0.4422575466774381
488,0.5467178968217009,0.5368921827589694,0.5276321909370943,0.6074570122157316,0.5124264907700072,0.6173134812488963,0.48933825150027543,0.5535975166757944,0.6077542332925043,0.4409191808423668
489,0.549278949437931,0.5328981533327465,0.524862812894835,0.6100027771477919,0.5147414781954314,0.6185069651213667,0.49073795554083827,0.5535608185537355,0.6074323080658164,0.43914362129892637
490,0.5519115647673263,0.5268252881300145,0.5228832695534369,0.6135141276732217,0.5166506252577181,0.6203843466110334,0.49400005229103755,0.5543225401496831,0.6050355433689635,0.4366031134715042
491,0.553034774468106,0.5242959043491259,0.5216047116597881,0.6150695911112619,0.5177777636504323,0.6211999643355529,0.49540074478921264,0.5544867010309146,0.6041611478789901,0.43584263175620586
492,0.5541941190476302,0.5198173222897197,0.5210790887506113,0.6175363577997128,0.5184594853717156,0.622747374333603,0.4990897265358511,0.5555089023784386,0.60100580228754,0.43449998594505806
493,0.5560069297484093,0.5148497686364167,0.5182700529744378,0.6207529199039268,0.5208159934214813,0.6244365934046097,0.5025293828763535,0.5558656759976388,0.5987190737774701,0.43385169217993824
494,0.5577649280940148,0.503453685934516,0.5154260792459481,0.6278564286088973,0.5236035837492106,0.6286539311453493,0.5156675513799385,0.5588232705315989,0.5878845075702545,0.4340733116049395
495,0.5583129601451843,0.5010703940314858,0.5137725872757927,0.6294792692670365,0.5248329454775894,0.6294071721698556,0.5178645614107765,0.5591209883242124,0.5862365677431542,0.43466863943113826
496,0.559419988002681,0.49717177580055943,0.5101366243441545,0.632368142517822,0.5274546799845314,0.6305353628233417,0.5206814072354603,0.5592782449362732,0.5842977685215834,0.4358905425915214
497,0.5598289846868405,0.4948942091887504,0.5084409668447957,0.6340243771807943,0.5287081004435638,0.6312070240611591,0.5229333296835977,0.5596347364157434,0.5825151196796282,0.43676488824677956
498,0.5601895703714256,0.4926569985445702,0.5067266304548742,0.6356853758706283,0.5299644081477329,0.6318405115266311,0.52520760498056,0.5600204290102345,0.5806796267302771,0.43775214349639374
499,0.5605034057329933,0.4904621872627381,0.5049953425341953,0.6373496208811146,0.5312217561387833,0.6324326777058698,0.5275003208836857,0.5604373361260228,0.5787936269726527,0.43885015978173675
500,0.5612363998187517,0.486812937074885,0.5013179605752712,0.6402300940216372,0.5339240786347639,0.6333042503972297,0.5304247103189416,0.5607890542170493,0.576508519168112,0.440830629048876
501,0.5618463344187267,0.4832820491638031,0.4976721701895048,0.6430960654679927,0.536656697372581,0.634063298240704,0.5333614868542454,0.5612036939197007,0.5741223265658204,0.4430428299613057
502,0.5623407008898661,0.4798809241129674,0.49406936450096356,0.6459421608635525,0.5394074162551336,0.6346987214061317,0.5363026829579913,0.5616852422746973,0.5716417707618885,0.44547711380138766
503,0.5624041675215692,0.4780071671601246,0.4923350161141692,0.6476488631268529,0.5406461539931362,0.6350050845551871,0.538600111290418,0.5622756995366032,0.5695327070238494,0.447112585794653
504,0.5637449382865364,0.4696257070152927,0.4819567011794834,0.6545987581230701,0.5496042823776632,0.6358420418631124,0.5441355011078252,0.5628113849369788,0.5648722426184821,0.45436165488670466
505,0.5636274231324712,0.46810768744186415,0.48034462406971257,0.6563556808482912,0.550774022717813,0.635845988156683,0.5463520105880209,0.5635311192824304,0.562640534086975,0.4563497761879549
506,0.5636552965811352,0.4654838945133417,0.47717227640565973,0.6590355253101318,0.5534812622640578,0.6357579518790702,0.5492069809410287,0.5643175363036612,0.5598136575643288,0.4596662477135831
507,0.562592224820619,0.46151158625444677,0.4725517698314533,0.665076476403162,0.5563055901360852,0.6347979895305995,0.5571099349063717,0.5675971662384532,0.5512409671990828,0.4674149282439582
508,0.5626512623462449,0.45583280519049935,0.4643661110999091,0.670582166613605,0.5646338987036419,0.6331932283555818,0.5622827346014304,0.569402541598867,0.5457205410833451,0.4768470867366731
509,0.5622684774006161,0.45424443735239123,0.46195045567051524,0.6728771622224091,0.566962097453939,0.6321583051044677,0.564840248276252,0.5706217720878807,0.5427301695053341,0.4808476333812452
510,0.5608848187840255,0.45348630722035477,0.46061112729333203,0.6763521961431529,0.5666651821977288,0.6305938681902369,0.5693342034707185,0.573434234494913,0.5371485829424398,0.4858235083604463
511,0.5571566837290349,0.4528598015848632,0.45894051489842563,0.6821840551396836,0.5642621808122517,0.6264132247116607,0.57865824373667,0.5797467571211476,0.525261599345808,0.4962075157571365
512,0.5551595758631546,0.45128107595447237,0.4555979055644364,0.68552803754503,0.5660733362606459,0.6232383811450088,0.5835960114357839,0.5839832094406713,0.5189071547954365,0.5045185383683742
513,0.5544204167589442,0.45084948135617386,0.45458237905219895,0.6865027159356561,0.566584192366123,0.6221188196846328,0.585157412795883,0.5854874439112084,0.5168724678259624,0.5072666175637932
514,0.5528172190542332,0.4501230516781283,0.4527245998972241,0.6883140724543634,0.5674881915696549,0.6197764292097386,0.5881153437476341,0.5885321114065638,0.5129491143781651,0.5127234481201584
515,0.5504821111992522,0.4488322118976621,0.44941210064251397,0.6908252836098757,0.5708848896407145,0.6158884530277089,0.5918883112186176,0.5938071669838992,0.5079312727811254,0.5219990481467771
516,0.5494685963382755,0.4487180255916763,0.4488984678070995,0.6914940348577553,0.5711017480364864,0.6145990833297182,0.593089795396207,0.5953613407540416,0.5062426521993463,0.5245858654896217
517,0.548410621318267,0.44863688513946626,0.44845490411978883,0.6920994514143912,0.5712720992162829,0.613299676313467,0.5942342605383808,0.5969207694394912,0.5046208260137678,0.5271344454526689
518,0.5452238046968952,0.44855536595610496,0.44747152022019193,0.6933604229897521,0.5736558429751408,0.6089785617415668,0.596976481415725,0.6022233933157063,0.5006980798316674,0.5355368880158692
519,0.5430044297645805,0.44864079248084393,0.44744662939262175,0.6941569576794411,0.5728849897415129,0.6068959122938188,0.5984733748820644,0.604368573274566,0.4983636197236164,0.5391495564288036
520,0.5416706167711293,0.448740653648797,0.44753161764052507,0.6944252808732577,0.5727657616954049,0.6055895313285937,0.5992458986232162,0.6058433461288059,0.4971769722449583,0.5414126752106242
521,0.540290526606297,0.4488579260364551,0.4476984568073223,0.6946270688867089,0.5725981563554092,0.6042967610756765,0.5999558708650292,0.6073004862024998,0.4960735269074137,0.5436173507628584
522,0.5378130501642187,0.4489546681151679,0.44795046247107323,0.6950137570919465,0.571637843202014,0.6022691477184919,0.6011198922031372,0.609309147715826,0.4941982219983495,0.5469571384217037
523,0.5352266042775627,0.44904470789690715,0.44830416146241625,0.6951850606065992,0.5706060746174104,0.6002782721690113,0.6021461124665054,0.61125658281393,0.4925374309067509,0.5501574759101265
524,0.533208721876966,0.44941744177034587,0.4492334549786997,0.6948072809357737,0.5706180117979651,0.5986498306656465,0.6026132593222079,0.6135417822207893,0.4918414186850391,0.5528609753665968
525,0.5220968450804166,0.44980506761799527,0.45329654325630775,0.6934340372348584,0.5665537961571525,0.5918622472899732,0.6041147900465262,0.6198857526463911,0.48893663179396873,0.5634789389429049
526,0.5202519781287529,0.44996158587717444,0.454369740783904,0.6928214130852036,0.5658515152614335,0.5909581457683382,0.6041002198813125,0.6210183584627512,0.48893502580955855,0.5648473186419086
527,0.5157525542354171,0.44968113495053774,0.4557472331711734,0.6917162488612896,0.5635562822016311,0.5888949675995744,0.604278839193294,0.6223607979154867,0.4885680558542838,0.567906612786494
528,0.5118766740485758,0.44991619788155907,0.4583883896825921,0.6900388326176795,0.5618888997012746,0.5874494346514231,0.6038165727437896,0.624331817809675,0.4893140822899269,0.570078331601582
529,0.5085953997607248,0.450812768116901,0.4626849335949686,0.6878547916545126,0.5606958774887747,0.5865772814567842,0.6026736122819353,0.6269741273630371,0.491107221832197,0.5712461583673758
530,0.5045036063309587,0.450951637094394,0.4661599793188782,0.6859097813367484,0.5587198663111147,0.5854964064470219,0.6016450007786492,0.6283682441731472,0.4926464386856429,0.5728138825802561
531,0.5009819400317475,0.4518977952975481,0.4715630663841527,0.6833429355286177,0.5571652079792099,0.5848851428407189,0.5999226875735162,0.6304669681717672,0.4951675435011246,0.5731995178322163
532,0.49537885488698497,0.4513861343225053,0.4760884842112356,0.6808637471106606,0.5540942503867409,0.5839288989591315,0.598121155405892,0.6309140802403038,0.49784807691447097,0.5748315183801378
533,0.4924963541473642,0.45181161915210066,0.48044087343309616,0.6788039364730604,0.5525311374273829,0.5837005092899926,0.5965085057665955,0.6318787928368227,0.5001800675733512,0.5747421907200396
534,0.48957755176141227,0.4522097235627944,0.48505556358764523,0.6766728866234069,0.5508984464535337,0.5835463581357301,0.594740233172915,0.63266351515872,0.5026966956054212,0.5744438997115272
535,0.48744263230896034,0.4520887024028243,0.48761489509915856,0.6754316687046227,0.5496360649972803,0.5834447061496746,0.5936311576468589,0.6327450587957199,0.5043241648295658,0.5745188455992082
536,0.48449952984046935,0.45242598616806934,0.4926160155838784,0.6731829740930215,0.5478923576301991,0.5834330403647416,0.5916208403808038,0.6332756154176079,0.5071451939734574,0.5738700010013776
537,0.4815400117537832,0.45272251356074145,0.49784922731263564,0.6708709265532482,0.5460946298974231,0.5834902247494731,0.5894676547421739,0.6336341200435508,0.5101310134555779,0.5730095480065611
538,0.4764522977948264,0.4526610794247017,0.5063025453069163,0.6672082109693591,0.5428923163956165,0.5837370568116027,0.5857308077309806,0.6334817492237732,0.5153554046994419,0.5716269208075995
539,0.47175628444937984,0.45382581935725247,0.517568007140401,0.6623866890092908,0.5399157615385052,0.5840958270908284,0.5811918054464562,0.6339859424699348,0.5212248110081571,0.5680622250846775
540,0.4673447598142965,0.4515196574478713,0.5217302846002242,0.6607590411852824,0.5368137282957735,0.5847480557764481,0.5783608803612434,0.6318170000772523,0.5258233576548648,0.568536093037778
541,0.4631650031106012,0.44919651703089464,0.5259466696255821,0.658941685227502,0.5338552126269337,0.5855203209198654,0.5754293006064776,0.6295596544401394,0.5308354957539076,0.5687627184538194
542,0.46051213184765766,0.4491330520489229,0.5323064701522285,0.656228567613974,0.5317934590343697,0.586125364174983,0.5725109816927394,0.6292815820959365,0.5348958032982329,0.5664462770910663
543,0.45790072337370447,0.4490090956264992,0.538786881332909,0.653469836284107,0.5297332661718737,0.5867637700001641,0.569513649227032,0.6288957635943156,0.5390561763467163,0.5639248600590766
544,0.4553368503994437,0.4488231359253486,0.5453701142864105,0.6506648540849178,0.5276822935980987,0.587430624916859,0.5664485864023427,0.6284135883728945,0.5433065065996693,0.5612004079536624
545,0.4502887066056806,0.44674723571247993,0.5561691934942685,0.6462652524157229,0.5235940308544317,0.589013775922601,0.560641691028862,0.6261129441576235,0.5523362787889251,0.5574280056099012
546,0.44569998977241104,0.4474931429673195,0.5723631826768342,0.6388948069293635,0.519707216146833,0.5902975741484492,0.5537622982499554,0.625842536661387,0.5609831940487713,0.5482567356094524
547,0.4434520350342371,0.44698639865122225,0.5791840144925142,0.6358442549536075,0.5178195747004737,0.5910315251205014,0.5505427643020996,0.625059190199079,0.5655390836308686,0.5445710284527214
548,0.4395459994944512,0.4412198463487177,0.5850737100844796,0.6344192117010099,0.5141200706079057,0.593337656596741,0.5453855426212587,0.6206393424442463,0.5768942545991887,0.5445108682255906
549,0.4383801817589884,0.44035180192087964,0.58876100389582,0.6328315832119028,0.5129545764919656,0.5939617783074254,0.5433912116424072,0.6199474424041006,0.5803618339937522,0.5426289524035897
550,0.436674452288344,0.4397257470124292,0.5955897439855474,0.6296319311910389,0.5112110296698001,0.5947854085727942,0.5401864378935513,0.6194467782744995,0.5852397631373658,0.5383496770184598
551,0.4352123106031531,0.43765516423330103,0.599754170592835,0.6280396630302002,0.50966070674218,0.5958155441980065,0.5374801449802531,0.6179674132560387,0.5910167033016396,0.5367060822602951
552,0.43428514627679043,0.4367497802502211,0.603382937306191,0.6264064216780862,0.5086326127840697,0.5964283482728444,0.5355474667149257,0.6173696251251887,0.5946269872113941,0.534616736546874
553,0.4330996340651819,0.434744953248961,0.6074695193461949,0.6247695308043063,0.5072629125717864,0.5974320976365066,0.5329349878901293,0.6160297293759962,0.6005884473860029,0.5328301063269837
554,0.4314003651466011,0.4341856657184564,0.6171598316067185,0.6197134194001751,0.5052572957347002,0.5984021510469375,0.5287628604618568,0.615974634237205,0.6069123870970577,0.5254736541784882
555,0.430257627745636,0.4333925725983817,0.6236361124918128,0.6162869479255634,0.5039290193379199,0.5991255298860693,0.5258593128205341,0.6156970887401538,0.6118802649412527,0.520560622805576
556,0.42904847426064696,0.43145049376862143,0.63046481090551,0.6128820464639074,0.5024047450530631,0.6001759326503812,0.5224047074202344,0.6148078748266126,0.6193730404325418,0.5158885614735962
557,0.4281394754158255,0.43060074985492636,0.6366560023763436,0.6093396891198183,0.5013269663056695,0.6008051117715256,0.5197389667284814,0.6146383327047461,0.6242999060390428,0.5107743961702067
558,0.42730631899864063,0.4297199072013593,0.6426836813548918,0.605745678189974,0.500374702991337,0.6013802879808792,0.5172005280749723,0.6144961610422871,0.6291784785179528,0.5056024602638189
559,0.42654689135501367,0.4288111863307694,0.6485353022454,0.6021013562660473,0.4995529148938517,0.6018986842378792,0.5147994012999396,0.6143830129285917,0.6340029402012014,0.5003893081909133
560,0.42619823913228394,0.42781516845044676,0.6516259452313219,0.6003071761534061,0.49907930085338825,0.6022960883111976,0.5133726664830689,0.6141008042104897,0.6377681082941068,0.4979245504546753
561,0.4253057188688009,0.4258920894235412,0.6601222526232272,0.5947589236573249,0.49812633855090394,0.6030491278640584,0.5099333040185753,0.6138425385294323,0.6462816454372994,0.49019924666391346
562,0.424535834065704,0.4249729980800648,0.6676898780160979,0.5890135988199813,0.49768486747516805,0.6033812032570697,0.5073723115658503,0.6140459410437612,0.6517856118898776,0.48220170615795555
563,0.4232985614216732,0.4201379432224554,0.6845428692392458,0.5755682030184217,0.4975838472931759,0.6040755397643183,0.5018751157921609,0.6139841796954822,0.6718604312936326,0.46481778766115356
564,0.4231284567206874,0.4192257925713157,0.6886360025793432,0.5716224387475591,0.4979707412169622,0.6040354164964442,0.5009322894647762,0.6140985970245926,0.6760773382413133,0.45994996046622033
565,0.42351924657073153,0.4170381452892154,0.6914667681343962,0.5696492883134036,0.49816365867186285,0.6042547320463422,0.5000344624262917,0.613919347014046,0.6855597035883121,0.45817542923314547
566,0.4238290062237426,0.4158632499806114,0.6937870724419408,0.5676033034567992,0.4985131213392439,0.604272618318696,0.49957582661376315,0.6139089843897666,0.6919392978373764,0.45618584891468034
567,0.4241995120984535,0.41493523453944753,0.6959696148233557,0.5655062800771816,0.49896802584531236,0.6042104331339081,0.49931415030372844,0.6139402917690687,0.6981913762897489,0.45423508833680803
568,0.4246234781903241,0.41426159945288477,0.6980126426503847,0.5633607084641399,0.4995251059662287,0.6040670085182768,0.4992533751971538,0.6139990745055472,0.704296854370813,0.4523311369365432
569,0.42486379785711764,0.413429659897647,0.7041274462001635,0.5554501396370928,0.5015038994552061,0.6032995928515419,0.4993650557201007,0.6139755369706345,0.7089004221215786,0.4437882818192912
570,0.4252794188274601,0.4128702200425526,0.7070631018948168,0.551367605742024,0.5028886853987561,0.6026902297043397,0.4999350258706141,0.6139337079291929,0.7151292895166571,0.44021833928750287
571,0.4255112054408497,0.41268099576526085,0.7084195550214808,0.5493326383787309,0.50364966127098,0.6023362285904476,0.500351910774278,0.6138728613598617,0.7181421342702109,0.4385501768550703
572,0.42612992095438884,0.41270204316431436,0.7109782884948184,0.5450744713680445,0.5054854562044188,0.6013458101423014,0.5017703459415155,0.6137881109560559,0.7265351646039255,0.4356579448933404
573,0.4267652729234903,0.41335642158270003,0.7131344910359465,0.540800345544225,0.5075391801826078,0.6001258954556914,0.5037271960238356,0.6135732613693142,0.7343589163347779,0.4331357383577273
574,0.4271554345945998,0.41338406618259266,0.7150007143891125,0.5370792408724854,0.5093155489447633,0.5992263516254586,0.505162585844718,0.6129359921895867,0.7370262334629902,0.4305950043553475
575,0.42760834525552976,0.4151457400741942,0.7156677167676369,0.5345582386202147,0.5108528442861457,0.598008878973448,0.5073435555239897,0.612878269617417,0.7438514414851469,0.43000437679614484
576,0.4280347636327626,0.415427025407607,0.7171609750483828,0.5309965363544639,0.51281348971067,0.596939725559438,0.5092278895529943,0.6119274478523936,0.7460860565510206,0.42810945486373475
577,0.4295895557943658,0.41449384492733005,0.7216246650000828,0.516653266399151,0.5231272022868172,0.5915201572696154,0.5187635821812747,0.6052098572263849,0.7486829857253846,0.42354791563869476
578,0.42963959062339163,0.41520076498172154,0.7216836769124014,0.5151783072265503,0.5244915177410991,0.5905223034563014,0.5205013099577118,0.604441692837749,0.7503308750213751,0.42386535362432
579,0.4296672117585478,0.41682890186666327,0.7216091463052288,0.5123676201103435,0.5272721249064595,0.5884135746354594,0.5241493868458811,0.6027912939851423,0.7533120550863445,0.42484773950308174
580,0.42967518327848175,0.41775391100841786,0.7214876729605157,0.5110401702476637,0.5286775971467337,0.5873085289927531,0.526066990409474,0.6018874598540798,0.7546341754775909,0.42553121942036626
581,0.42966846581006474,0.4187511315576022,0.7213075460606626,0.5097657928550621,0.5300927292354789,0.5861683049928572,0.5280399890342427,0.6009390895313047,0.7558442517502737,0.42633781413694066
582,0.4296468525635076,0.4198201694731745,0.7210695260311476,0.5085462877443303,0.5315154681761158,0.58499328479539,0.5300658648048374,0.5999469532479303,0.7569407648189415,0.4272676923089269
583,0.4296102136215445,0.420960533844082,0.7207743462047628,0.5073833582314333,0.5329437604417178,0.5837839089610335,0.5321420033254745,0.5989120176796321,0.7579223134752016,0.42832081966141167
584,0.4292505757445703,0.42375227104384616,0.7200958677923409,0.5058618828544863,0.5346872861717042,0.5819414545082424,0.5351773576940849,0.5979627057218454,0.7602066654934491,0.42981481455619336
585,0.42818489677431576,0.4305435348571167,0.7184333541824365,0.5036085171970436,0.5370112141631161,0.5787353905376562,0.5401900975124804,0.5972948249038716,0.7644093794727355,0.4320887017355947
586,0.4270423010621575,0.4385027465442129,0.7163002462021112,0.5015003080447487,0.5392374615837353,0.5753141770481125,0.54538783696627,0.5966527608529476,0.7672475523670681,0.4345348306016647
587,0.4262162510057263,0.44510338065040556,0.7143717835168297,0.4998992937823062,0.5410953484262827,0.5724361857880343,0.5497374177549365,0.5958088718340601,0.7682683412872817,0.43683765331595015
588,0.4264931440294663,0.4468913715643929,0.7135968338215469,0.4986762353333763,0.5434373897321366,0.5702395766217144,0.5536987844718453,0.5928884418186543,0.7670154611697186,0.44028376166492555
589,0.42611493640949777,0.45351083465878445,0.7109477608465409,0.496819558150272,0.5472820730202808,0.5656272923449956,0.56114602241812,0.5887838915404697,0.7650669451873887,0.4467166424441767
590,0.4249719670134864,0.46127490641251123,0.7082163540156943,0.4957221508632724,0.5489590786266302,0.5624199722609633,0.5655341021717601,0.5880020211564593,0.764233738888979,0.449771365546596
591,0.4252541564425676,0.46342086861746945,0.706945807157252,0.4952743205299145,0.5510807570558596,0.5600289420200557,0.5696721212766068,0.5848162520145963,0.7619158934530303,0.4545060844216664
592,0.42494685812313554,0.4684693782158027,0.7045315357816452,0.49479787165288447,0.5533563871828329,0.5567495127645526,0.5746788579997631,0.5819787076596401,0.7591620758074279,0.4599565718045876
593,0.4250513642847761,0.4733192262384837,0.7015594248538809,0.49483936198733686,0.5564116935778389,0.5526100155662521,0.5812336804773937,0.5773188057340037,0.7546087794068488,0.46841767317395805
594,0.42488494454391607,0.4759649285940294,0.7001292552092587,0.4948887554353453,0.5574406150369009,0.5509368658011724,0.5836685144882802,0.5759156664994408,0.7528076318536154,0.4715256550092705
595,0.4257174944610586,0.4779403901383778,0.6978005772559188,0.4959022205658531,0.5600535747476408,0.5476097056705223,0.5892919992306208,0.5707409424941271,0.7478239570499887,0.4804928516928034
596,0.42387754325316934,0.48950341110506934,0.6920624603939717,0.4960916505044819,0.5622758590584049,0.5425896457639542,0.5952081245969466,0.5692402728908544,0.7423790259631738,0.4881362341198272
597,0.42429905580311067,0.491947198231409,0.6898049410436703,0.49716183366781225,0.5637949983322452,0.5401454665339869,0.5989999967602695,0.5660381025328485,0.7382189738091487,0.4948064009892546
598,0.42415320389920497,0.4947465643686585,0.6879657863989384,0.4976728066846202,0.5645918566169073,0.5385325501964602,0.6011397242414637,0.5647900997356652,0.7356859729440147,0.49841629673085264
599,0.4252238638812125,0.5073236246410479,0.6756795085415799,0.5040990810097145,0.5700338500646447,0.5286769584194039,0.6148724018979507,0.5533321475389557,0.7157356043185754,0.5275446676076648
600,0.42516205182144795,0.5101065835719751,0.6734538766879397,0.5049968624268548,0.5706088317578274,0.527311944068658,0.6165391462674282,0.5523085093784544,0.7126152293697451,0.5314391906670648
601,0.427491359803682,0.5116356933532216,0.6686967821237307,0.5095020895883713,0.5723241104555801,0.5239634778936733,0.6220531695549808,0.5456126892468667,0.7023955966166178,0.5459836226067001
602,0.4266390726088675,0.5174610101098278,0.6647471037752495,0.510352651711475,0.5729696536685945,0.5222800807805212,0.6235403106046497,0.5456802995784397,0.698130576062115,0.5503134792367551
603,0.4267396530194142,0.5228454781473996,0.6597776957402803,0.5125150064189425,0.5738507306234364,0.5201937939260314,0.6260338674109768,0.5440033477496876,0.6912101330871833,0.5581465085064355
604,0.426084429422349,0.5286421733283856,0.6555802736058806,0.5134405974315951,0.5743735555103877,0.5189197027997621,0.6271214320558719,0.5443219432946627,0.6866088686791375,0.562355516970206
605,0.4255492504514473,0.5344267520529007,0.651275619449128,0.5143906975034054,0.5748369735763792,0.5178471950371994,0.6280436275628571,0.5447575008531258,0.6818584283170351,0.566484317327816
606,0.4258046803570847,0.5370980245542791,0.6486346934298528,0.5155013085813197,0.5751225443966537,0.5171677517185439,0.628984627345119,0.5441167817408288,0.6781320692791485,0.5702511805022678
607,0.426100683031943,0.5397462478336934,0.6459586718488078,0.5166199003975306,0.5753848367754869,0.516575961704547,0.6298506254847258,0.5435118248839129,0.6743627876136488,0.5739819386027056
608,0.4258148938443919,0.5454167098667756,0.6414422003953084,0.5176061995253747,0.5757536462766157,0.5160066361282084,0.6303783608342619,0.5441719672643877,0.669368983641267,0.5779162926224516
609,0.4251495874905303,0.554049012468213,0.6349584062529473,0.518498878085513,0.5761918830389073,0.5157317752352069,0.6304062205297956,0.546222831094435,0.663003508367743,0.5819427168008365
610,0.4256888029621719,0.5566175999459697,0.6321632676925094,0.5195973566629034,0.5763278416217785,0.5155875080799925,0.6309776949535463,0.5458049773005288,0.6590557365451138,0.5854351801739347
611,0.427347186619759,0.5586937159489602,0.6284154436116824,0.5219010026771478,0.5764429963634659,0.5153697020213766,0.6323454118823759,0.5437074828374472,0.6523888052371443,0.5921264723055378
612,0.4291167191318682,0.5606784887545474,0.6245909635705135,0.5242221405994284,0.5765167862546369,0.5153622485525617,0.6335313102222594,0.5416559075762646,0.6456633558960923,0.5986789326088432
613,0.42941697978478993,0.5659126779534976,0.6197545399836403,0.5251877203666349,0.5767844733123377,0.5160317233935418,0.6332655649105611,0.5426582034126476,0.6404118547522158,0.6020584061733191
614,0.4310622782948269,0.5705289424243737,0.6139030717275576,0.5273208119132478,0.5769459138071833,0.5170201629986075,0.6335574015399876,0.5420704849921326,0.6323800828820808,0.6083377041707045
615,0.4332084439442571,0.5722679235771363,0.6099752341886737,0.5295319826984592,0.5768649128612483,0.5177760396331054,0.634258587036121,0.5401943898283457,0.625587512706744,0.6143021707494828
616,0.4337317613074592,0.579746004487588,0.6030686693726858,0.5302824150556108,0.5773520438098227,0.5201355196018946,0.6328422584609575,0.5426715949255725,0.6190987441633997,0.6172001886161388
617,0.43614279980269227,0.5813131433572367,0.5991500315670967,0.5323493064272443,0.5771729382982513,0.521443311450597,0.6332720131476341,0.5408991525826645,0.61235251303222,0.6226869633346342
618,0.44005303908097293,0.5821930552925395,0.5941984573555109,0.5354770676551174,0.5767445059705634,0.523294472736887,0.6340303863544817,0.5376126195700606,0.6029106349394051,0.6305881200483608
619,0.44256990088872233,0.5882782902552157,0.5863641064124161,0.537065567842228,0.5771765921895977,0.5274660912279588,0.632499068308423,0.5384718528218871,0.5940401807772507,0.6352798501640924
620,0.4441158816668911,0.5946642684733953,0.5795971312544491,0.537540931992842,0.5778606794798948,0.5317960444373474,0.6303639264275323,0.5408598428214997,0.5879393532008343,0.6371131708232962
621,0.44952538437538936,0.6106166451118379,0.5625539561864891,0.5382510393151428,0.579928176311925,0.545020055230056,0.6237154886749118,0.548107464095995,0.5735999411378729,0.6393697100687704
622,0.4551060261589743,0.6215892320357947,0.5507770495638851,0.5385438006875761,0.5814670638171738,0.5559648746093705,0.617979919758907,0.5542211505422925,0.56421668492226,0.6391192874565683
623,0.4632674827742238,0.6221069669387319,0.5441174116681733,0.5412223214248274,0.5798606684002802,0.5636590938378483,0.6181212258915177,0.5494978444382754,0.5509779152315833,0.6464935981746485
624,0.466447278213991,0.6247426417278901,0.5402098884652994,0.5415288826701897,0.5801324229728707,0.5683140115621915,0.6163811545909378,0.5502931330074021,0.5468777392423799,0.6470159783640983
625,0.4708731851617248,0.6287145628660685,0.5349098601667754,0.5417001637713676,0.580774533691022,0.5749956082088709,0.6134785914021301,0.5520608776441082,0.5419564344760962,0.6468638907263368
626,0.4811878149265119,0.6376010575407405,0.5243637758219873,0.5416211329541343,0.5828026830443223,0.589550014006815,0.6056024740335408,0.557592982256496,0.5335819075304633,0.6442309461819483
627,0.48738984997466034,0.6380474673306797,0.520855843954035,0.5422263674654723,0.5815885615020662,0.5957897416572402,0.6048701884739287,0.555321351189416,0.5269695990992412,0.6461103225749463
628,0.4915416262271293,0.6395811207737088,0.5182321011755414,0.5422699577198756,0.5816342155614054,0.6003762864333301,0.6029244079631387,0.5556324919929354,0.5238962718753497,0.6457808297715674
629,0.4941703326692488,0.6399521060116321,0.5168970541720554,0.5423460811271756,0.5812806507817397,0.602973749480892,0.6022579665915171,0.5550942324212516,0.5217328289117813,0.645993515844586
630,0.4968133740087112,0.6402675713632714,0.5156418349458132,0.5423878102923854,0.5809104894476351,0.6055208864084595,0.6015898486723982,0.5545245996026845,0.5196769555636401,0.6461462995934704
631,0.50051618940518,0.6398150353402754,0.5143145825770244,0.5424854839687513,0.5797699430468988,0.6086204963350463,0.6015522359332841,0.5526064322863236,0.5165215760305414,0.6469787308295574
632,0.5065142267965972,0.6377408303136041,0.5129122456380721,0.5425955109868211,0.5770126025112338,0.612605175437513,0.6027102511796332,0.5480823625082347,0.5116596105442393,0.6489619762233848
633,0.5107011590608984,0.6385724003369783,0.5112331300309902,0.5422406871238536,0.5770156707695064,0.6166114275515245,0.600741522460465,0.5478410139833216,0.5097761405792381,0.6480844583510981
634,0.5180048886382369,0.6353205261847887,0.5104377172477331,0.5418987701466286,0.5731959211308398,0.6200830266164156,0.6024643908243497,0.5421908040207287,0.5058530345288715,0.6498782895923265
635,0.5230975525015339,0.6334642167872034,0.509955407901708,0.5414090779338662,0.5710436591199695,0.62241918100297,0.6029243477809284,0.539033189408713,0.504194121031548,0.6503576314156232
636,0.5294646368741084,0.6320140729296027,0.5092996512529918,0.5404087524784582,0.5693516364392709,0.6258712225380791,0.602092155860491,0.5361221481164055,0.5030471185599702,0.6497684446147156
637,0.5332580128986945,0.6321383027352376,0.5087633310480851,0.5395336795463916,0.5693792013108834,0.628709680605866,0.6000665518182084,0.5353417735240599,0.5026913456734363,0.648371533958787
638,0.5357441900604807,0.6317240499072715,0.5086727832310616,0.5389797536269375,0.5689224797799974,0.6299977165121778,0.5993195520211878,0.5344189015918601,0.5025931130537212,0.6477829208444053
639,0.5395298505203437,0.6316581410444981,0.5085053344929374,0.5380084071676868,0.5688993107859198,0.6323610547835545,0.5971634697957493,0.533544453928524,0.5025530015611749,0.6463133100283879
640,0.5419572555785265,0.6311519045555696,0.5086288998992776,0.5373802117906716,0.5684111536326325,0.633343148592642,0.5963602796915202,0.5326008395443961,0.5026986267036867,0.6456600303186619
641,0.545410094305057,0.6297366803635588,0.5091047978859413,0.536449481977646,0.5670135746603613,0.6339830516605195,0.5961490133854195,0.5306998593055334,0.5032684868675137,0.6451351464439673
642,0.5477469156925917,0.6291470653232464,0.5094073639107556,0.5357422583363722,0.5665397785596479,0.6346938846135577,0.5952985432983018,0.5297439212133268,0.503694790780644,0.6444145265572002
643,0.5535893642640544,0.6280443913760004,0.5104027532387493,0.5338003916134575,0.5660312884974041,0.6365460883914728,0.5919709958161519,0.5276951882160256,0.5049459394147374,0.6420757880488756
644,0.557112314778551,0.6274789790735343,0.5112165701867389,0.5325580128852514,0.565953938680243,0.6374786779537983,0.5894113957275025,0.5265977597140635,0.5058159701267925,0.6404716721671959
645,0.5634487341635952,0.6251324049326056,0.5134468493846719,0.5300188874936178,0.5645559784792101,0.6374673257918502,0.5862834346489051,0.5236579301787546,0.5086140263605439,0.6380734004972742
646,0.5654693731611637,0.6243161349977904,0.5143030821668492,0.5291357235211795,0.5641062467807932,0.637248372040186,0.5851789850782947,0.522707721053586,0.5097105032113058,0.6372470652154537
647,0.5681428492265553,0.6226492004143156,0.5156593475620841,0.5278011779941512,0.5628933023210202,0.6362923573881183,0.5846306288646531,0.5210604371062437,0.5118876017927072,0.6363440786445851
648,0.5777743368909722,0.6209807117435517,0.520473624970278,0.5240630985806264,0.5646210690056677,0.6361777627394822,0.5723949481219943,0.5184632770382225,0.5147222763993975,0.6311206511659118
649,0.5798414364481087,0.6192696450601455,0.5221571035284571,0.5226564132226481,0.5635091344038244,0.6344862249883326,0.5716229479508037,0.5169658601109433,0.5173775828931311,0.6301557416917168
650,0.5850623421378978,0.6147592097899284,0.5270514637345838,0.5188486966190501,0.5616048241098299,0.6298448517399293,0.5684101615387323,0.5132244179024454,0.5249068410723743,0.6272227899709769
651,0.5864468483317319,0.6137343733988514,0.5284155985365544,0.5179119054982743,0.5614807477403023,0.6287381819286666,0.5669162850479923,0.5123966302369363,0.5266499592955749,0.6263519080736972
652,0.5935654405022331,0.6105558187526351,0.5347141749536329,0.5148887671855539,0.5628860438437364,0.6253374717545163,0.555435538150383,0.5098168037223457,0.5299341335056817,0.6227739274369678
653,0.5957285764011347,0.6077656912460375,0.5380791040529869,0.512766177412508,0.5626375666778028,0.62201095237026,0.5526746323672732,0.5079691643754615,0.535109996073568,0.6207827236736504
654,0.5973608286895506,0.6044694643731015,0.5418430281759873,0.5103675791094654,0.5629116869383342,0.6182676201811653,0.5501174770631069,0.5059601220408744,0.5420404317745771,0.6182219879716826
655,0.5981581485503438,0.6033712489931633,0.5433302960594084,0.5096438048874795,0.5632637201446415,0.6171289407849705,0.5484560987362034,0.5053322251439818,0.5439338654079999,0.6173376385010287
656,0.5998013290535343,0.6016245024658856,0.5459739182734211,0.5086491629416988,0.56393366445455,0.6154585227215797,0.5448451553676514,0.5043990040702425,0.5460819884778241,0.6160964523474544
657,0.6013568998451105,0.5998248060143656,0.5486253788348892,0.5077478581281922,0.5646450495264758,0.6138344311894658,0.5412861455140681,0.5035276724851266,0.5481971639917688,0.6148993620587703
658,0.6056104720054567,0.5956555159290005,0.5548366077422052,0.5063281526615779,0.5660071616459078,0.6105868646592111,0.5324504063406509,0.5019227555426643,0.5508672667604868,0.6130100794911042
659,0.6060597120083955,0.5945164784577921,0.5562392895224799,0.5059277725024506,0.5665893135933304,0.6097348963297694,0.5309264802205692,0.5015114767270499,0.5526617898218454,0.6121574203957755
660,0.6079765047804553,0.5889848377476874,0.5630093313674638,0.5047212417390279,0.5695449725915498,0.606714416968165,0.5235622871742359,0.4999797585215651,0.5597650609271527,0.608594752101822
661,0.608120090511973,0.587860791375133,0.5642966082864074,0.504623019632257,0.5703949109621613,0.606323464190259,0.5222016999577758,0.49974614171170967,0.5614355789191549,0.6076840973167218
662,0.6089609744146814,0.5857712618790546,0.5667615594769224,0.50459192051853,0.5713739977878235,0.6056877680083234,0.5195158853199147,0.49944009457321753,0.5631471914137698,0.6066988043972609
663,0.6074858925197353,0.5844406709216456,0.5679915304359292,0.504770062522487,0.5742111728814512,0.6059637044926078,0.5183837090681168,0.4991990589823959,0.5677900966664737,0.6038898009471966
664,0.6083444923045016,0.5801503293860898,0.5727615187581095,0.5054344407788327,0.5763407670906682,0.6058469104168198,0.513758886591949,0.49906407233800804,0.5708154390416437,0.6019567716449928
665,0.6088446992458335,0.575751320047424,0.5772517472232738,0.5067015706639522,0.578372929777412,0.6065184516224174,0.5100333086698978,0.4993629936951008,0.5735082787173299,0.6000822134749154
666,0.6075439020533858,0.5747739623521285,0.5780135827188366,0.5076729664862359,0.5808039609577255,0.6077420431102237,0.5092008120477814,0.4995599382073299,0.5762059058061653,0.5978250314035936
667,0.6051821406216,0.573994666182242,0.5784465983553393,0.5092459976091163,0.5847688628588107,0.6098941650640534,0.5083608114033237,0.4998646212650781,0.5801358851881204,0.5941776299422312
668,0.6036209018115559,0.5731594287470125,0.5790421779318502,0.5105718255432347,0.5874620447314498,0.6115626714744733,0.5076005109582216,0.5001908871615339,0.5826009158983809,0.5916711851566295
669,0.6037729418751537,0.5685095033996809,0.5833724396380584,0.5127458913616476,0.5876230427678563,0.61319220666609,0.5055830300772334,0.5014171216091307,0.5831950090917137,0.5911137762265579
670,0.6035281845917921,0.5650023092531742,0.5863253868582475,0.5148300704796265,0.5878630473753441,0.6148981840719979,0.5047486213951173,0.5026377124331928,0.5837695951142283,0.5903984507527353
671,0.6029461671967855,0.5627382630515856,0.588040944615641,0.5166271158051712,0.5884061858540958,0.6164677753579955,0.5044915996029173,0.5036231962241642,0.5844571524796628,0.5894401828661449
672,0.6022857695098213,0.5604680886842568,0.589667521041439,0.5185720428689011,0.5888293409062543,0.6181284516477494,0.5044953707358609,0.5047245719092732,0.5850590488616705,0.5884811141608931
673,0.5970068992670894,0.5597254718399772,0.5890029955573823,0.5243675896216918,0.5954623121480961,0.6237536469198001,0.5042774226217015,0.5064736558841224,0.5899598887139623,0.5810910015691815
674,0.593354606238063,0.5515598291883127,0.5943447730180842,0.5325666265026286,0.5937389677072392,0.6292748054249325,0.5070427499625202,0.5118697933916253,0.5903467306070223,0.5786691283139297
675,0.5898453258549685,0.551728787038642,0.5929828949469304,0.5369812880846008,0.5974417434964882,0.6322697212927975,0.5073282328145691,0.5131149368760729,0.592791546556505,0.5737545319398636
676,0.5871857296382902,0.5500531742041007,0.5933079801036031,0.5411798162138424,0.5981562718171999,0.6345011105855055,0.5085718122724759,0.5151506272439402,0.593696428914033,0.5710140959565129
677,0.5846403272019522,0.5498168305199499,0.5925049204699423,0.5446652389590895,0.5999478547146109,0.6362351751498958,0.5091386622821839,0.5163566059988534,0.5949834953251172,0.5678005527431573
678,0.582022108958762,0.5496252258724756,0.5916137917302007,0.5482369741373998,0.6015880946040785,0.637765377993182,0.5097522628216544,0.5175980771849912,0.5961943073262543,0.5645711402124793
679,0.579335168316272,0.5494758781684274,0.5906336415374749,0.5518865137311301,0.6030648009800883,0.6390679715766295,0.5104117540942541,0.5188738121265987,0.5973306428394424,0.5613364453886288
680,0.5753607066553337,0.5500321571285819,0.5884976385661654,0.556976284684807,0.6057418033073316,0.6405345254671208,0.5109966541519915,0.5203231881564216,0.5991797058328341,0.5562318510370036
681,0.5737479411851323,0.5492928511428716,0.5884275443394762,0.5593715288727314,0.6054625880058195,0.6409012692266692,0.5118583311751298,0.5215306126039395,0.5993852314527345,0.5549014736493357
682,0.5691769118802901,0.5485372451672473,0.587050945800007,0.5656636066842715,0.6058879347433861,0.6414652856321341,0.5135831584509891,0.5241747299196698,0.6004349998033373,0.5504328329285338
683,0.5644766629153014,0.5478446189016414,0.5854347584091936,0.5721214522460017,0.6058312126332716,0.6412214250113483,0.515467195565496,0.5269268250017396,0.6012968093269454,0.5460792980593024
684,0.5627177966425676,0.5471486923229,0.5851687263703329,0.5746968348010815,0.6050920930731322,0.64084643325453,0.5165181666049673,0.5282703680460554,0.6013180206935805,0.5448674848576662
685,0.5585474936603609,0.5443522993914491,0.5855527142109168,0.5811232989986845,0.601438920803373,0.639242893070196,0.5199446313593431,0.532308029450442,0.6005204374430978,0.5431759491202874
686,0.5549154491482121,0.5429866798580981,0.5847232029738051,0.5865548233455021,0.5995612980789661,0.6374702116891656,0.5223512690129736,0.5351770157441542,0.6002892537413144,0.5409445594143781
687,0.5530932121097465,0.5423065992495533,0.5842400526343481,0.5893223436004814,0.598574278851022,0.6363883810237831,0.5236078796656745,0.5366359946831597,0.6001246643780144,0.5398688203509083
688,0.549400964749668,0.5409679539945502,0.5831823341417814,0.5949294542795972,0.5964744471689784,0.6338270420800117,0.5261988534570036,0.5396130359222147,0.5996858832831373,0.5378035554920696
689,0.5415850029736532,0.5440664766204646,0.5746056042835392,0.605113490022711,0.599838829862293,0.6282557433794567,0.5274858581348956,0.5417265688403348,0.6023981603102573,0.5285644188442914
690,0.5389565493743678,0.5420741019384518,0.5748995308991206,0.6093667971629682,0.5964881547037185,0.625286852017135,0.530204392271099,0.544740212978682,0.6010319685733807,0.5284850760492066
691,0.5370586534385123,0.5414486034599368,0.5741593079675779,0.6122561386151238,0.5952500317375714,0.6231775456728762,0.5316137243453535,0.5463210467301516,0.6005868720308986,0.5276888970150967
692,0.5351621547722307,0.5408251980854969,0.5733823630719544,0.6151710969128229,0.5940212504078863,0.6209584172415201,0.5330472828504733,0.5479161457593626,0.6001010530979946,0.526926696857171
693,0.5332684116585129,0.5402039130315612,0.5725688936038812,0.6181113002975073,0.592807601228768,0.6186335395184029,0.5345042093294388,0.5495249215424161,0.5995737470058856,0.5261985578189747
694,0.5229412564375183,0.5304506965565686,0.5752398727274413,0.6366919217964258,0.5778170534946528,0.6025914623014826,0.5477261596577324,0.563661605079403,0.59012900494486,0.5289070959862172
695,0.5201351082735277,0.5304606414273358,0.5721158684145989,0.6415564786350169,0.578073922189822,0.5982361195973294,0.5495836686886582,0.5654838481955359,0.5897345560338203,0.5270707240797363
696,0.5150294321495282,0.5266818902581878,0.5713435130874058,0.6514921684857289,0.5732559346253605,0.5888840719158646,0.5559129592386379,0.5719777036414134,0.5848799359005517,0.5276703298690233
697,0.5133163622248837,0.526043256451227,0.5700326839239604,0.6548543695115564,0.5727529902083691,0.5857065055699769,0.5576625533512698,0.5736828593911767,0.5838039757048478,0.5272591842409053
698,0.5097716353590119,0.5266293454584623,0.5644553572986306,0.6614116543553271,0.5746124027655308,0.5793700758866479,0.5599874080373507,0.5757178961520732,0.583508008627852,0.524624502373798
699,0.5081020933480046,0.5260261337437108,0.5630783157726253,0.664754275821956,0.5742557832766582,0.5760923337256469,0.5617433545632995,0.5774496935256834,0.582301747546937,0.5243079052852935
700,0.5040765563579999,0.5237076616396324,0.5609725515383484,0.6732723577291976,0.5723945156959381,0.5677479617030093,0.5666748897814355,0.5825144204348067,0.5780238626711154,0.524498843485953
701,0.5024975700540979,0.5231153612209084,0.5594808682857451,0.6766638047562322,0.5723129934907278,0.5644234408502612,0.5684573914568561,0.5842583404825357,0.5766499339497672,0.5242637404761591
702,0.5002241351608024,0.5214161722912452,0.5586456799227932,0.6818873909676819,0.5710810014241121,0.5593505803583627,0.5716359525949766,0.5875777454416702,0.5734281352167712,0.5247897509460929
703,0.4956821646145636,0.52135082780653,0.5510603422962799,0.6916995644956677,0.5739963540208447,0.5496652127792987,0.5759576019908066,0.5914347757841721,0.5710050123080955,0.5226638433411176
704,0.4921903092469568,0.5192934436922596,0.5484696542457195,0.7002514713355424,0.5737317275827919,0.5415453316411637,0.5807091216093097,0.5965490903207586,0.5657286003474026,0.5231197424843007
705,0.4894857111696842,0.5196713242181433,0.5423793978331677,0.706431683459642,0.5768474120659379,0.5355127649566304,0.583321371989331,0.5986077439253593,0.5645392159656436,0.5215359675355511
706,0.48567260262624745,0.5196190753042025,0.5348490788578907,0.7154512932185741,0.5806334019828888,0.5268274188777445,0.5874204583426588,0.6023478485001046,0.5613521648448895,0.5200502095943823
707,0.48329765100591565,0.5199745136702437,0.5291298096002254,0.7209173219403568,0.5838278004513161,0.5214555773617657,0.5898178687952049,0.6042263570690444,0.559894664254076,0.5187842385141681
708,0.48218387590624845,0.5195631408958622,0.5275790074489547,0.7239842255267575,0.5845816731231029,0.5188003649951276,0.5912983231068486,0.6059451753307646,0.5578957022042457,0.5187886172608753
709,0.4795824001876494,0.5180543885112122,0.5249241101322251,0.7318958420594572,0.5858752894256222,0.5124359888720194,0.5950904551512555,0.6110035009929119,0.5514976285926254,0.5193368770924248
710,0.47724474913817777,0.5165890522223374,0.5222168341401024,0.7395356399907794,0.5874118923141038,0.506606744261147,0.59861476488798,0.6159425163145386,0.5449083991004613,0.5198261456973627
711,0.47638765425315865,0.5161880986023019,0.5206554351118542,0.742389722736077,0.5883261468300622,0.5044692482582427,0.5998764973702488,0.6175503849011773,0.5427313448330433,0.5198240269362043
712,0.47479867546752086,0.5154431113530298,0.517583717964717,0.7479116053932426,0.59018181274735,0.5005065988315237,0.6022227137826032,0.6206975322938992,0.53830519776919,0.5197874417002956
713,0.4733823149287226,0.5155662741905961,0.5125360609303367,0.7525250255397442,0.5931016949295768,0.49715942758024756,0.6040232294238915,0.6220245395981525,0.5363315019666579,0.5189219238941264
714,0.4727381605352643,0.5152364726064796,0.5111320131240032,0.7550576958884914,0.593962482670961,0.49556319893568856,0.6049936136901837,0.6234895033970929,0.5340519677367067,0.5188881271112934
715,0.47158009984178123,0.5153365405249029,0.5066375079089432,0.7591148409099576,0.596505323984664,0.4929036846642429,0.6064651041936839,0.6245031227977857,0.5320095893157749,0.5180810418311951
716,0.4697927312234576,0.5123162655803382,0.5066845157261411,0.7693135527132858,0.5972370650227009,0.48809867302496657,0.609695197187948,0.6350601288192536,0.5151691361914615,0.5194232400009764
717,0.4693440877453797,0.5120934186305206,0.5038445367722405,0.7722163603619567,0.5983147882932772,0.4869721997949049,0.6105309634410223,0.6359317609070381,0.5129417605942268,0.5189739456469098
718,0.4690951989299942,0.5117775111938406,0.5025900388210337,0.7740778726474096,0.5987657130175208,0.48633340167691896,0.6110163425956404,0.6370342006258133,0.510639731662597,0.5188109265674293
719,0.4688916287217642,0.5114700951312314,0.5013732446974704,0.7758429169977926,0.5991440888689031,0.4858153709894719,0.6114361053454445,0.6380835475514713,0.5083451576782102,0.5186286100839366
720,0.4685674165171182,0.5105810253100421,0.4991873881355894,0.7797577988372234,0.5997054557282561,0.4850270904397397,0.612129590435189,0.6413997904297527,0.5014532894497714,0.5182136850210866
721,0.4685428966558241,0.5100961388725657,0.4959146731123613,0.7831159162416683,0.599877839643161,0.4850680022018357,0.6125238763284446,0.642473065309557,0.4970587022503444,0.5173854801213921
722,0.4688527930539704,0.5094589469628519,0.4931965831649705,0.7861320412720029,0.599381706258351,0.4861228534182283,0.6123461404736094,0.6443681136792606,0.4905121843597042,0.5163255684361587
723,0.46914558468317735,0.5090454104493253,0.492403814756725,0.7870974167888741,0.5989511657145059,0.4870495355393588,0.6119615920189475,0.6460841173748878,0.48618187869725416,0.5157684195253767
724,0.4700001488938124,0.5081044430390605,0.49166718995101316,0.7871163696823738,0.5981495382677305,0.4897637598178675,0.6104537444626164,0.6510226771357852,0.4757420948784107,0.5143725819406029
725,0.4710897961335105,0.5075139028571025,0.48897885157242765,0.7889805847011323,0.5949293667849415,0.4926539085304365,0.6100800858063011,0.6483011942858035,0.4740627972229252,0.5132685646803009
726,0.47258601305714626,0.5070065002891639,0.48821369669497394,0.7863845538282568,0.5936122439368907,0.4974474988153771,0.6074909442759839,0.6522118377386288,0.46461981568772776,0.5111053639388649
727,0.4742074067073563,0.5062389243065009,0.48679456484384376,0.7871748773270406,0.5887572565356018,0.5018315119344732,0.6067731569492327,0.6483198341078525,0.4632500296012712,0.5099223478248643
728,0.476015251231207,0.505466769345591,0.4867084678333329,0.7870115680032753,0.5831888935983981,0.506868035623719,0.6058134334345319,0.6437069433840125,0.4620887588623811,0.5086407890480221
729,0.47676676892097236,0.5053617182582185,0.48674545310394735,0.7861244357133136,0.5816886444663618,0.5091723126457872,0.605027981252502,0.6430740600894194,0.4605364187548292,0.5078799566957497
730,0.4775496714754152,0.5052643215399544,0.4868422444066828,0.7851328497634004,0.5801478782078245,0.5115753701560666,0.6042240792779245,0.6423676446899952,0.45902977060682004,0.5070961172723474
731,0.47880000982234866,0.5049324621780172,0.4874548309625109,0.7839614592681182,0.576920567989243,0.5152496990228851,0.6033086026651121,0.6399863767314125,0.4577692434611103,0.5060921118909372
732,0.4809540844553969,0.5050764279873713,0.4878394625402609,0.7801130814069583,0.5738174732251771,0.5221315155879354,0.6008177687323144,0.6388385464385851,0.45349499152832723,0.5036750951459933
733,0.48238173321391464,0.5047290043863729,0.48897066087447155,0.7784194486520527,0.5703233664170448,0.5263058768002946,0.599919701881885,0.6360195642961891,0.45244343409191345,0.5025955416159231
734,0.48479214929450726,0.5049993608550236,0.48977148609974397,0.773615345576334,0.5672926021726782,0.5339588834513052,0.5973779263118948,0.6342284228311627,0.44871821901951997,0.4999327892623717
735,0.4858208829014026,0.5049667473945163,0.4903900735546346,0.7717879629713714,0.5656554736648259,0.5370774194222943,0.5965511823209572,0.6329195548319129,0.44763532117988025,0.4989671516846654
736,0.4879383109372708,0.5049508900713177,0.4917959058147983,0.7678919881603276,0.5624682991575348,0.5434766848626388,0.5949191581729202,0.6301280262161976,0.44562145593229685,0.496969430770148
737,0.49014028870834137,0.5049602828221086,0.49341255910572307,0.7637049057430203,0.5594071244849748,0.5500491880021066,0.5933528334391397,0.6271198571366717,0.44379764612681327,0.4949091081433692
738,0.49357229260802515,0.5050618989955825,0.49622538846004316,0.7569263240328562,0.5551687899988976,0.5601158576967342,0.591135426512958,0.6222398107662666,0.44142554110613225,0.4916938357423911
739,0.4959556239826962,0.5051308755386211,0.49832866373045426,0.7521180451606485,0.5526115067694912,0.5668871733826572,0.5897933091606262,0.618775672952313,0.44006372205083466,0.48950549378230246
740,0.49839933763298616,0.5052218980757498,0.500607589550746,0.7471045988466196,0.550321460435148,0.5736349033706081,0.5885558920893439,0.6151646593583061,0.43888059012244984,0.4872772368924625
741,0.49964724780410746,0.5052624379024822,0.5018038379407281,0.7445282468215576,0.5492842882743776,0.5769830460493303,0.5879857658568004,0.6133131939867301,0.43835016176331754,0.4861568214270404
742,0.5057925397521548,0.5020743711814217,0.516551043466706,0.7357441151624928,0.5336099476938132,0.59086540808118,0.5906206114517615,0.5961126043346265,0.4399498777531523,0.4838884855841446
743,0.5070437522950451,0.5022287973104022,0.5181986950877684,0.7329035126385487,0.5328168129607471,0.5939473806706707,0.5902464415576444,0.5941545217531196,0.4395590472142019,0.48269137948162794
744,0.5094139773912623,0.503696039459088,0.5188423309591187,0.7264387498000059,0.5351149102140421,0.6000277533266619,0.5880160778859626,0.5926245514169163,0.4379623987467883,0.4794250119990466
745,0.5118005146686191,0.5051808923920655,0.5194360492722997,0.7197986289212609,0.5379525066170041,0.605652715340429,0.5856712728120688,0.5909927605379673,0.4366945358496167,0.4761729716551508
746,0.5144351730577236,0.5054728581964183,0.5227262897757163,0.7138875250861063,0.5375478426833542,0.6107575044539106,0.5850350365697486,0.5869868555703368,0.43638878942137765,0.4738359278339729
747,0.5157668300170091,0.5056141985793152,0.5243892096975978,0.7109013360045523,0.5374787276091924,0.6131328540424407,0.5847432899712544,0.5849888129371046,0.43628068461845515,0.47267722735599665
748,0.5176288677979796,0.5064792558565698,0.5255040142482211,0.7060173534497924,0.5394745408702065,0.6164090315311924,0.583319112403674,0.5831129336548385,0.4359122332272746,0.47049557239325107
749,0.5211208516739341,0.5062136199286776,0.5311723879635429,0.6988134361385017,0.5380114668951586,0.6212334689963437,0.5836219360783618,0.5770426369899783,0.43615960883167043,0.46809394212780625
750,0.5224635418148966,0.5063718983303162,0.5328915891240329,0.695762567037705,0.5383353039692024,0.62287488113023,0.5833379012285089,0.5750767255226279,0.4362027907969482,0.4669654677222991
751,0.524305697891927,0.5073108562228232,0.5340219612116714,0.6908786529602602,0.5409912497469453,0.6249206065199305,0.5817475014046776,0.5732083939719176,0.43615312505935866,0.46484276253960655
752,0.5261444800462878,0.5082591139925456,0.5351172924458187,0.685993385094563,0.5438667589683946,0.6265558924883556,0.5800710419078057,0.5713403127741175,0.43622710052985564,0.4627621225651864
753,0.5297810219136841,0.5124616170115176,0.5336494892009769,0.6736816174594262,0.5569762613130446,0.6282772624570184,0.5723870229819811,0.5695666461720643,0.43687533779276816,0.45698955884136416
754,0.5343486887702897,0.5137040771211695,0.5376385153296775,0.6629017536734864,0.562682348422266,0.6283343007388855,0.5693348142417829,0.5639531065623001,0.4382538359869238,0.4532395470944067
755,0.5375136637187469,0.5148052446055335,0.5399462798565172,0.6551883234973437,0.5676611584041407,0.6268945294929402,0.5665355056006521,0.5602866531221592,0.4395217887301165,0.45062061693490535
756,0.5396219694853591,0.5166585005396139,0.5400023002380827,0.6486945662383033,0.5743771726295822,0.6246300418918648,0.5623997919393502,0.5583851845700875,0.440936889791659,0.4482236996837616
757,0.5424194397939817,0.5168468453839756,0.5427344340047257,0.6429107838162758,0.5768128382651404,0.6221609986740527,0.5611031727107352,0.5548971379770125,0.4420946187124666,0.4466541795339055
758,0.5441226402510048,0.5178319811171301,0.5433562132683281,0.6383127561243709,0.5807894349936833,0.6195977933685055,0.5585304590206767,0.5530802625171289,0.4432765694752567,0.4452131876572365
759,0.5465959056886499,0.5170893626770839,0.5466489024734199,0.6342997399674462,0.5803304056427404,0.6172076188313274,0.5589911274198361,0.5497863763552701,0.44396988715611563,0.4444589908472617
760,0.5482396297640478,0.5180904381555066,0.5472104606571988,0.6297989043755576,0.5841539736574068,0.6138983484415637,0.5562192978409672,0.5479798701865427,0.4452621630010497,0.44314118842970995
761,0.5527818201113406,0.5156595273628105,0.5543408128096883,0.6233337153113065,0.579961082800822,0.6089641383487464,0.5588978876035902,0.5416464763317432,0.44605374886492927,0.44238233122170656
762,0.5543227409614598,0.516688177725394,0.5548683906542581,0.6189635169673081,0.5833891654327324,0.6047483929140716,0.5557716688012357,0.5398536541317556,0.447401278034592,0.4411944215466343
763,0.5578869695740232,0.5160250034694626,0.5591648118485002,0.6121162448887406,0.5829293104417176,0.5979959666997108,0.5547983574219404,0.5350350980121451,0.44883778782519923,0.4400424405581479
764,0.5591303741408798,0.5161131015456056,0.5603095506575858,0.6093370744713756,0.5835126913232047,0.5950240913907411,0.5536893619717437,0.5334011649753522,0.4495567504917908,0.439523257080177
765,0.5613682703959242,0.5153402203988091,0.5632644782533809,0.6052606673819863,0.5820910444241454,0.5907532482823661,0.5536504264301156,0.5302986454684192,0.45029321529779087,0.43900648280886123
766,0.5637195327604296,0.5155254054070568,0.565466089714791,0.5997579209411367,0.5827991466039909,0.5844189599940391,0.5511581426244819,0.5270416743525971,0.4517345896720497,0.43810776124970163
767,0.5648825392770364,0.5156109006542616,0.56650883087209,0.5970215386964767,0.583061047862453,0.5812266033570745,0.5498942634472422,0.5254301243378624,0.4524666726719895,0.43770254847238294
768,0.5679524910109062,0.5139591979289082,0.5709565180697146,0.5915976297006513,0.5792263312969407,0.5754989568704437,0.5506870053736571,0.5209713395228444,0.4531966458086119,0.4372988389218195
769,0.5699571823605197,0.5131884738570881,0.5736222571487652,0.5875140003715336,0.5772728513337501,0.5710590659005403,0.5502988393347427,0.5179475778236724,0.4539038815189979,0.4369486241726586
770,0.5720071338821942,0.5133679145444802,0.5755552119610533,0.582148781488513,0.5771247920929621,0.5647720736068254,0.5473297290793391,0.51473583468656,0.4553003644803861,0.4363592224152139
771,0.5738999142519186,0.5125911532975612,0.5780269253433393,0.5781031963218815,0.5749798993286076,0.5606459209244091,0.5468151057017179,0.5117697334557543,0.455989003400949,0.4361137331388131
772,0.5748675998587932,0.5126739345992286,0.5789007669596863,0.5754652828920331,0.5747612142906054,0.5577457240331177,0.5452913461823354,0.5101859917112532,0.4566783419152497,0.43590102197664826
773,0.5758801447820836,0.5137043951214052,0.5790822240776287,0.5716151822876869,0.5761579357807022,0.5532284604347748,0.5413394913543317,0.5083694075530655,0.4580687927429091,0.43556944788111523
774,0.577685287604091,0.5129027191165477,0.5812974317225953,0.5676690327182414,0.5738414576696431,0.5498122737948696,0.540804818344243,0.5054869715043685,0.45874682340887024,0.43545919810195144
775,0.5831586610542148,0.5079828894423511,0.5901299346232413,0.5568963107782587,0.5627556949248896,0.5439540166477477,0.5445015012966822,0.49611014699330397,0.45926283698517784,0.43552505264094005
776,0.5845593559892427,0.5081216127770467,0.5915610015766574,0.5520316459538614,0.5620490639677752,0.5407886416427554,0.5410838057324797,0.49304222835406386,0.4604208602297712,0.43548748879127774
777,0.5871044163505152,0.5058778125849579,0.59570674927655,0.5456488107580264,0.5575222199277152,0.5396746055296001,0.5417812658566064,0.48784118736831594,0.46088381506557,0.4356705524841908
778,0.5876889939556066,0.5059366583005255,0.596323783446134,0.5433568556709707,0.5572831777245043,0.5390276076959236,0.5400771334569289,0.486373262949361,0.46140834723425117,0.43574265651944777
779,0.5882260432442352,0.5068062862814201,0.5964181997313709,0.5401547569810784,0.5580039423654602,0.5380325947360263,0.5360845857397276,0.4846501650405666,0.4624685433519114,0.4359356170917496
780,0.5893546302245696,0.5060988264170565,0.5979531678186663,0.5367167981638807,0.556662658473795,0.5387137928352647,0.5353258852288982,0.48209169263181273,0.46294806093599716,0.4361665879997637
781,0.5897974252338147,0.5069587452791353,0.5979591987749883,0.5336996768546992,0.557325195197306,0.5389894571548904,0.5317227652149797,0.48041407373727035,0.46395042359094346,0.43656727178610866
782,0.5902024382129353,0.5078347041713798,0.5978880192879026,0.5307719992392609,0.5579364454403416,0.53996070879703,0.5284559492330542,0.47875766531724856,0.4649378402070769,0.4371092575691219
783,0.5912710827881471,0.5070870824757611,0.5991239196105378,0.5276695800325484,0.5568886478018242,0.5425655675815196,0.5280786541553293,0.4763992531506956,0.4654058985903626,0.4374991220740985
784,0.5912685277847078,0.5096603067509342,0.5979213236562981,0.5233867020568668,0.5588242874109199,0.5462355145634595,0.5221120605816868,0.4741912429899762,0.46725055732489074,0.43909624969315764
785,0.5906052955965131,0.5142802497720503,0.5952231360312489,0.5179075118152412,0.5616878859240714,0.5545723950407776,0.515599861986817,0.4713545468232926,0.46990229053417687,0.44257910581942317
786,0.5924948257274162,0.5124521633199223,0.5965407818420202,0.5146576700230321,0.560077450942971,0.5626347827038433,0.5172245824515939,0.4685323603564252,0.4705148412997948,0.44322006379104273
787,0.5926216156525855,0.5133802707053046,0.5959525363664069,0.5126092316534481,0.5604751668992991,0.5685093265957699,0.5164805235690864,0.4670992509250164,0.47135666977750007,0.4446903992367279
788,0.593696455865625,0.5124609642513624,0.5964379844308176,0.5105607033066959,0.5599825169751802,0.5755624711127839,0.517455992709372,0.4652796526315322,0.47189823681377147,0.4454283573120215
789,0.5949954526294784,0.5115275206157409,0.5967680302186299,0.5075673650245449,0.5599180331607678,0.5881718534506458,0.5186890164426757,0.46256343668789063,0.4728339650973053,0.4470162829676678
790,0.594615479937803,0.5132747764878665,0.5954862992202332,0.5056599689509684,0.5607644327691597,0.5983528673424086,0.5184047583650044,0.46104311837945505,0.47385124892586167,0.4497069159611386
791,0.5944012081034555,0.5150179437193796,0.5938432883362179,0.5032305342402023,0.5616941543174374,0.6151824781231102,0.5195345117214488,0.4587716657268381,0.4751896110235166,0.4536774809246144
792,0.5949351114323658,0.514914374564933,0.5931930266314236,0.501895447753019,0.5621657720995159,0.6273093698860838,0.5211859470439739,0.4572429471823429,0.4760161346263136,0.4557271009776755
793,0.5970729209723719,0.5120275923508084,0.5934480876592179,0.5005526356650016,0.563184793445141,0.6434135700837473,0.5239042311714879,0.4552765252185298,0.4770176501559463,0.4565051253830445
794,0.5963604235670183,0.5136391843902083,0.5919099967766196,0.4999118439254532,0.5638891424256781,0.6556910752253046,0.5252963569470303,0.45429890135606055,0.4777406143088802,0.45997513571562587
795,0.5950681279017888,0.5161828578752605,0.5896095607981002,0.4994718264691306,0.5644977911797069,0.6709637290627547,0.5275731667296925,0.45327765126852493,0.4785364661280085,0.4650228134573853
796,0.5952402719585039,0.5160828323811809,0.5890425725258757,0.4993800017031389,0.5648897203728234,0.6771497795400434,0.5285796836728709,0.45285503768106994,0.4789440267924662,0.4662248391116809
797,0.5953980065485881,0.5159756361281177,0.588453504611452,0.4993524341011407,0.565300230842505,0.6832608086459503,0.5295677076993541,0.4524766864784311,0.4793507831102495,0.4674416758357905
798,0.5955415006644826,0.515861288645837,0.5878429172076342,0.49938757910445297,0.5657271076302788,0.6892784025399381,0.530531894760132,0.4521433675561795,0.4797569345926191,0.46867265874200076
799,0.5956709254675373,0.5157398171856244,0.5872113850244766,0.49948380673619475,0.5661681244754686,0.6951844393456946,0.5314670703725402,0.45185580980738355,0.48016267675132435,0.469917122795471
800,0.5987069067447945,0.5107195548556668,0.5855576876914627,0.5006928423325147,0.5706594577965639,0.7202124621608222,0.53369967520901,0.4512265449790764,0.4826160456833199,0.4715183277546699
801,0.6001114249509164,0.5079917776827652,0.5843296869656018,0.5019314482351898,0.5739830592474201,0.7321670242565804,0.5338285252798181,0.4515034713535978,0.4840661482328883,0.4722459297256113
802,0.6000407342803065,0.5078160050729333,0.5836483570010119,0.5024562290203033,0.574727609936363,0.7365999435017416,0.534168879005444,0.451697503388048,0.484423365264528,0.4734948414821044
803,0.5998531031910819,0.5074442664072031,0.5822649789382343,0.5036262658548144,0.5762008744424035,0.7447186321901659,0.5346948756152452,0.4522519284764319,0.4851154915892173,0.4760214275831276
804,0.5985289245671098,0.508282535781461,0.5799403401080155,0.505544297525142,0.5770168775667314,0.7551549110132196,0.5362031544171505,0.4533619895604677,0.4856391545361797,0.4816317384273389
805,0.5976971417717252,0.5084857332929353,0.5779426453259429,0.5074202844204286,0.5778804816216007,0.7617080099890424,0.5368372721304753,0.4546180217531693,0.4862205006434974,0.48586987230773837
806,0.5969674351670672,0.5088966834155879,0.5766684726481139,0.5086242247859578,0.5780351984695626,0.7647726679751656,0.5373453421229039,0.45547021817862154,0.4864434807057665,0.48884190063960303
807,0.5991784666091121,0.5040552406151846,0.5734192221929862,0.5125632255411818,0.5843987798683147,0.7670274153827259,0.5315892202891234,0.45901135412080746,0.4898806708485264,0.48850423923306896
808,0.5995425449103873,0.5025102305912724,0.5716636792456722,0.5146210142810727,0.5870479960271577,0.7662013372100603,0.5287846475736563,0.4611769664241086,0.4912738346969204,0.48925540105604753
809,0.5992759298563791,0.5022877066761923,0.5708622754197469,0.5155499573996531,0.5876706788077694,0.7657464816285096,0.5281627926663394,0.4622681614336463,0.4916107476613558,0.4905420991573978
810,0.5989548425478776,0.5012351974843645,0.568760249955632,0.5180181299786543,0.5899644946537544,0.7627013476538514,0.5254637837919298,0.4653478573189717,0.492804601510669,0.49281474386918
811,0.5986516335775134,0.501014336278455,0.5679611940620393,0.5189655206602729,0.590592269441819,0.7611550043534997,0.5247000107501799,0.46662705025455375,0.4931318440894656,0.49409242158768835
812,0.5977818504807321,0.5011356779710897,0.5669014229666337,0.5202752944004123,0.5908218576395813,0.7589339473935964,0.5245864715204966,0.46853978888844355,0.49320091211551215,0.49696800923566614
813,0.5974669804198023,0.5009131378257486,0.5660992237567027,0.5212400223133079,0.5914440000073964,0.7566692455270141,0.523784787068699,0.4699149622232999,0.493526900465783,0.49825614514835515
814,0.5975896832750802,0.4996376920597478,0.5641970403828261,0.5233945068969734,0.5941754597754776,0.7498828414105297,0.5198242596964088,0.4730150404340739,0.49504961557667654,0.49887115755856254
815,0.5974273853191824,0.4989529083333093,0.5628422384266544,0.5249355686386487,0.5959392806183391,0.7443914118938564,0.51731169790763,0.47545318032088013,0.49597389911488876,0.4997914957111194
816,0.5970584560448664,0.4987482125929452,0.5620707485646923,0.5258596863490705,0.5966865775421584,0.7409696827350346,0.5164370608776935,0.4770844404660712,0.496284564692217,0.5010361325865448
817,0.5972183127763806,0.49704383387034784,0.558903382880402,0.5291714613169757,0.6018635949019602,0.7255532684013818,0.5084805439258216,0.4826434102073744,0.49908682523748665,0.5008861159069457
818,0.5969916256104372,0.49610195379335265,0.5562753946886898,0.5318136317285107,0.6061973566144097,0.7111905469514829,0.5019386944784888,0.48763441383655426,0.5012597507404882,0.5010361591287197
819,0.5965362465027915,0.49596110896454604,0.555581508483135,0.5325752133463525,0.6072846984231403,0.7065289228253184,0.5010596409952454,0.4896582663948056,0.5015256600769188,0.5021703796036433
820,0.5960748947039978,0.4958261491207534,0.5548982750038294,0.5333253229481087,0.608422876316508,0.7017376053908995,0.500220085336061,0.49171424303612465,0.5017870867676097,0.503300796576524
821,0.5956075422112309,0.49569736497446043,0.5542262289881109,0.5340635176534833,0.6096154169809974,0.6968317794118289,0.49942504256790105,0.4938007113823258,0.5020441026266325,0.5044271500028401
822,0.5941414798897225,0.4954906686018013,0.5528922689338281,0.5356641371528024,0.6122794704326792,0.685521523749988,0.49929082428953675,0.49913664599114516,0.5021251053776937,0.5081484578015025
823,0.593163912688686,0.4952715645424382,0.5516443845934395,0.5370663210709601,0.6151494060247069,0.6751317771451266,0.4982030929853422,0.5034997842484629,0.5026031421320357,0.5103796808380718
824,0.5921408444778373,0.4952037717702126,0.5510184481772631,0.5379610347571269,0.6168674942783965,0.6686250462406738,0.4992772293450628,0.5067846902530766,0.5024075751429155,0.5130021403251345
825,0.591658813329399,0.4950102641812067,0.5498777417931767,0.5390984761369633,0.6199380385777946,0.6593157779200726,0.4971114920802216,0.5101235047743659,0.5033117492414965,0.5137101820295388
826,0.5911424554823391,0.4949385783671327,0.5493177243683213,0.5397426164057885,0.6216874383524132,0.654052689699061,0.4969018103478195,0.5123767128034671,0.5035397232906068,0.5148051149146566
827,0.5906192307041842,0.49487570214958937,0.5487730619403391,0.5403719069626209,0.6235123242648806,0.6488146090161401,0.4967743169513077,0.5146443264107684,0.5037647014399191,0.5158937771819934
828,0.5895487591474698,0.4947745572469014,0.5477277481478546,0.5415713689718814,0.627408535109714,0.6384709740810663,0.4967613697997108,0.5192491640078707,0.5042016764885459,0.5180400607356341
829,0.588449666468858,0.4947124760117354,0.5467473631995221,0.5427088681367334,0.6316088560161564,0.6283705554124704,0.4970924223550702,0.5238906655127503,0.5046286435095741,0.5201587048824031
830,0.5856314372555642,0.49469688903921405,0.5462859281026354,0.5443403496623543,0.6358393445246876,0.619802037720818,0.5058759090760194,0.5308132787440125,0.5029780530989997,0.5272280507608851
831,0.5844817285162281,0.49468911906585156,0.5454783709614567,0.5455056839477312,0.6405807682993984,0.6107316328974943,0.5073549843951731,0.5352450506332644,0.5033963847872189,0.529362850787934
832,0.5832975682797619,0.4947264895870498,0.5447411605228987,0.546602221283469,0.6455669922215144,0.6021666186334506,0.5091884219343314,0.5396676812912786,0.5038164995739188,0.5314646436095672
833,0.5826772098981743,0.4948109719743035,0.5440756900899976,0.5473063722844771,0.6501120893224196,0.5946529582712804,0.5088844818442119,0.5429189933210663,0.5046952263436979,0.532049765245944
834,0.5820196736751392,0.49495938776252935,0.5434494056941546,0.5479354171510991,0.6547839722559053,0.5874354850089495,0.5087023453926257,0.5461752450751904,0.5055798618553989,0.5326070865289847
835,0.5801345319660688,0.4951261999169611,0.5429004404960613,0.5490449050972844,0.6610944059431583,0.5800253863064506,0.5137499065828554,0.5518353338508929,0.5055662643908664,0.5360254064732175
836,0.5788630466732257,0.49523199734709117,0.5426691341530452,0.549772827992387,0.6646354525116392,0.5765961782390957,0.5177841326482516,0.5551448708406514,0.5053477141936915,0.5384523314897439
837,0.5775117251859124,0.49549916371181635,0.5422614926655231,0.5505395778073033,0.6702836926110034,0.5706644455584049,0.5208573161193888,0.559357480490525,0.5057944938916683,0.5403925787131277
838,0.5768212054676277,0.49565408594406923,0.5420912113815944,0.5509021425331866,0.6731040707416335,0.5679347179646246,0.5224848784834303,0.5614122497465095,0.5060190590705568,0.5413560520063688
839,0.5728101381948015,0.49608610010199755,0.5417250662945033,0.5531115780719369,0.6814052447433949,0.5635360929237665,0.5364536320687608,0.5697392000926432,0.5049878280520407,0.5487992614454547
840,0.5720759815983855,0.49629224638922637,0.5416590011957602,0.5534767319509617,0.6840296429741223,0.5615390096877161,0.538335763766313,0.5715275613032089,0.5052213056183044,0.5497519096764819
841,0.5705772762347204,0.4967483950143623,0.5415651166468616,0.5541264427836141,0.6891865032340433,0.5578977328940324,0.542053387788949,0.5750696979986806,0.5057194811142567,0.5516112445348632
842,0.5682542581339066,0.49754699649541423,0.5415297031001067,0.5549158077552574,0.6965584236562781,0.5532513068224914,0.5474476223429818,0.5802323191193227,0.5065384088292347,0.5542977011357041
843,0.5667706192935986,0.4979081510311336,0.5415140845472052,0.5555909208721131,0.6992422880072818,0.5523431365975419,0.5516636525025723,0.5827705471342216,0.5065494602283207,0.5564822819773163
844,0.5623168353487131,0.4989427354353768,0.541326393125965,0.5579630822582502,0.7042304458777638,0.5516945642194482,0.5639784756275732,0.5890586651109021,0.5063458929063465,0.5631922744816406
845,0.5607513137290474,0.4994333329025874,0.5413723285705719,0.5587516105531083,0.7058588319293968,0.5512356113395751,0.5677147592832431,0.5909668796066307,0.5064951409539825,0.5652654227121611
846,0.5597572114763559,0.5000860968670495,0.5418400470229692,0.5586759495462998,0.7086855804808525,0.5493491750691418,0.5688505301656387,0.5925528019399207,0.5072369540810105,0.5657945258548318
847,0.5587292777702189,0.5007926147716489,0.5423415858010199,0.5585170782607474,0.7112449600285629,0.547611462509723,0.5698408139872819,0.5940781043911378,0.508008377227291,0.566294106170494
848,0.5578450527940105,0.501234606002981,0.5425512852658144,0.5586489736324313,0.7123415808702311,0.5469621076977936,0.5711267866465892,0.5951720804052046,0.5083564092611955,0.5671101268402252
849,0.5567677443898607,0.5020204021579998,0.5431172799205148,0.5583721170512106,0.7144064257711022,0.5454408623942956,0.5718735605206289,0.5965653263006687,0.5091617923393036,0.5675730874834599
850,0.5531307579941501,0.5040806185733068,0.5440206082567528,0.5583621703340563,0.7169839519277564,0.5428725563248896,0.5748464095642557,0.600801734584324,0.5108801255199167,0.5705123640922348
851,0.552199911586151,0.5046350535690727,0.5443044982481399,0.5583487078254072,0.7172085335411299,0.5423239060865619,0.5754450227363875,0.6016822747637388,0.5113078398395776,0.5712451179226036
852,0.5512636176256699,0.5052062269693006,0.544599247117131,0.5583185749325034,0.7172890501629468,0.5417781522456874,0.5759346919601842,0.6025234355911564,0.5117473575045602,0.5719660817784784
853,0.5481792988339864,0.507453621450172,0.5459442736646127,0.5574997573869125,0.7171653952953606,0.5394526485927005,0.5759582159890526,0.6051118422709215,0.5136370791202068,0.5736577192303911
854,0.5459789013695066,0.5092173576651419,0.5471018527573188,0.556634869718081,0.7161020037390576,0.5379265765210873,0.5753075686372353,0.6065483237344875,0.5150838716435051,0.574621379566885
855,0.5437430863656821,0.5110888265768533,0.5483083722771392,0.5556207942942453,0.7141976594080797,0.5365221808900102,0.5741678627007654,0.6077987582969594,0.5166030632160936,0.5755092756851752
856,0.5408704258885648,0.5126732022014955,0.5479511113632959,0.5565755936572171,0.7099761007691257,0.5345561189804257,0.5725405188006132,0.6104408160538858,0.5178970997756813,0.5786295848217764
857,0.5395687706750745,0.5139200161597323,0.5489837461872656,0.5557716951036991,0.7079959132526293,0.5340495917719222,0.5716449247333428,0.6105840864295499,0.5187998619022169,0.578951440798986
858,0.5373030370696236,0.5160231834250604,0.5503932404104552,0.5546318053420886,0.7040028255710075,0.533155828648398,0.5696943068042772,0.6110773320620311,0.5203921803306906,0.5797459522441246
859,0.5352348978994103,0.5183633894080532,0.5527767356424725,0.5523104613179691,0.6998367452044476,0.5336154666866181,0.5684653764472527,0.6103857218067797,0.5220309936770112,0.5794542411026353
860,0.533126649147715,0.5207763849845416,0.5551124012400643,0.5498010552319981,0.6950658899030384,0.5347011081437785,0.5673589703909453,0.6096152926838384,0.5237968914310542,0.5790248852393798
861,0.5313914712400528,0.5227235356416506,0.5567492970007241,0.5478672910079978,0.6908586850407479,0.5357917010753447,0.5663844759687406,0.6092004579417936,0.5252933091437602,0.5787950115913535
862,0.5296519480461926,0.5247022593433815,0.5583509781084933,0.5458403152341305,0.6864008056102914,0.537334100326323,0.5656020714398147,0.6087582691855398,0.5268457604517505,0.5784937468181899
863,0.528734756743965,0.5256581885646491,0.5586534493301704,0.5452619101420358,0.684142721607163,0.537473815032107,0.5645010714122192,0.6091632989345704,0.527669659356423,0.5788222597593828
864,0.5274143949172053,0.5271503781771494,0.5595966152943247,0.5439158378799055,0.6806283786195038,0.5387203333543568,0.5637827477687758,0.6090785497229025,0.5288781787114705,0.5787988606032646
865,0.5261045902804509,0.5286576106629611,0.5605244288576502,0.5425370659781124,0.677050255091435,0.5402473288971434,0.5632292962189904,0.608965737094226,0.5301056242483562,0.5787450214852935
866,0.5243371105099152,0.5306433321374238,0.5600224829859357,0.5422928931073866,0.672589119303922,0.5395584635028686,0.5595062882038271,0.6108932706790879,0.532061194312828,0.5801498056507899
867,0.5226380242827061,0.5327067075842052,0.5616630115560693,0.5401471312245582,0.667565170879493,0.5433106278207945,0.5602224254373369,0.6099887844611404,0.5335892404559133,0.5797737858310873
868,0.5213863225280644,0.5342590702001178,0.5625905428389202,0.5387459122906578,0.6638769061877686,0.5459985066036593,0.5605031069567059,0.6096293499065741,0.5348212888168504,0.5796641178958106
869,0.5201557699322251,0.5358159116137596,0.563495963425799,0.5373228226806923,0.6602143718351441,0.5490194894823636,0.5610414399421969,0.6092430442820047,0.5360656874016957,0.5795265214548642
870,0.5182511276984006,0.5385271253316517,0.5634739075170669,0.536243355756761,0.6547865392502543,0.5518455105557708,0.5593817104503225,0.6102269356291183,0.538629507323746,0.5802645414267177
871,0.5170803418455748,0.5401020953972844,0.5643836331697433,0.534844424791024,0.6512195498341015,0.5558020768523405,0.5607228444134771,0.6096093356221542,0.5398485546010767,0.5801027570488911
872,0.5160542397799331,0.5417950600209581,0.5641101468169742,0.5344864374766918,0.648180604406729,0.5577781643482801,0.5598511082574291,0.6102218664257623,0.5415163948681824,0.5806024390765933
873,0.5153504451027277,0.542892254804671,0.564325411174237,0.5339341918190462,0.6460264214195458,0.5600552645541271,0.5602811608549046,0.6101155135028632,0.5424726438740776,0.580702408621916
874,0.5115819139803707,0.5495845370948413,0.5652369079724693,0.5305163007486914,0.6343045229561872,0.5764146409542047,0.5653856786024821,0.6090402034836175,0.5485117583771537,0.5808231812175493
875,0.5104437030202356,0.5518152605021817,0.5655650268654426,0.5295397005021402,0.6306555263110872,0.5828958444333929,0.5682045034984543,0.608195167671162,0.5504460138176841,0.5808393459995498
876,0.5095032914592077,0.5555991930681932,0.5633543383561844,0.5308550358928459,0.6263755333982705,0.5883178006742753,0.5676618988873823,0.6090372960847531,0.5548229072250986,0.5814801838402065
877,0.5089444306436666,0.558038282617791,0.5623032917368991,0.531634509375364,0.6234253058427134,0.5931142935227111,0.5687214013380834,0.6087659274707585,0.5575006620147761,0.5816365014083013
878,0.5076407193034089,0.560026620912119,0.5641513920512423,0.529572075289109,0.619786420954891,0.6032897758683994,0.5760914220942411,0.6055500870287085,0.5584013664310308,0.5813989647079166
879,0.5068372011292587,0.5622052106931208,0.5644731336232828,0.5288972331839171,0.6167793812044537,0.6110330080935452,0.5808211590600678,0.6035789019500933,0.5601701842859275,0.5812836180554118
880,0.5064601053217914,0.5632824525448996,0.5646326409600246,0.5285733160197967,0.6153179223425006,0.6149249995957389,0.5832998183119914,0.6025048372326449,0.561031617078346,0.5812213317385144
881,0.5061013631350663,0.5643509818655379,0.5647855253361296,0.5282509473317305,0.6138876487649081,0.618817401064446,0.5858432899416086,0.601381028316191,0.5618808718962655,0.5811526103999126
882,0.5057608213387746,0.5654101776708532,0.5649315305185665,0.5279297317451168,0.6124858340492311,0.6226985509051024,0.588444335019783,0.6002076694529755,0.5627170772643671,0.5810777616554561
883,0.5055250724871961,0.5671241759469463,0.5643730892537249,0.5281887257280976,0.6106967369113117,0.6272716612324292,0.5909650998934786,0.5990278540538019,0.5644324020140989,0.5809634910787412
884,0.5054804478147836,0.5694640176919501,0.5630832670060271,0.5291351617965075,0.6085275172658797,0.6324366648900306,0.5934493760934701,0.5977002910474752,0.5670046077944066,0.580724686658533
885,0.505562243756998,0.5717488607048535,0.561763823455562,0.5302247838832366,0.6063677400715042,0.6373702090079525,0.5959976382449003,0.5961235749048013,0.5695127624492975,0.5803752287527624
886,0.5049025968768514,0.5731150760361521,0.5627967382578069,0.5290588800603242,0.604087575919094,0.6438026173784682,0.6017306735693049,0.5930036146796847,0.5700414973165631,0.5802987625923984
887,0.5022440474739919,0.5761581240608072,0.5687784628456394,0.5224495952666989,0.5959025502142771,0.6654178079054455,0.624232675315017,0.5808041075492557,0.5693430666316442,0.580293908719316
888,0.5023896682498147,0.579149711509847,0.567161257173655,0.5226327416268366,0.5929141998255862,0.6713432229436324,0.629224269663667,0.5770411622427927,0.5721651464753306,0.5797930903918123
889,0.5025260841482203,0.5805964889668871,0.5663310007921655,0.5227874746408313,0.5913415425511276,0.6737416303075631,0.631521023658844,0.5750023240774127,0.5734798383072229,0.579499842888281
890,0.5029016171396188,0.5841386460238392,0.5645022057780678,0.5227229216876315,0.5867495660848904,0.6788313059347386,0.6377417305059561,0.5688374667619903,0.576330056497897,0.5786772757437556
891,0.5014471465742029,0.5857818988155594,0.5683169467598571,0.5181559621327134,0.5792288473866558,0.6859787941274589,0.6514560215373517,0.5583983109187148,0.5748343476151301,0.5790861149539791
892,0.5017018282394443,0.5870127301055323,0.5672680859229519,0.5181781175416595,0.5775208179148558,0.685808544086441,0.6525394314141404,0.5561481574815914,0.5757568028335724,0.5787947712301155
893,0.5014878531921922,0.5878022081003388,0.5678293593668112,0.5169934003261006,0.5747160571486398,0.686558934508904,0.656103797375081,0.5524999595177998,0.575558540490861,0.5788277901558467
894,0.5015161643400524,0.5884426364925062,0.5676316084424716,0.5166023219123843,0.5731793953353276,0.6863242886146566,0.6574180374168583,0.5505350970680505,0.575736296979862,0.578750715067895
895,0.5013508611926487,0.5891589238087087,0.5681122985496545,0.515440607073321,0.5703096664574954,0.6862078998612956,0.660506158790606,0.5469284952959791,0.5754310955355952,0.5788156510118232
896,0.5013960819293959,0.5897564750419995,0.5678633636599381,0.51504579207644,0.5687480519326042,0.6854392009969346,0.6615068941964021,0.5449931896034759,0.5755313516396086,0.5787593353017733
897,0.5014458178351129,0.5903399736599386,0.5675974697314652,0.5146540599927705,0.5671717730826797,0.6844649568212688,0.6623851218644244,0.5430679575179351,0.575598287653157,0.578709222998897
898,0.5022935284925528,0.5923442828976334,0.5644589715225331,0.515336156794699,0.5648287582800403,0.679485466097716,0.6600137926662347,0.5403322454955327,0.5771082367495398,0.5779975572814994
899,0.503778635672372,0.5956373304215322,0.5597034470015252,0.5156892920802456,0.558681000090553,0.6677917697329493,0.6559639683557827,0.5338235452120641,0.5783373926159157,0.5767850156416545
900,0.5041886008352799,0.59655593631171,0.5584477777616822,0.5157532610765261,0.5565764993541281,0.6637494215626658,0.6546201361911705,0.5318158795127537,0.5784048088893874,0.5764349840081455
901,0.5035613565107238,0.5973043072368165,0.5593187532066408,0.5140820418355773,0.551869913302249,0.6594319547246851,0.656984750998608,0.5269257583349092,0.5768123751323225,0.5769863409974355
902,0.5035962640866264,0.5977903463985744,0.5589524852546188,0.5137571230562169,0.5501461907976186,0.656684434026254,0.6566594005184482,0.5252716327058009,0.5764280787619478,0.5769968340772579
903,0.503087508903578,0.5984297670768618,0.5596797657254943,0.5121504069629169,0.5457118474550361,0.6517055225795714,0.6583372941937502,0.5208153027646961,0.574686915215375,0.5776276478261321
904,0.5028972211502221,0.5989364060019554,0.5597816681502746,0.511200783055316,0.5428320808967501,0.6475748233041172,0.6586505607489211,0.5180159226856452,0.5735373122317992,0.5780039516232883
905,0.5029346442283511,0.5993687397568402,0.5593332364980392,0.510862896193518,0.5413258069632703,0.6445246757073049,0.6578853732342004,0.5166549774655618,0.5730135887292604,0.5780993099999
906,0.5029681914434049,0.5997964768148982,0.5588760054459183,0.5105280118278583,0.5398573737164846,0.6414497401253585,0.6570510303462327,0.5153549904258359,0.5724580799813348,0.5782070077602974
907,0.503512779453877,0.600944049986817,0.5565332715535292,0.510678851938324,0.5379780584545346,0.6346912558884565,0.6527236168124437,0.5141230624168213,0.5720211096399559,0.577899326441269
908,0.5038032623388687,0.6017293615007399,0.5551712874210237,0.5106043423629809,0.5363436389092411,0.6298754438795254,0.650070281814775,0.5130315750362503,0.5713932692151822,0.5777942051116752
909,0.5040934360904444,0.602512870331755,0.5538421311264147,0.510533871902218,0.534752870192827,0.6251942828305039,0.6473975350788156,0.5120657015721019,0.5706776095546681,0.5776902237138488
910,0.5047092219851145,0.6036287236560197,0.5517084282099561,0.5107033024774649,0.532991565779534,0.619113424135774,0.6431067430494622,0.5113595608195797,0.5698174275913184,0.5773330722218485
911,0.504305830531845,0.6042183950590424,0.5517357780849227,0.5098910761756852,0.5307144072061546,0.6153103761730621,0.6426728902623889,0.50960468583727,0.5682443356470115,0.5778846475401896
912,0.5039315466112027,0.6047877034870599,0.551733055594495,0.5090923012981953,0.5286943223148844,0.6116976283681036,0.6421196003522833,0.5080787591154725,0.5666376540281793,0.5784730501370965
913,0.5038823214973918,0.6052365741476727,0.5513175975549094,0.508792965713764,0.5277014230961766,0.6093042696992319,0.6409919272724973,0.5075145613980885,0.565748210792618,0.5786796392358274
914,0.5034136074128965,0.606653783539784,0.5504460650363066,0.5073865196563565,0.5246831653139502,0.6020836212377307,0.6378831287452008,0.5057196622099049,0.5621914347027314,0.5798784534266556
915,0.5026036715058713,0.607780732571363,0.5505914739980052,0.5055351438405473,0.5227441141959253,0.5969055157759122,0.6363805325470092,0.5043433020325145,0.5580809186375717,0.5818055209050262
916,0.5025471951558572,0.6090122086037084,0.5490928262917785,0.5050535165667269,0.5223793296659511,0.5941430246932782,0.6323611353985782,0.5050409870241124,0.555781643681407,0.5824611065009287
917,0.502037217848294,0.6100601872440123,0.5488765861408764,0.5038472645141926,0.5227497307203711,0.5926702377023718,0.6302792727149799,0.5056933936286387,0.5524492598103151,0.5841192020020682
918,0.501835641828251,0.61057263207428,0.5487504545069339,0.5033085606273587,0.5233781679919943,0.5925628616373022,0.6291744748520421,0.506358108242272,0.550837932979074,0.5849644816331984
919,0.5017374419532635,0.6110183519971742,0.5483980388841379,0.5030842040048901,0.523791690547077,0.5926953954643004,0.6279331435381967,0.5070009360425173,0.5498646875783468,0.5853969324798658
920,0.5016351193726438,0.6114676774122876,0.548062997939946,0.502872031778454,0.524274082347264,0.5930320924836774,0.6267117572073928,0.5077087664394497,0.548899040563214,0.5858344464364302
921,0.5015290129044052,0.6119202120490483,0.5477461680121105,0.5026727303206266,0.524823364272956,0.5935722970473455,0.6255102906371378,0.5084798974825635,0.547942950996866,0.586276301688057
922,0.5013925018514169,0.6127647768119618,0.5469770892444376,0.5025468490321139,0.5254079880259747,0.594774010114799,0.6231676733652128,0.5098008084532414,0.5466042693610115,0.5867444160308356
923,0.5012771950163596,0.6140074573139682,0.5459203577001895,0.5025197227794641,0.52598892005863,0.5972251020001851,0.6200331315186925,0.5117254504060819,0.5448502696864044,0.5871961170527124
924,0.5010027410837025,0.6145958206165911,0.5459316064398477,0.5021801206966361,0.5275152566070521,0.5994584190208483,0.6189302808995899,0.5132695772634578,0.5434377366671346,0.5880210393357164
925,0.5008707893975874,0.6150768450048,0.5457769377677295,0.5020664903298777,0.528342952035849,0.6012141563198424,0.6179095959311227,0.5143705502770952,0.5425527335579674,0.5884441455938473
926,0.5006465045606135,0.615636536305732,0.5458067315811453,0.5018045286002638,0.5302321433539078,0.6040596751418638,0.6167200862585048,0.5161888501656644,0.5412624636975896,0.5892663323030455
927,0.5003936548263658,0.6165529063576426,0.5456046980799512,0.5016859496576638,0.5322576370159442,0.6085309558965523,0.6146531347129608,0.5186775679527285,0.5396599610487929,0.590148981793397
928,0.5002685643546981,0.6170103556607228,0.5455379515494185,0.5016583310234909,0.5333292826764293,0.6110039380184195,0.6136267816279933,0.5199952436627215,0.5389013526224814,0.5905731866394379
929,0.500145199661753,0.6174623499877455,0.5454949838792809,0.5016521308223821,0.5344378145787277,0.613620344486438,0.6126016827901825,0.5213531013944468,0.5381734461775856,0.590991634492902
930,0.5000241461053558,0.6179078333940677,0.5454757864704898,0.5016682539144333,0.5355801034058326,0.616371118487566,0.6115752008771228,0.5227487798626224,0.5374779781945018,0.5914032994348443
931,0.5003630219088155,0.6184014239160956,0.5460056521315799,0.5014492267813705,0.5456456760256455,0.6269764388571056,0.6078146717796011,0.5302824968290984,0.535581984526704,0.5937522746862183
932,0.5002959134815275,0.6187339849989066,0.5460021834088895,0.5016170298455767,0.5470626441000894,0.6300739882147421,0.6065263037455204,0.5318300327503294,0.5351525747354686,0.5942031723906591
933,0.5002343857704241,0.6190534041764177,0.5460192460698182,0.5018179300695318,0.5484845666959755,0.6332451798162225,0.6052259321581471,0.5333945389990571,0.5347687354667059,0.5946401468098506
934,0.4997072048106196,0.6200432346729452,0.5461432019202234,0.5025106578375567,0.5493645733639585,0.6403908935840137,0.6026513887684081,0.5357686586348919,0.5339174902095566,0.5953647883917563
935,0.4998038024248466,0.6205239539078238,0.5463891382957903,0.5032327755776342,0.5538346038308005,0.6485215836516002,0.5992639955074988,0.54019354703159,0.5334926455939697,0.5963143977508119
936,0.500020080288017,0.620987617176775,0.5468391641498038,0.5046947334366695,0.5597298355609126,0.6599411725512984,0.5940861366954832,0.5462711072631489,0.5334563334815445,0.5974835448178655
937,0.500380996142179,0.6210663665142688,0.5471442125107144,0.5059811682833407,0.564212140959133,0.667678070488078,0.5899315684318658,0.5508152001397868,0.5339113146827357,0.5981128082829512
938,0.5011853980632427,0.6207409691964458,0.5471279053392494,0.5069954974511068,0.569129213091561,0.6728749757772554,0.585953655852164,0.555188513596942,0.5347451740208049,0.5984035098714324
939,0.5006808316054471,0.6210691281882865,0.5480334317490249,0.5088384580990553,0.5693476302890709,0.6799892983264757,0.5832070444792733,0.5569708281441926,0.5351410756610934,0.5989221712529815
940,0.5005351123324077,0.621138136744917,0.5486732593973332,0.5102521857920997,0.5699907540176025,0.6849209332940029,0.5810249987567471,0.5585719932683547,0.5356299864976125,0.5991537210219513
941,0.5004383894012513,0.6211287190531192,0.5493729824538824,0.5117672877204831,0.5705552241107574,0.689700429120238,0.5788722537520377,0.5601103168306089,0.5362146003834839,0.5993000943735264
942,0.4999780069581138,0.6211112928841355,0.5516635767999523,0.5155744803608239,0.5690311323072155,0.7001517465186264,0.5761218384949403,0.5614915855063447,0.5371848357960457,0.5995148499374205
943,0.5001567450792651,0.6208854326569986,0.5519778163578234,0.516564520735407,0.5700607796164465,0.7024878237176195,0.5742730921265745,0.5629239550428944,0.5378883233851404,0.5993273255345224
944,0.5002810636597241,0.6205581052390117,0.552870494390045,0.5184020121224829,0.57034432834963,0.7064927223221409,0.572267564737389,0.5642130364979665,0.5387796459631272,0.5991062707646875
945,0.5011357460784657,0.6196952001627615,0.5526320303733775,0.5199500307168367,0.5747580673851023,0.7086319036226739,0.5666096702677718,0.5685807972398432,0.5409745663721259,0.5982133704448664
946,0.5023312655412882,0.6176411597969229,0.5539468159502454,0.5248265306464384,0.5785297213905263,0.7139823405859904,0.55818735273901,0.5733647790894301,0.5449264645416242,0.5967669248734971
947,0.5030031939566276,0.6160787408092535,0.5552661287904037,0.5284583804429632,0.5794968161784007,0.7168813937252392,0.553714513528753,0.5751281977236289,0.5474519625201795,0.5957056073298949
948,0.5034023755288498,0.6146558407277513,0.5570173010426972,0.5319795198231185,0.5786617202068383,0.7196299495639555,0.5514280424481399,0.5751567245129315,0.549276889960224,0.5949263282313849
949,0.5039429945583322,0.6130187930999839,0.558805065393133,0.5355958646015849,0.5777123610426539,0.7217518623684475,0.5493026024179127,0.5749654707923157,0.5511864166995986,0.5939541122468507
950,0.505690989281456,0.6103578359898989,0.5583920033571356,0.5387528600059196,0.5826594976872,0.7187132072861511,0.5404179628458572,0.5795156808433194,0.555731120327688,0.5908644105809504
951,0.5072163220979948,0.6077755875290044,0.5584182921314894,0.5418334708776006,0.5859139209278846,0.7155128927188993,0.5336637700301042,0.5822429232501661,0.5594795390413083,0.5881980579609846
952,0.5077782875396291,0.6066513090968259,0.5586871264219545,0.5432976963878094,0.5866943360738476,0.7143627063516687,0.5314344812201727,0.5827950389692819,0.5609009035644629,0.5871842435253358
953,0.5084461908308107,0.6048085551032659,0.559802410196895,0.5461025736070755,0.5865621977295686,0.7134506960745975,0.5293140240564522,0.5823312956893207,0.5627857178641865,0.5859587132715465
954,0.5100993972111947,0.6024686211310584,0.5588826750490368,0.5478937780621908,0.5906762233032623,0.7079627995431916,0.5225562577440787,0.5854802741975594,0.5662713350388073,0.5829182654444468
955,0.5119028595472351,0.5999191443705846,0.5579458071985584,0.549745404818463,0.5947814246629716,0.7017002130292477,0.5158063386398056,0.5884048055732987,0.569758355320084,0.5797103932005938
956,0.5125758927904704,0.5984940019995711,0.5582409326945786,0.551340173829216,0.5955602407542518,0.6995474162984464,0.5136421811470258,0.5885141148045849,0.5712607778989084,0.5784895205963165
957,0.5135484343518617,0.5944452774673615,0.561325302755251,0.5573499921482561,0.5935513961604891,0.6973264873945353,0.5120992165269538,0.5846174393068716,0.5743122666029895,0.5766552717308159
958,0.5142491509611605,0.592919758275334,0.5616166401955616,0.558921550867176,0.5942671875750456,0.6948250402981071,0.5101506125638655,0.5845229113303386,0.5758457330944773,0.5752785306802579
959,0.5149598285644351,0.5913596778517285,0.5619171720541967,0.560501137758215,0.5949746003648428,0.6922207276707932,0.5082457371741006,0.5843609319142418,0.5773816951169339,0.5738704659290403
960,0.5156796292053131,0.5897662659383799,0.5622281892825594,0.5620887289775418,0.5956726151433516,0.6895200827282724,0.5063870631254641,0.5841312946556957,0.5789188940263544,0.5724322910671853
961,0.5164076915471706,0.5881408077418137,0.5625510041627614,0.5636843925101241,0.5963600897361182,0.6867297020391304,0.5045769114092149,0.5838339207937091,0.5804561313852213,0.5709652884424241
962,0.5172861273138856,0.5854732146492835,0.5638589266986732,0.5667988441804472,0.5959977393768009,0.683587569214472,0.5032159835026637,0.5818897329996189,0.58252085522072,0.5692301370602353
963,0.5180273354388252,0.5837843736270253,0.5642064418025001,0.5683903509597391,0.5966382173355962,0.6806184660310918,0.5015647830851221,0.5814382722667271,0.5840582909157134,0.5676842724864265
964,0.5192847687596356,0.578844659842018,0.5675131127291566,0.5744828836698362,0.5938930877024778,0.6763836703637413,0.5015511822955571,0.5758589591861809,0.5871760462518771,0.5653127073069579
965,0.5205988899820796,0.5764390553927983,0.5673078035600967,0.5761042719998926,0.5961355914947264,0.6705457114920335,0.4982287037324894,0.5762913313981479,0.5897119216957024,0.5622734637419291
966,0.5215333231135819,0.5735181826992707,0.5687364459163285,0.5791821648082479,0.5954434629227386,0.6668335991972484,0.4975719617884653,0.5737409416398478,0.5917646124204041,0.5603176039207045
967,0.5228826634347216,0.568232331273352,0.5721798143127258,0.5851284219318978,0.5920475590357156,0.6618596553191585,0.4986372384939678,0.5673680657346386,0.5948710889791433,0.5577165538701198
968,0.523622826732671,0.566428294010934,0.5726583856590536,0.5866280100099002,0.5923971773220592,0.6586013558905904,0.49769423859891027,0.5664870561541269,0.5963795210536166,0.5559394227328924
969,0.5243598523575747,0.5646119305198615,0.5731686614135071,0.5881391356353423,0.5927193993245183,0.6553292243401247,0.4968098716419976,0.5655578408068307,0.5978762936431605,0.554154231128756
970,0.5272599439534128,0.5601409909376521,0.5720237836324118,0.5901779437157774,0.5997986730519085,0.6412212972533959,0.4892316197371216,0.5682100509726027,0.6029722358850581,0.5464693125545722
971,0.5279821520504151,0.558244067140935,0.5727228706697022,0.5918855211803298,0.6000567779943247,0.6378909589056779,0.4884559505055192,0.5670128285229447,0.6043907497377834,0.5447295904818678
972,0.5286960311215922,0.556343959561168,0.573453991307755,0.5936151887913588,0.6002729512512457,0.634573498396679,0.487738786087269,0.565773624193375,0.6057979580246351,0.5429936846009055
973,0.5300980776907088,0.5525277809470742,0.5750156841991559,0.5971762174260861,0.6005732085607414,0.6279714663511395,0.48644063123179493,0.5631545669117907,0.6085817329693061,0.5395585776807382
974,0.531075510149724,0.5481634955163744,0.5780243190808224,0.6021300619706301,0.5973786052033296,0.6235293615583675,0.4878974300702796,0.5574845073785075,0.6111372730419744,0.5373563641011431
975,0.5327459277596829,0.5450140941027445,0.5785199852663097,0.6044808576272267,0.6005654945099058,0.6152172632465172,0.48467474360873025,0.5576680203032489,0.6139878067809602,0.5327632919018831
976,0.5333758707833893,0.5431471183161295,0.5794772263124166,0.6064053717160589,0.600430843802936,0.6120986363378509,0.48433228499779046,0.5562193217174302,0.615312464127828,0.5311204524114997
977,0.5349848302565916,0.540021422476386,0.5802885273409794,0.6090426716547944,0.603434550036871,0.6039528624319458,0.481356055396022,0.5561913931415552,0.6179484009032284,0.5267545182867657
978,0.5355724498347336,0.5381766612875528,0.581360388578599,0.6111410941720933,0.6031471634647799,0.6009408339809138,0.4810953882834507,0.554643535775511,0.6192219095056944,0.5252212430451408
979,0.5363045526864594,0.533968470787349,0.5846619372069259,0.6167566430681191,0.5988486942187587,0.5969848567132705,0.4830467291483146,0.5486161784545569,0.6218124241835739,0.5233821821835001
980,0.5368294079672613,0.5322103318366684,0.5857787730507548,0.6189008029167359,0.5983375751603771,0.5941450911290838,0.4829634830100406,0.5471167481170506,0.6230686998150377,0.5219123931563558
981,0.5373935604211935,0.5293315691326292,0.587978631149189,0.6227974767912144,0.5956625744031755,0.5908670334846963,0.4840597081174154,0.5434447737024951,0.6250031476965568,0.5203399987231637
982,0.5382767649584251,0.527106647980571,0.5892671740164646,0.6255425490508172,0.5964045842869187,0.585970518847452,0.4829526918457727,0.5426935423842677,0.6267505609933659,0.5177271650747703
983,0.5399301957019018,0.5196654631034939,0.5950497159356506,0.6369678224270153,0.5904913969016918,0.5752090312028755,0.4842447480048093,0.5348318680548679,0.6323056209171649,0.5127754441989409
984,0.5405954547710623,0.5177489282648369,0.5965731034497853,0.6401156604461589,0.5906660764083367,0.5709132546440048,0.4834169394807024,0.5342503134920301,0.6338099119557478,0.5106661557134029
985,0.5408578273194641,0.5153870344286422,0.5987294556780024,0.64450712688155,0.5869791891564192,0.5682259073289617,0.484748361090873,0.5310257296284212,0.6357155504918346,0.509655356271654
986,0.5411122406842911,0.5140558543788611,0.5999653796476375,0.6470792399763913,0.5856754482254253,0.5660269044161538,0.4849657813823825,0.5298600299522016,0.6368064813587407,0.5087282598741052
987,0.5412076339223628,0.5110557899557259,0.6028378019611444,0.6533157630428728,0.5791576741285183,0.5631017855507631,0.4875336344740659,0.5251143894314264,0.6395214698538987,0.5079215112742171
988,0.5415208799389127,0.508785692832426,0.6052072518635483,0.6586151950934737,0.5761019773146066,0.5590863961643391,0.48806650395553836,0.5232950540998753,0.6415872711850533,0.5064376921642562
989,0.5414026392577025,0.50631689838833,0.6077312876022947,0.6648431013310576,0.5691542845585413,0.5564036814047816,0.49068990694366804,0.5193163475663424,0.6442858721774106,0.5059880514793916
990,0.5414529398946848,0.5054017415405955,0.6088495605895794,0.6675314680941796,0.5674394793279245,0.5546032007298748,0.4910035638833298,0.518726786137125,0.645223865928616,0.5054464199197567
991,0.5414745384857187,0.504545402936878,0.6099469953675803,0.6702443130014512,0.5656762050576238,0.5528496360942586,0.4913114105758835,0.5182100219673176,0.6461284949672085,0.5049768649685924
992,0.5409569287289113,0.5021698164944937,0.6125092103834532,0.6780833545095126,0.5557504003968484,0.5499913011906,0.4950765807393898,0.5138376643814148,0.6496283510380085,0.5050895246302005
993,0.5408694113706342,0.5015622477121997,0.6134854269163436,0.6807971306543946,0.553862897901538,0.5484207793989595,0.4953934521080605,0.5137099139431569,0.650416268203919,0.504820517387612
994,0.5408252310468221,0.500911437181501,0.6149778953647432,0.6845962609828035,0.5527064532914354,0.5457546000411038,0.49484988896984167,0.5147645404856465,0.6509975229822792,0.5042816424838263
995,0.5399608040085516,0.49955437344826925,0.6166808062387229,0.6923077703909938,0.5426332973774861,0.5431267701337859,0.4984095412799646,0.5118589306239625,0.654293072050352,0.504990798881458
996,0.5397225206972311,0.4992853203336275,0.6180160916817166,0.6961322941568564,0.5412809131067978,0.5408023683829787,0.49782077383735956,0.513460143206906,0.6545093186073209,0.5049291406435257
997,0.5394164585704305,0.499140496719594,0.6192825903093796,0.6999102508096245,0.5398710025793885,0.538551338894235,0.49720220582981806,0.5151566408887226,0.6545541217713103,0.5051211316704004
998,0.5390908222519906,0.49906575731224834,0.6199208154210474,0.7026230815764355,0.5377934576773691,0.5372741116380487,0.4973828324136476,0.5156884976404491,0.6549321776295911,0.5054781751730698
999,0.5387354009393868,0.4990606566933039,0.6205048244652045,0.70531744756898,0.535704732569082,0.5360280487210585,0.4975441517210897,0.5163007939043666,0.6552490901670787,0.5059140873805428
1000,0.5381764196219255,0.499340058744183,0.6220853805145502,0.7098402972056564,0.5347601448043342,0.5331239893315686,0.49604932720620926,0.5195696774484848,0.6542327602697422,0.5069133192280357
