time_step,weight_0,weight_1,weight_2,weight_3,weight_4,weight_5,weight_6,weight_7,weight_8,weight_9,weight_10
0,0.0,1.0,0.0,0.0,0.0,0.0,0.0,0.0,0.0,0.0,0.0
1,0.0,0.9989041146094847,0.0010956930759387629,1.9227239408763312e-07,4.2182389789870314e-11,0.0,0.0,0.0,0.0,0.0,0.0
2,0.0,0.9886711678702482,0.011306434749550127,2.2363636747668585e-05,3.373689491952565e-08,6.552298316569577e-12,6.557323576559707e-15,0.0,0.0,0.0,0.0
3,0.0,0.9706909640596033,0.02917402105038998,0.0001344957780689332,5.187913007223125e-07,3.199893428142388e-10,6.474009053799866e-13,0.0,0.0,0.0,0.0
4,0.0,0.9603598184114697,0.03936433235675201,0.00027473544599550183,1.111833631138113e-06,1.9495255214665547e-09,2.6249854429521626e-12,1.1629788096615858e-15,0.0,0.0,0.0
5,0.0,0.9386475479081254,0.060636337065480564,0.0007118982415282135,4.202789166485642e-06,1.3965778136648842e-08,2.988403498901403e-11,3.747391529127328e-14,0.0,0.0,0.0
6,0.0,0.9234795220876553,0.07536772025972913,0.001144263454730447,8.45779802623333e-06,3.62991115082958e-08,1.0057477821991822e-10,1.7262829580334323e-13,0.0,0.0,0.0
7,0.0,0.9062589156054822,0.09201237712052608,0.0017127322809598925,1.5891029829853855e-05,8.366856791537162e-08,2.9397840955617635e-10,6.545227674031581e-13,2.836044990198568e-16,0.0,0.0
8,0.0,0.8819440250255713,0.11520590386634422,0.0028162354130139363,3.3608509678978575e-05,2.2614657141590435e-07,1.035802017001888e-09,3.014160169858702e-12,3.4164913941425368e-15,0.0,0.0
9,0.0,0.8619188830399582,0.13412399038442846,0.0039004793492449343,5.6210056023536164e-05,4.347311893908062e-07,2.4309583009826557e-09,8.18114001406035e-12,1.5507689240738126e-14,0.0,0.0
10,0.0,0.833676808648824,0.1604658618348091,0.005754945492761744,0.0001013858771629334,9.916230454757517e-07,6.4943450625189965e-09,2.8973839643527576e-11,7.691077863435457e-14,0.0,0.0
11,0.0,0.7806410812987519,0.20871586287344063,0.010389327905539002,0.0002501969849136013,3.49930569191425e-06,3.144055427106482e-08,1.9022558129914566e-10,8.80642718228412e-13,1.1154425876090383e-15,0.0
12,0.0,0.7647909958360155,0.2228021416847668,0.012085349383665412,0.00031664922560679357,4.8164352491603734e-06,4.7121999314384616e-08,3.111301150361254e-10,1.5625500900213407e-12,2.8456719754602084e-15,0.0
13,0.0,0.7324691278505086,0.2510040791492483,0.016025317024633178,0.0004925902490778041,8.783865875803648e-06,1.010708419375493e-07,7.851296924189404e-10,4.66917557930594e-12,1.3443650487780577e-14,0.0
14,0.0,0.7160777901507847,0.2650197161714435,0.018284449727769107,0.0006062455097014918,1.1652580714874294e-05,1.4463568742062714e-07,1.2160910631779612e-09,7.778579999730614e-12,2.663485155606722e-14,0.0
15,0.0,0.6912745351005916,0.285838371935691,0.02205071730868353,0.0008187077174288739,1.7418373375087736e-05,2.473232968012884e-07,2.2240344856130296e-09,1.6830477890086017e-11,6.532578559337224e-14,0.0
16,0.0,0.6664735782119435,0.3061277175907164,0.026293810341838652,0.0010789039669620805,2.559338059307425e-05,3.9235543775440086e-07,4.120074988955228e-09,3.226611444990988e-11,1.640439468950705e-13,0.0
17,0.0,0.6499278360347978,0.31935860143331274,0.029390851224722174,0.0012894922502426815,3.267766481058896e-05,5.353239163520128e-07,6.017520692638541e-09,5.039015295322724e-11,2.831829763740983e-13,0.0
18,0.0,0.6334410069825492,0.3322777444476501,0.03270758117800287,0.0015315528436198199,4.138284405134154e-05,7.229467216888699e-07,8.679377146511713e-09,7.75468923787705e-11,4.771424922341613e-13,0.0
19,0.0,0.6007935110875834,0.35700908579152796,0.04000798419876803,0.002123234277761606,6.488471236638588e-05,1.2823333429527164e-06,1.7420714861277675e-08,1.766590465647214e-10,1.270326409958953e-12,1.1632212630926956e-15
20,0.0,0.5847023558184254,0.3687427447932436,0.043993098714981124,0.0024797027799287087,8.03883109314092e-05,1.6850115571575082e-06,2.430756028791477e-08,2.6134268103158795e-10,2.0215118008986887e-12,3.347582206990102e-15
21,0.0,0.5454041349268649,0.3959465926437938,0.05492525669320848,0.0035873982404912054,0.00013330036093003595,3.2635593308536733e-06,5.28929965133498e-08,6.764599860786797e-10,5.894786318458369e-12,2.4419708389407526e-14
22,0.0,0.5152098351981409,0.41527328509574646,0.0646146143446251,0.004701809015796673,0.00019513528394547464,5.222503454610595e-06,9.721588932273754e-08,1.3286677689961385e-09,1.3655214224071467e-11,7.335446421901378e-14
23,0.0,0.4934454058752812,0.42811911262554286,0.0724659703576304,0.005705703508309872,0.0002562359586762608,7.42133042858891e-06,1.4811899825609488e-07,2.2006406915399207e-09,2.4323776274200474e-11,1.625730498641674e-13
24,0.0,0.459007235120281,0.4463669817461641,0.08646664628982496,0.0077534769139278184,0.00039238085950959187,1.2986788378126629e-05,2.8728307314435585e-07,4.938315339637054e-09,5.998316491016527e-11,5.363934872505179e-13
25,0.0,0.44595437754620926,0.45249511073858206,0.09237030521971117,0.008701817337967396,0.0004620078945579797,1.6002466896334783e-05,3.720480945116481e-07,6.66164489155018e-09,8.551556311791099e-11,8.141723698004779e-13
26,0.0,0.4272009693850095,0.46040800966587186,0.10151947902773267,0.010262707165394647,0.0005867404172275011,2.153797555444145e-05,5.459946276872482e-07,1.0222255907845453e-08,1.4485418838226726e-10,1.4644024257154386e-12
27,0.0,0.398237498963786,0.47004735778602014,0.11744943835797288,0.013376447399109145,0.0008529850733334898,3.52675612632201e-05,9.836238088998818e-07,2.0907437257989206e-08,3.2336124581239437e-10,3.900215040415972e-12
28,0.0,0.36779352172822166,0.4755841803302341,0.1369678085729565,0.018319993448009404,0.0012682243023873678,6.441767201020875e-05,1.8030349821417986e-06,5.017323392455133e-08,7.252717364700125e-10,1.26849434312216e-11
29,0.0,0.35438358492796973,0.4759833813526077,0.14686311748099623,0.021148715094121775,0.001534520392108867,8.4164555159066e-05,2.4418501245143207e-06,7.322792305358036e-08,1.0983403757923622e-09,2.064090461673429e-11
30,0.0,0.34222179575538736,0.474813291873332,0.15672985466933223,0.024279763419325633,0.001843030490571671,0.00010888078369275858,3.27591129415481e-06,1.0541972359092033e-07,1.6443316635360062e-09,3.300131468236455e-11
31,0.0,0.3040619038383293,0.4441975147308661,0.2001127050852984,0.047356851341628085,0.003876188298617407,0.0003835968429692262,1.0604375328922375e-05,6.271321738344745e-07,8.026669463594172e-09,3.281117011738563e-10
32,0.0,0.3003922927883656,0.4385519847123964,0.2059157983641529,0.05036391987032701,0.004334042701876606,0.0004282674401865496,1.2955357883145652e-05,7.276192182852695e-07,1.0752875751636265e-08,3.9271057472444573e-10
33,0.0,0.2968938689479807,0.4282909653407042,0.21339714009070937,0.05588383271580773,0.0049975618629073916,0.0005190923313085511,1.6571549437502542e-05,9.513657279484644e-07,1.5244179618355292e-08,5.512298044965502e-10
34,0.0,0.2918736066912248,0.4147787785493578,0.22391569211941864,0.06259169979208248,0.006169701092626673,0.0006451050411702756,2.408786263667197e-05,1.3020603062183418e-06,2.5963725217314146e-08,8.274440742241863e-10
35,0.0,0.2889584217023966,0.3950899293144132,0.23479242944120882,0.07248008519052898,0.007776688305433968,0.0008642757813989007,3.611244906810209e-05,2.010450743147862e-06,4.5890176115954065e-08,1.474625260023969e-09
36,0.0,0.2877170738774399,0.38737827838766736,0.23909993770089882,0.07623285741278099,0.008567563294399005,0.0009590522782008384,4.2825173597532065e-05,2.351781932496904e-06,5.827675740794452e-08,1.8163188662558163e-09
37,0.0,0.2914132931970174,0.362773462799841,0.24496507135395226,0.08925872270465982,0.010209338064821652,0.0013178857501318906,5.836169723578567e-05,3.770574141851629e-06,9.044589493647251e-08,3.4122967764696846e-09
38,0.0,0.29114296451567895,0.35466049942320454,0.24818424052640548,0.09330529859460225,0.011184737929826202,0.001449092222334843,6.869493971747409e-05,4.353919216247665e-06,1.138044059240363e-07,4.124601697531135e-09
39,0.0,0.2909960000881123,0.33843187568885114,0.2537890755952903,0.1015897017063655,0.013339549691092781,0.0017537790565356538,9.397628991861794e-05,5.8591023594476105e-06,1.7663329445123676e-07,6.148173336546814e-09
40,0.0,0.2849248775263874,0.3238641082225506,0.26300348986391603,0.10868312305622002,0.017241627610273848,0.002128736071122762,0.000145548237806879,8.160553035620474e-06,3.191033639730971e-07,9.755316560705548e-09
41,0.0,0.27564868099222295,0.2982943538784838,0.2736990459930851,0.12339746880791669,0.025442745964803757,0.003222463983325435,0.00027781552643893015,1.6641033538366527e-05,7.576973545710716e-07,2.61228240288109e-08
42,0.0,0.2791558388136191,0.28216193945128976,0.27209380331088123,0.13366660801649055,0.028620880077498453,0.003926139149545131,0.0003512575377016698,2.2411130969377548e-05,1.0842597609207346e-06,3.825223774369976e-08
43,0.0,0.2772535395646256,0.2744334486902111,0.27240630292236845,0.13912096262583615,0.03183770557301477,0.004495066591888969,0.0004234710341532267,2.8041965349482997e-05,1.409212482188612e-06,5.1820064176813235e-08
44,0.0,0.27526089937426673,0.267312282726186,0.271968638715405,0.1445379904469689,0.03523309844206213,0.005143376863047892,0.0005068137890716883,3.501433684015408e-05,1.81537848619613e-06,6.99276589621913e-08
45,0.0,0.2713901438181365,0.2596312800143009,0.27075153741063274,0.15121617349675595,0.04016827979518855,0.006155567141222256,0.0006372710215314574,4.7143956372172177e-05,2.4988461387113963e-06,1.0449971481923606e-07
46,0.0,0.26957262281637234,0.24674449892245606,0.26462254938147506,0.16273538869062962,0.0474350653134179,0.007930639787373715,0.0008846091262416586,7.038519206867578e-05,4.0638106130314675e-06,1.769593465313309e-07
47,0.0,0.26978300099212477,0.24025223372364413,0.2600502046803549,0.16879026535907102,0.05106378815056871,0.008932973182244643,0.0010370754991632495,8.50553685595913e-05,5.174893522279569e-06,2.2815074124902528e-07
48,0.0,0.2668512842172409,0.23700662393855157,0.25618448270314537,0.17321859834055822,0.05534704244842076,0.010070778415637702,0.001210745852707688,0.00010366303617074064,6.482798647961957e-06,2.9824891378357095e-07
49,0.0,0.2643721137258529,0.23223851604141177,0.2495958279682609,0.17951734974220915,0.060929694513816156,0.01172344768389863,0.0014809319521936137,0.00013294200608171373,8.758615612187373e-06,4.1775065786220187e-07
50,0.0,0.26457469883628026,0.22439920723583642,0.23900387672015855,0.18866253443879516,0.06726040386432162,0.014022874240817464,0.0018839130209457407,0.00017920645903437746,1.2650874355225647e-05,6.343094498424722e-07
51,0.0,0.258567305617627,0.22366930788347147,0.22959359326387266,0.1936906711697462,0.07518015522013309,0.016654054040648833,0.002386026826098885,0.000239928972120839,1.8013912894349953e-05,9.430933814722077e-07
52,0.0,0.25664597925454297,0.22200158041274934,0.22308860629239802,0.19739621568236593,0.07943221989285199,0.018398130619144942,0.0027289556062336127,0.0002850188330457528,2.2093010048438427e-05,1.200396613825547e-06
53,0.0,0.254502816288691,0.2196715107884976,0.214140732378635,0.20233027567542744,0.08476256800588669,0.020969306736211165,0.0032336008557412995,0.0003589168765167731,2.8606561897221657e-05,1.6658324910873778e-06
54,0.0,0.25201487893155244,0.22025088493952705,0.20996500275142213,0.20360552343464805,0.08790855141885502,0.022295552869338656,0.0035253139506760864,0.0003997201666181638,3.2641432009181474e-05,1.93010534828744e-06
55,0.0,0.244534379260687,0.22461274052832178,0.202072708018855,0.20379179651597912,0.09519420343295436,0.02506103140317434,0.0041974804432393445,0.0004904896554161474,4.26318931677201e-05,2.538848200600311e-06
56,0.0,0.24064040815553045,0.2237355361829017,0.19168434162055334,0.20760947398804247,0.10148480204210748,0.029049533511003575,0.005091763976188869,0.0006428997175560946,5.7498884316575415e-05,3.74192179508279e-06
57,0.0,0.23469910776384628,0.2267821990448921,0.18406971183493917,0.2075945411026044,0.1076695098614418,0.032366007193191076,0.005956922764163833,0.0007836073125303969,7.34735896755899e-05,4.919532711221703e-06
58,0.0,0.2310973765311914,0.22790413546150742,0.17869210807799574,0.20799375507088166,0.11156825659507259,0.03509306039470684,0.00664599131473425,0.0009119540868040539,8.726239310758428e-05,6.100073994396828e-06
59,0.0,0.22559934453053748,0.2318413663205585,0.1734903638330827,0.2060364018790402,0.1166793585957245,0.03773209718076067,0.007465254451761542,0.0010435606731938486,0.00010492842688275699,7.32410845388369e-06
60,0.0,0.2217759906408282,0.23316650151976193,0.16889505726174817,0.20550669472729854,0.12033669533589984,0.040692683616292954,0.008286716679469367,0.001206729046764215,0.0001239215571731926,9.009614759704639e-06
61,0.0,0.21558661927045084,0.2366275493636402,0.16318531797621602,0.20290254636348892,0.12587212100873957,0.04467166902937865,0.009541453508056076,0.0014456761547079115,0.00015543874588797203,1.1608579430022134e-05
62,0.0,0.21040275933227956,0.2402786234840268,0.1590748683683046,0.19959813143182129,0.13051179774947333,0.04768059894778827,0.010612781979297768,0.001641944161781931,0.00018464035606357304,1.3854189159083579e-05
63,0.0,0.2074348024804868,0.24180492634846343,0.15676359055176667,0.1977887988182391,0.13303897915910645,0.0498091386607975,0.011346637630338951,0.0017915601010422147,0.00020588598880142577,1.5680260953662547e-05
64,0.0,0.19767203823966084,0.24923566219954005,0.14951593066603788,0.18837549255152863,0.14221222084377197,0.05654391297812957,0.013831468211975109,0.0023065542576867107,0.00028418888044826225,2.253117121697524e-05
65,0.0,0.19373978690720597,0.2512283292472269,0.1469098917702283,0.18411803883487568,0.1457007494215272,0.0601665547083623,0.015160688248789685,0.002618128958668507,0.00033075899866688764,2.7072904444740985e-05
66,0.0,0.18891885818154297,0.2524928362132472,0.1447137524697938,0.17896338222177086,0.14937243886892326,0.0649246153712085,0.01710141446012652,0.003073679632921185,0.00040497854464762356,3.404403581446602e-05
67,0.0,0.1832697659448362,0.2526862038230534,0.14360184809494028,0.172695908527705,0.15284540452418718,0.07082129452991354,0.01978997613301373,0.0037254023297953313,0.0005193408669717056,4.485522558007853e-05
68,0.0,0.1789900055151155,0.25143070587471406,0.14427643585072383,0.1682487185439178,0.15441741349690266,0.07549978626784867,0.022117295721378046,0.004334680618237302,0.0006289556106074208,5.600250055154658e-05
69,0.0,0.1771138480215803,0.25109923480138574,0.14432162459433048,0.16532030824234423,0.15545341334210847,0.07792803556936968,0.02334240817699735,0.004667660261850577,0.0006910563101548126,6.241067987531534e-05
70,0.0,0.1753488512484225,0.25058490749202333,0.14453609933781672,0.1623738831820208,0.156342491382267,0.0803546626661988,0.02461034427422808,0.005020852985387923,0.0007584428452005267,6.946458643123289e-05
71,0.0,0.1724392144425293,0.24953639428239657,0.14401246150091307,0.15310201533888626,0.1590784758620778,0.08686721338284736,0.02791646903943083,0.006006577933082374,0.0009506433027625642,9.05349150711342e-05
72,0.0,0.1700780574752766,0.2474396491426757,0.1457551987463076,0.14932798934143918,0.1591925068293023,0.09026331146052528,0.030100349824218137,0.006649223116522456,0.0010885705879564453,0.00010514347577356827
73,0.0,0.16794399514409505,0.2449643850226128,0.14777977369366985,0.14565833292433944,0.158942639939042,0.09363362850296293,0.032357750623328706,0.0073556478009782714,0.0012415771998600408,0.00012226914910825064
74,0.0,0.16599607634270722,0.24150798589854128,0.15002277405516407,0.14015663460202707,0.15859835488010032,0.09822651774882915,0.03547956573639074,0.008389758431413487,0.0014733704976909122,0.00014896180713317524
75,0.0,0.16443411123934965,0.23313216801552897,0.15424911777015973,0.12892423858492558,0.15672446310364474,0.1073870448163138,0.04208994909905707,0.010794279158786241,0.0020464213821285914,0.00021820683010301896
76,0.0,0.16363178316791432,0.22816705755486982,0.15714463914464918,0.12453052376074654,0.15465693954122114,0.11140245626014915,0.045639810292716035,0.012164514075744063,0.0024002459400150086,0.000262030261972245
77,0.0,0.16435933712983333,0.21699489243141362,0.16206674132535293,0.11610360885498124,0.14929241940426424,0.11940028809245526,0.052829938697271844,0.015329894399950248,0.0032474202488640288,0.0003754594156108126
78,0.0,0.16428362143056482,0.2142024093460329,0.16343874656846774,0.1146243575372461,0.1476142244357225,0.120998510315974,0.054743102531403146,0.016186558443553368,0.0034996977821145163,0.00040877160891844534
79,0.0,0.1642397151746707,0.21140316478080576,0.16475410854876973,0.11328892165394107,0.14584581969934654,0.12250490137676961,0.056674648679808405,0.017075946225660638,0.0037681586696354645,0.00044461519058979187
80,0.0,0.16422091278146994,0.20860980367452506,0.16600272115577525,0.11209908289932145,0.14399462076409092,0.1239159320184727,0.058621900064877046,0.017998308672699134,0.004053577135473998,0.00048314083329225953
81,0.0,0.16343847992444485,0.20482664412088164,0.1679728231191201,0.11114078712794967,0.14103238646622496,0.1253760661529409,0.06173566697803881,0.019406092300825562,0.004526765072600564,0.0005442887369709849
82,0.0,0.16344900279408295,0.2021119345991606,0.16899322129076275,0.1103245299526512,0.13902551832477955,0.1265226555462178,0.06371110527658083,0.020413193625778484,0.00485853170098433,0.0005903068889995917
83,0.0,0.16346294250479168,0.19944388568530202,0.1699165051580815,0.10965396183686223,0.136963860867859,0.12756383921999534,0.06569160883328641,0.02145368726001053,0.005210124452835627,0.0006395841809739914
84,0.0,0.16347414244833325,0.19683342728831538,0.17073570639773378,0.10912745584053035,0.13485576279464748,0.12849732768368338,0.06767398964997787,0.02252749421308506,0.005582398531626006,0.0006922951520658134
85,0.0,0.16220108013806578,0.1878052574082472,0.17297680051667377,0.1094867100603704,0.12602122293572787,0.1302793441980885,0.07583888527446372,0.027147037850811614,0.007300331198261322,0.0009433304192882853
86,0.0,0.16262954739368463,0.18430377996998643,0.17315425915734944,0.10921747665396081,0.12279702288794572,0.13117153607413906,0.07862474514586704,0.029004795064226464,0.00804511926990977,0.0010517183829292338
87,0.0,0.16299761897297424,0.18096018700102368,0.17314917716856665,0.10919881914128804,0.11952750366279832,0.1318847251632807,0.08131461408938781,0.030952953824641333,0.008841402152896362,0.0011729988231415367
88,0.0,0.16257128260282958,0.17741834254307334,0.17267972993852068,0.1102620277368218,0.1152013970496455,0.13183545922083295,0.08503607390077654,0.033633434266913585,0.010010241588812741,0.0013520111517720081
89,0.0,0.16130496700661015,0.17409160738726043,0.17119703009595327,0.11265156385929911,0.11003365180114792,0.1306508398489993,0.08968225789146989,0.03713451649086858,0.011646206733662413,0.001607358884727999
90,0.0,0.16031345062304275,0.17255258293999637,0.16982135853394972,0.11453709858958142,0.1071167178316509,0.12944269480917459,0.09237063397717764,0.03934833566162387,0.012713786280932905,0.0017833407528690022
91,0.0,0.15816372489060732,0.16851136058692173,0.16501113504118328,0.11864696392639604,0.09925759603693374,0.1262904374598826,0.09919967938270838,0.046136857586701566,0.016406042005776417,0.002376203082887934
92,0.0,0.15744575475297795,0.16801609399062312,0.1636503649466667,0.11976514179746833,0.09775908736985991,0.1252290985351415,0.10057981044653967,0.047699935308729374,0.01732657027526436,0.0025281425767281996
93,0.0,0.15634719078568002,0.16659688198704176,0.16158939763582664,0.12094657613264398,0.09491747465644887,0.12395094807812937,0.10266830095737205,0.05086961072363216,0.019258248641302628,0.0028553704019218295
94,0.0,0.1535955428914035,0.16643532289707824,0.15681513887952334,0.12418757579693658,0.09150470253563686,0.11992987140767378,0.10600329254465281,0.055634355706733044,0.022494759136688813,0.003399438203672705
95,0.0,0.15155690315454634,0.16674864770207934,0.15345230962865775,0.12619373768472827,0.0897863482285697,0.11693779561485765,0.10783609540040759,0.05882105128826523,0.02486435828284968,0.003802753015038098
96,0.0,0.14884338684637682,0.1683514192845891,0.14744196151248207,0.1298929865715335,0.08846938422723132,0.11130654478595156,0.11035046646754128,0.06290003948329752,0.028063535998222523,0.004380274822774147
97,0.0,0.14712975188368968,0.16868315572955248,0.1454179559044469,0.13054472502171482,0.0879053236897172,0.10928444575366969,0.11098358122178668,0.06517833752299408,0.03015423427084597,0.00471848900158243
98,0.0,0.14452496062321196,0.16986915690961985,0.1406491836661463,0.1324849909831246,0.0875846328486465,0.10448764272096446,0.11210571868139656,0.06912595302744348,0.0337869497553966,0.005380810784049915
99,0.0,0.1397854169514224,0.17110790683468055,0.13583912011586008,0.13276732698234048,0.08818904064426633,0.09866205536447263,0.11205265791745699,0.07480048758854832,0.0403142732452473,0.006481714355705134
100,0.0,0.13721221944590975,0.1722390571733696,0.13084629772448386,0.1333993659267888,0.08968465726499449,0.09266421531143039,0.11184395781691608,0.0790277572253633,0.04561306405256877,0.007469408058175197
101,0.0,0.13309690755721987,0.17214075235846307,0.1293634174517847,0.13091029955479286,0.0920931927945743,0.08888172313452553,0.10945777816951222,0.08297153871620425,0.052475592771680735,0.008608797491242619
102,0.0,0.13145787586810562,0.17189748592720538,0.12802060770781973,0.12960451927497732,0.09376490265417972,0.08612652667174177,0.10810218709698599,0.08507403242361236,0.05662754327726722,0.009324319098105115
103,0.0,0.13066855719368298,0.1716065459446992,0.12671228963598288,0.1286950571078112,0.09513466468805214,0.08369325518397677,0.10716949429023512,0.08656324499549856,0.05987977755408691,0.009877113405974492
104,0.0,0.12940713193096084,0.1707951727607843,0.12681391199032419,0.1269652799276765,0.09655750761455112,0.08246832428267531,0.10553969538365317,0.08779976455745798,0.06320749706299145,0.010445714488925492
105,0.0,0.1283116976378596,0.16970581064883838,0.1271509488148236,0.125083248304716,0.09799995734276741,0.08142579838410155,0.10375540201895025,0.08892758104546758,0.06658735073295903,0.011052205069517033
106,0.0,0.12783960484546175,0.16896709183104255,0.12712698193928557,0.12393370079831872,0.09896409587033146,0.08047514528917533,0.10270953624863347,0.08960549064795517,0.06893528988707633,0.01144306264272021
107,0.0,0.12743337141663819,0.16811398937642164,0.12721050287606894,0.12271665000780764,0.09992564332752323,0.07960589021798566,0.10161447671543986,0.09021557879198812,0.07132613099388656,0.011837766276240873
108,0.0,0.12681326347980962,0.16434174876439947,0.12790237112598887,0.11819950570914675,0.1031205833220398,0.07673745046284174,0.09776076566811996,0.09184411257737223,0.08006847638805796,0.013211722502224642
109,0.0,0.12671151111884027,0.16296285403580574,0.12844968705529236,0.11674185081786112,0.10399805871724431,0.07625192788353931,0.09648427763196035,0.09214184708028049,0.0826412074251549,0.013616778234022221
110,0.0,0.1273797778668205,0.15987950073872878,0.1291635030043368,0.1140018408243155,0.10558746251004911,0.07458811207638304,0.09428266797433066,0.09280808346985511,0.08781964491429896,0.014489406620882779
111,0.0,0.12719903993291537,0.1572973045620087,0.1307109230547222,0.1115475439847629,0.10673716412661916,0.0747573113233054,0.09204223654392456,0.09273907513160073,0.09192460585937147,0.015044795480770956
112,0.0,0.12738420392046818,0.15019716070317865,0.1349138654540446,0.1058835463941728,0.10880888158433512,0.0762444494884215,0.08660256232380412,0.09201139070099026,0.10142775529505374,0.016526184135532345
113,0.0,0.127787516278455,0.14803626754688842,0.13597216096971682,0.10439550187916706,0.10921938859748513,0.07643848391950463,0.08528075089067715,0.09170666366323847,0.10425156660904143,0.016911699645827317
114,0.0,0.1282443629097766,0.14579741313294187,0.13706913172638932,0.1029316901080853,0.10955591247379207,0.07670782034510458,0.08397105262431462,0.09133164757706097,0.10709986810161469,0.017291101000921464
115,0.0,0.12875195496636666,0.14348664879477047,0.1381976940682422,0.10149858876816392,0.10981575794263271,0.07704940921686783,0.0826778255716493,0.09088778537696503,0.1099708263429678,0.01766350895137569
116,0.0,0.13005605275376173,0.13688039298304333,0.14148975001907643,0.09807532695030768,0.11011822530138898,0.07960818552987392,0.07876899346483358,0.08950959594218687,0.1163791339247801,0.01911434313074916
117,0.0,0.13113360882563913,0.1328375953216125,0.1432930815407235,0.09625091372062913,0.1100067460580395,0.08094458086592549,0.07675866683167538,0.08854067037833338,0.12031156721596,0.019922569241463916
118,0.0,0.13235710411996865,0.1286736823469187,0.1450322549915655,0.09459808085355301,0.10968995172776261,0.08239111341302659,0.074852884551491,0.08746547569063123,0.12417019221676918,0.020769260088315467
119,0.0,0.13396759393486013,0.12346319821699259,0.14713658912040325,0.0926432293760532,0.10896961338710243,0.08382653448000305,0.07290693187671858,0.08567917084465146,0.13004448295483384,0.02136265580838362
120,0.0,0.1350897001443301,0.11982089014157715,0.14864539388402864,0.09130009261130051,0.10824186414698288,0.08453056505397785,0.07183428757737759,0.08412177479571294,0.1350252146292976,0.021390217015416983
121,0.0,0.13595177660211794,0.11718053843480657,0.14962181667524538,0.09053057698711875,0.10765830917849162,0.08534194386600641,0.07098889902400647,0.08309569391523884,0.13798753338410766,0.021642911932862746
122,0.0,0.13712027207672373,0.11347468837642977,0.15109910677594904,0.08941042607274935,0.10666782579263875,0.08615917445046217,0.07003925594876564,0.0814612693858948,0.14290390061425573,0.021664080506133467
123,0.0,0.13861348321750508,0.109301337845545,0.15227613279249444,0.0887073401945891,0.10547169963846097,0.08788034835889752,0.06877687053487608,0.0798032246627414,0.14686799880006585,0.02230156395482706
124,0.0,0.13951151292320965,0.10670815540064864,0.1530585860024158,0.08826636050422225,0.10460433466217448,0.08874525253957097,0.06815721004853152,0.07865014922047163,0.14981527577547724,0.022483162923280307
125,0.0,0.14041055513433695,0.10414145540211855,0.15378177868507253,0.08790982846746921,0.10367432656302497,0.08961056937695128,0.06759717202842824,0.07747609849228249,0.15275290300849756,0.022645312841820954
126,0.0,0.14130768109986405,0.10160648756124069,0.15444225956344448,0.08763772631250441,0.10268560388041548,0.09047124028843306,0.0670974290034232,0.07628563664561804,0.15567848950448598,0.0227874461405734
127,0.0,0.14220011011050204,0.09910816092437105,0.1550370102044212,0.08744958506174821,0.10164236719490563,0.0913222904917647,0.06665835761344863,0.07508343561717401,0.15858963313742508,0.02290904964424223
128,0.0,0.1437855399573234,0.0951829605271031,0.15556588252982,0.08752346656024262,0.0999184004946812,0.09297703622600258,0.06597345312104186,0.07326453300491745,0.16233011832741973,0.02347860925145092
129,0.0,0.14481603340462457,0.09187647474973672,0.1564085661201137,0.08737965051659373,0.09822814078567801,0.09376856876354867,0.0657193621587562,0.07146148562396142,0.16720159851360367,0.02314011936338614
130,0.0,0.14637448549454424,0.08818835665765444,0.15655764700877328,0.08784641978146898,0.09630788171444746,0.09529382480533682,0.06534221674420376,0.06963008521641148,0.17083659536523702,0.023622487211925464
131,0.0,0.14730757026722016,0.08511692209235527,0.15711651926707748,0.08800869180801313,0.09449863946234492,0.09595873722531789,0.06531285115709581,0.06790975184715839,0.17559624891926492,0.023174067954154998
132,0.0,0.1495764920031967,0.07966615106391885,0.15684958293813878,0.08929040114972546,0.09113353836278426,0.0978782714100647,0.06530623151332111,0.06502570914588651,0.1817754443765687,0.023498178036398254
133,0.0,0.15103906945904477,0.07647935510509252,0.15631273990873668,0.09037081384256727,0.08902371526202786,0.09902271815527255,0.06546330317569883,0.06336458164814188,0.18501736917711697,0.02390633426630419
134,0.0,0.15175426663436287,0.07460724760724484,0.15608710224870342,0.09098177860783181,0.08769555058577916,0.09946852340593963,0.06567495470324419,0.06234390633307557,0.18759931949472297,0.02378735037909922
135,0.0,0.15244492795628967,0.07280057225599097,0.155793745058322,0.09164137096478922,0.08637480807503785,0.09985847822137481,0.06592990638772533,0.06137033894886194,0.19013886446389447,0.02364698766771733
136,0.0,0.15525697438004932,0.06774721819314723,0.15371153746311847,0.09434208986072906,0.08269128415992472,0.10162256940401244,0.06672758399657916,0.05900796643306053,0.1934214440669853,0.02547133204239749
137,0.0,0.15644551452940503,0.06468448250794318,0.15258869337897563,0.09599780071654528,0.08018107642994914,0.10186554314927271,0.06764317077733523,0.05749522089100419,0.19806498928831026,0.025033508331263173
138,0.0,0.1568609296661167,0.06282555818844353,0.1519579566142087,0.09699967280725719,0.0785550969248762,0.10154571534512322,0.06836914721857597,0.05661193528091134,0.20248521198458636,0.023788775969904755
139,0.0,0.1571181946589929,0.060647226398665245,0.15121205531432935,0.09811160257060794,0.07670228310224504,0.10072344695624484,0.06927704232668494,0.0558764088783212,0.20853945683447908,0.02179228295943361
140,0.0,0.15905904852442096,0.056247006673181166,0.14795701680802553,0.1015599489705884,0.07305658006980652,0.10014058575532135,0.0711549763151207,0.05484369374219179,0.21462279790985728,0.0213583452314908
141,0.0,0.15932132620692394,0.05483536057437993,0.1469344015572942,0.10251756089716453,0.07201365860219822,0.09924552679993356,0.07181955673769909,0.05499231518974627,0.21813734782628175,0.020182945608383067
142,0.0,0.16070450581632112,0.05241900088111282,0.14446151687957887,0.10490920233758755,0.07003813503065467,0.09880765245479475,0.07302974036518517,0.05487961732265297,0.2198041758971519,0.020946453014965002
143,0.0,0.16090090857866787,0.05120600276130646,0.14330361736303224,0.10578710156794999,0.06931029242542888,0.09763738278182689,0.07363062890151997,0.05554129504152366,0.22304326703515623,0.01963950354359268
144,0.0,0.16252599987698937,0.04847117515616031,0.1401284044787238,0.10866924986100865,0.06728233151544394,0.09666010247943171,0.0751317249867092,0.05617101415147259,0.2234920264994875,0.021467970994577916
145,0.0,0.16236114198832946,0.046739784750505727,0.13801716281178186,0.10936267734729102,0.06723677371034444,0.09326896739489753,0.07563550789927487,0.059457264317212724,0.23077071411416858,0.01715000566619863
146,0.0,0.16262753588544201,0.045964237813455995,0.13703222569322823,0.10998056560275696,0.06699223747114702,0.0924164582068066,0.07589313820075645,0.06045097564593063,0.23179151289797978,0.016851112582501278
147,0.0,0.1628379587715415,0.04495606440239896,0.13573947381282755,0.1104644442553534,0.06703314388781546,0.09087155917569464,0.07602409421222517,0.062438550197363434,0.23373005426079224,0.015904657023992644
148,0.0,0.1635969986009646,0.04280125305755432,0.1327846926557991,0.11197951346548847,0.06685594257166236,0.08809357677974891,0.07636261359550886,0.0664446641588218,0.23585356103022487,0.015227184084232091
149,0.0,0.16393327268618832,0.04130942691736808,0.130747047381847,0.1117893376084971,0.06803767758561644,0.08515558450101607,0.0756908264348988,0.07154716841743822,0.23773491765274327,0.014054740814392444
150,0.0,0.16463596179379908,0.03935366328616079,0.12783816735747075,0.11287378218075336,0.06849883727330044,0.08232177777786381,0.07521743308654079,0.07701017714671889,0.23834051870721207,0.013909681390186024
151,0.0,0.1648411433413402,0.03874178580207203,0.12688210399197122,0.11319505504184454,0.06870683371174996,0.08138227571952107,0.07496764947723263,0.0789753961052401,0.23837116680599535,0.013936590003038861
152,0.0,0.1659761898036854,0.03638664234402703,0.12351918071279243,0.11129398480569809,0.07216271849905025,0.07691592248858536,0.0722308363448345,0.09030321681800846,0.23479254813984615,0.0164187600434783
153,0.0,0.16617070027648398,0.0358474875186957,0.1225329956688171,0.11158384218778634,0.07241567799545742,0.07608152035787377,0.07175859077986568,0.09256688722876094,0.23434373075716114,0.01669856722910394
154,0.0,0.16634495683448064,0.03534708539745479,0.12153105901078143,0.11187294627215193,0.07267427836659743,0.07526079660327896,0.07126354954080215,0.09486653870064259,0.2338124401284689,0.017026349145347213
155,0.0,0.16693471348168706,0.03430224640714907,0.11968900608835492,0.1112473171049474,0.07410248825315631,0.07344459591218183,0.06978745405875263,0.10060584360947698,0.23043582906007182,0.019450506024228164
156,0.0,0.16624266872465768,0.03359785101648167,0.11432394229710234,0.11547413589355913,0.07317683307283443,0.07049999807675954,0.06834088103259642,0.10878919341840335,0.23076600573187314,0.018788490735738423
157,0.0,0.166443775065878,0.033317236485796944,0.11054300999491998,0.11564973642309367,0.07460042818710151,0.06824927071691071,0.06646655399283648,0.11696319918360229,0.22572072283219885,0.022046067117667892
158,0.0,0.16646293339146778,0.03335058473497441,0.10856331442042355,0.11578583650984707,0.07524017079614681,0.06721109443394534,0.06557563641026212,0.12100379707469064,0.22278466759431273,0.024021964633935942
159,0.0,0.16658975566877826,0.03346134191628887,0.10588846966718972,0.11562876744754398,0.07625220203868534,0.06589920951367781,0.06438620892909253,0.12663512695740028,0.21768922199412738,0.027569695867222493
160,0.0,0.16630941072882247,0.03380799219320779,0.10441356742762108,0.11617322974262295,0.07635159170966835,0.06528860585348482,0.06398647080022188,0.1288754461538133,0.21616525909150483,0.028628426299039274
161,0.0,0.1659836756098532,0.0342368977082273,0.1028888291775875,0.11674737460852794,0.0764345403659342,0.06468364744328971,0.06362966004677403,0.13107084362584945,0.21458988797029008,0.029734643443673565
162,0.0,0.16406919124578367,0.036499353262640914,0.09780170956381659,0.1197533484315191,0.07600709239127772,0.06281538167081586,0.06313809454510873,0.1363572558236691,0.2117867287902177,0.031771844275157654
163,0.0,0.16311555823475837,0.038988568690707076,0.09116963420473467,0.1203753743569655,0.07717060835467852,0.06057742789871677,0.06261244318734445,0.1458094819516922,0.19972799440304234,0.04045290871736715
164,0.0,0.16241962345459132,0.04007135696192023,0.08928637424523547,0.12116489214761578,0.07712783815082302,0.05996754338818512,0.06273896016023811,0.1474872828556089,0.1978742083172764,0.041861920318512755
165,0.0,0.1601481452748968,0.04313354859843876,0.08495120339763484,0.1239829932447141,0.07658678072335837,0.05850230003534678,0.06339634154453479,0.14967696953586346,0.19664131230873785,0.04298040533648175
166,0.0,0.15842597251256763,0.04586890575214861,0.08086471369849056,0.12566978091173236,0.07655669277990604,0.05713643328807607,0.06424095384144046,0.15249297808232737,0.19276760253333844,0.04597596659997995
167,0.0,0.15584469724968095,0.04948089275807923,0.07631243452946897,0.12834520145660205,0.07626818574279157,0.05545170955140902,0.0655182436239224,0.15411234757984427,0.1909757307888994,0.047690556719309836
168,0.0,0.15343601454359992,0.053800891960975226,0.0702422243206028,0.1299575222637517,0.07663362097257694,0.05336436986075396,0.06790829276196775,0.15801798450176363,0.18301548270610646,0.05362359610790938
169,0.0,0.15122319301903464,0.05731626731900656,0.06593961953126092,0.13158835581224673,0.07677596198613869,0.05170784067587097,0.06997196104992057,0.1595965015031228,0.17919080094462866,0.05668949815877723
170,0.0,0.14917233476336322,0.060386664424475614,0.06245937742155659,0.13320614222875343,0.07688872059953039,0.05023077096918652,0.07176283844510736,0.16016737086331312,0.17737305421369412,0.05835272607102749
171,0.0,0.1465416599458899,0.06466664611033485,0.05748573730764926,0.1345389740667712,0.07736963983538524,0.0481305070200162,0.0751293303468978,0.1616824799560662,0.17182998049334347,0.06262504491765418
172,0.0,0.14478563141490497,0.06757192925192548,0.054241758095421255,0.1347783839112176,0.07786678816781681,0.04670240517166325,0.0781145592532847,0.16287886960232523,0.16637094822923384,0.06668872690221543
173,0.0,0.14329829907645483,0.06987792995565842,0.05186006318189754,0.13501523336041157,0.07827659197983962,0.04554333947863167,0.08052378784364567,0.16333905056786727,0.16291755347658424,0.06934815107901782
174,0.0,0.13848971829437826,0.0769791802499502,0.04471877813217405,0.13800786573710952,0.0794802049808998,0.04161148199009252,0.08595954154743757,0.16181124640976355,0.162134104113278,0.07080787854492512
175,0.0,0.1365087485018539,0.07987548459804138,0.0418931327782919,0.1386834877798145,0.08028054339898297,0.03988106841683292,0.08880895860681921,0.16120092480537712,0.16069056574661175,0.07217708536738295
176,0.0,0.13388968167254073,0.08362926134368094,0.03831267504317795,0.13937740911032384,0.08160779028482708,0.037465039626444104,0.09269038761963562,0.1600636068624351,0.15911009883062177,0.07385404960632175
177,0.0,0.1328267120826793,0.08513454816390299,0.03691549419218869,0.13934623773884303,0.08225823165223499,0.03646449582487496,0.09473107677709473,0.15966167184166244,0.1578013250894181,0.07486020663710978
178,0.0,0.1311241920564128,0.0873900659128171,0.03500542165094501,0.1385763456509459,0.08344286148417147,0.03495782752325124,0.09897106471760976,0.1590950061584729,0.1544437191512716,0.07699349569411149
179,0.0,0.12958655239417255,0.08915339828152494,0.03381080710442297,0.13731565952676467,0.08471291298670677,0.033707093514085004,0.10314469454823756,0.15825739761692564,0.15141046613502912,0.07890101789214021
180,0.0,0.12868221865885024,0.09025405512273756,0.032993535698416135,0.1368360518399669,0.08549301777875179,0.032894663393113664,0.10522561583760416,0.15752611151550475,0.15060342726658518,0.07949130288847918
181,0.0,0.1269869123197754,0.09082985496596555,0.03419109006065477,0.13246294439454417,0.08775067571346663,0.0322647005596012,0.1118356738032606,0.15565337203786034,0.14562366165249344,0.08240111449238743
182,0.0,0.12626940192553632,0.09148717089687475,0.03396544397947201,0.13156088116078996,0.08858871949970924,0.03175721458888261,0.11378537061237803,0.15466506856957118,0.14535942132006405,0.08256130744673146
183,0.0,0.12405586587057958,0.09425397826794925,0.031917647618509355,0.13009515776936006,0.09117674558622589,0.029639528589855958,0.11894430207752077,0.15148938592443856,0.14655552154839824,0.0818718667471721
184,0.0,0.12349928641310325,0.09408361728658876,0.03286741442019165,0.1279259911550259,0.09240103671728145,0.02965287112326441,0.12148900446450983,0.1500854121316124,0.14607206097679526,0.08192330531163698
185,0.0,0.12306770372358646,0.09416190494928049,0.03325295749680929,0.12659452031165944,0.09330094780454075,0.029546653616032263,0.1231882114909091,0.14899425130123367,0.14615349667167668,0.08173935263428166
186,0.0,0.12269277736232587,0.09412530550042561,0.03376051132202736,0.12518463223049714,0.09419722345603837,0.029541378170133224,0.12481510662410861,0.1478852459396585,0.14631391723956672,0.08148390215522856
187,0.0,0.12251066439374532,0.09261029182640108,0.03646504037289881,0.12148175294082711,0.0956861685720846,0.03066601233664725,0.1274061515680865,0.1459515893728436,0.14619932782243453,0.08102300079404136
188,0.0,0.12242872967429953,0.09142003490809146,0.03852215342536933,0.11866976533733917,0.09680949452012536,0.031669332165213546,0.129141978323719,0.1443630476307492,0.14656371178731417,0.08041175222778951
189,0.0,0.1224751637919068,0.0899671713651278,0.04085022822221748,0.1157162616081039,0.09787155238548864,0.032983618188087184,0.1306062922141976,0.14274307022629273,0.14714430728148792,0.07964233471710025
190,0.0,0.12214863751870486,0.08959638723370583,0.0419037397261131,0.11336737827013761,0.099125545809306,0.033667328653973164,0.13246757747788435,0.14072505252486572,0.14854238900568675,0.07845596377963297
191,0.0,0.1221798722862901,0.08699273539128104,0.046133703249254365,0.10705501018378139,0.10160073668213492,0.0369969893933638,0.13544841771068128,0.13637406472439864,0.15162504717158498,0.07559342320724029
192,0.0,0.1221940059567115,0.08577575855200768,0.048271870694596236,0.10351563401706163,0.10288774125095049,0.03911043149256982,0.13691343918918286,0.13380449295481142,0.15350304869395515,0.07402357719816414
193,0.0,0.12308164144090435,0.08223198990205347,0.052718355201395624,0.09918387152995699,0.1035826149546952,0.04335429562291113,0.13678515250719,0.13164337998388495,0.15549570773107496,0.0719229911259445
194,0.0,0.12337896440322296,0.08091263469009942,0.05450096835574039,0.09718995487737456,0.10392066357982183,0.0453058581146872,0.1368215710576371,0.1304616149391767,0.15653749204794618,0.07097027793430488
195,0.0,0.12371491827661682,0.07887348486764288,0.057835991148178355,0.09258558676684221,0.10472320988385665,0.0496294266742142,0.13728721288053783,0.1274143954228004,0.1586564314695336,0.06927934260978838
196,0.0,0.12565127900029352,0.07263503175183589,0.06487352577189383,0.08652331476205599,0.10466415312879118,0.058755012159515924,0.13458364802602743,0.12418998057707227,0.16262505295550578,0.06549900186701937
197,0.0,0.12643468343726655,0.069816292393286,0.06849531121443828,0.08291425606702395,0.10441308022380662,0.06447569057262525,0.1330712345490621,0.12186521692320346,0.16480126237826337,0.06371297224103578
198,0.0,0.1267725546968429,0.06827194653703646,0.07083579470743516,0.08037766038608868,0.10408296903827177,0.06866482323420399,0.13206518652918803,0.12007081307582304,0.1661083257578742,0.06274992603724727
199,0.0,0.1270935773836561,0.06627264783482745,0.07448518383467914,0.07627783949439368,0.10323840318374872,0.07571274535815085,0.130302653421342,0.11725459374702163,0.16727857406277516,0.06208378167941686
200,0.0,0.12852344588412984,0.061983787537765775,0.07926347603797453,0.07209950644748422,0.10167477364779702,0.08672591934708393,0.12575661851260744,0.11380918020296611,0.17060450842130848,0.0595587839608944
201,0.0,0.12928804224942178,0.0591641789248581,0.08309891067278787,0.06848453695698892,0.09964769628950434,0.09762087597848539,0.12130365208337032,0.11033167207490299,0.17259558377959133,0.05846485099010097
202,0.0,0.13052844296225483,0.05612763628019588,0.08573027055994847,0.06638096102871657,0.09765998924589647,0.10799259030080476,0.1161574626919257,0.10729176759155022,0.17527488108478037,0.05685599825393901
203,0.0,0.13132571841719792,0.05421709556148231,0.08734807623400137,0.06506259227072755,0.09590153281466991,0.11625716235114567,0.11198088002832356,0.10483993758799559,0.17684531106183635,0.05622169367263222
204,0.0,0.1314854915983793,0.053189868842596466,0.08894361125304075,0.06335428851206323,0.09267109148919495,0.12957053476674757,0.10578475740053941,0.10028420897087575,0.17787755474581435,0.0568385924207609
205,0.0,0.13162161739396924,0.05284697945431995,0.08919023260832061,0.06302406218218595,0.09126284319539436,0.13533281880273784,0.10292337864978608,0.09828523602933013,0.17821474644933244,0.057298085234636045
206,0.0,0.13109277290110383,0.053517658232694054,0.08918036360114101,0.06265536962760185,0.08943180845413463,0.14225441610288495,0.09987151838339463,0.0954775625263067,0.17791721661586068,0.05860131355489055
207,0.0,0.13015795782814446,0.05482430895543089,0.0890221737590509,0.06236079586678606,0.08813866018274302,0.14684296517291529,0.09815473805523252,0.09330292303285061,0.17710221610813948,0.06009326103871974
208,0.0,0.12916521468103503,0.05631632860944689,0.08867305652808677,0.06217638203326728,0.08695212476213524,0.15119678353521981,0.09654346573201977,0.09113432224775007,0.17604211377562,0.061800208095432185
209,0.0,0.1287391760534774,0.05711246850356458,0.08819655872310363,0.0622741552504315,0.08621506031757625,0.1541849507476369,0.09527513534068817,0.08966972767151284,0.17550281496969256,0.06282995242232935
210,0.0,0.12828051533244547,0.05800516078679163,0.08761942266447434,0.0624280624343334,0.08553111143210367,0.15704387344249066,0.09408272669028651,0.08818766999492383,0.1748854726458428,0.0639359845763209
211,0.0,0.1277917208293605,0.0589902099887109,0.08694521619368493,0.06263395235147243,0.08490615561841292,0.1597651804067274,0.09297187246120685,0.08668853712269041,0.17419269857347996,0.06511445645426706
212,0.0,0.12742079454681982,0.06019132222971312,0.08550750299381811,0.06330875757957548,0.08404427973800627,0.16391513974833544,0.09109793695317069,0.08436317600140261,0.17343722602780712,0.06671386418136485
213,0.0,0.12549135071625594,0.06348082746699447,0.08418523837940152,0.06339872223166937,0.08332223218048994,0.1677656884666736,0.090132877878822,0.08139681725992678,0.17077310284986122,0.07005314256991872
214,0.0,0.12302800234828168,0.06784388362635871,0.08243256862892863,0.06338761753625226,0.08304076085391036,0.1714885046465063,0.08948291515088493,0.07788600118995823,0.16664557905775917,0.07476416696117347
215,0.0,0.1213440011813215,0.07180215530295186,0.07961038844148585,0.0640573435842007,0.08328873417778435,0.17471808333520217,0.08885670476442167,0.07414448001652696,0.16319406596331149,0.07898404323280744
216,0.0,0.12029209855250986,0.07615125937823437,0.07452509435459706,0.0660618330280761,0.08404932905674446,0.17802268092612167,0.08833859550063122,0.06895447114421466,0.16055134235499544,0.08305329570388935
217,0.0,0.1197527745268269,0.07776786925265729,0.07305741632943927,0.06649937024580896,0.08456855021663662,0.17854731283019176,0.08853395090216248,0.06734086186492748,0.15928822261994932,0.08464367121141428
218,0.0,0.11779233980838273,0.08224396153375686,0.07055924600001308,0.06638503559205555,0.0868452432107558,0.1781130220791718,0.08998517778011687,0.06404412907652965,0.1546016295053594,0.08943021541387268
219,0.0,0.11668486189527452,0.08545197116288054,0.06839174812373729,0.0663154955348689,0.08915304383018653,0.1770610653692646,0.09142991440205335,0.061477830307207416,0.15105089252299236,0.09298317685154914
220,0.0,0.11613996289603416,0.08843693378132148,0.06528995295961496,0.06688508239501151,0.09154600652603045,0.17586869753684722,0.09307598465481931,0.058368589177392065,0.14871654982926102,0.09567224024368262
221,0.0,0.11569373060657717,0.09254939323357474,0.0607821955555328,0.0675145331874491,0.09581405296085498,0.17282856340292252,0.09626651547979423,0.05380164986372189,0.14553219866032222,0.09921716704926557
222,0.0,0.11558419789768722,0.09429553099525345,0.05909188884433241,0.06735127914213276,0.09846367009213586,0.17050828322289505,0.09813414446915882,0.05195197907976956,0.14366338465891293,0.10095564159773722
223,0.0,0.11575775126762415,0.09604404465770089,0.05659594778735433,0.06786194082098845,0.10078870695536302,0.16844402640038664,0.10018880467209373,0.04941449994692766,0.14290057659106695,0.10200370090050952
224,0.0,0.11684992949682452,0.09929243849516636,0.050614586183050196,0.06988311019908026,0.1055753667490902,0.1634249907931254,0.10555481654630716,0.042864501317542505,0.14239557715844584,0.10354468306138288
225,0.0,0.11742026424320609,0.10022613167038397,0.04886871343886976,0.07021556515976056,0.10802364512501783,0.16058412537781952,0.10801629935244142,0.040606114464234906,0.1419485652491715,0.10409057591910983
226,0.0,0.11797576947370449,0.10098880543342062,0.04780048344895858,0.06967618326752661,0.11133290627738582,0.1569425019993564,0.11055215090387174,0.039068132291573306,0.1412693304819658,0.10439373642225216
227,0.0,0.1188321523789274,0.10146487145693177,0.04642650891567886,0.0698534016175071,0.11384268579902826,0.15379512622368052,0.11314655911554791,0.03699959795316845,0.1412135951878651,0.10442550135168026
228,0.0,0.12133182325155288,0.10163405940928669,0.04431693025822485,0.06948617347032841,0.12016720590989625,0.1457275649542583,0.11922051010096116,0.03304871978802016,0.14164086693505523,0.10342614592243192
229,0.0,0.12601221567659773,0.09920568345662716,0.04348038680285423,0.07043925557992223,0.12560741972753162,0.13585708364350382,0.12726566525970223,0.02752595085517792,0.14391464848975197,0.10069169050834709
230,0.0,0.13027610096473424,0.09482918941446088,0.045846898374138766,0.07177362423059677,0.12712714947087306,0.12934807330211429,0.13212298024745142,0.024710258017234598,0.14592534064471516,0.09804038533369686
231,0.0,0.1330675162940885,0.09136546548962082,0.048367395440521835,0.0723981822924863,0.12755803620925896,0.12572364003379494,0.13435618763311177,0.023929844680666803,0.14754129818702438,0.09569243373944177
232,0.0,0.13581283029997396,0.08905031549014429,0.0491891656784469,0.07104707059055573,0.1309203639559296,0.12179771067578321,0.13655883274764927,0.02372319317578537,0.15129205272975843,0.0906084646559895
233,0.0,0.13802680962089728,0.08699054642410012,0.05008728062749642,0.07030001421113918,0.13276969811269507,0.11932083180233385,0.13780868618005568,0.023795962106959393,0.15406945778875858,0.08683071312558083
234,0.0,0.14147582541021533,0.0820079503092999,0.05446576305336854,0.07143145693454532,0.13081413653994003,0.1173561894500551,0.13852863033658155,0.024174150927952685,0.1568753510975499,0.08287054594050783
235,0.0,0.14656742476564144,0.07540969582952849,0.05968362656087981,0.07194593570274678,0.12912630098972327,0.11558424981428866,0.1383745898459342,0.02583270795078239,0.16272566554169277,0.0747498029987983
236,0.0,0.14795894604697615,0.07374281968165675,0.06084257340345,0.07195423057603331,0.12880931702664777,0.11534929106577048,0.13815300730831734,0.026384489421024723,0.16457358448416334,0.07223174098597643
237,0.0,0.15252045689596433,0.0694441429942797,0.06252866150315195,0.07084998598890321,0.12997109864762948,0.1144290951085938,0.13766537205862112,0.028013277356686045,0.17118908241258315,0.06338882703360352
238,0.0,0.15535769982023948,0.06613797163597465,0.06493912488502379,0.07098938919602249,0.1283977287780435,0.11520250219836105,0.13623524589606537,0.02960468659648124,0.17480755093472744,0.05832810005907741
239,0.0,0.1578494724237737,0.0635681456321435,0.06642225085795807,0.07078004717093105,0.12770151762821938,0.11582516342993524,0.13499057388119973,0.031023380807911363,0.17801004597090803,0.05382940219703644
240,0.0,0.15921423994261505,0.061981996286872856,0.06766531493485617,0.07089905587532216,0.12658048740013106,0.11666224588223575,0.1339218352985949,0.0319803045790957,0.17967889042784008,0.05141562937245286
241,0.0,0.1616525254104553,0.05947651467146647,0.06922754208801751,0.07074784599528179,0.1254625822534015,0.1178244494791507,0.13221480309807004,0.033637324889993034,0.18259887436847835,0.047157537745701916
242,0.0,0.16835854532511907,0.05324512158779016,0.07240924487832187,0.06967633870692354,0.12378456271200092,0.1206382315567926,0.12721668447884818,0.03880885716637358,0.18940252216085882,0.03645989142698797
243,0.0,0.17162532452739956,0.050081570557038886,0.07465695499397315,0.06936173176141029,0.12163857715713342,0.12321892713420902,0.1236398998842131,0.04201883604911311,0.19195355772110292,0.03180462021442338
244,0.0,0.1748088754266421,0.046818440173365325,0.07790319729209917,0.0692134377427138,0.11760154433617027,0.1276908522360255,0.11872206686874108,0.045708963160754144,0.19386932300357973,0.027663299759925923
245,0.0,0.17671546187784393,0.044919226277568794,0.07987112528581695,0.06901291981169111,0.11524441656079178,0.1304366840627611,0.11552279103787011,0.04820354230678813,0.1945815264158154,0.02549230636306988
246,0.0,0.17765748779898127,0.043769215463882696,0.08211369078445081,0.06907014841504584,0.11171171012134486,0.13427729706051147,0.11234393150376773,0.04982133105917617,0.1946883703471837,0.024546817445672758
247,0.0,0.17842387926568196,0.042837220447795345,0.08431878537710255,0.06908904064978393,0.10818435856444357,0.13821146493413322,0.1090510062403037,0.051482831146212577,0.19442901170871707,0.023972401665843298
248,0.0,0.17901414253567646,0.04212688663906358,0.08647888851603065,0.06905993799522983,0.104699123346403,0.14219943147995254,0.10567047021783357,0.05317803573236369,0.19379495707466973,0.023778126462794338
249,0.0,0.18037949861301364,0.040744253209189604,0.08867683988145819,0.06857240819394382,0.1022474787028098,0.14533648737109986,0.1021143017010848,0.0557777023360624,0.19305007718998815,0.023100952801367286
250,0.0,0.1815930696629872,0.03950929204817881,0.09095223495835628,0.0679913587600054,0.09981840608957063,0.14847760576733324,0.098504826110714,0.058422101000330066,0.19183298808198665,0.02289811752055543
251,0.0,0.18265212790139784,0.03842175561654926,0.09330560446907979,0.06730887850810868,0.09744033731248251,0.15158620069651207,0.09486919511799101,0.06109996759471675,0.1901426332571214,0.023173299526058257
252,0.0,0.18246037687959804,0.03867219250729481,0.09609253075313384,0.0666977875359774,0.09310152334457023,0.15719806240170728,0.09030404481174381,0.06296607398545001,0.18725490200796868,0.025252505772573597
253,0.0,0.18205721646718728,0.03931569151549074,0.10015646725192692,0.06533951337889163,0.0877349352047935,0.16462178383912748,0.08355445704159117,0.06621677754458556,0.1816912078514194,0.029311949905004086
254,0.0,0.18054690311827018,0.04141657786708324,0.10275844178506853,0.06426905851240813,0.08369366683176935,0.17060260007570188,0.07835323355352605,0.0681864476774973,0.17593248997949237,0.03424058059920088
255,0.0,0.18034825835374188,0.04163731385108504,0.10578267427782609,0.06268230597988826,0.08168975467545429,0.1739588455771473,0.07424089838136162,0.07085004252425399,0.1708467395159055,0.03796316686335397
256,0.0,0.18135591747444102,0.03976172633847484,0.1113576586149404,0.05973812405776738,0.08042561734908532,0.176348940980681,0.06911052052817054,0.07568946148981304,0.1635704551567744,0.042641578009870174
257,0.0,0.18052642623109927,0.04084084127358178,0.11319638985784382,0.058369655843444126,0.07945536464735536,0.17848748928250618,0.06656292801763086,0.07701905490407052,0.15896827324485543,0.046573576697630875
258,0.0,0.179606603414672,0.04204243065039913,0.11494485699375086,0.05693664516408251,0.07882810523477261,0.18025224436458284,0.06422869998396542,0.07827574295534666,0.15417022812183087,0.05071444311661538
259,0.0,0.17982809106117684,0.04093799357176054,0.11959253835488921,0.05423678897594956,0.07888327396156143,0.18077099188863788,0.06097383582398201,0.08179502808750035,0.14703523032192586,0.05594622795263481
260,0.0,0.1794622712060315,0.041208811914257945,0.12124114464707222,0.05302346762531042,0.07896469726960774,0.181190239988886,0.05962154964292204,0.08293053505224729,0.1434856546528419,0.05887162800084159
261,0.0,0.17846526521491857,0.04245842348851082,0.12293288714800088,0.05134414324309132,0.07924811939656394,0.18190364037469853,0.05793558922658039,0.08395767977421591,0.13827190490786095,0.06348234722557736
262,0.0,0.17820963712155935,0.04092474435916034,0.13099106383945486,0.04639609616864201,0.08133306148922947,0.17991739714741828,0.05409247948765518,0.08942001960417328,0.12454406759635064,0.07417143318637513
263,0.0,0.17798846253058573,0.039926795545250374,0.13573696981213573,0.04362275856833788,0.08308089663044492,0.17764913849833522,0.05246457350510597,0.09258459504834317,0.11641193213255184,0.08053387772892785
264,0.0,0.17523385725447804,0.043634728018028444,0.13847549985478055,0.03934025323076631,0.08754044169678471,0.1748022411560835,0.05176509412319504,0.09313742875657716,0.10322741403878156,0.09284304187054346
265,0.0,0.174316827299675,0.04471565921052647,0.1395820698272673,0.03795769524487078,0.08964230610643988,0.17272952008635217,0.05195386965970286,0.09347543418849602,0.09842768066787179,0.09719893770881659
266,0.0,0.1742790596977581,0.04192499536145398,0.14698617240109488,0.034665866076462055,0.094786349363205,0.16437328992915357,0.05218058741960758,0.09782927935775251,0.08596438514387299,0.10701001524965803
267,0.0,0.1740273697768151,0.041829302989645864,0.1481394681736697,0.03403814657139846,0.09637444896720126,0.16204774872483813,0.052656785489135494,0.09836528661680222,0.0829800643517194,0.10954137833879307
268,0.0,0.17248229699939077,0.044307595283635,0.14768642965233206,0.033275916641565616,0.10064838186358195,0.15698138277608342,0.05499712529588108,0.09720853162406394,0.07741296355505438,0.11499937630843066
269,0.0,0.17278797941913498,0.041579778134131745,0.1521396077703728,0.032895593329847934,0.10538762720155913,0.14753494250939989,0.05724061465610412,0.09985027767594229,0.0695357613870225,0.12104781791650357
270,0.0,0.17300705860789026,0.040176562447118896,0.1539805750511762,0.033237374729033604,0.10767481866524249,0.1424871118659129,0.058658858337768315,0.10105370676020238,0.06614159252590812,0.12358234100976576
271,0.0,0.17354664503355482,0.03776336988468238,0.15654564579228583,0.034269629872281965,0.11052481559499054,0.13517257125361598,0.06068831975476899,0.10305869829030762,0.061951330298140615,0.12647897422539042
272,0.0,0.1740901491044098,0.03539212510905923,0.1577071790377466,0.037870646019305634,0.1149995976040675,0.12313782636796085,0.06545768903754304,0.10421702009750893,0.057483271450444115,0.12964449617197366
273,0.0,0.17454481952338693,0.033941259990067724,0.15810530189553135,0.040153247524290746,0.11659392822888344,0.1175485414536023,0.0676114683888542,0.10504363541643405,0.05606294042560349,0.1303948571533653
274,0.0,0.17470995106006296,0.03364126447580357,0.1553799470645282,0.04591069804974264,0.11920430810186224,0.1084086668783274,0.0731163458553518,0.1031525276415683,0.05604195923265451,0.13043433164011808
275,0.0,0.1755778417045194,0.03235493355395829,0.1468359816868228,0.06435286511763469,0.12089466947723161,0.0885305632718971,0.08595959342029137,0.09882534055725664,0.0608330818677518,0.12583512934265592
276,0.0,0.17662213810043056,0.030627347517697377,0.14215156214535143,0.0756245467917529,0.1197438755379023,0.07934339869196733,0.09176921978824952,0.09757324463702664,0.06460745238664585,0.12193721440299614
277,0.0,0.17698631888542066,0.03007941117996384,0.14035462763261358,0.07972681671064731,0.1190839822646579,0.07642757004341255,0.09370991512710168,0.09709914131806842,0.06611269987233255,0.12041951696580158
278,0.0,0.17706623170090344,0.0302571500392495,0.13693358385572532,0.08605053507180536,0.11778622844315259,0.07274226225682136,0.09687131406491616,0.09542752259129518,0.06893651501775021,0.11792865695840107
279,0.0,0.17779671905250552,0.029584698332179353,0.12899890598706865,0.10213952349021417,0.11356418265775708,0.06430656084205226,0.10377066478867202,0.09250938234015506,0.07574704072577675,0.11158232178363958
280,0.0,0.17814258579328685,0.029166342469142167,0.12667475884700632,0.10704863651710288,0.11209169366371009,0.06197160797484623,0.1056260435771459,0.09188410824904265,0.07773321595688286,0.10966100695185466
281,0.0,0.17848034747202318,0.028776663851770034,0.12427486203035105,0.11205965734131423,0.11049590036625367,0.05974756786843862,0.10745732059537423,0.09123775819267069,0.0797664299511689,0.10770349233065596
282,0.0,0.1801207799845614,0.026666771398940553,0.11569814583539893,0.13045138639607354,0.10407195581646356,0.0523466336757887,0.1134251432892815,0.0897261951936984,0.0868321931691458,0.10066079524066855
283,0.0,0.17995286703405464,0.02727435617930698,0.11145204697469231,0.13823147422681695,0.10080283008813037,0.0503983921731692,0.11616388634105827,0.08771576569153969,0.09028356070423796,0.09772482058701458
284,0.0,0.18220119401499052,0.024256511158058717,0.10495701823792848,0.15240883156466745,0.09556043060745811,0.04513278357724226,0.11960902947074219,0.08855562300905642,0.09482319198142358,0.09249538637845343
285,0.0,0.18368196003738374,0.022698597003288058,0.09643079629197268,0.16903463812825736,0.08862257929085574,0.04068001643152505,0.12375256118904739,0.08804148715506521,0.10053177307574424,0.08652559139688178
286,0.0,0.18173202295822155,0.025992313372444092,0.0882787910155588,0.18365638845968965,0.0802045176695624,0.0407212927180322,0.12858691751076676,0.08180413151434311,0.10658720999329731,0.08243641478810522
287,0.0,0.181691222782027,0.026401965413287824,0.0828773080408761,0.19362108602069167,0.07509856492268724,0.039738895113878285,0.13109446599960872,0.08010197713241339,0.10972491796263341,0.07964959661191755
288,0.0,0.18308786674704614,0.02504291840487502,0.07575233756554933,0.2063255505007509,0.06948782018158103,0.03732104578341428,0.13357790703959152,0.08066992065837317,0.11282842409031481,0.07590620902852513
289,0.0,0.18330182033241377,0.02504567940258682,0.07172167861222567,0.21325656992647696,0.06609668105698255,0.036621199824817055,0.13503010845482236,0.08030000967113522,0.11450467448020593,0.07412157823835513
290,0.0,0.18367855970943986,0.024954997523746792,0.066346339106035,0.22204146067901506,0.06202702145092998,0.035597543729042815,0.1366841133263995,0.08047202294172527,0.11636178979421961,0.07183615173946781
291,0.0,0.18333797734303064,0.02551853324095382,0.06407086023612536,0.2258993525046022,0.059793028871313464,0.03579803558064508,0.1376039965858041,0.07958891355271411,0.11715989810179472,0.07122940398303823
292,0.0,0.18331112065182073,0.02590333388633466,0.0591321922601485,0.2334168045291006,0.056304516426812584,0.03524285901687101,0.1389507727807098,0.07981124990428044,0.11838142552601874,0.06954572501792503
293,0.0,0.1808522730607231,0.0289595544382548,0.05558155164404079,0.24028106220996742,0.05052124109232223,0.0381622978955605,0.14127844762365463,0.07469678877934877,0.11916061723389243,0.07050616602225741
294,0.0,0.17955869126809557,0.030579953711789044,0.05357337647588232,0.2437556665624027,0.04773280322154254,0.03962411390227713,0.1423558704255526,0.07247907641238406,0.11920054891058994,0.07113989910950641
295,0.0,0.1783426530561127,0.03229316159008856,0.04873330174565434,0.25006371224770507,0.04441005466898184,0.040512038985287095,0.14378403361208042,0.07177703244395081,0.11860626375502714,0.07147774789513434
296,0.0,0.17743643620900781,0.033497476231895466,0.04589038893709852,0.25297988709445896,0.04324134412503453,0.04093471370997597,0.1444085725018184,0.07199812500604724,0.11774519502636353,0.07186786115832217
297,0.0,0.17658168804738675,0.03448095464108967,0.04511840285386035,0.2537953742444768,0.04249065208412535,0.04177062448588049,0.14479031071820891,0.07117649155226022,0.11709561513574576,0.07269988623698843
298,0.0,0.1738104710385479,0.03754990607748659,0.043690926400455826,0.2545330177233478,0.04118555565183043,0.044418246536045335,0.1456814892218647,0.0687936985950981,0.11457766405470453,0.0757590247006418
299,0.0,0.17282255691144577,0.038617597312600935,0.04350460482443785,0.2541943584793952,0.04108114592250058,0.04534527573302349,0.14590230168904467,0.0680189508244775,0.11356152486336503,0.07695168343973212
300,0.0,0.1718058835329186,0.039701362027497626,0.04346412340600827,0.2535690129250815,0.041141846651142136,0.04628722371116737,0.14608427987873238,0.06725816316688335,0.11247036535287397,0.07821773934771814
301,0.0,0.17000491981281782,0.04157603355462939,0.0441182762313879,0.25189611201079853,0.04113770516396807,0.048274668380388255,0.1463878026781516,0.06525702494872733,0.11059255944257787,0.08075489777657661
302,0.0,0.16893864584155252,0.04268496549490351,0.044429950287040595,0.2505612370294071,0.041616338526906466,0.049242782796182244,0.1464738385085822,0.0645381387643963,0.10933871811004703,0.08217538464100567
303,0.0,0.16785144065797086,0.043802679931962796,0.04488033699028179,0.24895244337899897,0.04225801853887147,0.05021666847777375,0.1465230867786348,0.06383624761004268,0.10803746938306445,0.08364160825242198
304,0.0,0.16523726507250158,0.046455909595713434,0.04708687974642847,0.2444473794862943,0.04328534086622487,0.05327750199713989,0.14662067283471866,0.06083770755960956,0.1050764587085897,0.08767488413280322
305,0.0,0.1633849494080613,0.04833450853706246,0.04884241703835529,0.2404627636002155,0.04469850673743436,0.055305779285202264,0.14653122062011134,0.05910635486541849,0.10284118327210735,0.09049231663605546
306,0.0,0.15757210838369842,0.05413027340145695,0.05584077161324446,0.22376458389985118,0.05227951194998346,0.06122471851151139,0.14556889571617454,0.05492458929996461,0.0955936317985223,0.09910091542561647
307,0.0,0.15650047544556348,0.05519306017783804,0.05733401777826712,0.21992084810094542,0.054326707060366124,0.06216660581441875,0.14529472893198844,0.054441866561371524,0.09424742249696838,0.1005742676322965
308,0.0,0.15377726603214995,0.05791438272404984,0.06184710504950868,0.2092215227998578,0.059644454536337016,0.06504661075373926,0.14440777383533204,0.05270179219316769,0.0910010597156088,0.10443803236027273
309,0.0,0.1527650513659978,0.058912827969178995,0.06359469601176784,0.20480932465916496,0.06206143330910712,0.06595770074969265,0.14402821813213346,0.05231196889650079,0.08984554442622551,0.10571323448025502
310,0.0,0.1517706290983549,0.05988986509918084,0.0654047058426054,0.2002653689299724,0.06456234998478341,0.06686069563675098,0.14361906609074857,0.051948973817372436,0.08876409858300957,0.10691424691724569
311,0.0,0.1473451991217318,0.06367130962937324,0.07279820742860434,0.17998858504341003,0.07771920183527058,0.06836813831996202,0.14145371461021292,0.05380638787218467,0.08569142750509454,0.10915782863418004
312,0.0,0.14639525871721784,0.06453108289805579,0.07492889062588047,0.1749812064070964,0.08045205749889288,0.06924886339093438,0.14087871259413232,0.053584246234727635,0.08514884518804328,0.10985083644504327
313,0.0,0.1449395666607035,0.06575483768095484,0.07796403690400712,0.1675909483010339,0.08479300451147369,0.07016982267827238,0.13989637386584924,0.053929235293339456,0.08470611491355043,0.11025605919083976
314,0.0,0.14405959189860712,0.06653706479807753,0.08014414811966354,0.16251510968517371,0.08754361760336359,0.07104696995347848,0.13925173226703438,0.05378024129820721,0.08445117467974068,0.11067034969667823
315,0.0,0.1426817595607548,0.06766568116289906,0.08327264356128002,0.1550626064819728,0.09183057759120479,0.07201711417427191,0.13813762843501143,0.05421971830676491,0.08446384499528246,0.11064842573058248
316,0.0,0.14188663700778129,0.0683610431597911,0.08545667166582284,0.15000951879176555,0.09453510364109581,0.0728978756634082,0.13742528773941443,0.05414690362290257,0.08451601475309413,0.11076494395494875
317,0.0,0.14061218323731584,0.06937922342507262,0.0886085751424566,0.14263346225778561,0.09866699228708277,0.07393170569797702,0.13618276737406018,0.05468408582462472,0.08500504224764828,0.11029596250600113
318,0.0,0.13991566070082442,0.06997949307970393,0.09075205594398983,0.13769190565397654,0.10126315303530983,0.07482368720587769,0.13540471338834464,0.054690177963195453,0.08537523815276786,0.11010391487603464
319,0.0,0.139056961640305,0.0709311355698853,0.09501283601402123,0.1277409211102793,0.1060749916432213,0.07717532673605002,0.13402589585408134,0.05369262731267702,0.08619919912258571,0.11009010499691892
320,0.0,0.13681893708793122,0.07266171924171665,0.10264154049168814,0.10989551810514628,0.11539877876323228,0.08033151593864356,0.1302115847365665,0.05543171521478884,0.09030439688682425,0.10630429353348739
321,0.0,0.13670564760488219,0.07302781607710598,0.1059911003742813,0.10135817768791294,0.11930816781527395,0.0826730769109718,0.12859011947725105,0.05493941618061283,0.09270663830552515,0.10469983956620811
322,0.0,0.13669399982343497,0.07322198874199087,0.10824216765216318,0.09541254481503868,0.12198259997517866,0.0843769389222937,0.12722581252783924,0.05493250332899178,0.09491638312068418,0.10299506109241013
323,0.0,0.13661355525794905,0.07332886186025973,0.10965856808898095,0.09176214565873761,0.12364999744443668,0.08536359528972089,0.1262004961970223,0.05530036812776257,0.09659846154803624,0.10152395052711949
324,0.0,0.13659211132254537,0.07338752203320091,0.11098332981000048,0.0882953153694376,0.1251848774217978,0.08636359090951591,0.1251523093244686,0.05570296940389192,0.09838926082292665,0.09994871358224033
325,0.0,0.13703433672074103,0.07328180515146329,0.1137487634000676,0.0803240405260066,0.12840475963112247,0.08914286176170232,0.12258273272174791,0.056400600715852324,0.10324610309273106,0.09583399627859102
326,0.0,0.1372289089970089,0.07317178063190866,0.11470826850575364,0.07755284408729525,0.1294546051014998,0.09018606816506734,0.1214612469925019,0.05692243376017618,0.10538075299137387,0.09393309076744018
327,0.0,0.1374809651422018,0.07301528959301459,0.11556357478925007,0.07499418371278238,0.13035359433373075,0.09124254328577457,0.120318476510841,0.057477755131876494,0.1076005559596603,0.09195306154089389
328,0.0,0.1380819522145065,0.07247732835611524,0.11743802728757215,0.06971739807971418,0.1318683184235776,0.093745784959157,0.11720311113910478,0.05946640504776303,0.1135274828903494,0.08647419160216635
329,0.0,0.13848836612459267,0.07194003172349342,0.11873898872819437,0.06668765951159275,0.13214588459210536,0.09574164340886732,0.11434509967111682,0.061715659202182555,0.11859128445489676,0.08160538258298443
330,0.0,0.1390101513893571,0.0715547067566744,0.11905131668192366,0.06535971437951152,0.13214474951190522,0.09687358212450396,0.11308639651412727,0.06244756923430565,0.12114494381852915,0.0793268695891885
331,0.0,0.14018809471806792,0.07067868608903433,0.11935343985618556,0.06338208535199849,0.13167623045365862,0.09915492230414974,0.11051974815625527,0.06400119294974004,0.1263642473615761,0.07468135275936054
332,0.0,0.14176908320169307,0.06890009937508036,0.12031942214306993,0.06357615889376013,0.12501222035368062,0.10576494850007868,0.10172332220851285,0.07161643464175745,0.13956601498629043,0.06175229569610309
333,0.0,0.1427271030166947,0.0681544157683831,0.1198856199121399,0.06445150564120594,0.12257818647205082,0.10776039096890301,0.09940394433646343,0.07340730021167848,0.14336440748178977,0.05826712619071743
334,0.0,0.14494654157361686,0.06655151925238356,0.1181765470338277,0.06577274697053864,0.12053837148821728,0.1096074855985038,0.09722733288192274,0.07454783890401076,0.14851707291714794,0.0541145433798576
335,0.0,0.14725369473779343,0.06482627832102703,0.1161625078805754,0.07216791370262828,0.10984548217883801,0.11579355904930379,0.09006445072020024,0.08084564621761658,0.157306447961905,0.04573401923013912
336,0.0,0.1484572726903583,0.06399344585934212,0.11483619884451744,0.0749929207602385,0.10606437365752701,0.11773984095118946,0.08777048134331891,0.08272881845469286,0.1603510747850596,0.04306557265378268
337,0.0,0.15040764281229477,0.06262381013639741,0.1125182200537974,0.0789926361313617,0.10165156625369993,0.11978920718901763,0.08505030563881273,0.08473821341681238,0.164395765148571,0.03983263321926202
338,0.0,0.1521042534678502,0.06144183834055814,0.11033126533807748,0.08212907384288796,0.09887479096288335,0.12091452520318799,0.08320500224898121,0.08586695703208926,0.16749871606866037,0.037633577494851085
339,0.0,0.15378146454227345,0.06032225197457446,0.10797265412508081,0.08549254367197852,0.09601721979621816,0.12198180632425198,0.08131862075517302,0.08698502421267998,0.17047303351531787,0.035655381082478836
340,0.0,0.15477535359614297,0.059674207234537556,0.10650016128972349,0.0879718206163516,0.09364188610901439,0.12286590750596052,0.07991235413103548,0.08798409808164935,0.17219832416222852,0.034475887273383195
341,0.0,0.15700662257471645,0.058286228005820555,0.10302226028478781,0.09650952616890508,0.08375633226773221,0.126542127989168,0.07510905280206488,0.09244806979173163,0.17546028139352562,0.03185949872157471
342,0.0,0.1602298265184842,0.056491831624768764,0.09726634223625588,0.1076634718965068,0.07309754331610781,0.12967384686188604,0.0696097200171985,0.0967053782402356,0.1792276968612658,0.03003434242731741
343,0.0,0.16133269122557875,0.05592830952267863,0.09512955995132324,0.11190614988608671,0.06912294831070774,0.13066173874574413,0.06761438332602027,0.09830924725788277,0.18008223059877868,0.029912741175226066
344,0.0,0.16266504748323077,0.0552830078306037,0.09234908521729017,0.11580488412003444,0.06664145748455266,0.13099743141271297,0.06571207674196232,0.09902439211834047,0.18175980737785707,0.02976281021344258
345,0.0,0.16342488935182267,0.05494638787364588,0.0906890936090817,0.11848010800223767,0.0646244708329389,0.1313190306858706,0.06441870692059568,0.09974223695278232,0.18244840444784297,0.029906671323208855
346,0.0,0.16459630118049048,0.05452090041425672,0.08785457084041487,0.12226515499009248,0.06241241392474491,0.13145641157903362,0.06248530213961831,0.1003287421451855,0.18388257179418604,0.030197630992004308
347,0.0,0.16601140224776967,0.05423713308977038,0.08380624991191511,0.12703019214839362,0.060200955843415546,0.13128162459574602,0.05988024948305986,0.10070027978601202,0.18592811329723383,0.03092379959671142
348,0.0,0.16739688341032022,0.05416913771670941,0.07930114304933747,0.13287536301734287,0.05697208896076415,0.13107303012816504,0.056621371220060175,0.10158994523213974,0.18736691793900104,0.032634119326187455
349,0.0,0.16810674413754606,0.05404501308126295,0.07724674671738595,0.13642470102397758,0.05432393797523639,0.1310801591539071,0.05473128960943852,0.10271269790539975,0.18721594832371646,0.034112762072156945
350,0.0,0.1689537863003493,0.05574826068295935,0.06995498719063233,0.1424716262109301,0.05389743270739009,0.12901442989599649,0.05021306743209693,0.10164570748530621,0.19020324709427688,0.03789745500009009
351,0.0,0.16912951025261277,0.05652613003055594,0.06736662304152245,0.14487713603550653,0.05340403652409892,0.12809903242883303,0.04836070047158857,0.1015606648553152,0.1907220801330485,0.039954086226945726
352,0.0,0.16967528399540496,0.0566991647073957,0.065281206846961,0.14836240952083704,0.05112718924822855,0.12733549012785753,0.04600243888019451,0.10272832438976523,0.1898125325836362,0.042975959699747227
353,0.0,0.16971350873523972,0.05773443071398272,0.0626964266986071,0.15083448188653015,0.05072147729893856,0.125894632143839,0.04371871460387729,0.10273573707983741,0.18968915300128206,0.046261437837894055
354,0.0,0.1694234899576545,0.05902574048225307,0.06052184547837298,0.15212946105263778,0.0513420082860617,0.12449037302331617,0.04203515748327019,0.10213803194195505,0.19001918272154233,0.04887470957296435
355,0.0,0.16877521385998032,0.06124588757158473,0.0574291342646317,0.15368529667854425,0.05267547389316697,0.12194967489579947,0.039393063809785536,0.10116147362881066,0.19018662269957992,0.05349815869814486
356,0.0,0.1668574996710204,0.06570556666230895,0.05321312997842513,0.15398445053710916,0.05665808201244101,0.11754967894899855,0.03605982005870762,0.09856776959216451,0.19092336832383638,0.06048063421501641
357,0.0,0.16477961866861054,0.06976029763864405,0.050500154527612584,0.15289046064959855,0.060689687329728945,0.11382259877047218,0.03409880095168289,0.09613448896629842,0.1915193929276073,0.06580449956977284
358,0.0,0.16374627958759236,0.07198620047978826,0.049261478878481334,0.15190062964387496,0.0633328993231056,0.1110455473282344,0.03257468166058135,0.09484593579254151,0.19143302960996977,0.06987331769585897
359,0.0,0.1625984879785694,0.07433864199262699,0.04826202335783723,0.1503087161437708,0.06649775530531077,0.10808438478682442,0.03119989175738097,0.0933166027110996,0.19146208403161785,0.07393141193499053
360,0.0,0.16063563743928477,0.07797490609249379,0.04714331799185087,0.14732463496875847,0.07137651595239894,0.10404872091359273,0.029824811902146378,0.09077518309896698,0.19183145253634776,0.07906481910418826
361,0.0,0.15848335625160181,0.0816433863365328,0.04633550129761568,0.14413691025917486,0.07588485580970696,0.1005526263845821,0.029138225341299732,0.08825114396926194,0.19230946048127573,0.08326453386897756
362,0.0,0.15721063996305285,0.08435174647725907,0.04616083304321118,0.14007363902769343,0.08136676612227087,0.09643461249745118,0.027947529094303154,0.08572806267146711,0.19293655510270472,0.08778961600061573
363,0.0,0.15653017330612104,0.0856635888953495,0.046116801890758834,0.1381668579482904,0.08379117187053606,0.094704428903645,0.027607969598802275,0.08453390585342813,0.19329458873033073,0.08959051300276735
364,0.0,0.1560661574423063,0.08712109502104606,0.04640453295801772,0.134224685101908,0.08896234010866827,0.09121662645367272,0.026651454026494537,0.08248765707554245,0.1941558195261264,0.09270963228624707
365,0.0,0.15474382743176998,0.08968576745304258,0.04662783763420944,0.12964032746084292,0.09445220744325213,0.087639047033628,0.02621578357295431,0.07973874519919083,0.19532094837430794,0.09593550839683157
366,0.0,0.15471133980975404,0.09099761457890415,0.04766843665314982,0.1222211028934708,0.10404264888506368,0.08184717280300692,0.0250393053621491,0.07644829265218105,0.19742340926762447,0.0996006770947255
367,0.0,0.15301944786764204,0.09443321754993755,0.04862331439952701,0.11401481525380716,0.11324748582964807,0.0764678986929055,0.02494093723710832,0.07164684673643142,0.2003274760611566,0.10327856037186617
368,0.0,0.15206192926085016,0.09654260360641534,0.04937867403209496,0.1083062088061198,0.11943468281481154,0.07297275259483828,0.02505709298871926,0.06835444931745766,0.20255181416938578,0.1053397924093373
369,0.0,0.15191291057075942,0.09741343287277654,0.0500462317909191,0.10388507752029918,0.12453183975017654,0.07021094253036866,0.025004061267372493,0.0661419290351862,0.20436942695022908,0.10648414771194292
370,0.0,0.150315729624699,0.10037945600701875,0.05087507840339426,0.09813412711273085,0.12958454802871272,0.06734804009459372,0.025860411529955274,0.06225277644166378,0.206896599393467,0.10835323336379493
371,0.0,0.15006510630840772,0.10119536055242084,0.051327896699843216,0.09518052423396518,0.13256374315559383,0.06576221230633879,0.026094596308623694,0.06058466506749511,0.208255744793509,0.10897015057383289
372,0.0,0.1498654615929346,0.10195499700613161,0.051790765497355166,0.09222673180396762,0.13550220583710776,0.06421672108401597,0.026360220524493976,0.0589188376926679,0.20966266434362543,0.10950139461773045
373,0.0,0.14971887976635329,0.10265602723697778,0.052261430582342686,0.08927944907931473,0.13839303082354112,0.06271443938412481,0.02665630883915389,0.057258564916814005,0.2111152489288003,0.10994662044260801
374,0.0,0.14962729045704853,0.10329628040588353,0.05273767709945919,0.08634525700214528,0.14122947284630655,0.06125813893373908,0.02698183858091583,0.05560711077809843,0.2126112429617658,0.1103056909346685
375,0.0,0.15203397351840392,0.1025892321347649,0.05481392687700187,0.07289971863533924,0.15671049628508224,0.05398817845483044,0.027229910757981427,0.04944514333848766,0.22051907732233506,0.10977034267580398
376,0.0,0.15560110548942155,0.10067168833863754,0.05738770098329166,0.058200123616864156,0.17224828933824837,0.04703162566837849,0.028440262823098614,0.04270098873924441,0.23052303386368078,0.1071951811391654
377,0.0,0.15602336257899585,0.10059391657753294,0.057909769242920434,0.05584536009837132,0.17405926684030176,0.04624778111546873,0.028982181995682064,0.041273478547630964,0.23244873842423625,0.10661614457889079
378,0.0,0.15694721009939094,0.10055132864247408,0.05933919294762355,0.050409746680662955,0.17725813869987284,0.04485572586065978,0.030752552533399705,0.03757497930379377,0.2373323572278873,0.10497876800426642
379,0.0,0.15757141584377674,0.10048206003494807,0.06019040276940379,0.04745067404730265,0.17846577914558662,0.044337940714424554,0.032015717897220235,0.03542752464400694,0.24019711280545636,0.10386137209790545
380,0.0,0.15832158265393043,0.1000512105986664,0.06060962211096893,0.04552921274022366,0.17961961902178708,0.04392087509970366,0.03264107080152783,0.034275400019629386,0.2420927474255955,0.1029386595279986
381,0.0,0.15912779531152493,0.09955552788942246,0.06100918861361556,0.04370528836853486,0.18063174206963228,0.0435795711047081,0.033277387663813295,0.03318176738284823,0.24397674613881337,0.1019549854571185
382,0.0,0.16275266583952044,0.0976085625824178,0.0635226956069683,0.036630922889742956,0.18012169380882417,0.04387054435927887,0.03821215628786825,0.027979266130922508,0.2522413458882487,0.09706014660623971
383,0.0,0.16606556327705557,0.09498916796310586,0.06379985399895467,0.033580963468859484,0.18128386829163878,0.04400436075834081,0.039486514563569795,0.026490145158158486,0.25674668612842866,0.09355287639191989
384,0.0,0.16734520591025204,0.09400271589095707,0.0639449702780656,0.032608835186106744,0.18114439904430765,0.044275242765509135,0.040159261440409315,0.025964310786061606,0.2583675779163233,0.09218748078203952
385,0.0,0.17000854068326954,0.09189463036474578,0.0641789953071694,0.030985525742596227,0.1804314052212384,0.045021280777049505,0.041496321077742586,0.025123818165498277,0.26148998953386043,0.08936949312686206
386,0.0,0.17139726787906845,0.09078531840585145,0.06424409398543536,0.03032570774099429,0.179880101799378,0.04549751851185988,0.04215510712527049,0.024805467011737106,0.26298382097345374,0.08792559656698348
387,0.0,0.1738307323868378,0.0889999312306896,0.06475283994506609,0.029577081204215816,0.17674353215309646,0.04693965739469337,0.044301370633811385,0.024290916570776915,0.2649961197823912,0.0855678186984538
388,0.0,0.175345349992173,0.08778492441646549,0.06469630171598208,0.02919241647220752,0.17587235548697638,0.04758904855851806,0.04492784787241083,0.024185112429258013,0.2663178230503219,0.08408882000571916
389,0.0,0.18065010185206098,0.08312310213991644,0.06350237339341998,0.028303995088441596,0.1752837168682586,0.04955734223425221,0.04505654041074739,0.024460223067076833,0.27153208547894914,0.07853051946690921
390,0.0,0.183031493314622,0.08103726729648192,0.06314579030977746,0.02839368128136527,0.17356748663201813,0.05093096351285312,0.0455173493073866,0.024818345464748568,0.2734687221738012,0.07608890070697799
391,0.0,0.1876123915109313,0.07693218217573632,0.06243305490159323,0.02933237297759749,0.16896824136221852,0.05416199309852555,0.04637267092193998,0.026020670512369337,0.27679729219170823,0.07136913034741255
392,0.0,0.1903641991211831,0.07460356893632464,0.06278465193881885,0.03022218719663463,0.16378477382567844,0.05639995038043566,0.048230527472103636,0.026760411033435023,0.27815470266465303,0.0686950274307656
393,0.0,0.1925088118217653,0.0728006779969768,0.06278843019477579,0.031073765172755317,0.1600116895348939,0.058177330380933076,0.04934178632102661,0.02756420098412727,0.2789625339425124,0.06677077365026624
394,0.0,0.19398438034915666,0.07154471273687445,0.06257287601128755,0.0317386460926588,0.1577180494778492,0.059450178707636504,0.0497898668198892,0.02821029116979621,0.27959171245949094,0.06539928617539309
395,0.0,0.19689493872051728,0.06897331686885484,0.061635787864233856,0.033433154844261875,0.15348706079042834,0.06236202888189002,0.049881315278298526,0.029778836241531107,0.28115451657838,0.0623990439316372
396,0.0,0.19951526207632703,0.06662398251709298,0.060761613540367916,0.03551422604962452,0.1485719445275001,0.06553492318604076,0.04993354085930543,0.03159970864175618,0.2822236417946329,0.05972115680738552
397,0.0,0.200777658987666,0.06551878645170998,0.060602153794317014,0.0365071350250524,0.1457495975419135,0.06698740109556749,0.050303251065072316,0.032489466328257235,0.28254154386154373,0.05852300584893357
398,0.0,0.2020088667822401,0.06444609728816848,0.060435944438126624,0.037540081506741374,0.14287717288173324,0.0684580019851526,0.050649852838561375,0.0334211084333945,0.2827926606319095,0.05737021321400556
399,0.0,0.2036844119539752,0.06295527806483159,0.05994799641816166,0.039362730420574935,0.13852242393065659,0.07095221642344562,0.05079113863407635,0.03498722272598915,0.2830783983878967,0.05571818304042568
400,0.0,0.20870774759566982,0.058529876196994006,0.05944301032273822,0.045244818543584746,0.12305961375034342,0.07849826965161659,0.05203039142958035,0.040434919958336445,0.282935914921896,0.051115437629273626
401,0.0,0.20960331136103097,0.05779037067916436,0.05929701324154747,0.04645322806965555,0.11995114462402673,0.08002008715522804,0.052203888863425627,0.041594169423066644,0.28271588026052846,0.05037090632235952
402,0.0,0.21103842976806905,0.05665623940820744,0.05928358327216643,0.0479767771323677,0.11552637952423657,0.08190318066776607,0.05266668533237885,0.043300619881558734,0.2822420263799463,0.04940607863333628
403,0.0,0.21255653395075008,0.055485539404507477,0.05898650409915086,0.05036054745993433,0.10942926160057125,0.08486503535443216,0.05283527130470632,0.04571671821269179,0.28145578413928396,0.048308804474005256
404,0.0,0.21520861427050644,0.05370424205098946,0.05912744321506454,0.05248894404018592,0.10219866575818946,0.08735315452707855,0.05358505531770702,0.04928676512426873,0.27909848991454744,0.047948625781495675
405,0.0,0.21662764145594793,0.052940260629710446,0.0589151573905987,0.05389443309483581,0.09782304815081408,0.08905109249590612,0.053650046855124235,0.05175373176856109,0.27702471359199443,0.04831987456654079
406,0.0,0.21750000479633286,0.05257666012456229,0.05862303748031446,0.05499115817201766,0.09461858479951939,0.09044152472950893,0.05350064852256866,0.05359999869342658,0.27544305482794024,0.04870532785384273
407,0.0,0.21825076593292464,0.052361551357228434,0.05830807893142488,0.05597684015994761,0.09166893850762503,0.09172099700476724,0.053249043456611043,0.05543223367876783,0.27371162747843963,0.04931992349229745
408,0.0,0.21910060411629462,0.05230342569983867,0.05792027010588311,0.05684129081103015,0.08865206672804685,0.0928479884730189,0.052776513011966314,0.05786301518475481,0.2707734342080749,0.050921391661125706
409,0.0,0.21930498594465958,0.05287662552595293,0.056905665082225984,0.06064332389692331,0.0790985639080167,0.09853571250065596,0.05172107941307448,0.061141449167159176,0.2700399703534408,0.049732624207925
410,0.0,0.21934084975364823,0.05313793608233334,0.05680321392200172,0.06130267503903927,0.07699672803695072,0.0995535534605935,0.05136948048036702,0.062239158672703236,0.2690394480603321,0.050216956492064806
411,0.0,0.2185838300515274,0.05436312575258571,0.05663554284995874,0.06411482181849272,0.06908801232129508,0.1039439601333303,0.0504635978469047,0.06481914365934935,0.2675252536942817,0.05046271187230847
412,0.0,0.21806274365814726,0.05534588665089731,0.056876569081741296,0.0650926652023842,0.06516684651665612,0.10568408176383425,0.04965921142640262,0.06679347691876683,0.2653923555163119,0.05192616326489245
413,0.0,0.21772821679722684,0.05629875850698508,0.0572207634743166,0.06486605541021397,0.06376779590736979,0.10579484998175182,0.04864586606325853,0.06868050659814746,0.2625357275423355,0.05446145971842877
414,0.0,0.21586569355517496,0.0586848671311881,0.0579147139619517,0.06651289691788942,0.056837408045186597,0.10922197253067716,0.04734093009556636,0.0711440004284591,0.2598266070279777,0.056650910305963434
415,0.0,0.2135213787687709,0.0612353211574318,0.05893109255923032,0.06816352440862973,0.04987882980842323,0.11273974764221888,0.04637347603150688,0.07290311338232942,0.25768503513448476,0.058568481107008706
416,0.0,0.21261871022915968,0.062442634778853805,0.05961587963650704,0.06762245849420491,0.04916788241221737,0.11263609198082349,0.045469316831828935,0.073887901129506,0.25581873288480417,0.06072039162212926
417,0.0,0.21162087691654302,0.0637432942557036,0.06033068555673336,0.06692758042781008,0.048743411859276706,0.11238993688133017,0.04450954436346786,0.07479520321013008,0.25390882643990964,0.06303064008913026
418,0.0,0.20631411321056745,0.0689461756319005,0.06324616695173367,0.06862891521859761,0.03801858779881879,0.11753840310289382,0.043150436388392194,0.07649411073665956,0.25042332520198546,0.0672397657584857
419,0.0,0.20526234151318032,0.07004384566193345,0.06402837856760929,0.068212902695255,0.03730573835719565,0.1175934044654631,0.042595094118561924,0.07683358921956429,0.24938477175367046,0.06873993364760143
420,0.0,0.20334565122741183,0.0719137334338088,0.06535128759307021,0.06791381587464833,0.03528019700951734,0.11823873573359939,0.04191555838633994,0.07723774791132354,0.2478941526928469,0.07090912013746861
421,0.0,0.20222468976546043,0.07304980270375672,0.06621801895302368,0.06736415750401638,0.034790981980406185,0.11815346279854415,0.04135180123535666,0.07746786002548252,0.24690319427630691,0.07247603075768137
422,0.0,0.20108312945759524,0.07419832797724628,0.06710842343544922,0.06676345717840591,0.03439361871185572,0.11801422067017703,0.04078322778311742,0.0776583110193721,0.24593103314632747,0.07406625062048872
423,0.0,0.19924638322643962,0.07618839475282069,0.0687754736347884,0.06459083215449249,0.036125719487940106,0.116249130426135,0.03926263643715333,0.07801017440776999,0.2438931094228446,0.07765814604965107
424,0.0,0.19392787218625682,0.08122533221398559,0.0728809483203556,0.06220479376660833,0.03383662190884129,0.11608736445307978,0.03732930119250957,0.07801028408405962,0.24057041736698045,0.08392706450735818
425,0.0,0.19229066144351206,0.08284427172191869,0.07434041014018304,0.06048312281027456,0.03520693766403939,0.11470060534448323,0.03627353860290395,0.07796539594229701,0.23927532455716405,0.08661973177325931
426,0.0,0.19018677827261182,0.08493280545161888,0.07625322928383736,0.057856346715634784,0.037993444778588355,0.11226038190317172,0.034739825916607084,0.07789909896798762,0.23745927177068693,0.090418816939291
427,0.0,0.18851072885817047,0.08656961701247592,0.07770973225795612,0.05601987191891042,0.03970796116864752,0.11064421651702779,0.0337045859520009,0.07777819234080677,0.23618217189825488,0.09317292207578484
428,0.0,0.18730654785894432,0.08772977658792115,0.07871170120172441,0.05500981219452158,0.04020668990586189,0.10996153410836691,0.03315847500083643,0.07760681111709478,0.23549592410158204,0.09481272792318207
429,0.0,0.18394375283427164,0.09085018412598671,0.0814691450250803,0.05334094703299519,0.038759856736048454,0.10989984828391526,0.03241578180622586,0.07671882612097722,0.23455714112311743,0.09804451691141769
430,0.0,0.1827607295655187,0.09193578717337976,0.082535636566768,0.0522657904582483,0.039484872073829475,0.10904814154985192,0.03190948127061226,0.07643370803547696,0.23402223046624024,0.09960362284011015
431,0.0,0.17957550606653103,0.0947673877099824,0.08541087213367661,0.05027576970573921,0.039046073462857066,0.10830195225310121,0.03123318773477768,0.07530151013651021,0.23337896914948472,0.10270877164737567
432,0.0,0.178446825677821,0.09575552129330375,0.08650519674747899,0.049165307311346274,0.03998937675514749,0.10728824314279158,0.030774344407359027,0.07491964621599635,0.23300552305738015,0.10415001539141144
433,0.0,0.1745749903224575,0.09903922395514808,0.09037754087182776,0.045511826825421826,0.04292185455502695,0.10390454505669067,0.02946983115411858,0.07333807990469612,0.2321896571982815,0.10867245015636727
434,0.0,0.17257964763620534,0.10069404587763124,0.0923785303591129,0.04310485264444034,0.046372496194237396,0.10072503067208881,0.028448563985994452,0.07270641230308454,0.23144604226893378,0.11154437805830751
435,0.0,0.17161022987629537,0.10151803055287044,0.09336767486291311,0.0420750636377662,0.04750578996667734,0.09952590470494574,0.028114053085456142,0.07226834469130985,0.23132271414336505,0.11269219447843719
436,0.0,0.17022524759843327,0.10270444942709248,0.0948477925033744,0.04066126829053856,0.04873741540675131,0.09806117851552393,0.027776847197230545,0.07144341016335067,0.23145619053263528,0.11408620036510599
437,0.0,0.16933188878752206,0.1034441808782268,0.09579176618395573,0.03968217022538102,0.04994347951367778,0.09678813466921342,0.02749620811142004,0.07098551507403102,0.23144535103634836,0.11509130552026033
438,0.0,0.16809673848282747,0.10447823821494515,0.09719003900180787,0.03831408962724752,0.05137227041556622,0.09516961686289602,0.027223271348509524,0.07013439817657408,0.2317549393605033,0.11626639850915943
439,0.0,0.1668293688379165,0.10546959302040576,0.0984848770398739,0.03694341411035789,0.05361786591754452,0.09284358396072839,0.02680953633069981,0.0696072378929328,0.23165684731629463,0.11773767557328256
440,0.0,0.16415238590260156,0.10759001353160091,0.10172563184368877,0.03374620487870135,0.0581447175638989,0.0878388009164956,0.026392912490153828,0.06742360488794862,0.23308145086419915,0.11990427712074801
441,0.0,0.1635434070117452,0.10805305921064914,0.10243370598090434,0.03304648205919576,0.059441621873320555,0.08639951210077408,0.02631260393256223,0.06698165988055338,0.23340552684472465,0.12038242110560746
442,0.0,0.16283494555513933,0.10860178636236474,0.10344587483625357,0.03199823752998603,0.06126860390954017,0.08441447372208517,0.0262790434415226,0.06614789211797244,0.2342521300437171,0.12075701248145558
443,0.0,0.1615529200459463,0.10949009518947352,0.10459175289600331,0.031133303858077856,0.06392766250303435,0.08111115149721455,0.026245514474010433,0.06575574393675743,0.23449225490842174,0.12169960069109773
444,0.0,0.160764318602857,0.11004352411843543,0.1053199831681832,0.03063522520928421,0.0657189414498496,0.07875039031839748,0.026331473038691305,0.06546647666805103,0.23485471554630657,0.12211495187998145
445,0.0,0.16039271982057715,0.11037129575648821,0.1062234283124519,0.02958062982013242,0.06815427472569117,0.07608407544307397,0.026548111639914707,0.0642853842504843,0.23664474743225045,0.1217153327989732
446,0.0,0.16010125618131305,0.11056863824968174,0.10659040515302683,0.029313517254925203,0.06931708154834579,0.07459335928484033,0.02669890236479642,0.06397132513894589,0.23723178548714158,0.12161372933702061
447,0.0,0.15797727958991556,0.1117808370598335,0.10729555559780489,0.031245599472073674,0.07307433062380421,0.06613696222691502,0.028371178747274295,0.06529902439734653,0.23765246502270945,0.12116676726236034
448,0.0,0.15797797593229057,0.11180203501633239,0.10728416251905155,0.031470145775719736,0.07381715184872734,0.06475379876835026,0.028734289186208364,0.06522063738177247,0.23834067623405703,0.12059912733752777
449,0.0,0.15823418256626473,0.1116896359862453,0.10725735443606625,0.03152869450927907,0.07525288273878018,0.06270223877381877,0.029272166187732356,0.06469759068293503,0.23994071487134838,0.11942453924756762
450,0.0,0.15822507935311977,0.11164597893633889,0.10698039717325633,0.03254345585463285,0.0758243094778332,0.060662115428217644,0.0299714702833359,0.06514857457189886,0.24050653228618304,0.11849208663522127
451,0.0,0.1583978506112175,0.11152315495476663,0.10678300539174536,0.03302898256278476,0.07641667035770187,0.059317896224660396,0.030428385336056005,0.06518514221644209,0.24125547444552448,0.1176634378991386
452,0.0,0.15861320393035566,0.11136424373096307,0.10654008272528212,0.03357964847702522,0.0769691445749781,0.05798658610226997,0.030906218943927408,0.06525247460753918,0.24201422223612457,0.11677417467157247
453,0.0,0.15915103445225456,0.11088540422035192,0.10563628173022306,0.03573811534177412,0.07761279642980454,0.054807491492438305,0.03225353809464733,0.06608334345895162,0.24335744390714378,0.11447455087244887
454,0.0,0.1606676996974358,0.10985211258023034,0.10490806211212936,0.036276035971260986,0.08032645397121714,0.0513572901109023,0.033404967328351534,0.06503580373413463,0.2469824081667855,0.11118916632759046
455,0.0,0.1622016956228907,0.10848723026731365,0.10291754224790957,0.04028365857789541,0.08070055242551018,0.04724674282953755,0.03554671952850012,0.06658451195120063,0.24907977948314125,0.10695156706613926
456,0.0,0.1632642666548127,0.107644504299032,0.10211266242655531,0.04144924934429342,0.081640248376596,0.04535261182828473,0.0363841715182827,0.06662172923005522,0.25071509594507424,0.10481546037705225
457,0.0,0.1644302483074147,0.10647852352781517,0.0999014532480344,0.046310543084437744,0.07964593287391651,0.0431942414264283,0.03813994423243443,0.0694931953146559,0.2507249259146586,0.10168099207024284
458,0.0,0.1657187378121667,0.10544131414353561,0.09889418308238104,0.04778464128319706,0.0803432880200778,0.04142111682763236,0.039021928767053495,0.06971506554710152,0.2522869037644903,0.0993728207524029
459,0.0,0.16675938196990947,0.10448611922341956,0.09750419868330036,0.050554977387867336,0.07941618939773752,0.040182083574544954,0.03999967794602409,0.07121989703019306,0.2526131732695415,0.097264301517501
460,0.0,0.1676039771782626,0.1037553074316849,0.09664950538735317,0.05206878313585589,0.07925237674490641,0.03923615887614803,0.04061616358306133,0.07186783930307468,0.25318855952751196,0.09576132883217997
461,0.0,0.16847851253571353,0.10299279702117542,0.09577056767156276,0.053628924606707117,0.07904751765235161,0.0383223163531001,0.041227819188754025,0.07255045349240397,0.2537333256625764,0.09424776581569408
462,0.0,0.1699760781880677,0.10172795800123718,0.09458854269816308,0.055444885692219927,0.07947626491391437,0.036734431626121604,0.04211407312713879,0.07300876872789344,0.2550548769595359,0.09187412006574697
463,0.0,0.1722187027468501,0.09965657991279361,0.09205712018339143,0.06028545470705955,0.07785837568725523,0.03502141438738059,0.04358509747297225,0.0756066266503654,0.2555632036401998,0.08814742461177147
464,0.0,0.17672209390655516,0.09516280536909234,0.08603475640012967,0.07299898320833366,0.07039682233233198,0.033982166374725405,0.04577074760007746,0.08423988998744088,0.2533434415814328,0.08134829323992022
465,0.0,0.17860540409719095,0.09347335958812657,0.08462786971522569,0.07531240205632739,0.07032877876745247,0.032754777601177905,0.046539013836803214,0.08508621343822197,0.254314661669286,0.07895751923022722
466,0.0,0.18048353703352796,0.0917648813360514,0.08321298616686858,0.07768376436319062,0.07018970276597292,0.03161228527462056,0.04729130391903142,0.08597833628202801,0.25513011984035866,0.07665308301838947
467,0.0,0.1828248394278183,0.08951666303595829,0.08112172257762543,0.08166320266703875,0.06880888906682006,0.030787378032723387,0.04805423108024941,0.08814298065028406,0.25522513813952036,0.0738549553220017
468,0.0,0.18584904673247638,0.08662365298546355,0.07866249779718998,0.08618450285944003,0.06774336696007682,0.029537768139507183,0.049076865065056686,0.09025600821362303,0.2556209079566172,0.07044538329058923
469,0.0,0.18701490533178705,0.0854651055652822,0.07762553817382757,0.08823357191531005,0.06695166440674892,0.029272749169451905,0.04938228734030712,0.09139848777616581,0.2554790567054597,0.0691766336156997
470,0.0,0.1881754819124874,0.08430176745175182,0.07659469446623222,0.09029082845025789,0.0661386888540823,0.029044745452454217,0.04966490098053953,0.0925518244540756,0.2552938575277444,0.0679432104504147
471,0.0,0.18932823640754035,0.0831360098773718,0.0755713151683462,0.09235418280783034,0.06530577538854004,0.028853345884328842,0.04992461270556669,0.09371405025524397,0.2550659130590092,0.06674655844626279
472,0.0,0.19047059843764436,0.08197026214307411,0.07455670801000946,0.09442155046720362,0.06445429614843637,0.028698059237871595,0.050161425523194546,0.09488314901496334,0.2547959650660523,0.06558798595159074
473,0.0,0.1920950301886396,0.08022261917947511,0.07293799154170298,0.09799032083668296,0.06243023468983975,0.02898314806182189,0.05019417732318994,0.0973142302786781,0.25387039257104127,0.06396185532896877
474,0.0,0.19369244840592523,0.07847741318259571,0.0713653692516641,0.10151427012795443,0.06040599094022714,0.029359965905640842,0.0501281846701588,0.09974287124902119,0.252877610473792,0.06243587579306105
475,0.0,0.19525259309023288,0.0767436794158218,0.06984536409857292,0.10498124019219647,0.05839344760065859,0.029823079723739584,0.04996486082155224,0.10215719734260022,0.25182548595460713,0.0610130517600587
476,0.0,0.19693420150748886,0.07500956302078401,0.06851110174034501,0.10764537102789294,0.05767921466735369,0.029388769650756028,0.050437218227219506,0.10326389885064301,0.2516076628571519,0.05952299845040562
477,0.0,0.19894157962591025,0.07279815400395255,0.06669771226247406,0.11166803705668821,0.055841642331250885,0.029564842906528097,0.050537626707804095,0.10556118583938795,0.25059024659458906,0.057798972671455666
478,0.0,0.19989977893426442,0.07172239732353689,0.06581619934417272,0.11366073238256331,0.05491250076094532,0.029693992477107033,0.05056097310661818,0.10669312973758212,0.2500377148733752,0.05700258105987557
479,0.0,0.20129686795872637,0.07020273998431567,0.06458212203214583,0.11628564885969994,0.05407885303547345,0.02947151859999383,0.05098620957646974,0.10772892837054539,0.24946973933659913,0.05589737224607149
480,0.0,0.2025263062897274,0.06868046103977475,0.06330284578936377,0.11951438241155543,0.052140233441305764,0.030239693122305015,0.05052517511117175,0.10998021877559513,0.24820992572180756,0.054880758297434336
481,0.0,0.2033225174729025,0.06772576438821461,0.06250521444678547,0.12142588112827886,0.05121493318721414,0.030467464598769582,0.05048394638972195,0.1110383695562912,0.24755425293208855,0.05426165589977408
482,0.0,0.20476426354500057,0.06593672128001894,0.06098516508655031,0.12516548275251294,0.04939099939552696,0.03098613419711252,0.05036071251326699,0.11307926408703126,0.2461750735991155,0.053156183543904945
483,0.0,0.20626395329424252,0.06402037011372254,0.059238093608989954,0.12944013495816717,0.04759232994922423,0.0312879060250762,0.05065646616187315,0.11488074083057925,0.2445252383490765,0.05209476670908977
484,0.0,0.20700300555973222,0.06288431878621485,0.05825921613936767,0.1322727165334678,0.04588037584052134,0.03222845255535568,0.04998826756148964,0.11682371946449702,0.2431938610124265,0.0514660665469686
485,0.0,0.20759657348611327,0.062019443713832285,0.05733682147931158,0.13460884043966523,0.04497484985230126,0.03231426644876788,0.05036096619443276,0.11752293715569778,0.24215004213584024,0.05111525909407895
486,0.0,0.20802921573883926,0.06123453066254966,0.05623061826904509,0.13744073836317083,0.04401172674480856,0.03223803088933936,0.05124482954365382,0.11793262516664944,0.24058085770809426,0.051056826913891164
487,0.0,0.20829908180532739,0.060417667795273876,0.055250927639949925,0.14055073817772673,0.042412111719451216,0.03301519601993295,0.051037641316161245,0.11939982986950726,0.23880013805106923,0.05081666760564181
488,0.0,0.2083787105782337,0.05952677776114166,0.05421689091540695,0.14435158146287963,0.04029950391962611,0.03437420611809907,0.05019091404895118,0.12161105765689115,0.2365758546001794,0.05047450293863302
489,0.0,0.20824107103894587,0.05890467457772958,0.053580669458523175,0.14723192135094335,0.03856548560291322,0.03590376892542324,0.04878890455074361,0.12382700486406019,0.234836367404206,0.0501201322265538
490,0.0,0.20781453492566976,0.05889438855192346,0.053134059891035645,0.14897678834901393,0.037861442634737216,0.036095411710698265,0.0492078791415681,0.12404305878253111,0.23348668045682294,0.0504857555560417
491,0.0,0.20653042023554638,0.05876497567449326,0.05261938872746389,0.15283247181399676,0.03584009528599761,0.03841228463327178,0.047078117786829,0.12692208651446157,0.23046883170295895,0.05053132762502275
492,0.0,0.20565888233677443,0.059103892969567154,0.05244814636449177,0.15420043610615902,0.035348358943624716,0.03855533245316232,0.04753328054956523,0.1269217009236846,0.22908594907348828,0.051144020279524575
493,0.0,0.20471603409090952,0.05940421874612652,0.05246196317829092,0.15539431570616835,0.03485879075900934,0.03935491681198566,0.04683359096215634,0.1277567382273533,0.22777890911175874,0.05144052240628354
494,0.0,0.2023646905987189,0.060410365948665556,0.05289361660347701,0.15688450153353806,0.03449699204621569,0.041480511844734946,0.044398067932444246,0.12979688606842427,0.22520400483001882,0.0520703625938045
495,0.0,0.2005546678876692,0.06131971024313691,0.05315903879006985,0.15807700038753594,0.03422786509046733,0.04132331700335324,0.04544029874843908,0.12929650702417972,0.22322665930087465,0.053374935524316346
496,0.0,0.1995393056858717,0.06185237028531866,0.053423503857264534,0.15842282003137412,0.03425355016526483,0.04153505547223667,0.04542697850293381,0.12936334965614898,0.22221503606253898,0.053968030281089936
497,0.0,0.1968026984322219,0.063396475386807,0.05434556338125961,0.1584774229115137,0.03495684855693902,0.0428088185080793,0.04389180643277852,0.1303528198962855,0.21990545348301171,0.05506209301114601
498,0.0,0.1950096906131047,0.06444996691876406,0.05500316439763761,0.15833704391411735,0.03549546836291813,0.043284876227395234,0.04346160121466638,0.13056237113039873,0.2183848686132422,0.056010948607797956
499,0.0,0.19315428838172918,0.06541859671520248,0.05577134383003614,0.15844318441036256,0.03577094333154589,0.043215002410850786,0.044014242249333556,0.1302499980840522,0.2165630499650583,0.05739935062187129
500,0.0,0.1888390326810864,0.06760956487470493,0.05796730495628145,0.15819443790263263,0.036481956251012075,0.04260102319211505,0.046080714513116044,0.12900227070150877,0.21170662819449582,0.061517066733088994
501,0.0,0.18678494228808712,0.06870785870622396,0.0590987774716996,0.15751564321552317,0.037451510899941885,0.042855563017557725,0.045741327714733375,0.12929799512840814,0.2097343373201796,0.06281204423768777
502,0.0,0.18531526439219936,0.06946399462297109,0.059982928943175896,0.1569994531336622,0.0380807397190915,0.04288494814384225,0.04582333671534201,0.1292895527226288,0.20816047869809826,0.06399930290903112
503,0.0,0.18294480913971184,0.07061118580740582,0.06156248168511236,0.15611216446186638,0.03900129879469108,0.04274263124617593,0.0463650756084346,0.12900453391463826,0.2053309876613968,0.06632483168060949
504,0.0,0.17897028465731368,0.07244018078362824,0.06447190253860387,0.1541896968322715,0.040924073953197776,0.042554497494084915,0.046974954377679554,0.1288309041055082,0.20035771651755888,0.07028578874019611
505,0.0,0.176202942665874,0.07372135585012356,0.06651259568743643,0.1523808528192027,0.04300319898923219,0.04268253133763546,0.046456927281270696,0.12962188225983803,0.19711579162219092,0.0723019214872388
506,0.0,0.1740403027767792,0.07468618204550205,0.06823213746032793,0.15080713056500078,0.044642212499265824,0.042687986189169434,0.04630972047493377,0.13006472941331082,0.1943277564857209,0.0742018420900322
507,0.0,0.16994929723151736,0.07680644970294012,0.07119391431401699,0.14719176670745487,0.04856109176648957,0.042782728347502796,0.0457612657082352,0.13131510154317103,0.1891131005929787,0.0773252840857362
508,0.0,0.1665259861273451,0.0786535619736055,0.07373308402410561,0.14370726846508372,0.05205498484618644,0.042782557264199834,0.04574547485897905,0.13212043262647066,0.18429932157383777,0.08037732824022935
509,0.0,0.16432118772761647,0.07902460368956454,0.07655268597348507,0.1414617729523416,0.05367517228731505,0.04263573933195776,0.0460998652286117,0.13242013659623295,0.18006933256749666,0.08373950364542146
510,0.0,0.16293005081426296,0.07936709932865053,0.07820095471045657,0.13989077434254568,0.054937813519512366,0.042564728144571524,0.0462708178300972,0.1327146654701642,0.17740940739777827,0.08571368844200397
511,0.0,0.1607946121121294,0.07952877790826293,0.0812840660222756,0.13734990841727296,0.056759644564111214,0.042425071695182344,0.04659397535056533,0.13314242192195921,0.1727660929979782,0.08935542901030614
512,0.0,0.15840602750553856,0.08041181625042257,0.08370907945846359,0.13413247290824648,0.0597286542225313,0.04230703403769872,0.04689048767164437,0.1340881531840258,0.16796813636878488,0.09235813839268743
513,0.0,0.15645044282631207,0.08023659666222134,0.08707507219723039,0.13128673102290314,0.06170681130320716,0.04221080144573625,0.047172500599651626,0.13470442348177625,0.16289808195767624,0.09625853850332912
514,0.0,0.15457600275710495,0.07990769598575373,0.09056568383670029,0.1282887842179853,0.06380524622362095,0.04212146264940428,0.04744583374705581,0.13539035748879746,0.15761304372363888,0.100285889369982
515,0.0,0.15345998421829316,0.07979336003504736,0.09251003082982555,0.12636921856228447,0.06528745054259823,0.042061233023936426,0.04763642136593451,0.13594328357194305,0.15437729063237082,0.10256172721781022
516,0.0,0.1511204881240233,0.0787764463844565,0.09785283367753052,0.1218794947142426,0.06832820929134675,0.04198743252796179,0.047974079521248825,0.13694096593314173,0.14651331283052377,0.10862673699556832
517,0.0,0.1495664299606806,0.077963068204053,0.10160227781865808,0.11851289254411809,0.07074072409025019,0.041935579529886226,0.048241986415362696,0.13780326639496715,0.14075215133075214,0.1128816237113158
518,0.0,0.14724325229208599,0.07796713476172834,0.10476984566977464,0.11320761212243848,0.07595246748823,0.041632023421567736,0.04952246168240977,0.1407619930762685,0.13185159324303414,0.1170916162425064
519,0.0,0.1454462365245463,0.07601421988931965,0.11060429940909647,0.10763720936220364,0.07989319664282236,0.0417181365487006,0.05014439394050619,0.14251482219518916,0.12243788279863893,0.12358960268902103
520,0.0,0.1445088989891454,0.07449891387829616,0.11444186604343555,0.10405033957423564,0.08236846705181074,0.04181747596990582,0.050514159850878336,0.14354134213152736,0.11649578310726424,0.1277627534035452
521,0.0,0.14236785100429916,0.06772679537062708,0.12867042473128637,0.09112913165387705,0.09108388328516678,0.0424561869453274,0.05158269384356325,0.14577189371262406,0.09651532295432266,0.14269581649895077
522,0.0,0.14217818141694977,0.06664219303456445,0.13045632056348055,0.08909957660437853,0.09275676553264794,0.042495922456480664,0.05204600518150644,0.14651103720042846,0.09322890550889834,0.1445850925007095
523,0.0,0.14190817967936178,0.06376331035145238,0.1352152293032374,0.08405197313983825,0.09658604425533969,0.0428078713068146,0.05293922654014506,0.14739755931744186,0.08583182068898174,0.14949878541743192
524,0.0,0.1418598974004776,0.06212615113734954,0.13694311695043404,0.08134073180881128,0.09932232455901047,0.0427463582708034,0.05426661557179151,0.14921479179116032,0.08092210824309642,0.15125790426711044
525,0.0,0.1418792539688407,0.06100113448573352,0.13837621570311595,0.07948327286190122,0.10090386464082829,0.042847112215249096,0.05493522094915989,0.14978596327647187,0.07810262571002073,0.1526853361887239
526,0.0,0.14203508287261382,0.05893605756477524,0.1410743999895106,0.07617266752393155,0.10354379564995819,0.043121529626517136,0.05594021811253653,0.15029825665866112,0.07356385163813865,0.15531414036340233
527,0.0,0.14212806496608205,0.05769108749520457,0.1421427505619557,0.07419849098131172,0.10552097179983408,0.043209850946762884,0.057220271028456435,0.15122251910240578,0.0703738542078402,0.15629213891019192
528,0.0,0.14246325094693582,0.0556932867316647,0.14439666081099178,0.07107896750403549,0.10807041382556187,0.04353453437675031,0.058461001709076275,0.15148552198677465,0.0664480739798277,0.1583682881284269
529,0.0,0.14260453928879302,0.054628322536276794,0.14501302866800872,0.06937273112858036,0.10989231239085764,0.043677051079683414,0.059976002821277956,0.15214651973469528,0.06389027461294745,0.1587992177389248
530,0.0,0.14308107259961117,0.052780485556255294,0.14675554289236198,0.06648056010980066,0.11233113754562955,0.04404713490132973,0.06147981562334543,0.15211673173314147,0.06066259027839914,0.16026492876017118
531,0.0,0.14363575222557146,0.05103630885211829,0.14816784994052312,0.06373972028376941,0.114720175300136,0.04444284739153104,0.06312535516126189,0.15191465525656114,0.05785909620781426,0.16135823938075902
532,0.0,0.1438962785475451,0.05023850125661822,0.14853519054054723,0.0624202600908332,0.11604327097665862,0.044648556816608814,0.06432796766857231,0.151882092247957,0.056510303711166034,0.16149757814353916
533,0.0,0.14550773060946373,0.04680053950891984,0.14976279452065983,0.056571955079987815,0.12177968743002278,0.045810029501873704,0.06961917981158172,0.15036457689476523,0.052161642080545086,0.16162186456222596
534,0.0,0.14671470401074319,0.04515218579334714,0.14978332549632328,0.05354663129435406,0.12474646624339683,0.04660993613457122,0.07268278785478621,0.14875069989825218,0.0509431835085373,0.16107007976573448
535,0.0,0.14849341258027327,0.04347407735697321,0.14873818432456934,0.05014814344368943,0.12832116579868846,0.047843946708457076,0.0768774357378785,0.14602084502429036,0.05074016390789628,0.1593426251173301
536,0.0,0.1498082923082586,0.0427889965644606,0.1468638637906043,0.04812123513695147,0.13081383283961598,0.04890989265531133,0.08045199887305711,0.14358130097257968,0.051723513803656924,0.1569370730555503
537,0.0,0.15077696642612232,0.04305959162523503,0.14353770354672182,0.04657020119540817,0.1333464720364757,0.050073691592947674,0.08504371930410452,0.14068509200510707,0.05401060816187717,0.15289595410604695
538,0.0,0.15094875418769815,0.04349873640042817,0.14197720804329153,0.046183308254009944,0.13419872670061375,0.05048308190222279,0.08693234048258384,0.13956260705125575,0.055168115636279776,0.15104712134166276
539,0.0,0.15118503721663767,0.04472568073166514,0.13848578715025833,0.045594551257219264,0.1357676193775028,0.051366949491008694,0.09081047731721437,0.13711188541347147,0.05791909556765883,0.14703291647741007
540,0.0,0.15125481707576136,0.045515686724681495,0.13654938322732396,0.0453923079152017,0.13647089979557828,0.05183982459654238,0.09281356937514572,0.13579407479223365,0.05949487606680975,0.1448745604307684
541,0.0,0.15180122681968178,0.04658592985555703,0.1332703454793733,0.044953861085803716,0.13759150771945042,0.05281431783412926,0.0959943743769691,0.13331239631585115,0.062250126566726134,0.14142591394650486
542,0.0,0.15210695375511815,0.050478599669556375,0.1248265765641444,0.0447774826055462,0.1395965586848762,0.05503989477625865,0.10333842377708974,0.12761779600737672,0.06947947866915952,0.13273823549092112
543,0.0,0.15135019281488454,0.052989223264933646,0.12116502469153398,0.04517773446515995,0.1400636532893112,0.05577188314463062,0.10634120810745692,0.12560045766056027,0.07259471782540926,0.1289459047361669
544,0.0,0.1516236463656352,0.05509352930250948,0.11677645483596796,0.04530043495656079,0.14064200890608133,0.057002193755016306,0.1097117803029854,0.12276750913314427,0.07626092308932275,0.12482151935282378
545,0.0,0.15140107763682514,0.05681427908586867,0.11392886024389341,0.04556624430163287,0.14088191889802287,0.057719422945530015,0.11183255390417336,0.12110973025415388,0.07862944728915507,0.12211646544079217
546,0.0,0.15157533391158806,0.05925398877430149,0.1091999409590937,0.045891422900886755,0.14123595120253984,0.059077796957972814,0.11518483041547349,0.11823434680672908,0.08248385045135309,0.11786253762010913
547,0.0,0.1512860726701391,0.06117188012064516,0.10618232948845568,0.0462580809258555,0.1413439778657537,0.059875893470401745,0.11727049783024042,0.11656150752759584,0.08492157896092778,0.11512818114003262
548,0.0,0.14882717879937912,0.06709180782084585,0.0993623629960341,0.04790334013607124,0.140939556496721,0.06152178189427601,0.12170833083595055,0.11347934542274861,0.090432559395173,0.10873373620284822
549,0.0,0.14850572418586508,0.06919914998777138,0.09615847448186708,0.04840059880420308,0.14079662383844638,0.06245764824608095,0.12375184309297635,0.11186501134692281,0.0928439713602985,0.10602095465561619
550,0.0,0.1457887142500922,0.07758523756982234,0.08559377872575197,0.051241099064142606,0.13910366859473278,0.06591036158786215,0.12961646125332163,0.10744724118457946,0.10071369095877623,0.09699974681096629
551,0.0,0.1439997110011477,0.08458290797508705,0.07620140376553838,0.05390782118816159,0.1369013764067586,0.06953334271605616,0.13430699339324148,0.10394202758258003,0.10704635123612194,0.08957806473535486
552,0.0,0.1437908842719944,0.0867254068570272,0.07289239070041065,0.054598739578265,0.13621898569446797,0.07079623021023665,0.13606244698024283,0.10270521334763176,0.1089893591446518,0.08722034321511946
553,0.0,0.14398230584279223,0.08969943680491602,0.06767736010884742,0.05529638487210335,0.13540993480475397,0.07267692438718468,0.13904040898533995,0.10067399880995764,0.1117002414743452,0.08384300390980734
554,0.0,0.14383104918008738,0.0917689298481751,0.06442270769662634,0.056027310085497634,0.1345799770695311,0.07403540819144667,0.1406435285427142,0.09960400586548496,0.11337595056260591,0.08171113295787874
555,0.0,0.14241895920299713,0.09710164306753787,0.057326692577002895,0.05907429949495819,0.13112511970965549,0.07804909633376322,0.14284448172934888,0.09813654824978327,0.11717911115336713,0.07674404848163405
556,0.0,0.1432751892312306,0.10048047208752135,0.05055861423193797,0.059823113318724086,0.12965860151269568,0.08072949015856444,0.1466620002601484,0.09611497470777884,0.11935507080520026,0.07334247368624669
557,0.0,0.14338075579198406,0.1021725706916466,0.04756299404049195,0.060606121228755486,0.12847019189158082,0.08228929859212059,0.14791953838816674,0.09550204901605422,0.12029898306850892,0.071797497290739
558,0.0,0.14354127789937646,0.10377418634847312,0.044633980904495975,0.061393975051371744,0.12722066790001157,0.08387880317242348,0.1491114243031864,0.09497649322183582,0.12109478982279727,0.07037440137607652
559,0.0,0.14375977069179435,0.10527864472884986,0.04177688251286139,0.062185458477973646,0.12591087417743932,0.08549559636293924,0.15023806664701478,0.09453897206625166,0.12173963005991005,0.06907610427501419
560,0.0,0.14403905803438588,0.10667963824172241,0.038996720549398914,0.06297943742052554,0.12454177789407016,0.0871370403603636,0.15130023199208367,0.09418970529928496,0.12223137755947608,0.06790501264873733
561,0.0,0.14430069405052354,0.10914488234261738,0.03427392937140827,0.06536216693434156,0.12084930637194242,0.09094074354739945,0.152045399128025,0.09427991203540517,0.122969191047922,0.065833775170464
562,0.0,0.1474452127843574,0.11269789918877196,0.02367536366617595,0.06696786654093628,0.11589113948141627,0.09693025986019753,0.15751983928928456,0.09338983581263624,0.12174340411107358,0.06373917926519893
563,0.0,0.1491868499564681,0.11380498895244714,0.01916025351375695,0.06775943353244476,0.11308344233883263,0.1000493104204286,0.15974656981223562,0.09341851520264453,0.12028485979127947,0.06350577647951114
564,0.0,0.15251436894096665,0.11466264212813922,0.01262283710660982,0.06843809854639807,0.10821087380982114,0.10558087826664803,0.16326903306783266,0.09379241707905384,0.11650638157922635,0.0644024694753533
565,0.0,0.15392579338258436,0.11443086579687523,0.010623828047597662,0.06995267684944118,0.10517685561206828,0.10794269660109393,0.16332354676231636,0.09491658272261479,0.11451081377495097,0.06519634045050632
566,0.0,0.15611727958592003,0.11368205232237827,0.008258217622674759,0.07141405094700319,0.10134880432864837,0.11098297945598577,0.16380177672069596,0.09629416740640098,0.11146494964186537,0.06663572196847642
567,0.0,0.15731967581835718,0.11310095663207874,0.007241493790784031,0.07213496396958563,0.09938459363926308,0.11244230648516947,0.16402464402593908,0.09705141571280737,0.10979941491942688,0.06750053500663789
568,0.0,0.15939299041570498,0.11182341600340046,0.005881266341481701,0.07368603465160983,0.09605859966440679,0.11458800702149757,0.16402496312764714,0.09845627600519065,0.1072141405036502,0.06887430626546008
569,0.0,0.1633114216636289,0.10905688213180062,0.004127393727110353,0.07480929240853734,0.09064102211484724,0.11830602920534294,0.1652151995756596,0.1006408446094507,0.10136693500481331,0.0725249795588585
570,0.0,0.16587974554492416,0.10690826547885043,0.0033825922254128184,0.07638600755285514,0.08720466809572576,0.11999430466308178,0.16530706517491572,0.10215828885648912,0.09842241899419837,0.0743566434135963
571,0.0,0.16750619516464607,0.10546477898841233,0.003093226162361208,0.07707455504083112,0.08512683286351552,0.12101227910861302,0.16557035631338068,0.1030519081083805,0.09638185098095617,0.07571801726895301
572,0.0,0.17018283251324032,0.10278724685776254,0.0032714804651118477,0.0772639917089344,0.0817661275855947,0.12275172798049816,0.1664799340739631,0.10449867576341021,0.09212068659494019,0.07887729645659441
573,0.0,0.17443024953708547,0.09873298654994761,0.0028341056915287518,0.07981966696057305,0.07687216003311348,0.12419292664999677,0.16686528369101736,0.10653103704402037,0.08819868904443097,0.08152289479833619
574,0.0,0.17625063457474202,0.09684327393946954,0.0029780420830618766,0.08048259077948454,0.0748123916769028,0.12476083218550381,0.16729643854053877,0.10735186214128799,0.08618791654167943,0.0830360175373793
575,0.0,0.1830115959929196,0.08870978699513128,0.005725722717374132,0.08137417981488096,0.06729862534173343,0.12591433507271402,0.16972170020424046,0.11028212510312842,0.0774288859129802,0.090533042844948
576,0.0,0.18482813830978878,0.08659728865628938,0.006288784708240687,0.0819848075247179,0.06541723954819596,0.1258709333559965,0.17034627410569658,0.11091163571453191,0.07571486137852672,0.09204003669806611
577,0.0,0.18664220579781948,0.08446419619423878,0.006902159233927747,0.08258785953792414,0.06356631166699021,0.12571369083121545,0.17102873880047056,0.11149108002751205,0.07408286552665683,0.09352089238329538
578,0.0,0.18844824795557383,0.08231953615876039,0.007561387114620242,0.08318268018489677,0.06174878428317453,0.12544143220552187,0.17177011121929192,0.11201773171603611,0.07254008036382424,0.09497000879835073
579,0.0,0.1967705388435352,0.07297512839453757,0.009483118741665936,0.08709883059762427,0.05381193501830904,0.12315245420230615,0.17565225135809645,0.11369342298902001,0.06767022585040607,0.09969209400455002
580,0.0,0.20147988189529223,0.06796670330756742,0.010035182055691134,0.08978091623838896,0.04944533482408261,0.12145327879410092,0.17817590907061534,0.11417403674728992,0.06622431856663462,0.10126443850038788
581,0.0,0.2033957631883058,0.06490795915586463,0.012758131865381052,0.08918263165638401,0.0475027146901685,0.11914158477317882,0.18035295801577866,0.1141724920184356,0.06439959092646695,0.10418617371008716
582,0.0,0.20634587246914973,0.060860797579542374,0.015516696483534197,0.08951283552960741,0.04463080225869645,0.1157271428352746,0.18336051873926498,0.11400079538287358,0.06321288590226903,0.10683165281983918
583,0.0,0.20768321919249644,0.05920710502625568,0.016392338817688708,0.08994711403467648,0.04335393686153808,0.11418282284259881,0.1847266927988877,0.11385388845645907,0.06303870838270903,0.10761417358674169
584,0.0,0.20825031094904045,0.056776136494850554,0.02169927706450856,0.08745118689588363,0.04238811960037324,0.10931905770275376,0.1870833198553741,0.11324707427757977,0.06282998148853831,0.11095553567114905
585,0.0,0.21367676736825142,0.05090604720429574,0.024602626484904605,0.09083312120039166,0.036829551696106,0.0988066169303441,0.19510920273592922,0.11149197720869108,0.06596268202255064,0.11178140714858714
586,0.0,0.2151440406574801,0.049544188721390325,0.02512560933075288,0.0920656196254195,0.03512799941585981,0.09537980244153091,0.19775561667956618,0.11077807719367574,0.06760668533979865,0.11147236059457767
587,0.0,0.2155476068808016,0.04912094889380749,0.025884889995705897,0.09220857702838002,0.03448566175593781,0.09310620832599548,0.19912389427997698,0.11032816369239545,0.06871212685729941,0.11148192228975175
588,0.0,0.2212346248887549,0.04503639883050161,0.02454067943316069,0.10185863117457011,0.02482277998810685,0.07852615912653124,0.21145895138228252,0.10673766324372858,0.08324628275899759,0.10253782917341796
589,0.0,0.22084601597899894,0.04561847823823293,0.025155080646810737,0.10166678582270583,0.024587946764901652,0.07618209243337676,0.2125122396007963,0.10630094141655638,0.0850096735620166,0.10212074553565592
590,0.0,0.220086507394436,0.04692053671662093,0.025514334515794546,0.10383106147596612,0.022121533063582947,0.07021192881562632,0.2155975326172595,0.10531403663882861,0.09348729642818317,0.0969152323337536
591,0.0,0.2176836248656029,0.050142769690715204,0.02726647471983485,0.1020455707734941,0.02270157624737729,0.06442556378710865,0.2168972528017711,0.10479840736696373,0.09768765652707072,0.09635110322011356
592,0.0,0.2166465381252618,0.05151592429186901,0.027836239149635122,0.1015389020620607,0.022809259145088936,0.06230583346922536,0.2172092858100328,0.10473115267395226,0.0997256538388317,0.09568121143409462
593,0.0,0.21552263090827442,0.05299344071431787,0.02840795578167146,0.10098447357450846,0.02295724805390729,0.06024579733246838,0.21737802201983444,0.10474219351401709,0.10178821638438358,0.09498002171666935
594,0.0,0.21355288807737646,0.05565619493379726,0.02955601980697772,0.09936418833238107,0.023706357014342445,0.0570695807385594,0.21716120414425683,0.10491009389531268,0.1041952247930325,0.09482824826401623
595,0.0,0.20797075547596633,0.06345489271165662,0.033099435504583906,0.09328307403616203,0.026823465173224297,0.050249369846169,0.2139009603940418,0.10637459098475431,0.10837371339585097,0.09646974247764327
596,0.0,0.20487092458984688,0.06748435443851646,0.034380145666923885,0.09162069626056203,0.027324607967263184,0.04726812461725791,0.21206292033371368,0.10762940195112945,0.11268979829579819,0.09466902587904082
597,0.0,0.20325512212838176,0.06956721024836479,0.0350427241892403,0.09072750039917701,0.0275957259112108,0.04593413993347498,0.2108984565936015,0.10838642319646738,0.11484758997880763,0.0937451074213263
598,0.0,0.19974164908088926,0.074434501917998,0.03690248612677862,0.08746870344945383,0.028986521296085508,0.04354799257378219,0.2070251999435287,0.11040273535251383,0.11796722338293811,0.0935229868760847
599,0.0,0.1980353207088487,0.07661145197084086,0.0376284739277997,0.0864651010660426,0.029248797802715408,0.042563663102551705,0.205360869964849,0.11142975023934996,0.1201167982175469,0.09253977299950794
600,0.0,0.19166725780675362,0.08585841414868375,0.041327132467505696,0.07950438817085831,0.03198546249555057,0.04032608977143384,0.19505441381911637,0.11657751457230861,0.1248349049725038,0.09286442177533816
601,0.0,0.18904915023300453,0.08944531434027267,0.04274211162884379,0.07719675850879465,0.03258438401762027,0.03985748990321438,0.19074911379648687,0.11890731344139417,0.1274749635564251,0.0919934005739963
602,0.0,0.18648347743141455,0.09296590610401005,0.044198491297403567,0.07485909078002127,0.033109749764190205,0.03968903436802729,0.1861318044802273,0.12138532287453704,0.13009774542881267,0.09107937747140887
603,0.0,0.18317010038994475,0.09773935679783176,0.046270609824165095,0.07134244167681258,0.03388944925958087,0.04001104509736879,0.1790274714040957,0.1250707963217022,0.13322357083132602,0.09025515839722513
604,0.0,0.18158385119869777,0.09970433336273178,0.04725223134712561,0.07012052075969341,0.033906552774614025,0.040235777366595615,0.1760863354496997,0.12668758007419215,0.1352974172362423,0.08912540043046047
605,0.0,0.18003091098472632,0.10160076984266135,0.04827784414475969,0.06887776637985336,0.033903418104511064,0.0405762634286641,0.17304238629751834,0.12832518586434238,0.1373827806105629,0.08798267434245334
606,0.0,0.17511134048588167,0.10865412692067572,0.05217520159466748,0.06300999298808577,0.034390475460118204,0.04307695830175756,0.1595465083927824,0.13508575989422228,0.1430158412423416,0.08593379471952015
607,0.0,0.1738056708889809,0.11016844730391777,0.05335997611588001,0.061732740105233865,0.03423418976785881,0.043909933851168426,0.15620279699143821,0.136719023056137,0.14513371564223487,0.08473350627720308
608,0.0,0.17137254630782633,0.11288741406935313,0.055871024511603314,0.059147228592616265,0.03385571397437005,0.0458581403889421,0.14936963914744764,0.13989232883791022,0.14946609961988871,0.08227986455009534
609,0.0,0.168297699093681,0.11464451669370485,0.059656990491631486,0.05695315890459608,0.032889089504394,0.048386737013041164,0.14243111328385621,0.1425426278080563,0.15729137528570136,0.07690669192139082
610,0.0,0.1667128058091231,0.1155977633302825,0.06202306132184829,0.055290326334900386,0.032488485332280666,0.050180982440067856,0.13762230860309893,0.14425252159758928,0.16165657853926835,0.07417516669159392
611,0.0,0.16527374084893276,0.11626875683359414,0.06450730546763699,0.05360399650611031,0.03212195837861971,0.05208963106678913,0.1327651989407446,0.14580274373696006,0.16618068485947082,0.07138598336119491
612,0.0,0.16296879730395541,0.1163641438158018,0.06911172493032772,0.05113872000930842,0.031563738754985846,0.055339928285317724,0.12522049421445972,0.14754668626011644,0.17515500834607448,0.06559075807970592
613,0.0,0.16240510816547482,0.11650360163299923,0.07080240382929812,0.04982814097789856,0.031442935500876706,0.056761629492573594,0.12173698078133818,0.1484694526581168,0.17787614580337305,0.06417360115810446
614,0.0,0.1615144592119791,0.11620061440566076,0.07357669740048002,0.048133752087354736,0.03126875387229907,0.05884503684662816,0.11698536389103689,0.14933217348147748,0.1828960415175755,0.06124710728556198
615,0.0,0.16016611305448425,0.11471577011104515,0.07853539066481535,0.04565746079331566,0.031193288903134362,0.062198437398879716,0.10974944434665473,0.14982819497359712,0.19260267253640262,0.055353227217724746
616,0.0,0.16028922823616504,0.11407875186670732,0.08177598097288755,0.04285620690607663,0.03104641617621978,0.06505749442369993,0.10312878104588093,0.15088154164443515,0.19701422960746773,0.053871369120514
617,0.0,0.160994666916279,0.111967629021324,0.08756790490492553,0.03847383077965116,0.03061817067817758,0.06976535613552713,0.0931514088604246,0.15110342179676411,0.2053315453903258,0.05102606551665507
618,0.0,0.16278515162351012,0.10751448157004015,0.09503942417720196,0.03380936002060291,0.03003083573711462,0.07488762842868982,0.08367170511174948,0.1481236308397059,0.2170675201852484,0.04707026230619073
619,0.0,0.16445248417792865,0.1021565788589765,0.10067384333642701,0.031418658551632526,0.030667562606757477,0.07743165838710021,0.07946966476528931,0.14295380708360342,0.2294640788390988,0.04131166339324034
620,0.0,0.16798065515583385,0.09240150675642571,0.10843592608862462,0.028672687859999303,0.03312707923055964,0.07962886021275686,0.07563158435126598,0.13225401052436309,0.24966083933980507,0.03220685048042028
621,0.0,0.16976426315216145,0.08865937525906462,0.11184405267532095,0.027259645236901685,0.03337865982700996,0.08028109227933765,0.07541929139802496,0.1266947016864493,0.25491000815367876,0.03178891033210508
622,0.0,0.1723698128913272,0.08288476619004456,0.11572459944266478,0.026103262746248832,0.03486614471221985,0.08027017884826415,0.07614031706631032,0.1179801060097603,0.2642704569566186,0.02939035513659627
623,0.0,0.173228612112667,0.0809646795944522,0.11690211999396999,0.025815145399391237,0.035443908093758136,0.08010314679010883,0.0766891457159056,0.11487044870791224,0.26723096808492675,0.02875182550696302
624,0.0,0.17476375232059782,0.07771016473514347,0.1185244388417497,0.02549081333290516,0.03670204554018337,0.07967530356654685,0.07755385551142113,0.10978885228463779,0.2725223384376021,0.02726843542926763
625,0.0,0.1772997154051066,0.07218761515990593,0.12130594498813149,0.0251143657548791,0.03878340102190183,0.0784541965111253,0.08051182002087812,0.0996414253974331,0.28034590515633184,0.026355610584362033
626,0.0,0.17808760405633914,0.0704225114722726,0.12209536584649264,0.025083677898633097,0.03954295747727536,0.07793136139167739,0.0817252976873651,0.09615581380319234,0.2827042986136541,0.026251111753153714
627,0.0,0.1788084022367352,0.06793324607747078,0.12366007593283686,0.025134177111940638,0.04041346023236091,0.07685815088171763,0.08498334831799478,0.08953514631159733,0.28497506020813174,0.02769893268926976
628,0.0,0.1792392637233026,0.06580774852038775,0.12493281860278367,0.025430049690397565,0.04128389917040832,0.0756506530367204,0.08859234271685149,0.0828543977704972,0.28651062762937046,0.029698199139336367
629,0.0,0.179911288755875,0.06275686572976075,0.12621049849108462,0.026238722888816145,0.04292515057858129,0.07369730986062031,0.0940569922743118,0.07264270098935348,0.28872632961781264,0.032834140813839924
630,0.0,0.18039324471667437,0.06151462279419281,0.1264483530737448,0.026548649649251937,0.04372871129871342,0.07302914070211247,0.09568997747272744,0.06912236781975012,0.2899968756605584,0.033528056812330335
631,0.0,0.17997992099036472,0.06048442993642746,0.12684097059092297,0.027487869128234126,0.04457417114524941,0.07178993734516677,0.09969443244918677,0.06279772739478588,0.2893914732588055,0.03695906776091267
632,0.0,0.1819367587773656,0.05732345862230792,0.1266053529635288,0.028199818349552958,0.0468921192757596,0.07052453156281592,0.10209618259911293,0.05565327200656423,0.29347660333490083,0.037291902508147665
633,0.0,0.1821812563904106,0.05647681748733933,0.12645972450184395,0.028708207129074906,0.04768339033422782,0.06997923990064922,0.10363434327633021,0.052492690982430756,0.2939179019888807,0.03846642800886893
634,0.0,0.1858155409437441,0.051634235671936146,0.1241877208338355,0.03080760648684096,0.052131287795140036,0.06788805035081903,0.1068959656943275,0.0412588703838414,0.2991801854827299,0.04020053635684189
635,0.0,0.18579351628848534,0.05118795874698614,0.12368502480253973,0.031486528396243954,0.05287348753352119,0.0675803631524064,0.10821010157684074,0.038622098556454626,0.2987397160872929,0.04182120485928557
636,0.0,0.18678785041030743,0.04976628423449972,0.12178509971177538,0.03315522342286288,0.05490421616842184,0.0668208879903961,0.10996810857297633,0.033469143184928066,0.2988107139900107,0.04453247231387841
637,0.0,0.18606412054835325,0.049314349450979636,0.11776372945410078,0.03707283314432538,0.05773712753193398,0.06700779610723927,0.11359691853516907,0.024515166446254098,0.2938646936540173,0.05306326512768381
638,0.0,0.18591040508253906,0.049358062610204936,0.11589127963124247,0.038632906986991386,0.058670992904500494,0.06734951607298227,0.11416949184259312,0.02216464447591117,0.29179342302274075,0.05605927737035109
639,0.0,0.18348587056512283,0.051015145384978575,0.11158151378974161,0.04254668310550576,0.05983537764927202,0.07029530162681151,0.11488075455627018,0.017856851070269308,0.2839360709890495,0.06456643126303556
640,0.0,0.1812912863064222,0.05305431182008272,0.10692817647496472,0.046446047745687065,0.06035521787744856,0.07410130015656996,0.11361289346668507,0.01608288262412456,0.2761572173717646,0.07197066615630777
641,0.0,0.17955970022263287,0.05458278846875199,0.10438012442781078,0.048601458608932765,0.060228101553172604,0.07720413137936179,0.11224440183770354,0.015909883655119562,0.271293696667776,0.07599571317879548
642,0.0,0.17693644033709324,0.05647864374674008,0.10252989028055999,0.050315034269732065,0.05951291650769508,0.0817664493744012,0.11034094107911324,0.01644112598603134,0.2662255506027623,0.07945300781592894
643,0.0,0.1751429320600318,0.05817251945621433,0.09982522995274384,0.052545357012817206,0.05896106618478436,0.08585298977086138,0.10781055038533287,0.017401458113214707,0.26140322102500574,0.08288467603905146
644,0.0,0.17410187594712756,0.05941097475085245,0.09743026355645178,0.0544568590352119,0.05858734244855561,0.08867194300977481,0.10569195940277692,0.01836102783660858,0.257801166299154,0.08548658771354414
645,0.0,0.1719943289581019,0.06165801192542546,0.09368317767377038,0.057496472878800144,0.0576113238713026,0.09414338302923383,0.10171124517820544,0.020564893524451015,0.2517414559801453,0.08939570698062188
646,0.0,0.17074794984168584,0.06306652150029773,0.0913294116478932,0.059415972192728476,0.0569568044890185,0.0974057380875377,0.09919542419488415,0.02214693393503068,0.24802295987662473,0.091712284234357
647,0.0,0.16850362385975798,0.06477206694103455,0.08915902449365115,0.06105686009429107,0.055518859426759805,0.10423150094298166,0.09488800660194317,0.024751206060704738,0.24409831864946863,0.09302053292946554
648,0.0,0.16689070761638802,0.06667182387252722,0.08598851595093522,0.06369639508238283,0.05449787360873109,0.10856477567798813,0.09127023767102133,0.027385732888979813,0.23934561794336154,0.09568831968774333
649,0.0,0.16462150961432387,0.06860150986245424,0.08290350502003145,0.06598200646859201,0.052687695321630534,0.11676569695457457,0.08554071874898748,0.03121857828688013,0.23496864446382257,0.09671013525876175
650,0.0,0.16378819421298493,0.06936691912397462,0.08160039269495008,0.06696573816112415,0.05199708439053463,0.11981364027354116,0.08331548974200328,0.03279847263060573,0.23322015361358495,0.0971339151567553
651,0.0,0.16266149983949918,0.0702636548877019,0.07979749940048751,0.06816172590192555,0.050843281179643735,0.12522553833376998,0.07952562552904967,0.03532572453682768,0.23122074165296203,0.0969747087381917
652,0.0,0.16144609559521184,0.07146848918077835,0.07779881487216132,0.06977053583334739,0.04993424491107619,0.12902982424826265,0.07656596863690082,0.037715371380826666,0.22851154042185162,0.09775911491964215
653,0.0,0.16073074927230796,0.07209562356139285,0.07656094669977791,0.07064507007548208,0.04926381039416365,0.1321140092951876,0.07433235369911848,0.03937786199571673,0.22711476140698952,0.09776481359992219
654,0.0,0.16004863791543938,0.07268418488277442,0.07534173794331578,0.07148716041703779,0.04861004993004658,0.13518620707765572,0.07211915995706451,0.041044301149712234,0.2258050279389951,0.09767353278801748
655,0.0,0.15884417256993194,0.0737849590461302,0.07352620596287296,0.07291526192557361,0.047790044784353884,0.13882810266925857,0.06941039797214454,0.043436877196721,0.22336529428785815,0.09809868358521423
656,0.0,0.15822306113482515,0.07428879129309858,0.07237057145486119,0.07366010888207342,0.047197016542099415,0.14182722159086708,0.06731802812781852,0.045074011819460344,0.22223457183398593,0.09780661732096953
657,0.0,0.15640244602508444,0.07586781670497587,0.0701852958221732,0.07549752687964598,0.0463655297391368,0.14566952625945442,0.06457173296699985,0.04809557349371643,0.21867617383157265,0.09866837827729978
658,0.0,0.15344675479078762,0.07806587809013477,0.06630369993946914,0.0781215715194515,0.04501965580760352,0.15433112694904447,0.0590674692667471,0.05391768511462071,0.21341363301148025,0.09831252551072032
659,0.0,0.1515544137559299,0.07940757906317804,0.06473468980283947,0.07936128823254728,0.044820682197206495,0.1568929947551734,0.057831717324447876,0.056445148249046596,0.2099260224654168,0.09902546415427363
660,0.0,0.15114284425321914,0.0796115959204509,0.06386893289117797,0.0796419654761124,0.0446571215818066,0.15923507111247806,0.056600121336758576,0.057709809960983315,0.2092141840507492,0.09831835341632343
661,0.0,0.15002326069449795,0.08029092192708329,0.0628067725245608,0.08020886510350746,0.044705470982321686,0.16127681690159262,0.055817509096583715,0.05942707984787449,0.20713735790201065,0.09830594502002708
662,0.0,0.14862996602141273,0.08098214252221103,0.06109693169894825,0.0806923997460858,0.045046749665319165,0.16492709580505183,0.05457080969785215,0.06208487274371607,0.20442388719899546,0.09754514490046759
663,0.0,0.14738070057710656,0.08149827338169346,0.059588849968422994,0.08079913573449855,0.04586866570614463,0.16780461147714665,0.054123467942355764,0.06440513391286709,0.20169229865306115,0.09683886264676335
664,0.0,0.14642958403297018,0.08191545255420603,0.05889983729214692,0.08077356753190956,0.04667623717408533,0.168576445586646,0.05465087872840083,0.0655870404607994,0.19953731557577808,0.09695364106311793
665,0.0,0.1490070904801056,0.07972438494026074,0.0556582983146678,0.0790793982169234,0.04744574707424805,0.17791322399738813,0.0504010929094277,0.06844308371281699,0.20200630427948896,0.09032137607473265
666,0.0,0.14896975984749977,0.07961864219969224,0.05501709967772603,0.0786888976454844,0.04818079385021505,0.17888158705812057,0.05051521257066902,0.06914903671760968,0.2012252974249192,0.0897536730081242
667,0.0,0.14366406501779425,0.0823854876027278,0.05511826489974718,0.0775143294328494,0.05440722868895342,0.1711896905991006,0.059902179557289555,0.07073968262577474,0.18894413048717232,0.09613494108865099
668,0.0,0.14372399188406973,0.08214243443896437,0.054134029198279435,0.07598483404512033,0.05673061222210443,0.1716959430956161,0.06154053731289646,0.07164333656534802,0.18670290120846586,0.09570138002919551
669,0.0,0.14377058271961393,0.08203218195362638,0.05365767497736228,0.07514546860172244,0.05798049344413467,0.17179396504967037,0.06249417986717715,0.07206032069052576,0.18548031470729748,0.09558481798892988
670,0.0,0.14388449326776132,0.08185179067347954,0.052718030573239164,0.07332846028089211,0.060671556248700055,0.17169076196007432,0.06463183114595732,0.07283747303330855,0.1828246637602436,0.09556093905640442
671,0.0,0.14474385445852117,0.08136582878779018,0.05114431432908052,0.07061782027275433,0.06397995906985811,0.1726296181112834,0.06665203774362136,0.0738652032875145,0.18017621364274836,0.0948251502968887
672,0.0,0.1447932023989064,0.0813709036489454,0.050693734831316735,0.0695460287679331,0.06551651852093023,0.17222631396405638,0.06800190283761433,0.07419118233645408,0.17854705540445703,0.09511315728944703
673,0.0,0.14417988453001193,0.08177775819138516,0.05043653212706094,0.06806052537086324,0.06828676519079735,0.16990261274653462,0.0711522406630076,0.07451124957333977,0.17493695702001638,0.0967554745870438
674,0.0,0.14421928011665922,0.08184884319609226,0.05000333699705946,0.06689743160757511,0.06990331536852108,0.16932492497821391,0.07263418519450386,0.07481402410391105,0.17315414239435453,0.09720051604317043
675,0.0,0.14424770541074486,0.08195416792455514,0.04957398417004288,0.06570391709273435,0.07154522218068742,0.16868570679402534,0.07416026090396248,0.07510924255615503,0.17131029928916583,0.0977094936779877
676,0.0,0.14488675608996793,0.08187886644774703,0.048545980801124114,0.06368063047568102,0.07361618404647002,0.16918689544254306,0.07555085696897292,0.0756755553991927,0.16941570517415316,0.0975625691542092
677,0.0,0.14545553654178903,0.08190652090278594,0.04754043768048734,0.06163222068306812,0.0756924927860749,0.16955125719963335,0.0770556341530936,0.07621425404261085,0.16736331452782202,0.0975883314826961
678,0.0,0.14418704310156286,0.08306553022895119,0.04739302394005828,0.05938464329153336,0.08006091235916787,0.16475562730583335,0.08223022768367405,0.07646278001474807,0.16134152394214923,0.10111868813238317
679,0.0,0.14349578735005744,0.08420392992174659,0.04667347031416121,0.05627452370612136,0.08475547674344303,0.16096321621529736,0.08731453257776169,0.07699405466563715,0.15519707555150952,0.10412793295432617
680,0.0,0.1429083460456814,0.08501224234362459,0.04637493535490563,0.05449043288229346,0.0876859591039561,0.15805955347497705,0.09066366939734789,0.07729798558910471,0.15121707971114604,0.1062897960970249
681,0.0,0.14309284563801344,0.08566958592612627,0.045483115942430374,0.05224769072467811,0.08957795442707076,0.15815929919733174,0.09240164783112306,0.07776625938657183,0.1488379830370388,0.1067636178896774
682,0.0,0.142483995227578,0.08662246861259669,0.04515214794044333,0.05047144763843648,0.09239535957375505,0.15528579578193644,0.09564157880135461,0.07806986671372969,0.1449725427985185,0.10890479691171306
683,0.0,0.14229127943503986,0.0872469459842651,0.04476131299820211,0.04914306345894349,0.09387510239232792,0.15437169452063865,0.09728002847374706,0.07832046970437527,0.1429376629610772,0.1097724400714454
684,0.0,0.1420748648598033,0.08791406400407763,0.04437409752793427,0.04782591965664803,0.09530801511497347,0.15347072388900762,0.09889909717030287,0.07856362492764092,0.14094046971068958,0.11062912313898438
685,0.0,0.141210586370937,0.08925349742066999,0.044030800588162895,0.04578973303037863,0.09900864022393752,0.14891426638682656,0.10327127320579717,0.07900529824594103,0.13588688410374328,0.11362902042366828
686,0.0,0.14095682942534918,0.0909866232483626,0.04291976526705367,0.04272457926794345,0.10043288649256862,0.15006463031552636,0.1051459870664854,0.07946641650259043,0.13349457012602908,0.11380771228815381
687,0.0,0.14038098807547592,0.09217327798561402,0.04251515544654259,0.041180923577735694,0.10264879157391796,0.14756233798565155,0.1078509744081649,0.07975938035899689,0.130471040600112,0.11545712998785115
688,0.0,0.1399022729047276,0.09366925393841755,0.041863018889155626,0.03916058426168273,0.10361745727964287,0.1478152880940024,0.10948771937171643,0.07998650009806742,0.12870032642253593,0.11579757874011412
689,0.0,0.1395156345534339,0.09462451011996044,0.041517618691595516,0.03803706584425488,0.10453881091416253,0.14713653164240953,0.11085937668142244,0.08012029862325973,0.12729037477791202,0.1163597781516517
690,0.0,0.1388706013913661,0.09627681071932909,0.040945935585397816,0.03616653938200407,0.10520365583675317,0.14745945757688517,0.11245223939584718,0.08022625859560888,0.1258233142618638,0.11657518725500762
691,0.0,0.13812565312487912,0.09800900311265155,0.04042867177044324,0.03440623618041403,0.1056770157458299,0.14782065132093541,0.1140215198284195,0.08024456487741219,0.1245578360451176,0.11670884799396047
692,0.0,0.13763021534268557,0.09909563209519641,0.04011566009908274,0.033438667070563845,0.10630849055298415,0.14726257330722162,0.1152812960085463,0.08024254933573066,0.12354805128191519,0.11707686490613659
693,0.0,0.137125357440636,0.1001968416373686,0.03981117941113473,0.03251572232349397,0.10685826580244721,0.1467435079896818,0.1164997870619138,0.08021480562031878,0.1226604288020697,0.11737410391099865
694,0.0,0.1361020746918104,0.1024281843866252,0.03921428856299394,0.030812803715965106,0.10772712581144674,0.14582541572582275,0.11880414059591729,0.08006879698263603,0.12126171169509606,0.11775545783174973
695,0.0,0.1355822058474389,0.10355233276289957,0.03893849436345511,0.03003383535340423,0.10802979063115341,0.1454206989745968,0.11989547459008432,0.07996124498552643,0.12075438615531918,0.1178315363361854
696,0.0,0.13507572650822147,0.10492823224726935,0.03846234151732164,0.029211920698178562,0.10895323892404243,0.14377920357231114,0.12161470043365577,0.07987906728840338,0.11993937400672072,0.11815619480393896
697,0.0,0.13468112021779918,0.10619404075622979,0.03800160184821745,0.028540073102800705,0.10963959402981281,0.1422886476183413,0.12313531963457375,0.07980838843115781,0.11949471320603983,0.11821650115509094
698,0.0,0.1339935577410506,0.10835883736432332,0.037327290982002784,0.027539255629871168,0.10993170424690468,0.14078615072990366,0.12522411803050404,0.0795525389402145,0.11965642823826145,0.11763011809702761
699,0.0,0.13423264707618174,0.10922083952599286,0.036719525432749506,0.027449929497705354,0.11033306251345833,0.13870463747579523,0.12647669433769718,0.07966472660878351,0.12028453547135765,0.11691340206034267
700,0.0,0.13389949787959077,0.11013940924191422,0.03656701194369825,0.0271326030142535,0.10988825958741726,0.13863481504370806,0.12707838910491134,0.07947253502676646,0.12089685996158452,0.11629061919621958
701,0.0,0.1337959203860005,0.11162084435314579,0.03610369232241542,0.02698149914280859,0.10894435690483573,0.13774722219327273,0.12816792371198488,0.07923850292092767,0.12283216199644187,0.11456787606823096
702,0.0,0.13278619469835387,0.11348785758418913,0.03612690480264022,0.026405761760129088,0.1074709972922205,0.13847927035236718,0.12904741622429308,0.07855430593428092,0.12424680454073334,0.11339448681085679
703,0.0,0.13317305843191435,0.11385328458157351,0.03587339401137168,0.026759593994290162,0.10675546974441467,0.137734770384246,0.12931684424887854,0.0785295091120266,0.12584105522890596,0.11216302026244276
704,0.0,0.1330241567222186,0.11450934975758106,0.03584244148776447,0.0267884168919655,0.10591779725876689,0.13772124799991212,0.1296161152468759,0.0782908673471107,0.12695871753707236,0.11133088975079686
705,0.0,0.13290944298194124,0.11511617612625606,0.03583060788664037,0.026866853452623234,0.10503826794658477,0.1376996839551305,0.12987188955229323,0.07805255851541558,0.12811722948070572,0.11049729010247372
706,0.0,0.1328310924036786,0.11567100232196117,0.03583809771109318,0.02699358786550835,0.10412151098546035,0.13766630097254756,0.13008390303984513,0.07781809898519598,0.12930636550891003,0.10967004020586424
707,0.0,0.13129925214679183,0.11815784190371201,0.03625887232087838,0.026582805663860863,0.10142768425299241,0.13874710704126184,0.13111109005590643,0.07657616825491627,0.13157216657681245,0.10826701178293235
708,0.0,0.13210289315590473,0.11796865381246684,0.036151095088725015,0.027381522221900996,0.10038379450487325,0.13798940287543215,0.13087557564263821,0.07662084204144366,0.13344502261019883,0.10708119804648111
709,0.0,0.13585242117697105,0.11512830433543839,0.035855397967192185,0.030240845647924255,0.09847871237851596,0.1357072718870323,0.12883123832308616,0.0780193042433372,0.13759596713581934,0.10429053690474772
710,0.0,0.13573502776825883,0.11613908520510671,0.036493501349408285,0.030912837516618497,0.0955252216714956,0.13549168846549625,0.1288965770218547,0.0774836997466881,0.13999106472670403,0.10333129652843384
711,0.0,0.13718528197200794,0.11502484515859727,0.03671636050380206,0.03215722396769415,0.09413423363074312,0.13469903176396156,0.12789176039778172,0.07808588541355338,0.14156844544214722,0.10253693174977653
712,0.0,0.13928627055018966,0.11341981019199392,0.03732488825653258,0.03405097164494296,0.09167995395522491,0.13344362814551045,0.12628697459296337,0.07904656104261605,0.14362398395895457,0.10183695766113669
713,0.0,0.13881583963173214,0.11457104611465875,0.03820689345817817,0.03432234599688031,0.08943282510520244,0.13275254337170259,0.12644583337585172,0.07861175232698706,0.14408359617432223,0.10275732444455002
714,0.0,0.13951137375454953,0.1140683879861257,0.03855432985748843,0.03495090860648798,0.08853700462387445,0.13211130223904666,0.12584214704110083,0.07899645440021622,0.14438143640701187,0.10304665508416391
715,0.0,0.13987293033089362,0.11410957318803144,0.03918950498664427,0.03547687503183102,0.08714581674643493,0.13121729699399953,0.12537731138629535,0.07919337403818402,0.14440835134362362,0.10400896595412776
716,0.0,0.13994075369321557,0.11485518031685706,0.04034610701660195,0.035933293142822356,0.08494381816258699,0.12967730373463773,0.12483040925189075,0.07927068128991863,0.14381377002091827,0.1063886833706164
717,0.0,0.14094368179212385,0.11400146336663308,0.040713584483639716,0.03659221704926863,0.0843958581063665,0.1287124867523503,0.1239047828466184,0.07998027424762111,0.14348119992003389,0.10727445143541024
718,0.0,0.1420010563951329,0.11308113734168637,0.04109652598527713,0.037249363290962685,0.08390786210650511,0.12769023396454945,0.12291003798190177,0.0807685960633751,0.14301739247494621,0.10827779439572906
719,0.0,0.14311183009913953,0.11209603967811427,0.041494501280497705,0.03790227924096682,0.08348236680508103,0.12661097263960588,0.1218451766214634,0.08163622571188392,0.14242338502335175,0.10939722289996155
720,0.0,0.1442796789422898,0.111270435020982,0.04213806361746327,0.03853219807379639,0.08284801310771985,0.12503392885604914,0.12052162284447167,0.08265576108258185,0.1413022358750276,0.11141806257968442
721,0.0,0.14882847320263676,0.10772848450169319,0.043966343791960814,0.04038713305673301,0.08214478764816256,0.11960473862195173,0.11533457195574107,0.08681076287490072,0.13673427107034714,0.11846043327593915
722,0.0,0.1503389239789636,0.10631864525556653,0.04438530164283569,0.040949061445349995,0.08229760788735216,0.11814696283084015,0.11373997365248686,0.08820524988609076,0.13538403787145428,0.12023423554912618
723,0.0,0.15321233073960294,0.10431209396344018,0.04525240973372915,0.041652956125273706,0.0827283767582698,0.1146888198518714,0.11010479873369515,0.09099354504258345,0.13252030415620533,0.1245343648953951
724,0.0,0.15738545140804364,0.1013164828285292,0.046032936435695095,0.042560107246202315,0.08392227964573523,0.11032883658831837,0.1048404321314383,0.09492458228646748,0.12948761365699654,0.12920127777263996
725,0.0,0.16188339684317476,0.0973836545667714,0.04680928203988147,0.04343873414507419,0.08582925912168911,0.10617195576720495,0.09961778697733045,0.09918571018274817,0.1259569926589149,0.13372322769727696
726,0.0,0.16661635193240484,0.09326056916865076,0.04756781235136546,0.04415308723120556,0.08819840314606324,0.10186361614076986,0.09397529587215994,0.10366305321531057,0.12258658581637953,0.13811522512575683
727,0.0,0.1686083999918736,0.09143772769942737,0.04794318428622972,0.04438308213644916,0.08930545164952275,0.10006507680832144,0.09159573627428277,0.1055678164185054,0.12106717980934636,0.14002634492610805
728,0.0,0.1745123240083258,0.08655252780749124,0.04865688451899703,0.04497456704822134,0.09280374656252338,0.09477676382899432,0.08421090468253464,0.11091983438786204,0.1183729802292712,0.1442194669258459
729,0.0,0.17966547397481986,0.08170488988715813,0.04983955462188887,0.045007467733023276,0.09627838550477294,0.0902646952547053,0.07776975930274413,0.1157015903087753,0.11489837861991781,0.1488698047922614
730,0.0,0.19331912596306802,0.06783171292142527,0.05466036906807631,0.04411725787861371,0.1056625624288024,0.07902237451738651,0.0589054898368349,0.12835358845151676,0.10707315670289705,0.1610543622314463
731,0.0,0.19507133964304846,0.06636695929879871,0.05514621225162708,0.04392783762371053,0.10711793759760338,0.07731595163033972,0.056237879220720925,0.12960508148372243,0.10749022321887414,0.16172057803162188
732,0.0,0.19678441195487603,0.06496108948778713,0.055628509701124526,0.04371186477412331,0.10857988631003536,0.07562809053402605,0.053590757218146746,0.13074282901036138,0.10814243868293935,0.16223012232664738
733,0.0,0.2009577466743202,0.06191924718557361,0.05659658194242189,0.04299896842859583,0.1125243314364868,0.07128033653626345,0.04709346056751155,0.1328162431363271,0.11147994463845684,0.1623331394541102
734,0.0,0.20321830552084139,0.0600150882460398,0.057464155340875275,0.04257380839731115,0.11440960917323977,0.06915441342355658,0.043338864268857163,0.1339928934423845,0.11322193485267391,0.16261092733428817
735,0.0,0.20531516460590205,0.058326747541784664,0.058303465666856895,0.04214029709740214,0.11619705459000977,0.06710999035693913,0.0397185525520716,0.13485371206117724,0.11553901966640398,0.16249599586152028
736,0.0,0.20744871334352818,0.057081731987654726,0.058816503353953324,0.041548851538640026,0.11865538607631958,0.06449500181155324,0.03615314759954191,0.13493763783922516,0.119724926072292,0.16113810037735962
737,0.0,0.2104612194874723,0.055159383614488015,0.05998534303623873,0.040634359105408996,0.1216107095497761,0.06118350330133657,0.030694202608824557,0.1348318465797452,0.1262263114738989,0.15921312124287873
738,0.0,0.21286306144070236,0.05419554615523529,0.06056384624621987,0.03974702014779147,0.12497110389551433,0.057610816210647516,0.026490191430378812,0.1334160257287033,0.13448872574890788,0.1556536629959676
739,0.0,0.21481792933586832,0.05347420531705071,0.06131124650040908,0.03888696181231229,0.1273614653863921,0.05491822961740319,0.02277942425344251,0.13171754898174132,0.14228736025623911,0.15244562853920995
740,0.0,0.21567976478849213,0.0532549529770432,0.0616751507586,0.03845750761137234,0.1284876838865131,0.05360771247806166,0.021068556587876278,0.13061873341769892,0.14650681247411304,0.1506431250202977
741,0.0,0.21764896949541818,0.05311853718303975,0.062452625002309275,0.03738911512914488,0.1314969095591732,0.050048246430326127,0.017155997178048405,0.12693601908996588,0.1586583355964738,0.14509524533616924
742,0.0,0.21826539202975664,0.05322820558230509,0.06277640053884764,0.03696257368255802,0.1324366203254665,0.04883853844383949,0.01581064811994575,0.12525639117155551,0.16351488754841592,0.14291034255737803
743,0.0,0.21959551304169264,0.053878286081321586,0.0634919216649373,0.035971744922772005,0.1349337307555815,0.045492444581521935,0.012855509678256225,0.12018690053188676,0.17703608716072058,0.13655786158137848
744,0.0,0.22063877074060995,0.05533584230348241,0.06428372280886746,0.03501507850716629,0.13766403196276475,0.04130096287085572,0.010223242653489652,0.11280137402354405,0.19468308508369378,0.12805388904559506
745,0.0,0.2208474485726188,0.0564913712139883,0.06461332823842209,0.034351494697303794,0.1379970019547446,0.04026720211541489,0.00941447796116715,0.10899651825774634,0.20215031176361759,0.12487084522504568
746,0.0,0.2209234558868162,0.0576775941737492,0.06501015686189662,0.03400115193078956,0.13896734232154137,0.03826889557928417,0.0087622178091773,0.10464906672706377,0.21115750722361987,0.12058261148613131
747,0.0,0.2208355286345165,0.05926070770054836,0.06522511447553252,0.033437684393135665,0.13894323490004135,0.037367358513684834,0.008450392154402851,0.10039776698000182,0.21862356297733512,0.1174586492708703
748,0.0,0.22068173202776115,0.06034830009733567,0.06541101221151074,0.03318672207155883,0.1391111175857236,0.036438324818149355,0.00835131688875252,0.09736746242565945,0.22404097281078073,0.1150630390628375
749,0.0,0.2204624724409076,0.06151469590386104,0.06558329517609063,0.032963151812319236,0.139201848517985,0.03553050762994298,0.00835944248256243,0.09426948058124522,0.22938798342128483,0.11272712203387056
750,0.0,0.21947185444125966,0.06587408960516687,0.06557407576732122,0.03231064836003659,0.13802910317535155,0.034103634776283434,0.009035908992850344,0.08507115658108874,0.243335102088751,0.10719442621196033
751,0.0,0.21898479075364882,0.06734366893784585,0.06568188423830384,0.03221879188744021,0.137821610522033,0.033270831354181615,0.00943387713712278,0.08183610361430681,0.24820836076271527,0.10520008079247138
752,0.0,0.2171751068078447,0.07334089342413769,0.0645646887358905,0.032230923774636454,0.13440668276715614,0.03343216062618205,0.011217091880073627,0.07318766546352926,0.2586575878375783,0.10178719868304081
753,0.0,0.21643067314223952,0.0750724845170373,0.06460386033150511,0.03228658765497235,0.13393573003023637,0.03265992292396572,0.011933762740918615,0.07002224766819254,0.2627715183295848,0.10028321266141715
754,0.0,0.21564386992992776,0.0768492688995782,0.06463153891985908,0.03237651783096745,0.13339576530862807,0.03190346565856511,0.012721675591748723,0.06688999518548881,0.2666576022277055,0.09893030044760089
755,0.0,0.21439659313846962,0.07997860613958524,0.06419401455279825,0.03267086795619465,0.13179503564245845,0.0314889764278364,0.014026465241477092,0.0625980498067571,0.2712135829209714,0.09763780817352136
756,0.0,0.21350439540560037,0.08185565595900604,0.06419129925980324,0.03285022472436223,0.1310985016261398,0.030769351556778787,0.014965158372998976,0.059610490632783855,0.2744722964186687,0.09668262604392776
757,0.0,0.2111130016659199,0.08542463291826694,0.06557874586412116,0.03327841510141428,0.13091931235672336,0.026984081249429463,0.01763494766069125,0.05152578210135806,0.2837536993209435,0.093787381761202
758,0.0,0.2088379946281914,0.09066758926974186,0.06497168306909903,0.03415217183743531,0.12782796395860158,0.02606512657309275,0.020377827030614203,0.045224354545343966,0.2881484023078466,0.09372688678010341
759,0.0,0.20555068597009923,0.09891059895087839,0.06299085653553509,0.03595441218916202,0.12195909733636844,0.026126527172890164,0.024204081803468683,0.03834908973076746,0.28985936017072655,0.09609529014017405
760,0.0,0.2045195702304824,0.1008442060017331,0.06290685995326603,0.03648510183104302,0.12073603994951373,0.025564696777074607,0.025392287016297824,0.03644689274807958,0.29033323992496224,0.09677110556761756
761,0.0,0.2030346305341846,0.10424124902907261,0.06212307791636716,0.03745840442103178,0.11819022421478531,0.025491222694308324,0.0270327299488767,0.03424000536747388,0.289686865340715,0.0985015905332547
762,0.0,0.20057982330497012,0.10943491615518053,0.06118151881152887,0.039182932474333826,0.11421138639216222,0.02497068792240862,0.029743852509643925,0.031146216318809077,0.28773831558855556,0.10181035052247771
763,0.0,0.1995947559815102,0.111217506941858,0.06107744825329326,0.039877032327110394,0.11282442702809621,0.024495716010700608,0.03085755312987397,0.03006118790981511,0.2868218964140851,0.10317247600372742
764,0.0,0.1982056011055392,0.11440782841122847,0.06020210236434635,0.04110561620488461,0.11008974129928427,0.024563326271125178,0.032277999355201765,0.029125770216117487,0.28414961023412255,0.10587240453822064
765,0.0,0.19514359947338134,0.12326001087844715,0.05599566254578448,0.04467280319515508,0.10210685193492519,0.026923700443297737,0.03456493358192342,0.029547954108481954,0.2734624896808148,0.11432199415785936
766,0.0,0.19383690858701438,0.12474353091885235,0.056686328733587685,0.045721028332620046,0.1005747524144738,0.025597472430205763,0.03610504333221283,0.029108861978987727,0.27107572570721733,0.11655034756489868
767,0.0,0.19269157443336637,0.12602392394038417,0.05735151854066049,0.046876861128733405,0.09892088780290635,0.02435494593355089,0.03757117736481671,0.02904709171818496,0.2683375084715752,0.11882451066589199
768,0.0,0.1911039614048128,0.1295775586783373,0.056353259397458604,0.04932787481704077,0.09471739468878665,0.024349886831046705,0.03897852979450093,0.030710241203800483,0.2608465563742366,0.12403473681004995
769,0.0,0.19027484548503645,0.1317509731674836,0.05545698846752158,0.050887327678900175,0.09206650119476456,0.02468320157103882,0.03951474345140458,0.03227334590380905,0.2557759185579609,0.1273161545221513
770,0.0,0.18911959688043514,0.13397446306770408,0.055270923181531685,0.05388120718619327,0.08767780730202868,0.024081729461458708,0.04085153132777726,0.03554804716588262,0.24732563710378164,0.13226905732327834
771,0.0,0.18891222084213538,0.13337571791844163,0.05664769150144818,0.055848667518626605,0.08534274350789411,0.022566103438173914,0.042257698804100886,0.037720160537380316,0.24352884491308827,0.13380015101878215
772,0.0,0.1888644490618706,0.13367044776496173,0.0565694451210059,0.05694865884919162,0.08383797935373659,0.022490082273601403,0.04249538032602339,0.03926932121702728,0.24086648668947053,0.13498774934318256
773,0.0,0.1890914277647886,0.13311032353343577,0.05714485412346534,0.058612345557199796,0.08181569625908765,0.02185030013362276,0.0431593469352331,0.041499565618026535,0.23785536787014358,0.13586077220506862
774,0.0,0.18926731960877785,0.1331176899106755,0.05705020684208607,0.05976812464001626,0.08030874607161391,0.021846988720174987,0.04326467464375629,0.04326684147862473,0.23545476385938885,0.1366546442249574
775,0.0,0.18949358385734102,0.1337382771705803,0.056235449919972626,0.06151902631265046,0.07792406877137806,0.02241440715541301,0.04290209901919845,0.046259330650386746,0.2313309713857981,0.13818278575735315
776,0.0,0.1898437774252213,0.13348179971529395,0.056151261007170584,0.06268470991286836,0.07648500394969898,0.022462013819578384,0.0428888753450099,0.048156933980620674,0.22930601862634112,0.13853960621826877
777,0.0,0.19075692488884072,0.1320504198369462,0.05665870465854527,0.06448529911713452,0.07444882314762288,0.02209317543172487,0.04322261152924428,0.05089416063946975,0.227372953404738,0.13801692734580553
778,0.0,0.19254917005476285,0.12916258240327524,0.05761106727697522,0.06703374832055345,0.07172174930862382,0.021463734795276215,0.043809415030682475,0.054606386454694254,0.2258922591505845,0.13614988720464427
779,0.0,0.19406359071375837,0.12711103050177336,0.057924371988830825,0.06899825205258478,0.06962015561508336,0.02133768398446759,0.043922335880984424,0.05756922083302715,0.22492400906040289,0.13452934936915958
780,0.0,0.19581264092753442,0.12481495846231708,0.058159955294716105,0.07101014876263578,0.06752145175440123,0.02130539245958307,0.04395115508256231,0.06057192459099023,0.22442590551401423,0.13242646715131792
781,0.0,0.1972636548658332,0.12425308751414338,0.056785003953476104,0.0733419292707307,0.06497304239227725,0.022507313555146995,0.04248034776152279,0.06481768232874595,0.22246591162162097,0.13111202673657532
782,0.0,0.2004462943788038,0.11988328499154408,0.057324930407710514,0.07609008049940012,0.06229273060311043,0.022473980857031416,0.04263025335989494,0.06862395044088522,0.22401090345866925,0.12622359100302305
783,0.0,0.20203414618465124,0.11854482724245156,0.05655018440378637,0.07782736735452177,0.06064088586742292,0.023223806300126448,0.04167656434466531,0.07145173387206846,0.2242386033896063,0.12381188104077247
784,0.0,0.2046093716487065,0.11527970383478554,0.056615360781472335,0.07981157982261007,0.05880605692211579,0.023492532634443963,0.04150960682721279,0.07411011765939568,0.22620509423763321,0.11956057563169702
785,0.0,0.207675882282175,0.1118296701586348,0.05609585945767224,0.08223022819794192,0.05671592173914915,0.02421186733209058,0.04075881071406966,0.07739123171184922,0.2287919855114096,0.1142985428950809
786,0.0,0.21061184495763505,0.1081913955267634,0.05602592055312933,0.08416548012774103,0.055055574348103965,0.024616567796218285,0.04055769191861915,0.07969990505447057,0.23183521870123877,0.10924040101615358
787,0.0,0.21296297449751217,0.10608733342220682,0.0547741682531721,0.08607292815904243,0.053805317762204694,0.025662033757037572,0.03923423143362169,0.0820818130339945,0.23462146307122855,0.10469773661005287
788,0.0,0.21501310532028764,0.10397491069506422,0.05401968191335754,0.08748110717946458,0.05295488779264102,0.02633234454908071,0.038514578112435895,0.08353016157978682,0.2373785831800187,0.1008006396779363
789,0.0,0.21763996098772853,0.10159618455821204,0.05233074150050621,0.08934298345232836,0.05238992221502198,0.02741187351417944,0.03720721162294803,0.0848722315295559,0.24162124870649285,0.09558764191310005
790,0.0,0.22012711262872064,0.09919933479000569,0.0506955279318794,0.09086862151230315,0.05242540898207168,0.028258075983675315,0.036339878813380834,0.0850497990863676,0.24618982691309974,0.0908464133585695
791,0.0,0.2253462320072453,0.09261797999344731,0.05051746976159722,0.09300571226044542,0.05115651529050336,0.02914544094577894,0.036640527106882974,0.08547949454830994,0.2539157015228743,0.08217492656298907
792,0.0,0.22718190266598895,0.09036279888201132,0.0502933730249505,0.09371237076477143,0.05090678973991227,0.029492952112827944,0.03674520148524927,0.08532508902592277,0.256667159033697,0.07931236326474246
793,0.0,0.2295911301836139,0.0877568049077831,0.0483889012469973,0.09466765919648437,0.05239870120239716,0.03000009310529661,0.03698689556271462,0.08246984094310866,0.2614186482455863,0.0763213254060918
794,0.0,0.23137343309495012,0.08550328564451011,0.048219203450944166,0.09518919843215504,0.05234416373573333,0.030324539924743384,0.03731815423480835,0.08174503355189419,0.2638442279851506,0.0741387599451846
795,0.0,0.2332067667353271,0.08321393804015627,0.04765120550182762,0.09566859153979586,0.052865247217608484,0.030630598311770018,0.0378718348336779,0.0800111150132746,0.2663972945394228,0.07248340826721332
796,0.0,0.2349547045135993,0.08097990797918657,0.0474926386658168,0.09609157247465694,0.05291164792575083,0.030959494202307866,0.0383176369901289,0.07901603997776033,0.2684248476525335,0.07085150961833311
797,0.0,0.23668810381372665,0.07875817368521754,0.047332618886926005,0.09647807599259443,0.05299659275562559,0.031293861319157526,0.038801662970344764,0.07793519088071896,0.27025064505946694,0.06946507463629564
798,0.0,0.2401078750262885,0.07438311981382488,0.04736701174767255,0.09721292387129944,0.0526800177289609,0.03203286454854482,0.03953758842519644,0.07669156342685358,0.2733432662642482,0.06664376914718483
799,0.0,0.24482937955781914,0.06802224352734533,0.045791141309982006,0.09766958828448163,0.055246778050411324,0.03286555257249827,0.04283327412278271,0.06890279290672345,0.2743288879217062,0.06951036174632427
800,0.0,0.24600333443667835,0.066217387790783,0.04502573640143781,0.09746293941309508,0.05683960743854635,0.0330808526118547,0.044727137336044304,0.06454535856699416,0.2724007237379344,0.07369692226670635
801,0.0,0.2474388967541864,0.06428217695653879,0.04493093321187942,0.09750716334088241,0.05714824082596578,0.03349542098667612,0.045514360813588096,0.06288185669224915,0.27171830136315006,0.07508264905495837
802,0.0,0.254531724078277,0.05488673119801325,0.044985945325402496,0.09772032221345037,0.05775491747178649,0.03588459405592141,0.04825503039599874,0.057553769734977916,0.2667663779935424,0.08166058753270439
803,0.0,0.2550859711694504,0.05362464898618536,0.044349251359575875,0.0971854113947968,0.05935057172347392,0.0363214210583164,0.05059736333765693,0.05295486940599157,0.26018279572219866,0.09034769584242881
804,0.0,0.26366363015343486,0.04247127786259811,0.04533178074020044,0.09662565658539672,0.05955240697046131,0.04022898255334864,0.05142627130001839,0.05098670964194993,0.2490039589486167,0.10070932524404963
805,0.0,0.2663446778754101,0.03870405648971275,0.04551979236938544,0.0958884802051984,0.060425855594170914,0.04192490557028306,0.052035960429096036,0.049706633243102066,0.2406726420243115,0.10877699619940462
806,0.0,0.26846291413847606,0.0355517917021425,0.045679646978957565,0.09491014415539067,0.061569159939801374,0.043630403330461046,0.052517809481407725,0.04866854731684159,0.23112073791141466,0.11788884504518193
807,0.0,0.2694345692202285,0.033857049306178506,0.04570542239400434,0.09406307475231582,0.0626178186485442,0.044797516555047975,0.05305804580452714,0.0476679900436712,0.2229598638789693,0.12583864939658831
808,0.0,0.2701241692769379,0.0324591584352103,0.04574048871346907,0.09310727959850608,0.06375857926499237,0.04597673388515277,0.053540909650705494,0.04679200393460596,0.21428956078869713,0.1342111164517983
809,0.0,0.2701781741064849,0.0315145126063739,0.045611242794540145,0.09186511957292764,0.06531522041322979,0.047316601002603174,0.05484191105008854,0.04480496203936278,0.20130815511195074,0.1472441013025139
810,0.0,0.2702673224769636,0.03072645889884829,0.04571610493292623,0.09069200003032252,0.06657720446730782,0.04854571892822504,0.05519090976931884,0.0442079217006355,0.19179323141405516,0.1562831273814726
811,0.0,0.2700149591193396,0.030528422922735866,0.045708986256964,0.08998009391378485,0.06735468214023589,0.049269976080765464,0.055771015772194,0.04337372953468748,0.1849524428952523,0.16304569136411623
812,0.0,0.2688586719831724,0.030561022700724857,0.045666850824144054,0.08832653203781933,0.06898442022895944,0.05108998258635332,0.05767373605822163,0.04077886603674723,0.16718062842158568,0.1808792891223481
813,0.0,0.2677486301419417,0.03071891777868618,0.04587932619366135,0.08676683436302757,0.070306116033025,0.05278728772093874,0.058594005923492426,0.03954454550465738,0.15349129062207256,0.19416304571857335
814,0.0,0.2654324005231912,0.03154192545899523,0.04673536678732622,0.0831652109496706,0.07369766800437362,0.0555526728996979,0.057571023198711525,0.041007093251096784,0.13551634538503005,0.20978029354198297
815,0.0,0.2630654403280631,0.03294388993437949,0.04724498639031875,0.08075979263188109,0.07591427517456752,0.05729395396879112,0.05718941107413871,0.04168905025081449,0.1240395754759147,0.21985962477120738
816,0.0,0.26023608063713166,0.03446550838791084,0.047748619457510355,0.07886902889077889,0.07699885375815627,0.05958711022342641,0.058472260995678295,0.0403322199182833,0.1090142357560398,0.23427608197516064
817,0.0,0.2565232167895866,0.03682408998372216,0.04856553005301812,0.07625827959711509,0.07886065963825614,0.061900802883340086,0.05855223342822271,0.040581840968182334,0.09689968136804089,0.24503366529059242
818,0.0,0.24849568775554357,0.04272525162869321,0.05007447316915549,0.07103749534125954,0.08319313142770045,0.0651592041233526,0.057519131091735835,0.04283951948656309,0.08345642116259075,0.255499684813482
819,0.0,0.2459749723086337,0.043841031078156435,0.051049385384992416,0.07022078464138135,0.08243841193910109,0.06760956591848603,0.05850902536104784,0.0416860560284612,0.07698916838045014,0.2616815989593666
820,0.0,0.24251788278148181,0.04482851287516059,0.0531412461250002,0.06974431018802112,0.07950935418363023,0.07235587180968689,0.05957228074785287,0.03971793662000897,0.07125339425565534,0.2673592104135787
821,0.0,0.24067559842942776,0.045886014931679237,0.05383667113638968,0.06903547867801038,0.07942266395962357,0.07360040059696414,0.05945774728257668,0.0398831429415999,0.0707780301587958,0.2674242518850095
822,0.0,0.237323658441773,0.04812084861926506,0.05479809130555881,0.06753491555433325,0.08010014084450304,0.07503768115282027,0.05909433896336164,0.04070220129685272,0.07110448241867358,0.26618364140293527
823,0.0,0.23304380623918888,0.05016231652883299,0.05688763711724303,0.06650561115686907,0.07856958988535351,0.07868691616279344,0.05875692981606975,0.04080808708886497,0.07363487734136244,0.26294422866349887
824,0.0,0.2279001383672275,0.053759789210602545,0.05819394635034834,0.06439396835487211,0.07977559973074569,0.0801534898351382,0.0582806645311951,0.04233382750530007,0.07795233177763959,0.2572562443370077
825,0.0,0.2234869566798863,0.055664831226398315,0.06058503482389603,0.06377644633996751,0.07766482612521135,0.08388758828098586,0.057679655024984545,0.042740516756543355,0.08553477079821616,0.24897937394398786
826,0.0,0.21981260963998608,0.058012200552712036,0.06174154064918498,0.06266237292666053,0.07783743328398121,0.08514229925572882,0.05740563486559049,0.04374134747440833,0.09130555561367319,0.24233900573815156
827,0.0,0.21704692977754117,0.05834998277835577,0.06418038515385056,0.06313038418784041,0.07450698442460714,0.08902828724793857,0.05651333971682422,0.04382101372904307,0.10050113648380801,0.23292155650026874
828,0.0,0.2150314707524367,0.05928469160898779,0.0651891043854947,0.0628837870318767,0.07378351887316069,0.09030578809344042,0.05619272841612082,0.04430056779597251,0.10553584768769002,0.22749249535489743
829,0.0,0.2113624493804818,0.061500317797917786,0.06644068249173515,0.06202989297800384,0.07368641409144984,0.09143023966273617,0.05597685947567394,0.0454333984129238,0.1134245274293488,0.2187152182798068
830,0.0,0.20769765487892194,0.06369330765581183,0.06770445720458168,0.06124868511481019,0.07352771744645477,0.09245810269018817,0.05582776705646627,0.046624207490521014,0.1218382425737839,0.20937985788853836
831,0.0,0.205370943372568,0.06406300397238575,0.06960977070190234,0.06167261626113974,0.07122002265403124,0.09499776579850451,0.05503580463641358,0.04720901323397246,0.13112493240941464,0.1996961269597459
832,0.0,0.19820724229429262,0.06814710180601656,0.07222747862012893,0.06050043422918771,0.07060870993980821,0.09662682009322544,0.0549610341350306,0.049954766007780434,0.14963591591816355,0.17913049695644437
833,0.0,0.18947463071375703,0.07252534140127041,0.0759965278035055,0.059737277931314336,0.0688522330144099,0.0986770862613237,0.0549416218143773,0.05404136039908326,0.17486296624045983,0.15089095442057696
834,0.0,0.18477071880527163,0.07531115246194879,0.07756769323924596,0.058976665956819586,0.06879376965060816,0.0985457075279421,0.055615042953420034,0.05671462635820333,0.18671891015453257,0.1369857128920863
835,0.0,0.18248363152551467,0.07439761169680847,0.08059964467143191,0.06055203603812876,0.06495763827273396,0.10180077787306288,0.05413368764071855,0.058348323678356746,0.1992968272395113,0.12342982136381145
836,0.0,0.1805234269597051,0.07402355414704621,0.08275983468419874,0.06151254150175135,0.06256145059388431,0.1037477487085746,0.05324785390227251,0.059894855016275235,0.20816411038826177,0.11356462409810891
837,0.0,0.17270739759214757,0.07887015889859197,0.08513055355116014,0.05990622433911655,0.06348483209048168,0.1010651818296235,0.05584403197743588,0.06629088205303994,0.2231203216723241,0.0935804159961574
838,0.0,0.16791283442494045,0.08044399506241354,0.08801041753489866,0.05990015439218372,0.06224450293969745,0.10032007492388445,0.05683461226820132,0.07190433988106097,0.23335972906692756,0.0790693395058707
839,0.0,0.15881976439197779,0.08403061045276715,0.09380016964530179,0.05716238614339804,0.06262589294431299,0.09016177523918958,0.06362117483832103,0.0962758341924465,0.2373006654177636,0.05620172673460056
840,0.0,0.15844537419515087,0.08330863251894614,0.0949024851889165,0.05754625854921645,0.06179579990290334,0.09003292267832735,0.0635714788625849,0.09870877305525692,0.2361603966563966,0.05552787839238001
841,0.0,0.15811374915560913,0.08253427910030114,0.09601846521059688,0.05792268062425425,0.060994252111056815,0.08987205543879405,0.06352543129091275,0.10118153022191848,0.23458003779078176,0.05525751905585396
842,0.0,0.156922455402072,0.07976916268214349,0.09963908162491689,0.0598884169941825,0.05801473333286095,0.09144743545300983,0.06230990009520193,0.1055018819851264,0.23014828831858358,0.05635864411198176
843,0.0,0.15659545656608534,0.07888633268780922,0.10084842185030639,0.060212250065100135,0.05737533495486921,0.09116339898866137,0.062333085999072495,0.10799191015565035,0.22714713425087282,0.057446674481652076
844,0.0,0.1563038031270688,0.07796370838611978,0.10206827955403262,0.06051874944240439,0.05677685229098926,0.09084418121480577,0.06236820894767363,0.11048985211667257,0.22375576135151054,0.05891060356880205
845,0.0,0.1560460080802042,0.0770035478913984,0.10329831535138669,0.060806145307215585,0.056220971282698526,0.09049013297156948,0.06241643583689098,0.11298867108369842,0.21999183599902392,0.06073793619599337
846,0.0,0.1550609143879397,0.0747931800463012,0.10617385068502984,0.061980448418661724,0.054685315232431905,0.09097388684121388,0.06207993717938027,0.11659315587836748,0.2124898495500092,0.06516946178074468
847,0.0,0.15439952620968103,0.07318472789213129,0.1082595192227074,0.0626218284213819,0.0538752886320467,0.09088460681407798,0.06209576617113678,0.1195038981939086,0.20584401770505065,0.06933082073795754
848,0.0,0.1546502530666543,0.07109809359774592,0.11057797497376165,0.06230170205707625,0.05377705937933999,0.08860059330407886,0.06273537304589807,0.1255522474018239,0.19418738420956805,0.07651931896413304
849,0.0,0.15488531117232376,0.0693494147573522,0.11241608507755724,0.06217157449175097,0.053636727453266565,0.0871637251119532,0.06307204564090932,0.12971106701778531,0.18515108244068332,0.0824429668364983
850,0.0,0.15484001164537256,0.06817534436284507,0.1137172304220748,0.06224615025478012,0.05347253204572154,0.0865493683474284,0.06326092762259446,0.1319480342406457,0.17925322381557932,0.08653717724303839
851,0.0,0.1548144004432191,0.06698424073911141,0.11502548985596107,0.06228932904340491,0.053360185594860055,0.0859068338113356,0.06347189915448667,0.13411786806817577,0.17321651926495343,0.09081323402457225
852,0.0,0.15529105448333397,0.06501156458027796,0.11695133721028843,0.06203030936398369,0.053390525245803365,0.08440939667890224,0.06374216195631464,0.13800631684874168,0.16347288663407222,0.09769444699836219
853,0.0,0.15345620673496319,0.06101815420545403,0.12206920311364947,0.06269837062660549,0.05352282564409761,0.08310614145480502,0.06590133312557381,0.1421504993800446,0.1405916560428469,0.11548560967204045
854,0.0,0.15700189990491395,0.05415197550094533,0.12808820544162008,0.06041917055395032,0.054795162314695854,0.0777090299547157,0.06535408666308284,0.15251741293648213,0.11388447966451642,0.13607857706515783
855,0.0,0.1579057455918018,0.05183280344181262,0.1302066196239547,0.05979093163501518,0.05528404969296339,0.07619046830708563,0.06544603600833211,0.15501640794700305,0.10533064232714703,0.14299629542496514
856,0.0,0.15949838648531903,0.046947687303298014,0.1348218778417068,0.05836381231774966,0.05669397163577415,0.07297992290658845,0.06642852687223066,0.15871275550631672,0.088183204473872,0.1573698546572254
857,0.0,0.16051657973465325,0.04458637190612411,0.1369686338147992,0.057603158808935497,0.05735541742988609,0.07154348647051029,0.06643549549119303,0.16019283395564954,0.08194032531894023,0.1628576970693897
858,0.0,0.16225606257728867,0.039832266022655355,0.1414835276648489,0.055868339299688714,0.05917636789380241,0.06842177517834162,0.06752270160871027,0.16136129409920746,0.07106021735060722,0.17301744830493065
859,0.0,0.16047141308980742,0.03872905895256169,0.1438655904202288,0.054622974312908835,0.06181979484403214,0.06603377886199555,0.07318522751669139,0.1565350756507424,0.06679728735221808,0.1779397989988947
860,0.0,0.1600136018825374,0.03777392526875212,0.14535408018237447,0.053836460962723307,0.06316131006294658,0.0647588744064272,0.07528595688490544,0.15428199937054846,0.0660481165055173,0.17948567447334884
861,0.0,0.16228907744281235,0.031502707297292085,0.15194587136806859,0.05080637635807739,0.06644710804028504,0.06096347020490713,0.07558753458368775,0.1510086588112293,0.06821138674916945,0.18123780914455226
862,0.0,0.16375522336140458,0.026904025040713233,0.15704675811324073,0.048390725798279764,0.06938347970196132,0.05792213601291938,0.07654152005635934,0.14529075073342662,0.07810885084773465,0.1766565303340417
863,0.0,0.16434854263084717,0.02449977697634033,0.15989622458457073,0.04703963375998382,0.07122330196225929,0.05616098491818678,0.07745634337543558,0.14053968927501947,0.08765832379722328,0.1711771787202151
864,0.0,0.164361272953075,0.023240816397706622,0.16169106154461058,0.04601551813680904,0.07280414822243197,0.05469741864229753,0.07917397259512189,0.13569631902349907,0.09698121963744628,0.16533825284708364
865,0.0,0.16507529441801924,0.02100093832473831,0.1641540842193828,0.04527928573813333,0.07395881346139227,0.05368014505576655,0.07854583330937119,0.13191099956445249,0.1073157493029082,0.15907885660591742
866,0.0,0.16497836828383508,0.01968257206837827,0.16620938443119138,0.044165476068922176,0.07601750620183811,0.05164311273932504,0.08120739804741074,0.12376705731578642,0.1250071805354329,0.147321944307962
867,0.0,0.16485827901530437,0.019325844724551584,0.16685066647377372,0.04384584608773108,0.07669406993883246,0.05100548445024074,0.08209994050440744,0.12092954737747454,0.1312766079014916,0.14311371352627464
868,0.0,0.16447419738755345,0.01850634994470271,0.168470840095605,0.04311576860071062,0.07852194403991317,0.04916564026097292,0.08473939563106006,0.11230664348981252,0.1508870648482272,0.1298121557015249
869,0.0,0.1643966945301465,0.01774761470047087,0.1694892082068467,0.043086890330664304,0.07919902976094138,0.04854434178674083,0.08502113944362216,0.10847175069215269,0.16069119198618773,0.12335213856230948
870,0.0,0.16417229049543142,0.017625038615485443,0.16987973041970433,0.04299013005147626,0.07972286208698805,0.047992309819694115,0.08590456396634485,0.10554988310729627,0.16738670191818653,0.11877648951947553
871,0.0,0.16369664560492053,0.01750124178458902,0.17050954567607754,0.0429329190344948,0.08065707841855675,0.04693596056391749,0.08762989082150013,0.0997647565109507,0.18071339564658764,0.10965856593848816
872,0.0,0.16294234410329098,0.01695546220696564,0.17146510462189965,0.04407799487280527,0.08162630733779731,0.045458959766717565,0.08928379947353747,0.08948008227947891,0.20558018999652372,0.09312975534106646
873,0.0,0.16202267739827186,0.016503521665668996,0.17123958302654388,0.047493933265903523,0.08102241010347086,0.0452337825150354,0.08897377289829501,0.08198495623956709,0.22323477902525188,0.0822905838620744
874,0.0,0.1617528624491234,0.016841760608864824,0.17089913117738872,0.04802279666640201,0.0810545488633026,0.04479840632916279,0.08990149880741051,0.07949195662748973,0.22830636731099752,0.07893067115994093
875,0.0,0.16077823741283054,0.01819389601220179,0.169104124537964,0.05082453534444049,0.08049016355767974,0.04369489091076081,0.09247996556102572,0.07166893155163816,0.24323534777240113,0.06952990733914091
876,0.0,0.1601025466975728,0.019603123116591712,0.1677632734516427,0.052182479318292084,0.08028919799190169,0.04267228355894519,0.09478733932340269,0.06636210720750362,0.2525586336125073,0.06367901572172377
877,0.0,0.1594265984496326,0.020392773873988804,0.1665396592197309,0.054071435076956394,0.07964304451225103,0.04252117654071021,0.09573581892252774,0.06369080791508147,0.25588182738806464,0.06209685810113969
878,0.0,0.15905845300782084,0.021017652286198115,0.16579393624225383,0.05498629761981111,0.07933356574484982,0.04230589753647137,0.09647211580718941,0.061938999648607766,0.25815872964091163,0.060934352465969586
879,0.0,0.15801408587979537,0.02266370301040379,0.16338830258164552,0.05812911523823276,0.07806730059522583,0.04209078162786903,0.09814117917204192,0.058083907717976516,0.2613788901822471,0.0600427339946461
880,0.0,0.1576388004729272,0.023386367722333486,0.16247071645556768,0.059187651809979064,0.07760859445423501,0.04198491954412689,0.09878213829938795,0.05668213702959526,0.2623747293004015,0.05988394491152991
881,0.0,0.15689726166114862,0.02451569989359806,0.16061560783879425,0.06157184166555094,0.07654101141259442,0.04205779069500338,0.09983822602064654,0.054777739700246075,0.2621689437807694,0.06101587733173234
882,0.0,0.1565317734151722,0.025299151959048548,0.1595751383621364,0.06272215121070919,0.07597591988533227,0.04203773191678192,0.10040575429751682,0.053626202580968056,0.2622746641626454,0.06155151220977334
883,0.0,0.1561595045336329,0.026508290127539563,0.15840342950902897,0.06372946142924135,0.0753610045861863,0.04197105060681507,0.10084132060972784,0.05215744136429727,0.2629345306064879,0.06193396662712703
884,0.0,0.15572883052229497,0.027782738570749418,0.15721353374691213,0.0647703975274081,0.07466428631637621,0.042071979046355665,0.10102781759651892,0.05098706467684652,0.26291701718735094,0.06283633480927144
885,0.0,0.1535402435382504,0.0317748763583748,0.15020582090956094,0.07294164317366324,0.07027443291174638,0.04346811819247713,0.10366344919990557,0.04809879575074636,0.25190929521386185,0.07412332475149776
886,0.0,0.1525668033137146,0.03457358522189858,0.14618095169976184,0.07691049526251081,0.06757091661550352,0.0448420735434905,0.1038301919603462,0.04747491082904153,0.24439300866362276,0.08165706289019459
887,0.0,0.15160929984921523,0.03698646613257753,0.14203037861125492,0.08116833938476474,0.06479449185106481,0.046387614490166235,0.10440495719508253,0.04726745508748343,0.23556130444474546,0.08978969295373022
888,0.0,0.15132544231328868,0.03841125216603892,0.14057738871080405,0.08220501047488846,0.0635930400335827,0.04755518709378494,0.10312984600608048,0.04786299426277607,0.2322166457528446,0.09312319318599636
889,0.0,0.15071933307473076,0.03986345038668511,0.13772931306143477,0.08514396940729842,0.061670269233147654,0.04877631743221773,0.10358919600498517,0.04798134779041373,0.22579950404945082,0.09872729955972108
890,0.0,0.14930262424733534,0.043367627618281696,0.12859184087631612,0.0947412261681245,0.05595262006479457,0.05188628042681539,0.10703501832768748,0.04771427424082781,0.20652873362056395,0.11487975440933842
891,0.0,0.1493348794109206,0.04518940367326413,0.1271162606672722,0.09500843809499854,0.054418621003225025,0.05445300488179444,0.1034199456526646,0.04974894206011956,0.20320539422571196,0.11810511033011448
892,0.0,0.1491040467244438,0.047062454846589885,0.12406587909909865,0.09728272208507684,0.05209377299116612,0.05712514597990696,0.1016530908513162,0.051240312557488565,0.19709598780340348,0.12327658706159508
893,0.0,0.14889395344024925,0.048411050674025444,0.1209857286624947,0.09998044061151387,0.0499756617180092,0.05915731888486482,0.10128429033626139,0.052032810742286745,0.19132967766949477,0.1279490672608856
894,0.0,0.14877416518053097,0.04971834773341741,0.11789671856078832,0.10259338446975386,0.047858688316013163,0.06132315911210333,0.1007368314320308,0.05291119883675244,0.18594288548660967,0.13224462087208583
895,0.0,0.14876818623213775,0.05059911324714358,0.11638978688701634,0.10354678235868274,0.04669311270603598,0.06296637164456478,0.09947622606445054,0.053874823376961624,0.18357582972416997,0.13410976775892264
896,0.0,0.14877766382031066,0.05146892893812539,0.11489434952611151,0.10445494210814951,0.045530689057320356,0.06467965780939487,0.0981302992340115,0.05488584274019273,0.18139536063990275,0.1357822661265667
897,0.0,0.1488247453147558,0.05285295397487059,0.11347710155090103,0.1046239415668596,0.04413865477618013,0.06759132319937562,0.09476519245175423,0.05700999469460093,0.1799068396778131,0.13680925279297507
898,0.0,0.14889486574848448,0.053993289054488226,0.11049642410114434,0.1069093520100162,0.042077808693785364,0.07022013158002449,0.09359845455938702,0.058179898425616584,0.1760826448460408,0.13954713098109858
899,0.0,0.14907764263363588,0.05561790062007716,0.10762052457763785,0.10827078108433501,0.03982859258299687,0.07423703037331955,0.09017085696559846,0.06057911650537594,0.17365919678908795,0.14093835786802153
900,0.0,0.1491925091534148,0.05640150679978726,0.10621195452555288,0.10888013613564596,0.03872291219635146,0.07633145714069023,0.08834599436690951,0.061831597283870506,0.17279811968069012,0.1412838127171736
901,0.0,0.1494908897104742,0.05735077716017752,0.10336406392892815,0.11080095000243584,0.03679453535875818,0.0793106394890187,0.08659733903941212,0.06321311383142607,0.17073150252165137,0.14234618895780432
902,0.0,0.14988966535560427,0.05880362480001984,0.10064629231307513,0.1116430076106617,0.03471713939578238,0.08380655938901568,0.08249470173300281,0.0659089600388069,0.17052359945929907,0.14156644990481865
903,0.0,0.1502835735998961,0.062023539462980365,0.09816425898257393,0.10930563533958434,0.03205118790145231,0.09289752333804809,0.07187513606649965,0.07251748608559727,0.17537676382449233,0.13550489539896193
904,0.0,0.15118531912564606,0.06261822430959364,0.0943114756719447,0.11183327457861793,0.029710130930054555,0.09723958410121403,0.06914332865874773,0.07439048342867359,0.17562152402032544,0.13394665517526885
905,0.0,0.1515158427290893,0.06319118470623147,0.09308800413999635,0.11189536562426242,0.02884016448521931,0.09971624055021538,0.06677960813429173,0.07589428941783376,0.17702243990361344,0.13205686030933333
906,0.0,0.15228827690735308,0.06363643593055628,0.09065575222022781,0.11296691693455878,0.027402328575532476,0.1031557349634495,0.06398871222614395,0.07764749230370459,0.1786898985160782,0.12956845142248197
907,0.0,0.15308720030777467,0.06527113641379474,0.0883550106363228,0.11154962251846146,0.025708298191033437,0.1097230462556579,0.057145914003093386,0.0820335200553067,0.18432119391458146,0.12280505770406024
908,0.0,0.15459766433042446,0.06525934889481176,0.0849951919159383,0.1131982897280461,0.024094690620994334,0.1140852599545768,0.05349297243123393,0.08416297419389428,0.1877186905016941,0.11839491742847302
909,0.0,0.15567228055886134,0.06600460799355223,0.08286933218483106,0.11245299268473474,0.022969586387502208,0.11900966587306357,0.0485167953356248,0.08732264806095141,0.19277184740518463,0.11241024351578123
910,0.0,0.15624514034009074,0.06633091921020835,0.08183693866562997,0.11201947871244392,0.022465947487276216,0.12143381331488709,0.046058604484356454,0.08889594001191574,0.19540022272973587,0.10931299504354289
911,0.0,0.15954596206022845,0.06510819846399196,0.07704819500335305,0.1143729395403575,0.021138020188372384,0.1269855473328965,0.0404421283683452,0.09174523504303897,0.20252530837612776,0.10108846562337531
912,0.0,0.16019826423775077,0.06596582373895424,0.07612110897518208,0.11234199866155127,0.0207486084221541,0.13076537736395555,0.036446585246516394,0.09456215510288635,0.20697654863531748,0.09587352961581906
913,0.0,0.16088217141253192,0.06678133457773656,0.07517715601442929,0.11028334896552706,0.020402017881567036,0.1343938713977714,0.03277945444328057,0.09725656064446767,0.211177898237289,0.09086618642548687
914,0.0,0.16160120513191548,0.06754899082827066,0.07421445519106673,0.10820654315798729,0.020097323215351647,0.13785201720954612,0.029472652874553435,0.09981007532929484,0.21507062670789776,0.08612611035420334
915,0.0,0.1623705427786068,0.0676433480022858,0.07333314892000416,0.10744636665664477,0.01995990070177585,0.13983561274526476,0.02749497305537365,0.10120620034392652,0.21751578140774433,0.08319412538846079
916,0.0,0.16316144574831448,0.06770914208075,0.07246434685504566,0.10666365115650835,0.019861362115277333,0.14174436526127662,0.025615498017107507,0.10256088834792325,0.21984980648577448,0.0803694939321098
917,0.0,0.16397361112802505,0.0677463499393193,0.07160730651530713,0.10586120370852774,0.0198008069006705,0.14357403299161303,0.023841619824431125,0.1038696989978801,0.22205676648034703,0.0776686035139667
918,0.0,0.1656505662615808,0.0671516199491022,0.0700631237990291,0.10551522532088188,0.019911138587709248,0.1458154952682255,0.021258846948844536,0.10546660113541541,0.22533493884302272,0.0738324438862763
919,0.0,0.16741805952582509,0.06822877244100141,0.06811421583652387,0.10116915249691256,0.01980246202793455,0.15101173167162735,0.017724046113485634,0.10926019378163201,0.22962479633052674,0.06764656977461869
920,0.0,0.16932685568432806,0.06849842083036796,0.06627051052573642,0.09822537062347558,0.019920346227835253,0.15442072476240562,0.015936631060634275,0.11161970380293325,0.23178894481986326,0.06399249166250832
921,0.0,0.1703683930107081,0.06880584796388363,0.0652177687595558,0.09618262917015571,0.019946193128768944,0.15624340389155264,0.015689535146280395,0.11276378936208738,0.23212190158233295,0.06266053798476257
922,0.0,0.17146238451123577,0.06903294869494289,0.06413635274844597,0.09420189146881859,0.019985650610305838,0.1578041386273251,0.015968119339788703,0.11363315534850214,0.23183086128476602,0.06194449736595717
923,0.0,0.1767925430117078,0.06726676554920691,0.06001004443641662,0.09059092711087777,0.021149528888908108,0.16056374362362658,0.017457865174015635,0.11473849127400969,0.2289449074244432,0.06248518350687547
924,0.0,0.17989090279123118,0.06514535367782555,0.0581905685667689,0.09077624853028686,0.02235494959327373,0.16053575479387394,0.01736777021636246,0.11460109061654518,0.22779125587421709,0.0633461053397031
925,0.0,0.18101199030451048,0.06467887409974245,0.05739690338100966,0.09014785781199319,0.022661319168343057,0.16056117639248768,0.018475269518571837,0.1143092841331153,0.22610102060652837,0.06465630458378606
926,0.0,0.18214044875701116,0.06419197960913607,0.05660423901707508,0.08955023062394515,0.02296909427275792,0.16048501508507235,0.01976022709023011,0.1138991600229642,0.22418943489252158,0.06621017062937458
927,0.0,0.1842347615016333,0.06287075262470473,0.055367521569098216,0.08938483383411513,0.023804609853430806,0.15991721983966217,0.021048552593209452,0.1131954035614439,0.22180187667682544,0.06837446794596524
928,0.0,0.18571945113339144,0.06291043024240499,0.053896199354357875,0.08706058067113444,0.023645495404758177,0.15966379397418418,0.026657385938657973,0.1113514966283881,0.21497239508654428,0.07412277156626693
929,0.0,0.18688368742512124,0.06232580882645734,0.05309057922433872,0.08664013540380196,0.02391838592962868,0.15917891922860045,0.02873215436674477,0.11037741893072034,0.2121562756533551,0.07669663501131989
930,0.0,0.18804778132358818,0.06172729662536446,0.052285171544779255,0.08625920307972365,0.024179747060402292,0.15860904560779412,0.030968788142476233,0.10928213313746933,0.20917204592685654,0.0794687875516344
931,0.0,0.1892100165698664,0.061116529428118016,0.05147997130351757,0.08591892807358781,0.02442729084995484,0.15795798810429598,0.03336278091384113,0.10806636243287321,0.2060320396230003,0.08242809270103324
932,0.0,0.19060224734576584,0.060669554009135984,0.05029846011456315,0.08487633661926357,0.02437145230469186,0.1570602084439263,0.03833089322581895,0.10580293411387687,0.200135289317031,0.08785262450601512
933,0.0,0.19284413348350848,0.060489480966755486,0.047930149799746906,0.08196113868561979,0.02335996052674212,0.15513489164279076,0.051642648900300486,0.0999561353568262,0.18580741986455537,0.10087404077324284
934,0.0,0.19408496258766195,0.05970685765357384,0.04706621544806071,0.08192805872605834,0.02347080810721674,0.15422637874452366,0.05479319019710099,0.09806615822258415,0.1820628932133953,0.10459447709991276
935,0.0,0.1965212800060487,0.05814010055691198,0.04535211166606063,0.08198874881815077,0.023628206858598455,0.15225175107276323,0.06139847650827792,0.09400192494720383,0.17442896890843376,0.1122884306576393
936,0.0,0.1985859607432006,0.056572955854895,0.044033326691460185,0.08271271469364551,0.02403841279994408,0.1505019748874666,0.06550920948207664,0.09094600449953938,0.16945174328424648,0.1176476970636141
937,0.0,0.19973554662136672,0.055819525050071775,0.04318723934820934,0.08285946264021819,0.024038545311628027,0.14938532500828094,0.06909285350354163,0.08865447497186657,0.1655680729542352,0.12165895459067033
938,0.0,0.20164115688560968,0.05438202506180212,0.041897900696729974,0.08368683590003645,0.02434343436857354,0.14743356686106507,0.07358874622775462,0.08530892138492213,0.1605668895247047,0.1271505230888906
939,0.0,0.20335147742242105,0.05356287900365488,0.04030933349472767,0.08317359567329367,0.023494635961728672,0.1454888513595658,0.08303305916502883,0.0798788786703129,0.15146571476515133,0.1362415744842042
940,0.0,0.2044176773682157,0.05282998664119311,0.03946662636703371,0.08351116502115176,0.023365712257975662,0.1443196134881163,0.08683138557260234,0.07729564143189213,0.14777127580001678,0.14019091605189155
941,0.0,0.20545345144654745,0.052114597141283914,0.03862809063370487,0.083885634813978,0.0232079626943775,0.14314614940432419,0.09065326532925018,0.07466870338560508,0.1441555254368889,0.14408661971412914
942,0.0,0.20645665395578977,0.0514191784966843,0.03779413790595772,0.08429559462095398,0.023021695186759734,0.14197316415798414,0.09448821486759297,0.07200609135553442,0.1406316287879644,0.14791364066486776
943,0.0,0.2085549300848776,0.049783589353142345,0.036076767666390466,0.08614519524774601,0.02314647008356258,0.1390271542823229,0.10067240968137015,0.06695423382333222,0.13513029304174365,0.15450895673560144
944,0.0,0.21004400362135284,0.04891985863978286,0.034575858520363795,0.08625632581967756,0.022045748721895207,0.1373015451427098,0.10964196645631286,0.06121380466595639,0.1277534727533293,0.16224741565870887
945,0.0,0.2115287298311204,0.047998162212901,0.03308790688879619,0.08650821908980001,0.020964703938689426,0.13577953052547062,0.11812159409728293,0.055635079305772585,0.1213093004994649,0.16906677361079175
946,0.0,0.2127042676106058,0.04713259890630158,0.031812532506858136,0.08789710312573666,0.02062633489657725,0.13395540446252574,0.12298716017508345,0.051732680138721704,0.11793605392741181,0.17321586425026766
947,0.0,0.21338375797497217,0.04666816172901963,0.031023254723108913,0.08854527526047438,0.02024736100170127,0.1329821563198088,0.12647216653151436,0.0491349893714407,0.11564930172455302,0.17589357536349656
948,0.0,0.21490613305845982,0.045719442299852336,0.028641443113059776,0.09135617665128316,0.019323951459855254,0.12935691222926804,0.13587691655261785,0.04172866922602978,0.1104194175686817,0.18267093784098223
949,0.0,0.2153521126497411,0.04566042463886354,0.027117712100176546,0.09341917594523388,0.018660720433805383,0.1266531120509093,0.14185753707462798,0.03708615601716317,0.10792463422053165,0.18626841486903753
950,0.0,0.21557645356994048,0.04560320385764415,0.026437845770006425,0.09409439499104734,0.01819087660942199,0.12580147230989416,0.1448515356117862,0.03489855761128861,0.10665828881672929,0.18788737085233148
951,0.0,0.21628184767647265,0.045145768718823275,0.025198349328482934,0.09481386924870334,0.017160225449832697,0.12530007236165036,0.15028203676619928,0.031019365949853647,0.10442385942281518,0.19037460507725704
952,0.0,0.21593610428543925,0.04587288781507147,0.023789721001052835,0.0967920823848481,0.016320949051661402,0.12289193885972187,0.15548201048792262,0.02726135071380434,0.10346422657613738,0.1921887288244312
953,0.0,0.21587065361518368,0.046076887927532346,0.02316847043900421,0.09745284901139255,0.01588741568872937,0.12226799839831838,0.1577403813845126,0.025688827003080603,0.10313682281456986,0.1927096937177669
954,0.0,0.21574636608079584,0.04633514900130903,0.022559683651883333,0.09810357626220438,0.015471690213202228,0.1216881589279474,0.15983517847818077,0.024262369431883972,0.10298731659526293,0.1930105113574206
955,0.0,0.21509925457535006,0.047236959303988836,0.02164992908728106,0.09930256189517914,0.014836605225374387,0.12028054359780536,0.1630270428629477,0.02222167730887368,0.10309562295922461,0.1932498031840657
956,0.0,0.2147951384911442,0.04766195739294923,0.021089905437063516,0.09990775638982086,0.014468827512597031,0.11978036600575565,0.16473168845948163,0.02117791388931128,0.10334162207817658,0.19304482434379047
957,0.0,0.2110310337916095,0.05215226255457208,0.019164917341760488,0.1027757817795129,0.01285481431753815,0.11537196497582368,0.1719374999880279,0.017753371079932145,0.10574493225690378,0.19121342191440993
958,0.0,0.20763897604839104,0.05596907991431117,0.018116569828901783,0.1042169738635518,0.011977200304303966,0.11283104939225576,0.17541780752830693,0.017198150921424172,0.1087406888084206,0.1878935033902234
959,0.0,0.20569200011818867,0.058127129971428985,0.01769249000717254,0.10476786835853738,0.011639699640624255,0.11161340344516672,0.17668121093147576,0.017509361380466906,0.11054277002441372,0.18573406612261567
960,0.0,0.2024803635229161,0.061582730604549316,0.017111452693403775,0.10540593856294217,0.011435948342942863,0.110083785932475,0.1775471250111742,0.01917328118363274,0.11387365097469325,0.18130572317136137
961,0.0,0.20135377844109137,0.06275788308907394,0.016872323830420134,0.10558387744050052,0.0115397129615529,0.10977151742440215,0.1773260522371335,0.020290098265768115,0.1152899945510566,0.17921476175909168
962,0.0,0.19643961238958713,0.06790514586985474,0.016345623616833206,0.10587032893258849,0.012149319035141392,0.10798578927036033,0.17608266227829003,0.0253326127389253,0.12059954522988961,0.17128936063862116
963,0.0,0.19515455029457282,0.06922053437140809,0.0161830386102212,0.10587847023629854,0.012552097619481556,0.10767688767605184,0.17517363748713088,0.027261318992443807,0.12216975610577276,0.16872970860670983
964,0.0,0.18980467232278483,0.07490676872749157,0.016151573050990235,0.10548501297900369,0.013453489157506365,0.10527642642852765,0.17346357860471123,0.03322897813002567,0.12683836172448545,0.1613911388745649
965,0.0,0.18698584671943433,0.07772047051365306,0.016028316159215645,0.10513559726448407,0.014879313113128364,0.10451483027946262,0.17054168940327707,0.038512042624398356,0.12992653685775446,0.15575535706528376
966,0.0,0.1854229562402197,0.0784161600428745,0.014875373514159436,0.10491563035291143,0.020471928387597135,0.10649218085388606,0.15926520670655478,0.05132753173726391,0.13616119195281984,0.142651840211805
967,0.0,0.1840679588129046,0.07977904206029021,0.01473996008594334,0.10470175082952925,0.021598914827150723,0.1059585691448637,0.15735963623649205,0.05447074284451619,0.1376123881652993,0.13971103699310258
968,0.0,0.1813409751368468,0.08249437908242513,0.014512263580910144,0.10420438104010293,0.0240532616883767,0.10475642069299936,0.15339712222718646,0.060987619047807085,0.1403687512921453,0.13388482621129202
969,0.0,0.17998873778708874,0.08383500691031623,0.014404047895782658,0.1039357338257601,0.025373676623509023,0.10408488441706794,0.15136396508145802,0.06432222731475365,0.14166496090441158,0.131026759239944
970,0.0,0.17594965969724027,0.08820745866325223,0.014646503730099127,0.1030431358228124,0.027093865069184236,0.10118910788652154,0.1494545418075328,0.07008301545530546,0.14340154831414872,0.12693116355399528
971,0.0,0.17460500897743714,0.0895070624927401,0.014605883321409862,0.10269794217114292,0.02856798263720134,0.10038469795047168,0.1473584819937986,0.07354365930559291,0.14451228124107646,0.12421699990922114
972,0.0,0.17210161931157672,0.09065445948198242,0.013363247476851857,0.10201641053366664,0.03859298403210882,0.09958691364398028,0.13257793886824978,0.09140638778687715,0.1508876978991061,0.10881234096569231
973,0.0,0.16721347081968013,0.09569418504798992,0.013640291321815136,0.10084399239559201,0.04262833080806704,0.09476243910773985,0.1290493450268399,0.09999009658432005,0.152134023093842,0.10404382579420607
974,0.0,0.16380689357798384,0.0989907792405836,0.013887470846724436,0.09992964452505056,0.046448955035239874,0.09102519556223286,0.12560341552673115,0.10706285791363034,0.1532046602701,0.10004012750181579
975,0.0,0.16282639720703942,0.0995024150605254,0.013685359185672732,0.09976747127010524,0.04963121866772021,0.08969763715839564,0.12215389820880264,0.11163560002116005,0.15437953108683164,0.09672047213383947
976,0.0,0.16192817798562664,0.09990235430023563,0.01348529327435347,0.09968450557990868,0.05277211286986847,0.08828361924022936,0.11893222518647349,0.1158520996589778,0.15548339483287835,0.09367621707154075
977,0.0,0.1580141267290994,0.10402070614199405,0.014379835044403468,0.09851847118645851,0.05543157217364859,0.08313288194298747,0.11801904264156313,0.12073205515547275,0.15529730152854995,0.09245400745591534
978,0.0,0.15466280254053438,0.10747884186235024,0.015526838791356794,0.09724803068243876,0.057908525745339424,0.07828642855358939,0.11706513825524217,0.1251738136675531,0.1553853229221586,0.09126425697952992
979,0.0,0.154310616248724,0.10599070112338514,0.014996764587415397,0.09802408953041285,0.06435518195793041,0.07642094719855749,0.11108084519936445,0.13064205255963843,0.15759602101219927,0.08658278058246519
980,0.0,0.15404405216532463,0.105120989692749,0.014820849417039697,0.0986723327647882,0.06789197244542652,0.07481603946833255,0.10826574102062664,0.13290380504202615,0.1589235489404875,0.08454066904329202
981,0.0,0.1535361749345599,0.10529374809096681,0.014993101012325163,0.09878368420516123,0.06911636224493616,0.07357756123029495,0.1075986198322893,0.13363092142725336,0.1592552806772559,0.08421454634505023
982,0.0,0.15327665286048092,0.1047707124985009,0.015028962189994615,0.09932140346193893,0.07118464372495407,0.0722252028762966,0.10625488729529857,0.13435309189610092,0.16009768649469677,0.08348675670183078
983,0.0,0.15079229876426437,0.10712350178024854,0.016792621052179643,0.09862638557784892,0.0725986449087576,0.06759898849607532,0.1063988753368116,0.13508857000549893,0.16028697423396937,0.08469313984443873
984,0.0,0.15034284589539035,0.10675653630384181,0.017432013864308562,0.09902963379989656,0.07408790903174409,0.06601400548187061,0.1054847573651335,0.134693701578617,0.16133562856496192,0.08482296811432864
985,0.0,0.15046397168304035,0.1048455620283284,0.01799308826233153,0.10053508263666032,0.07617647454859258,0.06481533764916166,0.10404027306058976,0.13226868580211043,0.1634263554923989,0.08543516883687924
986,0.0,0.14982545842029418,0.10463617513579061,0.02118660289668811,0.10031468257877299,0.07570559022412238,0.06273019502415521,0.10290989988315902,0.1289014309303784,0.16636799232783656,0.08742197257889565
987,0.0,0.1505286244673317,0.10256333114334615,0.023236282865429118,0.10108504271923255,0.07484422135373876,0.06361693064481978,0.10122460262254407,0.12401025557338913,0.16968475733214916,0.08920595127811302
988,0.0,0.15159400698186776,0.09928373969440617,0.0244614148900789,0.10333875213143626,0.073563430958161,0.06627831304818094,0.09986084223356474,0.11562169567100289,0.17291583472484354,0.09308196966655113
989,0.0,0.1528812271401949,0.09627540629472797,0.02624529255948773,0.10502538570375564,0.07104138974146325,0.0697847130461256,0.09804433643169518,0.10724257617500096,0.1762455222002604,0.09721415070738182
990,0.0,0.15353542357553543,0.0951577337097616,0.027356947203012464,0.10523305855918941,0.06970531366463234,0.07162885457898226,0.09662779213082619,0.10453732992280017,0.17785747432565666,0.09836007232969707
991,0.0,0.15474402499002157,0.09313516921488935,0.029104408646008308,0.10565592824772752,0.0672971814243291,0.07522688087727482,0.09411398497732466,0.09953434291274166,0.18053322139665806,0.10065485731311882
992,0.0,0.1560163180966206,0.09055862302358933,0.030521882765916258,0.10706145041451046,0.06409711385261398,0.07996237860322743,0.09201208479573325,0.0909232700185506,0.18282930815218426,0.10601757027714787
993,0.0,0.1585058659043298,0.08759371028283254,0.033737321807179824,0.10586480127780559,0.06067221138689747,0.08694802115479257,0.08544131650959608,0.08736692686193669,0.18752647794146907,0.10634334687325449
994,0.0,0.15953888878139968,0.08631735205893691,0.03484930177834067,0.10555603108089855,0.05917893810279544,0.09002931354385621,0.08291908300952813,0.08503467773103088,0.18923857040739323,0.1073378435059145
995,0.0,0.16097128108057043,0.08414988081021033,0.03642050486721961,0.10629659509126475,0.05477198819014144,0.0971973683714169,0.07910976107007175,0.07364912693171502,0.19032502851990202,0.11710846506758184
996,0.0,0.16149296070510633,0.08352369321408373,0.036980663981714235,0.10611049377716635,0.053891248009495456,0.09912245429558544,0.07761040140295121,0.07180803021803653,0.19085760031825166,0.11860245407770342
997,0.0,0.16316400255457678,0.08179846879706693,0.03860914113727925,0.10534334339800337,0.0510830493725682,0.1053068525445416,0.07277880260726437,0.06505605267980383,0.19182598663792402,0.12503430027106616
998,0.0,0.1645918056759085,0.08044859533051157,0.04004232079071026,0.10391953147311733,0.04985030918251597,0.10983793342164708,0.0683166022634494,0.06228357743026657,0.19307496486538264,0.12763435956658534
999,0.0,0.16560330831947595,0.07967822806353479,0.04092318080273452,0.10279125484812598,0.0491023276287803,0.1128890983822271,0.06525604665964921,0.059713976835898665,0.19344975711181012,0.13059282134785824
1000,0.0,0.16619321088619154,0.07944850406102649,0.04129155018757606,0.10211902524592457,0.04861633180917694,0.11457502015227963,0.0635972568183116,0.05719465341885258,0.19295549266504164,0.1340089547557138
