time_step,weight_0,weight_1,weight_2,weight_3,weight_4,weight_5,weight_6,weight_7,weight_8,weight_9,weight_10
0,0.0,1.0,0.0,0.0,0.0,0.0,0.0,0.0,0.0,0.0,0.0
1,0.0,0.9995614631386189,0.00043848876955441353,4.808918971680321e-08,2.6369776629353557e-12,0.0,0.0,0.0,0.0,0.0,0.0
2,0.0,0.9936647163287565,0.006331640351828682,3.6418037237132077e-06,1.5153866732715303e-09,3.047949769167864e-13,0.0,0.0,0.0,0.0,0.0
3,0.0,0.9839222783156543,0.016029601423485605,4.806162459829582e-05,5.8609148348575895e-08,2.7094639594549813e-11,1.9310755560642342e-14,0.0,0.0,0.0,0.0
4,0.0,0.9755643597434196,0.024313210097565645,0.00012215310830822077,2.768757766672836e-07,1.7472425574304642e-10,2.0609668536426117e-13,0.0,0.0,0.0,0.0
5,0.0,0.9651784272542232,0.034569046577536684,0.000251616400209752,9.089375174478853e-07,8.291367169562363e-10,1.376368839820446e-12,0.0,0.0,0.0,0.0
6,0.0,0.933177980647471,0.06592277412684225,0.0008917109931591105,7.523050674060601e-06,1.1134779587338415e-08,4.705428198308947e-11,1.923118892056363e-14,0.0,0.0,0.0
7,0.0,0.9123575392532176,0.08609029495166344,0.001538164035853134,1.3943251593356985e-05,5.834365815383246e-08,1.6372425243125134e-10,2.893302056660566e-13,0.0,0.0,0.0
8,0.0,0.9006003931376532,0.09739335765813883,0.001985741793620949,2.040500410498925e-05,1.0206938421266752e-07,3.363830223733819e-10,7.140262287019398e-13,0.0,0.0,0.0
9,0.0,0.8753664758319627,0.12145617373794676,0.0031374714685165586,3.95892146765952e-05,2.8845709481215697e-07,1.2864063067590503e-09,3.3926279009034313e-12,2.8424680303352243e-15,0.0,0.0
10,0.0,0.8619450658505023,0.13411518183776122,0.003884480218044257,5.482321542130045e-05,4.466178244078243e-07,2.253372276973705e-09,7.0641023651487926e-12,8.753550020350692e-15,0.0,0.0
11,0.0,0.848042115284394,0.14713171110096118,0.004750888037826527,7.46053398545236e-05,6.763869293793469e-07,3.836038300053502e-09,1.3970439189189573e-11,2.383785642480018e-14,0.0,0.0
12,0.0,0.8336958690843281,0.16045652440204716,0.005746673062518082,9.992355436900987e-05,1.00351481310274e-06,6.355437946792942e-09,2.6426281255762886e-11,5.786760472997713e-14,0.0,0.0
13,0.0,0.7883954592574847,0.20176951477059424,0.00961114354579081,0.00022093107543144863,2.9262613035449935e-06,2.4944689704633956e-08,1.4417361352570023e-10,5.291346730987792e-13,2.60298562533418e-16,0.0
14,0.0,0.7645235429281553,0.22310730987621227,0.012049034447534277,0.0003153017746778635,4.764158541442653e-06,4.65089940065739e-08,3.0454896796126636e-10,1.3312613554022044e-12,1.4159617802055232e-15,0.0
15,0.0,0.705129101744263,0.2752012917134178,0.01895067571942734,0.0007065523787192808,1.2187900126387884e-05,1.8932096601644415e-07,1.2134464505181326e-09,9.609941751285733e-12,2.0158601818365835e-14,0.0
16,0.0,0.6887700241418641,0.28890866986925623,0.02145620636195993,0.0008488126039133015,1.6031196339346344e-05,2.5390683850646434e-07,1.905214601182835e-09,1.4567957400049665e-11,4.246555943488476e-14,0.0
17,0.0,0.6634623812545629,0.30994734989544004,0.025437120394006543,0.0011296115027938551,2.3125325178062414e-05,4.0821598097656876e-07,3.383244198824778e-09,2.86842447847302e-11,1.0503679686042492e-13,0.0
18,0.0,0.6471414350112499,0.3230369632107474,0.028455729809604598,0.0013355486317082254,2.9779179133146705e-05,5.390365936015744e-07,5.077562817557848e-09,4.320267255418299e-11,1.9328605675068827e-13,0.0
19,0.0,0.6233875443233733,0.3412824492221646,0.03360874790540693,0.0016767529408534317,4.3698994510725685e-05,7.972025348691662e-07,9.331296069096945e-09,7.939465731933684e-11,4.602962842269043e-13,0.0
20,0.0,0.6072353432102522,0.35354056752502,0.03720220449943309,0.0019658396900266526,5.497636019380361e-05,1.0552684188240323e-06,1.3324888777072783e-08,1.2099065585244822e-10,7.703932500855152e-13,0.0
21,0.0,0.5837160725756066,0.37050664770239977,0.04324518953567257,0.0024530504374294312,7.743783233302574e-05,1.5791743516371493e-06,2.2515032835331677e-08,2.255742294087968e-10,1.5928792872163701e-12,1.0346811196619324e-15
22,0.0,0.5529334583293712,0.39140276232580296,0.052264135757326205,0.003278591910740318,0.00011828265246369711,2.726147636017438e-06,4.235403241097826e-08,5.188780340583415e-10,3.7317917996214825e-12,1.1166807475821227e-14
23,0.0,0.5150048545039712,0.41617711949818503,0.06399533171882382,0.0046269413617551405,0.0001906691558041939,4.992024774198638e-06,9.051517014523114e-08,1.210144833590629e-09,1.1315814707042787e-11,4.946646903904409e-14
24,0.0,0.48645528779777936,0.4322753238514967,0.07497952769198347,0.0060079254284175964,0.0002736108176116023,8.166026560472949e-06,1.5586069379829607e-07,2.501785573670206e-09,2.349538421913111e-11,1.6903641152754347e-13
25,0.0,0.46581183939077336,0.4435070842439398,0.08312207487425494,0.0071933174113833305,0.0003542719900197513,1.1170280410397938e-05,2.3790574393394947e-07,3.859744982090197e-09,4.340190278542313e-11,3.199742115634496e-13
26,0.0,0.4461302274429208,0.45265417876465647,0.09214849594236468,0.00859810478340445,0.0004530703637920115,1.5568260123073896e-05,3.481144936932112e-07,6.254548718104331e-09,7.303237442420999e-11,6.555345695065689e-13
27,0.0,0.43353567839786805,0.45808762015062054,0.09820238400194459,0.00962333404698204,0.0005314304174103322,1.9095183213217922e-05,4.4932701222303783e-07,8.369557379454039e-09,1.043902691593086e-10,9.92710752730687e-13
28,0.0,0.4099008136754584,0.46728071291306816,0.11016854324511667,0.011898131941007065,0.0007230853743857785,2.795320727779283e-05,7.449486174846095e-07,1.4480503955584929e-08,2.1239225540162312e-10,2.1636844095823636e-12
29,0.0,0.3824656054136156,0.47371407800529075,0.1272939141946744,0.0154440485964158,0.0010349918044263845,4.6034484874983514e-05,1.2969524437666226e-06,3.0092482098495986e-08,4.498402590721071e-10,5.927449753574388e-12
30,0.0,0.3627152668415061,0.4758812339478511,0.1410717627261922,0.018915955279424742,0.0013460678828445388,6.770887119883594e-05,1.9509989469329257e-06,5.2657685392531416e-08,7.81754960565933e-10,1.258678633690089e-11
31,0.0,0.3409937181627048,0.47510532029971053,0.15815554050739664,0.02378620603828199,0.0018518509769651584,0.00010399589293989028,3.2689963037097986e-06,9.749734486946485e-08,1.599916108678791e-09,2.8428232344125293e-11
32,0.0,0.32589009623788784,0.47179324324804145,0.17172943736464563,0.0280644547495643,0.0023757835951222104,0.0001418890077147137,4.940326774781191e-06,1.5256721597118988e-07,2.8517192985491024e-09,5.130571154810047e-11
33,0.0,0.3190639818100921,0.4692369482473874,0.17846602683509116,0.03038205254637804,0.0026797491633073637,0.00016501487351771224,6.0327182999609905e-06,1.8996955176894722e-07,3.76781259654826e-09,6.855381580857321e-11
34,0.0,0.3040420272021597,0.460151810253034,0.19501590121234652,0.036988774288432155,0.0035495382707830983,0.00024202992622818662,9.577993938650123e-06,3.3355786871006187e-07,7.15012775007817e-09,1.450731849770832e-10
35,0.0,0.2940477085383306,0.45081432180666925,0.20776460828979784,0.04261327900072998,0.004425643070225231,0.00032006640684412364,1.3856602188790977e-05,5.040737183285434e-07,1.1960633576185053e-08,2.508539812626075e-10
36,0.0,0.28570220267320506,0.4401853583542004,0.21999778545870996,0.04814534562584286,0.005536705563479837,0.000411617296822035,2.0225954387520616e-05,7.384802539567622e-07,2.0174271834652958e-08,4.1881862935212413e-10
37,0.0,0.27540351007898833,0.4156161358715822,0.23882224696482393,0.06190588521491745,0.007530334452483652,0.0006865339357786503,3.373453424157876e-05,1.5766258747676796e-06,4.1172666252087884e-08,1.1486352951245328e-09
38,0.0,0.2730883839972579,0.4084510216565382,0.2438180461093913,0.06554500928060171,0.00828298470573186,0.0007728712606763423,3.9751559600364216e-05,1.8780949533452513e-06,5.1894060638309736e-08,1.4411806002497146e-09
39,0.0,0.2698079046640409,0.3978296862377876,0.2511478565979392,0.07064491406038398,0.009606828161249067,0.000908942590534648,5.139313157323336e-05,2.39808514531488e-06,7.448737424266659e-08,1.9839638279208804e-09
40,0.0,0.2671357618962579,0.3867901075170177,0.25787281009279833,0.07599116820434956,0.011070035305724405,0.0010713273840391368,6.559377187426597e-05,3.0883657389915575e-06,1.0468156645284214e-07,2.780625593596005e-09
41,0.0,0.2654707530679285,0.37012398503141036,0.26483567228374216,0.08517331343433153,0.01293373165900976,0.0013718302859931659,8.606964998711286e-05,4.4861695461954255e-06,1.5384031874708075e-07,4.5777249656969306e-09
42,0.0,0.26380853774942203,0.3588130450867467,0.27005904329273067,0.09084264684943189,0.014763710786589225,0.0015987210551348316,0.00010838947782238934,5.686849090275193e-06,2.1258020038681049e-07,6.272824178570302e-09
43,0.0,0.2625225956434042,0.3474672303944419,0.2745549426229306,0.0966929375423883,0.016754883637113666,0.0018647996561605555,0.00013507209068189217,7.240649907385981e-06,2.890861813516007e-07,8.676782779799059e-09
44,0.0,0.26155470792120256,0.3361887775298568,0.2782932017999696,0.10270268024706745,0.018909258785623356,0.0021749887974236324,0.00016675292446679732,9.232064724367299e-06,3.87891575358188e-07,1.203808261418552e-08
45,0.0,0.26084754177345826,0.3250744730243298,0.2812511451277745,0.10884815770740298,0.02122773999761866,0.002534511685320762,0.0002041384075832267,1.1761036844553597e-05,5.145625490861502e-07,1.667711066153691e-08
46,0.0,0.26077880310577045,0.31366834724271797,0.2829285379489714,0.1158786948655742,0.023529327551552848,0.0029538569097171375,0.0002468580229994335,1.4873972605157907e-05,6.776434365252994e-07,2.2736647237841843e-08
47,0.0,0.2601488850463114,0.29649466319421364,0.28472902449467036,0.12647959140864876,0.028026799356526882,0.00375977822666659,0.0003383860918062589,2.177419690667882e-05,1.0601087146977543e-06,3.787552729263018e-08
48,0.0,0.260011800647257,0.28990760053502734,0.2847482853373809,0.1308678006004512,0.029924867737493963,0.004131033420948733,0.00038204990642976585,2.5253453524487222e-05,1.262179369483268e-06,4.618210991200925e-08
49,0.0,0.259857688484432,0.2835847499111108,0.2844349495591322,0.13522722921876376,0.031902885860611074,0.004531199765841861,0.0004305180146000316,2.922390811217398e-05,1.4991175434487093e-06,5.6159845210410675e-08
50,0.0,0.2594387060647553,0.2717999956924521,0.2828404296839577,0.1438154027391526,0.03609586794518049,0.005424948351973156,0.0005435852492055452,3.888237880621621e-05,2.0995307706357495e-06,8.236373913925811e-08
51,0.0,0.2587440901157676,0.26400465578298843,0.28108527453239573,0.1497281462067986,0.03955703946889635,0.006185219907756086,0.0006447658983348624,4.8016979477475786e-05,2.6816713440361034e-06,1.094362336323444e-07
52,0.0,0.25843210023494917,0.2538694193884419,0.2768009871709366,0.15866282590113,0.04403894103053745,0.00732718619153061,0.000801778969779551,6.290547345371995e-05,3.6979514845603866e-06,1.576877496017299e-07
53,0.0,0.2560490077543888,0.2445381795131054,0.27145098215398517,0.16709659213363728,0.050741704412673956,0.008982457876343695,0.0010476552870467097,8.773797324294093e-05,5.4359501344825215e-06,2.469454349141434e-07
54,0.0,0.25454875360235935,0.23592684701162622,0.26302666242915634,0.17701924321912088,0.057118027511368644,0.010880185206877039,0.001351996123753803,0.00011996027524307346,7.946361249730833e-06,3.782592385507932e-07
55,0.0,0.25327208389748107,0.23177673989795378,0.2574907033164507,0.18240495828791423,0.061150173553585215,0.012185828986184123,0.0015643179438763278,0.00014484453141890921,9.85926905462406e-06,4.903160746837612e-07
56,0.0,0.2519998073670777,0.22970312093292566,0.2538094539550075,0.1854411823273699,0.06404859302898881,0.013097967060387499,0.0017245470718029714,0.00016335657931360826,1.13945598667361e-05,5.771172532824008e-07
57,0.0,0.24996024791904206,0.2227472800745527,0.24029122616725695,0.1964097295043843,0.07167908974208745,0.016419300407396913,0.0022356831799109898,0.0002397239482608327,1.6729948542180726e-05,9.89108559162622e-07
58,0.0,0.24630634491868625,0.22020684491261644,0.22927644961263996,0.2027549476889816,0.07890506647224509,0.01942229901455067,0.002784500427725003,0.00031879905526186234,2.3291483322706318e-05,1.4564139641555707e-06
59,0.0,0.2443563649742301,0.21998872880007211,0.22495042313883265,0.2045884601533986,0.08202767841005967,0.020662165949169715,0.003043584097777398,0.00035424464044446393,2.667360925906474e-05,1.6762267500603204e-06
60,0.0,0.2401402708412207,0.22025193309398777,0.21625805453061225,0.207609027016597,0.08833422069060685,0.023312157132433786,0.003620924260971759,0.00043640253698669747,3.478829293761955e-05,2.221603639567041e-06
61,0.0,0.23496121669279163,0.22008492960293097,0.20259606792314971,0.21243554846310553,0.09663125628321474,0.028062833263881766,0.004570218057946047,0.0006046638461703883,4.977107060230665e-05,3.494796200932807e-06
62,0.0,0.2256456500600337,0.2252468696157677,0.1909647880397839,0.21148437415223414,0.10730786155927385,0.03257913497101343,0.005899878526138585,0.000792378683787426,7.40327089896428e-05,5.031682971578163e-06
63,0.0,0.22213588073015153,0.22579643166834207,0.18273938518014382,0.21284361921958544,0.11213831984904427,0.03650186164968738,0.006770713012410589,0.000975010803949466,9.202975372153826e-05,6.748132958431727e-06
64,0.0,0.219490857149651,0.2271442611283363,0.17910097711728656,0.21230548057962204,0.1151423147385478,0.038340466628423706,0.0072960945096454816,0.001068310263127223,0.00010358138412593657,7.656501228474915e-06
65,0.0,0.21581836397501153,0.22699916267861708,0.17016567236405827,0.21304727564342013,0.1199181105633973,0.04401671043963706,0.00851117410288311,0.0013797368595316647,0.00013275666392810966,1.1036709510484577e-05
66,0.0,0.21319314765758118,0.22834469585905784,0.16713167718973584,0.21182386811053835,0.12269123881531707,0.046013495010514355,0.009139182968496782,0.0015013839746873731,0.0001489195815580429,1.239083250801379e-05
67,0.0,0.20825006167833715,0.23157135537532378,0.1630240907556592,0.20863226739619609,0.12763731759411387,0.0487653859038648,0.010242117687569122,0.0016840874649162465,0.00017883750615762308,1.4478637856854911e-05
68,0.0,0.20566119464955152,0.23281561957087868,0.1604528912596066,0.20694626304139171,0.13023631093712204,0.05087856492487977,0.01096196804395221,0.0018312011262222364,0.000199701041932215,1.6285404457965496e-05
69,0.0,0.19876427822059384,0.23736520042394624,0.15593991031219898,0.20126676945537636,0.13688955042322148,0.05467860537684833,0.012694067128977308,0.002128896024608535,0.0002525983276937442,2.0124306530359796e-05
70,0.0,0.19592430178465087,0.23773475724276216,0.15308524067313006,0.19880904145486572,0.13951016620442588,0.058315512637947195,0.013879199925372034,0.002424237916082168,0.0002932896822778612,2.4252478481316645e-05
71,0.0,0.19354429246146404,0.23855872178145898,0.15142589890098687,0.19643938453279206,0.14167706066317998,0.06059999603829577,0.014774955883464102,0.0026271596898029747,0.00032531312053596097,2.7216928014695097e-05
72,0.0,0.1884413361589996,0.2367702998866175,0.1478896894221237,0.1897512198198728,0.1454309841622382,0.06985792639070934,0.01783354789774064,0.003533382809990657,0.0004496665337340819,4.19469179686877e-05
73,0.0,0.18641049812746371,0.23695690991359525,0.14719583993560853,0.18692947530701157,0.14703998754343792,0.07221907746352516,0.01890152217348049,0.003803494641209792,0.0004965810624698004,4.661383219309321e-05
74,0.0,0.1826124905507832,0.23821630837652247,0.14621895428661913,0.18174421056063716,0.15023859553361615,0.07538395251804325,0.02074244113233519,0.004208485813039385,0.0005807203970619971,5.3840831337410885e-05
75,0.0,0.18220201021891996,0.22586406206321885,0.14994082238131093,0.17370541393098923,0.14662229375082372,0.08987944153072416,0.02471490450133473,0.006165790938709562,0.0008093988963328932,9.586178763120278e-05
76,0.0,0.17904020412445776,0.22607590723349355,0.15027786916545674,0.16835268560578237,0.14887194312951763,0.09261876753758777,0.02701659040579933,0.006692270999753228,0.0009466249456345662,0.00010713685251244883
77,0.0,0.17777351090738305,0.22494832593829803,0.15106200371843706,0.16532045436009601,0.14931951607045788,0.09488818539400251,0.028408246979596024,0.007125320622594851,0.0010371374765967283,0.00011729853253320747
78,0.0,0.17545692346395392,0.22230804715760566,0.1529911700608296,0.15931998919392112,0.1498137969527592,0.099348080354423,0.03131517576761387,0.008065815304663477,0.0012403097985409525,0.00014069194568465369
79,0.0,0.17771909628807334,0.20796380265362538,0.16132494419122465,0.1527635161743526,0.14259043180845843,0.11065068220116715,0.03472814015758663,0.010495235746346955,0.001552468428654999,0.0002116823505053199
80,0.0,0.17695516132500066,0.20610348648183202,0.16269130438706308,0.1501174982020345,0.14221819225660023,0.11259864394971603,0.036315914173203394,0.011078205612529094,0.0016927260959728233,0.0002288675160437106
81,0.0,0.17893841270188207,0.19541229482396252,0.1692190437078376,0.14569962081929003,0.13642232018926256,0.12008308900627497,0.03881249307550723,0.013138959233876908,0.0019754310483538523,0.00029833539374804355
82,0.0,0.1725925304004504,0.19664966846171,0.1693135224112596,0.13688827426484368,0.13954961704331909,0.12123489982597184,0.04614172223177037,0.014584182629130244,0.0027024903210719005,0.00034309241046843314
83,0.0,0.17284082066131834,0.19175545609880168,0.172362113941585,0.13450149789164048,0.1366534746734958,0.1242846950997585,0.04830686548181391,0.01590425082946427,0.002997251337585743,0.0003935739845318601
84,0.0,0.16873446139362303,0.19144545574301267,0.17230519634910182,0.12881040476749742,0.1372442223664125,0.12521176607288478,0.054476723463647306,0.01756274466673752,0.003749498478425864,0.0004595266986528097
85,0.0,0.16776500570391725,0.18736037561661228,0.1744436828152292,0.1260400209717238,0.1343995278514247,0.12744912412852324,0.058267106511489405,0.019397962145060562,0.004337302695437013,0.0005398915605784646
86,0.0,0.16729135672725304,0.1853802975014725,0.17537192497360268,0.12487432115495743,0.13288508684727626,0.1284188573156451,0.06017532411957746,0.02036015251819769,0.004658384978276917,0.000584293863736887
87,0.0,0.16681208541472303,0.18345749455344645,0.17619936448030177,0.12384894321219547,0.1313213238426721,0.12928751966660526,0.062088868216822274,0.021353957811359545,0.004998605766426387,0.0006318370354437801
88,0.0,0.16525413968892802,0.178128517992831,0.1780333225829635,0.12156397068541276,0.12642615343450808,0.13127656044456015,0.06783679202127309,0.024542333597044903,0.00614198209646384,0.0007962274560110999
89,0.0,0.16471482147349314,0.1765114766100723,0.17839702411279612,0.12108694170168396,0.12473792163844495,0.13172530869753374,0.06973982068142472,0.025661421856229445,0.006567175071591977,0.0008580881567261479
90,0.0,0.16358803669254732,0.16839020199697366,0.1805005657275438,0.12113201677802012,0.11643352964960821,0.13355205213498944,0.07605708030764294,0.030789165026872733,0.008387630614279717,0.0011697210715185492
91,0.0,0.16592676274592444,0.15399309073684478,0.1846046286873595,0.12478599585899104,0.1048140825298867,0.1367923542906087,0.0784584931027383,0.03859125720686225,0.010271226180649594,0.001762108660131363
92,0.0,0.1660400020115042,0.14995686167873942,0.18423826416553207,0.12653331152415875,0.10127641043535465,0.13685924021987309,0.07969323770296748,0.04206744591704425,0.011271192400345362,0.002064033944477515
93,0.0,0.1620606694726225,0.15336216659303595,0.17952987636127507,0.12728102553336815,0.10050810246787127,0.13348326557863407,0.08457757676352523,0.04392245430162531,0.013069281299431855,0.0022055816286077256
94,0.0,0.16096642567789463,0.1535103076132943,0.1779780491034174,0.12801980336251362,0.09962401334537818,0.13241659465969294,0.08599859829337564,0.04530257637404431,0.013851022310304733,0.002332609260081527
95,0.0,0.16014832268829654,0.1523366368551399,0.1762961248715548,0.1295015294712565,0.09803345960990635,0.13130254150848183,0.0870801434064592,0.04781524141785105,0.014901447096063754,0.0025845530749875594
96,0.0,0.15895496055758346,0.1527769907458787,0.1744786048444965,0.13030142479456758,0.09740014361379093,0.13002069876211791,0.0883601707003682,0.04921498898710487,0.01576510663724476,0.0027269103568445356
97,0.0,0.15772717861631244,0.15331282341961416,0.17258073895988651,0.13110982754225478,0.09685807757859237,0.12866560538405192,0.08958247169087985,0.050622271911045805,0.0166650968131757,0.00287590808418404
98,0.0,0.1521151320668099,0.15930453533806258,0.1655453177744792,0.1320751586994137,0.09657521726444766,0.12346443034625863,0.0951149215403083,0.053002708687555924,0.019666374999216342,0.003136203283445457
99,0.0,0.1508178512804316,0.16001098500153155,0.16354086815711671,0.13284551549873383,0.09624983465937244,0.12193552741179359,0.09612347517727686,0.05444858093294677,0.02071515859253903,0.0033122032882553607
100,0.0,0.14966867666945025,0.15891335628645767,0.1605169152856983,0.13505571312825593,0.09572217869355104,0.11953613001410918,0.09617558026059482,0.05809713488091573,0.022526972151305245,0.0037873426296599023
101,0.0,0.1455930247841861,0.16324888462617881,0.15526252659429546,0.13557567394257358,0.09590544035448866,0.1154359034003483,0.0994100665232414,0.060170391249614374,0.02531182822506934,0.004086260300002304
102,0.0,0.1442920658531126,0.16410300589306834,0.15317209166182036,0.1361467384575734,0.09606178403902836,0.11372443656746478,0.10004692798343756,0.06158752130607385,0.026564778579884804,0.004300649658534431
103,0.0,0.14302328924309407,0.16420150903644123,0.15041576634459805,0.13731877849091645,0.09656998894771344,0.11138080091675194,0.10003876585692235,0.06405127569268604,0.028310902229348053,0.00468892324152686
104,0.0,0.14176284404964482,0.16506303591400578,0.14833515485367005,0.13773582873106427,0.09699143118453354,0.10962206796068474,0.10048080798428716,0.06542053677223841,0.029666098203480654,0.0049221943463890775
105,0.0,0.13814212580856577,0.1688093932278298,0.14383574216225653,0.13743491113164544,0.0976699295378487,0.10576241815354628,0.10266155851797458,0.06743310827284324,0.03293258179438453,0.005318231393103791
106,0.0,0.13589980838692564,0.17009848170592481,0.14014289093709376,0.13773481580802083,0.09894497319933165,0.10232952282044759,0.10297465169627101,0.0700613048041007,0.035966702705769626,0.005846847936113188
107,0.0,0.1329566455321871,0.1727708319538619,0.1366747324949234,0.13665049043190824,0.0998144261709536,0.09896040585321306,0.10421019546931952,0.07208882566557015,0.03951350275975275,0.006359943668309275
108,0.0,0.1320453426067588,0.17308462645814202,0.13515814401027176,0.1364908519977639,0.10062534990967341,0.09737356050953638,0.1040668149283451,0.07331048152162835,0.041191381458856174,0.006653446599023166
109,0.0,0.1311974305508094,0.17330367019663426,0.13372762585846695,0.1362432460857947,0.10149361192514161,0.09582622696558371,0.10384483363688972,0.07449466672864677,0.04291407894113532,0.006954609110896717
110,0.0,0.12908879803062492,0.17461883693611227,0.13149849381927226,0.1343132329869649,0.10246435578131198,0.09311357448102382,0.10411884105628665,0.07648074046892156,0.04670073749346253,0.007602388946018593
111,0.0,0.12676478938890817,0.1748712447963462,0.1301329831759297,0.12890174743171282,0.10319462922496223,0.08986278433821207,0.10351197443911885,0.08035330448230453,0.053203705927276905,0.009202836795228075
112,0.0,0.12650212016219586,0.1740944136161952,0.12961138083834572,0.128073341484969,0.10410355629909743,0.08879156536331304,0.10274229896957904,0.08132255932210143,0.05519969468465632,0.00955906925954651
113,0.0,0.1263246855845557,0.17031847224327734,0.12922021717241322,0.12391194784384749,0.10670756661172089,0.0859816270288973,0.09966416584447645,0.0845290960063479,0.062338647289566784,0.01100357437489672
114,0.0,0.12642669659866654,0.16824411957647112,0.12857292294012074,0.12292959668583223,0.1086714366602564,0.08448656132151403,0.09808177782247238,0.08535092662381416,0.06583519932239605,0.011400762448456177
115,0.0,0.12723998847995005,0.16479360752520303,0.1302819510757424,0.11887291077964665,0.10924346619195924,0.08429704258448614,0.095777543750303,0.08703773164022775,0.06989556257091487,0.012560195401566976
116,0.0,0.12889257293477452,0.15718980540523272,0.13053027371555995,0.11503581904990723,0.11352090134484577,0.08197281034540438,0.09113365182419442,0.08806666972014639,0.07995555254590055,0.013701943114034191
117,0.0,0.13145251001927413,0.1497688010742926,0.13423946708363307,0.10899416526328358,0.11425867186674221,0.0830438455413348,0.08697607461177158,0.08905431279219723,0.08690953628151105,0.015302615465959974
118,0.0,0.13229063420534448,0.14726315699912326,0.1350593843578922,0.1075254856515021,0.11478067215858258,0.08318836904536848,0.08567003381558316,0.08905512515211203,0.08947768959584385,0.015689449018648098
119,0.0,0.1365332714608861,0.137493030329616,0.14154189945069887,0.09956375335541534,0.11377897133590577,0.08669166946398982,0.0804554883944852,0.09044847133532065,0.095229782267277,0.018263662606405422
120,0.0,0.13782019067738663,0.1329525055983739,0.1416647002995182,0.0985978420837253,0.11515625736670623,0.08628563284463174,0.07866429115379331,0.08890845211599854,0.1017846977221486,0.018165430137717903
121,0.0,0.14094248721718644,0.12533932197317235,0.14515673407342342,0.0943647606346801,0.11478383187176366,0.0884893687328425,0.07522012603586482,0.0882805965768742,0.10798718120302214,0.01943559168117083
122,0.0,0.1441095133775205,0.11841590066082441,0.14906853384645746,0.09003975640583203,0.11373946229484128,0.09136543788626328,0.0719904730850496,0.08819315763859206,0.11199556766474307,0.021082197139876836
123,0.0,0.14524115760196968,0.11557616652839067,0.1500391074904656,0.0889025954455306,0.11350407151289657,0.09214713237607987,0.07090307920969213,0.08753558770541728,0.11475775800924536,0.02139334412031306
124,0.0,0.14636620179192342,0.11276353792659428,0.15097624857887254,0.08782640208693154,0.113195351194378,0.09296185001841126,0.06986449195544414,0.08681986827011054,0.11753475603676171,0.021691292140573415
125,0.0,0.14748021296878477,0.10998575470452879,0.15187406145747195,0.08681468711293253,0.11281403982005792,0.09380482308913488,0.06887784670802427,0.0860487970634386,0.12032455490403747,0.021975222171589762
126,0.0,0.14974155595037017,0.10320356032855464,0.15255842991020413,0.08606644362411604,0.111652381859382,0.09496604506198182,0.06732414430294904,0.08240692585572365,0.1304225351703279,0.02165797793639163
127,0.0,0.15179216797060313,0.09747505113096888,0.15341734066885063,0.08529347354548701,0.10997216858449141,0.09650886369689018,0.06608958516860852,0.07947681899245887,0.13826002278987032,0.021714507451772277
128,0.0,0.1536495899949636,0.09331541143092037,0.15497313815743802,0.08360482358375322,0.10861107810205298,0.09861518443637403,0.06469538915446353,0.07832529697673571,0.14178172510064804,0.022428363062651963
129,0.0,0.15730747387852326,0.08587575512278117,0.1580944429544694,0.07998813716624578,0.10615439930603063,0.10305028673833125,0.06191612157475078,0.07705731614330398,0.14598060530161966,0.024575461813945633
130,0.0,0.15884512753196958,0.08188542836344471,0.15846099064809338,0.07961574753224647,0.10407349953492631,0.10470346011137692,0.061354084183522596,0.07479428746843894,0.1515289966468378,0.024738377979144917
131,0.0,0.15936001768278954,0.07977779106795654,0.15790259759395636,0.08040042176837449,0.10232999390206526,0.10512846826762295,0.06167671571790051,0.07257714659770358,0.15673847804762286,0.024108369354009694
132,0.0,0.1597931351973857,0.07782914766193029,0.15724729395537712,0.08131225737027928,0.10046449413928919,0.10548397504851116,0.06212395875501409,0.0704103398376492,0.16183413214164216,0.02350126589292373
133,0.0,0.16035046556438454,0.07623467019995554,0.15709778789926462,0.0814439125914935,0.09928248121731895,0.10615349587876188,0.06212668262323214,0.06927703015071611,0.16454402587543673,0.02348944799943798
134,0.0,0.16063952403747245,0.07456847379949687,0.15627703153582473,0.08255057811832749,0.09725781605906628,0.10636420814548794,0.062774924932754,0.06721778303478367,0.16947178659658238,0.02287787374020614
135,0.0,0.16085639159961423,0.07304237750801179,0.15538405280582918,0.08374930916329737,0.09516005806580685,0.10648012733637774,0.06352023966283515,0.06526390508469511,0.17423786029676458,0.022305678476770043
136,0.0,0.16305267052616498,0.06852895457040006,0.15524950990140557,0.0825467993510357,0.09296930753544991,0.10960702312486473,0.0626629301796013,0.06378868152928721,0.17788815888691914,0.023705964394873724
137,0.0,0.16354121073451774,0.06660704036999084,0.1539689053221407,0.08357407567571468,0.0905236397006248,0.11017137589800587,0.06345664886041905,0.061932593769594584,0.18284615738565874,0.023378352283335402
138,0.0,0.16372637820855326,0.06575615092267592,0.15323623037307477,0.08415304468917882,0.08933025946402569,0.1103568495679363,0.06391693091933913,0.06107369849895054,0.18526342811576435,0.023187029240503514
139,0.0,0.16484287408699705,0.06331791782752912,0.1519397670365442,0.08411079464748719,0.08787465378061611,0.11183031109950455,0.06402460623087099,0.060192114780016626,0.18753507541010883,0.024331885100327938
140,0.0,0.16451568317860804,0.06289569706181576,0.1504491592088415,0.0857565585196856,0.08572272103286684,0.11113309101658587,0.06537471835506084,0.05884359993843469,0.19220233559207262,0.02310643609603094
141,0.0,0.1638094086453824,0.06220049690700836,0.1475267956355257,0.0889621411299086,0.08155212817035837,0.10935796612907754,0.06808101780225369,0.056810023999440275,0.20083685815256938,0.020863163428478482
142,0.0,0.16312546391281313,0.061974627535985115,0.1456981013877092,0.09131911840841143,0.07862791943839473,0.10749518861912043,0.07005359020201729,0.055885627212781584,0.20652566077897203,0.019294702503798156
143,0.0,0.16252925200823795,0.06163304760256028,0.14405693049374568,0.09347800844369912,0.07590530295011436,0.10543842389694058,0.07186569578004438,0.05551766905629138,0.2114068434420078,0.018168826326361836
144,0.0,0.1627980514348355,0.06062144503006069,0.14243029446105213,0.09416483023063876,0.07527033030062712,0.10519182746469659,0.07242918536009096,0.05570183396083409,0.2134943451180096,0.017897856639158063
145,0.0,0.16193699839881692,0.06003497437377981,0.1407373654280612,0.0970496278146654,0.07136668051623234,0.101009630968953,0.07488009477820592,0.056712857978339554,0.21929962337378595,0.016972146369163194
146,0.0,0.16207223942481006,0.0588598993094757,0.1390244287143467,0.09818281169558071,0.07038271373075414,0.09947134335627934,0.07568404750309558,0.05792378117203477,0.22197191031887323,0.01642682477475322
147,0.0,0.1621564215504653,0.058246983533072276,0.13818269077132223,0.09872862753741232,0.06997242564811515,0.09863776998403041,0.07603857292372783,0.058679055422600546,0.22319284111854218,0.0161646115107153
148,0.0,0.16263137556941387,0.056737678246441825,0.13568007766385587,0.09962018602868015,0.07019478352592505,0.09788770953477875,0.07642312049542942,0.060202082748783275,0.22527784608477933,0.015345140101916132
149,0.0,0.16283908687368845,0.05550117360969088,0.13401914514784613,0.10059860042459737,0.0696703716144967,0.09599317858537745,0.0769655860943052,0.062327409477091436,0.22721696043156467,0.014868487741345564
150,0.0,0.16312187154804184,0.0544373374136638,0.13233423245093265,0.10129353914878149,0.0698279903295638,0.09498647492640615,0.07719855523666014,0.06399727574721505,0.22826127380873096,0.01454144939000812
151,0.0,0.16341207027115565,0.05309687927235865,0.13075151895972165,0.1021598855279815,0.06958094796220272,0.0929384628260005,0.0774846747117794,0.06673957976332073,0.22964820785590312,0.014187772849580197
152,0.0,0.16370426375687488,0.0520035062818438,0.12908874475020543,0.1028508245799199,0.06988666403472368,0.09182095279593917,0.07756601877231167,0.06881221034560266,0.23020525015940368,0.014061564523179254
153,0.0,0.1643508856000832,0.04970904538404092,0.12906170054198426,0.10330069991869924,0.06866313632791557,0.08681445699123172,0.07731360896604872,0.07502873376366029,0.23138482420607362,0.0143729083002665
154,0.0,0.16472153085314756,0.04847194266680498,0.12744560342218939,0.10405417832196526,0.06910523667725024,0.08564385567083611,0.07707623119623432,0.07759692594517426,0.2317738854178219,0.014110609828580336
155,0.0,0.16499605496219572,0.04762975133466744,0.12674464722771786,0.10438823983085906,0.06924855294432976,0.08457144418054034,0.0768329916105026,0.07959480260656113,0.2318048952470532,0.014188620055577156
156,0.0,0.1655652079348673,0.04594680336958078,0.12532330675173498,0.10504159802670811,0.06959584789232767,0.0824535320034065,0.07622877268919151,0.08376877509528262,0.23161044674930115,0.014465709487603923
157,0.0,0.16643447893641758,0.043478642470092886,0.12309503415542244,0.10604134867352365,0.07022606359921986,0.07936337178233689,0.07505539173515913,0.09040741739425567,0.23068891690138732,0.015209334352189465
158,0.0,0.16701484959784385,0.042157603010015136,0.12250479846997289,0.10615497501551087,0.07051540854839797,0.07744190942440882,0.07418955475591718,0.09429454504367848,0.2296070164705309,0.01611933966372884
159,0.0,0.16752196493543864,0.03952432459513409,0.11692280695924342,0.10939501944496746,0.07151797691235279,0.07435593707226928,0.07238924223030344,0.1036440711964857,0.2272037098072462,0.017524946846564086
160,0.0,0.16769013063503774,0.03897180395460596,0.11594968263808597,0.10990284789135404,0.07169049276190363,0.0734485913806103,0.07185203131655891,0.10603133702283958,0.22630347281666324,0.01815960958234589
161,0.0,0.16795086093559222,0.03803459069092748,0.11385626246498515,0.11099595154566565,0.07202275209035977,0.0716909270457175,0.07077975671961287,0.11079720356649814,0.22428118593193055,0.019590509008715944
162,0.0,0.16782238465264598,0.037225865951566406,0.10926490042398859,0.1137084015676649,0.07234728779979666,0.06913765869681743,0.06922290131960575,0.11850421065007918,0.22026905496189203,0.02249733397594869
163,0.0,0.16777321899521622,0.03710721588377523,0.10796027172663827,0.11442428594378598,0.07244657391942408,0.06832717093668564,0.06875253512481956,0.12079102796928605,0.21894592768476268,0.02347177181561197
164,0.0,0.16768273443667314,0.037069158581436355,0.10659636802993147,0.11517310454022678,0.07253742125479179,0.06752709391290693,0.06830698913118947,0.12304545556816157,0.21756464865174813,0.024497025892940165
165,0.0,0.16675230941171318,0.03764338060675844,0.10310628301206515,0.11777224646632993,0.07215328846364662,0.06662339758040066,0.06793256044578157,0.1264391460853415,0.21485043019048894,0.026726957737480142
166,0.0,0.1660707307648729,0.038194286219898406,0.10057706832187537,0.11951826568660512,0.07192094838849154,0.06579270516328899,0.06766567569194751,0.1290878257816543,0.2125268691672118,0.02864562481416016
167,0.0,0.1652753284413772,0.03893196259991498,0.09799171347466569,0.12130199799598204,0.07163860148881333,0.06496523967821217,0.06750433237078425,0.13160594477076398,0.21003710849145063,0.030747770688041874
168,0.0,0.16499287655806952,0.03954392976619529,0.0955603445559711,0.12228635822200098,0.0719512897717698,0.06351883767468429,0.06709874091781567,0.13494857531674617,0.20762873042452087,0.03247031679223257
169,0.0,0.1645340228835674,0.04017614537138836,0.09377951257257723,0.1232578743921941,0.07195862585940892,0.06275265283663801,0.06700677070636214,0.13678877615485935,0.20592431918336324,0.03382130003964777
170,0.0,0.16343155251454086,0.04145471514268373,0.09093754603449496,0.12519261572656595,0.07159814759681193,0.06189344128454731,0.06715207957574101,0.13893042992562113,0.20328148316670025,0.03612798903229937
171,0.0,0.1628462256041076,0.042310273965410365,0.08903773076416638,0.1262071807700099,0.07160385654690933,0.061116228995864844,0.06721972044445226,0.14058976856641597,0.20150813757871416,0.037560876763955725
172,0.0,0.16018734913169147,0.04561792661460891,0.08318198801190486,0.1300662651943398,0.07085970514896754,0.05931302872863102,0.06814651384544039,0.14411959741117847,0.19583079210483542,0.04267683380840864
173,0.0,0.15941320410329612,0.046797378327810585,0.08114345973415214,0.13109931045202092,0.07089354047659817,0.058497787460733496,0.06850152637336285,0.14545641375194002,0.19399643078701748,0.0442009485330748
174,0.0,0.15831672988298445,0.04917670551086617,0.07672947199917317,0.1323770070133498,0.07194627005421077,0.05630976149923307,0.06921677811588167,0.14884465043545128,0.190398435240633,0.04668419024822338
175,0.0,0.15740405159052948,0.05059060509517556,0.07458547439299472,0.1333813162602331,0.07206741743845776,0.055452934166361274,0.06978339038121265,0.1499571184478529,0.1885368989960275,0.04824079323116195
176,0.0,0.1564508151754245,0.05206962529818821,0.07242543382717073,0.13436632870273735,0.07221470601871022,0.05458286426052528,0.07042536482209809,0.15098544705630015,0.18667901978293353,0.04980039505591888
177,0.0,0.15313521816933354,0.05619131487298172,0.06764623910505077,0.13775953299140506,0.07123325005300168,0.05305911335279277,0.0725650702028249,0.1517726439959613,0.18200805504107778,0.054629562215577666
178,0.0,0.15208113465285042,0.0578219946042265,0.06551574515178049,0.13862992128504056,0.07147199472049029,0.052140757231225764,0.0734793671550452,0.15248071854556525,0.18020844235843939,0.05616992429534336
179,0.0,0.1496691912202108,0.06272254466958807,0.0582296454667598,0.13956172985146342,0.07447824057168993,0.048527815861603804,0.07653720588596281,0.15593866572651285,0.17468824150663775,0.05964671923957783
180,0.0,0.14813840957414864,0.06528593009258232,0.05497122978712497,0.1401170059317853,0.075648665782707,0.04694938113943816,0.07829872713536919,0.15697866157745693,0.17187835515642505,0.06173363382296962
181,0.0,0.14204140434841367,0.074638141632471,0.044278384615936604,0.14104842127151046,0.08030112518963083,0.041609342903747015,0.08599125050711041,0.1589054899157315,0.16207826192371,0.06910817769174574
182,0.0,0.13635516651688737,0.08240694689116976,0.0368487178562616,0.14007022472242606,0.08493118332764363,0.03757942533721279,0.09398981494787577,0.15844017911863315,0.1547715896524664,0.07460675162943109
183,0.0,0.1337885794191847,0.08572321161291128,0.0344567030656805,0.1405415790813367,0.08559709336968142,0.03617926201682399,0.09728862814857671,0.1565464561881018,0.15410323738737822,0.07577524971033238
184,0.0,0.13155805902201845,0.08815570528370983,0.03247054755306851,0.13768530651944086,0.08911853113759713,0.035004327650974415,0.1014521581186237,0.15631280897939637,0.15027288757344123,0.0779696681617373
185,0.0,0.1305678016538876,0.08925497262672857,0.0317975959377531,0.13701256022820965,0.08999286305018848,0.03458635709756033,0.10307876208170746,0.15559591226467392,0.1496659900497675,0.07844718500953121
186,0.0,0.12906800598021073,0.09095582675965848,0.03088838384326189,0.13635200130836886,0.09093196861063955,0.033968206473499386,0.10549276394513052,0.15398501863293526,0.14958691597218304,0.0787709084741202
187,0.0,0.12663429197438647,0.09307627148326059,0.030231978797769093,0.13336492379561077,0.09365289228217272,0.03351033660529154,0.11016019505687856,0.15133690827351104,0.1486124880611989,0.07941971366992866
188,0.0,0.1256498815207915,0.09352520194745145,0.03049952184940256,0.13110504019533542,0.09529878872376546,0.033787040650534575,0.11234559781752121,0.15030948959533483,0.14777959533709972,0.07969984236277146
189,0.0,0.12503309180449879,0.09383202197533343,0.03073672103495479,0.12980550821941103,0.09617259768183972,0.03398276894560071,0.11372681972927051,0.14930463381684222,0.14776438774515105,0.07964144904710616
190,0.0,0.12403983675689681,0.09354481203736385,0.03208482142922495,0.12604150081603904,0.09831250899667696,0.03522606405857994,0.11624628191108559,0.14805349515017271,0.14663046444869215,0.07982021439527653
191,0.0,0.12358865023868953,0.09350360935051842,0.032705336497103756,0.12453085162194677,0.09908650220884291,0.035786872035228366,0.11742306733137832,0.1469596441136725,0.14688713200076375,0.07952833460186429
192,0.0,0.12286640823899686,0.09305672241805979,0.03430925589276988,0.12132578777837363,0.10053725351308683,0.037270276867207,0.11956728130072504,0.14469634065842432,0.1476291185420729,0.07874155479029249
193,0.0,0.1224952590033543,0.09268133184764499,0.035523995361666845,0.11918013839841525,0.10141872203050332,0.038375806968056723,0.12102279612759101,0.14253647973634745,0.14900997230355514,0.07775549822287386
194,0.0,0.12222273435258653,0.09124321991305806,0.03830331806710107,0.11502068271598101,0.10284958004074418,0.041032032888995464,0.1230033407442599,0.13916062006574997,0.15108053284308043,0.07608393836845252
195,0.0,0.12230972535113835,0.08840066037874193,0.0426888037386897,0.1093211955762884,0.10426036750911233,0.04570543691400791,0.12459788155455521,0.1354798695911127,0.15332352764072477,0.07391253174563814
196,0.0,0.12244070909360014,0.08727528504377279,0.04430443174191845,0.10737205285174894,0.10461773865653028,0.04753707527096657,0.12493214055228989,0.1342394304116937,0.15416707951883088,0.07311405685865796
197,0.0,0.12263190566539077,0.0852502103895846,0.047103462812371655,0.1041820871106521,0.10495374289183064,0.05097002366525365,0.12517325809988947,0.13271975885058795,0.1550707087086747,0.07194484180577407
198,0.0,0.12300730820867596,0.08209720636859721,0.051307895882354154,0.09975811297931106,0.1049944048067176,0.05642895315264491,0.12496311740228778,0.1309494217541118,0.15608319710762839,0.07041038233768096
199,0.0,0.1235813304484557,0.07861103737249531,0.05580534861740739,0.09537331589930771,0.10460676060853391,0.06256848264301558,0.12417936197018493,0.12921393726258973,0.1571765118003352,0.06888391337768465
200,0.0,0.12535824546213364,0.0735413828064314,0.06207356458557412,0.08893531887086491,0.10443441150724382,0.07199433443493422,0.12311560916235277,0.12255219001988821,0.163227995962568,0.06476694718801898
201,0.0,0.12579464765517245,0.07196881128505296,0.0639749001944179,0.08718439527133845,0.10405386251322797,0.0751359821359189,0.1224543794585649,0.1212676210275886,0.16426524876485313,0.06390015169387511
202,0.0,0.1274710707314748,0.06672008953972461,0.07016387067083539,0.08157195028274997,0.10252625116949571,0.08626492855046394,0.1197241414713119,0.116466630369587,0.16790492589462222,0.06118614131974512
203,0.0,0.12856044351670493,0.06399861924455097,0.0732885454655718,0.07865543847024392,0.10185577165164915,0.09221381796067554,0.11807376195450794,0.11339203939397939,0.16976018404638166,0.06020137829574554
204,0.0,0.12897746395648838,0.06260662427408593,0.07491713607008911,0.07727344060402491,0.10112665476854378,0.09583056125864432,0.11698800106904396,0.11211270598562488,0.17054269150530693,0.05962472050815873
205,0.0,0.12958952547934624,0.059811890677202766,0.07819800942358722,0.0747902743882962,0.0987814046152084,0.10439138126557641,0.11420644756147856,0.11002222196983345,0.17202374507373988,0.058185099545742025
206,0.0,0.13017281463497707,0.058166501417389736,0.08014075937084561,0.07307046923249072,0.09782072078373928,0.10943020935099088,0.11258754684213317,0.10783368942245294,0.17297398615761794,0.05780330278737397
207,0.0,0.1306941556520216,0.05667371768262482,0.08192688654904591,0.07148410083503577,0.09681837196504502,0.11449183950770185,0.11091093067732416,0.1056731645000466,0.1736761722034608,0.057650660427704586
208,0.0,0.1309559834269784,0.05573876408490359,0.08304952778900353,0.07056720861613294,0.09586393713347303,0.11826585176832732,0.1096040482140063,0.1043743662546194,0.17412043235963037,0.05745988035293653
209,0.0,0.13133890364702158,0.054566811556982925,0.08452094549220551,0.06923098399169075,0.09481167104991871,0.12330031663156855,0.10788234746544342,0.1022387790801825,0.17444154983923102,0.057667691245766386
210,0.0,0.13154225222321247,0.05353447104233148,0.08576980017107533,0.06830752981640095,0.092920274440066,0.12948925888358945,0.10561324001401362,0.1004508500709688,0.17503153161375884,0.05734079172459452
211,0.0,0.13165138408167093,0.05301150531320558,0.08646589901642485,0.06771210432160298,0.09192624243641212,0.13316930803266666,0.1042863333978489,0.09913136468178439,0.17518682040044475,0.057459038317950274
212,0.0,0.1319725524889581,0.05159443582766416,0.08786825280856113,0.06690004449730057,0.08735434815573966,0.14640296785368004,0.09893022300629348,0.09595095306835488,0.17600280993862752,0.05702341235483169
213,0.0,0.13191957457763057,0.0515188208443953,0.08810285599987974,0.06662217180505227,0.0864057390434856,0.1498376470954727,0.097667463341617,0.09458029939254636,0.17590824403373903,0.0574371838661929
214,0.0,0.13162472965608968,0.05180669109048064,0.08825294068144028,0.06620239676237194,0.08545065125821116,0.15417410642586352,0.09626764674407835,0.09228777498192695,0.17543399685705788,0.058499065542491055
215,0.0,0.13098777907496797,0.05263913380276668,0.08817776713878535,0.06571256833419561,0.08460931816839201,0.15916664759989085,0.09484607291471542,0.08915041559065251,0.17417793288646732,0.060532364489177995
216,0.0,0.13072923085544869,0.053093113877205535,0.08790741299496341,0.06570683851299484,0.08387363284292321,0.1621060812406761,0.09381972210602525,0.08776620755305525,0.1736739903032053,0.06132376971351427
217,0.0,0.12977826499202397,0.054810725170191456,0.08688575880922741,0.06573113323105308,0.08271213754530024,0.1682489256806486,0.091945327010968,0.08415180660395143,0.1716994476222539,0.06403647333439401
218,0.0,0.12850737934399556,0.05805293920112452,0.08398380359926227,0.0666796636026264,0.08100183526774613,0.17668926391184528,0.08913183856824014,0.0793687292816129,0.1691072095857759,0.06747733763778338
219,0.0,0.12802037366226116,0.06014012096406275,0.08156992177646054,0.06767955197688226,0.08004988894908481,0.18139543996984772,0.08735927706541051,0.07678128481116073,0.16782176283710273,0.06918237798773948
220,0.0,0.1275189271452688,0.06192321523735832,0.07968077523429236,0.06837583737640748,0.07979188109852085,0.184139702936653,0.08648334327606849,0.07476946300575484,0.16650901827699122,0.0708078364126972
221,0.0,0.1270190508388478,0.06381477886976655,0.07765158851815654,0.06909488555103539,0.07979374969728106,0.18644009788413368,0.08582173731187517,0.07275237154329466,0.1650754030794892,0.07253633670613266
222,0.0,0.12643166831836306,0.0652993220543355,0.07637860333025895,0.0694514135583699,0.08013010506138475,0.18736326465785474,0.0858212881871877,0.07131405221241889,0.16387554821430447,0.07393473440553487
223,0.0,0.12583655796461993,0.06683159718367283,0.07505739026871572,0.06980917629179191,0.08057748688931715,0.1880921428199626,0.08592186456026474,0.06988098299968287,0.16264212675433337,0.07535067426765182
224,0.0,0.12321057291097076,0.0714624586167758,0.07236600103822469,0.07009997830881237,0.08293598084556268,0.1875578634067911,0.08794372808160973,0.066090842022053,0.1583954881558058,0.07993708661340705
225,0.0,0.12272481508958367,0.07375076562770229,0.06986210679237474,0.07080429728404254,0.08398076458121195,0.1880805424054841,0.08820471052481155,0.06409069637021055,0.15680862212568727,0.08169267919890445
226,0.0,0.11853051028577775,0.08099907579019977,0.06597078921244925,0.07081960256240852,0.0896462789876144,0.18355912593613172,0.093260286703348,0.05890522952758737,0.14882562794268983,0.08948347305180634
227,0.0,0.11809646827441016,0.08260687912547739,0.0644376761590013,0.07107025559254279,0.09099149749159108,0.18270391931602364,0.0941367286084559,0.057691132117758545,0.14756936259748732,0.09069608071726507
228,0.0,0.11757764238534495,0.09048192439497091,0.055103992515228156,0.07245423900852957,0.09965454054891112,0.17621511954351401,0.09948663846301799,0.05115994581453505,0.14283759557111175,0.09502836175484974
229,0.0,0.11775301268086613,0.09224022057180678,0.05278070388449298,0.07268273458736192,0.10241504524438122,0.17370989383141086,0.1012751999098818,0.049477592458739575,0.14185307339759598,0.09581252343347613
230,0.0,0.11767488428813111,0.09339386328748053,0.05155777389265676,0.072684961437539,0.10438586548009936,0.17168646142713503,0.10270768825001307,0.04845840290988594,0.14100712043872127,0.09644297858835149
231,0.0,0.11729798364735469,0.09507782394092182,0.05018387150014859,0.07249104530595116,0.1074766479388032,0.16820887271090562,0.1051379604277486,0.04713616950717303,0.1394987918610877,0.09749083315991923
232,0.0,0.11738824785037648,0.09601041862118054,0.049090630533995865,0.07242638089290872,0.10953536945470163,0.16596604655023367,0.1066414337688025,0.046230761387422256,0.1388592175427124,0.09785149339767968
233,0.0,0.1169593434860461,0.09805216405796492,0.04772377644262768,0.07183908882832317,0.114745283256504,0.15948517807959334,0.11083260260851881,0.044776976374120696,0.1364728790011108,0.0991127078652043
234,0.0,0.11836367605856835,0.09903741483583284,0.04526925565250813,0.07172250438992617,0.1189647695358228,0.15493233681435112,0.11371644789410605,0.042940177048215566,0.13674608590502887,0.09830733186565419
235,0.0,0.1194238265471082,0.09948129699148547,0.04389492579751226,0.07151730293266913,0.12210619711936672,0.15129506207044296,0.1159594730962951,0.041772896673330534,0.1369400712599732,0.09760894751183052
236,0.0,0.12065087598434428,0.09978183825073556,0.04278172426486281,0.07106535193172725,0.12617460961146143,0.14622044749355081,0.11899340293258694,0.04067376674717284,0.13710126509250933,0.09655671769106303
237,0.0,0.12202951331290439,0.09964173832857197,0.04191107171736635,0.07075454550203669,0.12916019306986817,0.14250943245237144,0.12120151934633974,0.03973362516556417,0.1377437573487192,0.09531460375627228
238,0.0,0.1264141160200424,0.0979028127847865,0.04057683656731094,0.07009332663856968,0.13561002738774197,0.13401529805145945,0.12617347178000188,0.03736909813092167,0.1401455990028257,0.0916994136363541
239,0.0,0.1281792531515268,0.09686646842504133,0.04113524343527306,0.06921248175099795,0.13958097455679658,0.12833167675997867,0.12912999913788734,0.037504962887623096,0.1417463461084146,0.08831259378647498
240,0.0,0.13008887696388827,0.09556024586155923,0.041417815455824784,0.06884004650405745,0.14169262296636903,0.1251163445244056,0.1308773814216073,0.03710551812557874,0.1432287868062074,0.08607236137051683
241,0.0,0.13225429862076907,0.09383773824669063,0.04220449411728341,0.06837509057874247,0.1439529378033105,0.12147725438442089,0.13238092477667268,0.03774372166971253,0.14527555469974432,0.08249798510266831
242,0.0,0.13358841801449467,0.09275112830061759,0.04263241228277107,0.06817626188476772,0.14494402306783194,0.11975907629999281,0.1331517644378894,0.037864166357381726,0.14648971539259148,0.08064303396167641
243,0.0,0.13770958035654077,0.08906243147452649,0.04423309858204447,0.06805603196302244,0.14657615004855307,0.11611092500990719,0.13350686108280518,0.04026076615505224,0.15025151327341638,0.07423264205414642
244,0.0,0.14006555656674952,0.0869715471078872,0.045157559202372556,0.06782030786302903,0.14732856419634177,0.11427976034002585,0.13433584811608992,0.040410660114467624,0.152605562834407,0.07102463365864442
245,0.0,0.14488720458771853,0.0824156551360355,0.047394741706258826,0.06773516818206521,0.14755200855370976,0.11200482585785271,0.13450861621405585,0.04196034115806576,0.1573429814539825,0.06419845715027048
246,0.0,0.14745149904868415,0.07994930527387009,0.04856888414880476,0.06794404318394333,0.14700454323435122,0.11168176863296625,0.13370861004606072,0.043401375539455334,0.15975308046081527,0.06053689043106418
247,0.0,0.14912108779526195,0.07830291862302792,0.04946719082990427,0.06800963230971582,0.1465786805254873,0.11148812699238281,0.1333609675269544,0.04409266104506672,0.16139337430807527,0.05818536004413893
248,0.0,0.15245984010094998,0.07495377038475985,0.051393722308534846,0.06820646360508009,0.14530614968671263,0.11157045203387841,0.1323430138256623,0.04561153056174451,0.16464774988322042,0.05350730760947241
249,0.0,0.15693957687780585,0.07010100321734956,0.05505864690734583,0.0682328778893138,0.14278673388276933,0.11210753592333687,0.13121925248586877,0.04710870304657264,0.16920539462653172,0.0472402751431212
250,0.0,0.15955609563097897,0.06749136029027603,0.05657406703575055,0.06869980640120782,0.14075088598551588,0.11362962039755964,0.12910655486290704,0.04901860104561583,0.17145402485285108,0.04371898349735284
251,0.0,0.1615887966606454,0.06515966678884968,0.058687221630965576,0.06876919817967714,0.13882380795578136,0.11466910190800454,0.12801685200734492,0.04994291407068445,0.1733761342310489,0.040966306567013756
252,0.0,0.16519258357608396,0.06167992389165174,0.06063029025610374,0.06965603425604491,0.13523993694408437,0.11794923883924002,0.12404198658010347,0.05311482902951751,0.17602811267294213,0.03646706395424416
253,0.0,0.16734923366377835,0.058920123131018624,0.0639385632530057,0.06956338684055345,0.13209556174469372,0.11993261869552455,0.12243526521233472,0.05416804922727924,0.17786404429943387,0.03373315393239398
254,0.0,0.1720410074036222,0.05427024073318136,0.06741269536352243,0.07064984744066437,0.12579616486260461,0.12604581494539768,0.11594565951536112,0.05874108047491353,0.1804721025941666,0.02862538666658256
255,0.0,0.17426172009904448,0.052095604430579395,0.06918348427330458,0.07118717596438633,0.12243152148642412,0.12942727877449112,0.11242968749725331,0.06113027565684483,0.1813577953463917,0.02649545647129677
256,0.0,0.17569768697868074,0.04966482582829866,0.07410329793106893,0.0705457223787135,0.11776525381521939,0.13294565769877217,0.10981386510677628,0.06243117289077422,0.1814590411458474,0.02557347622586549
257,0.0,0.17761772245272256,0.047776314617901036,0.07606011231791122,0.07088516409744157,0.11427833697163935,0.13671950040097153,0.10600765790259697,0.06482617694110301,0.18157215678634278,0.02425685751138678
258,0.0,0.17851461817815883,0.04674817259065769,0.0776530817656288,0.07087484895739944,0.11210468494694595,0.1389052364574997,0.10392526392407933,0.06606178672227703,0.1813295151089723,0.023882791348397815
259,0.0,0.18022961651842914,0.0450782030485993,0.07967294791178786,0.07109286548145591,0.10861571720891477,0.14279062848344282,0.09999304141003626,0.06850010272711951,0.18087256810149074,0.023154309108740643
260,0.0,0.18084726023679007,0.04402622462515157,0.08256612280303202,0.07057362088931253,0.10568637110645974,0.1455322944716099,0.09754430833535263,0.06980858619753041,0.17968601760159592,0.023729193733182354
261,0.0,0.18518060547618362,0.04050178877046275,0.08633604949138855,0.0714378091477746,0.09726953976939898,0.15598389993374964,0.08625828914919532,0.07706517572824145,0.1767956049540873,0.02317123757953495
262,0.0,0.18565190247804036,0.03989860575548582,0.0880826008012523,0.07103138475783523,0.09538367932403084,0.1580614033454551,0.08417071996616984,0.07830691874088573,0.17542093816728305,0.023991846663579116
263,0.0,0.18606083532519932,0.03935268538378751,0.08985714584272356,0.07056119016259918,0.09357671201384263,0.16008045813697688,0.08210586839662719,0.07953642183874761,0.17389221921640027,0.024976463683113376
264,0.0,0.1872095658518227,0.038114970650351826,0.09389883261567597,0.06951906083192572,0.08915810410157655,0.1653388216685741,0.07637798633486322,0.08312596974061831,0.16952561952477743,0.027731068679831765
265,0.0,0.18783953238610243,0.03751808697748118,0.09619222962917542,0.0688813015134362,0.086684919981763,0.16843809781607005,0.0728208703049703,0.08542187020937661,0.1665135025685178,0.02968958861312472
266,0.0,0.18695196199976463,0.03723867011161598,0.10236473849512534,0.06548269084112272,0.08454373872940488,0.1705068502979937,0.07032267646188943,0.0867098826311779,0.16029778490256918,0.03558100552935405
267,0.0,0.1868889247033176,0.0369093249763959,0.10630384214526574,0.06351427201351682,0.08264601917814451,0.17299757667584087,0.06690636645999803,0.08887348037959061,0.15505569881158973,0.03990449465635818
268,0.0,0.18678609997035342,0.03679508040190189,0.10830777603972705,0.06244645651579222,0.08188449670069012,0.17405341690490586,0.06529562744691379,0.08991315186029165,0.15227287100295817,0.042245023156483964
269,0.0,0.18566593873026363,0.03716439771960128,0.11300705471263388,0.059416746572245625,0.08144399664084491,0.17451931184258915,0.06351085810400045,0.09101599838171427,0.14603143628512505,0.04822426101099999
270,0.0,0.18494921858082286,0.03712671863604327,0.11911109641797932,0.05568878013817467,0.08072858436808984,0.17599300232805587,0.05948698273914221,0.09385596000416482,0.13666955044759135,0.056390106339954435
271,0.0,0.18484703323428028,0.036863072085832345,0.12195835794726201,0.05407859934960476,0.08042314560613943,0.17684874104462134,0.05720457949836858,0.09556263671790231,0.13201272792145105,0.06020110659455657
272,0.0,0.18343567095448673,0.037587102565257074,0.12640794437709843,0.05070770002517911,0.08171908216355368,0.17533046115897036,0.05628034242368864,0.09644524422978307,0.12496605716354278,0.06712039493845912
273,0.0,0.18154500494436113,0.03861706654611049,0.13248164141833785,0.046102295636289654,0.08421489657569739,0.17247787661646635,0.054887652322612154,0.0979725869144598,0.11450384057024963,0.07719713845543467
274,0.0,0.17797735422317737,0.042063805890699635,0.13819678520192658,0.04065652090884142,0.08957798164534203,0.16546011740561975,0.05540120792234883,0.09846342605098589,0.10194596297566844,0.0902568377754092
275,0.0,0.1783948532615125,0.039747675312474015,0.14352617420842076,0.03860048945202155,0.09097706284980482,0.16406397493764655,0.05305246817049031,0.10089124270056529,0.09489237471891537,0.095853684388168
276,0.0,0.17748872662171275,0.040361605824793166,0.14573270259271978,0.03695864877428377,0.09331999284756128,0.16082194387660148,0.05327789708372001,0.10132684698426828,0.09027067437546381,0.10044096101889496
277,0.0,0.1771528766329381,0.040283883125398,0.14732537430886158,0.03612257612964423,0.09462618134412043,0.15895844165927941,0.05322864577871117,0.10178189856722746,0.08744922845314536,0.10307089400069355
278,0.0,0.17731596809805159,0.037565501048608646,0.15282996713860242,0.03508372040149391,0.09684446273631576,0.15517010850904622,0.05227779126783197,0.10395370218704096,0.08039407504618504,0.10856470356684265
279,0.0,0.1770076269289472,0.03742966885110218,0.15413275199413323,0.034618896482941613,0.09825327270405082,0.15281081363954188,0.05267699185567172,0.10425186007644328,0.07799872097903505,0.11081939648815235
280,0.0,0.17673132719686427,0.036762325113414734,0.1561287439122516,0.034424577378429244,0.09990794022382218,0.14965869797924164,0.05317191533893249,0.10482267518864079,0.0748573818551876,0.11353441581323484
281,0.0,0.1762041758500023,0.036923080080274485,0.15746612319852923,0.03398364559984431,0.10247394849300485,0.14515277532116647,0.05438927459560046,0.10493373941482118,0.07161058878551739,0.1168626486612588
282,0.0,0.17597288441686598,0.03671587631416399,0.15838858300588723,0.034063727664161686,0.10384596316874302,0.14242781311515823,0.0551105805552436,0.10508190212886076,0.06977084843563984,0.11862182119529525
283,0.0,0.17573868332416842,0.03546058438377566,0.16038823970228078,0.035229316361288794,0.10555679537572016,0.13783003162475932,0.05640472073290617,0.10555899750714919,0.06695540758260178,0.12087722340536958
284,0.0,0.17555905635709645,0.0352137612179667,0.16097877630290616,0.035769834238066185,0.10680999653067352,0.1348982966636662,0.05739029831849405,0.1055860550751612,0.06556967568342914,0.12222424961256029
285,0.0,0.17529593182990236,0.03518241501218898,0.1613982621169169,0.03662198130224022,0.10904106969698926,0.12991164681833342,0.05914419482342991,0.10543783715773938,0.06358328205713476,0.12438337918514494
286,0.0,0.1750762929801054,0.03519026078833451,0.1614792590946606,0.03790612728661991,0.11111808166903242,0.12484873710868714,0.06099884643363078,0.10521088409610296,0.06198857021070535,0.12618294033214114
287,0.0,0.17500096066814802,0.034887741445251225,0.16158529443204425,0.03918485204005423,0.11209005786187544,0.12177619270438918,0.06218251635956112,0.10509510920449604,0.061268439944753575,0.12692883533944715
288,0.0,0.17495161130062525,0.033461017222845515,0.16199596995579338,0.042856815060240534,0.11284702140163412,0.116514745935127,0.06450965727534773,0.10494383967813037,0.060712123650120325,0.12720719852015613
289,0.0,0.1748935423278296,0.03396831146771163,0.16003087055263607,0.046982375906084936,0.11573798129250301,0.10742515996007061,0.06829533368296636,0.10404689725708029,0.05985427595615743,0.1287652515969806
290,0.0,0.17497869578220235,0.03371608098080184,0.1578184457712757,0.05294273912295043,0.11698614012941194,0.0993688400369173,0.07200477656216893,0.10312819492615401,0.060429702635595495,0.12862638405254279
291,0.0,0.1751943853117543,0.032649872342081304,0.1567870463924359,0.057546689355382305,0.11663444729971549,0.095301076725282,0.07415711675243042,0.10260871525223775,0.06148199640878634,0.1276386541599151
292,0.0,0.17553532450843545,0.03011860787886727,0.15409591882270404,0.06862088590532149,0.11427349227410721,0.08808426476378392,0.07880476714470938,0.10142309770887659,0.06490763280633206,0.12413600818688325
293,0.0,0.1756784554843536,0.029469794566975436,0.1518594360780236,0.07444935762620158,0.11312470223014755,0.08425125569451794,0.0813467482925774,0.10064754512485344,0.06684974194296632,0.12232296295940373
294,0.0,0.1761521466469417,0.029503871836949094,0.14791444708648838,0.0816925562377322,0.11244054130163256,0.07840558173550836,0.08476612971150188,0.09933328445985798,0.06907718465954854,0.12071425632386006
295,0.0,0.17675638062199275,0.028486580657884848,0.14072794614205883,0.09728066353318232,0.10824719621722112,0.07027866047760853,0.0908132956445626,0.09700970023574601,0.07480618494298691,0.11559339152677714
296,0.0,0.17741625925777801,0.030029595420090305,0.12890396143980554,0.11716633607661314,0.1030167282776976,0.060061560554562174,0.09828361754463126,0.09327163252686307,0.0821983809630292,0.10965192793895073
297,0.0,0.17776519965995724,0.029947403797856195,0.12364664761469629,0.12738489272388498,0.09919468383874487,0.056641019499385985,0.10143846331903689,0.09161042570214634,0.0861478661711302,0.10622339767318216
298,0.0,0.17784686504813124,0.030536141628559103,0.1194057260522354,0.13476253089104923,0.09646857198728705,0.054168965078657594,0.10371380294065147,0.09028758427468363,0.08900527124569715,0.10380454085306942
299,0.0,0.17847229370390774,0.029561014789519304,0.11406552351289911,0.1460786599229378,0.09140880491134729,0.05174485764405922,0.10678751430096485,0.0886203968673408,0.09323798121775083,0.10002295312929442
300,0.0,0.17899829429361516,0.02891700297668313,0.10835690135234226,0.15738226615378142,0.08622201972655798,0.049656106397387254,0.10984391221137102,0.08696140450537328,0.09736114920880184,0.09630094317410823
301,0.0,0.1790035862812512,0.029580410496640293,0.10404606616346782,0.16468124410733764,0.08298650082655186,0.04815704560194615,0.11199236528500599,0.0854795215279506,0.09995631103813665,0.09411694867173362
302,0.0,0.1794938447701228,0.02979923390194844,0.09237518442890025,0.18546716204502256,0.07290607874972564,0.045556758498027566,0.11765158976890112,0.08190061955466894,0.10687639025712009,0.08797313802558424
303,0.0,0.17906974282248045,0.031202822608619268,0.08720038783386345,0.19383540293107585,0.06865328063218526,0.04483390865300115,0.12013620324267989,0.07971097164382207,0.10949174539076852,0.08586553424152613
304,0.0,0.17912557986839547,0.0318027208965551,0.0803930223481252,0.20523300681625933,0.06271034332160308,0.044307531126783456,0.12318639254979943,0.07743708823478347,0.11272597587517763,0.08307833896253992
305,0.0,0.17901724484805215,0.03224359171951932,0.07787031864508115,0.2093064303462022,0.06052092161297352,0.044256875961162984,0.12432141576650842,0.07647696767849689,0.1138013554191806,0.08218487800284491
306,0.0,0.17871480810571638,0.0331941349073866,0.07307903961342944,0.21688524600440082,0.05634993467184561,0.04440935793615752,0.12648955822229682,0.07455711041189919,0.11563902233149957,0.08068178779539041
307,0.0,0.17852825286557011,0.03370735897468265,0.07081832852598605,0.22037801501364146,0.05438675209264659,0.04458705163264065,0.1275097146945809,0.07360623830711241,0.11640424463956728,0.0800740432535943
308,0.0,0.17847641879117543,0.03419450086094242,0.06724139698585183,0.22574401307777198,0.05146065756923482,0.0448239677722505,0.12902419279626104,0.07239085069536315,0.11742848010897657,0.07921552134219478
309,0.0,0.17822415517550413,0.03476082333694461,0.06522697894571335,0.22867753630788093,0.04974999827838892,0.04517264122037998,0.1299585634183488,0.07145400657911526,0.1179120310129761,0.0788632657247704
310,0.0,0.17763038410880436,0.03594703866818409,0.061550048861181074,0.2338119418757848,0.04666988917296087,0.04606953316393724,0.13171762009254356,0.06959457238025647,0.11855149935818135,0.07845747231818867
311,0.0,0.1774146469426162,0.03661537569399766,0.05865443364744717,0.23754340697688742,0.04458482053605508,0.04663476212946465,0.1329745864929575,0.06848272774714378,0.11880304040539563,0.0782921994280576
312,0.0,0.1770403431130514,0.03726343900601751,0.057177137927964,0.2393409219602461,0.04343484303993362,0.04723564437925573,0.13373967424713507,0.06758286447092411,0.1187984808567699,0.07838665099872524
313,0.0,0.17611376373108753,0.03852254897696712,0.055707586077195975,0.24097966982570176,0.042052156286106895,0.0485116746868832,0.13475953661779935,0.06597479850898788,0.11858130726519982,0.07879695802409309
314,0.0,0.17587502319582582,0.039583332096109904,0.05158694579898246,0.24484373008651075,0.04020944106407044,0.04941163055152579,0.1364663036331162,0.06473934226254649,0.11782313242186537,0.07946111888946965
315,0.0,0.17519004200866062,0.04151892597269815,0.04680396139164177,0.2471607944958488,0.03988858295116883,0.05049779702306711,0.13830221838352064,0.06390888149413743,0.11558738146186416,0.08114141481741546
316,0.0,0.17459212246296926,0.04226205874752322,0.046464010859324195,0.2465473616784008,0.040091010438541186,0.05139557082004261,0.13879625383218758,0.06311282122897621,0.114758222973847,0.08198056695821093
317,0.0,0.17352792056356675,0.04407581937420321,0.04478509060470523,0.2447522460419848,0.04184103295767476,0.05243866183354691,0.13963255310575592,0.06273055112166512,0.11227102458893481,0.08394509980798576
318,0.0,0.17284894254545277,0.04483914360666701,0.04492855607302078,0.2431544355924148,0.04262535065274484,0.053393190699830714,0.14001845493877924,0.061983567242047476,0.11122175503362149,0.08498660361544425
319,0.0,0.17143184452884563,0.04637507102971236,0.045623377819154654,0.23916266397970212,0.04465656056824421,0.05534978618805261,0.14068251085702257,0.06052825439105735,0.10903219335576755,0.0871577372824645
320,0.0,0.16941051432444768,0.048294902865065575,0.04769674531837959,0.23247285192678568,0.04779095796575014,0.058361298806928454,0.14137809221496947,0.05823346211009718,0.10633647510737004,0.09002469936023011
321,0.0,0.168640852704242,0.04907578702147843,0.04855626896207497,0.2295047014668942,0.04936836274184787,0.05937016102308377,0.14155351609530656,0.05756975749591469,0.10522462552284319,0.09113596696633824
322,0.0,0.1678592101328747,0.049857005009245565,0.0495313303083728,0.2263124659742053,0.05107750934848379,0.06038410493314463,0.1416932453824248,0.05692285626410881,0.10412224308344387,0.09224002956371975
323,0.0,0.16571681161400376,0.05177688079624352,0.0529008011368713,0.21711369398800862,0.05565744766444047,0.0635348872578897,0.14190811930608394,0.054828243797495374,0.10164324196065476,0.09491987247833278
324,0.0,0.16410239881690575,0.053320458296814546,0.05565406594997701,0.20915992353939483,0.05999135924240258,0.06560547368824958,0.14188999388600484,0.05368028502366185,0.09969095135802455,0.09690509019858878
325,0.0,0.16206383675886882,0.05584591608687655,0.05875367633450473,0.19699430935166223,0.06824562624062354,0.06620933015235637,0.14159136911118675,0.05437655996575733,0.09617106091527967,0.0997483150829082
326,0.0,0.1612370358100655,0.056593996688493485,0.06047891098128374,0.19232953195944755,0.07082152181722477,0.06722469174521792,0.14147352411977568,0.05388256878606996,0.09539140271580557,0.10056681537664013
327,0.0,0.15848653409896118,0.059800429956627564,0.06541596231861047,0.17578491868633017,0.0816458206434851,0.06780882036307463,0.14052778508735417,0.05535670743178108,0.09200220172615818,0.10317081968764175
328,0.0,0.15768030752040801,0.06050657552256601,0.06734391725140572,0.17071680908989528,0.08444177716766553,0.06879678565441395,0.1403250969804517,0.054941139006673634,0.09153331065779262,0.10371428114875199
329,0.0,0.1536849428522241,0.06461745567228476,0.07639851538697633,0.14498772943994503,0.09947956331493255,0.07160995347382215,0.1385316340212422,0.05568221825439457,0.08960992889376956,0.10539805869043327
330,0.0,0.1525295346904676,0.06577767558883807,0.07922380321334066,0.13725100712515007,0.10378918590089391,0.0726012930385291,0.13791761473068745,0.05586967226444768,0.08957300036074466,0.10546721308692553
331,0.0,0.15186332734357336,0.06637081689665071,0.0811520203842995,0.13218995127698288,0.1064743437798317,0.07359012937857956,0.13755660740371636,0.055611274462660565,0.08986430292082828,0.10532722615290184
332,0.0,0.15122360386042288,0.06694413565250151,0.08305169113381894,0.12718977558721706,0.10910295919024289,0.07458805799734408,0.13716658273374346,0.05538002972466009,0.09027483311495407,0.1050783310051199
333,0.0,0.14951161457130407,0.0685290568196463,0.08847582088441279,0.11269172846818383,0.11657993720786877,0.07764096981212079,0.13581214078543558,0.0548655426701047,0.09221897658523062,0.1036742121957178
334,0.0,0.1483898888427098,0.06937497501413373,0.0942728523118875,0.0972852649453274,0.12370390548066575,0.08312074129983818,0.13375266022163687,0.05299268239876777,0.09696940626659793,0.10013762321846022
335,0.0,0.14798378312649413,0.0697732839521723,0.09577611897078915,0.09313355423949969,0.1256445930116775,0.0842312183525294,0.13310895423948857,0.05301032500789404,0.09827180442687836,0.0990663646726021
336,0.0,0.14694864253078213,0.0708854168729204,0.09920383154988478,0.08338052057053316,0.13016490337396583,0.08640701645504217,0.13149260817582029,0.05371293561957835,0.10153706863993456,0.09626705621156388
337,0.0,0.14599499512108638,0.0719716164117334,0.10169067615421234,0.0762309055389081,0.13332375447569936,0.08748734589672949,0.13024862075377117,0.05498657158197751,0.10403058015064298,0.09403493391526509
338,0.0,0.14580935892575747,0.07220950365219166,0.10274358434716517,0.07303674055841525,0.1345457521304176,0.08864545506545767,0.12948074651370273,0.05517943533167569,0.1058225999754463,0.0925268234997962
339,0.0,0.14672093589780535,0.07173118284743554,0.1057386726839297,0.06174878997574768,0.1372624221757268,0.09753592964507787,0.12453487396235254,0.054351461161603117,0.11720886564698414,0.08316686600336315
340,0.0,0.1469869406496608,0.0716519444292991,0.10637741865913623,0.05887912708402074,0.13749681168186498,0.1002358300813917,0.12278637549313148,0.054589072329741715,0.12099242234469995,0.08000405724707922
341,0.0,0.1470367334700405,0.07169236069309869,0.10677802642581245,0.0571668290409039,0.1376447248737222,0.10149874600379127,0.1217836143880084,0.05506774333953551,0.12322755837255622,0.07810366339255692
342,0.0,0.14617687449004532,0.07263651354646537,0.10827772014882955,0.052254017538578154,0.13808378923805234,0.10207016691824666,0.11957270709079673,0.058914342991131574,0.12872180442925873,0.07329206360862164
343,0.0,0.1464279344687753,0.07252402258533759,0.10823570269709336,0.05150807132205775,0.13756837423332996,0.10331831707354075,0.11848176062629101,0.059535449778020014,0.1310584534718079,0.07134191374377252
344,0.0,0.14657048925984195,0.0725448473925347,0.10820186504236148,0.050655594975536435,0.1366524154116049,0.1045094207999293,0.11707608947953467,0.06088772392633554,0.13406002357292426,0.06884153013942307
345,0.0,0.14874186637356815,0.07121780054569639,0.10608663283278975,0.051290558196926926,0.13203852913788108,0.1108530001100948,0.11170540679477939,0.06326096655030077,0.1444380960160396,0.06036714344194952
346,0.0,0.1511445250176994,0.06970615965510171,0.10311508066065189,0.054183819627037055,0.126452904781359,0.11767849164423894,0.10648745155133749,0.06462955615101217,0.15321965198648696,0.053382358925101604
347,0.0,0.1520482090664064,0.06912771871413612,0.10165786721914774,0.056078866017762935,0.12346458356869397,0.120296775097349,0.10416026933024015,0.06571100594493445,0.15690983322794652,0.05054487181340904
348,0.0,0.1524835317823688,0.06875112986840716,0.10054807253504533,0.05803484706908114,0.12093137302209213,0.12111589291970368,0.10257139048420011,0.06738205372782882,0.15950630728568327,0.048675401305616026
349,0.0,0.1529578356931999,0.06840722022506178,0.09956644387465244,0.059625976251824024,0.11891777522068846,0.12220618029097285,0.10123564128980307,0.06833795545595975,0.16149460467509788,0.04725036702276617
350,0.0,0.15565159173273918,0.06672845741935923,0.09424145778748087,0.06786693401991553,0.1086735171470673,0.12975209008019328,0.09430812079655146,0.07132437272312371,0.17051581068438185,0.040937647609214034
351,0.0,0.15607665755791755,0.06638819577608758,0.09307359978049325,0.07005809229469792,0.10636197457018029,0.13064819514642384,0.09296374042284367,0.07230760027514961,0.17212102390665165,0.04000092026958107
352,0.0,0.15766226394706878,0.0652192505347197,0.08853369119682457,0.0785198960113601,0.09763852249114915,0.13427993929654508,0.08786644792285417,0.07557715071140224,0.1774987276201115,0.037204110267991516
353,0.0,0.1580346671307554,0.06491164239424191,0.0872568526391435,0.08104889549390132,0.09524734808179855,0.13494612173107953,0.08651941527601142,0.07654016685569273,0.17874137777045213,0.03675351262695038
354,0.0,0.1583936573251128,0.06461585782458006,0.0859627662611367,0.08362710499167594,0.0928621604604862,0.1355556633752757,0.08517127646140593,0.07749348141967163,0.17990514058266402,0.03641289129801796
355,0.0,0.15873711518530806,0.06433428333073785,0.08465509160112314,0.08624476663793165,0.09049118554038763,0.1361066039650747,0.08382299176364781,0.07843463475728288,0.18099030155125007,0.03618302566728324
356,0.0,0.15916087572339993,0.06391924131239358,0.08280831424046399,0.09012796744365861,0.0874132785644752,0.1359751930230514,0.08207934926460411,0.0800141167361677,0.18217853424192937,0.03632312944988335
357,0.0,0.15947581277415002,0.06367700390432826,0.08146438176251618,0.09280887940322322,0.08511168762900435,0.13637805636734324,0.0807162726399133,0.08092429027474933,0.18308710791601274,0.03635650732878662
358,0.0,0.16022406425058117,0.06333414387536157,0.07717068717029538,0.10108729371271459,0.07674391814536967,0.14038967944151626,0.07577746301172324,0.08281569447441131,0.186213248735939,0.03624380718211499
359,0.0,0.1603647662132054,0.06325758768931125,0.07527082575503195,0.10502632529245537,0.07321931613744789,0.14129164600533278,0.0736963024746508,0.08381496826567474,0.18714301818875895,0.036915243978158103
360,0.0,0.1604863216608055,0.06315938416900121,0.07286030150593607,0.11008934775712982,0.06938090709347754,0.14119301880438923,0.07125206692185304,0.08520788590674887,0.1879494394270677,0.038421326753618416
361,0.0,0.16037922064610916,0.06327749264143638,0.0711440156438396,0.1137423241533692,0.06631818746233137,0.14163837758207015,0.0693222384999071,0.0860255389029353,0.1884533905652695,0.03969921390275986
362,0.0,0.16024234921645447,0.06342938851511858,0.0689170071885216,0.1183810761040523,0.06314822955164487,0.1410049323581293,0.06700386512665128,0.08712617474146642,0.1888300104585521,0.04191696673943675
363,0.0,0.15857453661992052,0.06471030308399642,0.06618083593530402,0.1252028914140114,0.05691161671389145,0.14208401950590738,0.06307478679135307,0.08816766934284956,0.188534366982047,0.04655897361074669
364,0.0,0.15790032427642098,0.06531018227406903,0.06451417030516529,0.12874072524121186,0.05509125636383618,0.1405300545888932,0.0611856017999371,0.08862396734426736,0.18830246818457758,0.04980124962164904
365,0.0,0.15751635807643355,0.06566770305304429,0.06373140993817646,0.1303515142332102,0.05437368795347375,0.13964936067788633,0.060268445529882204,0.08876967703927664,0.18815149720818314,0.0515203462904611
366,0.0,0.15717794398746524,0.0661403555755052,0.0623304358410157,0.13274380750586864,0.053828981236228646,0.13774221592735159,0.05882775707106959,0.0889362242192567,0.18811671648669626,0.0541555621495703
367,0.0,0.1561953943011681,0.06696649757139761,0.061568769039815376,0.13451244813325725,0.053038254633147534,0.13656325901548255,0.05759472923029674,0.08893435379271443,0.18764556583351807,0.05698072844923014
368,0.0,0.1557678468542344,0.06761096488908386,0.06026350726913853,0.1364146627343166,0.053071223755393526,0.1344122847918913,0.056175042031209724,0.08886242895142288,0.18762275091500058,0.05979928780833664
369,0.0,0.1553170479210929,0.0683377514040028,0.05898307387310671,0.13806974544374137,0.053400181899270774,0.1321435475961496,0.054737586922920564,0.08870910051183527,0.18762051456458315,0.06268144986332498
370,0.0,0.1548435883092527,0.06914552677170725,0.057732921038185676,0.13946946309174518,0.05402357987516205,0.1297627329008913,0.05328909526147259,0.08847368031673034,0.18764837773665738,0.06561103469822364
371,0.0,0.15427270527271295,0.06982221704332059,0.05717226012292373,0.14009352153573262,0.054449435346367654,0.12835658244110187,0.052444660521006575,0.08821587299579758,0.18756153677219864,0.06761120794886583
372,0.0,0.15314327490784793,0.07152761777178493,0.05549929558262417,0.1413568492836449,0.05631881592844566,0.12426416274275194,0.05018571215975304,0.08745024289551631,0.18765753567127477,0.07259649305638469
373,0.0,0.15266545542985505,0.07285364794351484,0.053778027374895655,0.1421548064422551,0.058592287553229164,0.12043196138223079,0.04816778560115163,0.08677423711761402,0.18804463063091026,0.07653716052437202
374,0.0,0.15054245648895942,0.07490551154411408,0.0538491497092211,0.1412637851703391,0.06071533322147569,0.1176064975527107,0.047095758872147474,0.08546374592726756,0.18794665335079894,0.08061110816299462
375,0.0,0.14986022172433044,0.07581328523114114,0.05353117792533639,0.1409148471117584,0.062119762352393304,0.11584622920589052,0.046394435594522054,0.08482320155829298,0.18810593666684944,0.08259090262951418
376,0.0,0.14855582480958424,0.07803633299060224,0.052388187852408084,0.13985766133835772,0.06622583790920158,0.11108270392659349,0.04445647280566873,0.08312970293480926,0.18891032531169694,0.08735695012110672
377,0.0,0.14786515365144695,0.0790136827313742,0.05216712204417067,0.13908420487260575,0.0680230898471064,0.10921551783197103,0.04382358810959353,0.08233048035947786,0.1892421453695794,0.08923501518270324
378,0.0,0.14717633672174477,0.08000368229822556,0.051976497194997515,0.13819162963519077,0.06992604829362047,0.10732166710825435,0.04321611377948583,0.08148600572236132,0.18962549263193254,0.09107652661421599
379,0.0,0.14649217974938475,0.0810033663080795,0.05181534375429278,0.13718307257360912,0.07192996952049721,0.10540431193400104,0.042634302704879154,0.08059786762707707,0.19006224000411195,0.0928773458240967
380,0.0,0.1439849744038241,0.08545237071924532,0.050857792595957386,0.1317272612658548,0.08207753147842,0.09642918522007368,0.0399598953155545,0.07628839088724806,0.1929339748632908,0.10028862325056037
381,0.0,0.1392400360077194,0.09130938839027156,0.0532510217893685,0.11935284378293694,0.09762474592852537,0.08537352218731328,0.03910031476390005,0.06970431448344261,0.19683544108404308,0.10820837158250869
382,0.0,0.13845196921397646,0.09300222592145731,0.05347809808048806,0.11521293115108762,0.10320549108958901,0.08140870462844187,0.038596404386076005,0.0671967562836662,0.1990703362766849,0.11037708296856218
383,0.0,0.1372992408948437,0.09463297898261316,0.05464376994044235,0.10972825040257363,0.10956402040983454,0.07727843967174737,0.03870443273242546,0.06481092735397234,0.20091689559589554,0.11242104401568168
384,0.0,0.13708071621633383,0.09627641654490007,0.05463751522279419,0.10465051492849368,0.11626694191084336,0.07271000379483096,0.03811266731187621,0.06148730323827494,0.20467444531432713,0.11410347551735556
385,0.0,0.1369806664746344,0.09686792381738779,0.05482134691363585,0.10234068372431307,0.11907862348401085,0.07088729579414416,0.0380157941005007,0.06019988123389829,0.2061444969457656,0.11466328751173935
386,0.0,0.13716449228240984,0.09811982712058821,0.05491296142665339,0.09708618578815605,0.12557668650297651,0.0666585537969005,0.03765640296336261,0.05691762187378818,0.21032616233486642,0.11558110591032855
387,0.0,0.13737610224577412,0.09908531329640016,0.055687596427136714,0.09055255090628657,0.13286005025818756,0.062378878001751396,0.037761230265669646,0.05387589706664545,0.21430411560768992,0.11611826592448901
388,0.0,0.13768630119724634,0.0994559713657699,0.05626210132101999,0.08640400304915541,0.1372930426605033,0.05987999875187757,0.03794069632817684,0.052185213810299905,0.21669144602873844,0.11620122548724297
389,0.0,0.13831106168004936,0.09969536865755195,0.05630261789650662,0.0835447288866707,0.14046873618436578,0.05786863239070847,0.0379406132962051,0.050272236397422405,0.21970548549909102,0.11589051911145937
390,0.0,0.13952277760801324,0.09976713460831746,0.056962637260043365,0.07720008076636742,0.14699678119814114,0.054315286175123934,0.03825142415464328,0.04758131390693829,0.22421651283727403,0.11518605148516883
391,0.0,0.14013414423134732,0.09967981964176768,0.05714659144102732,0.07497989261530243,0.14920685833401484,0.05307491021750152,0.03839312958381381,0.04650555645918391,0.22616743351071603,0.11471166396535618
392,0.0,0.14214008593989869,0.09900619898332796,0.05800291158393485,0.06777799845539817,0.15612550011359527,0.049731193479315566,0.038869083557254956,0.04466190075582468,0.23019511022539152,0.11349001690608938
393,0.0,0.1439435351893436,0.09826713823441925,0.05829090174746602,0.06374901129824954,0.15971461298420833,0.04779732229467062,0.03926340281659924,0.04285071711586127,0.23426164111123504,0.11186171720797816
394,0.0,0.14559448574267342,0.09746447008144557,0.05856013672204625,0.0603033268484593,0.16268826229993127,0.046381255376643,0.03956404962550874,0.04191746653579445,0.23693943760465452,0.11058710916287467
395,0.0,0.1474217634541233,0.09650407453282252,0.05877605428835463,0.057037512804095934,0.16535327721783735,0.04514951790135063,0.039870008074003066,0.041138779866620956,0.23958107102638,0.10916794083444294
396,0.0,0.15069395336975958,0.09465501229750149,0.058991346795868885,0.05236536750450763,0.16875567249294138,0.04359571543340202,0.04042389003620328,0.03990908658633933,0.2442229681253087,0.10638698735819926
397,0.0,0.15201055753760626,0.09385049359865937,0.059069017218880915,0.05085764563612229,0.1696462016973342,0.04314806965880364,0.040714225140667915,0.03936698619120451,0.24625133772619678,0.10508546559455587
398,0.0,0.15830479315580648,0.08996127182598247,0.05902175719918421,0.04462337878822056,0.1729231416757482,0.042045394838532056,0.04153893427735233,0.03856381503016318,0.2531195181731948,0.09989799503584745
399,0.0,0.16032555935649154,0.08848640182005002,0.05915353550858028,0.043501786866963287,0.17268685758924615,0.041986768068721605,0.042255492366239586,0.03774947979997828,0.2565476717010372,0.09730644692272387
400,0.0,0.1641487069256105,0.08607561335694286,0.058851775894602935,0.04077299855958747,0.17339943902742536,0.04217166604660497,0.04244883712262699,0.0383555272452424,0.25907832014257354,0.09469711567881496
401,0.0,0.16629751766976048,0.08442061240744755,0.05896456742624485,0.04007775183707307,0.17246820675581667,0.04244086365007587,0.0432553489829217,0.03781419924357838,0.26235553986847465,0.09190539215863895
402,0.0,0.1691433774933338,0.08253546980254373,0.058714145374017715,0.03871811032090809,0.17205291912919554,0.042968783784384026,0.04349946749686168,0.038321568581386974,0.2643201821722142,0.0897259758451865
403,0.0,0.17255039122180543,0.0800760843819564,0.05856732371493831,0.03777327593755118,0.17048559939897368,0.04383554376594083,0.0442295986899099,0.038565146057992994,0.2675721917497155,0.08634484508124815
404,0.0,0.17598814462575954,0.07757145637506452,0.05837554268978199,0.03715913443006537,0.1684032843151316,0.044959363886673376,0.044974043944774,0.039011631008648386,0.2706061026815262,0.0829512960426074
405,0.0,0.1823246421528695,0.07312051677603919,0.05772097289091149,0.03650204308176466,0.16384148523013364,0.04770457433249918,0.04587352203861145,0.04070446013941016,0.27469861769604903,0.07750916566174443
406,0.0,0.18453980098413114,0.07129984865672044,0.05772367170666436,0.037002842577032916,0.16106197099089725,0.048799511039454346,0.04686985028282698,0.04096025342600006,0.27711351049819233,0.07462873983811294
407,0.0,0.1862162853481645,0.07007154660266601,0.05756925580931223,0.03719683591385631,0.1592458290326673,0.04972625267330215,0.04725326305577697,0.041485442376858486,0.2782132642107695,0.0730220249766595
408,0.0,0.1878736929845413,0.06886056544311851,0.05740694641310834,0.03746000523225386,0.15732408502978767,0.050702154880054695,0.04763480023319638,0.04205066555715308,0.27924277083651255,0.07144431339030652
409,0.0,0.1900041873327467,0.06711592134327699,0.057344239799985694,0.03828688032739186,0.15408845339444094,0.05200504863336171,0.04865362457109368,0.04255220067360123,0.28121361002650525,0.06873583389762891
410,0.0,0.1937527174351651,0.06479916219659275,0.05659638682164968,0.03859668198799846,0.14995749895469856,0.05478034965400918,0.04845495949135046,0.04471913362671497,0.28166792082419556,0.06667518900765847
411,0.0,0.19528011519716157,0.06371125051921112,0.056418129119671055,0.039153643516797426,0.14757406950965501,0.05595457995719132,0.04882317893110396,0.04544323289800984,0.28236812527879823,0.06527367507243383
412,0.0,0.1967714204578287,0.06265857949305112,0.05623595688643328,0.03976522072253374,0.14510781821820565,0.05716497279709923,0.04918607704264511,0.04619651423202145,0.28299361133014633,0.06391982882006879
413,0.0,0.19822391626868788,0.06164397869337059,0.05605068674902241,0.040428436977613516,0.14256337565369584,0.058409058414953,0.04954294270732388,0.046976871302991545,0.28354413368133236,0.06261659955104251
414,0.0,0.20053846955202825,0.06022861871501136,0.055628513242029,0.04127870098260419,0.13859968677466034,0.060689281302251846,0.04957580101841082,0.04859760875722889,0.2835607199178416,0.06130259973796727
415,0.0,0.20517706473998168,0.056398371413631104,0.05525488715324837,0.04615416488088361,0.12638454593590254,0.06492491088025025,0.053410476012727894,0.05074254589496039,0.2872490710345689,0.05430396205387896
416,0.0,0.2084206128894836,0.05443373448258909,0.054585088367606886,0.048896391082102884,0.11786791487574744,0.06917145776428078,0.054128960598614516,0.053508353037120544,0.2871404543360919,0.051847032566396195
417,0.0,0.21025341920633545,0.053188388772850974,0.05402638100930342,0.05187226312026407,0.11124778388554946,0.07144003431325893,0.05599333657195379,0.05517446023220348,0.28724323052603945,0.04956070236227511
418,0.0,0.21164904129441367,0.05257299672458556,0.053724097387804155,0.053162144852495236,0.10669223856139698,0.0740494821449023,0.05575316260017956,0.05682212417945033,0.28655941425634296,0.0490152979984634
419,0.0,0.21285060094106684,0.05212005563685853,0.05350458876538121,0.05450253604193787,0.10200245890242848,0.07668772198545586,0.0554950725942461,0.058464890793821424,0.2856816421562186,0.048690432182619224
420,0.0,0.21436390394133642,0.0516243277564047,0.05230439311560969,0.058582679576002154,0.09392243704569167,0.07916031550988495,0.057714793014864485,0.06093220652714322,0.2839533819360133,0.04744156157708349
421,0.0,0.2151160691353954,0.051532547515020045,0.05220349600768359,0.05992468737514605,0.0893249921435022,0.08176771381785451,0.05728815791965213,0.062468885232691874,0.2829495461896068,0.04742390466348166
422,0.0,0.21581434086911905,0.05177170064397922,0.051688575591089705,0.06232987650656847,0.08308175521698428,0.08463001091305038,0.05743327288859845,0.06461851496586231,0.2808586912866189,0.04777326111816371
423,0.0,0.21601835529052027,0.05195056393093835,0.05158908033874092,0.06323352444496334,0.08042818701503675,0.0859584445592148,0.05730302990189709,0.0655028088088166,0.2799850230302668,0.04803098267963962
424,0.0,0.2161838891890251,0.05236152492852754,0.05121999222456149,0.06457040607083799,0.07718191361571333,0.08733562390780111,0.05735888960413857,0.06669906054748917,0.27846091914859333,0.04862778076334693
425,0.0,0.21606245618375325,0.053710476261870053,0.049944252273706795,0.0668520338364039,0.07292687347439603,0.08863961644345555,0.05762012998528966,0.06889740697687399,0.27430246914473694,0.051044285419548266
426,0.0,0.2159621004062346,0.054142483530537494,0.04992927559277864,0.06758081104126341,0.07067349197211492,0.08981031882034934,0.05727946500154134,0.06968596986021186,0.2732730612170437,0.05166302255795922
427,0.0,0.21557673026138174,0.05514087329562983,0.0500015464392187,0.06895347020183154,0.0663129276670847,0.09206860611863306,0.05652223001004553,0.07118889368896791,0.2711653328087474,0.0530693895084942
428,0.0,0.2151104973326765,0.05592561920644512,0.05051815061490911,0.07001663071074064,0.06222073083281205,0.09433004154333237,0.05572210392018328,0.07228729207898459,0.26994321846881614,0.05392571529113495
429,0.0,0.2142641558066316,0.05785353487976082,0.04972242000647402,0.07094168942732164,0.060307094991875525,0.09485538594482396,0.05496771474568923,0.07380367656390928,0.26590783352776814,0.05737649410578074
430,0.0,0.2137919532227273,0.05856589629409912,0.04992512043463711,0.07141541346714833,0.058496205773363175,0.09578985498908053,0.05443201299110693,0.07440479405006374,0.26481950412836763,0.058359244649441144
431,0.0,0.21256305844849505,0.060833032407295165,0.049327228446505986,0.07167453368684559,0.05776761561700415,0.09585326615193117,0.05317933580372387,0.07573261707285212,0.26039176268086617,0.06267754968451592
432,0.0,0.2102399358046894,0.0638519648326677,0.050173038454977954,0.07227054811674351,0.05411426159202822,0.09769871989614667,0.050845296232409715,0.07734205265656022,0.2560862539121367,0.06737792850167536
433,0.0,0.20947897945265775,0.06473238581319653,0.0506186726157467,0.072425706267191,0.05286931482191529,0.098338025135376,0.05012796624447095,0.0777285118897399,0.2550836152844088,0.06859682247533257
434,0.0,0.20758113038620335,0.06634404312074835,0.05255245558478836,0.07331046234564764,0.04798398036096028,0.10093894073365002,0.04869442756730077,0.07842285125945203,0.2543523041770719,0.06981940446421306
435,0.0,0.20541368440363206,0.06812857707715725,0.05469100871070403,0.07401763136882392,0.04337293840379739,0.10332254853221896,0.04726952865689708,0.07899096113079924,0.25350306093460945,0.07129006078139664
436,0.0,0.20316840536901495,0.07075564749792886,0.05585038563774235,0.07346412788619693,0.042451105691911156,0.10356803546917095,0.04536449578939353,0.07941671042321567,0.25078921205328164,0.07517187418218008
437,0.0,0.19952319948432362,0.07381578572387328,0.059061836565154444,0.07358109794546934,0.03801439252080703,0.1056176481343799,0.04319899592483703,0.07975389592751068,0.24923224939037703,0.07820089838330396
438,0.0,0.19750368181232142,0.07667782296081806,0.05975572192788454,0.07153059151766805,0.0406673331789178,0.10386899653047227,0.041035853971056226,0.0796050042843296,0.24608160344053115,0.08327339037603733
439,0.0,0.19498825827542324,0.0800762964583462,0.06097153061465543,0.06824753631370546,0.04516788352319664,0.10103628294184826,0.0382316538547834,0.0792288987244549,0.24213476212804358,0.08991689716557909
440,0.0,0.18872100231489064,0.08416448167672869,0.06715215317379437,0.06874153091597991,0.03814459523525342,0.10394516627333938,0.03590636721500335,0.0787106828606373,0.24299826775648353,0.09151575257792552
441,0.0,0.18563241450548365,0.08744020708886727,0.06964387595975406,0.06561656568541195,0.041371457320610976,0.10154951162686425,0.03356357192551608,0.07766192058562547,0.2410894932503145,0.09643098205158801
442,0.0,0.18335522386632055,0.09006374320116893,0.07172274207132884,0.062055334220781744,0.0457957556894379,0.09852439599762505,0.03154116776527133,0.07656715737886101,0.23917763773577613,0.10119684207346485
443,0.0,0.18131516286591082,0.09160619747491604,0.07362000866166458,0.06129263987987175,0.04567534006783346,0.0981219192430195,0.030728588124465873,0.07599512636885535,0.2393405427477102,0.10230447456578887
444,0.0,0.17822203337449063,0.09455212985391263,0.07682862364079901,0.05752569727601185,0.04975620122405142,0.09490073129890439,0.028791942552158563,0.07451587834920703,0.23823041366927727,0.1066763487612238
445,0.0,0.1766915129047431,0.09595702499051637,0.07853604340336588,0.05558774121139161,0.05184737675193715,0.09319018073432632,0.027927187612629356,0.07372778472268084,0.237803340874892,0.108731806793554
446,0.0,0.17477699469121014,0.09741675689769332,0.08030968664273087,0.05470007160315796,0.05232567517400143,0.09233221450654258,0.027335806157182906,0.07297823633142596,0.23828895798821403,0.10953560000787753
447,0.0,0.17147254989579125,0.09984156519021783,0.08300714765239736,0.053862480658760266,0.052722081614774076,0.09107701639752022,0.0265720700679186,0.07179732719247862,0.23958204509262926,0.11006571623754931
448,0.0,0.17041307557818217,0.10074392090282921,0.08406125532413507,0.05287898109795878,0.05388421589288922,0.09000422381942075,0.02622334200309971,0.0712139047773641,0.23971324696348936,0.11086383364066851
449,0.0,0.16687350910947932,0.10342800100525287,0.08650911774991345,0.05198624716141262,0.05568212474320165,0.08766690642182484,0.025544557352871183,0.06993290907793266,0.24119810390524493,0.1111785234729033
450,0.0,0.16487645963988892,0.10505559011110692,0.08784710150589856,0.051031181560752786,0.057907949380219356,0.08550970404083633,0.025166542856150612,0.06905697255551577,0.24191709118075078,0.111631407168917
451,0.0,0.16321570302140015,0.10659956911270606,0.08938825038190079,0.04907512504714949,0.06115431321340399,0.08276168445714462,0.024874480064655775,0.06778434859319415,0.24239782393304532,0.11274870217543673
452,0.0,0.16243442134307307,0.10733135558624866,0.09011797945058067,0.048116504091310144,0.06281722580823267,0.08134828105554441,0.02478355141813972,0.0671433883145674,0.24267037358541566,0.11323691934692477
453,0.0,0.15776972234424486,0.11228056209753969,0.09349405808540749,0.042428072486488354,0.07757908608766492,0.06830868955177481,0.024957530353443627,0.06259864146885409,0.24585672266994285,0.11472691485467629
454,0.0,0.15740101558880787,0.11269914810609581,0.09382611074813789,0.04172549559051777,0.07942440914257258,0.06670521219958131,0.025179960156031377,0.062011827679269604,0.24625084200100258,0.11477597878802037
455,0.0,0.15679495902160445,0.11331828586503899,0.0947553274934163,0.04027692945742863,0.08203851095186276,0.06435082350136216,0.02570556524864103,0.0608916233310572,0.2468774792736862,0.11499049585593951
456,0.0,0.15653573434282222,0.11364851695647334,0.09500293234144852,0.03968665147401776,0.08381261926083802,0.06274775516911804,0.026011146587921467,0.060339488977638064,0.24730330128803343,0.11491185360172651
457,0.0,0.15641439399072668,0.1140058340861368,0.09476311892946339,0.03934103559687542,0.08663444388992762,0.06024117587678071,0.026362783672106104,0.05979858498490694,0.24793293922476864,0.11450568974834517
458,0.0,0.15644173810537937,0.11424524083521002,0.09439498972000421,0.03909448136998693,0.08948589071495151,0.05771016328152962,0.026753561725287936,0.059314705344844204,0.2485295387279165,0.11402969017492726
459,0.0,0.15745029200593894,0.11409056756028203,0.09217464470326811,0.03984893652602951,0.0957378969924271,0.05232139101810167,0.027189654495439662,0.05921462948113304,0.24930692588271786,0.11266506133469952
460,0.0,0.1579510549326161,0.11390145886711821,0.0914372928132878,0.03993512594903668,0.09863951400654257,0.04977858044701074,0.02766071156949773,0.05896144010508627,0.24970202377641243,0.11203279753342903
461,0.0,0.15800262006589916,0.11389162149360688,0.09171629850253875,0.0392266129263605,0.10092567659788523,0.04761958102883469,0.028699229363073772,0.05803969312063566,0.2504479328204729,0.11143073408073026
462,0.0,0.15875617683105592,0.11348636441078258,0.09082130715229929,0.039553843322732415,0.10364801917474062,0.0451401518623115,0.029237989225329216,0.05788108307373737,0.2508275908891158,0.11064747405793296
463,0.0,0.15901120855514123,0.1132736880618507,0.09091499670881398,0.039158470479524775,0.10565329508427344,0.0431303933208571,0.03040306706387846,0.05709986668187405,0.25153603362842847,0.10981898041539563
464,0.0,0.16043143140703642,0.11223952935228651,0.0901479420174235,0.039439615053848485,0.10996494604788644,0.038479395098277205,0.03286368572109634,0.05602310428548299,0.25289355175611533,0.10751679926058494
465,0.0,0.1616824924353754,0.11130851031489661,0.08921024818930276,0.040214240480811576,0.11224358919524595,0.03590326578575835,0.03416545261495323,0.05577190574326288,0.2535050692483772,0.10599522599205442
466,0.0,0.16237685759122872,0.11076983238769983,0.08868239221873456,0.04071033558630014,0.11328270853361844,0.034682326009538245,0.03483267785801997,0.055702566459341116,0.2537787031489937,0.10518160020656368
467,0.0,0.16311623910720535,0.11018594557670539,0.08812196664280914,0.04127788820587833,0.114244621147918,0.033507193496596754,0.03550589301100047,0.055669881388914995,0.25403336096041335,0.10433701046259655
468,0.0,0.16614523229359274,0.10799750801104917,0.08549113358165852,0.04388375143833539,0.11741243861917235,0.029881246414826305,0.03603069007050084,0.05648750168176902,0.2541762039516235,0.10249429393751082
469,0.0,0.16780675449540045,0.1066425857890859,0.0841944851854277,0.045391194226018054,0.11881210344771595,0.028105525854282134,0.036637572415672476,0.05689681954336764,0.254226504144016,0.1012864548990523
470,0.0,0.1689067043358801,0.10554614643905112,0.08344523987835181,0.04648015813651844,0.11942908990922119,0.027018086237867923,0.03809042335144395,0.056867120868043186,0.2545670752549286,0.09964995558873234
471,0.0,0.17071675701898464,0.10400667765918678,0.08212678642138918,0.04826013238589874,0.12041963473769615,0.025474404792543058,0.03867149414720874,0.05741260317447517,0.25452823518450696,0.09838327447814936
472,0.0,0.17175382217687082,0.10304403324881173,0.08138014823956102,0.04936044898748755,0.12079399081409564,0.024716915498152525,0.03934669983501184,0.0576658089880215,0.2545670832037629,0.09737104900826321
473,0.0,0.17333314188599686,0.10139837525244953,0.08013002102973535,0.051366723997603676,0.12065435170799894,0.024042327909316444,0.041555762466551946,0.05791114150503936,0.2548142365210828,0.09479391772426433
474,0.0,0.17944271911250712,0.09591211571226464,0.0766339991455243,0.058006239128772785,0.12173545961960558,0.020317183041938476,0.041276032824733216,0.060714969045017254,0.25351308530844535,0.09244819706123023
475,0.0,0.18178558073878065,0.09346738206261941,0.07503602461715426,0.06110194812485284,0.12123158314430336,0.019729778031321282,0.04250400578827854,0.061723973472036314,0.2531245624156035,0.0902951616050891
476,0.0,0.18373317748189638,0.0914294410458189,0.07394567695021378,0.06370647455163486,0.12070576752812007,0.019210153539121918,0.04289242872117914,0.06274574571423065,0.2525158010443303,0.08911533342349334
477,0.0,0.18492269725034483,0.09013794412054282,0.07312643926698176,0.06541960942810743,0.1202143702570988,0.01911290023239983,0.04347327799526685,0.06334548951564435,0.2522185107275596,0.08802876120609317
478,0.0,0.1893747942303271,0.08501039700929336,0.07171880484299063,0.07218416080621691,0.11770654838896585,0.01823938498255134,0.04282872372192865,0.06642546049761096,0.24948703063619185,0.08702469488396261
479,0.0,0.1904927632934424,0.08364866430958852,0.07095107053767402,0.07406925400728039,0.11692732316283805,0.018416307606592255,0.0433783051095442,0.06710719228410905,0.2490372398534366,0.0859718798355339
480,0.0,0.19304265946984314,0.08017903570070321,0.0703819907894258,0.07903406472955887,0.11415226659515787,0.018701981360936978,0.04309912269696885,0.06931477998874526,0.24669654502690658,0.08539755364179305
481,0.0,0.1963738265455528,0.07555454667654983,0.06848932226972093,0.08608828298382408,0.11003553399066171,0.02016538398842951,0.04432474749597918,0.07201035037909337,0.2443203276179485,0.08263767805228006
482,0.0,0.1973032191222293,0.07424962170266847,0.06778344351940019,0.08817938363654913,0.10881468715931639,0.02074904992736607,0.04480278288691217,0.07278121494736262,0.24367924744918654,0.08165734964904912
483,0.0,0.19841866467654995,0.07240991271384958,0.06739033509585628,0.09127308143521894,0.10660453350574363,0.021597468144227853,0.04498095296102233,0.07402278483693424,0.2423056405355635,0.0809966260950737
484,0.0,0.20053238497536724,0.06982174595896108,0.06466383381097388,0.09579818056130505,0.10428769252413288,0.023406081782872172,0.04683155826744784,0.07554929453388066,0.2415678405998039,0.07754138698529553
485,0.0,0.20131847951168785,0.06865049088502398,0.0639918923012479,0.09798666754069157,0.10276385844020956,0.024240388488967445,0.04721974068470226,0.07638291904618617,0.24083166767675837,0.07661389542456518
486,0.0,0.20206256649319376,0.06751505626043146,0.06333268817980105,0.10018592572136469,0.10118797933183155,0.025123723459790675,0.04758964135589072,0.07722497690084419,0.24007665776133308,0.07570078453555927
487,0.0,0.2033521113911162,0.06581946768998782,0.06162709478520577,0.10366635780434111,0.09893637006415952,0.026770631557776915,0.04854263283175623,0.07852966759953517,0.23916353958463898,0.0735921266915229
488,0.0,0.20457240851966532,0.06341027698615907,0.06090713115399377,0.10900154937081644,0.09434471311820865,0.029088596775098872,0.04887239063731617,0.08066622514174873,0.23693800826570327,0.07219870003133055
489,0.0,0.2051931547576667,0.061098087896233146,0.06086428483973363,0.11505780238825858,0.08853348991814843,0.03192193978855583,0.048931718547215765,0.0831001619548543,0.23392647191196111,0.07137288799741354
490,0.0,0.20550319031604106,0.060329565983463965,0.0603370076212462,0.1172061850954681,0.08674796772194363,0.03309540682790643,0.04919439765978976,0.08393582815447373,0.23305095558100994,0.07059949503869817
491,0.0,0.2059462884418853,0.05896242327373013,0.05936139454121197,0.12143629842304421,0.08311433519927626,0.035518019843510606,0.04966880175577889,0.08560338479156328,0.23128000819212297,0.06910904553791765
492,0.0,0.2061437932442337,0.057819238031586846,0.05848760501861773,0.12556006025089683,0.07945522386576327,0.038028950724239605,0.05007917626109145,0.08725274354744952,0.22947116198050416,0.06770204707565822
493,0.0,0.20614643270646688,0.057331039203200096,0.05809003416891907,0.1275748444337573,0.07763598578546767,0.03931325411998071,0.050261661098272556,0.08806391622115922,0.2285485626535006,0.0670342696093174
494,0.0,0.20677900639820612,0.05609203310952757,0.05589762533401834,0.13215092676464266,0.07416769202400514,0.04269819693161289,0.05098826849092525,0.0899830671186144,0.22704406992451565,0.0641991139039736
495,0.0,0.20636518673822463,0.055498536061814235,0.05542120034224013,0.13590092009793664,0.0704659531110715,0.0453710114307601,0.05115379352332183,0.09162987065905771,0.22516750881232966,0.06302601922328534
496,0.0,0.20417899674043288,0.05590409455577838,0.05700298606143308,0.1391959573879501,0.06604278397000546,0.04736317495532167,0.05096767788801411,0.0930807199756121,0.22223899500311714,0.06402461346237706
497,0.0,0.2025502603381304,0.0559106426599936,0.0566505912427349,0.14394974895706447,0.06126359859036154,0.051240164199882636,0.05122454019566875,0.09528126822315716,0.2192491706498367,0.06268001494321215
498,0.0,0.20187724945012378,0.05601565675985653,0.05662229373126826,0.14540428223580212,0.05977081123472533,0.05251851969226024,0.05128562752115772,0.0959801732896924,0.218219962201609,0.062305423883547116
499,0.0,0.2002887360658167,0.05665474938777965,0.05715401646955989,0.14703358096274532,0.05777549720517611,0.05388828655854981,0.051371502030027674,0.09681386520383446,0.2164498785769134,0.06256988753963946
500,0.0,0.19946550919462094,0.05688775676030974,0.05721096879634131,0.14830757662881705,0.05645031105720792,0.05511797189643261,0.051426696847710694,0.09747137953981812,0.2153788548054535,0.06228297447333067
501,0.0,0.19670387202498735,0.05810792124535523,0.05791586074030459,0.15071287825338103,0.0536449661065828,0.05752947082224323,0.05161059370940189,0.0988913932171568,0.21241470177293964,0.06246834210769024
502,0.0,0.19454898063556475,0.058657635402545295,0.058262452372823105,0.15348860904093198,0.05075929276462329,0.0609290577297692,0.05152318475600177,0.10066058202378292,0.2097215149329145,0.061448690341086326
503,0.0,0.19135945058493256,0.06060517130832202,0.05935761249398885,0.1540867570256872,0.04975414144942127,0.06180633774953398,0.05188975854048514,0.10147366144745604,0.20685605235051926,0.06281105704969703
504,0.0,0.1899658239367333,0.06086400322743018,0.059927233558651774,0.15541891847904593,0.04828553641591279,0.06395108857563514,0.051655770753871844,0.1025524545235453,0.20514217403587254,0.062236996493344354
505,0.0,0.18654622534913526,0.06308643595902215,0.06100918822944348,0.15538197846415508,0.048119841939851166,0.0645065230452228,0.05214149908835235,0.10332065457784886,0.20201407020838152,0.06387358313863065
506,0.0,0.18522061961258945,0.06366956386560667,0.061591493029784186,0.1556824443488759,0.047724197716050264,0.06539194427637221,0.052125708024474846,0.10388260784601162,0.2006022303318551,0.06410919094842307
507,0.0,0.182501121661457,0.06484551064734136,0.0629350829094429,0.15600628303531955,0.0471800680561837,0.06704958583856042,0.05205163763497945,0.10504139534376829,0.1976484783669162,0.0647408365060746
508,0.0,0.18110508444289752,0.06543260408749829,0.06370833899344049,0.15602836812097218,0.04703557037507497,0.06782805944198626,0.05199356857627025,0.10562077418787995,0.19609718783460298,0.06515044393942071
509,0.0,0.17578124739077464,0.06806257471957328,0.06646324547425708,0.15494866922700123,0.04791931843012712,0.06948921465219948,0.0521127188508193,0.10759528302173049,0.190050389160581,0.06757733907298016
510,0.0,0.16896865984797563,0.07364938917231148,0.06723946408650176,0.15096323631362077,0.05336719510410308,0.06774534959271067,0.0542099089093645,0.10863767598821078,0.18243541988260187,0.07278370110264323
511,0.0,0.16551708540204654,0.07329671312572543,0.07210509152143221,0.14968081767732472,0.053714419951713034,0.07061158386358551,0.052814074432786615,0.11101989932154228,0.1766300946771094,0.07461022002677822
512,0.0,0.16242816075113853,0.07321587466087305,0.07642197492747634,0.1476377900181203,0.05501689345401602,0.07228519065203504,0.05178425110615907,0.11305259791170286,0.17113354332547218,0.07702372319305079
513,0.0,0.16070054668365877,0.0726986868225613,0.07968729247827375,0.14628011850923106,0.0556191346924886,0.07350558042287703,0.05085178365965641,0.11441137784553958,0.16766467347772854,0.07858080540802916
514,0.0,0.15817310345848004,0.07283174242573258,0.08303593567561851,0.1437188986199453,0.057882930775704514,0.07397616061114813,0.050316566830555215,0.11611524446574926,0.1625882681845745,0.0813611489525364
515,0.0,0.15695575447403398,0.07281034505880683,0.08479661834005649,0.14233515330763116,0.05911344791461022,0.07416908299584817,0.05002979612212115,0.1169965266042785,0.15994356171873753,0.08284971346392057
516,0.0,0.15143458504982715,0.07445872358974519,0.08957673020837517,0.13453906077171374,0.06834503476505703,0.07247734697987879,0.05054119045763099,0.12080350910998237,0.1469955293035343,0.09082828976429996
517,0.0,0.14506623031667276,0.07579281008707767,0.09541915719375312,0.12206788377122423,0.08378856583843879,0.06955762864099246,0.05171102545815282,0.12645798135437197,0.1271397270805908,0.10299899025877013
518,0.0,0.14259466440401974,0.07760522684020618,0.09518461739206693,0.11600955238610429,0.09247640869041968,0.06763085638350254,0.053458402822214146,0.12841610487423588,0.11842982758656381,0.10819433862071133
519,0.0,0.14170941044039648,0.07409229153584669,0.10190590735518189,0.1117903934700539,0.09553937453816194,0.06847791953716141,0.05186096374852353,0.1314603920340176,0.11015457592586125,0.11300877141484013
520,0.0,0.14142262646181,0.06975666376213482,0.10925674095239044,0.10849279810354434,0.0970391797640662,0.06959461554536195,0.04986756800394688,0.13430372040362412,0.10309114498615016,0.117174942017016
521,0.0,0.1411619903746415,0.06859492410783909,0.11132266807726997,0.10671188486470572,0.09865273989509107,0.06965651226044148,0.049551920267542224,0.13543224762232495,0.09986602725950862,0.11904908527068037
522,0.0,0.1410372294342417,0.0657241707950102,0.11596706418623835,0.10415040473123323,0.10027371056620683,0.07013495856923102,0.04850578514263432,0.1374044554628496,0.094743375232992,0.12205884587940782
523,0.0,0.1411431340007995,0.061138733730904206,0.12301066836386987,0.10080334946551325,0.10200985648938322,0.0708916188272224,0.0468864044933044,0.14015048414066353,0.08782126319395449,0.1261444872944304
524,0.0,0.14140961502985538,0.05656054609385225,0.12971522206515856,0.09750353928081246,0.10386812461481164,0.07145399554679825,0.04552095801830592,0.1427705518837962,0.0811315472446105,0.13006590022204437
525,0.0,0.14095261929988567,0.055880378847266474,0.1306847964474647,0.09396516721523157,0.10834064157339647,0.07076094101048162,0.04624301593069707,0.14445699789651656,0.07570772842999073,0.133007713349115
526,0.0,0.14099103831072923,0.0545636129215609,0.1324566653094038,0.09235785400603408,0.10984187089169939,0.07072175177586632,0.04618564570209726,0.14545637925215604,0.07285413710815462,0.13457104472234427
527,0.0,0.1410542638661646,0.05325662351715897,0.13416719885934122,0.09079391466653425,0.11130693729404671,0.07068178781411087,0.04616999922733541,0.14642030833541672,0.07008580399524238,0.13606316242469488
528,0.0,0.14091075850974055,0.052346940054902015,0.13530888868123575,0.08850314873965598,0.11393417966347122,0.07047994252809442,0.04663659739956754,0.1475414283961018,0.06648281316587257,0.1378553028614042
529,0.0,0.14102268448663793,0.0510903674889591,0.13685898828688656,0.08707529671157645,0.11526106923274827,0.07046712541269701,0.046725379125648815,0.14839954552485593,0.06397018890348748,0.1391293548265484
530,0.0,0.1411498115992911,0.04986391866437796,0.13833204245690864,0.08570063056207237,0.11654300254080652,0.07045481286217643,0.04686407386163648,0.14921126569416845,0.061567664698366394,0.1403127770602417
531,0.0,0.141289248247049,0.048673602962352444,0.13972350092650912,0.08438156679109071,0.11777802885507269,0.07044329558144637,0.04705493121262122,0.14997343175371938,0.05928192739180957,0.14140046627837544
532,0.0,0.14143809118528183,0.04752537535464673,0.14102897931402877,0.0831203391224892,0.11896432305184879,0.0704328622766695,0.04730006833333726,0.15068303233709177,0.057119394344370786,0.14238753468028137
533,0.0,0.1427483633705183,0.04148120313852344,0.14741073174163866,0.07864746777444298,0.12275520287354431,0.0702357779521527,0.048336790515996785,0.1534210320691127,0.048984065185375986,0.1459793653787402
534,0.0,0.14388847317427228,0.037998475410408926,0.15042735981555774,0.07691844563008798,0.12429541380529949,0.0698270960492916,0.049247168468645706,0.1545707845740782,0.04555085257986932,0.14727593049253512
535,0.0,0.14402947674033026,0.03731776292073789,0.15092100785963886,0.07606588380262269,0.12525980385819419,0.06973351748467076,0.049965576068895075,0.15483009701497583,0.04438143754236826,0.14749543670761256
536,0.0,0.14481975249655984,0.03476367908841958,0.15233292032361928,0.0737026336586319,0.12812528829319386,0.0692088065242472,0.05291087973491615,0.15532329552929242,0.04132619125054308,0.14748655310062328
537,0.0,0.144884549462662,0.03450606917643781,0.15225963745344237,0.07316010636822669,0.12885927927971122,0.06912404898091384,0.053930739306309525,0.15525054961778526,0.04090512388587769,0.14711989646868026
538,0.0,0.14437053845870385,0.035163260058800494,0.15125111683143844,0.07195591698567817,0.1304223905801293,0.06936035866450475,0.05666826363612737,0.15455144648044208,0.04083387624229448,0.14542283206192794
539,0.0,0.14490318125659585,0.034519723119571764,0.15072677479764526,0.07169751003161118,0.13117113089909116,0.06889051523245113,0.05863584920320036,0.1542334317489749,0.040931587811076926,0.14429029589982842
540,0.0,0.1414773302206578,0.04023030475293193,0.14698381104909816,0.07083475846495944,0.13143801306101055,0.0716243517214866,0.06275260932710079,0.15126750821226168,0.04471579472871577,0.13867551846182438
541,0.0,0.13909710524737828,0.04468377793921372,0.14380767870136013,0.0711343864913026,0.1304470710184125,0.07397418152175277,0.06596624952239859,0.14865240963962678,0.048893983464010686,0.13334315645459116
542,0.0,0.1388934056034009,0.04555532287236803,0.14264171559379915,0.0713397079101876,0.13021514676031412,0.0742043602019225,0.0675091436663683,0.14793036569181467,0.05025257822181676,0.13145825347805515
543,0.0,0.13706070146024307,0.049386659767683735,0.13974847609078314,0.07205421450394216,0.12875782238507422,0.07625364809194501,0.07026318207609816,0.1456035605369114,0.05445613234288337,0.12641560274448307
544,0.0,0.13679745483697847,0.05055025247998955,0.1383218128674716,0.07240100887547456,0.12829578960681973,0.07657058076206276,0.0719032058653252,0.14477142993826297,0.05619316374022257,0.12419530102744
545,0.0,0.13619794946727784,0.05316358972953417,0.13518532697349162,0.0732078799846111,0.12722862535932464,0.07726191218696347,0.07528258295527343,0.1429891415976982,0.059989775469972154,0.11949321627590084
546,0.0,0.13501101399429047,0.05620081747765198,0.13261879719533065,0.07400289239749538,0.1257849355471203,0.0787177059971021,0.07757317565101572,0.14119661579940052,0.0636408166090034,0.11525322933163698
547,0.0,0.13313694475502824,0.06471691180978092,0.12285711450387098,0.07671172191600918,0.12190823874863446,0.08107439957203555,0.0864937566946131,0.13621096122335058,0.07504996860767281,0.10183998216905128
548,0.0,0.13277301526587443,0.06662826258271026,0.12067121610028723,0.07731232650618616,0.12096635866132062,0.08161247347890664,0.0883280452064602,0.13521388109637944,0.07749049371088718,0.09900392739103499
549,0.0,0.13241147491394084,0.06859097712885794,0.11842910174497195,0.07792277029099469,0.11998247764209274,0.08217781698415398,0.0901645819492269,0.1342219623209202,0.07995387218498412,0.09614496483990395
550,0.0,0.13134483633817345,0.07469626743543376,0.11144285069769257,0.0797852263137424,0.11684695286136082,0.08405377141596948,0.09562258623162097,0.1313096284579725,0.0873547407638246,0.08754313948425711
551,0.0,0.1310276474784681,0.0767948332385736,0.10903176706649283,0.08040522515277967,0.11570514615364308,0.08473978719319222,0.09742768297034032,0.13038705053030886,0.08980744733609061,0.08467341288015845
552,0.0,0.13181202523988603,0.07979005814935643,0.10318403101536011,0.08167227388876945,0.11434299790153053,0.08407526091226133,0.10212617086636155,0.12918576017129038,0.09401176634035184,0.0797996555148804
553,0.0,0.1304945533392835,0.08569013728829042,0.09743837508147096,0.08315053081111506,0.11076029388007344,0.08714951063548368,0.10583002821830828,0.1269001857198538,0.10004331678735323,0.0725430682388159
554,0.0,0.13261107301563252,0.08976154645226055,0.08760067675955953,0.08523975843920541,0.10845658694772153,0.08558754012464459,0.11322838157000716,0.1256638490256751,0.10573801217063485,0.06611257549470688
555,0.0,0.1324773562023208,0.0917913283690064,0.0851021544345279,0.0858013702807472,0.10706838052353534,0.08655291969934747,0.11476967515092176,0.12507228360738765,0.10772493468364573,0.06363959704860787
556,0.0,0.13176923051806136,0.09706994173484192,0.07960445036687515,0.08697809418696992,0.10312347688381254,0.09017610682223585,0.11774154433807878,0.12375219054057458,0.11230045473257345,0.05748450987602483
557,0.0,0.13185435178395352,0.09887588309148458,0.07722361427419697,0.08744436713250368,0.10161133414359472,0.09128015084148394,0.11911130949533184,0.12340174946145219,0.11389613595597045,0.055301103820076594
558,0.0,0.1339283230858785,0.10181912562839543,0.06961412623476917,0.0889878027655589,0.0986313485956234,0.0911216004400439,0.1242534896752538,0.12308842488789407,0.11733536644810431,0.05122039223852703
559,0.0,0.13416131370776105,0.10335237804741262,0.06741777947327479,0.08939065824193398,0.09703830538533646,0.09234258811376501,0.12540393748433445,0.12297857107197817,0.11852063701772167,0.04939383145653044
560,0.0,0.1355124681288755,0.10636716726326374,0.061607190983000985,0.09047371460497065,0.09321178293998846,0.09454104013167855,0.12864544467516595,0.12307196555790634,0.12095220784381733,0.045617017871381296
561,0.0,0.13651557982478826,0.10856884084716271,0.05776830299068271,0.09107660365359403,0.0898483184834594,0.0972099108148209,0.13044674365727224,0.12346797179175599,0.12223908207011222,0.042858645866400494
562,0.0,0.13711708640303993,0.11016663000636742,0.05562768095659011,0.09127772494789607,0.08708388745976467,0.10021281716887295,0.1310283614087729,0.12397784238179692,0.12272979985290584,0.04077816941404218
563,0.0,0.1399583086721949,0.11226496961223423,0.05051065126246181,0.09170947454606933,0.08076465104962263,0.10606577781967222,0.13282858452282328,0.12577784348879129,0.12275147620186282,0.037368262824316885
564,0.0,0.14269841112935922,0.11237046146404067,0.04691936209026162,0.09207167475055514,0.07721788165236841,0.107284448989487,0.13523589650858564,0.12690082759969978,0.12235898976289213,0.036942046052799965
565,0.0,0.1439197754250205,0.11237154528103838,0.04571124535278571,0.09209968600107077,0.07535425025788908,0.10875357371830503,0.13574864212657514,0.12762747515570694,0.12184904409778691,0.03656476258387114
566,0.0,0.14703529372314317,0.11192778826514384,0.044102728280858136,0.09171921617795015,0.07059808356717498,0.11480456535938036,0.1351552783152049,0.12998376028976374,0.11963343782669635,0.03503984819473425
567,0.0,0.14865528066917935,0.11143659587036979,0.04314681602788223,0.09160095020184911,0.06867917755622216,0.11626514007970322,0.1356401760519446,0.13081780526114295,0.11871152166054359,0.035046536621213
568,0.0,0.1512033006417182,0.11042890311412468,0.04216508974730185,0.09128750041170994,0.06583904615228832,0.11917552892794568,0.13575297595594168,0.13224748905503997,0.11701763382523023,0.03488253216874956
569,0.0,0.15401522099409148,0.10909082684464684,0.0413154538332146,0.09089662947496388,0.06301735983145908,0.12201795181401866,0.13588231905532347,0.13370272844423045,0.11512761373366298,0.03493389597443871
570,0.0,0.15600574699415887,0.10808498560034079,0.04065456295499726,0.09064306018028823,0.061076710297625625,0.12340207983601649,0.1363818127861746,0.1345746767563156,0.11384349922455464,0.03533286536957817
571,0.0,0.16115110777915975,0.10517128969946533,0.03913650305982436,0.09004020617554409,0.0561428456207481,0.12599663850817253,0.13820363917891376,0.13661516452872757,0.11046878615832023,0.03707381929117473
572,0.0,0.1665098395886026,0.10167200979695566,0.038178269017840404,0.08934613707332775,0.051234400876691406,0.128363830054224,0.14005616147112218,0.1385616211133508,0.10679162376034398,0.03928610724759195
573,0.0,0.17062235595241843,0.09880476943767222,0.037729125221762964,0.08870805200998362,0.04716887397352258,0.12942167585112369,0.14221092627399023,0.13966129633879257,0.1038048079316067,0.041868117009177974
574,0.0,0.17433850527303174,0.09586183747848341,0.037694976889339114,0.08827946613359736,0.04457297415969555,0.13135179729194768,0.14261031979916095,0.14111186092320863,0.10136962148517714,0.04280864056640926
575,0.0,0.17820572574836796,0.09273443024028152,0.03772850759911265,0.08780571810058563,0.042030473278421826,0.13310825333962553,0.14314539466118023,0.14244089897615855,0.0989760020194963,0.04382459603682084
576,0.0,0.18377404443312445,0.0881135922976884,0.03784880415700554,0.08711943819497352,0.03888912234087075,0.13544605089862505,0.1437589676414117,0.1441876907381485,0.09591661264940789,0.04494567664879549
577,0.0,0.1888201826386271,0.08397412079477248,0.038110018054732506,0.08631202209579569,0.03539946449860114,0.13660699446503427,0.1456595298520013,0.14503855140698857,0.09299185406645306,0.047087262127045254
578,0.0,0.19299698910759414,0.08043743692221192,0.03831885275433658,0.08572318571735148,0.03311422958088559,0.13761714757955779,0.1467703517342548,0.1458057655202209,0.09100597618013731,0.048210064903500924
579,0.0,0.2005218007651824,0.07396302279510655,0.03861985606730104,0.08467038809993034,0.029914992951248137,0.13921320021688854,0.14834777890777995,0.1470842499378226,0.08831292293678965,0.04935178732200239
580,0.0,0.20553619847016372,0.07006435879269576,0.03948920182861535,0.08336348351081559,0.025126647957243693,0.13859232464948112,0.153431230599699,0.14571698604642283,0.08508971081801477,0.053589857326899984
581,0.0,0.21253805494362765,0.06411506486601837,0.040298629265394306,0.0821804951788011,0.02092219424313433,0.1377567472146374,0.15813448187305262,0.1449358677921188,0.08267506412495342,0.056443400498314096
582,0.0,0.21477336221887097,0.062254016107709434,0.040561114698244374,0.08176860480068926,0.019609848866389973,0.13731297347632554,0.15985426526304822,0.14448514318919664,0.08204710568380459,0.057333565695773255
583,0.0,0.2169443902965906,0.06046050741659236,0.04081606069414252,0.08136269425119691,0.018349295377064232,0.1367684102363838,0.16163770779529826,0.14395836243993015,0.08152125185418722,0.05818131963866625
584,0.0,0.2202590361211199,0.05816230749855098,0.04193871953791386,0.07997106090777197,0.014884778917006482,0.13472471026277993,0.16746597304586447,0.1410191448866535,0.07971478028349042,0.06185948853890072
585,0.0,0.22209540611581305,0.05667728005836944,0.04216490644151262,0.07964454488660258,0.01386940818225807,0.1337941879965106,0.16936491775671073,0.14031667157834368,0.07955295459768084,0.06251972238625088
586,0.0,0.22532415074856701,0.05395050032932271,0.04228376418972021,0.07936185698736328,0.012592548818844463,0.13220769203794225,0.17195529479584182,0.13963537360063516,0.07988842046090637,0.06280039803090949
587,0.0,0.22848990380484632,0.05158444214860331,0.04260089112568184,0.07872455074739423,0.010882554805621168,0.12978701137867832,0.17605220462124013,0.13785411886648474,0.08022477838452573,0.06379954411697714
588,0.0,0.23252498402371868,0.04828177643269939,0.04250865390268668,0.07844991503709094,0.009631598341989905,0.1268987799961918,0.17960772904959077,0.1368725183026176,0.08190191878076217,0.06332212613270527
589,0.0,0.2360768452479884,0.04587794839612899,0.04250339147976003,0.07776310734898884,0.008142201357014578,0.12296316700455548,0.1847719612365514,0.1346191423989904,0.08391279313754513,0.06336944239253031
590,0.0,0.2379758694474474,0.045081615446164174,0.0424712835423219,0.07705128975353816,0.007095757744880765,0.11963384101606252,0.1892674479346885,0.1322523777907904,0.08547248840878825,0.06369802891537157
591,0.0,0.23731530154853156,0.04806859197878025,0.04252899934789375,0.07519661849641751,0.006032519886419887,0.11505657846921592,0.19695164866334094,0.1264688177110394,0.08599492304235153,0.06638600085606282
592,0.0,0.23709682806285978,0.04935418842804321,0.04236613303275442,0.07449038444179448,0.005893186306990573,0.11241470801523976,0.2001850355068662,0.12424586183584944,0.08708323057271947,0.06687044379693638
593,0.0,0.2372830858046145,0.049794217504900276,0.042174820595874164,0.07419716455656628,0.005825837265386432,0.11042075001976827,0.20213736792866033,0.12318281827416229,0.08827369502472225,0.06671024302539903
594,0.0,0.23658145928200763,0.05163908207875769,0.04188480307336685,0.07347525656023471,0.005997847065608579,0.10771134309084224,0.2050775030159655,0.12107028079346151,0.08954596327586371,0.06701646176394545
595,0.0,0.23684802709444402,0.05283604583166673,0.041237451028120785,0.07301152583481522,0.0061014455825153385,0.10214681803799018,0.20926888093058948,0.11935253455684719,0.09353220806828859,0.06566506303477657
596,0.0,0.2344409862009274,0.0570721861633252,0.04057869266480929,0.07179006169585095,0.007060018531275868,0.09885646255530753,0.21247371919361355,0.11651295984336119,0.09503355139679252,0.06618136175479078
597,0.0,0.2331342625090213,0.059797382380378475,0.039922311651481704,0.07113183728795433,0.007751898608994722,0.0947499918880677,0.21508560959430478,0.11517108214766168,0.09790768974615234,0.06534793418603733
598,0.0,0.23015687116077946,0.06481988022441758,0.038968615769211144,0.06995230147534971,0.009211029311321985,0.09026233023872018,0.2176470482213441,0.11331586382784527,0.10088619463478786,0.06477986513627723
599,0.0,0.22939250165335226,0.06640087583208602,0.03857988409971712,0.06965645307930589,0.009600410325104915,0.0868692151588901,0.2189354884361175,0.11340701287419457,0.1036846856315167,0.06347347290976965
600,0.0,0.2257488941793459,0.07215475319237652,0.037619837595922405,0.06837305914048908,0.011317186351724825,0.08147495008706095,0.22048993945122713,0.11298001021326556,0.10787513624602087,0.06196623354262185
601,0.0,0.22293998545511323,0.07629029635897103,0.03694031071372387,0.06741624936120988,0.012698619604844748,0.07962012505925047,0.2206558973014197,0.11244823236057609,0.10924665823239871,0.06174362555254746
602,0.0,0.22153766889100626,0.07836866908327521,0.03678232880155623,0.0669245979273199,0.013245096359339995,0.07669192732465087,0.22080000377671807,0.11339069039518729,0.11183377843926835,0.060425239001733085
603,0.0,0.2200350330618133,0.08050158848486451,0.03654091800860858,0.0664048314882178,0.01392179028374732,0.07525946635502498,0.22062050892423926,0.11371745776396693,0.11308923436642045,0.059909171263152254
604,0.0,0.21694951014845582,0.0848165831501244,0.03592641543535418,0.0653762070034252,0.015441412147012536,0.07392280470492762,0.21984522382635563,0.11375744204149348,0.11431331948990323,0.05965108205300334
605,0.0,0.21217403098693183,0.09137772302033734,0.034954658178397685,0.06382537498322866,0.017918836906830746,0.0729543417368133,0.21791603728140782,0.11375166515068447,0.11553326183060435,0.05959406992481947
606,0.0,0.20722181331235676,0.09792114972273988,0.03437449024223299,0.06216196001387759,0.020371045296301193,0.0712474132488681,0.2149101357651941,0.11518498978365889,0.11786206765439962,0.05874493496042689
607,0.0,0.20391997868094078,0.10221453056750644,0.033970858816563865,0.06105562896639591,0.022076350425757205,0.07085348061168503,0.2124530257819861,0.11604125926904658,0.119009948311585,0.05840493856858909
608,0.0,0.2019536328379898,0.10400177676632356,0.03538868249948822,0.059936091420717354,0.022441471556050557,0.06701684988419532,0.20970854648802184,0.12067360204110612,0.12308512302336157,0.05579422348280178
609,0.0,0.20014826030106428,0.10580128385514402,0.03612870015931151,0.05902659138559884,0.02310043852268287,0.06561037027891195,0.20739042425106802,0.12319219128467028,0.12499709080960744,0.05460464915199698
610,0.0,0.1985003166141176,0.10761564948043632,0.03638991274752751,0.05831969401008289,0.023855829503242058,0.06532478488849408,0.20545068837159977,0.12450771162176129,0.12594345930515516,0.054091953457639765
611,0.0,0.1968751140209304,0.10935556478832353,0.03670471856100495,0.05760126265383652,0.024608626425881366,0.06513038444103474,0.20339857586760748,0.12586981130015246,0.12688210763140065,0.05357383430988431
612,0.0,0.194644309391937,0.11011621435425493,0.04005112484951604,0.05555513495290617,0.02521835742917666,0.061659249432106,0.19829289172813208,0.13300582410912562,0.1309509663047529,0.05050592744814874
613,0.0,0.1929520989782662,0.11120939403227952,0.04144060005856286,0.05440299610307578,0.02599168663255658,0.060999624693623966,0.1951116304863758,0.1360327737375948,0.13249586206278618,0.04936333321493452
614,0.0,0.18895020453077668,0.11539484142128335,0.04167718299902969,0.0528808440091948,0.028181160519173215,0.06325995356872226,0.18932809775268963,0.13762923283206654,0.13383594797600504,0.04886253439111534
615,0.0,0.18759260500469516,0.11641268669793371,0.04241777363800022,0.05210160685890758,0.02892779302537906,0.06362921598545872,0.1867211243123157,0.1391424417930926,0.13479305047269538,0.04826170221157843
616,0.0,0.18508594781204876,0.11864624634479691,0.043078501060847686,0.05097522121738783,0.030358139887440377,0.06521125099322747,0.18223595463546555,0.14063399856310793,0.13614989615572567,0.04762484333000851
617,0.0,0.18048754658405572,0.1223586178850093,0.0447414096226001,0.048747250492908,0.03314348404719735,0.06884107180851703,0.17286974909935815,0.143282227455856,0.13931721193316654,0.04621143107138859
618,0.0,0.17946235157876816,0.12275684615364885,0.045757566759722444,0.0479685154245059,0.03386568617021098,0.06953328652503633,0.1700722394921128,0.14451625573587124,0.1405689274534986,0.04549832470668146
619,0.0,0.1784984670239766,0.12303782331882634,0.046819942634313876,0.04719266544701067,0.03459012882057155,0.07026326674075205,0.16728169046637853,0.14567602491159123,0.1418747774747882,0.04476521316184793
620,0.0,0.17663102995259905,0.12408238071408227,0.04795399854697941,0.046167151590812645,0.03587499941419498,0.0723898090456077,0.16251458717716194,0.14654070627480456,0.14394228835164927,0.0439030489321651
621,0.0,0.1758354674189685,0.12407133376963153,0.04912354041630518,0.04540161944882653,0.036594546699784986,0.0732039443849246,0.15977196872206695,0.1474605277480029,0.14541569801088466,0.04312135338066127
622,0.0,0.17500734134583606,0.1208901537740507,0.05507949006737222,0.0421856583678999,0.038976803370030004,0.07317335731607735,0.15245399578263527,0.15200271194806902,0.15064872611459035,0.039581761913495925
623,0.0,0.1744484063275456,0.12039028454490866,0.05639172160797896,0.041466182910686565,0.03978355942157445,0.07399966844583229,0.14998527593076474,0.15244812843508096,0.15236986803110875,0.03871690434457575
624,0.0,0.17350470425761447,0.1191084271288359,0.05908456162511674,0.04004429939580424,0.0414453689905085,0.07564785712106913,0.14527945763978095,0.15291925619836283,0.15601256984308745,0.036953497799876805
625,0.0,0.17361769010658518,0.11616466523090857,0.0628139806732595,0.038195242020919895,0.04332032047878324,0.07518797152025032,0.14221022573852599,0.15436294947587453,0.15925467220911457,0.034872282545835284
626,0.0,0.17329778845379068,0.11521370934797734,0.06420271755900822,0.037553452046945116,0.04423482134581718,0.07593537654718897,0.14019876123650785,0.15412661860302235,0.1612858949123536,0.033950859947445955
627,0.0,0.17251035075355114,0.11422946954405774,0.0658462110082984,0.03688808910681386,0.045490205802114436,0.0780501972949688,0.13673777094279246,0.15270700588237993,0.16486819488691165,0.03267250477816882
628,0.0,0.17231601954233106,0.11308904602677099,0.06725546938868805,0.036278850622730605,0.0464311427934951,0.0787477603574761,0.13499627598150585,0.15206370507252054,0.16706800459824053,0.03175372561629865
629,0.0,0.1721615579143665,0.11188423072664563,0.06866398021480895,0.03568660776342596,0.047390598598179,0.07941593827536492,0.1333728276016784,0.151259895257498,0.16932274744668172,0.03084161620140844
630,0.0,0.17088795638550244,0.11013138844497442,0.07092153097020655,0.03525359838855459,0.04906299743392275,0.08404761102675402,0.12788948449102167,0.14627424181990953,0.17646118624593043,0.029070004793281205
631,0.0,0.17090402608516556,0.10871840967874596,0.0723284611589119,0.034700204700319974,0.050028234171472806,0.08462733760014156,0.1267075936427496,0.1448582807923004,0.1788947282136792,0.028232723956570574
632,0.0,0.17260094879432233,0.1001461618331407,0.08012357095428167,0.03065797271148676,0.05670597759052678,0.08162029623795429,0.12613434090940606,0.140295603332713,0.18739677968057353,0.024318347955652537
633,0.0,0.17266458343175584,0.09715518693500619,0.08256039150592853,0.029877416286727156,0.05904673437321461,0.08226275651134415,0.12527114048087207,0.13574547198282144,0.19238075950108294,0.023035558991304723
634,0.0,0.17250977111725097,0.09516413739729562,0.08402869077134102,0.029715214970731724,0.060335245266524874,0.08366999571935567,0.12434690930522714,0.13122847514236088,0.19674763877753093,0.02225392153243896
635,0.0,0.1725642078874043,0.09366476122177161,0.08515014408300817,0.02938869176363646,0.06152239592365277,0.0838990593578494,0.1242771095139464,0.12855330243611723,0.19918747790185018,0.02179284991082131
636,0.0,0.17261414038424816,0.09218150772966163,0.08623020110909456,0.029085111076498242,0.06271863749952244,0.08410195844744019,0.12431775026989741,0.12575931565607495,0.2015910451078378,0.02140033271978247
637,0.0,0.17208286174100573,0.08790098392134171,0.08848867888881148,0.030301080053628172,0.0638298814379271,0.08946214815571149,0.12263665412860707,0.11159928992308102,0.21215646274659414,0.02154195900334984
638,0.0,0.17218908898121943,0.08647240238594645,0.08941711925707359,0.03004255840377486,0.06495764899110336,0.08960005108239076,0.12317308889941075,0.10832380105220886,0.21425484918605606,0.02156939176087389
639,0.0,0.17221980403872672,0.08448452457857515,0.09047478615320743,0.030205473825956397,0.06595932267527137,0.09068348192275638,0.1236568448694655,0.1026341666664729,0.21758383290668423,0.022097762362941885
640,0.0,0.17245876049161352,0.08061275837924373,0.09317815890788146,0.028618308644113584,0.07072621284644041,0.08934761274227579,0.12687147613699987,0.09342235326445494,0.22219299445023463,0.02257136413680027
641,0.0,0.1723105781887278,0.0784776481212516,0.09472251622188338,0.027500540928225157,0.07442951591178594,0.08793187427393148,0.1293815461383059,0.08761886564260236,0.22438800706295764,0.023238907510387135
642,0.0,0.17202181599765107,0.07710108136867362,0.09558753966834772,0.027037438805244045,0.07682234029716703,0.0873754313033099,0.13106529909563996,0.08294668845554527,0.22589824970852937,0.02414411529995058
643,0.0,0.17180047960994663,0.07620689696874144,0.09599863113384323,0.027058330809115058,0.07789192945596646,0.0876178386798091,0.13195797189614575,0.07940821495170824,0.22705907655095753,0.025000629943825174
644,0.0,0.1712611929478445,0.07462021912357818,0.0966541427077884,0.027168847744898056,0.07993350977667972,0.08824198722649954,0.13373870882162325,0.07239048162222923,0.2289662181277387,0.027024691901179124
645,0.0,0.17020404350576018,0.07274181140882913,0.09722704434934883,0.027525151484671634,0.08270328036607023,0.08959608465433214,0.13627047114851307,0.06217231155357996,0.23074705571762222,0.030812745811331543
646,0.0,0.16935180859786444,0.07231072894768147,0.09737800472107706,0.027443411439331426,0.08472600414320527,0.08973389847412049,0.1375859893614142,0.05791241269410824,0.23079314442888088,0.0327645971923757
647,0.0,0.1683402450734649,0.07160897211789574,0.09731101269417007,0.027950010765900715,0.08620185071901253,0.09120106105222563,0.13888743944111734,0.051685686817853946,0.2308250514721179,0.03598866984630056
648,0.0,0.1677886169488801,0.07134950820539689,0.09719944807545694,0.02825149994410473,0.08685777184466897,0.09205498601903855,0.139443350186658,0.04871739217384833,0.23061499659340245,0.03772243000860438
649,0.0,0.16720853121184234,0.07068089771300318,0.09691786883897464,0.029099932091939597,0.08695436916659174,0.09416720115098018,0.14008503784982299,0.04386549648421001,0.2302309954887493,0.04078967000394535
650,0.0,0.16597370517525462,0.07092593085690235,0.096582286762849,0.029312570030776156,0.08843970525651877,0.09518674912302576,0.14063149351053122,0.040452198413753984,0.22913620892806247,0.04335915194238521
651,0.0,0.163953781907396,0.0709703863330039,0.09556763870338748,0.030630519321630186,0.08941042841057224,0.09921714982872994,0.14098956337567914,0.03328908669344489,0.22645393969233685,0.04951750573387928
652,0.0,0.16258537823946081,0.07077906423289991,0.09445140229514001,0.03222560180081047,0.08901948891665064,0.10381113923583916,0.14070319371596307,0.02770535819037682,0.2233633814898888,0.05535599188303028
653,0.0,0.16029614806274134,0.07184040243289844,0.09311301930666838,0.03340662075730087,0.08957147630494874,0.10805563638951544,0.13944158544524526,0.024131574897819107,0.21972101867486027,0.06042251772806255
654,0.0,0.1587900848419009,0.07238120746501839,0.09189806803282692,0.03472497410647807,0.08912997216862968,0.11232703215207829,0.1380248656910183,0.021506615014362327,0.21639171015242936,0.06482547037531822
655,0.0,0.15714057370347181,0.07344128351373569,0.09088133459720074,0.03557639287798474,0.08922548753212835,0.11539183884018718,0.1363825912670763,0.020471244070078293,0.21390914401678135,0.06758010958141611
656,0.0,0.1507690538777322,0.07867825081189384,0.08748243868448476,0.03830476855768216,0.09023741626020057,0.12332612410666008,0.12940996317776018,0.021228289466778877,0.20725666474116822,0.07330703031569971
657,0.0,0.15020267324479716,0.07860303596480914,0.08639403132282682,0.03969782598319765,0.0885773150408731,0.12812764366754248,0.12732208119063926,0.02024910688503413,0.20448858856094007,0.07633769813940071
658,0.0,0.14948458934616662,0.07896272034376503,0.08558046602833372,0.0406409398394951,0.08771913900067653,0.13113224141803587,0.12559322676792153,0.020144832289203003,0.20267023256992645,0.07807161239653677
659,0.0,0.14603754900397406,0.0817718395427152,0.08315663947482016,0.043237329701830085,0.08653453373928195,0.13778295676098473,0.11971847604262303,0.022109857308562207,0.1986192815465545,0.08103153687871485
660,0.0,0.1454106683757087,0.08207202017533324,0.08230775292074052,0.04426561070155587,0.08545018338029094,0.141043237579048,0.11766959456751447,0.02242359075170915,0.1969353403431125,0.08242200120504743
661,0.0,0.1422539058611286,0.08462237920696852,0.07976730412419412,0.04733386192059124,0.08350676956012557,0.14817334941262805,0.11108105388161134,0.02533898043454545,0.1932614034371732,0.08466099216109489
662,0.0,0.1433150393149323,0.08245423312651742,0.07767733824661076,0.04995804077676974,0.07855166059671312,0.15989265417026025,0.10586795516443966,0.02541331970404898,0.18824046880944137,0.08862929009032713
663,0.0,0.1422342798550208,0.08314749981350328,0.07628637110214628,0.051666326999681676,0.0768177391614535,0.1647643929010145,0.10188028362771795,0.027358692223683777,0.18663202371141216,0.08921239060442696
664,0.0,0.14127834918034043,0.08371606273671085,0.07490666277011608,0.05340492167663641,0.07501333400593758,0.16961627664095552,0.09786172638407166,0.02944857292817942,0.18523416206962862,0.08951993160748438
665,0.0,0.14109992534778565,0.08361304337477526,0.07406501035382022,0.054460627163154814,0.07366338778281373,0.1730162004962151,0.09548264899768026,0.030552746962523192,0.18421954638341972,0.089826863137873
666,0.0,0.13978084829462148,0.0844309516314348,0.0722065021357253,0.05692152519855179,0.07126887291003538,0.17913003406077943,0.08987465995807209,0.03396830347830963,0.18311233476941102,0.08930596756312031
667,0.0,0.13982114472109747,0.08383866926736423,0.07059895593000726,0.058956928426023264,0.06859432673119799,0.18564124672810497,0.08525328531684429,0.036455640959875,0.1818210445390831,0.08901875738046376
668,0.0,0.1411368724466366,0.08195178975892188,0.06919209410130654,0.0605197765721451,0.06587395002507283,0.19235375587359005,0.08170163447713998,0.03796636262669555,0.18017500600705014,0.08912875811150275
669,0.0,0.14133546962486715,0.08148760530587794,0.06841188803206256,0.06145952466119131,0.06466122411278905,0.19533793723761797,0.0795606018389587,0.039273913470536395,0.17986865493916276,0.08860318077699769
670,0.0,0.1422401178364731,0.08017877818712883,0.06732609741107996,0.06264563685541699,0.06289631738100408,0.19979433306875463,0.0769527029044899,0.04069833383267946,0.17913745365603273,0.08813022886700195
671,0.0,0.14225030274503664,0.07978822786745599,0.06612975194080374,0.06411624260855543,0.061285372497155724,0.20371610235757995,0.07355467879651605,0.0432065122223072,0.17956288169747597,0.08638992726717508
672,0.0,0.14290148404041075,0.07850834322790455,0.06425120876213636,0.06629873406466469,0.05885816425728978,0.209748130053103,0.06867678185790309,0.04697932398997046,0.1803980696919402,0.08337976005473911
673,0.0,0.14342178690146032,0.07774794107261476,0.06355146850614417,0.06703071833945866,0.05801674731229879,0.2119878271584438,0.06707768613420609,0.048240253228471405,0.18069048207059232,0.08223508927637176
674,0.0,0.14467465798088538,0.07615553914387031,0.06256764434399158,0.06786948130286302,0.05694606706174193,0.21521714794151492,0.0653157884848824,0.049521374301928864,0.18080894065856218,0.08092335877982158
675,0.0,0.14528143632495327,0.07532586502944713,0.06188770901903488,0.06850035236633845,0.0563053043229414,0.21710145400928446,0.06398099973064411,0.05071239674485695,0.1812820818727664,0.0796224005797952
676,0.0,0.14592253462364813,0.07446999469570728,0.061218546353914105,0.06908693033087943,0.055750190187668164,0.21883463070206952,0.06275992749724217,0.05187274504361397,0.18181468004395213,0.0782698205213675
677,0.0,0.1465951369959093,0.0735915767972001,0.060559896069157994,0.06962752703992284,0.055284122393268846,0.22041268297052155,0.06165560560491279,0.05300020821620857,0.1823994860771566,0.07687375783580394
678,0.0,0.14736006334784219,0.07251814059738583,0.05955619981507909,0.07052024862972428,0.054670050110869874,0.22238818907037544,0.059804739946317326,0.05521580308758167,0.18380744159687637,0.07415912379801051
679,0.0,0.14889531671325398,0.07063397903734196,0.05831017255782664,0.07129692697330234,0.05430131926159959,0.22457814377369698,0.05833476142549279,0.057267477451306704,0.18517590602109749,0.0712059967851442
680,0.0,0.1498821050873147,0.06939136869030914,0.057379824058090334,0.07190663551067157,0.05419879978856638,0.22566202582169687,0.05718691446652399,0.0593129319098837,0.18663275978509616,0.06844663488190995
681,0.0,0.1518733276269832,0.06720352241376305,0.05625827482511224,0.0719863857868909,0.05475014022936079,0.2268460062499603,0.057349071382822706,0.05986344798916994,0.18725816967902972,0.06661165381697012
682,0.0,0.15296811249722037,0.06593461861432937,0.055360597833524504,0.07229326509023713,0.055164611124370266,0.22711908621982213,0.056829106449568415,0.061725955360970634,0.1886977325402925,0.06390691426972776
683,0.0,0.15450033416856523,0.06419085360491779,0.054213626833420875,0.07258256855374014,0.056056082092180604,0.2267401190724784,0.05641917165987522,0.06453553240029299,0.1905893704168101,0.06017234119778196
684,0.0,0.15666401815457628,0.06179147426265176,0.05291475827347207,0.0726585131640472,0.0578307805030649,0.22497257412966493,0.056682931351182686,0.06821585352285912,0.1924203409215779,0.05584875571696664
685,0.0,0.15855564054437285,0.05977926738314896,0.052006308890485554,0.07235159449230738,0.059809107103271586,0.22272072429615883,0.05769209092806071,0.07079170215159075,0.19319998505672306,0.053093579153943936
686,0.0,0.15996884112808546,0.05835109761576718,0.051389142108442434,0.07185414271308616,0.06158004610382022,0.2207349081970258,0.058868903081398215,0.0723492789650624,0.19340795295728827,0.05149568713008754
687,0.0,0.1610239072543091,0.05750428164835661,0.05076790335459552,0.070875461738974,0.06353091939048433,0.21918461477925716,0.060489985228334195,0.0725860086935465,0.19334445218111684,0.050692465731089494
688,0.0,0.16298928149999325,0.05559102513401628,0.050031125280867686,0.06990834922356472,0.06650628397866096,0.2154214041687127,0.06258840033423606,0.07497543225241525,0.19291032415144851,0.04907837397614866
689,0.0,0.16370625629084753,0.05502512157857799,0.04967378801433724,0.06916480517478255,0.06807905315865893,0.21374556987818938,0.06385873933487357,0.0755032629816797,0.19253630379699993,0.04870709979111724
690,0.0,0.16501364645619454,0.053878684415993965,0.04919043379752326,0.06810278610168702,0.07063764700808674,0.21059763380942695,0.06582818010461527,0.07692449001999788,0.19166905048343147,0.04815744780310708
691,0.0,0.1654743003104714,0.05408086544916021,0.04843383665542351,0.06603073570792077,0.07400781985656056,0.20751687782836414,0.06886105497470833,0.07655941845671095,0.1905186691336532,0.04851642162709138
692,0.0,0.1659584486047436,0.05386023864126244,0.048084552848601594,0.06508059121180802,0.07584501287839346,0.20544675779164073,0.07036063028863608,0.0770262656207206,0.18969310611022422,0.04864439600403379
693,0.0,0.16614828665357392,0.05421707132783907,0.04751281296212696,0.06349164109847388,0.07857757459419219,0.2025837582956107,0.07278345995900941,0.0770100676255083,0.18839672557937884,0.04927860190435138
694,0.0,0.1673884622593792,0.05373472786632388,0.046668741853932896,0.060922027542355144,0.08360389026444465,0.1966199735489155,0.07656310565139234,0.07885439425681941,0.18539456080357244,0.050250115952929435
695,0.0,0.16758550522797436,0.05391949705172842,0.04633778218388447,0.059792849951081035,0.08560021432726407,0.19430572131072094,0.07815542891214357,0.07930901247495295,0.18407251491802046,0.05092147364229469
696,0.0,0.16719865147988094,0.05503711256861194,0.04577672927618854,0.058005701198624054,0.08844024119740267,0.1911536100841668,0.08068476653003641,0.07925424079944364,0.1821382290963267,0.052310717769383376
697,0.0,0.16655662878555205,0.056945388590679664,0.04482502305527174,0.05504875011686366,0.09326083969686738,0.18561358362693464,0.08472430517225372,0.07964484750991398,0.1784606398638345,0.054919993581893894
698,0.0,0.1640794320316338,0.061023452287405466,0.04370955711173924,0.052190866894347585,0.09743945683187318,0.1805924159050773,0.08913325956031387,0.07850780534938899,0.17485044014917653,0.05847331387910939
699,0.0,0.16501460133293205,0.06181251503707012,0.04253580753277555,0.047932937504252135,0.10490624931787862,0.1720961330418779,0.09284687374062643,0.08255147328324243,0.16788247454184,0.06242093466756989
700,0.0,0.16452616357834443,0.06290511787413744,0.04219101114455947,0.046734787319396336,0.10669501668877071,0.16998212544750094,0.09405787324257386,0.08305604713792343,0.1659948595716327,0.06385699799522582
701,0.0,0.16450255398088154,0.0637294160049083,0.041767052162408905,0.0449057893257222,0.10965101835491012,0.16660833104536782,0.09543892991249568,0.08462614559031116,0.1628428877501333,0.06592787587292628
702,0.0,0.16490349502586457,0.06429997920194053,0.0413389214031764,0.04247724439857087,0.11369980147109657,0.1620504654740007,0.09682277271860752,0.08729517454910218,0.15834418386031537,0.06876796189739087
703,0.0,0.1646868488430764,0.06530699884982386,0.04103742661462854,0.04070786885662785,0.11639030960115919,0.15897074214525903,0.0978392487954391,0.08890175921928765,0.1551339758494349,0.07102482122532922
704,0.0,0.1653450520298866,0.06569128509133773,0.04082081621918975,0.037892846588689445,0.12112757342337788,0.153593095444331,0.09867352761271683,0.09271779020511191,0.14932945166354716,0.07480856172187755
705,0.0,0.1630652351205059,0.0690956271349999,0.04041264076021348,0.036239889674513984,0.12243728304195485,0.15190794256935225,0.1000011096324265,0.09259934377027033,0.14717414595171313,0.07706678234411549
706,0.0,0.16068414704263986,0.07261498904495263,0.03998497506458668,0.03471958419291311,0.12352317691832992,0.15040559833648995,0.1011846621853335,0.09246419273280083,0.14518250480088843,0.07923616968113113
707,0.0,0.16012036115156875,0.07393698631854571,0.03982091481985834,0.033287449668404676,0.12542446786044614,0.1482500445813354,0.1013002953539965,0.09400897169538207,0.14258353485807493,0.0812669736924537
708,0.0,0.15906933750014735,0.07561108486779816,0.03964490387879875,0.032388846435503285,0.12622281126318852,0.14722531329756758,0.10159565277579358,0.09445072117937245,0.14122850495890862,0.082562823842988
709,0.0,0.1579935800986679,0.07730519261656996,0.03947409373049453,0.03153978320967794,0.12692695889588274,0.14629814259076018,0.10181377933659211,0.09487732384368451,0.1399758413012173,0.08379530437651904
710,0.0,0.15689689765473214,0.07901420909446694,0.039308451076262414,0.03074231796772103,0.1275366959948349,0.14546792776078793,0.10195539209714582,0.09528779319853524,0.1388307769933875,0.08495953816219247
711,0.0,0.15466799927772662,0.08245179602727262,0.038975200255976804,0.02931812600968365,0.12849394926046537,0.14409263449379928,0.1019832716708745,0.0960599779809159,0.13689637850733835,0.08706066651601341
712,0.0,0.15198950703731315,0.08622823741942191,0.038588286142065054,0.028419714558079637,0.12836463604228524,0.14371502633390143,0.10241430115958355,0.0957462160410138,0.13609272362039204,0.08844135164601076
713,0.0,0.15085938425807602,0.0879392956165029,0.03842569057323925,0.02788317664321611,0.1285692757457889,0.14329595548269478,0.10221583547829692,0.09608101843784717,0.13548086422341205,0.08924950354099244
714,0.0,0.1505603543043885,0.08889810478579803,0.038442633562245164,0.026956719311303997,0.1299523954691666,0.14189600901748542,0.10032440140409067,0.09837861792617768,0.13400924370907183,0.09058152051033883
715,0.0,0.1498360028231466,0.09015184401568542,0.03844289720174371,0.026439341649467173,0.13042470664589248,0.1412561716031392,0.09906584289338881,0.09962784158019201,0.13338899726745734,0.09136635431995416
716,0.0,0.14911755580279099,0.09133620156126317,0.038485383764920236,0.026074849261649526,0.13069226530644307,0.14078056653472287,0.09767329978448364,0.10083192340832195,0.13305762121946793,0.09195033335600358
717,0.0,0.14647041376330866,0.09490176745000294,0.03822145144450262,0.02577250760912788,0.12953453223775724,0.1413209409848332,0.09758401183770149,0.10026381523511199,0.1335455693368298,0.09238499010089114
718,0.0,0.1458280806415041,0.09591691463400832,0.03828504623887819,0.02570196992330392,0.1294875904186673,0.14113864027224288,0.09590811082441729,0.1013764943579802,0.13379206542380023,0.09256508726526456
719,0.0,0.14051596678495173,0.10296875715072949,0.03762090071345909,0.025695601124229406,0.12617041323064015,0.14295389794799518,0.09642916412612051,0.09927930778890741,0.13563367279077876,0.09273231834225532
720,0.0,0.14056356228789813,0.10309989589493451,0.037774584509343685,0.02615209221965053,0.12616608298555462,0.14284597715329517,0.09314242531503342,0.10116718743854552,0.13683328673190812,0.0922549054639036
721,0.0,0.1389231039070393,0.10532838801005368,0.03765439971177692,0.026745394341891597,0.12467549728428025,0.1436073247170748,0.09136689117807247,0.10141098811637791,0.13858869097898951,0.09169932175451102
722,0.0,0.13578432758603323,0.10959852800436508,0.037239337154990414,0.02820653891695749,0.12133062370789743,0.14535226870687631,0.08872795798085358,0.10110922771739614,0.14219177457758378,0.09045941564711425
723,0.0,0.13135662864241177,0.11585715008378956,0.03628463298805366,0.03019682558098397,0.11608738972193675,0.14790408005526692,0.08772563860203716,0.09912749408342539,0.14605678812683548,0.08940337211532697
724,0.0,0.13507975255124957,0.11086017867478515,0.0366248617246116,0.03413296715275856,0.1166163847524119,0.1470309727508151,0.07776905484134707,0.10442448540858654,0.15127164286994196,0.08618969927356018
725,0.0,0.1350531773698033,0.11087790583598456,0.03659487013631975,0.03497164500456184,0.11590268180100267,0.14716618524211317,0.07669896630475019,0.10478109415278793,0.15215980727552395,0.08579366687722044
726,0.0,0.13453186630128278,0.11164008852095222,0.03644582957514744,0.03601497467927852,0.11450269592872114,0.1475401057775978,0.0759156262407109,0.10471652183480998,0.15306153666806901,0.08563075447349806
727,0.0,0.1338838062081694,0.11275905524534664,0.03616455316475324,0.03723932126606108,0.11273095181298282,0.1479202678707484,0.07531857027101618,0.10443824759586028,0.15363848934854465,0.08590673721658534
728,0.0,0.13650438920253438,0.10911396193189783,0.03618393731354837,0.0404408812986784,0.11295492138390328,0.14664952804694678,0.06993509981753723,0.1078746348728614,0.15592402173339995,0.0844186243987605
729,0.0,0.13697747742230484,0.1085054571430137,0.036145492328499555,0.04138550637100689,0.11265404819142798,0.14632506469778114,0.06885240756687075,0.10857560161730721,0.15616574143149187,0.0844132032303644
730,0.0,0.1375190237500967,0.10781319010549972,0.03610549282926785,0.04233411287145299,0.11242823800156153,0.14592397200074037,0.06777107559961083,0.1093336881490144,0.15629022344051202,0.08448098325231193
731,0.0,0.1381278530866279,0.10703926243839282,0.03606378476672806,0.043283956282922614,0.11228064138875513,0.1454445321571645,0.06669167065096605,0.11014996135237017,0.1562936074856639,0.08462473039047727
732,0.0,0.13957697452314471,0.10504133196587187,0.036013346781344525,0.045149855654690714,0.11238680076314045,0.144364861380484,0.06435572896622305,0.1120797215979749,0.15660707831798665,0.08442430004920756
733,0.0,0.14267002270370271,0.10074658619775695,0.03585983990261541,0.04905924766761115,0.1128114697475536,0.14171730696342535,0.05998649015676908,0.11627751653914098,0.15654508359249747,0.0843264365289958
734,0.0,0.14381497594165535,0.0996162455689229,0.03586609760464622,0.04984766187346922,0.11324769721858044,0.14020701274387432,0.059320097212930106,0.11746400448584098,0.15378614337279442,0.08683006397735478
735,0.0,0.14790991277844967,0.09364037141218585,0.03550119407007736,0.0550979159016608,0.11433205254680588,0.13611126645451552,0.05436454645369725,0.12348124259907146,0.15346580998634013,0.0860956877972646
736,0.0,0.14891905561457802,0.09230329091276367,0.03549590792824353,0.05602498602749289,0.11481606646109846,0.13484605226346855,0.05359044262149683,0.12486110535243307,0.1522090408108863,0.08693405200760741
737,0.0,0.15033460201123927,0.0906528701286612,0.035576944000614584,0.0566439498795753,0.11594249710363635,0.13295170902041678,0.05286110013956728,0.1265024448039168,0.1493749712994913,0.08915891161294989
738,0.0,0.1522043955171082,0.08804868641202829,0.03542183129154045,0.05866897373675301,0.1168433959843318,0.13059822163721968,0.05128553767320315,0.12923806387725115,0.1478790277748449,0.08981186609578826
739,0.0,0.15494898077632469,0.08523096276770586,0.03576752619902672,0.058228888360940784,0.12029631190922802,0.12684658065104612,0.05044021714712039,0.13168073600038283,0.1412566557751528,0.09530314041314072
740,0.0,0.15760073441813263,0.082473385869918,0.03596936285439725,0.057889863473999596,0.1237534962696551,0.12335395528330617,0.04940727394652329,0.13394234822204362,0.13600340324780064,0.09960617641429301
741,0.0,0.15977861808257882,0.08013509891044035,0.03602969631732016,0.05788568261399717,0.12653351121552203,0.12049862205229105,0.04836927650540967,0.1358891158381939,0.1324041158909869,0.10247626257332931
742,0.0,0.17120020151161525,0.06854886243712004,0.03578121765394704,0.05682983512882093,0.14281126863101484,0.10541627368610448,0.0425534735826133,0.14451563641888387,0.11705260157042345,0.11529062937952596
743,0.0,0.172787055963427,0.06685858589041148,0.0356559351956113,0.05701715586123472,0.1450277285661419,0.10315155021309952,0.04165755470912605,0.145817604511984,0.11559636968505406,0.11643045940397927
744,0.0,0.17529969202181342,0.06437503307094547,0.03573228942234481,0.05627767254069347,0.1491968031692837,0.09958693735398759,0.04056697984259261,0.147229113335094,0.11273311578735166,0.11900236345596275
745,0.0,0.180683774755659,0.059472502907492474,0.0364035614981397,0.05264884752311714,0.15958965504447484,0.09194354844743802,0.03875150593253479,0.14863949035197027,0.1062873043434368,0.12557980919580639
746,0.0,0.18481657702481102,0.055315274641328314,0.03529440148253379,0.05441165421166535,0.16531394383811043,0.08529389471321105,0.03614245310460094,0.1514936154909443,0.10647199395777966,0.12544619153508474
747,0.0,0.188432277404463,0.05204352292575183,0.03526236954847308,0.053177818853122095,0.17221372511968183,0.079309907096656,0.034825099044302456,0.1520177334544593,0.10557650126737789,0.1271410452857823
748,0.0,0.1909490546777698,0.04981224006332271,0.034984439820531905,0.05293786647122722,0.1768473163411547,0.07478115671984134,0.033980137348469545,0.1521590944209274,0.10643629933138843,0.1271123948054368
749,0.0,0.19211742633195952,0.048803683828632094,0.034861945252565904,0.05280781475402194,0.1790827220310823,0.07255497277234865,0.033682454467836964,0.15202779018048082,0.10716512919851584,0.1268960611826258
750,0.0,0.1949166015673253,0.04636168586243083,0.030763037954012272,0.06338468559964514,0.1780812927841721,0.06402242111644527,0.035113364547516034,0.15246917284680678,0.12154763540411198,0.113340102317604
751,0.0,0.19555356693084547,0.0458664350783562,0.030785929399454615,0.06336629109673812,0.17954805555786418,0.06209031422931764,0.03570020059538704,0.1514961379238473,0.1233285662887081,0.11226450289955117
752,0.0,0.19646331127806918,0.04536845359050446,0.02995800643163394,0.0661854431196908,0.18038090126144696,0.05741304935478745,0.038423048661832666,0.14848442045949958,0.13112257370815125,0.10620079213445364
753,0.0,0.19728121367142926,0.044856792603948994,0.030569177892587784,0.06476011406979418,0.18361402202091642,0.05431602081216019,0.039673205965540165,0.14574177958844803,0.13410859271732134,0.10507908065792375
754,0.0,0.19754349480961153,0.04479015668425843,0.030661964816276414,0.06477877820124125,0.1846230641130672,0.05260658638028436,0.04075190477687717,0.14399643459465342,0.13675024866349106,0.10349736696030926
755,0.0,0.1975078431922675,0.04509912023154732,0.03032606534797336,0.06629365263077469,0.1843451653686024,0.05062276199144658,0.04277628353589585,0.141540351279027,0.14155018733545977,0.09993856908707574
756,0.0,0.19822174384974392,0.04490961225289271,0.03158616265456858,0.06347504003604175,0.18906879414593095,0.046456355109111495,0.04491554577808882,0.13645716879820735,0.1463989869666022,0.09851059040888267
757,0.0,0.19843543775806766,0.04512605705287518,0.032281973975795575,0.06214803394999329,0.19156618850891016,0.04369997957164533,0.04678218176536916,0.13250719211909912,0.15068704741428726,0.09676590788402788
758,0.0,0.19849731063964504,0.045535197479878796,0.03298261896496895,0.06087964539923681,0.1938357421137743,0.041053141557551104,0.0487705959763884,0.12829833211919267,0.15522028050481065,0.09492713524462383
759,0.0,0.19829668808557904,0.046049538441530015,0.03311591701505767,0.06100537669001427,0.19420607141291898,0.039678230480028685,0.05031470920551767,0.12565637537315688,0.15865996795583576,0.09301712534043162
760,0.0,0.19803447629691937,0.04663449274449005,0.03325865565839887,0.06115511660791533,0.19447220921793093,0.03835449512102403,0.05192121215859287,0.12293209048662544,0.1621283086247025,0.09110894308347124
761,0.0,0.1968687171882215,0.04840790876868116,0.0325393796216699,0.06438408540565584,0.19159828370240461,0.03692849668184864,0.055765017854264305,0.11817367893677208,0.16979732401694841,0.08553710782360434
762,0.0,0.1964050120084741,0.049385577884230245,0.03335872341211804,0.06329911494915921,0.19301081534509826,0.034644602033899935,0.05828270288600434,0.11335986899255354,0.17453512055333015,0.08371846193520312
763,0.0,0.1948760279077252,0.05154471199658975,0.032707896631425024,0.06673150098204825,0.18939285000930808,0.03366087604799526,0.06246674437286191,0.1083163987367639,0.1816338792523013,0.07866911406305234
764,0.0,0.19243879171740239,0.054924609147630754,0.03237199018131643,0.0706680388537392,0.18471103936047953,0.032113457363796775,0.06881456367761764,0.10024467267275601,0.1908959156822811,0.07281692134305127
765,0.0,0.19146768242156403,0.05639319105643006,0.03336271229426515,0.06982077302288786,0.1851620087935126,0.030204181480916782,0.07176561079648434,0.09530985241840796,0.1948570241786761,0.07165696353692641
766,0.0,0.1906414920723679,0.05754605430671822,0.03365900159967922,0.07026176647863724,0.1843123814059117,0.02943029686031186,0.07383938336194895,0.09235663291703132,0.19739210570278792,0.07056088529467688
767,0.0,0.18978014802714618,0.05873636186496529,0.03396244140239896,0.07073211511168494,0.18337410294159967,0.028705103093726682,0.07591345304446173,0.0894384768241708,0.19977189040706061,0.06958590728285641
768,0.0,0.1875774334334663,0.062146220709606494,0.03701591110907524,0.06690817133292912,0.18546415175186415,0.02454296882401879,0.08143424384551079,0.07900981596201538,0.2063255510385828,0.06957553199300211
769,0.0,0.18622066007267118,0.06414454404599736,0.037936913863962356,0.06657868221794723,0.18467147466237974,0.023331178262945024,0.08418581505259004,0.07448790530069459,0.20912411454044205,0.0693187119804417
770,0.0,0.18522547129552128,0.06555130074375584,0.03818471082322861,0.06727117445162593,0.18322239991509667,0.02292238496129571,0.08605817809364172,0.07190614856417475,0.21070254935816948,0.0689556817935613
771,0.0,0.18261937960350902,0.0691573861871744,0.038252354588220926,0.07038748770980648,0.17816736026125346,0.02260801433664706,0.09064190555081886,0.06639708280260816,0.21347633519165446,0.06829269376837863
772,0.0,0.18111292137847834,0.0713202806445527,0.03918576637817121,0.07038015931337319,0.17661064648518507,0.021814893282505514,0.09311451346858077,0.06268478444012497,0.2148122169799513,0.06896381762914842
773,0.0,0.17894447250406276,0.07420703167993495,0.038605696110880154,0.0745177579044232,0.17086984805733035,0.022497770964285676,0.09647659896354635,0.05980845692281445,0.21478002025795834,0.06929234663483545
774,0.0,0.1768658712854889,0.0770625825923374,0.03915307905659375,0.07633898744004164,0.1669366575040653,0.022406430355526696,0.09944041976021449,0.056551409152714914,0.21440327248277039,0.07084129037031832
775,0.0,0.1748226735973675,0.07987404411153605,0.03969418470931948,0.07827481274019495,0.16277447590829744,0.022507847142819122,0.10208889985843969,0.053901827333245535,0.21315994779047623,0.07290128680837576
776,0.0,0.17332693161633123,0.08187262802085274,0.03955136487212375,0.08091247720437855,0.15867682368430458,0.023166999090525428,0.1038989823982567,0.05279886157098719,0.21110170504106532,0.07469322650124642
777,0.0,0.1723470491902934,0.08320624910152855,0.03984110654806313,0.08194957709169313,0.1564593841616046,0.023337859605467103,0.10498624521387705,0.05195578112625624,0.20983435332908898,0.07608239463219987
778,0.0,0.1695844565969799,0.08704461512886211,0.04063645591466576,0.08517932742393963,0.1496319079877787,0.024134062646053785,0.10760783253858815,0.05037691287629961,0.20502992366596604,0.08077450522093864
779,0.0,0.168333750492138,0.08873632107510065,0.040484546328193635,0.08788169058405473,0.14544999971255143,0.025094494487505527,0.10861746125049832,0.05057138962135466,0.20133684544697675,0.08349350100169878
780,0.0,0.167508858804739,0.08987529143428433,0.040772292371180234,0.08902395782575877,0.1430720994743653,0.025482297844023876,0.10917057488655424,0.05060674493532472,0.19920173643709055,0.0852861459867516
781,0.0,0.16628715574052338,0.09162999069323503,0.0417530792391296,0.08981335647325457,0.1400041324480497,0.025754114701514057,0.10977790098798883,0.05052710174618281,0.1966657740604795,0.08778739390971527
782,0.0,0.1643959066220229,0.094570120254591,0.044005442275331715,0.09011715504961741,0.13511822307030086,0.026257990266495952,0.11002886119406594,0.050607240314567876,0.1934022905656937,0.09149677038738548
783,0.0,0.16265970036852137,0.0974363600624498,0.04403551489562676,0.0953657194652669,0.12597959838190684,0.02897854028499803,0.1094639293452496,0.05424536992372329,0.18416207849795738,0.09767318877437307
784,0.0,0.1619003295819911,0.09881387416786558,0.04439093912412127,0.09792240852150422,0.12092830999350694,0.030551988935863195,0.10858427434813019,0.056754538029392086,0.179430240357508,0.10072309694019065
785,0.0,0.16160212206736915,0.09940269781955945,0.04457138712463591,0.09921136704431555,0.11840476341437234,0.03137973977718984,0.10800715249715448,0.05816230712318307,0.17714056205048379,0.10211790108180975
786,0.0,0.1611895089915369,0.1003328651764455,0.04537160546613887,0.10041103614538181,0.11477502105910724,0.032548982809598295,0.10681996365622291,0.06011590852337949,0.17489075063067636,0.10354435754158593
787,0.0,0.16076933130679016,0.1018020590540275,0.04726901287429481,0.10154728238347284,0.10873544108033086,0.034780274780243155,0.10397770991175678,0.06337729080820516,0.1731092995222866,0.10463229827866552
788,0.0,0.16082211897576704,0.10205718856571139,0.047348451859954045,0.10284623120829907,0.106237959481545,0.03582461818313454,0.10290363129579416,0.0651739046861445,0.17142886040683333,0.1053570353368904
789,0.0,0.16109612828139186,0.10211875817367291,0.04694895304121817,0.10541772839639428,0.10254168961166706,0.03741383057148674,0.10141789485927197,0.06822004756270464,0.168145243765031,0.10667972573723487
790,0.0,0.16130519448608505,0.10217935808046331,0.047045328700748554,0.10668624255798506,0.10012030245225466,0.038477416181097394,0.10019776656153365,0.07010028718801468,0.16684204997447447,0.10704605381741672
791,0.0,0.1615816261212123,0.10216254081086996,0.04714110864654549,0.10794106615727406,0.09773024306918039,0.039554264140080314,0.09891961014241285,0.07199960895580876,0.16571781560136484,0.10725211635532463
792,0.0,0.16192565903096734,0.10206775106883086,0.04723699598955875,0.10918037138013921,0.09537401415005542,0.04064220204230432,0.09758860603535209,0.07390813478919613,0.16478281151882446,0.10729345399484508
793,0.0,0.16294049368764643,0.10131709055435607,0.04642121399400737,0.1126976395493392,0.09096053138442964,0.04272194699764378,0.09541776949183746,0.07808006428295487,0.16131213024118474,0.10813111981667428
794,0.0,0.1634604711022998,0.10098359314820367,0.04656569094630885,0.11387687173444785,0.08873518480446173,0.04378231593725328,0.09399887158203347,0.07993417349205176,0.16098273055859508,0.10768009669441835
795,0.0,0.16442241707818187,0.10019382873977178,0.046278893681128745,0.11608828912737426,0.08562074893007361,0.04530214166954835,0.09215125669949363,0.0827852047321813,0.1597737645127423,0.10738345482957823
796,0.0,0.16509168076005595,0.09966685433957172,0.04645427472997371,0.117209485769874,0.08351232013728341,0.046341330244326254,0.09068166379254451,0.08453426484427716,0.16000071909502106,0.1065074062871463
797,0.0,0.16582479884547296,0.0990639297604357,0.04663450990760392,0.11830531775585497,0.0814506447041193,0.04737838017170788,0.08919322029325695,0.08623136091887064,0.16045602155303068,0.10546181608972119
798,0.0,0.16897409472454752,0.09588463369069283,0.04492351647933262,0.12373997420579029,0.07582361418030223,0.050255364812840875,0.08596336358774866,0.09172047477335862,0.15804632859538884,0.10466863495007167
799,0.0,0.17138420532996462,0.09354466460345623,0.04617830013624003,0.12578766097080255,0.07112400115761244,0.05263258836038275,0.08200281065922314,0.09480763767557811,0.16333300277940865,0.0992051283274059
800,0.0,0.1736118699041429,0.0914165465651509,0.04773287220553656,0.12695889632272864,0.06727479264687573,0.05476886580176452,0.07824103765757606,0.09698839108193628,0.16971341855936353,0.09329330925499951
801,0.0,0.17481934498990975,0.09019964413212715,0.04802572069941478,0.12776912766555765,0.06570304707882553,0.05566439911141599,0.07684372679290245,0.09788407008637783,0.172043605578887,0.09104731386465653
802,0.0,0.17937410621993732,0.08550527118624499,0.04867423430342107,0.13046503453715394,0.06090447149748562,0.05844820761241558,0.07276118708594063,0.09999490343785303,0.18036734554626654,0.08350523857335622
803,0.0,0.18315846234570923,0.08174258653494125,0.05076439368927379,0.13130136711813828,0.05705210484743324,0.061144872584602356,0.06800256961122915,0.1013199494639226,0.1905492538566146,0.07496443994821067
804,0.0,0.187305942127752,0.07772247089248942,0.052632151509166655,0.13170815796114524,0.05390259865367236,0.06379113579211185,0.0633738122504716,0.1021942437505195,0.2004327397450429,0.06693674731770366
805,0.0,0.18987677411902903,0.07518430347859466,0.05339121677093042,0.1319731384158771,0.052402583596722466,0.06514267745062077,0.06120305640533595,0.10230992745480057,0.20554402215923234,0.06297230014893206
806,0.0,0.19525604340233169,0.06991288875712376,0.05479733278569299,0.13208631133536658,0.04999984918130579,0.06768603419923386,0.05721450283237213,0.10201190592447665,0.2150872988542481,0.055947832727924
807,0.0,0.20333452060710425,0.061454759390012464,0.056034217719424,0.13243886153321882,0.04719307262067335,0.07023118783284127,0.05468318708874202,0.09897166086414769,0.22547574166313208,0.05018279068077951
808,0.0,0.21456628939341113,0.050140884900589676,0.058860521073317115,0.13001089308820135,0.0463757666000447,0.07353600660545288,0.049981213251606434,0.09524449057781312,0.23397281193527852,0.0473111225743606
809,0.0,0.2163307867686468,0.048239457695819894,0.0592884641975666,0.1296357682170654,0.046268993491000866,0.07387046984407378,0.0497830119779604,0.09424389836011221,0.23433929460876485,0.04799985483906486
810,0.0,0.2189806449526352,0.04551604271983574,0.05995822089920182,0.1287253462498607,0.04663446364193621,0.07440037981236372,0.04908970534610512,0.09318272859514642,0.2341822493781657,0.04933021840482507
811,0.0,0.220685499036821,0.04366305526919537,0.06040915694844399,0.12824054304369661,0.04664244899368523,0.07466968664744413,0.04900843644239741,0.09216354466110736,0.23379837497810352,0.05071925397918117
812,0.0,0.22543512969855117,0.03816728427360106,0.062036072495221875,0.12701720473260925,0.04579205030012505,0.07525598637758345,0.04979675829698058,0.08808994089113895,0.2316009468502575,0.056808626084007025
813,0.0,0.22694794792784465,0.036445225114653375,0.06261321250735603,0.12642028245414894,0.045887568962905856,0.07544097051266326,0.04983849995218511,0.08705589900372931,0.230088991990244,0.059261401574345396
814,0.0,0.22841181536176697,0.03476488158566029,0.0632061954355458,0.12579330304300543,0.046009197747590665,0.07560971610803263,0.049905973245775316,0.08604256061924888,0.22827523301094896,0.06198112384250103
815,0.0,0.2303840305259401,0.03235635278049177,0.06425927137115094,0.12497431813856869,0.04566545796688886,0.07580510936303732,0.05039485282242118,0.08402710937004765,0.2255123464804893,0.06662115118104024
816,0.0,0.23320083175064538,0.029268512420995724,0.06521817139486269,0.12321047617320317,0.047242562628532075,0.07609166993610957,0.05002112917334723,0.08327974343817632,0.2189923220318398,0.07347458105236432
817,0.0,0.23442308541734314,0.02781344059305125,0.06585020079299435,0.12245902518868855,0.04746832223830615,0.07620694038719815,0.05017270926238087,0.08244400181270506,0.215857120539999,0.0773051537674098
818,0.0,0.23680165449418022,0.02521548995106925,0.06665410577885282,0.12046969339074588,0.049394372481241074,0.07631737789445427,0.0501132231794543,0.08204092083800105,0.20732818471704362,0.08566497727503405
819,0.0,0.23933214283713505,0.022278902876753593,0.06791843203683433,0.11812179261814948,0.05090200716078677,0.07645485149950776,0.05044888764117032,0.08112930891582766,0.19629588762393013,0.09711778678998156
820,0.0,0.24149886698651632,0.018952867585603283,0.07119919911354618,0.11623539938910003,0.04863021308335546,0.07715603126759604,0.05107240262894637,0.07766072782940343,0.18636951686908265,0.1112247752469268
821,0.0,0.24223098799175524,0.017734960455692894,0.07263781975238849,0.11507594206826294,0.048258149485465175,0.07743500224446255,0.05122022948029916,0.0765789093321329,0.18020884215778152,0.11861915703183572
822,0.0,0.2431066355493791,0.016284705873401514,0.07414027100320292,0.11338118040131619,0.048724814777504746,0.07773555977608423,0.05131978932999488,0.07608299903223298,0.1703818683619804,0.12884217589497976
823,0.0,0.24382746988575385,0.01470254065751976,0.07640196641009295,0.11083579416040353,0.04935459264745422,0.07828710064621101,0.051280073569473186,0.07584663899182367,0.15542804049945785,0.14403578253188717
824,0.0,0.2424063590666366,0.015075609533005067,0.08111455859479236,0.10810654722144451,0.046396599802460206,0.079640549317404,0.049980375950872104,0.07342078304972215,0.14484605138991175,0.15901256607382835
825,0.0,0.24239074342688002,0.013851676426111775,0.0817300002039127,0.10541065418481659,0.0501828582662838,0.08020662072877892,0.05073989876113325,0.07648305611819407,0.12298740221142981,0.17601708967253626
826,0.0,0.23943865584808022,0.0154718529263218,0.08252690232790251,0.10111044310095196,0.054722060678295624,0.08092353891698668,0.052207196517136026,0.08102393376244531,0.09825007266575213,0.19432534325620504
827,0.0,0.23861813914152707,0.015974223760518,0.08323013892177564,0.10044096105573472,0.05460160538955119,0.08135231646645642,0.051893755038835344,0.08158154207646534,0.0958083814716561,0.1964989366775574
828,0.0,0.23678492414008026,0.017159512006984096,0.08463509180679868,0.09916587497578569,0.05427965217584715,0.08226329074972762,0.051179976630936014,0.08275664626171017,0.09202213437556059,0.19975289687664707
829,0.0,0.23576239937775462,0.017839771409056602,0.08534523543086714,0.09856877866929496,0.054068778692816906,0.0827494825638283,0.05079927530087693,0.0833264336548487,0.09070438253244956,0.20083546236828373
830,0.0,0.23467688728075967,0.018573995297807528,0.08605814231338249,0.09799668596400186,0.053828117775771386,0.0832534765675939,0.050399386593851375,0.08389120935548716,0.08978601543993674,0.20153608341148532
831,0.0,0.22987955102706456,0.021934661488408405,0.09175981083836181,0.09643259322746486,0.049081871611896394,0.08654795666687358,0.04457015576586947,0.08483095889308592,0.09758712318668589,0.19737531729436664
832,0.0,0.22704747761627467,0.02392008324972708,0.09323182607107251,0.09558258979564377,0.04847221642903298,0.08772999372941497,0.043632500576717054,0.08557854274421035,0.10012543499927924,0.19467933478870486
833,0.0,0.2255617385489795,0.02495987114422472,0.09397781074766101,0.09519350171920918,0.048129872377714183,0.08833962041319393,0.043165107247048556,0.08588900447136931,0.10201275907750404,0.19277071425317324
834,0.0,0.2232184618388372,0.02670941228865285,0.09549808060966705,0.09464895815825117,0.047193907380546574,0.08936353253462202,0.04178091474747558,0.08622732931037348,0.10673641218098559,0.18862299095066629
835,0.0,0.21988520309259085,0.02933394326025792,0.09772861682274253,0.09394118574589502,0.04582760525571823,0.0907280237909347,0.03954014439501839,0.08653742014417737,0.11498275637424127,0.18149510111850167
836,0.0,0.2158460584701245,0.03191664428951636,0.09931524415750666,0.09327883938515412,0.045126418654306076,0.09226276081402222,0.039122288947114794,0.08679574794010689,0.1234837049355841,0.1728522924066425
837,0.0,0.21334342715256185,0.03342104108403737,0.10021378574017704,0.09293070714985295,0.04469015647000099,0.09318594689034201,0.03916805172235718,0.08676999229910919,0.12928642613805755,0.16699046535358217
838,0.0,0.20816999584111184,0.036479738595396716,0.10217160802633035,0.09227646513934065,0.04362024450926009,0.09499034602866044,0.039321394966332045,0.08651140453764325,0.1430797772979448,0.15337902505805825
839,0.0,0.20550656252408706,0.03801616699224243,0.10325293512059605,0.09196934237392686,0.0429719047401511,0.09588096620775476,0.039431254284387755,0.08620617021185809,0.1509334849332836,0.1458312126117907
840,0.0,0.20281631356680382,0.0395375527760687,0.10439812564100168,0.09167005805819721,0.0422649501587944,0.09675041570593132,0.03956110510165842,0.08581900929682126,0.1592944125148003,0.13788805718000155
841,0.0,0.2003827928710454,0.04104368169108355,0.10600357915655083,0.09146710521959786,0.041430594500331014,0.09756830983522591,0.038465478987921006,0.08580915535281884,0.16931208476179951,0.12851721762370474
842,0.0,0.1977076605928863,0.04243948055446204,0.10727587451510034,0.09120598701312614,0.040645927434326094,0.09839920003935788,0.03865276542627489,0.0852276154287519,0.1783042265139865,0.12014126248180663
843,0.0,0.19437925384978338,0.044201314647111904,0.10926098897110353,0.0909203271309512,0.039625688608436925,0.09937556692701968,0.03818619563986972,0.084768746545614,0.19118958842355122,0.10809232925663728
844,0.0,0.19207919302284493,0.04543519718168814,0.1109112155161494,0.0907485377122135,0.03900673264945578,0.099956557131789,0.037394707899537284,0.08468346597756927,0.2011730641932965,0.0986113287155351
845,0.0,0.18915882014264107,0.04701327888772179,0.1131494500105554,0.09050380263405193,0.03851312477425467,0.10046465651274067,0.036264641774740286,0.08479731466133565,0.21410933348617905,0.08602557711585834
846,0.0,0.1876001724625022,0.047672250760227436,0.11422473240556971,0.09036515986641394,0.038119041268693116,0.10081223885567578,0.03622014615153907,0.08444919514328629,0.2200611461651914,0.08047591692098016
847,0.0,0.18544956063292725,0.04865161183656434,0.11587503137500756,0.09014567641565066,0.03787001138167328,0.10106966822355996,0.0358543151629536,0.08436138886369153,0.2287220727048543,0.07200066340319665
848,0.0,0.1839724113449413,0.04917362397328493,0.1169945065760585,0.08999417080176017,0.03754385213446389,0.10133712553495207,0.03589875794755865,0.08401282806718001,0.23413563978941912,0.06693708383046056
849,0.0,0.18057643789114078,0.05033045122910505,0.11979862072793204,0.08956796192023649,0.03725565432117051,0.1015829941061812,0.03591062867947547,0.08372211662360783,0.2463472930973497,0.05490784140388041
850,0.0,0.17923336649743185,0.05064464332407026,0.12098288465424592,0.08938429017752453,0.037031916390135936,0.10173261149363456,0.03606860967674705,0.08342554932895895,0.2507140394129236,0.05078208904440689
851,0.0,0.17742948480700751,0.05112056107032803,0.12266951730319414,0.0890721455704413,0.0372316714954461,0.10157410180669597,0.03620922318963907,0.083560131602123,0.25632465181513736,0.04480851134006708
852,0.0,0.1754555019901702,0.051218365179841456,0.12466598985942655,0.08875283227077851,0.036526418474107536,0.10198837222119735,0.03667959695137678,0.08270245207519195,0.26164473487543416,0.04036573610255521
853,0.0,0.17386104134899152,0.05140293153136747,0.12638959960023372,0.08837901397274812,0.03692527893721193,0.10164345556413334,0.03702316157323225,0.08303189864583364,0.2653253103080705,0.03601830851825724
854,0.0,0.17170546794859273,0.05128562659750097,0.1289620292728539,0.08783227035867244,0.03687909299160326,0.10152377229043157,0.037671019589250405,0.08289060521918731,0.26916710557603196,0.032083010155955334
855,0.0,0.17035651896616247,0.05114851582247131,0.1307035496879115,0.08737033046683386,0.03753824270840111,0.10095153298651695,0.03826577302358534,0.08348521216479586,0.27025715339996975,0.02992317077343172
856,0.0,0.16942095117366957,0.05090518337081219,0.13203551479153042,0.08704265095690109,0.03762072860643048,0.10079581870363725,0.03864832538147783,0.08355321902789867,0.27075722591882573,0.029220382068896756
857,0.0,0.16688263228579833,0.049846093592145806,0.1360781158668464,0.08593099594540735,0.038100983346023666,0.10012245946543123,0.03994317188015282,0.08413667110134404,0.26928794698199515,0.029670929534935605
858,0.0,0.16560760084622714,0.049070418842412165,0.13842718158568681,0.08529172493864697,0.03779012850443179,0.10012003880562681,0.04038716407452661,0.08403492542218745,0.2676789908876075,0.03159182609272725
859,0.0,0.16293410265220218,0.04738893640652444,0.1436057518946917,0.08379153089258772,0.036173600817339516,0.10062472441580568,0.04078519985892459,0.08322955814084873,0.26268805676839824,0.03877853815275749
860,0.0,0.161290554872831,0.04553839145699538,0.1476235914666096,0.08212222109729946,0.03751852838501462,0.09926411491170237,0.042255539301276415,0.0851929043081036,0.25068267723019544,0.04851147697005287
861,0.0,0.16001679893967938,0.04434435758748891,0.15068710439594807,0.080866493282443,0.037378574063798194,0.09891289718540978,0.04259824607112131,0.08576175386417657,0.24209399574388193,0.05733977886613389
862,0.0,0.1588759850887982,0.040817287079081895,0.155665493257327,0.07782893877088314,0.04221895926000386,0.0952792876845177,0.04617387382184274,0.0912119419282683,0.21203911208036041,0.0798891210289979
863,0.0,0.15859731964721077,0.04004131900733179,0.15689356070455446,0.07709784974788575,0.042959026456065724,0.09466505484631207,0.046682908742581346,0.09221069724783555,0.20515177207756444,0.08570049152273927
864,0.0,0.15834398493675822,0.03926155991641228,0.15809779911087157,0.07634720747672293,0.0437303388564229,0.09403962684731801,0.04719221309421066,0.09323494687480573,0.1980629030524701,0.09168941983408879
865,0.0,0.15793361776651615,0.03718737234317234,0.1607993914543688,0.07441547993125935,0.046347821853039754,0.0921523423688189,0.0489368802290536,0.09624962130808278,0.17892090647657272,0.10705656626919709
866,0.0,0.15759572991021115,0.035630376966677466,0.16301263882665434,0.07277624171367675,0.04808134921023299,0.09087743251696485,0.049930101422069856,0.09839029351124529,0.1638806844951855,0.11982515142716345
867,0.0,0.1574567568781303,0.03486520681791754,0.1640742527958346,0.0719352789837541,0.048981547466107354,0.0902371898725674,0.050413212177291326,0.09947121786547818,0.15634065093458466,0.12622468620841623
868,0.0,0.15716706957939988,0.03393566068325636,0.16572259351532945,0.07061669648211201,0.049884548836542676,0.08949283268992073,0.050687962493278824,0.10075454259603782,0.14577242896354106,0.13596566416066297
869,0.0,0.15711447057331762,0.03268085555728781,0.16703411852245673,0.06932138994598558,0.051808755839829586,0.08833436998417232,0.05186649055513055,0.10261005785909935,0.13406841264272484,0.14516107852007756
870,0.0,0.15708114620052227,0.031442835654331196,0.1682954963958319,0.06801943316013206,0.05371083954079692,0.08723591527047907,0.05299846255120936,0.10438771727868132,0.12278566695595107,0.15404248699214687
871,0.0,0.1570641176426714,0.030227407588912063,0.1695043183918829,0.06671614360888077,0.055578620670344914,0.08620862455623807,0.054074043759190525,0.1060702273140938,0.11206069476500548,0.16249580170286218
872,0.0,0.15701429964594601,0.029575526376079256,0.17034261665038264,0.06580422481841144,0.05654533893209327,0.08564713176435704,0.05447385067631389,0.10700805187075915,0.10560114298817046,0.167987816277569
873,0.0,0.15678659267934467,0.02890566500111555,0.17192615415415596,0.06386458705675865,0.057831148585268936,0.08468746647014624,0.054537599560606526,0.10838278676456171,0.09438158748289777,0.1786964122452265
874,0.0,0.1567471400993983,0.02839230683528532,0.17258001022457956,0.0629286539226292,0.058869269057325826,0.08412506329618145,0.05498483520459065,0.10915996641962283,0.08878323630365977,0.18342951863680965
875,0.0,0.15671164590959846,0.02791468836401413,0.17318672072707247,0.06198981264108105,0.05991178848565689,0.08357735095547315,0.05542986587273808,0.10987842128666435,0.08355580584984636,0.1878438999079377
876,0.0,0.15667935024522328,0.027474047059665746,0.1737454796214151,0.061049361183749845,0.06095699379813848,0.08304525081710708,0.05587325451060153,0.11053366621326494,0.07872561644913173,0.191916980101785
877,0.0,0.15672801175030532,0.026017164083648223,0.17488367091552381,0.05925000502905145,0.06348951997437613,0.08218323135468332,0.05725870636113092,0.11177947320560407,0.06998424358082504,0.19842597374493467
878,0.0,0.15665310249446943,0.025842658084595557,0.17545942102309928,0.05780408766324327,0.06478987291656635,0.08142188403753417,0.057603937911590214,0.11240542171614895,0.06515598814088455,0.2028636260119514
879,0.0,0.15666520215944368,0.025043625123872374,0.17612121479821652,0.05645751221271452,0.06644769038095204,0.08094697003173654,0.05838860115677217,0.11287744616108851,0.06122794037321026,0.20582379760207653
880,0.0,0.1566502423650438,0.024796685773409554,0.1764368743526468,0.05553995046716765,0.06741821181825765,0.08056879408990231,0.05876304565883024,0.11310235992147755,0.05931156155846357,0.207412273994884
881,0.0,0.15663532421339682,0.024591153557429652,0.17670126905770425,0.054629984860351755,0.06837968776173287,0.08021001847889596,0.05914122456430834,0.11324135208592762,0.05791584640856685,0.2085541390117691
882,0.0,0.1566280152923522,0.02381381009322974,0.17733981112609842,0.052451674360302264,0.07076998141159864,0.07970359260180182,0.06014578976067867,0.11307176386147637,0.056970164173879276,0.20910539731866606
883,0.0,0.15631829890942509,0.026465473824490177,0.17575649663757256,0.04943178676456916,0.07399402006991197,0.07684206668662263,0.062052994458963624,0.11248622571862257,0.05931434215152196,0.20733829477838364
884,0.0,0.15641443369840735,0.025100570471287758,0.17639131836954486,0.04734234558495219,0.07617521437483914,0.07752011887379444,0.06294193610948984,0.11046546203823783,0.06694297835443738,0.2007056221250928
885,0.0,0.1564614505405291,0.024772655620021483,0.17639279507102482,0.04621399946013908,0.07730431113828276,0.07773553486803804,0.063465165181691,0.10911271864797487,0.07294759585100678,0.19559377362137575
886,0.0,0.15647551275708507,0.02521313377284471,0.17574681719125915,0.04476928244295497,0.0788484328342637,0.07740346946111006,0.06449052516470558,0.10726352122081147,0.08187068039485461,0.1879186247601945
887,0.0,0.1572449587766889,0.021436502551571326,0.17664596171993577,0.042506019197393316,0.07959002750871733,0.0826396754838594,0.0634245626898397,0.09938218736731239,0.11831719186224694,0.15881291284251875
888,0.0,0.15747731720305336,0.021156289504156156,0.17633442643759198,0.04190621709066988,0.07976883086379709,0.08350611313916088,0.06342648134604881,0.09719492596508986,0.12993129335534523,0.14929810509517064
889,0.0,0.15760838561403046,0.021378594757313067,0.1759045281633337,0.04139951656226555,0.08011069593627033,0.08355742902516422,0.06378378313522773,0.09588711889666254,0.13730800022718861,0.14306194768262775
890,0.0,0.15771688906299072,0.023240322698487297,0.17417392118836392,0.04011275307045126,0.08163132551280515,0.08185853658236161,0.06591067393046988,0.09366967451808514,0.1503963464800863,0.13128955695598277
891,0.0,0.1577693116353041,0.02543071156805215,0.17196409661070583,0.03911535945333763,0.08311178224119378,0.07995474488795101,0.06852634884155939,0.0911273712039791,0.16366545852902092,0.11933481502898032
892,0.0,0.1579206821442761,0.025832574132743685,0.1711811680071504,0.03880527871405971,0.08341588361792336,0.07988156947509197,0.0692575954420003,0.08943760326175054,0.1714303621271517,0.11283728307793656
893,0.0,0.15801446021746718,0.02729048253619303,0.16941222624211702,0.038349827707859,0.08424771031618183,0.07876316961342004,0.07123368767210919,0.0871317844727521,0.18186943383328474,0.10368721738870024
894,0.0,0.15933452818804708,0.026188007764408702,0.16756280710716662,0.03804126856359674,0.08364591705102994,0.08143049870052459,0.07186094692490183,0.07980228321568557,0.21171215237592889,0.08042159010879425
895,0.0,0.162680873217688,0.022171312302044763,0.16481970518040334,0.039216550029992664,0.07993601195711401,0.08846716012176616,0.0706950164182944,0.06862856817637095,0.25525522679389917,0.04812957580251066
896,0.0,0.16308667596334317,0.023373625950936405,0.16298632645112113,0.03923050975243927,0.0803726979169868,0.08680387373797621,0.07332332421001468,0.06624302171237886,0.262376983059493,0.04220296124539466
897,0.0,0.16401123002322351,0.022916924530750296,0.16171960125796273,0.03972594994807086,0.0795807528671826,0.08752368231654986,0.0740678532396072,0.06365376114935299,0.27039781944447283,0.036402425222911435
898,0.0,0.16705276125257837,0.019597205689830262,0.15931295903191017,0.041795304627548234,0.07577803200367499,0.0924105395912781,0.07322045325046382,0.058282703942807206,0.28639775633419334,0.026152284275799628
899,0.0,0.16759510574249023,0.019748518216880947,0.15826337604150517,0.04215602910978217,0.0755248131531916,0.09186687002940278,0.0745576000297134,0.056856220584704395,0.28873372791360763,0.024697739178806057
900,0.0,0.1698982248073627,0.018596785349965225,0.15532097092476238,0.043895682871139735,0.07346294949461053,0.09263872477297423,0.07673636923293105,0.05311959902867101,0.29331409557345206,0.023016597944215688
901,0.0,0.17050155494958974,0.018704517614316497,0.15420521877245047,0.04440750974874192,0.07315431023140961,0.09190828150138063,0.07826484045840709,0.051860119820612456,0.29342678232387864,0.023566864579297502
902,0.0,0.17173276312470087,0.0180765555857151,0.1526618088069487,0.04543090721487126,0.0720783132732562,0.09207235162103695,0.07956112274050939,0.050311627099635076,0.29279955585833034,0.025274994675080705
903,0.0,0.17299626806402035,0.01743011656872221,0.15108610015352156,0.046515039419035224,0.07099568467990493,0.09213191263786966,0.08094748319864359,0.048936359112879566,0.2907918773476774,0.028169158817810288
904,0.0,0.17367785177836542,0.019170253649120235,0.1482693384396837,0.047648264783648836,0.0713562336626082,0.08761862536094062,0.08651958963544051,0.04617101802780832,0.28587612874900026,0.03369269591346892
905,0.0,0.1743627592419878,0.020145269150330578,0.14604157325317615,0.04878493645505206,0.07124645922220778,0.08486291335627265,0.09023009727151189,0.04435623653354003,0.2809868175363531,0.038982937979652965
906,0.0,0.17508732385935064,0.020210275578648622,0.14465570888511822,0.04965651606732864,0.07083555820001941,0.08386531493962324,0.09204760948470077,0.04340802429479846,0.27717553347084833,0.04305813521964884
907,0.0,0.17660642472715235,0.019386575229145258,0.14277498823718318,0.051052166568077526,0.06979225115168451,0.0835897726237077,0.09382485673635164,0.04244189254203422,0.2704896590763299,0.05004141310841899
908,0.0,0.1773019920420526,0.021290899553707714,0.13934739938447496,0.05310308593717276,0.06961459964942206,0.07894598414218987,0.0994328522138449,0.040193983848645407,0.2604785958961079,0.060290607332467314
909,0.0,0.1798310883762388,0.020320767754326997,0.13571504360992992,0.0558102863986574,0.06812776592727088,0.07742118513588186,0.10322092943949558,0.038941449099112846,0.24522493401728776,0.07538655024188363
910,0.0,0.1806665277492236,0.020288857629715742,0.134168396150247,0.056982025310288495,0.06761841817826234,0.07629452356995715,0.1050559017829413,0.0384213132800744,0.23864817985691095,0.08185585649246488
911,0.0,0.18331224791698,0.018304516722708206,0.1315357202645962,0.059145289761402625,0.06613759632312657,0.07633977887195005,0.10705510716516531,0.03845483868541785,0.22364350614422693,0.09607139814451224
912,0.0,0.186766656756713,0.015489602935210848,0.1283805517238774,0.06175550932115934,0.0642721872430912,0.0768141148967986,0.10910119029819512,0.03937256987719388,0.20273632764719135,0.11531128930065525
913,0.0,0.19078093472680266,0.012145401486853334,0.12478241491699937,0.06466840951352508,0.062161519920875985,0.07759753144953979,0.11109073016167918,0.04161742992681176,0.1753573643202677,0.13979826357673109
914,0.0,0.1915369022828132,0.012017412890442091,0.12349563479461513,0.06590304173449034,0.06167128405465938,0.07628418017177045,0.11267078617031148,0.041744453125474076,0.16721280733603905,0.1474634974394708
915,0.0,0.19229752294940494,0.013870425110298413,0.11961775397926934,0.07005900802774494,0.06049311491300797,0.06998403650650464,0.11821437986557205,0.04066774772122973,0.15009273272630652,0.16470327820074762
916,0.0,0.19396334728656175,0.012869679534455955,0.11762686576260743,0.07181353023816534,0.0596581303063565,0.06926900730467435,0.11956880555149332,0.041850864460220245,0.13722479959048578,0.17615496996506544
917,0.0,0.19476554200644441,0.012710666152177783,0.11621281198482804,0.07322289806706395,0.05907877099893388,0.06814819299294071,0.12073087500711324,0.042376848498789824,0.12955561875116461,0.18319777554062977
918,0.0,0.19554677102998208,0.013222609121497687,0.1138621511874183,0.07579405755171074,0.05808723875779729,0.06562352158355939,0.12274432865407442,0.04280269625900727,0.11962103398239439,0.19269559187264465
919,0.0,0.1963378863357332,0.013744545365419903,0.11141880975654701,0.07848162256061424,0.05699750780374191,0.0632984172653025,0.12442236146381704,0.04346325110560132,0.11031191803116555,0.2015236803121437
920,0.0,0.19708627565236847,0.01502175428923058,0.10783665668374391,0.08256487032524762,0.055251659085040906,0.060021006236008326,0.1262780711054795,0.04442235487903889,0.09995769579117124,0.21155965595275722
921,0.0,0.19983029651499118,0.014303060481509311,0.10297371111388423,0.08743454803634317,0.05316230152794402,0.058006322642834306,0.12729798405631543,0.047984421259974847,0.0829071231549497,0.22610023121134104
922,0.0,0.20071053125132954,0.014051956474754683,0.10140811247837347,0.08907162679553353,0.05243846120118408,0.05744443627847186,0.12736187156554457,0.04936666323743374,0.07800281213144859,0.23014352858601328
923,0.0,0.20503320470196137,0.01031011260830725,0.0979806961134509,0.0913950681544629,0.051713689249222615,0.05849839604748889,0.1266508578066552,0.05547493042321068,0.05965747057901081,0.24328557431631662
924,0.0,0.20717596006015038,0.008691708515746492,0.09584973595783244,0.09308308785380945,0.05109956576362864,0.05886118128707117,0.12570291026095667,0.059581008089300856,0.0507651523491175,0.24918968986247386
925,0.0,0.2077936544351168,0.008514802401673616,0.09463627319313837,0.09458734087665759,0.050410072963500197,0.05848060584286385,0.12505745902916635,0.06144927811595427,0.0485117956069535,0.25055871753506276
926,0.0,0.20832603682894313,0.009294348278366161,0.09162942166672007,0.099136101606737,0.04812176684123128,0.05689169307782798,0.12317075017560582,0.06501319363641365,0.04849428154427813,0.2499224063439645
927,0.0,0.21023486702893596,0.007843242670068737,0.08974109157860242,0.10057166805241714,0.04765425583753586,0.057606117224729234,0.12118431838493976,0.06982176288121192,0.044286343907224746,0.2510563324344221
928,0.0,0.21075928074391118,0.007693131276984956,0.0886129869221242,0.10204707788449517,0.0469513191610061,0.05753919033539722,0.11986137735264263,0.07214780412416215,0.04445258842200696,0.2499352437773574
929,0.0,0.21118005672594892,0.00838419159367319,0.08569564465809473,0.10671634171035613,0.044503415201822966,0.05682754513196164,0.1163498438538688,0.07685401671361637,0.049286534048970224,0.24420241036177534
930,0.0,0.21221010010198343,0.008933678029778682,0.08134593813720895,0.11294591249563805,0.041279570850352394,0.05693995947367507,0.11018629631755786,0.08481258674005483,0.05844065196741022,0.23290530588642896
931,0.0,0.21276149748262832,0.008750472715918473,0.08015364373283533,0.1144246857500397,0.040573160167921986,0.057315341201670644,0.10810185343314851,0.08769140208544174,0.0612330895896601,0.22899485384082377
932,0.0,0.21306646227914072,0.00997433077603296,0.07592938033880052,0.1208030103103928,0.03710728319453238,0.05793326630759514,0.10120970502143575,0.0951336303452635,0.07493700253778067,0.2139059288891143
933,0.0,0.21306524021162418,0.012942132651226687,0.06811173427370205,0.13178399063619994,0.031058195533916002,0.06017003288200832,0.08825098571899875,0.10790415017445133,0.10326399921555675,0.18344953870240469
934,0.0,0.21368662886710554,0.013153353229210785,0.06563006618366746,0.13473699911684514,0.02960157679428723,0.061415625766256254,0.0837326863585331,0.11293929706675544,0.11256042517291438,0.1725433414445134
935,0.0,0.21487982411808226,0.01402869480693863,0.0595397667417094,0.1418497557417116,0.02611036561035393,0.06467947355993055,0.07269079121114976,0.12482032562015069,0.13656949064589605,0.14483151194416566
936,0.0,0.21620085042072096,0.01419860956011979,0.054720432249853526,0.14712875571673903,0.023739671877946487,0.06771614370064247,0.0636091070754804,0.13496872764880097,0.15657428405758475,0.12114341769220034
937,0.0,0.21658753615974674,0.015246573122145836,0.05032633575377534,0.152009401962136,0.02150177055214181,0.07032534931780259,0.05585632843618828,0.14314092680025942,0.17488222847799914,0.10012354941789361
938,0.0,0.21725681345525213,0.015203068437852733,0.04808425214527184,0.1542724251880926,0.02062750552027926,0.0718656831099461,0.05178176312187769,0.1478794578239514,0.18421560142503635,0.08881342977252873
939,0.0,0.21791594080662596,0.015125705885223415,0.04591295372296328,0.15641638868801822,0.019846258603476788,0.07337581994750064,0.04792658257408462,0.1524367937769896,0.19315630952205307,0.07788724647315351
940,0.0,0.21856276927405555,0.015015935575193444,0.043816723717691526,0.15843692868332046,0.01915959229760897,0.07484214830756672,0.0443272966642509,0.15677729926955605,0.20161549069184656,0.06744581551899909
941,0.0,0.2193049786753122,0.01446508959796448,0.04270940109154261,0.15942194699515597,0.018917914404944145,0.07579921704796602,0.042227254108571616,0.15955972049808465,0.20621953621219608,0.06137494136835159
942,0.0,0.2197911658458912,0.01471157670053752,0.039883391777221264,0.1620956012117996,0.01807465552120263,0.07757889849876906,0.03803263422084224,0.1646764606249689,0.21676629093469466,0.0483893246641625
943,0.0,0.22107554402517435,0.013962345325811391,0.03704853953895165,0.164528417001923,0.01753638324672809,0.07970946443617627,0.03387775982746227,0.17031165337520432,0.22679677538619744,0.03515311783646091
944,0.0,0.22343924416571598,0.011371620237301773,0.035942326826618985,0.16522407104620554,0.01761118263381846,0.08189633628551075,0.030722772098031467,0.17495188363779954,0.23258453193408835,0.02625603113499922
945,0.0,0.22378280483087548,0.011073204547686032,0.035199503584743476,0.16591541223465064,0.017475879736598064,0.08259122718219031,0.029610944918513044,0.1765026762135848,0.2353506224841576,0.022497724267090676
946,0.0,0.22437572873411132,0.010412970559784265,0.03457476667768511,0.16640715509284681,0.01741894729635337,0.08363462398420972,0.02822875928877666,0.17839217028698215,0.23847818883063032,0.018076689248710538
947,0.0,0.22445951991027885,0.010417594482355502,0.03325282602752563,0.1677893051381567,0.017129432156283778,0.08441396364353763,0.02718932954542135,0.1799926817793477,0.24195790109832796,0.013397446218855252
948,0.0,0.22469706118851082,0.0100694564789746,0.032842524538322614,0.168119075349873,0.017067233090287334,0.08529960270326209,0.026435204598470718,0.1809388763146874,0.24398889430148551,0.010542071436216527
949,0.0,0.22452421843426557,0.01006248367327263,0.032163313001966475,0.16878022483962693,0.0168959077983414,0.08650057759943851,0.025939480990487717,0.18145692457287463,0.2463982656287988,0.0072786034610181315
950,0.0,0.2241554725494932,0.010309505027932127,0.02993273333124677,0.17131790010111395,0.016608601741436482,0.08687511893044318,0.02715414097389685,0.18106059307480338,0.2472827570873832,0.005303177182341754
951,0.0,0.2236671611114668,0.010586767290106361,0.02932165049644774,0.17195978695665845,0.01650606079119218,0.08741055925389252,0.02850234710117931,0.17940907611429296,0.24644807344942457,0.006188517435429888
952,0.0,0.223323434634022,0.010796910114094161,0.029084783180901665,0.17224077887157563,0.016458720766845073,0.08761308752271565,0.029414389374758522,0.17824235121795803,0.24564273665132724,0.007182807665892941
953,0.0,0.22288423350629233,0.011027941345527365,0.02833177519309633,0.17305131747420338,0.01648340601547624,0.08762341877635717,0.03144721486942881,0.1761552349326429,0.24359123334683944,0.009404224540226982
954,0.0,0.2219560253509086,0.011719661845536938,0.028580540153485576,0.17287999899906772,0.01632785728042873,0.08806426093979977,0.03305623532414067,0.17337181964678378,0.24180082264879832,0.012242777811140746
955,0.0,0.21926149042224735,0.01404524829927871,0.030029068410693267,0.17153786651010347,0.015994078441967017,0.08889614660924725,0.03580867775503625,0.16744046061967263,0.23864772433791878,0.0183392385939262
956,0.0,0.21747741823060618,0.015363320539558594,0.03020033676516076,0.1717211027415624,0.01586141772060681,0.08883150438875766,0.03946152988077439,0.1620938589591029,0.23442197876778484,0.024567532006176486
957,0.0,0.21442268665516084,0.01767097157754327,0.030675896527788633,0.17177614231654947,0.015688320202084827,0.08860857367113142,0.045774137132419866,0.1526429310753268,0.2269985933552069,0.03574174748687942
958,0.0,0.20958246040159903,0.02193877875834767,0.0326492600469911,0.1701065376260886,0.015423087323604734,0.08874025165942696,0.0518481261944197,0.1414328708869745,0.22009968423960893,0.04817894286303043
959,0.0,0.2082292879412252,0.022965140412856244,0.033008647543451106,0.17002954124091701,0.015371856190338632,0.08854139074654224,0.05432337202938523,0.1375282844241324,0.21726068117312672,0.05274179829811659
960,0.0,0.20683545845738732,0.024025311224140602,0.0333915955019898,0.16992976579401886,0.015328680462003953,0.08833357144717953,0.056852985614489294,0.13350210184159117,0.21437765601683645,0.05742287364045447
961,0.0,0.20391565276497975,0.02664004574732936,0.03462721379968105,0.16885998851698286,0.015248857436902115,0.08829580395050937,0.06017940040449016,0.12712043947774854,0.21077001497157072,0.06434258292989754
962,0.0,0.2024140484307107,0.027389700284003768,0.034685217839587924,0.169516567408991,0.015254509658208949,0.0876502760832857,0.06466927997175854,0.12083034793675419,0.20561453457534626,0.07197551781144451
963,0.0,0.20087687238997232,0.028570978813886396,0.03514850457051848,0.1693294785757482,0.01525533239173645,0.08742461983659959,0.06731764726710276,0.11645134519213102,0.20270054836006873,0.07692467260232769
964,0.0,0.19930869327849648,0.02977904725833569,0.03562830192773223,0.16912138311164843,0.01527061659133289,0.0871984715473485,0.06997065253677467,0.11201996300945387,0.19981273746025352,0.08189013327871539
965,0.0,0.19605594978344512,0.03275252917607784,0.03700510967797128,0.16782232068210431,0.01528389888118922,0.08718862215146915,0.07332500386292463,0.10519700389608418,0.19645108925912874,0.08891847262969715
966,0.0,0.19266776790862064,0.03587677667123247,0.03843903421907059,0.1664250909737504,0.015361070397717395,0.08715648296662842,0.07661859079976022,0.09835587884635215,0.19323286539161985,0.09586644182533959
967,0.0,0.19111078552598454,0.03509574943871386,0.03755827197476282,0.16942415331039642,0.015901925480010404,0.08508729757795264,0.08676503759984489,0.08532833958127026,0.181637639180506,0.11209080033064975
968,0.0,0.1895451694180981,0.03535709914018084,0.037339594087839816,0.17049484398628384,0.016546270166079704,0.08401377920246339,0.09292680519939664,0.07669885427372941,0.17464641341948414,0.12243117110653598
969,0.0,0.18615561281137977,0.038541814063311426,0.038697529163040104,0.1689856337212893,0.01676400993733609,0.08425028186454554,0.09561615160704647,0.07035791906406107,0.17251308051249506,0.12811796725558713
970,0.0,0.18087243167994008,0.04384104922715263,0.04094170682985747,0.16614185761200723,0.017187386003450073,0.08478734717166847,0.098435041535755,0.062294196709485807,0.1707765190528568,0.13472246417791864
971,0.0,0.17562333872310834,0.048080813997120504,0.04248411597766846,0.164724999480392,0.01837257633142995,0.08437054768991199,0.10392518204422249,0.05138075624327047,0.16586528071931242,0.145172388793656
972,0.0,0.17402055377527897,0.048154466268319845,0.04234223275534914,0.16589612588794495,0.019450069942484972,0.08326104497775538,0.10833068761105472,0.044982561841383106,0.16111344997843624,0.15244880696208546
973,0.0,0.1723860212719039,0.04887369732220667,0.04248020335170051,0.16617651441119696,0.02037823961406815,0.08267070100851588,0.11095129329593972,0.0406828425190537,0.15841448934161564,0.15698599786389184
974,0.0,0.17111120314202025,0.047542985689356394,0.04153246712395244,0.16852826534072818,0.022870804030263883,0.08083287742333797,0.11648320382388112,0.03351103285702045,0.15163481540934726,0.1659523451601849
975,0.0,0.167736121640913,0.05092985893371185,0.04260358327459997,0.16672148518500698,0.023910061607050136,0.08111396362265935,0.11685656310205632,0.030785169190606712,0.15209854305566647,0.16724465038782213
976,0.0,0.16664454565672807,0.04946121885164468,0.04153666021203626,0.16882657860971573,0.027121833152135094,0.079412056633708,0.12019687510804655,0.0269509798454986,0.14718866058699398,0.17266059134358588
977,0.0,0.1650917948168154,0.050764850017298475,0.04180690777394781,0.16825794568170982,0.02810267109182227,0.07932683190512727,0.12023600121630215,0.026223656306958037,0.14728302270334884,0.1729063184867629
978,0.0,0.1553448619301672,0.061625960284303304,0.04444220841128207,0.16179989208587642,0.03246845333726203,0.0798656865488638,0.11723040544676006,0.02598615995606079,0.15228990656372757,0.16894646543578984
979,0.0,0.15401471506323994,0.06208773347383435,0.044292570052864584,0.1620717954639604,0.034389227235148805,0.07894500420968083,0.11694971764174716,0.02699902641672365,0.15198962188788182,0.16826058855501166
980,0.0,0.1533161404984583,0.06004139369743708,0.043053218193205546,0.1647171209745752,0.03852926237152378,0.07646801336316607,0.11636681569372699,0.03090533349615271,0.1502265715472964,0.16637613016455088
981,0.0,0.15195649483434623,0.061227930996378924,0.0431012234993249,0.16418833396002244,0.04001520157432544,0.07598052249228203,0.11539385237218255,0.03266178797768837,0.15091579937860936,0.16455885291493266
982,0.0,0.1497989954136931,0.061842053176663636,0.04236965815559341,0.16471241285310617,0.04468062035189658,0.07383750989234875,0.11270499654519198,0.0394730797629298,0.15160526046008724,0.15897541338858248
983,0.0,0.14591890496060703,0.06596804158376737,0.04245705833877321,0.16244817214140037,0.04901951200325688,0.072232875765957,0.1092747368769098,0.0462963142481016,0.1541862927304305,0.1521980913508896
984,0.0,0.13935762597133303,0.07472072825500031,0.04302330659068269,0.15638190299445714,0.055259407163998915,0.07023019268085429,0.10448118137327198,0.055579004518857666,0.15841198011509736,0.14255467033653987
985,0.0,0.13885245674638896,0.07370600713467675,0.0422074822193339,0.15807242414109285,0.05853709457493055,0.06747506655925933,0.10254850919268634,0.06314590509318871,0.15833424150157963,0.1371208128369564
986,0.0,0.1378937102956372,0.07458104366936051,0.041974645761663175,0.1577012256657491,0.06045949873274176,0.06625627039289589,0.10135465502824997,0.06696036479443201,0.15878051586042977,0.13403806979893418
987,0.0,0.1358152442490834,0.0772354078265566,0.041753776276160975,0.15590303955894386,0.06368504385946995,0.06452102750024558,0.09945153695649733,0.07266517615433772,0.15978526902220191,0.1291844785965963
988,0.0,0.1318030127535724,0.08328490414174597,0.04140054935621644,0.15107053618336497,0.06970393352456256,0.06162330926082946,0.09643061510295887,0.08228456611943065,0.16142684821844913,0.12097172533896323
989,0.0,0.12936148719562526,0.08560333877107862,0.03991379433040902,0.14998746284132478,0.0776283235978131,0.05533947450724805,0.09341248231606836,0.0988907084470457,0.16127456839412804,0.10858835959935294
990,0.0,0.12809365096464745,0.08762669076033532,0.03937707693411137,0.14822668645992504,0.0809652062661192,0.053073923792420145,0.09255371284286462,0.10487155446162762,0.1611616673293815,0.10404983018866179
991,0.0,0.12768790775449032,0.08801489915401632,0.03897914908121106,0.1480325210479781,0.08284763447783154,0.051380683752143316,0.09219061689103411,0.10896033634462478,0.16083786491921445,0.10106838657755012
992,0.0,0.12733431818770216,0.0883554780981989,0.03857218621043835,0.14785405656977751,0.08469952373462712,0.049681306849510845,0.09192363868220316,0.11298913327611049,0.16045613183789614,0.09813422655362963
993,0.0,0.12703266123291623,0.0886483450141518,0.03815791230413392,0.14769014858545867,0.08651679889565361,0.047982078753402824,0.09175573746462405,0.11694359593447301,0.1600179907253106,0.09525473108996972
994,0.0,0.1271536352597146,0.08770912461445785,0.03752059611421955,0.14893782173858547,0.08867963578234328,0.04522879584895564,0.09173130605759462,0.12299392353169819,0.15912522925314712,0.0909199317993781
995,0.0,0.12736508680843672,0.08669006666728096,0.03687804787455337,0.1502071535673467,0.09074942373781562,0.042538589005225134,0.09187125439140387,0.12883979268190213,0.15816908726776407,0.086691497998366
996,0.0,0.12689143589866594,0.08801035808824513,0.034402324289288924,0.14812186047184722,0.0998768381059085,0.034469999538829635,0.09404308535492206,0.14570022418532705,0.1545607839702232,0.07392309009683667
997,0.0,0.12748967449094373,0.08661831151965665,0.033872979274564834,0.14942766786131315,0.10132714844163636,0.032253516701521996,0.09517916640938626,0.14999390616716832,0.1532453295612818,0.07059229957262124
998,0.0,0.12816804918825142,0.08515872058993745,0.03336586155458034,0.15071140228731567,0.10264703683270712,0.030222883150801662,0.09644708553560269,0.15388419922449445,0.15190299681031014,0.06749176482609359
999,0.0,0.12921281903444765,0.0833614025473966,0.032540992944747,0.1518034437165635,0.10491997208125547,0.02744616865228464,0.09888069421651778,0.15903132699109296,0.14966035232811137,0.06314282748767759
1000,0.0,0.12936264359029206,0.08402809178424415,0.032010925957077115,0.15006390445724452,0.10692812289183401,0.026414778728100864,0.100751562442265,0.16064653556694242,0.14831105428122218,0.06148238030087245
