time_step,site_0,site_1,site_2,site_3,site_4,site_5,site_6,site_7,site_8,site_9
0,0.0,0.0,0.0,0.0,0.0,1.0,0.0,0.0,0.0,0.0
1,0.0,0.0,0.0,9.618892503118075e-08,0.0002193045002176508,0.9999997956604914,0.0008768813976401411,0.0,0.0,0.0
2,0.0,1.1550174970786182e-15,1.0547906468147654e-11,3.8463965577671857e-07,0.0008766891462771325,0.9999988347939024,0.0019718177988895034,9.617837711799358e-08,1.0546751450650573e-11,0.0
3,0.0,1.8455968323562162e-14,9.490448804082756e-11,1.1774493343478506e-06,0.00197102546236418,0.9999959557882996,0.0035023626259125125,6.009407766826561e-07,1.2916236272907167e-10,1.1532447544605131e-15
4,0.0,1.2695804736182422e-13,4.453514773313149e-10,2.90598364524988e-06,0.003500444237083393,0.9999894413695921,0.005466075499028333,1.9462221183932313e-06,6.745527524076295e-10,2.33139427206753e-14
5,0.0,5.832536957432513e-13,1.5171529829160876e-09,6.144109716955982e-06,0.005462364687078084,0.9999770150562429,0.00785980920695284,4.706768949752501e-06,2.3703387193691916e-09,1.8012164189239156e-13
6,0.0,2.0822780828586544e-12,4.211889740578377e-09,1.1607116053818147e-05,0.007853501482123425,0.9999558524014918,0.010679718119308072,9.599110984646889e-06,6.580460503153581e-09,8.724953572952116e-13
7,5.711733237003738e-16,6.228708390937733e-12,1.0112304029260494e-08,2.0150369716968346e-05,0.010669873653979924,0.9999225949493789,0.013921268462092642,1.748026927839627e-05,1.559563537948533e-08,3.1805267220531373e-12
8,4.250079479690568e-15,1.6323110101211138e-11,2.1768009902964332e-08,3.276771119024613e-05,0.013906815354156,0.9998733668407572,0.01757925041663714,2.9346201349492645e-05,3.297010343809562e-08,9.553277044986497e-12
9,1.7368369485928333e-14,3.8582366963016044e-11,4.303129074030035e-08,5.058958748719473e-05,0.01755898841864162,0.9998037939933927,0.02164779199558208,4.632998367286374e-05,6.39077658007061e-08,2.4916129770686356e-11
10,5.4583759202684466e-14,8.393007300287471e-11,7.944206402780415e-08,7.488092417875761e-05,0.02162039669077477,0.9997090257685192,0.02612037464263673,6.969973209260409e-05,1.1569667943472095e-07,5.833385141499704e-11
11,1.4712137450067237e-13,1.7051308280572858e-10,1.3866096562577016e-07,0.00010703873718073288,0.0260844020467441,0.9995837590248954,0.03098985049635663,0.00010085626085654302,1.9819074131468406e-07,1.2538458542175948e-10
12,3.569110569888896e-13,3.2711823960358054e-10,2.3094936882929615e-07,0.0001485894853107039,0.030943742061828934,0.9994222644505687,0.03624846125193146,0.00014133048114699072,3.243372672892931e-07,2.514174629812285e-10
13,7.980072549797949e-13,5.976754048412315e-10,3.696950223138096e-07,0.00020118616482578064,0.03619054924936854,0.9992184150522048,0.0418878585490387,0.00019278054018248295,5.107490390372604e-07,4.758877232902701e-10
14,1.669630253377787e-12,1.0470593339117845e-09,5.719818712255311e-07,0.0002666051473902871,0.041816371798673674,0.9989657166721223,0.047899125808221844,0.00025698870219239834,7.783192676117412e-07,8.579743231221729e-10
15,3.305986352000023e-12,1.768407209672075e-09,8.592024916233277e-07,0.0003467427631735849,0.04781219573264525,0.9986573403939686,0.054272801433012524,0.0003358579728263504,1.152877801319025e-06,1.48370373423328e-09
16,6.248149485565401e-12,2.8921914331771284e-09,1.2577114540856758e-06,0.0004436116310765647,0.054168468400805254,0.9982861566895268,0.06099890329016753,0.00043140846884944493,1.6658867862847707e-06,2.474818381561349e-09
17,1.134313190377268e-11,4.597295130473628e-09,1.7995178083752342e-06,0.0005593367384045601,0.06087512321876884,0.9978447711513289,0.0680669543759457,0.0005457735352947565,2.3551738696232272e-06,3.999640078724855e-09
18,1.9883633302339597e-11,7.12435741438996e-09,2.5230147739233065e-06,0.0006961512726679969,0.06792160556093298,0.997325561648693,0.07546600957233769,0.0006811956126052211,3.2657009284114457e-06,6.286195041554567e-09
19,3.379296608600313e-11,1.079165957289255e-08,3.473744599869078e-06,0.0008563922085738347,0.07529689970933177,0.9967207167384932,0.08318468339358626,0.0008400218566782727,4.450366192636024e-06,9.637874477613036e-09
20,5.5870597688672107e-11,1.6013843155605604e-08,4.705196461539795e-06,0.0010424956537061789,0.08298955675824213,0.9960222751564705,0.09121117862023065,0.0010246995151617607,5.970837533956474e-06,1.4451923686797762e-08
21,9.011397225417001e-11,2.3323752905554756e-08,6.279635148747153e-06,0.0012569919568432273,0.09098772337120828,0.9952221662101987,0.09953331571526418,0.001237771063796069,7.89841458362206e-06,2.1241054143321583e-08
22,1.4212963260557368e-10,3.339770884897097e-08,8.268958204854893e-06,0.0015025005833523284,0.099279171284728,0.9943122508909643,0.10813856291484358,0.0014818691070951897,1.0314917252261328e-05,3.065848565354773e-08
23,2.1965699816774766e-10,4.708452257959889e-08,1.075557908454724e-05,0.0017817247626311405,0.10785132745089808,0.9932843635188017,0.11701406688432803,0.0017597110481808358,1.3313598130920921e-05,4.352673325799114e-08
24,3.332260283373393e-10,6.543857376558195e-08,1.3833333801381988e-05,0.002097445913110044,0.11669130470985879,0.9921303537328281,0.1261466838292565,0.0020740935331399544,1.7000076167273836e-05,6.0870462017038e-08
25,4.969734826361988e-10,8.975727270111059e-08,1.760840845529473e-05,0.0024525178509183913,0.1257859328819215,0.990842128637695,0.13552301095021024,0.002427886675857671,2.1493288925981453e-05,8.395373396939379e-08
26,7.296477442024119e-10,1.2162323480588293e-07,2.2200284946467982e-05,0.0028498607889239705,0.13512179016880477,0.9894116949166665,0.14512941813033467,0.0028240280698912518,2.6926460665067886e-05,1.1432197682613354e-07
27,1.0558327556873466e-09,1.629514970087079e-07,2.7742702106384357e-05,0.003292455133489446,0.14468523475343723,0.9878312007222437,0.15495207974463887,0.0032655165945876512,3.344808339020107e-05,1.538490091323084e-07
28,1.5074292056152651e-09,2.1604210985726817e-07,3.43846294077404e-05,0.0037833350869490977,0.15446243648832386,0.9860929771566673,0.1649770064810055,0.003755406023309006,4.122290797803538e-05,2.047894557393883e-07
29,2.1254340938410566e-09,2.8363843470493984e-07,4.229125034420821e-05,0.004325582064478325,0.16443940856348252,0.9841895791568535,0.1751900770641652,0.004296798442307154,5.043294239767121e-05,2.6983688830478334e-07
30,2.9620564023091277e-09,3.6899147180772804e-07,5.1644952509945134e-05,0.004922317934720079,0.17460203904645646,0.9821138256013523,0.18557706977566885,0.004892837489482262,6.12784539989172e-05,3.521880191472985e-07
31,4.083228733850448e-09,4.7593055233078e-07,6.264632135766012e-05,0.0055766980942422465,0.1849361221888866,0.9798588384608559,0.19612369366515942,0.005546701422981812,7.397897279175472e-05,4.556132846181214e-07
32,5.571560199875152e-09,6.089407126077634e-07,7.551513455718386e-05,0.006291904386601922,0.19542738939653187,0.9774180808184928,0.2068156193509344,0.006261596030298864,8.877429258232135e-05,5.845341404139886e-07
33,7.52979168415176e-09,7.732470670359385e-07,9.049135383205541e-05,0.007071137877512512,0.206061539762502,0.9747853935916327,0.21763850931093742,0.007040747389263135,0.0001059254667978873,7.441073885632321e-07
34,1.0084817736649045e-08,9.749064897702595e-07,0.00010783611111251333,0.007917611498325131,0.21682427006674954,0.971955030793186,0.2285780475688718,0.007887394493039929,0.0001257157957924111,9.403168501119668e-07
35,1.3392342250966244e-08,1.2209069038313406e-06,0.00012783268580609852,0.008834542570746793,0.22770130414855458,0.9689216931773625,0.23961996868407004,0.008804781751971098,0.00014845180239206386,1.1800726860297488e-06
36,1.7642244925688776e-08,1.5192744700046959e-06,0.0001507874699563918,0.00982514522641809,0.2386784215628111,0.9656805601225205,0.250750085958089,0.00979615138581251,0.00017446419241881698,1.4713186627516299e-06
37,2.3064735964006493e-08,1.8791889523838498e-06,0.00017703091804023414,0.010892622735666173,0.2497414854353518,0.9622273196120483,0.2619543187756525,0.010864735720612874,0.00020410879690055175,1.8231476431025379e-06
38,2.993738749094892e-08,2.3111075302855e-06,0.0002069184781331145,0.01204015976041805,0.2608764694373179,0.9585581961831419,0.2732187190025738,0.012013749405174788,0.0002377674926765183,2.24592557702289e-06
39,3.8593128085089186e-08,2.8268973010408133e-06,0.0002408315011516584,0.013270914546901288,0.2720694838036412,0.954669976722818,0.2845294963685565,0.013246381562686886,0.00027584909807773354,2.751424240422904e-06
40,4.942930729272188e-08,3.439976717383661e-06,0.0002791781248892681,0.01458801107439073,0.2833068003260713,0.9505600340005107,0.29587304276835114,0.014565787893764264,0.0003187902403784561,3.3529629703089147e-06
41,6.291792582310424e-08,4.165466173403584e-06,0.0003223941295448056,0.015994531176834477,0.29457487625677375,0.9462263478370443,0.30723595542050264,0.015975082747724086,0.00036705619170179164,4.06555961474513e-06
42,7.96171462831719e-08,5.020347942115056e-06,0.00037094376145727797,0.017493506654750936,0.30586037706434993,0.9416675238206604,0.31860505882895074,0.01747733117949823,0.00042114167007981313,4.906090905025964e-06
43,1.0018419602573289e-07,6.0236356409262686e-06,0.00042532052176213423,0.019087911395289245,0.3171501979901401,0.9368828094919672,0.32996742549888625,0.019075541010101893,0.00048157160237540783,5.8934624307486525e-06
44,1.2538979289976525e-07,7.19655339254679e-06,0.0004860479167085353,0.020780653518815848,0.3284314843588427,0.9318721079312953,0.341310395364591,0.02077265490906507,0.0005489018458021796,7.048788390294802e-06
45,1.561342154986637e-07,8.562724811742125e-06,0.0005536801663911393,0.022574567570788504,0.33969165060377565,0.926635988693625,0.35262159389340725,0.02257154251765066,0.0006237198647956376,8.395581251045473e-06
46,1.1102171141887403e-06,1.240212668019677e-05,0.0035608654966727466,0.02508432291766632,0.6074287668552774,0.8200962463164507,0.3594705150195305,0.08563267209675812,0.0007770727799297766,8.039401427322816e-05
47,1.2616055991859909e-06,1.7126335034993135e-05,0.003746294586930628,0.02776484625319477,0.6176172893194279,0.8117084658856258,0.3678549776801443,0.08895991683552987,0.0009523017834189973,8.541453503550466e-05
48,1.4514373391290802e-06,2.281025833600612e-05,0.003947253040609496,0.030615791528087348,0.6275938085424807,0.8031856761394285,0.37612503027486577,0.09238213004334632,0.001150483414292836,9.119294390371095e-05
49,1.6840393300306838e-06,2.952698837540383e-05,0.004164639231885917,0.033639385837345805,0.6373529959285472,0.7945385930460955,0.3842734299382327,0.09589921615924199,0.001372718886590557,9.779846834909788e-05
50,1.964432284263983e-06,3.735583910065917e-05,0.0043993973116465985,0.036837620535005354,0.6468899545087191,0.7857783796329819,0.3922932541461808,0.09951095333149093,0.0016201318097923431,0.00010530794752963575
51,2.298388098825905e-06,4.6382661737865775e-05,0.004652517401983561,0.04021224423904531,0.65620020870898,0.7769166138406,0.4001779017068821,0.1032169913629158,0.0018938672230714604,0.00011380618788986533
52,2.6924923819839828e-06,5.670017162917057e-05,0.004925035682924266,0.04376475631873702,0.6652796931044421,0.7679652548272679,0.40792109297353146,0.10701684993349701,0.002195090558282648,0.0001233863220886586
53,3.1542122531376493e-06,6.840828657155627e-05,0.005218034368567729,0.047496400888293454,0.6741247402506819,0.7589366078676405,0.4155168693209223,0.11090991710630857,0.002524986531509162,0.00013415017063328857
54,3.6919696317510375e-06,8.16144763975345e-05,0.005532641569956473,0.05140816132935548,0.6827320676856029,0.7498432879935021,0.42295959192954463,0.11489544812200855,0.00288475796315632,0.0001462086055713277
55,4.315220231700497e-06,9.64341234910669e-05,0.005870031042181861,0.05550075536340593,0.6910987641972497,0.7406981825294525,0.4302439399225099,0.11897256448628778,0.0032756245267497553,0.00015968191556550536
56,5.034538477426796e-06,0.00011299089388446081,0.006231421813397113,0.0597746306936397,0.6992222754545953,0.7315144126797329,0.4373649079019166,0.12314025335382466,0.0036988214267722843,0.00017470017165092496
57,5.861708557067564e-06,0.00013141711853336115,0.006618077693597432,0.06422996123415912,0.7071003890992839,0.7223052943252352,0.44431780293226003,0.12739736721143105,0.0041555980060526115,0.00019140359294825257
58,7.37327593620992e-06,0.00017376281776313512,0.007031304973520768,0.07366228928230838,0.7145505907000701,0.7105390374807262,0.4581696851217519,0.13174134495709822,0.00516656278585105,0.00020995122535425695
59,8.540925262102866e-06,0.0001979086446978019,0.007489120785778048,0.07863513923605557,0.7218241273045746,0.7013468047105685,0.4647457295385647,0.13621952274520766,0.005722412016855212,0.00023166012626605367
60,9.86920808143772e-06,0.00022445102933818322,0.007977214303316776,0.08378577858412563,0.7288468171483656,0.6921756709389321,0.471138259615009,0.14078346892532834,0.006316049369243743,0.0002556518010276386
61,1.384458597013543e-05,0.0002563173742665392,0.010144961638890377,0.08916903595517003,0.7558285310282822,0.6631536246335685,0.4757114162766253,0.1596077229647405,0.006977755175356968,0.0003690210799452012
62,1.5845645066304414e-05,0.0002912489538307195,0.010743487432258952,0.09473847864088843,0.7619247613658908,0.6541224375197301,0.481265809887295,0.1644410258210043,0.007682652861973272,0.0004021789647762684
63,1.9397757879795743e-05,0.0003700902945250139,0.011378305953672951,0.10639250096610761,0.767438058487533,0.6427981423836906,0.492422378370909,0.16934345516402097,0.009216254392936976,0.0004385205698892692
64,2.211537577207874e-05,0.0004143493738245266,0.012072631487755447,0.11246776018419012,0.7729181851269644,0.6340145699760857,0.49754739285639205,0.17435853193214385,0.010046605269836797,0.0004801322066092023
65,2.5164660345020152e-05,0.0004625016796165679,0.01280760170404216,0.11871182458166833,0.7781471050425083,0.6253482519717971,0.5024741068563411,0.17944150416004928,0.010924404394729718,0.000525565441360555
66,9.142241611012203e-05,0.0005463239174902921,0.0362842575773643,0.12476470878913343,0.8725613642345333,0.487300968839047,0.48593363566341863,0.3056019322913344,0.012060429921766636,0.0022516707533969025
67,0.0001040912344998199,0.0007370008126334921,0.03747855283010152,0.13797795751451897,0.8740127905550333,0.48084792768451096,0.48934238269106883,0.3107294142825874,0.01454891050933539,0.0023508865529505815
68,0.00011413164763726826,0.0008460029386802336,0.03877178549139866,0.1448321386585145,0.8756820164864739,0.47574703732852003,0.49034099085624133,0.31587498553410237,0.015901315846290707,0.002463796953918912
69,0.00012535597599421593,0.0009650122003967057,0.0401226413565817,0.15184408425828158,0.8771570500067064,0.4709333298694539,0.4911772915218183,0.3210061778955813,0.01732897645192311,0.002585089538903647
70,0.0001378486626758391,0.001094472122678491,0.041532560122794285,0.15900837234867504,0.8784392369809132,0.4664106267625034,0.491853921546816,0.32611929019178154,0.018832816598707235,0.00271519273745591
71,0.00015170065446959722,0.0012348440018324909,0.04300298520573185,0.16631935145222,0.8795298509337572,0.462182112077777,0.4923737045115948,0.33121062281073693,0.02041369792217873,0.0028545544158900147
72,0.00016700968102734327,0.0013866071300305909,0.044535360945666506,0.1737711513660742,0.8804300943553286,0.4582503312793923,0.49273964727948316,0.33627648248467484,0.022072416851359456,0.00300364191151679
73,0.000183880542822217,0.0015502590059264935,0.046131129727965806,0.18135769439726596,0.8811411011912847,0.45461719204490614,0.4929549365159971,0.34131318701151314,0.023809702107262774,0.0031629420329786413
74,0.00020242540769756394,0.0017263155302733883,0.047791729022964,0.18907270701121096,0.8816639404774373,0.45128396708769236,0.4930229351498676,0.34631706990805466,0.025626212276049585,0.0033329610257047284
75,0.00022276411579406417,0.001915311185359052,0.04951858835034096,0.19690973185725666,0.881999621073044,0.4482512989371417,0.49294717875934635,0.3512844849866096,0.0275225334633365,0.0035142245015415746
76,0.00024502449261456117,0.0021177991970614653,0.05131312617346207,0.2048621401339242,0.8821490974412899,0.4455192066240956,0.49273137186665983,0.3562118108473892,0.02949917703606978,0.0037072773316595884
77,0.00026934266995194955,0.0023343516783101673,0.05317674672941598,0.2129231442555585,0.8821132764201192,0.44308709421187564,0.4923793841230795,0.3610954552796621,0.031556577458265324,0.003912683501877329
78,0.0002958634143757512,0.002565559752728372,0.05511083680077137,0.22108581078134407,0.8818930249214868,0.4409537611065976,0.49189524636685616,0.36593185956534185,0.03369509022678299,0.004131025929594738
79,0.0003247404629397641,0.0028120336572203725,0.05711676243534689,0.229343073567034,0.8814891784925212,0.439117414074224,0.4912831465362235,0.37071750267935,0.035914989913147656,0.00436290624157636
80,0.00035613686574035853,0.0030744028222621537,0.05919586562055084,0.23768774709930654,0.880902550667818,0.4375756808860359,0.4905474254198433,0.3754489053818047,0.038216468317254455,0.004608944511879279
81,0.0003902253349195579,0.0033533159286472567,0.06134946091910263,0.24611253997240917,0.8801339430383021,0.4363256255088554,0.48969257222737234,0.38012263419778897,0.04059963273859411,0.00486977895927536
82,0.00042718859967438524,0.0036494409394402347,0.06357883207318861,0.2546100684666485,0.8791841559587208,0.43536376475158545,0.48872321996338175,0.38473530528115923,0.04306450437042044,0.0051460656035785726
83,0.000489717118432916,0.004289633197346936,0.06588457788748354,0.2719245671952975,0.8765718732431098,0.4346062308926472,0.4878149679405699,0.38921988612189096,0.04822995865774069,0.005439357978415276
84,0.0005350144686651915,0.004635521417031179,0.06831900814126315,0.2806472763443189,0.8751491584739538,0.4342919949508989,0.48660562584138695,0.39368240542542715,0.05092881741928604,0.005758126196023379
85,0.0005839150835766013,0.005001034689707762,0.07083413471663902,0.2894134820160127,0.8735469506799901,0.43424998301346535,0.48529743406519665,0.3980733340618415,0.05370806312375451,0.006094909694558992
86,0.0006366529477469706,0.00538693121396253,0.07343108573055085,0.2982155155440549,0.8717662529553195,0.43447454488351794,0.48389556113816345,0.4023895507808851,0.05656729889669379,0.006450448054384495
87,0.000693474118268123,0.005793988306019818,0.07611093847993819,0.3070456949355366,0.8698081368818834,0.43495959459333505,0.4824052903608448,0.406628002503851,0.05950603625899997,0.006825495837808527
88,0.000754637109028972,0.00622300224628336,0.07887471596998505,0.31589633815639745,0.8676737552267418,0.435698634051515,0.4808320136731815,0.4107857074382106,0.06252369445745923,0.0072208219579737885
89,0.0023028371969305112,0.006911970077404852,0.17996085251176402,0.31508395125650296,0.816088524014324,0.527408195189843,0.4430840559802699,0.5114202365795681,0.06537148152469326,0.024624998820605273
90,0.0024300434609037806,0.007564895725713989,0.18325789258364855,0.3212178411643247,0.8117251349013134,0.5324056449771398,0.44134067310132225,0.5131685361834097,0.06843216458555589,0.025290238442950544
91,0.002568013913131195,0.008260117136109984,0.18661706757693494,0.3273268044317241,0.8072372397069116,0.5374464167757781,0.43968968534333674,0.5147779933355484,0.0715740627909454,0.02598376800781199
92,0.003022012012272286,0.009028024783240739,0.2036048063207984,0.331422344960042,0.7893643893044779,0.561698209606974,0.43579007410359183,0.5218151544599741,0.07467517216141929,0.029615951425214303
93,0.0031896779744956297,0.00982375468271139,0.2070275529181361,0.3370267812366923,0.7843847586875369,0.5669101334698335,0.43461865781292436,0.5228162691150199,0.07789289643243615,0.030382710625258703
94,0.0033703247126233137,0.01066672616458403,0.21050529724786046,0.3425895314834425,0.7792982523939368,0.572111080930573,0.43357742867188875,0.5236716486478994,0.08118529189431874,0.031179893511377274
95,0.0035644318239522734,0.011557761196568065,0.21403698774571112,0.3481059662755939,0.7741087401052102,0.5772923770447295,0.4326718290285294,0.5243806036072407,0.0845501312944314,0.032008058794918456
96,0.003772497802224301,0.012497676328096109,0.21762151495714194,0.3535715744151137,0.7688203008090418,0.582445561304015,0.4319070505306592,0.5249425541257827,0.0879850839832689,0.03286776369495958
97,0.003995040087306501,0.013487281552788022,0.22125771167211095,0.3589819678692895,0.7634372189864413,0.5875623963687079,0.4312880214224137,0.5253570319049709,0.091487718952192,0.03375956282150202
98,0.004232595090303913,0.014527379148369395,0.22494435316003206,0.36433288637307254,0.7579639798418799,0.5926348757888158,0.43081939439355443,0.5256236823477177,0.09505550806190576,0.0346840070297535
99,0.004485718192887565,0.01561876249517611,0.22868015750566598,0.3696202016950376,0.7524052635964535,0.5976552307377532,0.4305055350319556,0.5257422668375736,0.09868582945413831,0.0356416422472776
100,0.004754983719617272,0.016762214874447977,0.23246378604647328,0.37483992156798746,0.7467659388685975,0.6026159357865811,0.43035051092794485,0.5257126651608461,0.10237597113848584,0.036633008275892685
101,0.005198398654288485,0.01919167728356225,0.23628269075715483,0.38573421961177773,0.7393865461919346,0.6074789253956001,0.4304255310272972,0.5253075190342194,0.10997348039327325,0.03766969597787256
102,0.0055152352645061655,0.020489240900088482,0.24022056984952583,0.39084358333634933,0.7335778803644459,0.612249387121319,0.4306690697622305,0.5249104191163918,0.11385615880051554,0.038758200131972176
103,0.00585038974625032,0.02184127451653421,0.24420187733152193,0.3958706170940766,0.727706692899997,0.6169375831689269,0.4310814469629471,0.5243662496582945,0.11778752274152803,0.03988254211298326
104,0.006204528866358278,0.02324850542750248,0.24822502625504322,0.4008119558659953,0.7217786100359974,0.6215371023945949,0.4316652727976636,0.5236754758170329,0.12176447087816282,0.04104323030400898
105,0.006578337635017989,0.02471164415353101,0.2522883761020202,0.40566438826978984,0.715799396026028,0.6260417929471912,0.4324228165752663,0.5228386972149441,0.12578383570935617,0.042240759662174374
106,0.0069725190710933195,0.02623138314067188,0.25639023387052157,0.41042485836918574,0.709774941435519,0.6304457628789348,0.4333560011553549,0.5218566510542533,0.1298423881052982,0.043475610388100834
107,0.007387793931362815,0.02780839545058505,0.26052885526039127,0.41509046718233045,0.7037112508248888,0.6347433801048968,0.4344663982803995,0.5207302152877146,0.13393684194066618,0.044748246587653626
108,0.007824900402554682,0.02944333344292579,0.2647024459568499,0.4196584738975033,0.6976144298737592,0.6389292717620215,0.43575522485333085,0.5194604118276169,0.1380638588161598,0.04605911492863213
109,0.008284593755094886,0.031136827451873763,0.26890916301022233,0.4241262968050235,0.6914906720020404,0.6429983230194237,0.4372233401800683,0.5180484097741324,0.14222005285746508,0.047408643295146026
110,0.008767645957523912,0.03288948445871407,0.27314711630974253,0.42849151395465884,0.6853462445455377,0.6469456753923916,0.43887124419253665,0.5164955286426828,0.14640199558071815,0.04879723944248579
111,0.016641039907133153,0.035444749518529675,0.37344776884125735,0.4092658272716673,0.5590233325218773,0.7461803963351293,0.46511928317837964,0.4601332555428605,0.14813983061015992,0.08719239484124758
112,0.017316900239604686,0.03739792245120451,0.3766787935889297,0.4108455518135471,0.5532116577842318,0.7476085139953268,0.46981520568612795,0.4568302673766934,0.15114365362839882,0.08873166837736893
113,0.018027907106130316,0.039424435795949404,0.3798939005187285,0.41234659731734546,0.5474867664273487,0.7488485976857145,0.47469073880658486,0.4534070774023158,0.15414682516382874,0.09030271721828254
114,0.01877478291660464,0.041524279562879136,0.38309104980047715,0.41376940439318327,0.5418534677047782,0.7498998206414292,0.47974020109573534,0.4498671769833791,0.1571464789684853,0.09190531747572984
115,0.019558255330603208,0.04369739190375279,0.3862682065048499,0.41511452437968355,0.5363163757208632,0.7507615094005881,0.48495760035099794,0.44621424647289865,0.1601397539755267,0.09353921838639483
116,0.020379056260613784,0.04594365822420565,0.38942334269981177,0.4163826168585049,0.5308799000044195,0.751433142216576,0.49033665076711,0.44245215647363856,0.1631237986663146,0.09520414184453904
117,0.021237920834703616,0.04826291035363793,0.3925544395492993,0.41757444705277197,0.5255482367499701,0.7519143479469222,0.49587079085144803,0.43858496872451425,0.16609577541041332,0.09689978197236275
118,0.022135586319454066,0.05065492577523744,0.39565948941171347,0.4186908831141605,0.5203253607509674,0.7522049054150921,0.5015532020275293,0.4346169365852733,0.16905286477146236,0.0986258047301101
119,0.023072791004126306,0.05311942691855163,0.3987364979358337,0.4197328933032295,0.5152150180461567,0.7523047432370172,0.5073768278525616,0.43055250509275095,0.17199226977219065,0.10038184756789036
120,0.02405027304715241,0.055656080516952915,0.4017834861518544,0.4207015430674763,0.5102207192969219,0.7522139400997573,0.5133343937723884,0.4263963105631929,0.17491122011216498,0.10216751912114957
121,0.02506876928618343,0.05826449703226931,0.40479849255531325,0.42159799202147347,0.5053457339101394,0.75193272547544,0.5194184273350388,0.4221531797165175,0.17780697633219314,0.10398239895167113
122,0.026129014013060343,0.06094423014876775,0.40777957518177854,0.42242349083334224,0.5005930849177255,0.7514614807495195,0.5256212787823228,0.41782812829993854,0.180676833919659,0.10582603733593392
123,0.027231737715215806,0.06369477633859207,0.4107248136702115,0.423179378021704,0.495965544620794,0.7508007407384943,0.5319351419375523,0.4134263591900565,0.18351812734941444,0.10769795510259002
124,0.02837766578515185,0.06651557450066259,0.41363231131303013,0.4238670766671891,0.4914656310030248,0.7499511955685696,0.5383520753064888,0.408953259954375,0.18632823405521828,0.10959764352076513
125,0.029567517199780832,0.06940600567494498,0.4165001970909754,0.42448809104251095,0.4870956049146587,0.7489136928832251,0.5448640233080492,0.4044143998552114,0.18910457832707814,0.11152456424080848
126,0.03080200317155804,0.07236539283389039,0.41932662769093076,0.42504400316504054,0.4828574680253521,0.7476892403445601,0.5514628375511526,0.39981552628105854,0.19184463513021893,0.113478149289046
127,0.03208182577347399,0.07539300075273689,0.4221097895049766,0.4255364692758182,0.4787529615410778,0.7462790083902654,0.5581402980743123,0.39516256059275534,0.1945459338417613,0.11545780111800952
128,0.03340767654011619,0.07848803596024476,0.4248479006089807,0.42596721624888356,0.47478356567723506,0.7446843332055298,0.5648881344652715,0.3904615933741498,0.19720606190156598,0.11746289271352693
129,0.05356760578046338,0.08367191328926209,0.4760553134821202,0.40811026607648637,0.412486171676393,0.768269476373881,0.5981468705924038,0.280233116384946,0.19506805826452464,0.16416715576953889
130,0.055806491480576245,0.08935769513617162,0.47682148875647723,0.4079809931779203,0.4112213899388408,0.7596969495620159,0.6128810740422863,0.2761467656250106,0.19734528716271718,0.1659221743297668
131,0.0574236479071492,0.09236641565904952,0.47763855034242536,0.4077236498279104,0.4101570774808942,0.7554391402733988,0.6205572804201951,0.2722268526395767,0.1983780576528132,0.16760532627063976
132,0.05909436580507767,0.09543680027656513,0.4783801698552108,0.40747240595478734,0.4092164705144703,0.7510289703461701,0.6281982747373404,0.2683589883612125,0.19936696264631604,0.16928931583383974
133,0.060818779366977646,0.0985672769241708,0.47904556788420377,0.4072295561549873,0.4083959942499726,0.7464702474740766,0.6357964794352913,0.26454993400400767,0.20031163543965938,0.1709731736626705
134,0.06259699058659997,0.10175621731999222,0.4796340289343369,0.4069973549984072,0.4076919392163565,0.7417670046471906,0.6433445395091179,0.2608064499279274,0.20121179152273802,0.1726559266542705
135,0.0644290682466158,0.10500193853046752,0.4801449029492157,0.4067780124883058,0.40710047256619775,0.7369235017810813,0.6508353329448646,0.25713528411401754,0.20206722999457233,0.17433659928181022
136,0.06723324501271617,0.11153350699676089,0.48039325071410544,0.4066044879953852,0.4066055834004547,0.7267078224047356,0.6650290277869652,0.2534254313556324,0.20382522300567588,0.1761557348305478
137,0.07027792976813936,0.11509380912934823,0.4812080230829601,0.40622709452783967,0.4059677882556501,0.7216140296197256,0.6728714854968634,0.24661354349634296,0.20441303576442713,0.17937159886600879
138,0.07232563385240959,0.11854862697921957,0.48140445754137673,0.40607983506111217,0.40578617576756143,0.7162569864126401,0.6800668807872357,0.24330035979210124,0.20508912173637328,0.18103495670871877
139,0.07665008892201244,0.12232957029079825,0.4819663397860884,0.4057826130766575,0.40577100238506014,0.7107266336404733,0.6881215676762685,0.2341955811057088,0.20537728467213762,0.18560198199462247
140,0.07880219550234327,0.1258190663341582,0.4818650293355925,0.4057384165614137,0.4059330597193791,0.7050528721135855,0.6951169971732162,0.23132814302545002,0.20587972820743441,0.1871959619325281
141,0.0810074895739272,0.1293516000618116,0.48168280146092524,0.4057247310366624,0.40617339022790255,0.6992788931625364,0.702008931895255,0.22858364100154793,0.2063408489654007,0.18877925213704133
142,0.08326569964542103,0.13292511577717048,0.4814196533715063,0.40574317326006637,0.4064874718317826,0.6934108477852357,0.7087924984442425,0.22596804386716668,0.20676129650680747,0.19035092546263224
143,0.08557651354905589,0.13653752219844414,0.48107566175619754,0.40579527363780793,0.4068707721927115,0.6874550866203019,0.7154630981880661,0.22348718665629524,0.20714181063139653,0.19191006822189255
144,0.08793957799114499,0.1401866948956955,0.4806509840172374,0.4058824731331383,0.40731875899155984,0.6814181520902571,0.722016405850876,0.221146758628956,0.20748322156962867,0.19345578181756828
145,0.09035449816789837,0.1438704787916861,0.4801458594525277,0.4060061203679828,0.40782690994238985,0.6753067696487413,0.7284483671154872,0.21895229144309944,0.20778645005572305,0.19498718438767068
146,0.09282083744864311,0.14758669072236583,0.4795606103810865,0.4061674689251192,0.4083907225239248,0.6691278381531273,0.7347551952781481,0.21690914750978674,0.20805250727959768,0.1965034124609262
147,0.09533811712837255,0.15133312205269625,0.4788956432062819,0.4063676748579936,0.40900572341246155,0.6628884193886129,0.7409333669997885,0.21502250856808466,0.20828249471528934,0.19800362261972182
148,0.09790581625136084,0.15510754134333607,0.47815144941122206,0.40660779441468187,0.40966747760199856,0.6565957267744221,0.7469796172015941,0.21329736451575795,0.20847760382341846,0.19948699316760854
149,0.10052337150738552,0.15890769706356242,0.4773286064805212,0.4068887819819723,0.410371597199191,0.6502571132870496,0.7528909331560792,0.21173850253135634,0.20863911562525178,0.20095272579832954
150,0.10319017720188936,0.16273132034565566,0.476427778742463,0.40721148825493064,0.4111137498824898,0.6438800586397296,0.7586645478279871,0.21035049652263993,0.20876840014591094,0.20240004726324654
151,0.10590558530119712,0.16657612777584324,0.47544971812546943,0.40757665863670484,0.41188966701655966,0.637472155761137,0.7642979325220534,0.20913769693549875,0.2088669157242943,0.2038282110339567
152,0.12676396503019638,0.17311155576303358,0.46097001012483396,0.41347932556738054,0.42690673844581883,0.6252789361895723,0.7696067221912348,0.2083251897805122,0.20805710269739813,0.2165367485454242
153,0.12948261884499124,0.17650810125150654,0.4591701898995987,0.4144914931773326,0.4282068408422611,0.6187590620474406,0.7745332542931836,0.20942225717306887,0.20792524940466173,0.21754783529353372
154,0.13224309785152993,0.17991504771087866,0.45729912739644357,0.4155575594417632,0.4294976286634277,0.6122614410998604,0.7793014753841959,0.2107043199865334,0.20779248594307573,0.2185286178954335
155,0.1350443875497572,0.18333028972943202,0.4553583910124312,0.4166770492189107,0.4307755178394665,0.6057939144508073,0.7839101666309461,0.212172307897511,0.2076612772437676,0.2194787427282993
156,0.13788543613432475,0.18675172805712853,0.4533496429842862,0.4178493659219646,0.43203706840896144,0.5993642903333726,0.7883582675934361,0.21382687513376955,0.2075341437295177,0.22039790639165896
157,0.14076515537247317,0.19017727226046593,0.4512746391033916,0.4190737929758063,0.43327898831198575,0.5929803264409322,0.7926448670126666,0.21566839824166156,0.20741365836840944,0.22128585705853693
158,0.1436824215444987,0.1936048433586678,0.4491352282716363,0.42034949553893025,0.4344981368252183,0.5866497122541996,0.796769193632895,0.21769697444126407,0.2073024435804168,0.2221423957661469
159,0.20613692973335793,0.20926666355696127,0.33932732800132015,0.4556074386678752,0.5087972691060558,0.5455034733982712,0.7560958024141873,0.4119417344788009,0.21378821235776077,0.21396297117540947
160,0.2078988376330489,0.21070038999505014,0.3360340954342483,0.4589088584681732,0.509681685288193,0.5409008716456445,0.7566541256718052,0.41823936545750606,0.21523204778245847,0.21339638808162678
161,0.2096716221795152,0.21212713370865732,0.3327232118747606,0.46224225081412684,0.5104700122221445,0.5364414926887613,0.7570368713892373,0.42456221103315683,0.2167928157097061,0.21278676925428708
162,0.211454048020151,0.21354604476459207,0.3293979871738832,0.4656042816611739,0.5111626752231959,0.5321282011728905,0.7572458151740629,0.4309047997753084,0.21847243528611943,0.21213542617526995
163,0.2152572156074619,0.2182189629369196,0.3259354958794381,0.47677431168624423,0.5084598950627889,0.518734440240481,0.7638263118578286,0.4365983667008324,0.22520357779381178,0.21285161420993703
164,0.2172021381374484,0.21972644456311763,0.32255913659801133,0.4801276882265343,0.5087753344858376,0.5150026217710374,0.7634984095131053,0.4429523784598352,0.2272897988857068,0.2120938307038561
165,0.21915093465998856,0.22122109721442543,0.3191848568688884,0.48349187591814263,0.5090026195034169,0.5114276059693804,0.7630060448582479,0.44930720605123914,0.22949806495279157,0.21130338323196937
166,0.22110224694207112,0.22270215749655864,0.31581626725641426,0.48686338670142815,0.5091431595153595,0.5080105386204328,0.762351519448261,0.45565726122258365,0.23182950191979815,0.2104821110971997
167,0.22305470764747062,0.2241688906030118,0.3124570081782225,0.4902387226096605,0.5091985254231914,0.5047522587412984,0.761537243461149,0.461996960034003,0.2342850786286439,0.2096319345960054
168,0.2250069414981612,0.22562059095303358,0.30911074481457623,0.4936143818227693,0.5091704463577711,0.5016533010265714,0.7605657346838395,0.46832073069192837,0.23686560324945008,0.20875485292457416
169,0.22695756642963594,0.22705658277553042,0.30578116186712606,0.496986864589074,0.5090608062510599,0.49871389912346326,0.7594396175151419,0.4746230212772029,0.2395717199734486,0.20785294192102827
170,0.22890519473940166,0.22847622063877324,0.30247195817650746,0.5003526789991601,0.5088716402456548,0.4959339897097269,0.7581616219656592,0.48089830735606437,0.24240390600013617,0.2069283516461648
171,0.2308484342281603,0.22987888992596003,0.2991868412089167,0.5037083465970638,0.5086051309355804,0.4933132173446523,0.7567345826344452,0.4871410994632125,0.2453624688304188,0.20598330380570443
172,0.2327858893333933,0.23126400725682533,0.29592952142252554,0.5070504078150166,0.5082636044318125,0.4908509400608904,0.7551614376422141,0.4933459504469941,0.2484475438767875,0.20502008901745702
173,0.23471616225532682,0.23263102085566678,0.2927037065252578,0.5103754272191189,0.5078495262460972,0.48854623566258354,0.7534452275010809,0.4995074626675186,0.2516590924008517,0.20404106392727053
174,0.2366378540754805,0.23397941086630175,0.2895130956361097,0.5136799985545079,0.507365496986859,0.4863979086931973,0.7515890939011595,0.5056202950393287,0.2549968997877547,0.20304864817806978
175,0.23854956586825632,0.23530868961463342,0.2863613733628111,0.5169607495798201,0.5068142478613137,0.4844044980346229,0.7495962783948126,0.5116791699110507,0.25846057416617535,0.20204532123673852
176,0.24044989980626322,0.23661840181964586,0.28325220380920774,0.5202143466819996,0.506198635978351,0.4825642850974962,0.7474701209599619,0.5176788797752219,0.2620495453817298,0.2010336190840409
177,0.24233746026032144,0.2379081247538043,0.28018922452627315,0.5234374992638368,0.5055216394473194,0.4808753025613047,0.7452140584246522,0.523614293802285,0.265763064330676,0.20001613077321523
178,0.2442108548953324,0.2391774683539759,0.27717604042117217,0.526626963897904,0.5047863522684938,0.4793353436217088,0.7428316227359354,0.5294803641934662,0.2696002026598514,0.1989954948633014
179,0.24606869576343526,0.24042607528412083,0.2742162176392284,0.5297795482419334,0.5039959790117937,0.4779419717015974,0.7403264390571467,0.5352721323480163,0.2735598528377774,0.19797439573368644
180,0.24790960039611204,0.24165362095114648,0.2713132774340701,0.5328921147120081,0.50315382928118,0.4766925305817222,0.7377022236788139,0.5409847348409734,0.27764072860083494,0.19695555978676402
181,0.24973219289711304,0.24285981347542648,0.268470690041552,0.5359615839112871,0.5022633119631037,0.4755841549062996,0.7349627817296266,0.546613409208285,0.28184136577733626,0.1959417515460007
182,0.2515351050383072,0.24404439361762342,0.26569186857336763,0.5389849378133307,0.5013279292584332,0.4746137810187689,0.7321120046752693,0.5521534995367726,0.2861601234912417,0.19493576965708906
183,0.2533169773607467,0.24520713466354727,0.26298016294648663,0.541959222700414,0.5003512704983939,0.4737781580828734,0.7291538675943312,0.5576004618570087,0.2905951857461405,0.19394044280023354
184,0.2550764602834432,0.24634784226890022,0.26033885386473715,0.5448815518585183,0.4993370057462399,0.4730738594444708,0.7260924262219941,0.5629498693377518,0.2951445633889876,0.19295862552197057
185,0.25681221522250886,0.24746635426584032,0.25777114686896757,0.5477491080319438,0.498288879187612,0.4724972941898867,0.7229318137537845,0.5681974172810732,0.29980609645193207,0.19199319399525278
186,0.2585229157234846,0.248562540433385,0.255280166472276,0.5505591456417536,0.4972107023138307,0.4720447188572526,0.7196762374033089,0.5733389279178107,0.30457745686941423,0.19104704171683518
187,0.2602072486098141,0.24963630223375557,0.25286895039678764,0.5533089927734129,0.49610634690371297,0.47171224925809746,0.7163299747095322,0.5783703550033855,0.30945615156653833,0.1901230751512952
188,0.2618639151505303,0.25068757251681656,0.25054044392838454,0.5559960529401184,0.49497973781083127,0.47149587236742546,0.712897369590897,0.5832877882143904,0.3144395259135547,0.18922420933127237
189,0.263491632250324,0.25171631519483023,0.24829749440565727,0.5586178066294285,0.49383484556455015,0.4713914582417069,0.7093828281452961,0.5880874573466954,0.3195247675401222,0.18835336342375286
190,0.26508913366522985,0.2527225248897749,0.2461428458591377,0.561171812641758,0.4926756787945345,0.4713947719255063,0.7057908141966563,0.5927657363160675,0.32470891050185235,0.18751345627242907
191,0.2666551712472071,0.25370622655552155,0.24407913381661,0.5636557092302836,0.49150627648982864,0.47150148530894687,0.7021258445906252,0.5973191469625394,0.32998883979049604,0.18670740192634225
192,0.2681885162209106,0.2546674750771668,0.24210888028995378,0.5660672150526516,0.4903307001049678,0.47170718889979796,0.6983924842436249,0.6017443626599295,0.3353612961779873,0.1859381051651581
193,0.2696879604959351,0.2556063548498385,0.24023448895858018,0.5684041299456537,0.4891530255269532,0.47200740347570286,0.6945953409511773,0.6060382117320132,0.3408228813834623,0.18520845703154293
194,0.2711523180177675,0.25652297933927554,0.23845824056405465,0.570664335534747,0.487977334918224,0.4723975915838663,0.6907390599631741,0.6101976806769474,0.34637006355126454,0.18452133038117752
195,0.2725804261606196,0.2574174906264725,0.2367822885299785,0.5728457956908917,0.4868077084520559,0.4728731688574501,0.6868283183353454,0.6142199172015496,0.3519991830269161,0.1838795754609984
196,0.2739711471651905,0.2582900589386367,0.2352086548206059,0.5749465568476939,0.48564821595802904,0.4734295151199037,0.682867819067787,0.6181022330670154,0.3577064584169758,0.18328601552624996
197,0.2753233696242879,0.25914088216867626,0.2337392260510423,0.5769647481922686,0.48450290849638433,0.47406198525052484,0.6788622850429591,0.6218421067475909,0.3634879929177686,0.18274344250691185
198,0.2766360100190514,0.25997018538536526,0.23237574986115203,0.5788985817435358,0.48337580988116663,0.47476591978663163,0.6748164527769788,0.6254371859035914,0.36933978089698577,0.18225461273398672
199,0.2779080143083181,0.26077822033626985,0.23111983156455576,0.5807463523319143,0.4822709081730813,0.47553665523988786,0.6707350659994888,0.628885289670046,0.3752577147112967,0.1818222427360248
200,0.27913835957343636,0.261565264945437,0.22997293108329225,0.5825064374944714,0.4811921471639084,0.4763695341064686,0.6666228690785895,0.6321844107620009,0.38123759174224986,0.18144900511612405
201,0.28032605572054925,0.2623316228077439,0.22893636017784852,0.5841772972996334,0.48014341787514697,0.47725991455293726,0.6624846003086126,0.6353327173973701,0.3872751216319785,0.18113752451943815
202,0.2814701472420704,0.2630776226817121,0.2280112799813821,0.5857574741154414,0.479128550094299,0.47820317976186644,0.658324985079554,0.6383285550378933,0.3933659336994765,0.18089037370101668
203,0.2825697150387231,0.2638036179824527,0.22719869884599178,0.5872455923352227,0.4781513039728032,0.47919474692338004,0.6541487289480346,0.6411704479485784,0.39950558451756774,0.18071006970351622
204,0.2836238783031479,0.26450998627629624,0.22649947050793162,0.5886403580741978,0.4772153617101618,0.4802300758609351,0.6499605106304971,0.6438571005756214,0.40568956563008585,0.18059907015402743
205,0.28463179646566894,0.26519712877850404,0.2259142925776357,0.5899405588502257,0.47632431934914826,0.48130467728171755,0.6457649749401765,0.646387398742564,0.41191331138825754,0.1805597696889047
206,0.2855926712023706,0.265865469855313,0.22544370535938188,0.5911450632614023,0.47548167870728003,0.48241412064406736,0.6415667256899841,0.648760410664078,0.41817220688481943,0.18059449651510937
207,0.28650574850517885,0.2665154565314026,0.2250880910043481,0.592252820672672,0.47469083946985235,0.48355404163632654,0.6373703185840337,0.6509753877764617,0.4244615959640349,0.18070550911614724
208,0.2873703208131233,0.2671475580036964,0.22484767299973046,0.5932628609229812,0.47395509146983317,0.4847201492633675,0.6331802541208996,0.653031765383587,0.430776789285446,0.18089499311022328
209,0.2881857292034528,0.2677622651622376,0.2247225159954784,0.5941742940637615,0.47327760717980066,0.48590823253891213,0.6290009705320073,0.6549291631167005,0.43711307241899494,0.18116505826774237
210,0.28895136564071566,0.2683600901186835,0.22471252596908892,0.5949863101387647,0.47266143444082825,0.48711416678344477,0.6248368367787376,0.6566673852061977,0.44346571394898326,0.18151773569475144
211,0.2896666752813523,0.26894156574277656,0.22481745072777543,0.5956981790143606,0.4721094894528416,0.48833391952917493,0.6206921456318163,0.6582464205631021,0.44982997356428467,0.18195497518835818
212,0.2903311588307467,0.26950724520694563,0.2250368807462031,0.5963092502685192,0.4716245500504341,0.4895635560350217,0.6165711068565012,0.6596664426677588,0.4562011101122293,0.18247864276956824
213,0.29094437494908465,0.27005770153898584,0.22537025033685731,0.5968189531456576,0.47120924928747543,0.4907992444160176,0.6124778405268653,0.6609278092629194,0.46257438959369246,0.1830905183983593
214,0.29150594270173624,0.27059352718256646,0.2258168391490021,0.5972267965835287,0.4708660693530627,0.4920372603928324,0.6084163704921226,0.6620310618481742,0.46894509307708687,0.18379229387516371
215,0.29201554404924396,0.2711153335650941,0.22637577399108477,0.5975323693172089,0.47059733584044877,0.4932739916683163,0.6043906180175195,0.6629769249724404,0.47530852450922945,0.18458557093225642
216,0.29247292637135686,0.2716237506722619,0.22704603097036044,0.597735340064127,0.47040521238956146,0.4945059419390309,0.6004043956217137,0.6637663053210395,0.481660018401399,0.18547185951785325
217,0.29287790501889716,0.27211942662839034,0.22782643794245666,0.5978354577929076,0.47029169572256224,0.49572973455068525,0.5964614011319216,0.6644002905937322,0.4879949473693247,0.18645257627500958
218,0.29323036588660106,0.2726030272814754,0.2287156772625683,0.5978325520776282,0.47025861109065925,0.49694211580723835,0.5925652119773139,0.6648801481699589,0.49430872950635946,0.18752904321668223
219,0.2935302679994118,0.27307523579163123,0.2297122888289761,0.5977265335378746,0.4703076081489991,0.49813995794411636,0.5887192797402524,0.6652073235574839,0.5005968355696647,0.18870248659757355
220,0.2937776461040803,0.27353675222143814,0.23081467340862927,0.5975173943638004,0.4704401572750309,0.49932026177660943,0.5849269249840112,0.6653834386205806,0.5068547959599138,0.18997403598262821
221,0.29397261325727353,0.27398829312649153,0.23202109623361397,0.5972052089241654,0.47065754634416007,0.5004801590349535,0.5811913323745344,0.6654102895839601,0.513078207475745,0.19134472351129322
222,0.2941153634007857,0.27443059114427576,0.233329690856464,0.5967901344541381,0.47096087797489117,0.5016169143979726,0.5775155461126592,0.6652898448086793,0.5192627398250032,0.1928154833558913
223,0.29420617391383236,0.2748643945792894,0.2347384632514531,0.5962724118184947,0.4713510672539538,0.5027279272373902,0.5739024656920056,0.6650242423364308,0.5254041418757034,0.1943871513717028
224,0.2942454081318398,0.27529046698220294,0.23624529614824286,0.5956523663446435,0.4718288399501222,0.5038107330850359,0.5703548419964499,0.6646157871987742,0.5314982476305641,0.19606046493558557
225,0.2942335178205775,0.27570958672065365,0.2378479535835612,0.5949304087188307,0.4723947312236224,0.504863004835212,0.5668752737497589,0.6640669484881131,0.5375409819099972,0.19783606296923006
226,0.2941710455939569,0.27612254653914436,0.23954408565593763,0.5941070359377831,0.47304908483615304,0.5058825536943918,0.5634662043285863,0.6633803561875513,0.5435283657294896,0.19971448614239523
227,0.29405862726334203,0.27653015310539036,0.24133123346794888,0.5931828323069895,0.4737920528646179,0.5068673298902485,0.5601299189485403,0.6625587977570451,0.5494565213584153,0.20169617725076266
228,0.2938969941057473,0.2769332265403358,0.24320683423991749,0.5921584704758892,0.4746235959197595,0.5078154231517676,0.556868542231652,0.6616052144737721,0.5553216770485283,0.20378148176234354
229,0.2936869750379082,0.2773325999289669,0.2451682265785589,0.5910347124992714,0.47554348386891143,0.5087250629718214,0.5536840361619811,0.6605226975250273,0.5611201714215591,0.20597064852568817
230,0.2934294986828383,0.2777291188089812,0.24721265588371333,0.5898124109133779,0.47655129706015487,0.5095946186632002,0.5505781984346496,0.6593144838525189,0.5668484575066182,0.20826383063250942
231,0.29312559531517374,0.2781236406342959,0.24933727987599927,0.5884925098143872,0.4776464280431883,0.5104225992185801,0.547552661202049,0.6579839517475313,0.5725031064194033,0.2106610864267009
232,0.29277639867135985,0.27851703421036167,0.25153917422800187,0.5870760459263128,0.4788280837803271,0.511207652984377,0.544608890219422,0.6565346161969877,0.5780808106765118,0.2131623806511502
233,0.2923831476105224,0.2789101790982163,0.2538153382814726,0.5855641496446735,0.4800952883390914,0.5119485671578374,0.5417481843905347,0.6549701239812309,0.5835783871395412,0.2157675857231995
234,0.2919471876117474,0.27930396498423765,0.2561627008329475,0.583958046041822,0.48144688605603164,0.5126442671160748,0.5389716757126227,0.6532942485249458,0.5889927795849867,0.21847648312909698
235,0.29146997209339515,0.27969929101256524,0.25857812597019586,0.5822590558193725,0.48288154515956094,0.5132938155850822,0.5362803296183312,0.6515108845035443,0.5943210608973851,0.22128876492732058
236,0.290953063540098,0.2800970650772432,0.261058418942008,0.5804685961928082,0.4843977618378401,0.513896411656061,0.5336749457108971,0.6496240422080463,0.5995604348844898,0.22420403535024266
237,0.2903981344231365,0.2804982030711958,0.26360033204398453,0.5785881816931641,0.48599386473603406,0.5144513896556722,0.5311561588874281,0.6476378416724096,0.6047082377147122,0.22722181249323709
238,0.28980696790003524,0.28090362808927094,0.2662005705032375,0.5766194248704938,0.4876680198656415,0.5149582178760913,0.5287244408437239,0.6455565065681137,0.609761938978413,0.23034153008002176
239,0.28918145827943204,0.2813142695827102,0.2688557983452166,0.5745640368838489,0.48941823590705724,0.515416497170031,0.5263801019528093,0.6433843578717257,0.6147191423760584,0.23356253929277312
240,0.2881505054759975,0.28180665858753745,0.27218949250473856,0.5705581057681429,0.492391753158924,0.5166599731360949,0.5235164121627282,0.6375423083067484,0.6248764616675213,0.2383792735193656
241,0.2874535653044096,0.28222791941915626,0.27492811886343904,0.5682804591483834,0.4943447862430961,0.516999201873329,0.5213894659750571,0.6351650310019179,0.6295386180882634,0.241814143411054
242,0.2863510960705807,0.2827851391080052,0.2783296180418969,0.5638530601030964,0.4976108635017195,0.518064085071424,0.5187786808890913,0.6291103963740572,0.6391795269457917,0.246787147220138
243,0.2855963140084211,0.28322170774112876,0.2811322664971121,0.5613659760693763,0.49975098772195453,0.5182822709381956,0.516866370800094,0.6265639412098644,0.6435348342790872,0.25042908718444085
244,0.28482075709058335,0.283668659785191,0.28397049880489506,0.5588040955656598,0.5019526214607668,0.5184513532342239,0.5150390707247143,0.6239577779185614,0.6477817752444753,0.2541673830126631
245,0.28402704375065296,0.28412691645918586,0.28684089574887345,0.5561698310256967,0.5042128179787477,0.5185718192219337,0.5132960493331237,0.6212967137363875,0.6519189557150541,0.2580008706467271
246,0.28321789634029443,0.28459739626855957,0.2897400392476022,0.553465693261033,0.5065285269902262,0.5186442728061132,0.5116364433686016,0.6185855910622448,0.6559451074745903,0.2619283206615481
247,0.2823961389788664,0.28508101367255306,0.2926645173586013,0.5506942904150425,0.5088966025210611,0.5186694320531349,0.5100592623125533,0.6158292794130334,0.6598590857616992,0.26594844022714237
248,0.28156469506415543,0.28557867769518275,0.2956109291341571,0.5478583266717317,0.5113138109099004,0.5186481265929557,0.5085633932819993,0.613032667271312,0.6636598665466384,0.27005987501368256
249,0.2803907212670143,0.28642422063002276,0.29914474916463313,0.5423892429904464,0.515219225207018,0.5191514276401961,0.5067129378847841,0.6066547600511506,0.6718006844507952,0.27547876656340337
250,0.2795517923899466,0.28695220509138714,0.30209543499416275,0.5393929387062697,0.5177642668013512,0.5190167521399383,0.505412850663192,0.6037918563590796,0.6752764197398444,0.27977205703027
251,0.27871404881634776,0.2874971252290338,0.30505685684070116,0.5363420512061052,0.520346660520318,0.5188389377337164,0.5041889259465108,0.6009075098482226,0.678636323729769,0.2841518359300184
252,0.2778807949032038,0.2880598336135445,0.30802574008867045,0.5332396985866211,0.5229628681292441,0.5186192858601857,0.503039569550267,0.5980065808297736,0.6818799035097222,0.28861650501447345
253,0.2770554138754015,0.2886411686392371,0.3109988438194129,0.530089083589649,0.5256093090839445,0.5183591930636122,0.5019630960991469,0.5950939003142969,0.6850067671608063,0.2931644145569852
254,0.27624136307280167,0.2892419528300475,0.313972964511117,0.5268934905549097,0.5282823687894632,0.5180601476103904,0.5009577349769602,0.5921742615846545,0.6880166196866544,0.2977938646790355
255,0.27544216884399975,0.2898629911068513,0.3169449395480651,0.5236562820881444,0.5309784067890853,0.5177237259768219,0.5000216363692093,0.5892524118084449,0.6909092588210722,0.3025031065522434
256,0.2746614210902036,0.29050506902010864,0.31991165053752346,0.5203808954450352,0.5336937648570936,0.5173515892067639,0.49915287737969394,0.5863330437112707,0.6936845707338898,0.30729034347056267
257,0.26126115766302976,0.291450145218269,0.38178311061261866,0.5080888459238939,0.5579690090822228,0.5025306360194627,0.4930498696292168,0.5877698673775364,0.6718906978682845,0.41528485993671915
258,0.2609820506359476,0.2926440490382587,0.38495533434748497,0.5048427851129988,0.5602597194885925,0.5020507161531564,0.49297080646341584,0.5847176583652649,0.6736423405147998,0.42134398043265275
259,0.26078001857710675,0.29387316701049276,0.38807180439634853,0.5016111307663379,0.5625222819255734,0.5015704071602177,0.4929319568992973,0.5816955965136508,0.6752798801352201,0.42743614694273685
260,0.2606592971170523,0.2951380836126601,0.39113009275970595,0.49839765131883745,0.5647536672874771,0.5010919299652496,0.49293087731063934,0.5787073386340861,0.6768038001360454,0.4335583637935045
261,0.26062406460733856,0.29643933616486834,0.39412786220019075,0.49520609654546893,0.5669509212317694,0.50061751319815,0.49296513180917684,0.5757564218731016,0.6782146251086408,0.43970757555827206
262,0.2606784313436839,0.2977774121307079,0.3970628667529666,0.4920401905904063,0.5691111679439529,0.5001493876656111,0.4930322975072388,0.5728462582948906,0.6795129179774901,0.44588066742457544
263,0.24846190026542772,0.2938033053053665,0.4741127937204524,0.4779740570902606,0.5804450205898756,0.49378349326498977,0.5048097632844792,0.5623668951032641,0.6398604113663151,0.6233561471920852
264,0.25009268690106506,0.2959573074415358,0.47610648153105783,0.47579159944618765,0.5812967058178556,0.4940075668184192,0.5052937362318259,0.5599616001147186,0.6395001432835966,0.6288361142950478
265,0.25187845350320975,0.29815549578308986,0.47799672310285835,0.4736848856996931,0.5820773924154694,0.494274492335022,0.5057731881248761,0.5576130692019662,0.6390563455443932,0.6342513380099667
266,0.25382096899218964,0.30039752208010106,0.47978280922275535,0.4716558738998025,0.5827859888030371,0.49458529034281284,0.5062465410013653,0.555322591452736,0.6385300825350482,0.6395976340457321
267,0.2559217575783109,0.3026829647963556,0.4814641379035487,0.4697063842202336,0.5834215056583535,0.494940885510907,0.5067122839314342,0.5530913273735404,0.6379224449750808,0.6448708202374108
268,0.2581820911468215,0.30501132715106444,0.48304021458484775,0.4678380955463783,0.5839830554447993,0.49534210355202163,0.5071689744246973,0.5509203088325423,0.6372345507148726,0.6500667218465509
269,0.2606029821940759,0.30738203534406117,0.48451065240801994,0.46605254243165734,0.5844698518289219,0.495789668376507,0.5076152396664266,0.5488104393010991,0.6364675456347688,0.6551811770610628
270,0.26318517734919006,0.3097944369833601,0.4858751725673626,0.4643511124333888,0.5848812089996156,0.4962841995086989,0.5080497775860151,0.5467624943910783,0.6356226046347995,0.6602100426904829
271,0.26592915151393504,0.31224779973355654,0.487133604738402,0.4627350438365967,0.5852165409007476,0.49682620977565517,0.508471357761095,0.544777122684045,0.63470093270364,0.665149200051334
272,0.26883510265189425,0.3147413102030293,0.48828588758292824,0.4612054237724523,0.5854753603886309,0.4974161032775575,0.5088788221608651,0.5428548468474118,0.6337037660548961,0.6699945610361979
273,0.2719029472560317,0.317274073087275,0.4893320693290655,0.45976318673625544,0.5856572783253147,0.4980541736482367,0.5092710857323478,0.540996065031673,0.6326323733182942,0.6747420743589366
274,0.2751323165217684,0.319845110584939,0.49027230842335656,0.4584091135080805,0.5857620026180771,0.4987406026133822,0.509647136833405,0.5392010525418989,0.6314880567729504,0.6793877319673715
275,0.2785225532504791,0.32245336210223813,0.49110687425052646,0.4571438304774065,0.5857893372149392,0.4994754588530712,0.5100060375164561,0.5374699637757502,0.630272153609534,0.6839275756135372
276,0.2857764089698725,0.32808826643991434,0.4912725453408248,0.45490650947269035,0.5862602870157891,0.5005682110581281,0.5100551131002262,0.5346882327183237,0.6296010627980594,0.6877019988398017
277,0.2895823993286341,0.3307811923785745,0.4918378968777241,0.45386528370650003,0.5861058792138709,0.5014129094419818,0.5103652333979634,0.5331257388075562,0.6282151207306031,0.6919916309521161
278,0.2935437785049934,0.33350675379344663,0.49229984619131434,0.45291396113970067,0.585874137459908,0.5023053421132191,0.5106556655206336,0.531627137512051,0.6267615916253587,0.6961627511272297
279,0.2976585462331386,0.33626350137940936,0.49265918127682695,0.45205247836252715,0.5855652788807871,0.5032450749796059,0.5109258005427024,0.5301920557372405,0.6252419807309084,0.7002117024447416
280,0.30192441053890634,0.3390499063843729,0.4929168055877599,0.4512806206692469,0.5851796101427198,0.5042315601491767,0.5111751026278775,0.5288200137813437,0.6236578355403022,0.7041349146393866
281,0.3063387899020992,0.3418643626141195,0.49307373900337365,0.45059802392370363,0.5847175263373802,0.5052641368351388,0.5114031084408468,0.5275104288128084,0.6220107469217524,0.7079289113382433
282,0.3108988162565335,0.3447051888106196,0.49313111879187294,0.4500041767843093,0.5841795098753969,0.5063420325820783,0.511609426439197,0.5262626185323847,0.6203023501759828,0.711590317348968
283,0.3156013388288327,0.3475706314071324,0.4930902005549233,0.44949842327559275,0.5835661293903001,0.5074643648110007,0.511793736049505,0.5250758050060583,0.6185343260067292,0.7151158659798214
284,0.3204429288137737,0.35045886766155177,0.49295235913826696,0.44907996569206143,0.5828780386552049,0.5086301426796149,0.5119557867315682,0.5239491186547103,0.6167084013912413,0.7185024063713039
285,0.32541988488073015,0.35336800916751804,0.49271908949236437,0.4487478678188215,0.5821159755135797,0.5098382692531002,0.5120953969346554,0.5228816023859717,0.6148263503379487,0.7217469108182702
286,0.33052823950250276,0.35629610574085996,0.4923920074662886,0.4485010584522367,0.5812807608246189,0.5110875439794877,0.5122124529496193,0.521872215853503,0.6128899945189169,0.7248464820605165
287,0.33576376609451714,0.3592411496768963,0.4919728505174596,0.44833833520281424,0.580373297422882,0.5123766654626647,0.5123069076606351,0.520919839828687,0.6109012037652066,0.7277983605190549
288,0.34112198694909285,0.3622010803720817,0.4914634783192737,0.44825836856152446,0.5793945690910381,0.5137042345249054,0.5123787792002766,0.5200232806696004,0.6088618964138136,0.7305999314545458
289,0.3465981819462335,0.36517378930141436,0.49086587324827824,0.44825970620992767,0.5783456395437585,0.5150687575497866,0.5124281495115672,0.5191812748720355,0.6067740394954793,0.7332487320237084
290,0.3521873980191187,0.3681571253409134,0.4901821407322092,0.448340777553713,0.5772276514200552,0.5164686500952884,0.5124551628206024,0.5183924936873382,0.6046396487533636,0.7357424582089876
291,0.35788445934933755,0.3711489004224171,0.48941450944003556,0.44849989845866206,0.5760418252806435,0.5179022407658996,0.5124600240232717,0.5176555477918875,0.6024607884833015,0.7380789715962632
292,0.3636839782637452,0.374146895505854,0.4885653312950581,0.44873527616754905,0.5747894586062219,0.5193677753315805,0.5124429969895723,0.5169689919931567,0.6002395711871473,0.740256305975018
293,0.3695803668017995,0.377148866852093,0.4876370812921605,0.4490450143761247,0.5734719247919697,0.520863421080524,0.5124044027889588,0.5163313299574779,0.5979781570315825,0.742272673735122
294,0.3755678489192814,0.38015255257746305,0.486632357100481,0.44942711844610594,0.5720906721329738,0.5223872713918072,0.5123446178401514,0.5157410189448882,0.5956787531056198,0.7441264720342035
295,0.38164047329146256,0.3831556794690525,0.4855538784330483,0.4498795007329783,0.5706472227947976,0.5239373505131999,0.5122640719887888,0.515196474536725,0.5933436124709977,0.7458162887095191
296,0.3877921266760643,0.3861559700379868,0.48440448616535975,0.4503999860064532,0.5691431717629654,0.5255116185286703,0.512163246516313,0.5146960753420153,0.590975033000619,0.7473409079083191
297,0.3940165477937765,0.3891511497860357,0.4831871411854055,0.45098631694156166,0.5675801857647347,0.5271079764994211,0.5120426720834619,0.5142381676691098,0.5885753560011929,0.7486993154108312
298,0.40030734168166987,0.3921389546591346,0.48190492295831894,0.45163615965865356,0.5659600021562313,0.528724271761682,0.5119029266117514,0.5138210701494906,0.5861469646172872,0.7498907036203103
299,0.40665799447258116,0.39511713865973785,0.4805610277896245,0.452347109290972,0.5642844277677624,0.5303583033639231,0.5117446331063525,0.5134430783011906,0.5836922820150549,0.7509144761949981
300,0.4130618885514385,0.39808348158833334,0.4791587667719571,0.45311669555897216,0.562555337699946,0.5320078276256658,0.5115684574237882,0.513102469019826,0.5812137693449864,0.7517702522973795
301,0.41951231803763206,0.40103579688302965,0.477701563401188,0.4539423883312314,0.5607746740631827,0.5336705637996629,0.5113751059879228,0.5127975049858593,0.5787139234841416,0.7524578704367509
302,0.426002504540789,0.40397193952474475,0.47619295084900626,0.4548216031524852,0.5589444446529707,0.5353441998188705,0.5111653234577487,0.5125264389773273,0.5761952745594369,0.7529773918819559
303,0.43252561313585686,0.40688981397437846,0.47463656888030914,0.4557517067202272,0.5570667215535712,0.5370263981093738,0.5109398903505502,0.5122875180779719,0.5736603832546594,0.7533291036219631
304,0.43907476850210375,0.40978738210726173,0.47303616040509616,0.45673002229222126,0.5551436396626585,0.5387148014502391,0.5106996206240706,0.5120789877713915,0.5711118379050392,0.753513520853076
305,0.44564307116960516,0.4126626711092907,0.4713955676560608,0.45775383500833217,0.5531773951297395,0.5404070388611433,0.5104453592213918,0.5118990959125782,0.5685522513842921,0.753531388972633
306,0.45222361381597914,0.4155137812984155,0.4697187279846407,0.45882039711119565,0.5511702437013773,0.5421007314986127,0.5101779795823158,0.5117460965689465,0.5659842577901836,0.7533836850603852
307,0.4588094975555517,0.4183388938345642,0.46800966926995324,0.45992693305145327,0.54912449896654,0.5437934985417109,0.5098983811251118,0.5116182537237326,0.5634105089357381,0.7530716188300646
308,0.4680746378044456,0.42248599946743326,0.4592148685335491,0.4637896951387904,0.5323179404324766,0.5541854172297869,0.5123523356094404,0.5080560910378028,0.5446545502712441,0.7659657254128005
309,0.474623416421714,0.42520769038889966,0.4574087393574595,0.4650419449779345,0.5300250044609977,0.5558822713926352,0.5119610628726071,0.5079922239499907,0.5422585211031491,0.7646242010163886
310,0.48114186166836254,0.42789836337515924,0.45559778918696653,0.4663132820651704,0.5277127987851218,0.5575604842034092,0.5115629808092578,0.507942504811298,0.5398832490172651,0.7631284266769124
311,0.48762374999699687,0.4305572733596755,0.4537865499529714,0.4676009198885619,0.5253841723819431,0.5592178110413059,0.511159123482253,0.5079054392028246,0.5375312660446889,0.7614816256424919
312,0.49406298842189955,0.4331837940901332,0.4519795884508633,0.46890208568330005,0.523042011754163,0.5608520584223858,0.510750527429359,0.5078795694128194,0.5352050748609759,0.759687253341957
313,0.5004536270860939,0.43577742145699183,0.45018149798255425,0.4702140236077345,0.5206892375578687,0.5624610888167556,0.5103382291399283,0.5078634765907364,0.532907143930757,0.7577489918700104
314,0.5067898712539427,0.4383377764000835,0.4483968896884856,0.47153399773353555,0.5183288010874174,0.5640428252543436,0.5099232625476977,0.5078557827432666,0.5306399026009809,0.7556707438060472
315,0.5130660926869667,0.44086460737046856,0.4466303835886409,0.4728592948538675,0.5159636806193207,0.5655952557061229,0.509506656544294,0.5078551525736394,0.528405736160944,0.753456625374815
316,0.5192768403630911,0.44335779232631034,0.44488659935355557,0.47418722711478456,0.5135968776178444,0.5671164372285415,0.5090894325180817,0.50786029516603,0.526206980887806,0.7511109589596894
317,0.5314329286909285,0.4477406671824149,0.4424897505562283,0.4766007892761027,0.5107756324844152,0.569114754628901,0.5079495042767141,0.5083169892755329,0.523419056130796,0.7454116618018525
318,0.5374470683509515,0.4501373807060078,0.44082194357648136,0.47792665456568434,0.5084237330263144,0.570542935319666,0.507544927510297,0.5083366555334342,0.5212927111339162,0.7427618339481391
319,0.5433769279069837,0.452500382043654,0.43919310490245195,0.47924614899607415,0.506080507006438,0.5719338514738536,0.5071433903335963,0.5083578621592412,0.5192086615730932,0.7399977566374271
320,0.5550919703911285,0.456536058766354,0.4370294071949628,0.4816574413697161,0.5032906454098446,0.5737188289356089,0.506049882068657,0.5088352730056137,0.51652422824082,0.7336910731615982
321,0.5607785960196587,0.4588023012313968,0.4355167992431683,0.48295258218753406,0.5009875148684129,0.5750033359444958,0.505670600917711,0.508861367477516,0.5145283981485156,0.7306680370603356
322,0.5663649090547037,0.46103632671490685,0.4340588005790135,0.4842327489030573,0.49870338069948134,0.5762456271729399,0.5052977769584555,0.5088853507527733,0.5125810378197736,0.7275499728903938
323,0.5718471880718456,0.46323905198041726,0.4326596654505911,0.48549551682018954,0.49644124472197526,0.5774444403123634,0.5049322771488461,0.5089063186481804,0.5106839673757502,0.7243424395809158
324,0.5772219545601615,0.4654115247899072,0.4313235565246704,0.486738503325529,0.49420409311773333,0.5785986063941934,0.504574940522521,0.5089234195965708,0.5088389178235335,0.7210511051614493
325,0.5824859755993814,0.4675549206506965,0.4300545344898008,0.48795936937110934,0.4919948916700279,0.5797070511238842,0.5042265762431203,0.5089358549562977,0.5070475270281153,0.7176817342235285
326,0.5876362656402263,0.46967053896857175,0.42885654772368514,0.4891558209018246,0.48981658094316444,0.5807687959146168,0.5038879617361672,0.5089428792127098,0.5053113358866728,0.7142401750310627
327,0.5926700873886359,0.4717597986120861,0.42773342206257187,0.49032561024145643,0.48767207141423924,0.5817829586210665,0.503559840902623,0.5089438000772724,0.5036317847233815,0.7107323463175639
328,0.5975849517985059,0.4738242328957697,0.42668885071101315,0.4914665374512377,0.48556423856861,0.582748753974689,0.5032429224180602,0.5089379784900208,0.5020102099223467,0.7071642238099823
329,0.6023786171814287,0.47586548399282513,0.42572638433077814,0.49257645167481284,0.4834959179711002,0.5836654937230036,0.5029378781212097,0.5089248285309941,0.5004478408155183,0.7035418265204435
330,0.6070490874458232,0.47788529679068087,0.42484942134796483,0.4936532524832108,0.48146990032531806,0.5845325864763922,0.5026453414954277,0.5089038172462498,0.49894579684164747,0.699871202848631
331,0.6115946094816179,0.47988551220561027,0.42406119851746216,0.49469489123313204,0.4794889265338264,0.585349537266915,0.502365906246427,0.5088744643939617,0.49750508499146384,0.6961584165387916
332,0.6160136697104586,0.4818680599753744,0.42336478178382636,0.4956993724513672,0.4775556827721616,0.5861159468246103,0.502100124979357,0.5088363421159624,0.4961265975532664,0.6924095325364683
333,0.6203049898249979,0.4838349509515925,0.42276305747737697,0.4966647552575988,0.4756727955899257,0.5868315105776825,0.5018485079780879,0.5087890745399234,0.4948111101720851,0.6886306027909251
334,0.6244675217444695,0.4857882689162164,0.4222587238838749,0.4975891548371291,0.4738428270523334,0.5874960173838869,0.5016115220892832,0.5087323373171703,0.49355928023445333,0.6848276520500338
335,0.6285004418171186,0.48773016194908075,0.4218542832255276,0.49847074397428226,0.4720682699356987,0.5881093480012559,0.5013895897135601,0.5086658571008837,0.492371645589624,0.6810066636948857
336,0.6324031443034146,0.4896628333760179,0.4215520340902458,0.4993077546563076,0.4703515429903876,0.5886714733071683,0.5011830879057769,0.5085894109692,0.49124862361682897,0.6771735656617879
337,0.6361752341770882,0.4915885323294336,0.42135406434510086,0.5000984797566024,0.46869498628474826,0.589182452275499,0.5009923475861606,0.508502825797418,0.4901905106468543,0.6733342164994439
338,0.6162717528355988,0.6012218943455593,0.42646806582518265,0.4903887291965471,0.4472937657516146,0.5960317855281404,0.5147487615849311,0.4876605599375886,0.5213136692151495,0.6458795573596885
339,0.6273616045422875,0.6894324834009196,0.447239012938281,0.47799121139176687,0.47366342351255025,0.5860577207386332,0.5198032703042418,0.47888608035162433,0.5769107059613517,0.6141378423076604
340,0.6271886109544599,0.6916577451356211,0.45036756246717424,0.4766218818541704,0.4753836596921999,0.5853584117543912,0.5192442483422822,0.4786556607002621,0.5791156526524223,0.6122220820062537
341,0.6269298849996109,0.6937846669372993,0.4535514103453144,0.4752173716531604,0.4771556977294628,0.5846209356155398,0.5186910998896361,0.4784610828153521,0.5812856435040651,0.6104036269925754
342,0.6265853013755089,0.6958093404001162,0.4567865314041336,0.4737800662712751,0.4789768341608813,0.5838464209911937,0.5181435068203051,0.4783040980007539,0.5834179646756608,0.6086828744081971
343,0.6261547767715472,0.697728047116722,0.4600689481263364,0.472312433144692,0.48084429872903117,0.5830359944034295,0.5176011292207024,0.47818643272152866,0.5855099847921947,0.607059951938232
344,0.6240754708624436,0.697595059561173,0.4685591764388165,0.46882355145645654,0.483472154549091,0.5817993766003192,0.5158277749894643,0.4783520344315253,0.5874001452941263,0.6050292850469838
345,0.623398858413822,0.6992109824633871,0.47198612374404314,0.4672778392652072,0.48545670667302154,0.5808758782861329,0.5153113588396314,0.478381438020933,0.5893348493789078,0.6037158882122096
346,0.6226362485135504,0.7007111233098783,0.4754443003009695,0.4657119179437315,0.48747681471452975,0.5799215697364581,0.5147985207233223,0.47845654763291195,0.5912202635060068,0.6024989162919673
347,0.6217878511403977,0.7020928516551513,0.4789301638492258,0.4641286409779374,0.489529458107469,0.5789375295002982,0.5142888003023762,0.4785788707938212,0.5930542146971839,0.6013771047810543
348,0.6208539554855385,0.7033537851935753,0.4824402917138507,0.4625309315796339,0.49161158637912483,0.5779248230573824,0.5137817212062571,0.47874986080003784,0.5948346384879634,0.6003489506435586
349,0.6198349366700591,0.7044917984389713,0.48597139021163577,0.4609217793937401,0.49372012571281276,0.5768845018661571,0.5132767923780558,0.47897091198009456,0.596559582527595,0.5994127207975369
350,0.6187312623470304,0.7055050304727379,0.4895203032430031,0.4593042369156952,0.49585198551538073,0.5758176025616232,0.5127735095123394,0.47924335502930454,0.5982272099353376,0.5985664612565346
351,0.6175434991427078,0.7063918917228815,0.49308402003109164,0.45768141561552245,0.4980040649742652,0.5747251463002594,0.512271356584216,0.47956845243221924,0.5998358024019695,0.5978080068854787
352,0.6162723188918487,0.7071510697404084,0.49665968197393756,0.45605648176674163,0.5001732595891,0.5736081382487225,0.5117698074685981,0.4799473939883763,0.6013837630259752,0.5971349917263117
353,0.6149185046227291,0.7077815339437173,0.5002445885800189,0.4544326519800878,0.5023564676632322,0.5724675672124098,0.5112683276481736,0.4803812924567912,0.6028696188744149,0.5965448598467012
354,0.6134829562483639,0.708282539306062,0.5038362024619842,0.4528131884438321,0.5045505967409133,0.5713044053994607,0.5107663760081788,0.48087117933462803,0.6042920232591368,0.5960348766634589
355,0.6119666959215548,0.7086536289656931,0.5074321533680632,0.4512013938743358,0.5067525699763544,0.570119608315222,0.5102634067155821,0.48141800078536995,0.6056497577196494,0.59560214069072
356,0.6103708730127936,0.7088946357429933,0.5110302412354751,0.4496006061823524,0.5089593324213035,0.5689141147817335,0.5097588711798403,0.48202261373164373,0.6069417337047176,0.5952435956616962
357,0.6086967686716475,0.7090056825537042,0.5146284382550211,0.44801419286245225,0.5111678572182555,0.5676888470763153,0.5092522200918975,0.4826857821276229,0.6081669939455061,0.5949560429717438
358,0.6069457999341608,0.7089871817122787,0.5182248899410344,0.4464455451148295,0.5133751516869296,0.5664447111829056,0.5087429055376327,0.4834081734256247,0.6093247135139271,0.5947361543897293
359,0.6051195233408325,0.7088398331243122,0.5218179152058421,0.4448980717105869,0.5155782632921219,0.565182597149393,0.5082303831814576,0.484190355251156,0.6104142005607025,0.5945804849841055
360,0.6032196380320701,0.7085646213720659,0.5254060054429325,0.44337519261343,0.5177742854815871,0.5639033795438145,0.5077141145153041,0.4850327923002277,0.6114348967285601,0.5944854862098599
361,0.6012479882904936,0.7081628117020925,0.5289878226280308,0.44188033237247104,0.5199603633831011,0.5626079180019558,0.507193569167731,0.4859358434722481,0.612386377236923,0.5944475191024415
362,0.5992065655021673,0.7076359449290344,0.5325621964522702,0.44041691330258037,0.5221336993504087,0.5612970578585837,0.5066682272674283,0.4868997592512568,0.6132683506354369,0.5944628675250218
363,0.5650724621205193,0.7111713380619731,0.5438993988031943,0.4491033105862388,0.5817708683368349,0.5082205075111371,0.49651809326742585,0.498406461291844,0.6403994063770744,0.5504232610677501
364,0.5633303193083232,0.7078181316222096,0.5465091885517297,0.4493246407307424,0.5827699148926017,0.5071831236051587,0.4959886751988694,0.500126801589868,0.639779007545249,0.5506774194312619
365,0.5616351359920414,0.7044513447937023,0.5491059527222676,0.44963350660553447,0.5837158644863738,0.5061572557345645,0.49545690453606034,0.501895339221251,0.6391257513651042,0.5509225800500825
366,0.5599909500957279,0.7010789767945598,0.5516903545623472,0.45003009279593864,0.5846094074533474,0.5051438283849944,0.4949232696324625,0.5037097647993519,0.638441009584422,0.5511570014730302
367,0.5588090322427153,0.6765240039552396,0.5503170883630646,0.46785491214625513,0.5918043517113978,0.49033825893677047,0.4908771258238612,0.5098570863184855,0.6327585522824739,0.5393451095727766
368,0.5584414326620858,0.6733186413649507,0.5522796783655578,0.46890228491713115,0.5921615821267614,0.48975291734684157,0.4904840283282218,0.5117852440854076,0.6318445630777197,0.5394565936054723
369,0.5581660256261463,0.6701790915028191,0.5542268632030017,0.4700265927836431,0.5924804301883217,0.4891904455545222,0.4900962182105084,0.5137405001550565,0.6309157376985645,0.5395437621487205
370,0.5579844841282946,0.6671110329497393,0.5561589628364604,0.47122636482294544,0.5927627949052536,0.48865128697572213,0.48971462255367637,0.5157200218282003,0.6299726204148426,0.5396057269997137
371,0.5578982258656919,0.664119739345456,0.558076207995679,0.4725000022068188,0.5930106282501159,0.488135845674623,0.48934020482464785,0.517720957608869,0.6290157038659507,0.5396416646770675
372,0.5579084060093917,0.6612100619674852,0.5599787343695799,0.4738457823897348,0.5932259291322928,0.4876444861314332,0.4889739635250307,0.5197404448485303,0.6280454299498002,0.5396508160662817
373,0.5580159109170012,0.6583864141895552,0.5618665775356383,0.4752618635792417,0.5934107373020586,0.48717753308045747,0.48861693069961,0.5217756173763692,0.6270621909131443,0.5396324860121886
374,0.558221352824675,0.6556527578925075,0.5637396686600448,0.4767462894710022,0.5935671272004348,0.4867352714219291,0.4882701703015774,0.52382361308814,0.6260663306357962,0.539586042868245
375,0.5585250655508105,0.6530125918918104,0.565597830996309,0.4782969942298698,0.5936972017700447,0.4863179462110793,0.48793477641411104,0.5258815814662682,0.6250581461005786,0.539510918012018
376,0.5589271012392321,0.6504689424367285,0.5674407772055756,0.47991180769757713,0.5938030862421972,0.4859257627279588,0.48761187132862943,0.52794669100422,0.6240378890402593,0.539406605335689
377,0.6041868887376673,0.6136945710418666,0.5426385474867856,0.5283709025355073,0.5857640945659481,0.4899619397481538,0.4871986606414143,0.5332414358831958,0.6063631869364986,0.5369998791352959
378,0.6071291264067857,0.6126919124871816,0.5429513015870152,0.5300321639976661,0.5855094253924993,0.49051187297906973,0.48750117537889504,0.5349385447985608,0.6052233263751335,0.5362821015217846
379,0.6101212654700188,0.6117593747093404,0.5432401162634946,0.5317086722604079,0.5852693597735273,0.4910742048728499,0.4878329062092344,0.536621342093984,0.6040625845846147,0.5355222417425298
380,0.613158057840998,0.6108934833285481,0.5435055120475011,0.5333983237063404,0.5850455341761798,0.49164802130987556,0.48819480592574804,0.5382880609302857,0.6028802692849847,0.5347210465819786
381,0.6162341365559101,0.6100905066586735,0.5437480171179547,0.5350990174620197,0.5848394850485547,0.492232405893285,0.48858779746773634,0.5399370265405903,0.6016757368160566,0.5338793508654152
382,0.6193440323162808,0.6093464769619293,0.5439681712430369,0.5368086583659227,0.5846526449888102,0.4928264433273437,0.48901277088444994,0.5415666584438856,0.6004483959528129,0.5329980776538714
383,0.6224821903918578,0.6086572127507783,0.5441665298285304,0.538525159764475,0.5844863392588284,0.49342922285484225,0.489470580344268,0.5431754722584684,0.5991977114711875,0.5320782382562775
384,0.6256429878121276,0.6080183420342715,0.5443436680389624,0.5402464461314872,0.5843417826518172,0.4940398417453679,0.4899620411996038,0.5447620811142282,0.5979232074530028,0.5311209320464768
385,0.6288207507734922,0.6074253264013207,0.5445001849568958,0.5419704555076826,0.5842200767222382,0.4946574088257563,0.4904879271180822,0.546325196664509,0.5966244703201853,0.5301273460732567
386,0.6359333500513308,0.6052773109029025,0.5422023451771308,0.546349966473158,0.583008542439556,0.49718977607292153,0.49179302825351584,0.5476238422688823,0.5942081213506146,0.5299050690478819
387,0.639178524423505,0.6047867357527886,0.5422372785651064,0.548023224300017,0.5829300153789945,0.49784605990866504,0.49243621567101936,0.5491019654310838,0.5928395296959195,0.5287929861480998
388,0.6424175783383711,0.6043217936576156,0.5422552267259062,0.5496914604012337,0.582877985597216,0.4985048191309628,0.49311605038254197,0.5505534608313285,0.5914449091921999,0.5276486705138271
389,0.6456448366357028,0.603877621459159,0.5422570984626308,0.5513527876945515,0.5828529920833846,0.4991652511291798,0.4938330483581502,0.5519774977822504,0.5900241697923032,0.5264737583614124
390,0.6488546799141486,0.6034493452850784,0.5422438490280219,0.5530053416287817,0.5828554508698218,0.499826588046537,0.49458766908098417,0.5533733411492708,0.5885772988394635,0.5252699696204862
391,0.6520415612751594,0.6030321065656777,0.5422164830976841,0.5546472811981108,0.582885654864547,0.5004881003600636,0.49538031345521427,0.5547403498476761,0.5871043620596152,0.5240391057910356
392,0.6552000226790978,0.6026210879291927,0.54217605750292,0.5562767898038562,0.5829437740766166,0.5011491004110965,0.49621132185861605,0.5560779750045801,0.5856055042402968,0.5227830475156999
393,0.6583247108437482,0.6022115388532744,0.5421236836932581,0.557892075971993,0.5830298562319393,0.501808945873397,0.49708097234806187,0.5573857578002569,0.5840809495984265,0.521503751864398
394,0.6614103926176996,0.6017988009513371,0.5420605299000846,0.5594913739358133,0.5831438277759943,0.5024670431456308,0.4979894790257316,0.5586633270046087,0.5825310018406511,0.5202032493298389
395,0.6644519697634984,0.6013783327738633,0.5419878229743031,0.5610729440939617,0.5832854952584994,0.5031228506546679,0.498936990573293,0.5599103962256815,0.5809560439212298,0.5188836405339238
396,0.6674444930883784,0.6009457340068906,0.5419068498726239,0.5626350733549177,0.5834545470937897,0.5037758820558972,0.49992358896072014,0.561126760888212,0.5793565375037372,0.5175470926465695
397,0.670383175863508,0.6004967689525617,0.5418189587689566,0.5641760753797704,0.5836505556893604,0.504425709316561,0.5009492883357777,0.5623122949611908,0.5777330221341056,0.5161958355200222
398,0.6732634064761616,0.6000273891798152,0.5417255597693796,0.5656942907357619,0.5838729799337109,0.5050719656679449,0.5020140340995204,0.5634669474542726,0.5760861141337086,0.5148321575433106
399,0.6760807602629822,0.5995337552370996,0.5416281252113269,0.5671880869736529,0.5841211680333647,0.5057143484121505,0.5031177021724493,0.5645907387036607,0.5744165052223371,0.5134584012230659
400,0.678831010476513,0.5990122573232585,0.5415281895299207,0.5686558586424207,0.5843943606876781,0.5063526215691349,0.5042600984552035,0.5656837564687477,0.5727249608819888,0.5120769584985265
401,0.6998690864049834,0.5815169575363195,0.5205253994419052,0.5879257016293918,0.5674838364507442,0.53600997512336,0.5248849133320115,0.5576020377650521,0.558995231402275,0.5224984551470708
402,0.7017369197703575,0.5804359122073368,0.5203093713163798,0.5886520468452597,0.5676329142996046,0.5364922437155237,0.5263841541903626,0.5582643049439152,0.557039267612615,0.5207503406482138
403,0.7035067614428534,0.5793181845141799,0.5201372813396874,0.5893437036719966,0.5678041584896499,0.5369617008863613,0.5279074951004332,0.5589024606649983,0.5550691501045132,0.5190173337328959
404,0.705178238632252,0.5781658351035155,0.5200114157598609,0.5899998174291402,0.5679959968972467,0.5374194948124438,0.5294538517609917,0.559516812194379,0.5530865245315568,0.5173027061733338
405,0.706751206950436,0.5769811943041663,0.5199339869265304,0.5906195227769362,0.5682068004537585,0.5378668682458805,0.5310220933708137,0.5601076837114203,0.5510930784784555,0.5156096962871999
406,0.7082257422089372,0.5757668532306992,0.5199071252797416,0.5912019442427159,0.5684348893860863,0.5383051559408192,0.5326110448046634,0.5606754131629256,0.549090536780659,0.5139414995258622
407,0.6359617434363406,0.5855025633425311,0.5446561165629252,0.5992329424312746,0.49273759317695004,0.5936576405952012,0.5748691822639429,0.508839471966124,0.5034179161938579,0.5559981592929046
408,0.6352992059991336,0.5863516230534378,0.5465784101257705,0.5982938915086673,0.4929180887300284,0.5933336022059916,0.5750567757067667,0.5085793055280199,0.5023204339716841,0.5548800051831689
409,0.6345905504307254,0.5872446278799821,0.5485258878585377,0.5973050029080968,0.49312978448571887,0.5930476240072621,0.5752269135260158,0.508328243831018,0.5012482445403896,0.5538401146015717
410,0.6338357887348524,0.5881782231669582,0.5504946459142469,0.5962664987212992,0.493370910609624,0.5928015485524537,0.5753786496381439,0.5080871715488273,0.5002015394637002,0.5528787483019089
411,0.6330348161337893,0.5891488793690414,0.552480823809343,0.595178684867618,0.49363969346686193,0.5925970760523789,0.5755110205786331,0.5078569678531077,0.4991804873016515,0.5519959161607624
412,0.6321874157786428,0.5901529056092712,0.5544806209022355,0.5940419564171454,0.4939343591820796,0.5924357582506911,0.5756230465309435,0.5076385045223771,0.49818523557794947,0.5511913795797735
413,0.6312932643328224,0.5911864638245788,0.5564903125738471,0.5928568025850626,0.49425313705450213,0.5923189927462907,0.5757137324787919,0.5074326440382049,0.497215912875424,0.5504646547860674
414,0.6303519383902193,0.5922455834317247,0.5585062660338213,0.5916238113600156,0.4945942628253213,0.5922480177874494,0.5757820694859768,0.5072402376712719,0.4962726310456846,0.5498150170095729
415,0.6293629216851392,0.5933261764448238,0.5605249556774967,0.5903436737314652,0.49495598179600303,0.5922239075610355,0.5758270361075366,0.5070621235600553,0.49535548751813,0.5492415055120546
416,0.6283256130468392,0.5944240529737708,0.5625429779206116,0.5890171874832321,0.49533655179730207,0.5922475679986619,0.5758475999354978,0.5068991247850646,0.4944645676925983,0.5487429294389051
417,0.6272393350475247,0.5955349370313806,0.5645570654409183,0.5876452605229527,0.49573424600996135,0.5923197331199368,0.5758427192819604,0.5067520474417175,0.4935999473991428,0.5483178744611226
418,0.6261033432890878,0.5966544825759741,0.566564100758471,0.586228913719837,0.4961473556392399,0.5924409619312367,0.5758113450016745,0.5066216787151253,0.4927616954077496,0.5479647101714885
419,0.624916836270442,0.5977782897153251,0.5685611290892406,0.5847692832258781,0.49657419244647577,0.5926116358965026,0.5757524224556178,0.506508784960201,0.4919498759702025,0.5476815981957401
420,0.6236789657743739,0.5989019209975792,0.5705453704099894,0.5832676222586777,0.4970130911419421,0.5928319569946089,0.5756648936164445,0.5064141097906636,0.49116455137581083,0.5474665009765132
421,0.6223888477101273,0.6000209177147048,0.5725142306758787,0.5817253023270835,0.4974624116442001,0.5931019463757561,0.575547699315955,0.5063383721806556,0.49040578450233874,0.5473171911850901
422,0.6210455733456414,0.601130816144446,0.5744653121361613,0.5801438138840205,0.49792054121205015,0.593421443627147,0.5753997816340022,0.5062822645828348,0.4896736413432027,0.5472312617134536
423,0.6199322273459837,0.6011249146347445,0.5773831348096714,0.5779990348918942,0.4991904994428928,0.5935849801219403,0.5754090413352793,0.5065162120605894,0.48857932637864016,0.5467182752020232
424,0.618464570583954,0.6021911719719405,0.5792805280247955,0.5763116361641569,0.4996587117831458,0.5940477467069099,0.5752032213717804,0.5065098851330284,0.4879001334668931,0.5467966915551837
425,0.6169407639823602,0.6032345889203937,0.5811531818262102,0.5745911993287363,0.5001296630505845,0.5945583889652323,0.574962683161274,0.5065249208758563,0.4872482905856342,0.5469283114073079
426,0.6153599130504567,0.6042508957590393,0.5829996741155447,0.5728397563267481,0.5006019050267814,0.595115918140021,0.5746864019376838,0.5065618675907011,0.48662392849421615,0.547110021698679
427,0.6137211636360174,0.6052358978803583,0.5848188161750386,0.5710594518670692,0.5010740272918154,0.5957191704750103,0.574373370830161,0.5066212377858541,0.4860271932258158,0.5473385945510127
428,0.6120237140388178,0.6061854898629271,0.5866096561019922,0.5692525401309169,0.5015446586413431,0.5963668105612953,0.5740226040808686,0.5067035065291837,0.48545824799025705,0.547610699850642
429,0.6102668269854945,0.6070956689958178,0.5883714810902635,0.5674213808900437,0.5020124684416848,0.5970573352967425,0.5736331403699486,0.5068091098477305,0.4849172749131919,0.5479229179952392
430,0.6084498413953818,0.6079625481984364,0.5901038185461802,0.5655684350519028,0.5024761679330836,0.5977890784474283,0.5732040462400387,0.5069384431783576,0.4844044765949397,0.5482717527460785
431,0.606572183868244,0.608782368282831,0.5918064360317631,0.5636962596483207,0.5029345114911928,0.5985602157978519,0.5727344196117885,0.5070918598738191,0.48392007747316007,0.5486536441281107
432,0.6046333798265454,0.6095515095092174,0.5934793400337274,0.5618075022873424,0.5033862978566432,0.5993687708741151,0.5722233933809804,0.5072696697686113,0.48346432497448644,0.5490649813206737
433,0.602633064246972,0.6102665023894318,0.5951227735623644,0.5599048950909019,0.5038303713422321,0.600212621221733,0.5716701390870035,0.5074721378089445,0.4830374904413337,0.5495021154825479
434,0.6005709919183115,0.6109240376971646,0.5967372125899797,0.5579912481438368,0.5042656230268393,0.6010895052172248,0.5710738706415829,0.5076994827511183,0.4826398698212672,0.5499613724561926
435,0.5984470471655872,0.6115209756481992,0.5983233613441303,0.5560694424824891,0.5046909919446728,0.6019970293902336,0.5704338481058714,0.5079518759325417,0.4822717841075941,0.5504390652974457
436,0.5962612529833449,0.6120543542183743,0.5998821464764046,0.5541424226536649,0.5051054662777705,0.6029326762305006,0.5697493815031992,0.5082294401195281,0.4819335795211986,0.5509315065786508
437,0.5940137795244138,0.612521396571682,0.6014147101328964,0.5522131888771341,0.5055080845590125,0.6038938124517926,0.5690198346540628,0.5085322484359245,0.4816256274251002,0.5514350204151532
438,0.5917049518940447,0.6129195175756489,0.6029224019577997,0.5502847888470107,0.5058979368920389,0.6048776976826211,0.568244629019192,0.5088603233764915,0.48134832396471683,0.5519459541672948
439,0.5893352572032513,0.6132463293860475,0.6044067700667063,0.5483603092093503,0.5062741661935797,0.6058814935515512,0.5674232475358909,0.5092136359088282,0.4811020894284242,0.5524606897724746
440,0.5869053508392965,0.6134996460878949,0.6058695510311601,0.5464428667550847,0.5066359694627351,0.6069022731328855,0.5665552384322206,0.5095921046674708,0.4808873673246374,0.5529756546645083
441,0.5844160619155981,0.6136774873846642,0.6073126589207899,0.5445355993689537,0.5069825990806833,0.6079370307166899,0.5656402190030431,0.5099955952436336,0.4807046231733516,0.5534873322403481
442,0.5818683978678417,0.613778081332623,0.6087381734539133,0.5426416567764286,0.5073133641431825,0.6089826918653918,0.5646778793314373,0.5104239195738511,0.48055434301180194,0.5539922718372841
443,0.579263548167791,0.6137998661221521,0.6101483273118177,0.5407641911317155,0.5076276318270871,0.6100361237176584,0.5636679859385751,0.5108768354305979,0.48043703161569545,0.5544870981869294
444,0.576275135760962,0.6115538266549926,0.6124396299304724,0.5385643898560267,0.508335667612798,0.6113587801774364,0.5627248692562793,0.5114654514095742,0.48025835457267374,0.5553843046158047
445,0.5735534152107458,0.6113896852523386,0.6138197251485836,0.5367154228263316,0.5085963545334149,0.6124362375569773,0.5616173280677241,0.511976161619424,0.48021713978929315,0.5558515828708953
446,0.5707800197592084,0.6111445741865168,0.6151930735731309,0.5348939152687553,0.5088383515730527,0.6135103235051341,0.5604618546530831,0.5125098580641911,0.4802112793355324,0.5562970367240204
447,0.5679569553523653,0.6108178337871638,0.6165624021328008,0.5331029437320619,0.5090613174746087,0.6145777632523958,0.5592586063740245,0.5130660568972075,0.4802413468256201,0.5567177364250665
448,0.5650864143011175,0.6104090040852945,0.6179305075439493,0.5313455344119479,0.5092649768750738,0.6156352830159552,0.558007835514358,0.5136442199983219,0.4803079194867058,0.5571108708368286
449,0.5621707729602925,0.6099178209544139,0.619300239883003,0.5296246536829521,0.5094491218135766,0.6166796209063452,0.5567098919750826,0.5142437551801301,0.4804115746724209,0.557473752872872
450,0.5592125884679209,0.6093442114750095,0.6206744858538547,0.5279431988081855,0.5096136132477767,0.6177075377548474,0.5553652257640123,0.5148640165081578,0.48055288615764574,0.5578038242654881
451,0.5562145945583337,0.6086882885612179,0.6220561518292019,0.5263039888698549,0.5097583825693187,0.6187158278162829,0.5539743892628415,0.5155043047357645,0.4807324202307861,0.5580986596611098
452,0.5531796964675125,0.6079503448919922,0.6234481467458963,0.5247097559622989,0.5098834331078504,0.6197013293020869,0.5525380392548948,0.5161638678542229,0.4809507316014269,0.5583559700443125
453,0.5501109649538145,0.6071308461922912,0.6248533649350816,0.5231631366878376,0.5099888416120139,0.6206609346990336,0.5510569386972598,0.516841901758127,0.48120835914273835,0.5585736054952244
454,0.43296864985593786,0.6558906036367687,0.6376522877398019,0.5068697509945619,0.5341991798665039,0.6024932896600956,0.4618172376826974,0.5535226967673427,0.5104117349247714,0.5133847378332562
455,0.4304832031228689,0.6522935161207642,0.6399544145372108,0.5081105351889242,0.534917875702841,0.6014801369990151,0.4589934051147551,0.5545331292777118,0.5114713656192906,0.5122014507378987
456,0.4280873590740551,0.648657640345976,0.6423018777785513,0.5093838246797274,0.5356576161508528,0.6004010163338396,0.45618132202598627,0.5555279517723044,0.5125407628994876,0.5109815546262725
457,0.42578347170576053,0.6449872569712937,0.6446935977928234,0.510687777875569,0.5364202420570885,0.5992560582663556,0.45338417352522126,0.556504644929026,0.513618657247002,0.5097255948374475
458,0.42357368908171755,0.6412864982352359,0.6471282369505531,0.5120205024290252,0.5372075986651306,0.5980455078544634,0.45060518619734463,0.5574607165621874,0.5147037117830583,0.5084341859686807
459,0.4214599472583456,0.6375593374475432,0.6496041998126366,0.5133800601700568,0.5380215282482546,0.5967697204468567,0.44784762114498156,0.5583937074951486,0.5157945249877282,0.5071080099151083
460,0.4194439650109449,0.6338095796393403,0.6521196344427462,0.5147644721090558,0.5388638625922222,0.5954291571819548,0.44511476670395045,0.5593011973053127,0.5168896337706179,0.5057478140243664
461,0.41752723938094427,0.6300408534037583,0.6546724348822688,0.5161717234894914,0.5397364153557307,0.594024380185673,0.44240993085585034,0.5601808099227483,0.5179875168794722,0.5043544093710708
462,0.41571104205991377,0.6262566039522913,0.6572602447813615,0.5175997688700434,0.5406409743373414,0.5925560475042821,0.4397364333630429,0.5610302190643902,0.5190865986313848,0.5029286691540494
463,0.41399641662162673,0.622460087405453,0.6598804621743646,0.5190465372161956,0.5415792936789448,0.591024907810131,0.4370975976530969,0.5618471534865707,0.5201852529496275,0.5014715272172318
464,0.4123841766089987,0.6186543663294988,0.6625302453824754,0.5205099369813851,0.5425530860368936,0.589431794919224,0.4344967424814479,0.562629402039434,0.5212818076874512,0.4999839766930927
465,0.41087490447827096,0.6148423065242005,0.6652065200214061,0.5219878611580967,0.543564014752912,0.5877776221607153,0.43193717340258714,0.5633748185077239,0.5223745492187206,0.4984670687655975
466,0.40946895139837286,0.6110265750598657,0.6679059870865833,0.5234781922796348,0.5446136860577157,0.5860633766391721,0.42942217408150857,0.5640813262233773,0.5234617272737949,0.4969219115477008
467,0.4081664378990033,0.6072096395550544,0.6706251320834967,0.5249788073537888,0.5457036413409616,0.5842901134310096,0.42695499747843685,0.5647469224364052,0.5245415599977733,0.4953496690666035
468,0.40696725535667244,0.6033937686797984,0.6733602351659447,0.5264875827101586,0.5468353495216772,0.5824589497568261,0.42453885694097987,0.5653696824315878,0.5256122392070198,0.4937515603482284
469,0.40587106830370945,0.5995810338626064,0.6761073822402742,0.5280023987435672,0.5480101995536952,0.580571059171413,0.42217691723880746,0.5659477633796618,0.526671935818819,0.4921288585906938
470,0.40463365783472166,0.591841353328703,0.6815224009930339,0.5299422211078965,0.549269623447862,0.5788698254071225,0.41928743498415516,0.5663199609659956,0.5278539380469311,0.49057069403117964
471,0.4037717909851695,0.5880534721355863,0.6843017689239769,0.5314443248367783,0.5505384747305522,0.5768481704205377,0.4170802857713354,0.5667687366517243,0.5288779811139156,0.48889199415695944
472,0.40301000920456437,0.584274444707572,0.6870782452037666,0.5329457743981615,0.5518542333856795,0.5747742917854215,0.41493807023801277,0.5671670878927318,0.5298848223413815,0.48719310575504593
473,0.40234704064202825,0.5805054861755832,0.6898471433085636,0.5344445220734093,0.5532178493648716,0.5726495576614745,0.41286362181534236,0.5675135999785201,0.5308726140205464,0.485475528831983
474,0.40178141255363764,0.5767476454259924,0.6926036580588675,0.5359385468998068,0.5546301567457709,0.5704753620705979,0.4108596757857215,0.5678069550186763,0.5318395189761644,0.4837408139237059
475,0.40131145825117964,0.5730018137784105,0.6953428819275537,0.5374258584445599,0.5560918679626086,0.568253120120607,0.4089288608219153,0.5680459338107198,0.5327837164219837,0.4819905615252034
476,0.4009353246455825,0.5692687345102778,0.6980598218751746,0.5389045003735086,0.557603568418967,0.5659842635375788,0.4070736907496034,0.5682294174022742,0.5337034077832037,0.4802264214947172
477,0.40065098034157803,0.5655490131599926,0.7007494166399847,0.5403725538051688,0.5591657115132666,0.5636702365391276,0.405296556569477,0.5683563883470595,0.534596822457637,0.4784500924134737
478,0.4004562242379326,0.5618431285364847,0.7034065544081002,0.5418281404419637,0.5607786141061615,0.5613124920785796,0.40359971877420875,0.5684259316553916,0.5354622234875401,0.47666332088165353
479,0.40034869458564176,0.5581514443598004,0.706026090787569,0.5432694254718331,0.5624424524576098,0.5589124884875517,0.40198529999462146,0.568437235441139,0.5362979131145387,0.47486790073119806
480,0.4003258784548585,0.5544742214542749,0.7086028670087557,0.5446946202347064,0.564157258659684,0.5564716865417068,0.40045527800822694,0.568389591268235,0.5371022381906271,0.4730656721361202
481,0.40038512156000905,0.5508116304134151,0.7111317282725546,0.5461019846496963,0.5659229175894107,0.55399154697161,0.3990114791419487,0.5682823942010506,0.5378735954189788,0.4712585206012523
482,0.4005236383915295,0.5471637646535376,0.7136075421673232,0.5474898294001982,0.5677391644039277,0.5514735284375389,0.39765557209931923,0.5681151425640314,0.5386104363991431,0.46944837581078747
483,0.40073852260197856,0.5435306537716645,0.7160252170752428,0.548856517875434,0.5696055825981151,0.5489190859838922,0.39638906224077286,0.5678874374171072,0.5393112724522156,0.46763721031859007
484,0.401251010832366,0.5363958090039445,0.7208607797736346,0.5503795886177039,0.5720137484822065,0.5463771069296449,0.39521564800384845,0.566864111571973,0.5398520502884527,0.4657417865021571
485,0.40162756198656174,0.5328120827588217,0.7231374600969607,0.5516702671974735,0.5739775646181252,0.5437372707611425,0.3941811568754772,0.5664713872691736,0.5404528061060252,0.4639343261095645
486,0.4020698340311054,0.5292429365077096,0.7253385890249807,0.5529350582460169,0.5759884200034658,0.5410661500081607,0.39324020262242876,0.5660177516947754,0.5410131513992523,0.46213251995121096
487,0.4025745347436407,0.5256882846639837,0.7274594189027452,0.5541725756185235,0.5780452280316277,0.5383651765945415,0.39239348952531694,0.5655032654066529,0.5415319275803878,0.46033850186885383
488,0.4031383093336742,0.5221480543612752,0.729495341633282,0.5553814923204821,0.5801467520199245,0.5356357780998948,0.391641535193369,0.5649280827086209,0.5420080567858123,0.458554438165779
489,0.40375775117556406,0.5186221987025255,0.7314419053483943,0.5565605409953873,0.5822916071983355,0.5328793794528532,0.39098466837250256,0.5642924494883488,0.5424405447370514,0.45678252494197225
490,0.4044294124176395,0.5151107096701738,0.7332948304969494,0.5577085141953688,0.5844782633238216,0.5300974051123313,0.39042302735791223,0.563596700856389,0.5428284832465748,0.4550249851730724
491,0.40514981442186654,0.5116136306185685,0.7350500252831069,0.5588242644431982,0.5867050479174756,0.5272912817217916,0.38995655901993204,0.5628412585998647,0.5431710523570878,0.4532840655265336
492,0.40591545799060225,0.5081310682725673,0.7367036003900422,0.5599067040951368,0.5889701501187496,0.5244624412178229,0.3895850184492033,0.5620266284648712,0.5434675221049357,0.4515620329104258
493,0.4067228333393,0.5046632041595567,0.7382518829281006,0.5609548050149817,0.5912716251479184,0.5216123243707042,0.3893079692243306,0.5611533972820268,0.5437172539001853,0.44986117075230836
494,0.40756842977662205,0.5012103054058058,0.7396914295499559,0.5619675980705281,0.5936073993648371,0.5187423847310932,0.3891247843023976,0.5602222299499656,0.5439197015179527,0.4481837750077681
495,0.40844874505614714,0.4977727348320845,0.7410190386792675,0.5629441724644005,0.5959752759089895,0.515854092953531,0.38903464752984146,0.5592338662918026,0.5440744116975481,0.44653214990035883
496,0.4093602943668329,0.49435096028786546,0.742231761803455,0.5638836749118932,0.5983729409027441,0.512948941464161,0.38903655576833396,0.5581891177997985,0.5441810243480677,0.44490860339692506
497,0.41029961893248024,0.49094556316811827,0.7433269137855387,0.5647853086790289,0.600797970196716,0.5100284494369117,0.3891293216274922,0.5570888642835454,0.5442392723610924,0.4433154424245263
498,0.411263294193692,0.48755724606167694,0.7443020821545555,0.5656483324945426,0.6032478366331696,0.5070941680394246,0.38931157679342443,0.5559340504370295,0.544248981033202,0.44175496783743934
499,0.412247937549183,0.48418683948541785,0.7451551353387208,0.5664720593498871,0.6057199178004921,0.5041476859072185,0.3895817759393725,0.5547256823398856,0.5442100671030392,0.44022946914498895
500,0.41370881951381683,0.47802121865316993,0.7474835233890263,0.5670167288915768,0.6092079970451088,0.5010253632662979,0.3905589404948179,0.5521262031619179,0.5436027835442091,0.4385970752049716
501,0.41518592859506975,0.47200605876728635,0.7495370217168059,0.5674520211054169,0.6126803729543784,0.4978614101337382,0.3917129147212455,0.5493797047412848,0.5428759699125386,0.43702032885692504
502,0.4162053571237666,0.4687623003223249,0.7499490683987882,0.568081606877157,0.6151449143596064,0.4948695613520732,0.3923166114214712,0.5479412416528872,0.5426285230684542,0.4356432627008231
503,0.41723067817139414,0.4655432832843746,0.7502317836445542,0.5686701788677617,0.6176165309727835,0.49187410866325126,0.3929986265611592,0.5464554935202789,0.5423340126010927,0.43431115205954024
504,0.4182589162119019,0.46235071574112374,0.7503847332445609,0.5692173623209298,0.6200922924758225,0.48887695585156876,0.39375642684721385,0.5449237537161525,0.5419928747130003,0.4330260895216516
505,0.4192871763804201,0.4591864531719237,0.7504077956030825,0.5697228282185418,0.622569240697543,0.485880083199015,0.39458734220075015,0.5433473494110429,0.5416056183215984,0.4317901156382072
506,0.42031264831416953,0.4560524968159479,0.7503011610746398,0.5701862917178677,0.6250443997837999,0.4828855531262031,0.3954885736785273,0.5417276381679358,0.541172821421507,0.4306052124342674
507,0.42133260950785756,0.45295099096933833,0.7500653301201459,0.5706075105915653,0.62751478649826,0.47989551561149996,0.3964572017485541,0.5400660046061866,0.5406951271970446,0.4294732968678557
508,0.4223444281947227,0.44988421922544786,0.7497011102969388,0.5709862836832312,0.6299774206064495,0.4769122133334798,0.39749019488349513,0.5383638571453568,0.5401732399065209,0.4283962142655767
509,0.423345565767424,0.44685459967829894,0.7492096121019048,0.5713224493907266,0.6324293352946745,0.4739379864822152,0.3985844184341739,0.5366226248388272,0.5396079205610553,0.42737573176533417
510,0.42433357875584005,0.4438646791152474,0.7485922436918518,0.5716158841888931,0.6348675875745903,0.4709752771856339,0.3997366437442992,0.5348437543062831,0.5389999824217048,0.42641353179759367
511,0.4253061203815211,0.44091712623052376,0.7478507045100485,0.5718665012025582,0.6372892686236424,0.46802663349824775,0.4009435574666016,0.5330287067733301,0.5383502863395406,0.4255112056374646
512,0.42626094171105244,0.43801472389683654,0.7469869778524685,0.5720742488400007,0.6396915140112557,0.46509471290097903,0.4022017710398311,0.531178955225695,0.5376597359641011,0.4246702470605237
513,0.42719589243283534,0.435160360537466,0.7460033224117264,0.5722391094962163,0.6420715137606318,0.462182285262565,0.4035078302855411,0.5292959816845941,0.5369292728462478,0.42389204613573117
514,0.42810892128385414,0.43235702064628523,0.7449022628408888,0.572361098334451,0.6444265221961629,0.45929223521511264,0.40485822508326796,0.5273812746089881,0.5361598714619341,0.4231778831890325
515,0.42899807615479335,0.4296077745078592,0.7436865793833503,0.5724402621535619,0.6467538675269736,0.4564275638988123,0.4062493990826427,0.525436326429576,0.5353525341837426,0.4225289229712667
516,0.42986150390342365,0.426915767174175,0.74235929661872,0.5724766783477943,0.6490509611178014,0.45359139003356097,0.4076777594110962,0.5234626312184848,0.534508286227222,0.4219462090638167
517,0.4306974499074407,0.4242842067586096,0.7409236713781584,0.5724704539645769,0.6513153063994388,0.4507869502783,0.40913968633616227,0.5214616824977361,0.5336281705991047,0.4214306585550244
518,0.45233143893701566,0.3799283353065746,0.5852382059207812,0.6330920480075567,0.672994007662653,0.3996922685925852,0.46271887673482653,0.4920008540950868,0.5186390219319404,0.4347986468136692
519,0.4519842010318524,0.3784083667412886,0.5815554795904863,0.6320425196679509,0.6762349777385903,0.40017569550946985,0.46387501783622076,0.4904147554984669,0.5177801591041037,0.4363926031089418
520,0.4515769575498522,0.3770003256107693,0.5779062266482914,0.6308914635311959,0.6794062533706399,0.40079698149523985,0.46500112879788064,0.4888318040141268,0.5168943054972709,0.43803017475078015
521,0.45111010048872263,0.3757046108816911,0.5742925532479657,0.6296383573828935,0.6825062199433132,0.40155934084443423,0.46609641197862706,0.4872534587123588,0.5159819292034273,0.4397083608859802
522,0.45058409559569546,0.3745213867964455,0.5707163536041243,0.6282828170344315,0.6855334185260122,0.4024657702562532,0.46716011222377385,0.485681158861857,0.515043485723675,0.44142408328423494
523,0.44999948507230947,0.3734505827407984,0.5671793115660224,0.6268246026795655,0.688486540644965,0.40351903213190604,0.4681915151394946,0.484116321879122,0.5140794182144665,0.44317419577773115
524,0.44935689048773575,0.3724918940639752,0.5636829030085584,0.6252636247946588,0.6913644222702097,0.40472163821639867,0.46918994533305236,0.48256034132983233,0.5130901579875603,0.44495549400427264
525,0.44865701586778056,0.37164478383467353,0.5602283990119891,0.6235999495480841,0.6941660370597639,0.4060758336690621,0.4701547646398605,0.48101458498600613,0.5120761252594324,0.4467647254119103
526,0.44814247716787287,0.3702032943983082,0.5498374602577304,0.6246661276675157,0.6958055521224799,0.41081354597574865,0.47360476194236484,0.47798443682404884,0.5096200353984709,0.45093263198900396
527,0.44727439789622,0.36964827057540284,0.5464857626803481,0.6227203956929463,0.6984667292621747,0.41266122097239977,0.4744507987995376,0.4765057294339616,0.5085725798364766,0.45281250555544705
528,0.44532011482885814,0.36908699862879263,0.5432404976125295,0.6171853949142326,0.7042162233464853,0.41481209722527684,0.4748094828260722,0.47434688356744187,0.507185973974779,0.45538082811666936
529,0.44432004933325947,0.3688152466285755,0.5400173658613504,0.6149686878038593,0.7066321412390417,0.4170380126339819,0.4755758282469972,0.4728941225055579,0.5060621054566542,0.4572891818052336
530,0.4432691722333418,0.36864618558915585,0.5368399148531469,0.6126519558828645,0.7089674465683882,0.41942192692640323,0.47630568368406934,0.47145945277899853,0.5049158616313515,0.45920403693962636
531,0.4421688977113152,0.36857768812428715,0.533708026174678,0.6102365161013824,0.7112218005113596,0.42196364283569276,0.47699864183489504,0.47004399582320555,0.5037476289172589,0.4611221230880648
532,0.44102074989903794,0.36860744293443537,0.530621431485118,0.6077238667331524,0.7133949248958524,0.42466259119922284,0.47765431862744395,0.46864883388512424,0.5025577983352033,0.4630402102882861
533,0.43982636568254085,0.36873296384426807,0.5275797213862037,0.6051156870411194,0.7154865913530566,0.4275178231675056,0.47827235239300653,0.4672750087403213,0.5013467680517067,0.464955119138116
534,0.4385874972423578,0.3689515993645746,0.524582354627589,0.6024138362516476,0.7174966103630367,0.43052800364164534,0.4788524032302097,0.4659235204962124,0.5001149460347563,0.4668637306368402
535,0.4373060142854609,0.36926054272337516,0.5216286675966377,0.5996203518376044,0.7194248202666607,0.43369140599760203,0.47939415257364115,0.4645953264834114,0.49886275280258197,0.46876299572818847
536,0.4359839059256493,0.369656842309527,0.518717884041657,0.5967374471140182,0.7212710763173642,0.4370059081507293,0.47989730297923155,0.4632913402370136,0.497590624245183,0.47064994449682074
537,0.4346232821706213,0.3701374124710357,0.5158491249775614,0.5937675081533461,0.7230352398462451,0.44046899000887574,0.480361578137027,0.462012430569411,0.49629901449767777,0.4725216949715893
538,0.43322637497564914,0.3706990446095031,0.5130214187232528,0.5907130900307602,0.7247171676136251,0.4440777323568119,0.4807867231203636,0.4607594207360231,0.4949883988440296,0.47437546149047416
539,0.4317955388258105,0.37133841851173827,0.5102337110205014,0.5875769124130832,0.7263167014193694,0.4478288172089285,0.4811725048787752,0.4595330876951148,0.49365927662931297,0.4762085625840334
540,0.4303332508110466,0.3720521138594657,0.5074848751848755,0.5843618545081963,0.7278336580430812,0.45171852966100745,0.4815187129801681,0.45833416146263894,0.49231217415839396,0.4780184283363725
541,0.42884211016094326,0.3728366218583333,0.5047737222402626,0.5810709493948096,0.7292678195836059,0.45574276126551017,0.48182516060598035,0.45716332456284264,0.49094764755879683,0.47980260718509693
542,0.4273248372090351,0.3736883569280135,0.502099010989727,0.5777073777554291,0.7306189242652747,0.4598970149481831,0.4820916858011274,0.4560212115751364,0.48956628558550386,0.48155877212438314
543,0.4257842717595946,0.37460366839609405,0.4994594579768882,0.5742744610381764,0.7318866577758337,0.4641764114769664,0.4823181529785955,0.4549084087775128,0.48816871234558834,0.48328472627822666
544,0.4231202218717441,0.3773809646179052,0.48248888407803564,0.5761298978537578,0.724616076312933,0.492140896564402,0.48796918440961756,0.44981428405631657,0.4802193005614839,0.49240397559753984
545,0.4214602597690309,0.37847750176971773,0.47993100105583864,0.5724017030014209,0.7256100311617684,0.4969561667938188,0.48791558083121644,0.4489043846835549,0.478848107755714,0.49393693575214564
546,0.41979301521414364,0.379617237030945,0.47740017528811574,0.568614508260004,0.726511345258638,0.5018539368851057,0.4878240074580973,0.4480250768698308,0.4774666899963499,0.4954304661873166
547,0.41812200394373555,0.3807963451289317,0.4748950715910113,0.5647723658436452,0.7273190538602556,0.5068270343737904,0.4876945238768618,0.4471765984297821,0.4760760032793229,0.49688347600855926
548,0.4149935227977144,0.38285035464880735,0.47205569616422083,0.5561707120261108,0.7304426921262018,0.5125998095893379,0.4865721266105591,0.44615731456965985,0.4744125411707915,0.4985385516735469
549,0.41333884832112827,0.3841225331567127,0.46961943978766585,0.5522080164101144,0.7309944213329254,0.5177347135126791,0.48636452482774917,0.44537952619738974,0.47298738083204894,0.49989049864536667
550,0.4116939361234879,0.38542048514777183,0.46720459754873156,0.5482071241164489,0.7314494746436196,0.5229188991255468,0.4861193020476884,0.444633235286248,0.4715563525828379,0.5011990658204426
551,0.4100626441451727,0.38674055145836267,0.46481005303584444,0.5441724156320535,0.7318065611956932,0.5281441504850173,0.48583676286775385,0.4439184759061959,0.47012063432069584,0.5024637871818831
552,0.40844887985451656,0.38807913183900694,0.4624347543780203,0.5401083103884589,0.7320643145046732,0.5334020834063826,0.4855172758161526,0.4432352375757241,0.46868145458139293,0.5036843319280234
553,0.4068565901679321,0.38943269229987976,0.4600777191988147,0.5360192554393738,0.7322212948405052,0.5386841700401307,0.48516127777689366,0.4425834660572048,0.4672400921429377,0.5048605000824481
554,0.40528975082628205,0.39079777188367437,0.4577380390099432,0.5319097140874078,0.732275992535051,0.5439817643185823,0.48476927843450046,0.44196306423498144,0.4657978753432923,0.505992217437247
555,0.40375235526499775,0.39217098885253604,0.45541488303884664,0.5277841545066018,0.7322268322143987,0.5492861281779604,0.4843418647086565,0.441373893073772,0.46435618110767907,0.5070795298574782
556,0.4022484030194664,0.3935490462796891,0.4531075014875161,0.5236470384069891,0.7320721779439295,0.5545884584567587,0.4838797051480981,0.4408157726547896,0.4629164336829922,0.5081225969785857
557,0.3995113793401811,0.3958645195121721,0.4501846594780721,0.5147769309183117,0.7338410790255773,0.5604753834108098,0.4823440873366564,0.44023732312199937,0.46120491399819585,0.5091435072431221
558,0.3981224014046039,0.3972478913771059,0.44792307653613345,0.5106357452619897,0.7334129938130556,0.5657494272571952,0.4818191725592793,0.43975246583838534,0.45976088153995387,0.5100834487610185
559,0.39678128601821167,0.3986248823691833,0.44567535787906054,0.5065001943356464,0.7328740066362555,0.5709915178056697,0.481262464574611,0.4392979313515733,0.458323664481498,0.5109802616805851
560,0.39549190143496993,0.3999926467726028,0.44344113583374295,0.5023745584480419,0.7322222579931932,0.5761928710114294,0.48067506054142883,0.43887337447399916,0.45689488211086254,0.5118345108846895
561,0.3933551925066092,0.4102360056570046,0.4109770327374102,0.5102488432751681,0.651113372861942,0.6764941807892715,0.48387879749585316,0.4325805829364209,0.4350623918932604,0.5272270276128724
562,0.39264298735071734,0.4112198083117392,0.40887823974048465,0.5065562027763627,0.648799404822939,0.6796889480847167,0.48239589297131247,0.4325353897961466,0.4343998491832333,0.5274767861325719
563,0.39139018189445896,0.4128014301889365,0.40573358260123377,0.49880562931169226,0.648197973520504,0.6823541907836992,0.4795506234865244,0.4325610676015615,0.4336762903568065,0.5275097833305483
564,0.39091305011409494,0.41370315717405715,0.40368126894721795,0.49518062596534734,0.6455818495553477,0.6852102416640353,0.47809054284160546,0.43255322794754125,0.4331002902246014,0.5277043153895509
565,0.3905260968501448,0.4145687031163418,0.40165118460174193,0.49159558992855,0.6428475563590192,0.6879132666799325,0.4766319072337902,0.43255958938549904,0.4325684736289311,0.5278750538949077
566,0.3895189030956216,0.41655906818866306,0.39739601305519123,0.4801761146761586,0.6433605281551128,0.6891246554188163,0.4727348022694333,0.4326711987847507,0.43190891724276026,0.5275824609573592
567,0.3894468240960158,0.41730762612817407,0.3954320021705582,0.47669272362014925,0.6402630343789586,0.6914236758336902,0.471379522227345,0.43271485519428393,0.43147514140532733,0.5276963766543258
568,0.389469605586239,0.4180144290034405,0.39349521701166257,0.4732604584923312,0.6370489091528222,0.6935635403445077,0.4700412762817442,0.43276958099915486,0.43108844615903097,0.5277870839333313
569,0.3895116490354675,0.4192061182630741,0.39042631154349733,0.46612601717908114,0.6352546318537685,0.6946065596710896,0.46768872191566985,0.4328665853728418,0.43068223203789807,0.5276091714040342
570,0.3897907899104203,0.419802914445336,0.3885590698099496,0.46281421142732454,0.6317488467828222,0.6963824562688331,0.4664539164822628,0.43294671002373697,0.4303966429851267,0.5276478291855702
571,0.39016517392834454,0.4203543961352139,0.38672346506787375,0.4595605611268255,0.6281311928842742,0.6979998456120793,0.46525094236246056,0.4330352023400232,0.4301601553227526,0.5276624749221523
572,0.3906342667055187,0.42085978760598625,0.38492072972789587,0.45636646035855,0.6244040225940234,0.6994600397431849,0.46408407035210064,0.43313126407786146,0.4299732810394241,0.527652667356693
573,0.39119727987734826,0.42131837314543563,0.3831520732956007,0.453233148484641,0.6205699156782183,0.700764810878521,0.46295764929402705,0.43323411257167754,0.42983644526124865,0.5276178511606489
574,0.39185317325847985,0.42172949469938986,0.38141867640338706,0.4501617114576634,0.6166316808244356,0.7019163817862742,0.4618760949396837,0.4333429826088861,0.4297499841941012,0.5275573586017737
575,0.392600658056434,0.4220925497435289,0.3797216850836635,0.44715308361507417,0.6125923563556296,0.7029174142583478,0.4608438782213929,0.4334571282623558,0.4297141433531268,0.5274704120655791
576,0.39343820113132566,0.42240698940225446,0.37806220530708207,0.4442080499399519,0.6084552100408459,0.7037709957151592,0.4598655129744518,0.4335758246773679,0.4297290760896778,0.527356127425853
577,0.39436403028859,0.4226723168305359,0.37644129780741536,0.441327248767382,0.604223737981208,0.7044806239909173,0.4589455431514427,0.43369836981000964,0.4297948424246437,0.5272135182547949
578,0.3953761405859711,0.42288808587163224,0.37485997321249037,0.4385111749143306,0.5999016625542768,0.7050501903555868,0.4580885295741783,0.4338240861140545,0.429911408195742,0.5270415008584824
579,0.3964723016304569,0.42305390000055376,0.3733191874983807,0.43576018320949234,0.5954929294047001,0.7054839608381712,0.45729903627158963,0.4339523221735587,0.4300786445249557,0.5268389001186332
580,0.3976500658353605,0.42316941156002846,0.37181983778179073,0.43307449239834944,0.5910017034739102,0.7057865559241169,0.4565816164545279,0.43408245427854647,0.43029632761086173,0.5266044561169108
581,0.3989067776023713,0.4232343212926291,0.37036275846329264,0.4304541893976174,0.5864323640666211,0.7059629287075657,0.4559407981808819,0.4342138879412912,0.4305641388491121,0.5263368315133865
582,0.40023958338821625,0.42324837816961536,0.3689487177317838,0.42789923387234124,0.5817894989568874,0.7060183415867164,0.45538106976665,0.43434605935087306,0.43088166528286637,0.5260346196462776
583,0.40164544261054547,0.42321137951396615,0.3675784144382552,0.4254094631081429,0.5770778975415184,0.7059583415978096,0.4549068650005399,0.4344784367638096,0.43124840038344825,0.5256963533156966
584,0.40312113934287286,0.4231231714120556,0.3662524753447036,0.42298459715054487,0.572302543053726,0.7057887344900274,0.45452254822140437,0.43461052182872295,0.43166374516001205,0.5253205142099577
585,0.4046632947438571,0.42298364940546485,0.36497145275178866,0.4206242441828387,0.5674686038548524,0.7055155576499939,0.4542323993192274,0.4347418508431197,0.43212700959548483,0.5249055429289639
586,0.4062683801619566,0.42279275945156586,0.36373582250666586,0.4183279061137164,0.5625814238270238,0.7051450519904444,0.45404059872155417,0.43487199594052106,0.4326374144045711,0.5244498495553975
587,0.40793273085251625,0.4225504991387504,0.36254598239029195,0.41609498434574077,0.5576465118944353,0.7046836329230673,0.4539512124281035,0.4350005662062769,0.433194093108116,0.5239518247208851
588,0.40965256024073227,0.42225691913956565,0.36140225088145744,0.413924785695775,0.5526695307057294,0.7041378605403613,0.45396817715688575,0.4351272087205514,0.4337960944166828,0.5234098511109804
589,0.4114239746606577,0.4219121248825342,0.3603048662928192,0.4118165284386702,0.547656284514566,0.7035144091356764,0.45409528566540747,0.4352516095270625,0.43444238491477605,0.5228223153497938
590,0.4132429884975091,0.4215162784211403,0.359253986272326,0.4097693484458268,0.5426127062999224,0.7028200361943432,0.45433617231051815,0.4353734945262824,0.43513185203576765,0.5221876202023612
591,0.41510553965802605,0.4210696004763213,0.3582496876616436,0.4077823053907164,0.5375448441719406,0.7020615509919227,0.4546942989101017,0.435492630291905,0.43586330731624706,0.5215041970304105
592,0.4170075052915364,0.42057237262688546,0.35729196670150526,0.40585438899403076,0.5324588471131788,0.7012457829381061,0.45517294096917166,0.43560882480949126,0.43663548991724466,0.5207705184351065
593,0.41894471768270103,0.42002493962054477,0.3563807395723471,0.40398452528185064,0.5273609501089421,0.7003795498066708,0.45577517433196996,0.4357219281362948,0.4374470703985578,0.519985111018597
594,0.43761831506147103,0.3653653372739456,0.3816031135771838,0.4166139340741569,0.4081689046135433,0.7839752355749338,0.421276547855864,0.4570199357503553,0.49998072378400743,0.45298292079369046
595,0.3983957062209438,0.3834863665630601,0.4207718939065206,0.39357480852969823,0.6923602328536632,0.5405493822437676,0.4188051120413687,0.45701072531999604,0.516789320555169,0.3790717586882816
596,0.39731051322195954,0.3855394902760142,0.42008382766761715,0.39263746934503013,0.6924102224976608,0.5354166108909677,0.4188616457830558,0.4554679669827888,0.5169490583365981,0.3803262786743636
597,0.39618988148013046,0.38759590776895014,0.41941325923987827,0.39180178556786094,0.6924573241739356,0.5303354077121575,0.418937293004854,0.45394839092656264,0.5170696060798404,0.3816504083776579
598,0.3950358633348373,0.3896534776111264,0.4187601493068744,0.3910712007156404,0.6925090145923201,0.5253131133652231,0.41903041110245237,0.4524534609615739,0.5171517784601328,0.3830413728812589
599,0.39385064383849594,0.3917101099819539,0.4181244778731687,0.39044901599484966,0.692572584291038,0.520357010993526,0.41913937712065347,0.4509845903186461,0.5171963331522856,0.384496270506608
600,0.3836336196373994,0.406817087715195,0.41654201592274753,0.38446150687806335,0.714423374260762,0.44908270266905925,0.42713883379834405,0.445521059927691,0.5101662406996285,0.4078271269486933
601,0.3822891272421632,0.40881024389641596,0.4155996539564197,0.38349407720956713,0.7148470586328974,0.44637499564949346,0.4273076262050031,0.4442576556060292,0.5099673844529644,0.40971289556028234
602,0.3809505440772289,0.4107801616212672,0.41467942243481226,0.38265710142596376,0.7153550251510618,0.4438223779650876,0.4274721177587305,0.44302875343178066,0.5097297837235739,0.4116167449528598
603,0.379621656068732,0.4127254101441853,0.413781437798258,0.38195324744340337,0.7159502059383371,0.4414281022371387,0.4276315463723039,0.44183532195145564,0.5094535633407201,0.4135355914406866
604,0.3783063302468523,0.41464465607534734,0.4129058503638626,0.3813849497831014,0.7166349914369623,0.439195079280512,0.42778520076254994,0.44067825357943585,0.509138823862811,0.41546638830627275
605,0.3770085060863465,0.416536662920862,0.4120528443187007,0.3809544018235399,0.7174112169708875,0.4371258689527536,0.42793242143116195,0.4395583633497959,0.5087856447653476,0.417406134520767
606,0.3757321862058488,0.41840029021092995,0.4112226375346806,0.38066354886644393,0.7182801516950911,0.4352226722541065,0.4280726015367242,0.4384763879652143,0.5083940879269893,0.4193518830443347
607,0.3744814264486512,0.4202344922285506,0.4104154812115294,0.3805140820469602,0.719242489987443,0.4334873247166312,0.428205187659533,0.4374329851391223,0.5079642013839345,0.4213007486688651
608,0.3718890234418376,0.42540796867640884,0.4099217946002662,0.37934161549775225,0.7298017096967999,0.42440515336121093,0.43040743745980486,0.4354188558286954,0.5038070513877606,0.4319817203716148
609,0.37080085394833173,0.4271274307966758,0.4090757683214853,0.3793157684912304,0.7311557844790596,0.4238851243473386,0.43053122751488526,0.4345244309299546,0.5032191554283111,0.4338717495445175
610,0.36976220695402756,0.4288120818541667,0.4082553479197307,0.37943567883289153,0.7325974126491294,0.423535800139038,0.43064449767082474,0.433669807483066,0.5025928005754651,0.43574837630226965
611,0.3687772163125631,0.43046136107768684,0.4074609375116653,0.3797018944198277,0.7341235755133984,0.4233559731504821,0.43074717843502663,0.4328552377044946,0.5019281124501842,0.4376094446663282
612,0.36784997329533936,0.43207478725574916,0.4066929688896516,0.3801146902058648,0.7357306959556119,0.42334407089544895,0.4308392566635498,0.4320808996503604,0.5012252398564797,0.43945290147046806
613,0.3669845126769349,0.43365195470539114,0.40595190001105946,0.38067406840721296,0.737414650972882,0.4234981626053277,0.43092077538594264,0.4313468984692127,0.5004843590605675,0.4412767985542073
614,0.366184798622134,0.4351925290330173,0.4052382133847871,0.3813797596398978,0.7391707866197612,0.42381596715969133,0.4309918335408613,0.43065326786609054,0.4997056780141054,0.44307929431616994
615,0.3647294510500654,0.43766552340394993,0.40364063593666594,0.3834143153558929,0.7406621102106297,0.42486201903607246,0.4308055865057209,0.4295147883696046,0.4989548831222012,0.4448305658090695
616,0.36411249259590267,0.43910545865653006,0.4030243176490255,0.38458616838764775,0.7425831181394207,0.4254907895822477,0.430844931177184,0.42892793132997664,0.4980821471867128,0.44658352517669114
617,0.3635741677943973,0.44050843017738217,0.40243716889456943,0.38590092427086375,0.7445560843756112,0.42627347940023635,0.4308747278304818,0.42838120181862854,0.4971725254772192,0.44830975971180176
618,0.36311794551172705,0.44187438127180145,0.4018797675241192,0.38735701879084805,0.7465741915575036,0.42720647099767695,0.43089529586240005,0.4278743164842432,0.49622640266284546,0.45000787359395156
619,0.3627471466853765,0.44320329970573763,0.4013527053865966,0.38895263994715257,0.7486302132346846,0.4282858586852367,0.4309070074346406,0.42740693169819494,0.4952442158448285,0.45167657560061947
620,0.36246493049422923,0.4444952129136789,0.40085658629205423,0.39068573492497954,0.7507165425737146,0.4295074636844211,0.43091028666564973,0.42697864614122505,0.49422645780997426,0.4533146768390521
621,0.36180043919782867,0.4466234609605017,0.3995294210317724,0.3947392301864178,0.7526689400167457,0.4314559965739107,0.43069213096572756,0.42630222848923527,0.49310753512030364,0.45474916643437224
622,0.36175431215673903,0.44781360393936037,0.3991367586628674,0.3969025221228717,0.7548055897326729,0.43293408452686505,0.4306712676356752,0.4259764263871829,0.4920036189308174,0.45631949409789635
623,0.361806131368944,0.44896744871486577,0.3987771833362854,0.3991934722013728,0.7569432324128955,0.4345390784220704,0.4306439514255468,0.42568803455560444,0.490866078595575,0.4578559565205144
624,0.3619581674997653,0.4500851523261946,0.39845133313442704,0.40160895389208834,0.7590729236478615,0.4362658718870272,0.43061080203009194,0.42543640926933024,0.48969567516365364,0.4593577492613526
625,0.3622124614681187,0.45116688532255456,0.3981598463362843,0.40414565284687076,0.7611855236208516,0.4381091789947344,0.43057248499941103,0.4252208650425998,0.48849323843556064,0.46082415006372734
626,0.3625708136855815,0.45221282775111454,0.3979033593094528,0.4068000779739079,0.7632717344126103,0.4400635538472903,0.4305297104045583,0.4250406777631128,0.4872596683090709,0.4622545137513738
627,0.3630347740008846,0.45322316535978074,0.3976825044130527,0.40956857290378473,0.7653221380386223,0.4421234105808394,0.4304832314198344,0.4248950878529097,0.48599593576542904,0.4636482668068983
628,0.36360563240869914,0.4541980860376741,0.39749790791656814,0.41244732778870496,0.7673272350533992,0.4442830437015,0.4304338428219991,0.4247833034433816,0.484703083488036,0.4650049016760814
629,0.36425304102495876,0.45591556265649313,0.3966101236867636,0.4187342152165377,0.7690937026911089,0.44709421857187137,0.4302397274560307,0.42464515432205996,0.48316342431234577,0.46598221270438483
630,0.3650977507305644,0.4567921525835038,0.39653731455579133,0.4219553784262897,0.770955301683557,0.44941173077047913,0.4301837225266276,0.42462191044368824,0.48180327378825094,0.46725876780548947
631,0.3660514928124962,0.4576343723946695,0.39650288464257305,0.42527115987933434,0.772737947721703,0.45181000155020534,0.43012794201104787,0.4246295806022821,0.48041779979717075,0.46849680925457876
632,0.3671143002326025,0.4584423846141097,0.39650741401532386,0.4286771448919603,0.7744322350207691,0.45428310196226673,0.4300733204127596,0.424667251247148,0.4790083532209662,0.46969602380368014
633,0.3682859122451257,0.45921633846821797,0.3965514656147542,0.43216883717571963,0.7760288922547043,0.45682509185895925,0.4300208239889678,0.4247339938403113,0.47757635412903177,0.47085613178797325
634,0.3695657712959776,0.4599563683808751,0.39663558337740457,0.4357416714418817,0.7775188207913835,0.4594300400109161,0.4299714487552097,0.42482886787364743,0.4761232900375368,0.4719768808568903
635,0.37095302101623034,0.4606625928182488,0.3967602904003379,0.4393910258786415,0.7788931322290847,0.4620920438839729,0.42992621841380046,0.4249509238178561,0.4746507138085759,0.4730580397794833
636,0.3724465053366055,0.4613351134885142,0.3969260871496292,0.44311223444504566,0.7801431850738603,0.4648052489884445,0.4298861822075773,0.4250992059948253,0.47316024119942657,0.47409939237176235
637,0.37404476874485976,0.46197401489957585,0.39713344971496095,0.44690059892754025,0.7812606204017472,0.46756386771606034,0.4298524127006445,0.42527275536559667,0.47165354807407756,0.47510073159287564
638,0.3757460577028728,0.4625793642755749,0.3973828281125172,0.45075140070724645,0.7822373963548345,0.4703621975825834,0.4298260034880549,0.42547061222676996,0.4701323672909911,0.4760618538558207
639,0.37754832323503884,0.4631512118307247,0.3976746446383092,0.45465991218858476,0.7830658213259198,0.47319463879740353,0.42980806683664985,0.4256918188088614,0.46859848528279824,0.4769825535969737
640,0.3794492246942068,0.4636895913967399,0.3980092922740091,0.4586214078426276,0.7837385856929144,0.4760557110849792,0.4297997312595622,0.4259354217707763,0.46705373834524183,0.4778626181469848
641,0.38144613470599337,0.4641945213979265,0.3983871331473764,0.4626311748215882,0.7842487919711797,0.47894006968702185,0.4298021390272022,0.4262004745852374,0.46550000865418195,0.4787018229436396
642,0.38353614528677754,0.46466600616580617,0.39880849704935645,0.4666845231040871,0.7845899832596147,0.4818425204786218,0.4298164436178568,0.42648603981064614,0.4639392200308275,0.4794999271250255
643,0.3857160751251549,0.46510403758304425,0.39927368000999736,0.470776795134299,0.78475616986447,0.4847580341362097,0.4298438071113841,0.4267911912455362,0.4623733334766266,0.4802566695389031
644,0.38798247801106117,0.4655085970443794,0.3997829429353754,0.47490337492170875,0.7847418539935926,0.4876817593001835,0.42988539752980914,0.4271150159623954,0.4608043425003115,0.4809717652014414
645,0.3903316523912601,0.4658796577203018,0.4003365103078289,0.4790596965720134,0.7845420524229151,0.4906090346802995,0.4299423861290024,0.42745661621828634,0.4592342682605788,0.48164490223559586
646,0.3927596520243786,0.46621718710732307,0.40093456895189195,0.48324125222363246,0.7841523170466231,0.49353540005739754,0.4300159446459642,0.42781511124030036,0.4576651545486766,0.48227573931627893
647,0.39526229770327415,0.4665211498469193,0.40157726686844797,0.4874435993683419,0.783568753232343,0.4964566061407605,0.4301072425066156,0.4281896388844876,0.4560990626358444,0.48286390364619003
648,0.3988802660102542,0.46749324054696323,0.40194175764919937,0.49629416482698924,0.7814316056533752,0.4996359050949797,0.4304262743653998,0.4288130838545203,0.45410804906478364,0.48275484225210596
649,0.4015552608070241,0.4677037565030672,0.40270222876644535,0.500579643956062,0.7803607807480735,0.5024963935183383,0.43057149760537744,0.42923370936881183,0.45255689180404207,0.48324583659279086
650,0.4042884420708339,0.4678809132354056,0.4035076439508928,0.5048697226026074,0.7790863952551708,0.5053400573191389,0.430738373588463,0.42966758455522525,0.4510154177546092,0.4836923324272967
651,0.40707476273431986,0.46802469043225137,0.4043579730051926,0.5091603244047094,0.7776071988614408,0.5081636643662146,0.43092799646933405,0.43011393789152547,0.4494857036494848,0.4840938105888668
652,0.4099090255152558,0.4681350843650094,0.40525314178893357,0.5134474698151146,0.7759225559971226,0.5109642215232724,0.43114144234738044,0.43057202347788,0.4479698154519545,0.4844497214973692
653,0.41278590039767854,0.4682121120030921,0.40619303154072295,0.5177272790614419,0.7740324487448549,0.5137389766368264,0.43137976642153775,0.4310411218865964,0.4464698029563934,0.48475948684142284
654,0.4156999427750567,0.4682558152141775,0.40717747829045264,0.5219959744523583,0.7719374772984258,0.5164854192866899,0.43164400015518156,0.43152054089042774,0.444987694441227,0.48502250184399676
655,0.41864561218425494,0.46826626502171526,0.40820627236553536,0.5262498820441665,0.7696388579849384,0.5192012803107064,0.43193514845860714,0.43200961607223487,0.44352549139866426,0.4852381381035844
656,0.4229335455119442,0.4689475453633557,0.4091424658657518,0.5351988326371379,0.7650116098245472,0.5219935383150912,0.432718845116343,0.4327701264274337,0.4416471066142976,0.48460507864462576
657,0.4259400239617775,0.4688669530888053,0.41028077213655306,0.5394376956036142,0.7622205393254874,0.5246048788760171,0.43308932067365685,0.4332912164681384,0.440240569909047,0.4847080693782246
658,0.4289580852197383,0.46875380111172393,0.4114624927223174,0.5436488125932808,0.7592341052689043,0.5271805300705512,0.43348975922235483,0.43381993598265034,0.43886004638511655,0.4847611999130691
659,0.4319820117034433,0.46860832901365146,0.41268721917098977,0.5478289966315988,0.756056208434041,0.5297192262449412,0.43392098189829326,0.43435574155488366,0.43750736416686675,0.48476380532311325
660,0.4350061010994489,0.46843082940609465,0.41395449626874525,0.5519751647160124,0.7526913150822931,0.5322199165591235,0.4343837687270826,0.43489811906370457,0.43618429932097075,0.4847152236404482
661,0.43802468694343083,0.46822165193401794,0.41526382221594194,0.5560843357538234,0.7491444401695521,0.5346817574565189,0.4348788561874351,0.43544658361335137,0.43489257160393424,0.48461480185653255
662,0.44103215916914,0.46798120711719554,0.4166146489256305,0.560153628073703,0.7454211285463191,0.5371041041922574,0.4354069348548688,0.43600067937410275,0.43363384043628656,0.4844619023160912
663,0.44402298453828,0.4677099700028249,0.4180063824481783,0.5641802565524231,0.7415274342422805,0.5394865014771937,0.4359686471340616,0.43655997933805296,0.43240970111899335,0.48425590946666014
664,0.4469917268633798,0.4674084836037757,0.4194383835252825,0.5681615294002723,0.737469897939752,0.5418286732992581,0.4365645850880772,0.43712408499494165,0.4312216813061773,0.48399623692404875
665,0.4499330669360741,0.46707736209796485,0.4209099682763318,0.5720948446502105,0.7332555227476265,0.5441305119875715,0.4371952883725842,0.43769262593305525,0.43007123774670386,0.48368233481147654
666,0.45284182207398516,0.4667172937656095,0.42242040901969585,0.5759776863970678,0.7288917483940246,0.5463920665882405,0.4378612422830357,0.4382652593702477,0.42895975330563646,0.48331369732789303
667,0.4557129652005546,0.4663290436424606,0.4239689352310789,0.579807620834036,0.7243864239618644,0.5486135306238968,0.43856287592257925,0.4388416696201352,0.42788853427494433,0.48288987049895926
668,0.4585416433738009,0.46591345586864513,0.42555473464061117,0.5835822921343033,0.7197477792968338,0.550795229311755,0.4393005604982382,0.4394215674985079,0.4268588079812434,0.4824104600624397
669,0.4742323019875313,0.45277129119174203,0.44444478199148674,0.5798814287439747,0.694087749443822,0.5741686224276494,0.4386812373401393,0.44345290692790956,0.4201961806502975,0.4856936338773882
670,0.47656769719340997,0.4522697747234328,0.44630298242492206,0.5829339484654618,0.6887768373363686,0.5761649747960904,0.4395239524507577,0.4439242349477337,0.4195472002749356,0.4847624909325495
671,0.478832682544005,0.4517526728200165,0.4481877036362554,0.5859180313617967,0.6834153815943013,0.5781291004087883,0.44040855072488116,0.4443969639218468,0.4189513885685934,0.48377198799606314
672,0.4810245421492594,0.4512216227405841,0.4500977860257504,0.5888317470881964,0.6780133129044169,0.5800624505898906,0.44133514759514675,0.4448710678517076,0.4184089819572075,0.4827222578316043
673,0.48314086450696275,0.4506783296364047,0.4520320525681747,0.5916732157292127,0.6725805989212198,0.5819664604643688,0.4423037830902749,0.4453465390333506,0.41792012263409534,0.48161357683369244
674,0.48517955112378014,0.45012456480578356,0.4539893114317205,0.5944406062888028,0.6671272116449736,0.5838425329984503,0.443314421130178,0.4458233871857253,0.4174848601900217,0.4804463726877379
675,0.48713882387148455,0.44956216361719276,0.45596835866565094,0.5971321354574917,0.6616630952135574,0.5856920234811253,0.4443669490281781,0.44630163857414,0.4171031535295588,0.4792212315181343
676,0.4890172310427321,0.44899302310329625,0.45796798094705804,0.5997460666772865,0.6561981342387424,0.5875162245290453,0.44546117720467404,0.44678133513113044,0.4167748730589907,0.47793890447302584
677,0.49081365207642713,0.44841909923022516,0.45998695837647274,0.602280709522091,0.6507421228132476,0.5893163516939148,0.4465968391158067,0.44726253357688445,0.4164998031299822,0.4766003136969169
678,0.4925273009285685,0.4478424038481503,0.4620240673114388,0.6047344194083338,0.6453047343100706,0.5910935297479023,0.44777359139982786,0.4477453045411416,0.4162776447222823,0.4752065576451133
679,0.49415772807047914,0.44726500133089414,0.4640780832265984,0.6071055976474133,0.6398954920902264,0.5928487797186104,0.44899101424303733,0.44822973168831926,0.4161080183479424,0.47375891569710515
680,0.4964686031474031,0.4475997100469984,0.4661206984514905,0.6126240904479145,0.6317093823911446,0.5945717011493173,0.4517036513905014,0.4487342045055968,0.41604179217771037,0.470857074220784
681,0.4998130987990118,0.4425983755522093,0.4746603848365571,0.6115926780663536,0.6189192434184982,0.6013447355903347,0.45256143301684054,0.4506739090957146,0.4157692104482965,0.46867730689469544
682,0.5010157753219779,0.44206639561379824,0.4767910667262484,0.6134757758689385,0.6138044925043596,0.6030199330292266,0.4539271922885624,0.4511411961827409,0.4158668179827464,0.4669683409219692
683,0.5021403441274129,0.44154778682192986,0.47893093140660364,0.6152682104846774,0.6087712639862004,0.6046782287470757,0.4553309354763421,0.4516106986117392,0.41601401364612794,0.46521526846659866
684,0.5054663425580374,0.4341116747481882,0.4924324878399699,0.610846400366274,0.5920239541801963,0.6143143702614998,0.45592168766667335,0.45460236038181473,0.4164879481143529,0.4615060787995647
685,0.5062299186589667,0.4337244507186921,0.49461891929905427,0.6120883834166212,0.5875121128161407,0.6159540056300522,0.4573622811751412,0.45501247963866365,0.4168836679741672,0.45953005878118386
686,0.5069308660643588,0.433365123123698,0.4968074810637906,0.6132355815229675,0.5831205716803973,0.6175797179191659,0.45883916561063337,0.4554254126395488,0.417325194654504,0.4575208716729784
687,0.5075723810225147,0.4330359003525509,0.49899720449208484,0.6142872920268613,0.5788546831608444,0.6191906481027086,0.46035129368336036,0.4558413578762397,0.4178112574208845,0.4554819979001784
688,0.5081578872397297,0.43273896694819486,0.5011871557706885,0.6152429032053651,0.5747193909240654,0.6207857351153672,0.46189755603250476,0.45626051654693217,0.41834055554211963,0.45341710162074617
689,0.5086910205851322,0.43247647804197803,0.5033764372824886,0.6161018983771027,0.5707192235015206,0.6223637177465815,0.4634767839471209,0.4566830918917841,0.4189117627442977,0.4513300233587503
690,0.5091756129159698,0.43225055378007005,0.5055641887735995,0.6168638600574542,0.5668582895934914,0.6239231377728446,0.4650877522567959,0.45710928853793803,0.41952353158188344,0.44922477172136066
691,0.5096156750926535,0.43206327376208153,0.5077495883105166,0.6175284741287056,0.563140275073376,0.6254623443084227,0.466729182381415,0.4575393118536564,0.42017449770946536,0.4471055142266063
692,0.5100153792564961,0.4319166715124985,0.5099318530185118,0.6180955339899701,0.5595684416670604,0.6269794993483118,0.4683997455285954,0.4579733673112081,0.4208632840387829,0.44497656727372953
693,0.5103790404463816,0.43181272900543066,0.5121102395934433,0.6185649446509622,0.5561456272745019,0.6284725844712559,0.4700980660266175,0.45841165985818344,0.4215885047668235,0.4428423852924914
694,0.5107110976335308,0.4317533712630065,0.5142840445802344,0.6189367267332093,0.5528742478933697,0.6299394086647506,0.47182272478000775,0.4588543932969611,0.4223487692619936,0.44070754911215604
695,0.5110160942561133,0.43174046104743075,0.516452604412418,0.6192110203420851,0.5497563010976038,0.6313776172283829,0.47357226283430065,0.4593017696720863,0.4231426857966157,0.4385767535950273
696,0.5112986583376551,0.43177579366636987,0.518615295208382,0.6193880887731046,0.5467933710171682,0.6327847017064732,0.4753451850359639,0.4597539886653996,0.4239688651153038,0.4364547945833858
697,0.5115128442966124,0.43287665076865667,0.5204881525548549,0.6210251620371897,0.5425813776753008,0.6341797385644691,0.47919818185129587,0.4599639019783309,0.4254307880180852,0.43297804641774423
698,0.5117688682569022,0.4330301000141017,0.522627999875076,0.6209824214220733,0.5399925351353841,0.6354782904308672,0.48104659805407946,0.4604416280685578,0.4263237128492787,0.4309232078838853
699,0.5120186923035684,0.4332371786088152,0.5247601297351461,0.6208438486627093,0.5375614024738004,0.6367349686359213,0.482912058903096,0.4609249762546617,0.42724377990145385,0.4288958482615613
700,0.5122671045898289,0.43349934534704243,0.5268840821640861,0.6206102645723096,0.5352878442106618,0.6379467352465389,0.4847929320310917,0.46141412730055537,0.42818967668651803,0.42690102376236405
701,0.5125188653975118,0.43381796618217716,0.5289994318827042,0.6202826280522277,0.533171360809087,0.639110472064396,0.4866875719041632,0.46190925626594687,0.4291601094271025,0.42494380623903494
702,0.5127786865281303,0.4341943101061282,0.5311057865807196,0.6198620379808947,0.5312111016188995,0.6402229957513669,0.48859432376425865,0.4624105319454513,0.4301538053440657,0.4230292671248027
703,0.5130512109377795,0.4346295452693402,0.5332027849618393,0.6193497346984703,0.5294058787609733,0.6412810734665452,0.49051152754428473,0.46291811631722657,0.43116951474688925,0.4211624611640367
704,0.5132402930283974,0.4361901356445812,0.5349129290156819,0.6197563602958643,0.5268309062371197,0.6421479749749359,0.4946647875765096,0.4631101715828934,0.4329629397072746,0.4183343649507953
705,0.5135742581301987,0.43676608807875017,0.5369775965112719,0.6190391565463478,0.5253892602099769,0.6430336770712863,0.49662111782541324,0.4636447320353459,0.43401955698926076,0.41663964236290413
706,0.5139360474055198,0.4374039659396963,0.5390317813865594,0.6182350600821992,0.5240965795553354,0.6438527230894554,0.4985812145109143,0.4641862567601035,0.43509371614679515,0.41501109613564857
707,0.5143297869271951,0.4381044729608549,0.5410752296036775,0.6173459160048375,0.5229503820981118,0.6446018908029971,0.5005434293486947,0.4647348704913661,0.43618431734510116,0.4134534625733276
708,0.5147594301200382,0.43886819540610145,0.5431077046522874,0.6163737103186211,0.521947935159178,0.6452780026768207,0.5025061310044432,0.4652906881040253,0.4372902917111924,0.41197136787691524
709,0.5152287408563541,0.43969559993555524,0.5451289844110875,0.6153205683913929,0.5210862732076632,0.6458779427512676,0.5044677084541264,0.4658538141349838,0.4384106021757701,0.410569312382112
710,0.5157412773957062,0.4405870317881658,0.5471388578675995,0.6141887528844998,0.5203622157505419,0.6463986733927278,0.5064265741993564,0.46642434232045377,0.4395442441528308,0.4092516551402507
711,0.516300377235775,0.4415427132859488,0.5491371217141565,0.6129806611470779,0.5197723853653187,0.6468372518265072,0.508381167325518,0.4670023551502635,0.44069024606502577,0.4080225989112962
712,0.516909142936964,0.4425627426634334,0.5511235768392542,0.6116988220727089,0.5193132257834343,0.6471908463691457,0.5103299563911404,0.4675879234402382,0.4418476697234483,0.4068861756364155
713,0.5175704289788949,0.44364709322456464,0.5530980247345697,0.6103458924199248,0.518981019934263,0.6474567522792717,0.5122714421378577,0.4681811059237455,0.4430156105710933,0.4058462324555282
714,0.5182868297022409,0.44479561282802593,0.5550602638390474,0.6089246526014488,0.5187719078623141,0.6476324071483927,0.5142041600112573,0.4687819488635426,0.4441931977997295,0.4049064183328499
715,0.5190606683843529,0.44600802370063763,0.5570100858423707,0.6074380019504428,0.518681904433367,0.6477154057556783,0.516126682483875,0.4693904856850446,0.44537959435029173,0.4040701713507058
716,0.5198939874920109,0.4472839225772522,0.5589472719710445,0.605888953475439,0.5187069167488397,0.647703514313863,0.518037621172655,0.4700067366321771,0.44657399680724225,0.40334070672889305
717,0.5207885401492789,0.44862278116430326,0.5608715892810205,0.6042806281189568,0.5188427611915976,0.6475946840367912,0.5199356287442547,0.47063070844695365,0.447775635197545,0.40272100562355434
718,0.5217457828529687,0.45002394692298864,0.5627827869814284,0.6026162485380747,0.5190851800306814,0.6473870639628345,0.521819400602697,0.47126239407391946,0.4489837727050567,0.40221380475596946
719,0.5227668694626101,0.45148664416688244,0.5646805928144601,0.6008991324284468,0.5194298575170271,0.6470790129724848,0.5236876763550136,0.47190177239059283,0.4501977053111702,0.40182158691784287
720,0.5238526464861165,0.45300997546765404,0.5665647095167982,0.5991326854162846,0.5198724354070954,0.6466691109427061,0.5255392410516916,0.4725488079649948,0.45141676137252695,0.4015465723956307
721,0.5250036496765742,0.4545929233615106,0.5684348113881854,0.5973203935458077,0.5204085278564851,0.6461561689852304,0.5273729261999353,0.47320345084135224,0.4526403011464978,0.4013907113521873
722,0.5262201019497533,0.4562343523479417,0.5702905409927871,0.5954658153924394,0.5210337356309048,0.6455392387207916,0.5291876105489315,0.4738656363549882,0.4538677162749378,0.4013556771995902
723,0.5275019126261248,0.4579330111713925,0.5721315060188945,0.5935725738346552,0.5217436595874264,0.6448176205462941,0.530982220647538,0.4745352849773958,0.45509842923645266,0.4014428609923764
724,0.5288486779953362,0.4596875353755879,0.5739572763222668,0.5916443475198211,0.5225339133845981,0.643990870857131,0.5327557311759947,0.4752123021924153,0.4563318927770801,0.40165336686570974
725,0.5302596831953345,0.461496450119384,0.5757673811779879,0.5896848620615733,0.5234001353857739,0.6430588081921852,0.5345071650544576,0.4758965784043765,0.45756758932886565,0.40198800853812244
726,0.5317339053926068,0.46335817324226825,0.5775613067651431,0.5876978810083145,0.5243379997258872,0.6420215182745412,0.5362355933323418,0.47658798887901016,0.45880503042536336,0.40244730689354624
727,0.5332700182443915,0.46527101856690345,0.5793384939078744,0.5856871966241323,0.5253432265177679,0.6408793579264672,0.5379401348635968,0.477286393717836,0.460043756122534,0.40303148865232186
728,0.5348663976182246,0.467233199425512,0.5810983360954848,0.583656620524984,0.5264115911800304,0.6396329578428623,0.5396199557741798,0.4779916378666682,0.46128333443294844,0.4037404861358487
729,0.5365211285388171,0.4692428323963074,0.5828401778031865,0.5816099742142158,0.5275389328744086,0.6382832242130047,0.5412742687290741,0.47870355115878505,0.4625233607805561,0.40457393812445275
730,0.5382320133270813,0.47129794123572794,0.5845633131338861,0.5795510795624738,0.5287211620462382,0.6368313391861019,0.5429023320072551,0.47942194839321234,0.46376345748260767,0.4055311918030156
731,0.5399965808911237,0.47339646099179644,0.5862669848000127,0.5774837492777435,0.5299542670674829,0.6352787601817476,0.5445034483939972,0.480146629448474,0.4650032732645955,0.40661130578389
732,0.5418120971242463,0.4755362422836239,0.5879503834628874,0.5754117774116654,0.5312343199872878,0.6336272180519855,0.5460769639008789,0.4808773794320662,0.46624248281334696,0.40781305419167696
733,0.5436755763604327,0.477715055731793,0.5896126474454513,0.5733389299483829,0.5325574814004568,0.6318787141071455,0.5476222663247167,0.48161396886579005,0.4674807863726082,0.40913493178957966
734,0.545583793833522,0.4799305965242039,0.5912528628323783,0.5712689355219939,0.533920004449484,0.6300355160229998,0.5491387836574916,0.48235615390698056,0.46871790938468344,0.4105751601222945
735,0.5475332990822188,0.48218048910184214,0.5928700639696552,0.5692054763082038,0.5353182379807687,0.6281001526520166,0.5506259823600869,0.48310367660555364,0.4699536021808824,0.4121316946457927
736,0.5495204302393881,0.4844622919489045,0.59446323437366,0.5671521791349972,0.5367486288804176,0.6260754077665636,0.5520833655133394,0.48385626519667035,0.47118763972271244,0.41380223280987266
737,0.5530021064734821,0.48818883850988337,0.5980904375004943,0.5635746469509737,0.5393823456256744,0.6231726592521959,0.552959595872746,0.4859765649118912,0.4724351669411794,0.4157390564716313
738,0.5550593479844147,0.490542310939279,0.5996345193697175,0.5615611433832849,0.5408812851114575,0.6209526759726642,0.5543280441593691,0.48673731994283653,0.4736781463722965,0.41764890308484043
739,0.5571398821321333,0.49291845293039055,0.6011508199050527,0.5595707959909139,0.5424001081537722,0.6186547274679745,0.555665522910279,0.48750177215481844,0.4749190531697673,0.41966339208551157
740,0.5592392568793458,0.495314577369619,0.6026380784225143,0.557606902381301,0.5439357309272981,0.6162826025293789,0.5569716622851001,0.4882695921717233,0.4761577511330614,0.4217792494181934
741,0.5613529023746232,0.4977279598588449,0.6040949939909847,0.5556726603513574,0.5454851684065601,0.6138402929774757,0.5582461172087494,0.4890404393332327,0.4773941281744143,0.4239930011823195
742,0.5634761493737129,0.5001558437898169,0.6055202291653663,0.5537711613318215,0.5470455321539766,0.611331981559343,0.5594885651800098,0.48981396219960993,0.47862809637297005,0.4263009866117629
743,0.5656042479854463,0.5025954454077193,0.6069124141401223,0.5519053843410706,0.5486140275975668,0.6087620291269286,0.5606987040720984,0.4905897990861988,0.47985959206976025,0.42869937163544547
744,0.5677323866621233,0.5050439588510048,0.6082701513122958,0.5500781904761434,0.5501879508519807,0.6061349611574758,0.5618762499406843,0.49136757862650016,0.48108857599930677,0.4311841629567964
745,0.5698557113538184,0.5074985611551184,0.6095920202404007,0.5482923179655481,0.5517646851380322,0.6034554536792278,0.5630209348546451,0.4921469203625841,0.4823150334530423,0.4337512225878114
746,0.5719693447460104,0.5099564172083387,0.6108765829829056,0.5465503778050846,0.5533416968570365,0.6007283186677994,0.564132504764631,0.49292743536149164,0.4835389744691788,0.4363962827717127
747,0.5740684055002269,0.5124146846485829,0.6121223897973979,0.5448548499944109,0.5549165313769855,0.5979584889803797,0.565210717424186,0.4937087268561976,0.484760434043153,0.4391149612268184
748,0.5761480274180507,0.5148705186906731,0.6133279851789114,0.5432080803884543,0.5564868085879253,0.595151002896354,0.5662553403777588,0.49449039090960445,0.48597947235233063,0.4419027766431422
749,0.5782033784498353,0.5173210768742548,0.614491914213359,0.5416122781740339,0.5580502182838452,0.5923109883339954,0.5672661490294484,0.49527201709996954,0.4871961749882548,0.4447551643625301
750,0.580229679470831,0.5197635237232424,0.6156127292195807,0.5400695139782593,0.5596045154279756,0.5894436468135952,0.5682429248057751,0.49605318922607244,0.48841065318938537,0.44766749217271673
751,0.5822222227490818,0.5221950353084074,0.6166889966511276,0.5385817186113887,0.5611475153575598,0.586554237237733,0.5691854534250982,0.4968334860303776,0.4896230440670154,0.4506350761456527
752,0.5845782699669123,0.5252331809380452,0.6172966135549528,0.5367809698182502,0.5629859837242751,0.5821212262894965,0.5716252496150707,0.4968694394965928,0.4921496756511362,0.45604562640024526
753,0.5864675833472339,0.5276281711113121,0.618237654666374,0.5354343714566451,0.5644918929214386,0.5791930515926179,0.5724957472923173,0.4976461151397729,0.4933424927248721,0.45914941958942035
754,0.5883079121451616,0.5300027434427601,0.6191294077612282,0.5341475807251106,0.5659796340550568,0.5762617416594361,0.5733311956920933,0.4984207522321456,0.4945337413438112,0.4622907985137253
755,0.5900951133094929,0.5323541806291852,0.619970648652435,0.5329218877915749,0.5674472146463941,0.5733326348723831,0.5741313867129052,0.4991929152074994,0.49572369593471,0.4654650082919246
756,0.5918252049634576,0.5346797994161722,0.6207602094772364,0.5317584488176278,0.5688926776693547,0.5704110372567219,0.5748961086581491,0.4999621674195308,0.49691265789922595,0.46866733003785704
757,0.5934943811754353,0.5369769544252404,0.6214969862721551,0.5306582886474145,0.5703140977168695,0.5675022066939311,0.5756251453846682,0.500728071947767,0.4981009556092037,0.4718930954268893
758,0.595099025949959,0.53924304184476,0.6221799465213824,0.529622304020338,0.5717095774645711,0.5646113374595977,0.5763182756293436,0.5014901924072913,0.4992889443353088,0.4751377008060902
759,0.5966357263888254,0.5414755029820659,0.6228081366362517,0.5286512672786985,0.5730772444677373,0.5617435451461978,0.576975272518733,0.5022480937601481,0.500477006101842,0.4783966207907023
760,0.5981012849761757,0.5436718276748971,0.6233806893227918,0.5277458305383067,0.5744152483240312,0.5589038520284696,0.577595903265642,0.5030013431263232,0.5016655494609131,0.4816654212923715
761,0.5994927309455762,0.5458295575609147,0.6238968307938625,0.5269065302872046,0.5757217582309097,0.5560971729261568,0.5781799290553041,0.5037495105921879,0.5028550091795542,0.4849397719277299
762,0.600807330691511,0.5479462892047006,0.6243558877822012,0.5261337923749589,0.5769949609628231,0.553328301615768,0.5787271051226935,0.504492170014314,0.5040458458337869,0.4882154577592678
763,0.6020425971920934,0.5500196770822346,0.6247572943106964,0.5254279373525635,0.5782330592894395,0.5506018978396462,0.5792371810212755,0.5052288998165978,0.5052385453041808,0.4914883903240085
764,0.6031962984143775,0.552047436423407,0.6251005981764963,0.5247891861207955,0.579434270852149,0.5479224749570951,0.5797099010823082,0.5059592837786514,0.5064336181679682,0.494754617909241
765,0.6042664646782587,0.5540273459136822,0.6253854671060863,0.5242176658429821,0.5805968275121098,0.5452943882786294,0.5801450050626348,0.5066829118134759,0.5076315989833802,0.49801033503848957
766,0.6052513949595909,0.5559572502565062,0.6256116945392357,0.523713416076504,0.5817189751790164,0.5427218241205531,0.5805422289777074,0.5073993807324613,0.5088330454624919,0.5012518911349686
767,0.6061496621178517,0.5578350625985347,0.6257792050007388,0.523276395076048,0.582798974125733,0.5402087896131248,0.580901306115449,0.5081082949958319,0.510038537529528,0.504475798333969
768,0.6069601170383755,0.5596587668201785,0.6258880590201763,0.5229064862206099,0.5838350997899013,0.5377591032914995,0.5812219682254149,0.5088092674467082,0.5112486762622702,0.5076787384199177
769,0.6076818916838267,0.5614264196943496,0.6259384575614263,0.5226035045155515,0.5848256440596413,0.5353763864945041,0.5815039468766303,0.5095019200270318,0.5124640827149204,0.5108575688682434
770,0.6083144010542473,0.56313615291664,0.6259307459254579,0.5223672031206555,0.5857689170365754,0.5330640555921339,0.5817469749764256,0.5101858844736787,0.5136853966215175,0.5140093279766218
771,0.608857344059556,0.5647861750104737,0.6258654170919323,0.5221972798550695,0.5866632492655823,0.5308253150584267,0.5819507884415789,0.5108608029931718,0.5149132749797452,0.51713123907466
772,0.6093107033128898,0.5663747731110366,0.6257431144673995,0.522093383630333,0.587506994417016,0.5286631514021685,0.5821151280121105,0.5115263289134944,0.5161483905157366,0.5202207138055762
773,0.6096747438575657,0.5679003146320084,0.6255646340103463,0.5220551207632866,0.5882985324035866,0.5265803279636861,0.5822397411971976,0.5121821273116011,0.5173914300312438,0.5232753544779248
774,0.6099500108447109,0.5693612488193065,0.625330925706046,0.5220820611216197,0.589036272910728,0.5245793805818112,0.5823243843418118,0.5128278756153348,0.5186430926353041,0.5262929554898742
775,0.6101373261827476,0.5707561081961892,0.6250430943670365,0.522173744056082,0.5897186593160912,0.5226626141310153,0.5823688248019278,0.5134632641785565,0.5199040878633012,0.5292715038329671
776,0.6102377841839176,0.5720835099041643,0.6247023997381537,0.5223296840749695,0.590344172970842,0.5208320999246905,0.5823728432154538,0.514087996828412,0.5211751336870608,0.5322091786866191
777,0.6102527462368329,0.5733421569442203,0.624310255888296,0.5225493762183995,0.5909113378126658,0.5190896739766374,0.5823362358554046,0.5147017913837866,0.5224569544203658,0.5351043501188694
778,0.6101838345376589,0.5745308393228803,0.6238682298745047,0.5228323010920708,0.5914187252778718,0.5174369361090209,0.5822588170512888,0.5153043801440961,0.5237502785249815,0.5379555769130122
779,0.6100329249160059,0.5756484351076182,0.623378039667533,0.5231779295227021,0.591864959477736,0.5158752498914065,0.5821404216642357,0.515895510347718,0.5250558363229849,0.5407616035437606
780,0.6098021387947871,0.5766939113960651,0.6228415513317435,0.5235857268000771,0.5922487226021955,0.5144057433919798,0.5819809076009946,0.5164749445994675,0.5263743576218479,0.5435213563304128
781,0.6094938343263191,0.5776663252033762,0.6222607754559901,0.5240551564736365,0.5925687605122929,0.513029310718724,0.5817801583516476,0.5170424612666644,0.5277065692593557,0.5462339387981907
782,0.6091105967497026,0.5785648242719948,0.6216378628360113,0.5245856836747973,0.5928238884813044,0.5117466143251801,0.5815380855356818,0.5175978548434698,0.529053192576043,0.5488986262823967
783,0.608655228017042,0.5793886478078888,0.6209750994128378,0.5251767779396258,0.5930129970433284,0.5105580880524778,0.58125463144094,0.5181409362832926,0.5304149408233786,0.5515148598133229
784,0.6081307357383424,0.5801371271471588,0.6202749004757071,0.5258279155101578,0.5931350579072319,0.5094639408765754,0.5809297715399534,0.5186715332992069,0.5317925165164437,0.5540822393229299
785,0.6150159980783053,0.5947901650588737,0.6053617003033022,0.5315617712500971,0.5996257945911928,0.500919121792151,0.5610041191123885,0.5483281366567945,0.5419974987674836,0.5773521230589188
786,0.6137463829125438,0.5945068195321577,0.6046733034205326,0.5331609522210454,0.5988928410738179,0.5008764792036163,0.5599367693376455,0.5487147097846005,0.5438140685473513,0.5793874927829353
787,0.6124425718260534,0.5941427712192328,0.6039678111312643,0.5348222265923616,0.5980850499653585,0.5009118635152481,0.5588375304447314,0.5490845839642189,0.5456538080659671,0.5813828303755334
788,0.6111099175241729,0.5936985443859486,0.6032478302567602,0.5365447238417469,0.5972029354063293,0.5010229317729341,0.5577075347604893,0.5494377400175909,0.5475165610229656,0.5833383209614611
789,0.6097538005364398,0.5931747588223947,0.6025160079252083,0.538327546742654,0.5962471520410895,0.5012072328588286,0.5565479802278659,0.5497741683118026,0.5494021244731292,0.5852541622025954
790,0.6083796113525802,0.5925721304077575,0.6017750210097008,0.5401697679199327,0.5952184978907186,0.501462217224125,0.5553601292877355,0.5500938685396137,0.5513102478827101,0.5871305561083997
791,0.606992732817459,0.5918914716671562,0.6010275652418117,0.5420704260767,0.5941179167671268,0.5017852465942536,0.5541453075019137,0.5503968495247508,0.5532406322939529,0.5889677010676424
792,0.6055985228452032,0.5911336923130085,0.6002763440494573,0.5440285219259952,0.5929465002058498,0.5021736036068899,0.5529049019201121,0.5506831290553077,0.5551929296016314,0.5907657841440485
793,0.6042022975101504,0.5902997997628955,0.5995240571698711,0.546043013863655,0.591705488897878,0.5026245013449367,0.551640359194912,0.550952733748512,0.5571667419450306,0.5925249736766778
794,0.60280931456948,0.5893908996253074,0.5987733890904426,0.5481128134214684,0.5903962736038049,0.5031350927285574,0.5503531834500921,0.5512056989499364,0.5591616212183255,0.59424541222369
795,0.6014247574694304,0.5884081961441371,0.59802699737181,0.550236780542072,0.5890203955366635,0.5037024797324052,0.5490449339089102,0.5514420686700927,0.5611770687018738,0.5959272098859033
796,0.6000537198839155,0.5873529925923611,0.5972875009089952,0.5524137187191547,0.5875795462028874,0.5043237223963855,0.5477172222901564,0.5516618955611543,0.5632125348164669,0.5975704380441204
797,0.5987011908310804,0.5862266916049388,0.5965574681874565,0.5546423700483816,0.5860755666939846,0.5049958476005665,0.5463717099809441,0.5518652409363346,0.5652674190021009,0.599175123541599
798,0.5973720404099637,0.5850307954406362,0.5958394055917448,0.5569214102359746,0.5845104464246305,0.5057158575772619,0.5450101049963402,0.5520521748342239,0.5673410697223348,0.6007412433403247
799,0.5960710061959734,0.5837669061622397,0.5951357458249712,0.559249443613116,0.5828863213160503,0.5064807381357568,0.5436341587369908,0.5522227761301383,0.5694327845948335,0.6022687196769304
800,0.5948026803302796,0.5824367257244024,0.5944488364974816,0.5616249982052239,0.5812054714266331,0.5072874665776684,0.5422456625568803,0.5523771326962457,0.5715418106481657,0.6037574157411328
801,0.5935714973346479,0.5810420559582751,0.593780928943053,0.5640465209057346,0.5794703180348056,0.5081330192835101,0.5408464441543058,0.5525153416119565,0.5736673447044673,0.6052071318965722
802,0.592381722679496,0.5795847984419897,0.5931341673204908,0.5665123728042277,0.5776834201821662,0.5090143789536019,0.5394383637999932,0.5526375094257464,0.5758085338870595,0.6066176024608073
803,0.5912374421293024,0.578066954246105,0.5925105780577918,0.5690208247186292,0.5758474706878,0.5099285414890792,0.5380233104170489,0.5527437524692492,0.5779644762516535,0.6079884930581132
804,0.5901425518857318,0.5764906235431866,0.5919120596949947,0.5715700529807582,0.5739652916474999,0.5108725225013425,0.5366031975281406,0.5528341972241168,0.5801342215392774,0.6093193985555116
805,0.5891007495451434,0.5748580050708614,0.5913403731804808,0.5741581355236642,0.572039829434309,0.511843363440869,0.5351799590859081,0.5529089807417814,0.5823167720486162,0.6106098415892941
806,0.5881155258834587,0.573171395437912,0.5907971326738505,0.5767830483180593,0.5700741492193605,0.5128381373388295,0.5337555452030998,0.5529682511158787,0.5845110836249873,0.6118592716860652
807,0.5871901574776953,0.5714331882632496,0.5902837969065183,0.5794426622036396,0.568071429034402,0.5138539541574584,0.5323319177993824,0.5530121680067098,0.5867160667627549,0.613067064979175
808,0.5854903141326218,0.5684372249334764,0.5905345555891512,0.5836642671668173,0.5644323317440969,0.515395351754726,0.5304379530476953,0.5519764097637614,0.5896654653359825,0.6142915704845485
809,0.5847443026615647,0.5665821137131435,0.590087937536103,0.5863891510040218,0.5623594407322006,0.5164478446099162,0.5290312945941997,0.5519809705163332,0.591889253010156,0.6154055207865726
810,0.584068073126997,0.5646848921027692,0.58967600343613,0.5891406854134387,0.5602616997215734,0.5175116924383348,0.5276318652500848,0.5519709583135065,0.5941195667071134,0.6164751955701379
811,0.5834638140865617,0.5627483820069931,0.5892994353473543,0.5919162601884617,0.5581427108421143,0.5185842368360514,0.5262416043217513,0.551946611691667,0.5963551438588379,0.6174996580429016
812,0.5829334748893253,0.5607754938045137,0.5889587203578331,0.5947131499135999,0.5560061491866748,0.5196628784581083,0.5248624387510624,0.5519081851511447,0.5985946838712409,0.6184779056753784
813,0.5824787638604783,0.5587692241426335,0.5886541466167755,0.5975285142413411,0.5538557545063988,0.5207450798800856,0.5234962787193955,0.5518559499397013,0.6008368498216595,0.6194088735445873
814,0.582662040569574,0.5468561720093071,0.5756789824525625,0.6161947842740172,0.5449517427152678,0.5290837418855183,0.5127592138506056,0.5621193034445482,0.6229765862283583,0.6318283570358293
815,0.5826592555293743,0.5447195320238545,0.5757417156814216,0.6190980206362339,0.5426954313261521,0.5301536508452308,0.5115376779069023,0.5619798059877543,0.6251652193947698,0.6321091723114864
816,0.5827383818703874,0.5425753628715579,0.5758231345935423,0.6219838112653637,0.5404574740194596,0.5312060376565736,0.51035120790078,0.5618273838763275,0.6273420135967903,0.6323306821031208
817,0.5828993328485855,0.5404272719142705,0.5759217360032761,0.6248483609730004,0.5382417901223772,0.5322389794074063,0.5092014979085513,0.5616622181610467,0.629505329873423,0.6324916427658187
818,0.5831417938738112,0.5382789174697418,0.5760358766835973,0.6276878349086762,0.5360522701219629,0.5332506306809218,0.5080901726336782,0.5614845107280098,0.6316535250648654,0.6325908270955976
819,0.5834652274691469,0.5361340039802479,0.5761637790175459,0.6304983671017057,0.5338927672089325,0.5342392233321364,0.5070187839338682,0.5612944859047905,0.6337849540680485,0.6326270317102732
820,0.58386887875457,0.5339962769265738,0.5763035373191703,0.6332760694933248,0.5317670889588731,0.5352030661309878,0.5059888075900228,0.5610923920718873,0.6358979720599551,0.6325990844860008
821,0.5842837812839498,0.5197254738177064,0.5620087494964778,0.6535167313782776,0.5213127965596845,0.5446535842930877,0.4985135091243938,0.5676287451630517,0.6616307267529792,0.6416269720948522
822,0.5863479839313328,0.5169677511130171,0.563294855173889,0.6568710501985995,0.5181637961841168,0.5455398916874253,0.4977532053557968,0.5668007839191975,0.6637146773983925,0.6390145009435917
823,0.5885803229510445,0.5142944790393275,0.564488053679311,0.6600206245679209,0.5152155780259442,0.5463318137873562,0.49711919648488684,0.5659864629926387,0.6656958336187035,0.6362877779339002
824,0.589755762373893,0.512707804108413,0.56462178451227,0.6619262953914045,0.5136267107699956,0.5468920092139945,0.49677907221033313,0.5656518913996101,0.66726936385018,0.6350270950945168
825,0.59098742668718,0.5111753201300089,0.5647279430557247,0.6637452447039403,0.5121138774640364,0.54740902018927,0.49649929233865936,0.5653071456457653,0.668802318399908,0.633699474245942
826,0.5922725956133218,0.5097004112231419,0.5648044194827935,0.6654750535565901,0.5106794628588979,0.5478821508439086,0.49628002642500907,0.5649525411835606,0.6702934938336621,0.632305485701386
827,0.5936084445179243,0.5082863937649262,0.5648491505300577,0.6671134701939323,0.5093257173997129,0.5483107763155308,0.496121337908025,0.5645884359276159,0.6717417192962809,0.6308458267868029
828,0.5949920527797942,0.5069365088801798,0.5648601281714731,0.6686584181174027,0.508054753934496,0.5486943427681662,0.4960231852387,0.5642152319354365,0.6731458569057867,0.6293213237411953
829,0.5964204121433272,0.505653914931302,0.5648354081235342,0.6701080036441753,0.5068685447416652,0.549032367518635,0.4959854232636188,0.5638333769507738,0.6745048020712919,0.6277329331099945
830,0.5978904350284053,0.5044416800315447,0.5647731181431755,0.6714605229161973,0.5057689188748504,0.5493244392697727,0.49600780484938994,0.5634433657970361,0.6758174837398229,0.6260817426228095
831,0.5993989627743433,0.5033027746054142,0.5646714660809226,0.6727144683160884,0.5047575598222588,0.5495702184489322,0.4960899827342865,0.5630457416085689,0.6770828645775062,0.6243689715494081
832,0.6009427737959161,0.5022400640204192,0.5645287476530202,0.6738685342489846,0.5038360034768821,0.5497694376487433,0.4962315115924545,0.5626410968880782,0.6782999410908056,0.6225959705303283
833,0.6025185916309881,0.5012563013147786,0.5643433538976868,0.6749216222520255,0.5030056364129079,0.5499219021656654,0.49643185029548026,0.5622300743790075,0.6794677436937212,0.6207642208810706
834,0.6041230928608047,0.5003541200460134,0.5641137782822442,0.6758728453960892,0.5022676944628871,0.5500274906305134,0.49669036435566677,0.5618133677422904,0.6805853367270169,0.6188753333713425
835,0.6057529148855784,0.49953602728553775,0.5638386234296611,0.6767215319475088,0.5016232615894675,0.5500861557238392,0.4970063285350206,0.5613917220275637,0.6816518184356926,0.6169310464833241
836,0.6074046635395473,0.49880439678446165,0.563516607435013,0.6774672282608715,0.5010732690448629,0.5500979249678271,0.49737892960371893,0.5609659339296804,0.6826663209109924,0.6149332241553823
837,0.6090749205312473,0.49816146233581876,0.5631465697444528,0.6781097008775486,0.5006184948106813,0.5500629015851968,0.4978072692317029,0.5605368518221294,0.6836280100032714,0.6128838530200308
838,0.6092735134270276,0.5037827155771794,0.5485511570505073,0.6769653893484028,0.5025966165445842,0.5488733424064407,0.5063709677706496,0.5505772507081773,0.6934559706960274,0.6068470167915376
839,0.6109333804169731,0.5045052814418316,0.547817476277614,0.6762506677023857,0.5028477430039745,0.5483675938221158,0.5074101430408393,0.5500921418163429,0.6934912362530976,0.6042221020635674
840,0.6125737950255862,0.5053168604155902,0.5470435007221391,0.6754580688341582,0.5031920530556635,0.5478185734151149,0.5084933710189599,0.5496126838203587,0.693470137785426,0.6015927115018199
841,0.6141919824668644,0.5062168540257289,0.5462304063421534,0.6745909421718134,0.5036286440273698,0.5472273644263392,0.5096189076624328,0.5491397112511753,0.6933926459268722,0.5989622440743383
842,0.6157852173504066,0.5072044679376978,0.5453794692701551,0.6736527589779358,0.504156483459727,0.5465951409590231,0.5107849642087132,0.5486740907149034,0.6932587499823424,0.5963341075837203
843,0.6173508269208013,0.5082787121011797,0.5444920614370113,0.6726470989664056,0.5047744107187117,0.5459231684433065,0.5119897106106494,0.5482167194693145,0.6930684570610736,0.593711710107682
844,0.6188861941220694,0.5094384014491372,0.5435696459196306,0.6715776364712835,0.505481138735824,0.5452128039440578,0.513231278906019,0.5477685237941123,0.6928217913267718,0.5910984514110523
845,0.6203887604926114,0.5106821571583962,0.5426137720414759,0.6704481262280607,0.5062752558767736,0.5444654962980026,0.5145077665126264,0.5473304571570765,0.6925187933694831,0.588497714363108
846,0.6218560288965156,0.5120084084784288,0.5416260702561815,0.6692623888299585,0.5071552279398848,0.5436827860668643,0.5158172394414343,0.5469034981792236,0.6921595197032397,0.5859128563939255
847,0.6232855660973483,0.513415395133035,0.540608246845511,0.6680242959239864,0.5081194002858473,0.542866305293946,0.5171577354213347,0.546488648403194,0.6917440423926479,0.5833472010230132
848,0.6246750051807909,0.5149011702975801,0.5395620784636129,0.6667377552132032,0.5091660001007907,0.5420177770523559,0.5185272669302622,0.5460869298700913,0.6912724488106966,0.5808040294929141
849,0.6260220478326123,0.5164636041523696,0.5384894065601171,0.6654066953329896,0.5102931387949423,0.5411390147739472,0.5199238241285009,0.5456993825110521,0.6907448415291771,0.5782865725397713
850,0.6273244664785864,0.5181003880106184,0.5373921317149318,0.6640350506701882,0.5114988145393772,0.5402319213489459,0.5213453776911449,0.5453270613608467,0.6901613383422148,0.5757980023319836
851,0.6285801062929395,0.5198090390172846,0.5362722079177338,0.6626267461946311,0.5127809149434984,0.5392984879872015,0.5227898815377762,0.5449710336018,0.6895220724225131,0.5733414246070964
852,0.6297868870818925,0.5215869054128701,0.535131636825071,0.6611856823728659,0.5141372198759973,0.5383407928330071,0.5242552754585148,0.5446323754473079,0.688827192609031,0.5709198710359501
853,0.6309428050487524,0.5234311723540412,0.5339724620276701,0.6597157202338559,0.5155654044320161,0.537360999326479,0.5257394876366397,0.5443121688751759,0.6880768638239471,0.568536291841876
854,0.6320459344468322,0.5253388682807214,0.5327967633600584,0.6582206666559768,0.5170630420491967,0.5363613543055686,0.5272404370690039,0.5440114982218992,0.6872712676158924,0.5661935487013552
855,0.6330944291262726,0.5273068718170605,0.5316066512838612,0.6567042599438345,0.518627607775106,0.5353441858438813,0.528756035886423,0.5437314466498916,0.6864106028256224,0.5638944079511151
856,0.6272196508728756,0.5428365463653697,0.5293004333790053,0.6495324714798014,0.5251747063178518,0.5295018150593201,0.5379776485592574,0.5335590194887556,0.6797285168802493,0.5622639448908026
857,0.6278834726056264,0.5451635137714222,0.5282855665103086,0.6479297901826985,0.5269159969141717,0.5284304458165948,0.5395321146529596,0.5333823856079206,0.6784367955820563,0.5603835697806137
858,0.6284828206755465,0.547516053600158,0.5272764932797487,0.6463389405924014,0.5287064378000749,0.5273586628338071,0.5410861177579774,0.5332325878019997,0.677094911486613,0.5585670376747315
859,0.6290167627176655,0.5498900368384665,0.526275034896914,0.6447626660758236,0.5305429979993886,0.5262892964785532,0.5426376172174787,0.5331103183555455,0.6757033276589006,0.556815971105462
860,0.6294844526399467,0.5522812800855056,0.5252829779522008,0.6432035007015878,0.5324225796030411,0.5252252261918564,0.5441845849237323,0.5330162375797894,0.674262525320734,0.5551318428648649
861,0.6298851308904887,0.5546855571012618,0.5243020724293668,0.6416637614075026,0.5343420221206716,0.5241693757798925,0.5457250068881335,0.5329509707787812,0.6727730052932396,0.5535159739074821
862,0.6316172385014083,0.5578835369715037,0.522113125196704,0.6391430250441333,0.5377626940340481,0.5226440525487922,0.547879409163958,0.5340762605385891,0.6705691799874653,0.5500869786150233
863,0.6318479159548245,0.5602987162992459,0.5211424978889468,0.6376625803428052,0.5397875874212302,0.521622269227927,0.5493970630464544,0.5340914190086098,0.6689668449526028,0.5486342639532894
864,0.6320094271442291,0.562712732383387,0.5201886485913704,0.6362069005301607,0.5418403004234327,0.5206195048856471,0.5509012669038995,0.5341373549741814,0.6673174371678307,0.547253029426796
865,0.6321013814941395,0.5651213169718479,0.519253200473041,0.6347772529797643,0.5439174328126618,0.5196388256437313,0.5523900836680946,0.5342145225462248,0.6656215592566345,0.5459439151731502
866,0.6321234759643345,0.5675202251800339,0.5183377382328626,0.6333746675059054,0.5460155500223508,0.5186833120131623,0.553861598145196,0.5343233243668437,0.6638798435057527,0.5447074073279536
867,0.6320754950435341,0.5699052479372229,0.5174438086088028,0.6319999356370753,0.5481311886444726,0.5177560528314663,0.5553139184413936,0.5344641089187923,0.6620929535890397,0.5435438390009025
868,0.6331432766287084,0.5729824880050028,0.5152854238834247,0.6296490491378443,0.5519637424499108,0.5164728742964272,0.5572390175294933,0.53599672921873,0.6593675030394389,0.5407904783068194
869,0.6329215101916899,0.5753151444877277,0.5144283553977419,0.6283455614798222,0.554124116832682,0.5156304807735252,0.558638275261597,0.5362240799575176,0.6574758634572169,0.5397964326319962
870,0.6326293331582427,0.5776204095043439,0.513597999593282,0.6270698787654096,0.556289081431793,0.5148274112126612,0.56001198992473,0.5364842841227563,0.6555414087479841,0.5388752300448892
871,0.632266898540658,0.5798943847995,0.5127958026405515,0.6258217478156067,0.5584551058556195,0.5140667191564636,0.5613583850775692,0.5367774368197088,0.6535649634814944,0.5380265544515153
872,0.631834446514656,0.5821332741053425,0.5120231821951164,0.624600696184907,0.5606186645323525,0.513351430361257,0.5626757153452518,0.5371035657689778,0.6515473936194873,0.5372499502116902
873,0.6313323040874977,0.5843333946694006,0.5112815297050878,0.6234060383704375,0.562776242848274,0.5126845359169087,0.5639622680109205,0.5374626295371239,0.6494896079615283,0.5365448257433291
874,0.5990919367573453,0.6092615256147632,0.5269328375386212,0.6193001511009344,0.5683575132982327,0.507938387204466,0.5794636756780025,0.5195099131671415,0.6261235776142275,0.5535970511733218
875,0.5979361606887955,0.6107394597167204,0.5268856552631273,0.6184018181972578,0.5700807656040022,0.507885931132631,0.580231828968805,0.5200830150920966,0.6236969381437386,0.5538567075043074
876,0.5967297190932666,0.6121393391351663,0.5268691324739192,0.6175231904418806,0.5717725426038821,0.5079061183033848,0.5809524617221702,0.5206809093866294,0.6212475675339202,0.5541703635712577
877,0.595474190610621,0.6134598979367872,0.5268837015222934,0.6166612586112713,0.5734298727347409,0.5080008824295423,0.5816246251691287,0.5213025184089083,0.6187769202290897,0.5545358869090625
878,0.5941712101284274,0.6147001006596139,0.5269298476943667,0.6158129186104246,0.5750498509046402,0.5081720413421691,0.5822474287070594,0.5219467135773234,0.6162864888460622,0.5549510855860655
879,0.5928224665088813,0.6158591459502734,0.527008114783255,0.6149749891883575,0.5766296440609922,0.5084212916026205,0.5828200412011179,0.522612317418694,0.6137778040775265,0.5554137152702057
880,0.5914297002372385,0.6169364694299189,0.5271191101856133,0.6141442298266704,0.5781664965957412,0.5087502033073886,0.5833416922632273,0.5232981057659624,0.6112524344549305,0.5559214862754742
881,0.5899947009924792,0.6179317457697312,0.5272635094721022,0.6133173587102966,0.5796577355652062,0.509160215101195,0.5838116735028501,0.5240028100989246,0.6087119859672246,0.5564720705632894
882,0.5885193051412373,0.6188448899596453,0.5274420603839681,0.6124910706899205,0.5811007757029236,0.5096526294134968,0.5842293397433652,0.5247251200209293,0.6061581015324925,0.5570631086741624
883,0.5870053931563671,0.6196760577568216,0.5276555862108949,0.6116620551463561,0.582493124204724,0.5102286079332534,0.5845941101975541,0.5254636858639014,0.6035924603202273,0.5576922165659052
884,0.5854548869618661,0.6204256453033603,0.5279049885086041,0.6108270136685202,0.5838323852662917,0.510889167336484,0.5849054695953996,0.5262171214134813,0.6010167769226952,0.5583569923355731
885,0.5838697472062121,0.6210942879058073,0.52819124911826,0.6099826774584125,0.5851162643546347,0.511635175280773,0.5851629692571817,0.5269840067455679,0.5984328003745781,0.5590550228033807
886,0.5822519704665321,0.6216828579721463,0.5285154314536589,0.6091258243787925,0.5863425721962087,0.5124673466805088,0.5853662281046832,0.5277628911650604,0.5958423130207806,0.5597838899379345
887,0.5806035863863725,0.6221924621051763,0.5288786810263373,0.6082532955619374,0.5875092284658681,0.5133862402762228,0.5855149336032163,0.5285522962371707,0.5932471292330121,0.5605411771032981
888,0.5789266547501842,0.6226244373544233,0.5292822251831626,0.6073620115010228,0.5886142651623972,0.514392255510968,0.5856088426271253,0.52935071890128,0.5906490939764624,0.5613244751096484
889,0.5772232624980034,0.6229803466320515,0.5297273720356107,0.6064489875492161,0.5896558296580375,0.5154856297262113,0.5856477822414613,0.5301566346569656,0.5880500812285883,0.5621313880505738
890,0.5754955206841221,0.6232619733015398,0.5302155085647783,0.6055113487555032,0.5906321874111957,0.5166664356892119,0.5856316503925806,0.530968500811524,0.5854519922527054,0.5629595389113824
891,0.5737455613839069,0.6234713149512571,0.5307480978912095,0.6045463439705969,0.5915417243333879,0.5179345794633592,0.5855604165005937,0.5317847597780765,0.5828567537297624,0.5638065749341861
892,0.5719755345532265,0.6236105763683786,0.5313266757037659,0.6035513591608977,0.5923829488034016,0.5192897986323722,0.5854341219467899,0.5326038424131325,0.5802663157523105,0.5646701727269146
893,0.5701876048452748,0.6236821617319332,0.5319528458470676,0.6025239298734357,0.5931544933236448,0.5207316608886874,0.58525288044943,0.5334241713823519,0.5776826496853118,0.5655480431048464
894,0.568383948389854,0.6236886660470403,0.5326282750723889,0.6014617527999473,0.5938551158156997,0.5222595629957517,0.5850168783216565,0.5342441645431414,0.5751077458990403,0.5664379356546845
895,0.5665667495404942,0.6236328658456606,0.5333546869623265,0.6003626963937158,0.594483700554164,0.5238727301332776,0.5847263746056444,0.5350622383327024,0.5725436113798857,0.5673376430126649
896,0.5647381975950141,0.6235177091823583,0.5341338550450015,0.5992248104984774,0.5950392587399453,0.525570215633834,0.5843817010775779,0.5358768111501393,0.5699922672254335,0.5682450048496347
897,0.562900483495398,0.6233463049566964,0.5349675951189886,0.5980463349545703,0.5955209287162714,0.5273509011184219,0.5839832621185476,0.5366863067213179,0.5674557460306937,0.5691579115574893
898,0.5610557965130711,0.623121911596895,0.5358577568155781,0.5968257071534778,0.595927975832729,0.5292134970379229,0.5835315344469959,0.5374891574352945,0.5649360891728279,0.5700743076327907
899,0.559206320925866,0.6228479251423256,0.5368062144302854,0.595561568518061,0.5962597919647241,0.531156543626498,0.5830270667089823,0.5382838076412924,0.5624353440021824,0.5709921947548212
900,0.557354232693138,0.6225278667651899,0.5378148570607392,0.5942527698919033,0.596515894697703,0.533178412272172,0.5824704789231311,0.539068716895448,0.5599555609478098,0.5719096345567026
901,0.5555016961356548,0.6221653697744305,0.5388855780931674,0.5928983758274365,0.5966959261874559,0.5352773073089557,0.5818624617778622,0.5398423631468235,0.5574987905460618,0.5728247510895936
902,0.5243044742409443,0.6197334695487432,0.5591262029265768,0.5783548201184014,0.5782364281768626,0.5551157125356435,0.5876083240610583,0.5309575445451878,0.53533948224726,0.5922534158846304
903,0.5227788544611788,0.619041906342772,0.5605169558922494,0.5766988673041182,0.5777403195431352,0.557770977257411,0.5864304281347033,0.5314928341180545,0.5333120874348863,0.5933561905526653
904,0.5212841737937207,0.6183467589244241,0.5619724721357887,0.5750066562066939,0.5771767171389887,0.5604732968006513,0.5852146258183686,0.5320048958992124,0.5313298119472455,0.594439124321961
905,0.5198220364990028,0.6176518075619936,0.5634947650960319,0.5732789875475739,0.5765463539679796,0.563219357347018,0.583962401829916,0.5324927509632552,0.5293944128491931,0.5955009995430801
906,0.5183939789818819,0.6169607640112937,0.5650857516542417,0.5715168457296855,0.5758500664973117,0.5660057459570615,0.582675277534319,0.532955471854658,0.5275076043365386,0.5965406696488099
907,0.5170176989999276,0.6157831781742589,0.5673247552689714,0.569152765459515,0.5758347645911143,0.5703175454968817,0.579668889286649,0.5343432150749629,0.525000981598137,0.5975546948527962
908,0.5156647951747897,0.615122662373628,0.5691225120836974,0.5672997890182739,0.5749742664309081,0.573191877586743,0.5783092808049181,0.5347423506352321,0.5232330976242638,0.5985136355282634
909,0.5143647923598528,0.6140777572791912,0.571802914985501,0.5648588151917143,0.5747406023658481,0.577591577992243,0.5751567518292747,0.5359864747410236,0.520899939780743,0.5994350181874474
910,0.5130937483909874,0.6134697813237618,0.5738191015018719,0.5629225568356073,0.5737214122943779,0.5805302946326706,0.5737345174165178,0.5363170335170521,0.5192604165195827,0.6003074758625815
911,0.5118633922445346,0.6128865050719561,0.5759137996967673,0.5609603165242786,0.5726425725303662,0.583487296087441,0.5722868844291867,0.5366175580704724,0.5176785944937065,0.601152351302026
912,0.5106747637453709,0.6123308318433588,0.5780876638262181,0.5589742468191363,0.5715055715026925,0.5864586753839499,0.5708155561601452,0.536887483230116,0.5161558210886453,0.601968980369224
913,0.5095288228993851,0.6118054972149248,0.5803411280688408,0.5569666154602566,0.5703119751242907,0.5894404907319164,0.5693222522014714,0.5371262990673714,0.5146933809918506,0.6027567575107706
914,0.5084264488581457,0.6113130588651525,0.5826743945543703,0.5549397945007791,0.5690634236356253,0.592428774715363,0.5678087056673743,0.5373335507376077,0.5132924940704598,0.6035151335992207
915,0.5073684390530808,0.6108558870765555,0.5850874222030062,0.5528962492122004,0.5677616284951216,0.5954195436394222,0.5662766604452298,0.537508838194731,0.5119543133648213,0.6042436136990654
916,0.5063555085001791,0.6104361559369608,0.587579916451971,0.5508385268297694,0.5664083693310537,0.5984088070063788,0.5647278684845979,0.5376518157857512,0.5106799232030658,0.6049417547702562
917,0.5053882892757259,0.6100558352777355,0.5901513199420393,0.5487692452066617,0.5650054909680863,0.601392577094272,0.5631640871338668,0.5377621917326759,0.509470337441611,0.6056091633233937
918,0.504467330163077,0.609716683384353,0.5928008042326952,0.5466910814446355,0.5635549005402073,0.6043668786103281,0.5615870765338855,0.5378397275094857,0.5083264978360942,0.6062454930403718
919,0.5035930964699765,0.6094202405119121,0.5955272626100525,0.5446067605674719,0.562058564700231,0.6073277583905058,0.5599985970775863,0.5378842371222695,0.5072492725467816,0.6068504423738822
920,0.5027244825805975,0.6091839106126341,0.6000846728666491,0.5420830440000128,0.5609462159724066,0.6116911984394227,0.5563893576533807,0.5383550415832219,0.5059232202920612,0.6074365451006152
921,0.5019519512473372,0.6090037191760438,0.6030232306450111,0.5399791383787954,0.5593360073967107,0.6146015063017242,0.5547879709266488,0.5383197466624533,0.5050056008912434,0.6079405264742005
922,0.5012266227995681,0.6088702245539263,0.6060322565605661,0.5378785938455249,0.5576869948313585,0.6174849006369777,0.5531812566895449,0.5382508948129063,0.5041570408598123,0.6084124165076069
923,0.5005486095438036,0.6087839460284252,0.6091092455421511,0.5357842611031289,0.5560013752873166,0.6203376421575072,0.5515709539666059,0.5381485187362983,0.5033780660446734,0.608852099605468
924,0.499917943223328,0.6087451635579042,0.6122513962420026,0.5336989786907468,0.554281390993983,0.6231560663307839,0.5499587901294742,0.5380126987909652,0.5026691231315689,0.6092594919160245
925,0.4993345758563743,0.6087539169957205,0.6154556124150972,0.5316255633045868,0.5525293274104828,0.6259365926488321,0.5483464789248236,0.5378435618793133,0.5020305790872523,0.6096345390741632
926,0.49879838072388455,0.6088100062596306,0.6187185056985197,0.5295668005879678,0.5507475113611925,0.6286757337077001,0.5467357186160231,0.5376412803028664,0.5014627207526093,0.6099772140066869
927,0.49830915350276006,0.6089129924557014,0.6220363998019973,0.5275254364306233,0.5489383092901039,0.6313701040636271,0.5451281902425543,0.5374060705936394,0.500965754587004,0.6102875148082223
928,0.4978171371765182,0.6093930894974412,0.6276901319855787,0.52520308327329,0.5473754879753352,0.6352146753636851,0.5414590163763547,0.5372922502024401,0.5004562266456449,0.610587191946914
929,0.4974276971216173,0.6096128792158677,0.6311471380296778,0.5231965793497624,0.5454963852891415,0.637782061041014,0.539876142583653,0.5369794841249336,0.500126764830415,0.6107949532009941
930,0.49708347127045455,0.6098766480843757,0.6346431072604191,0.5212165934810864,0.5435980257379103,0.6402937942564819,0.5383023685366338,0.536634575400366,0.49986833403870345,0.6109705487108109
931,0.49678394698296285,0.6101829393008947,0.6381730801168377,0.5192656401728482,0.5416829229191442,0.6427470471094056,0.5367392887537078,0.5362579203409578,0.49968078302394275,0.6111140811906131
932,0.49652854346598524,0.6105300787659311,0.6417318588811343,0.5173461550863833,0.5397536216042459,0.6451391367916692,0.5351884732965041,0.5358499535495901,0.4995638814851323,0.6112256683497417
933,0.4963166136771981,0.6109161821439697,0.6453140210738738,0.515460490277175,0.5378126966044173,0.6474675322146323,0.5336514667730496,0.5354111468049582,0.49951732076723554,0.6113054413691561
934,0.4961474463325435,0.6113391627919204,0.6489139341092969,0.5136109101035893,0.5358627516669928,0.649729860174059,0.5321297874607055,0.5349420079767204,0.49954071470127503,0.6113535434877336
935,0.49602026801105703,0.611796740526308,0.6525257711587197,0.5117995878048087,0.5339064183834907,0.6519239110243258,0.530624926545936,0.5344430799761989,0.49963360058088124,0.6113701287004261
936,0.4959342453508672,0.6122864511972497,0.6561435281631575,0.5100286027419737,0.5319463550897392,0.6540476438344477,0.529138347477158,0.5339149397476187,0.49979544027170425,0.6113553605696458
937,0.49588848733000646,0.6128056570338475,0.6597610419297407,0.5082999382918144,0.5299852457377082,0.6560991909999242,0.5276714854261323,0.5333581973043188,0.5000256214497499,0.6113094111505623
938,0.4958820476256082,0.6133515577221443,0.6633720092401187,0.5066154803774647,0.5280257987181002,0.6580768622859623,0.5262257468525758,0.5327734948137188,0.5003234589643901,0.6112324600302833
939,0.4959139270449938,0.6139212021736826,0.6669700068931341,0.5049770166167736,0.5260707456124185,0.6599791482794571,0.524802509165967,0.5321615057342349,0.5006881963214922,0.6111246934803098
940,0.4959830760221186,0.6145115009395428,0.6705485125983437,0.5033862360642342,0.5241228398530563,0.6618047232289402,0.5234031204778042,0.5315229340066456,0.501119007281831,0.610986303720942
941,0.5118540147993178,0.6164640131605255,0.68717523973904,0.48258067853656234,0.49061292656616956,0.6789323626208178,0.5332386863839929,0.5231309995751257,0.512287804007683,0.6021626194734527
942,0.6099622195432062,0.5650855158026213,0.6346264038079497,0.5561096132395313,0.5455480801145577,0.6583223129402758,0.5551997533608855,0.5173752934289946,0.5840108094855535,0.5377374456816438
943,0.6100561923093321,0.5621973298532905,0.6338908468232081,0.5576296832737859,0.548417714991298,0.6572107005173173,0.5542200902156719,0.5173962255016145,0.585191243827095,0.537241098454502
944,0.6101147020440338,0.5592919921145842,0.633077564278172,0.5591421185698933,0.5513064890074459,0.656044229824838,0.5532427740966254,0.5174525281280357,0.5863478271126042,0.5367388617825158
945,0.610138741367618,0.5563750423206238,0.6321877075455682,0.56064559297741,0.5542095077880529,0.6548243795210008,0.5522688666790881,0.5175440235387393,0.5874797467461327,0.53623126377175
946,0.6101293324321994,0.5534520924255275,0.6312225491371906,0.562138728963745,0.5571217580800346,0.6535525797734332,0.5512995162274532,0.5176705594759865,0.5885862062343645,0.5357188279371283
947,0.6100875199069545,0.5505288080564441,0.6301834755396032,0.5636200986793742,0.56003812162633,0.6522302081992083,0.5503359509765617,0.517832011170429,0.5896664253757826,0.5352020725416445
948,0.6100143640101593,0.5476108897652736,0.6290719798768012,0.5650882254796532,0.562953389824551,0.6508585864388137,0.5493794720461633,0.5180282830072847,0.5907196404870066,0.5346815099300725
949,0.609910933619368,0.544704054158971,0.6278896544473961,0.5665415859093806,0.5658622791300512,0.6494389773895317,0.5484314459301971,0.5182593098722896,0.5917451046667056,0.534157645859058
950,0.6097782994904865,0.5418140149883981,0.6266381831835405,0.5679786121532392,0.5687594471583817,0.6479725831197036,0.5474932966047367,0.5185250581694415,0.5927420880970916,0.5336309788255591
951,0.6096175276157575,0.5389464642753964,0.6253193340781745,0.5693976949521035,0.5716395094372329,0.6464605434812413,0.546566497300325,0.5188255265043987,0.5937098783826149,0.5331019993956918
952,0.6094296727498171,0.5361070535570873,0.6239349516262538,0.5707971869820455,0.574497056753215,0.6449039354334722,0.5456525619859951,0.5191607460292524,0.5946477809250948,0.5325711895360739
953,0.6092157721319924,0.5333013753253752,0.6224869493244173,0.572175406689594,0.577326673034216,0.6433037730869816,0.5447530366136357,0.5195307804463021,0.5955551193341642,0.5320390219498248
954,0.6089768394318991,0.5305349447382395,0.6209773022720712,0.5735306425735629,0.5801229537036431,0.6416610084715775,0.5438694901723892,0.5199357256703511,0.5964312358715332,0.5315059594194067
955,0.6087138589441792,0.5278131816776501,0.6194080399151553,0.5748611579004799,0.582880524438633,0.6399765330278937,0.5430035056035676,0.520375709150941,0.5972754919272611,0.5309724541584937
956,0.6084277800568804,0.5251413932268828,0.617781238971856,0.5761651958373841,0.5855940602603132,0.6382511798174484,0.5421566706270681,0.5208508888578521,0.5980872685258777,0.5304389471750894
957,0.6081195120165479,0.5225247566375764,0.6160990165773514,0.5774409849825426,0.588258304880475,0.6364857264412702,0.5413305685304705,0.5213614519350376,0.5988659668599089,0.5299058676480679
958,0.6077899190115664,0.5199683028541785,0.6143635236822351,0.5786867452714665,0.590868090225573,0.6346808986524638,0.5405267689719513,0.5219076130300366,0.5996110088480684,0.5293736323193198
959,0.6074398155936782,0.5174769006603999,0.6125769387366657,0.5799006942325302,0.59341835605586,0.6328373746434133,0.5397468188477814,0.5224896123076883,0.6003218377151238,0.5288426449036329
960,0.6070699624558995,0.5150552415089985,0.61074146168949,0.5810810535635108,0.5959041695946756,0.6309557899836402,0.5389922332745619,0.5231077131587354,0.6009979185901954,0.5283132955183958
961,0.6066810625832869,0.5127078250926661,0.6088593083286287,0.5822260559975114,0.5983207450805111,0.6290367431797977,0.5382644867354391,0.5237621996156024,0.6016387391200454,0.527785960135152
962,0.6062737577911947,0.5104389457099784,0.6069327049859561,0.5833339524240265,0.6006634631524701,0.6270808018248087,0.5375650044383872,0.5244533734892607,0.6022438100937161,0.5272610000549655
963,0.6058486256637347,0.5082526794763529,0.6049638836266508,0.5844030192283546,0.6029278899781145,0.625088509298836,0.5368951539331988,0.525181551242652,0.6028126660747197,0.526738761409475
964,0.6054061769032792,0.5061528724257371,0.6029550773397578,0.5854315658102268,0.60510979603157,0.6230603919806481,0.5362562370321806,0.5259470606176191,0.6033448660368457,0.5262195746894334
965,0.60505017877445,0.4993239050158579,0.5939631144337933,0.5927572115365339,0.6120469385391127,0.6151201284933391,0.5344498239120594,0.5273822404645072,0.6070835478971499,0.5215310166285994
966,0.6045591287146915,0.4975739923450132,0.591787157819457,0.5936076314921984,0.6138836294633512,0.6129241537192456,0.5339198461865681,0.5282926388923133,0.6074293762685505,0.5210088286493528
967,0.6040542151014731,0.49592516422010974,0.589583167502369,0.5944076066468317,0.615618362401301,0.6106958528704565,0.5334229249444868,0.5292426026179372,0.6077363669792728,0.5204928699495959
968,0.6035356415233867,0.49437972341034975,0.5873533627004569,0.5951557166750111,0.6172483252437013,0.6084359814773236,0.53295987558761,0.5302323900758612,0.6080042631806577,0.5199833918358001
969,0.6030035331547622,0.49293969108332353,0.5850999449365663,0.5958506286539909,0.6187710246464763,0.6061453336032476,0.5325314145608625,0.531262245756729,0.6082328358291332,0.5194806252451231
970,0.6024579369348799,0.4916068027955897,0.5828250967782023,0.5964911048396421,0.6201842994356025,0.6038247505446052,0.5321381545973106,0.5323323958755743,0.608421884200914,0.5189847805432782
971,0.6018988221854598,0.4903825055651955,0.5805309809739831,0.5970760102113231,0.6214863328773694,0.6014751295531056,0.531780600517358,0.533443043974261,0.6085712363792044,0.5184960473655357
972,0.6013260816599602,0.48926795602602324,0.5782197399709685,0.5976043197346903,0.622675663733786,0.599097432515568,0.5314591456025224,0.5345943664829226,0.6086807497099961,0.5180145945013573
973,0.6007395330163146,0.4882640196589577,0.5758934957941658,0.5980751252920632,0.6237511960269191,0.5966926945251911,0.5311740685608638,0.5357865082654838,0.6087503112226778,0.5175405698229997
974,0.5995422883807113,0.48278899168848083,0.5622727182345505,0.6075363949069167,0.6288284424016521,0.5830685040220347,0.5287806384501279,0.5381743139573955,0.6137140968035015,0.510120159655964
975,0.5989350710929049,0.48234692655745826,0.5598425343534666,0.6076760822499543,0.6293154235700948,0.5805079467225155,0.5286501066618909,0.5395659639666995,0.6135104754676882,0.509658502121491
976,0.5983153548999554,0.4820136104748323,0.5574128571504788,0.6077495082895523,0.6296839711543418,0.5779327307933454,0.5285510232514007,0.5409996926981695,0.6132660824046409,0.509207568104319
977,0.5976826168180946,0.48178790795066534,0.554985791438326,0.6077566204182361,0.6299355472424062,0.575344811596266,0.5284829544180163,0.5424752616578371,0.6129810537034527,0.5087673807110167
978,0.5960677810242798,0.48263379030360587,0.5519944457703372,0.6043045436915133,0.6293719658557395,0.5721166678410711,0.529254485869791,0.5466185890771166,0.6100515089494576,0.5102741335202657
979,0.595371084930634,0.48269378261266566,0.5496112532773639,0.6041435363151846,0.6293162653615556,0.569515310104013,0.5292753552763807,0.5482124706674384,0.609682243086689,0.50987589959274
980,0.5881485875080126,0.48907487796626115,0.4966670376881249,0.6367029836305361,0.6282249873357088,0.5117997029745589,0.520971031024978,0.5559581618371351,0.6271669480874152,0.4811351886784624
981,0.5875324817654003,0.4905815108718021,0.49472611774690395,0.6351272335119311,0.6266380817139292,0.509959752277967,0.5212265800201648,0.5580862392505395,0.6257490768891245,0.4808799526222358
982,0.5831465032376348,0.5018385367387425,0.48034714812696505,0.6405645806467761,0.6241602220252355,0.49760708485631333,0.5198196863647163,0.5616433902353906,0.6267302701478469,0.47638069334037303
983,0.5825506583646325,0.5034894113986307,0.4790224493204553,0.6384552049090144,0.6223841194327948,0.49670179701443734,0.5200007224836625,0.5638770367205631,0.6249471879065203,0.47625752755548206
984,0.5817910997587009,0.5056207808392209,0.4775093413104116,0.6336025672452268,0.6188316409365566,0.495696628747534,0.52041832742322,0.5682857415755919,0.6211650231637099,0.476300008084741
985,0.5811435755387102,0.5072375447496846,0.4764167735601255,0.6313653724918505,0.6170652190096212,0.49504159109404267,0.5205458388944927,0.5705635642056519,0.6193284769394998,0.47620431219968634
986,0.5804790585953395,0.5088376874489156,0.47542160673358114,0.6290832749115894,0.6153165961849247,0.4945019023396435,0.5206523600982342,0.5728522121904073,0.6174668160996986,0.47612054109543284
987,0.5666996433348803,0.5338305506082349,0.4699918090984923,0.6297344538248,0.6185813127994195,0.5034609122903125,0.5206177684998202,0.5751183482488686,0.614441545043274,0.4774773003713716
988,0.56608984730492,0.5349658734506992,0.47043198192191876,0.6269761592488775,0.6172847136827257,0.5048881194740545,0.5204510896334418,0.5772403144317773,0.6121347012591116,0.47762317972841806
989,0.5654686628629497,0.5360509069578274,0.47099047638922337,0.6242020753171025,0.6160469325867154,0.5064249426657514,0.5202577829127032,0.5793504702845298,0.6098156247674964,0.47777192140072944
990,0.5648361198785449,0.5370854020924378,0.47166619449778624,0.6214169758512672,0.6148713990170787,0.508068345529955,0.5200385213500923,0.5814467295262365,0.6074855420004714,0.47792305744284436
991,0.564192272654242,0.5380692377468148,0.4724578106848463,0.6186255135342814,0.6137611123508601,0.5098150025652839,0.519794034983355,0.5835270516238847,0.6051456876006603,0.4780761310958245
992,0.5635372003436738,0.5390024151803536,0.4733637685033731,0.6158322019938022,0.6127186268666996,0.5116613040360345,0.5195251089772895,0.5855894457552133,0.6027973035925196,0.47823069736133383
993,0.5628710072579927,0.5398850521000198,0.474382277957702,0.6130413987932294,0.6117460388411943,0.5136033620544666,0.5192325815892604,0.5876319745864725,0.6004416385329182,0.47838632353766414
994,0.5621938230603181,0.540717376419656,0.47551131354641485,0.610257289421961,0.6108449757881658,0.51563701782145,0.5189173420065741,0.5896527578528912,0.5980799466417398,0.4785425897179212
995,0.5615058028484728,0.541499719735333,0.47674861305728633,0.6074838723710406,0.6100165879075039,0.5177578500278295,0.5185803280645087,0.5916499757305823,0.5957134869132678,0.4786990892506971
996,0.5608071271267193,0.542232510554915,0.47809167715610534,0.6047249453739872,0.6092615417996264,0.5199611844133553,0.5182225238543305,0.5936218719895782,0.5933435222091346,0.47885542916362117
997,0.5600980016677177,0.5429162673207686,0.47953776980780893,0.6019840928858023,0.6085800164906722,0.522242104474411,0.5178449572311483,0.5955667569186718,0.5909713183336759,0.4790112305502822
998,0.5593786572663677,0.5435515912650926,0.48108391956467245,0.5992646748658934,0.6079717018022488,0.5245954633060251,0.5174486972318806,0.5974830100137786,0.5885981430925714,0.47916612892107296
999,0.558649349387642,0.5441391591376804,0.4827269217523006,0.5965698169229687,0.6074357990879816,0.5270158965578525,0.5170348514139773,0.5993690824225606,0.5862252653356763,0.4793197745185861
1000,0.5579103577109722,0.5446797158460813,0.4844633415798691,0.5939024018719804,0.6069710243474187,0.5294978364779742,0.5166045631258441,0.6012234991391823,0.5838539539850265,0.47947183259824927
