time_step,site_0,site_1,site_2,site_3,site_4,site_5,site_6,site_7,site_8,site_9
0,0.0,0.0,0.0,0.0,0.0,1.0,0.0,0.0,0.0,0.0
1,0.0,0.0,0.0,3.628223374058667e-05,0.3035007543999215,0.972631352712528,0.0001830255869499974,0.0,0.0,0.0
2,0.0,4.3610410146620346e-13,3.9786825644366295e-09,0.00014852985947632429,0.31654864685888473,0.9699708463866965,0.000728453724600633,2.0071185995188328e-08,2.2008079343009818e-12,0.0
3,0.0,7.060168942710488e-12,3.636430828349599e-08,0.00034186843057554045,0.3297035115309362,0.9671355725765711,0.0016304203463916765,1.800423102321056e-07,3.512464213149918e-11,0.0
4,6.266328695798796e-16,4.4635257164139196e-11,1.4768068981918332e-07,0.0006214479785177644,0.3429498972996507,0.9641203364104522,0.002882554793102927,7.176925853991918e-07,2.1895747942415434e-10,3.844807927385994e-15
5,8.656852587212074e-15,1.8055832197473663e-10,4.163949981037882e-07,0.0009924331135365936,0.3562723628430462,0.9609200591015176,0.004477999333819105,1.9864818962050395e-06,8.734386483012248e-10,4.6972044332669723e-14
6,5.4252306026886384e-14,1.1459140838493303e-09,9.507563259567948e-07,0.0020170980604130705,0.36965502429226704,0.957521185063659,0.008682945745024219,4.453079350335808e-06,5.436667316395101e-09,2.764371499257105e-13
7,3.4416922618594874e-13,2.3987435424389325e-09,2.088430273755694e-06,0.0026774440519119064,0.3830645351084945,0.9539368410175496,0.011280653598472589,9.525276141601243e-06,1.124366850394365e-08,1.6836616569522756e-12
8,1.2084716632514239e-12,4.867592261506367e-09,3.946804369354315e-06,0.003446088343582159,0.3965013097656902,0.9501532901738153,0.0141940005789827,1.763132050508559e-05,2.249372646648983e-08,5.796968356042262e-12
9,3.3503487635116866e-12,9.40586778628606e-09,6.764677978630725e-06,0.004328056639149169,0.40995031739637977,0.9461662506335718,0.01741404793027495,2.9671535545563165e-05,4.283922458934826e-08,1.5823293858377084e-11
10,8.107113989615463e-12,1.7264835218767772e-08,1.0818366499402382e-05,0.005328331944157124,0.423396699244987,0.9419717376837252,0.02093149501260775,4.66458991313025e-05,7.75228064586947e-08,3.775569572474695e-11
11,1.7854882654460563e-11,3.0202080576367527e-08,1.6423374748906062e-05,0.006451843517991328,0.43682579674264777,0.9375660954174347,0.024736704027746654,6.965047459175313e-05,1.3375481450285605e-07,8.206527240078514e-11
12,3.6589016574530974e-11,5.0604535022891134e-08,2.3936032209305412e-05,0.007703455709695089,0.45022317845839516,0.9329460272567153,0.028819725163112382,9.987367082918496e-05,2.2112321020286421e-07,1.6606834737867781e-10
13,7.09592333446145e-11,1.200159499157581e-07,3.3755085564103354e-05,0.010584284611129443,0.4635672519726409,0.9280239942934205,0.03781193694727172,0.00013859233732611178,5.131874973585346e-07,3.171661122127094e-10
14,1.4538173137743343e-10,1.750466792880858e-07,4.74034120471993e-05,0.01221918796466303,0.47681635252243915,0.9229647596675155,0.04270458840224587,0.00019074011119637853,7.407872922294967e-07,6.403023858794425e-10
15,2.705566122563104e-10,2.523932244071176e-07,6.463953083349607e-05,0.013997137164014616,0.489989488720765,0.9176839382865228,0.04783731014200167,0.00025527257234917534,1.0559707902852094e-06,1.1770664125449604e-09
16,4.719274620777494e-10,3.5912975554756596e-07,8.603552641194408e-05,0.01592248802666292,0.5030734829141285,0.9121800348601219,0.053198940739466946,0.0003338015328667589,1.4845479890653599e-06,2.03016768366333e-09
17,7.850673983312342e-10,5.03946351397267e-07,0.00011221205093206232,0.01799947076484118,0.5160555032919072,0.9064520539756346,0.058778152159362135,0.0004280076041389364,2.0575784922093183e-06,3.3408822225831867e-09
18,1.2587546425748757e-09,6.973824495917917e-07,0.00014383956521183707,0.020232178876939903,0.5289230821784051,0.9004995205863546,0.06456347569265342,0.0005396354158908577,2.8119678660108073e-06,5.299828515063546e-09
19,1.9587283364262422e-09,9.520778400813188e-07,0.00018163950781279747,0.022624558132849654,0.5416641327869236,0.8943224984736526,0.07054332764974003,0.0006704887108954645,3.7910813081888773e-06,8.159821977525774e-09
20,2.97221748900563e-09,1.2830414413326895e-06,0.00022638538770672023,0.025180395684057683,0.5542669644068824,0.887921606592989,0.07670603473374585,0.0008224253229148423,5.045372326554121e-06,1.225102799580035e-08
21,4.413349394020558e-09,1.7079380604041806e-06,0.0002789037960930027,0.0279033093297652,0.5667202960023454,0.8812980332237728,0.08303985901831858,0.0009973520457490445,6.633024091550393e-06,1.7998639915535498e-08
22,6.4295476926170285e-09,2.247393291608002e-06,0.00034007533296036307,0.030796736970624853,0.5790132682076385,0.8744535478530717,0.08953302245764676,0.0011972194015932589,8.62060107802472e-06,2.594331322022471e-08
23,9.20903804997309e-09,2.925316663548438e-06,0.00041083544403146586,0.033863926281910546,0.591135453713067,0.8673905107335796,0.09617373085998943,0.0014240163172412569,1.1083708580552081e-05,3.676458649695342e-08
24,1.2989587313744021e-08,3.7692430930402106e-06,0.0004921751637774032,0.03710792463802346,0.6030768660410505,0.8601118800669184,0.1029501972598507,0.0016797647170137837,1.4107657659745924e-05,5.1307523214995566e-08
25,1.8068609355997868e-08,4.810692662928531e-06,0.0005851417602548721,0.04053156932019997,0.6148279667201932,0.8526212167741548,0.10985066462798423,0.0019665140416213933,1.7788133047000866e-05,7.061280641354743e-08
26,2.4814778145616256e-08,6.085548682414684e-06,0.0006908392775785055,0.0441374780391154,0.6263796708718989,0.8449226868264132,0.11686342786267426,0.002286335702510938,2.2231861521905723e-05,9.595052067587286e-08
27,2.9184525786128556e-07,9.418254860652172e-06,0.003441913207017477,0.04843254589621498,0.780878705259205,0.7123799637217539,0.12280030242619251,0.010155832216652448,3.305062875877638e-05,1.0847855704273693e-06
28,3.277371684036532e-07,1.3665502370331202e-05,0.0037081561704783543,0.05295724294865462,0.7895295844683669,0.7017800685811364,0.12878795682964037,0.010884270431488081,4.6566726552376274e-05,1.2116451260143508e-06
29,3.739597241713492e-07,1.8923229949295294e-05,0.003997352802581211,0.05771016797618593,0.7979050594326306,0.6910725872562693,0.13479576648297104,0.011655736380159947,6.303014435515839e-05,1.3719054164734348e-06
30,4.3241113840488433e-07,2.5296020316342538e-05,0.00431097746220958,0.0626920185093751,0.8060027800478557,0.6802694907675407,0.14081450879737967,0.012471506276338725,8.270531288016722e-05,1.5712986138728694e-06
31,5.053823042539659e-07,3.289760653352076e-05,0.004650567669071999,0.06790314464854795,0.8138207865249246,0.6693831364864675,0.14683515955793464,0.01333282176379315,0.00010587133925553716,1.8166257560945508e-06
32,5.955996197004652e-07,4.185138333471734e-05,0.005017723554991843,0.07334354391018312,0.8213574929027901,0.6584262378724655,0.15284890293647901,0.014240885654851125,0.0001328222140632789,2.115853895999261e-06
33,7.06271675539663e-07,5.2290934180199636e-05,0.00541410715782781,0.07901285684526912,0.8286116698851151,0.6474118327061013,0.15884714066777383,0.015196857757446933,0.00016386699103740885,2.4782182516426685e-06
34,8.411400076135388e-07,6.436057339256871e-05,0.005841441555189484,0.08491036345180385,0.8355824271074787,0.6363532499457036,0.1648215003977213,0.01620185080025903,0.0001993299378079967,2.9143293573086633e-06
35,1.0045341301818453e-06,7.821590267402111e-05,0.00630150983534403,0.09103498040116473,0.8422691949432077,0.6252640753398269,0.17076384321584903,0.017256926465320527,0.00023955065614351105,3.436285207616058e-06
36,1.2014310603923184e-06,9.402438123002347e-05,0.00679615390295225,0.09738525909549794,0.848671705956387,0.6141581159329835,0.17666627038738292,0.018363091537311155,0.00028488417019684187,4.057788367042546e-06
37,1.4375195556805642e-06,0.00011196590866408009,0.007327273117530407,0.10395938457059575,0.8547899761106158,0.6030493636064166,0.1825211293032192,0.019521294178547387,0.0003357009813318678,4.794268008431994e-06
38,1.719269284730949e-06,0.00013223341974270695,0.007896822762811555,0.11075517525595144,0.8606242858414148,0.5919519577992626,0.18832101866887752,0.020732420338460414,0.0003923870881725671,5.663006825893413e-06
39,2.054005154809013e-06,0.00015503349006045183,0.008506812345465879,0.11777008360081996,0.8661751610990664,0.5808801475584241,0.1940587929560692,0.021997290306092095,0.0004553439705894083,6.683272751758328e-06
40,2.4499870223742873e-06,0.00018058695157339107,0.009159303721951046,0.12500119757218073,0.8714433544669759,0.5698482530677024,0.19972756614288287,0.023316655413851157,0.0005249885364159561,7.876455393998e-06
41,2.916495014824172e-06,0.00020912951690426032,0.009856409052582912,0.13244524302750663,0.876429826458388,0.5588706268082764,0.20532071477067856,0.02469119490045251,0.0006017530297688489,9.266207094312679e-06
42,3.4639206899276607e-06,0.00024091241125672575,0.01060028858225905,0.14009858696220368,0.8811357270915556,0.5479616145034435,0.21083188034768283,0.02612151294060981,0.0006860848999257773,1.087858848915838e-05
43,4.103864261847209e-06,0.0002762030107148683,0.011393148247621887,0.14795724162852777,0.8855623778402274,0.5371355160006784,0.21625497113091438,0.027608135848675833,0.0007784466298058752,1.274221844205776e-05
44,4.8492381196683064e-06,0.000315285485639402,0.012237237110818451,0.1560168695196872,0.8897112540525542,0.5264065462434587,0.22158416331946493,0.0291515094630138,0.0008793155231851771,1.4888428196891924e-05
45,5.7143768663455255e-06,0.0003584614478139529,0.013134844620406205,0.16427278920976066,0.8935839679273797,0.5157887964840827,0.22681390169332227,0.030751996717451477,0.0009891834498770484,1.735141958880381e-05
46,6.715154099218819e-06,0.00040605059992958326,0.014088297700352106,0.17271998203698513,0.8971822521322365,0.5052961958867135,0.23193889973281803,0.03240987540570433,0.0011085565481998793,2.0168427128228173e-05
47,7.869106154875762e-06,0.0004583913859410207,0.015099957668495522,0.1813530996149134,0.9005079441423459,0.4949424736672839,0.23695413925445957,0.03412533614417191,0.0012379548841588818,2.337988376159529e-05
48,9.195563032263205e-06,0.0005158416407648973,0.016172216986274027,0.19016647215293603,0.9035629713745527,0.4847411219136439,0.24185486959930896,0.03589848053799737,0.0013779120668664646,2.702959009063648e-05
49,1.0715786710359377e-05,0.0005787792377407113,0.01730749584196459,0.19915411756470627,0.9063493371843747,0.47470535922542856,0.2466366064102579,0.03772931955475987,0.0015289748198382433,3.1164886822793784e-05
50,1.2453117063064933e-05,0.000647602732211974,0.01850823857014524,0.20830975134012647,0.9088691077882748,0.4648480953086149,0.2512951300344937,0.03961777210960672,0.0016917025079014442,3.5836830200736e-05
51,1.4433125574243148e-05,0.0007227319995382522,0.019776909910560945,0.2176267971537491,0.9111244001669919,0.4551818966546924,0.25582648358715576,0.04156366386507839,0.0018666666195695347,4.110037014946155e-05
52,1.6683777044792933e-05,0.0008046088657934851,0.021115991110056832,0.22709839817974686,0.9131173709991163,0.44571895342873813,0.2602269707116869,0.043566726248289514,0.002054450204845544,4.701453085975045e-05
53,1.9235599477046083e-05,0.000893697729357899,0.022527975871737396,0.2367174290810098,0.9148502066674103,0.43647104768453576,0.2644931530716516,0.04562659568754096,0.0022556472685327333,5.3642593512654854e-05
54,2.2121862312361128e-05,0.000990486171563078,0.024015366156011908,0.24647650863746187,0.9163251143733545,0.4274495230183,0.2686218476078877,0.04774281306982924,0.00247086211924716,6.105228083406717e-05
55,2.53787631866031e-05,0.0010954855545033063,0.02558066783869352,0.2563680129763508,0.9175443143883725,0.41866525576546665,0.2726101235937229,0.04991482342011312,0.0027007086744434425,6.93159431523112e-05
56,2.9045623359941828e-05,0.0012092316040862054,0.027226386231839386,0.2663840893650845,0.9185100334629939,0.4101286278375757,0.2764552995197224,0.05214197580257727,0.002945809721886944,7.851074561990786e-05
57,3.3165091962023295e-05,0.0013322849763519158,0.0289550214735324,0.27651667052515516,0.9192244994080294,0.4018495012884119,0.2801549398379397,0.05442352344351593,0.003206796138122627,8.871885624318857e-05
58,3.808126677005797e-05,0.0016043270320326335,0.030768956975019638,0.29712448256518614,0.9177345461133961,0.3931767305483843,0.28730160524553916,0.0567580991005697,0.0037728784704315842,0.00010013034910734864
59,4.350268881364745e-05,0.0017541820319071173,0.03270845807585624,0.30755516522799653,0.9178046040478969,0.38556332710307617,0.2906772778023047,0.05915984328326941,0.004078812567948101,0.00011315632164133375
60,4.955931419775479e-05,0.001915443674324717,0.03474031361258032,0.3180690488323427,0.9176288535289079,0.37823500391303616,0.29390038460097256,0.06161346096663712,0.004402756006735653,0.00012753639996069058
61,5.631169343331407e-05,0.002088790252833219,0.036866971805724236,0.3286572694460762,0.9172095302875617,0.3711990444622267,0.2969695193147377,0.06411781384818413,0.004745361515205529,0.00014337815973164593
62,6.382498295679946e-05,0.0022749278974626267,0.03909084717560164,0.3393108403427146,0.9165488693790474,0.36446211068051987,0.299883502255388,0.06667167133652484,0.005107285169683959,0.0001607951829969486
63,7.216920922400996e-05,0.0024745909924504153,0.041414315199401495,0.3500206685788641,0.9156491071779795,0.35803023021561486,0.30264137675526553,0.06927371200884556,0.005489185371783173,0.00017990724076001526
64,8.141954224424648e-05,0.0026885425611053127,0.04383970690128653,0.3607775717195154,0.9145124844020625,0.35190878581730783,0.30524240557589466,0.07192252527035327,0.005891721790327912,0.00020084047342050826
65,9.165657855643353e-05,0.0029175746155934825,0.04636930338618199,0.37157229466019054,0.9131412501201152,0.3461025068486268,0.3076860673567332,0.07461661321048337,0.006315554269375707,0.0002237275686166497
66,0.00010296663362671341,0.0031625084694226887,0.04900533032839995,0.3823955264948586,0.9115376666947457,0.3406154629292326,0.3099720531151858,0.07735439265013662,0.006761341703985572,0.00024870793602142115
67,0.00011544204362395053,0.0034241950103955005,0.05174995242668815,0.39323791737865177,0.9097040156045811,0.33545105970748645,0.312100262806718,0.0801341973737208,0.007229740885505121,0.00027592787863244884
68,0.00012918147650544556,0.0037035149318032,0.05460526783770702,0.40409009533480367,0.9076426040858295,0.33061203674870493,0.31407080195161,0.08295428053930544,0.007721405318257983,0.0003055407600888806
69,0.00014429025232020552,0.004001378919636703,0.05757330260033788,0.4149426829557876,0.9053557725282586,0.32610046751845523,0.31588397833263276,0.08581281725976664,0.00823698400962418,0.00033770716754319055
70,0.00016088067260955385,0.004318727793599395,0.06065600506358922,0.425786313949427,0.9028459025563861,0.32191776143123585,0.31754029876567846,0.08870790734738582,0.008777120235610805,0.00037259506960978867
71,0.00017907235876075023,0.0046565325997243315,0.0638552403312124,0.4366116494817532,0.9001154257227366,0.3180646679267065,0.31904046594324553,0.09163757821399701,0.009342450284117575,0.0004103799689116838
72,0.00019899259913704306,0.005015794652413954,0.06717278473644003,0.44740939426958987,0.8971668327366291,0.3145412825276888,0.3203853753485546,0.09459978791843514,0.009933602178196797,0.00045124504873964255
73,0.00022077670478112075,0.005397545523748543,0.0706103203605396,0.45817031237724043,0.8940026831489184,0.3113470548265753,0.3215761122360859,0.09759242835272924,0.010551194381706354,0.000495381313339245
74,0.0002445683734575849,0.005802846977938808,0.07416942960910969,0.4688852426732584,0.890625615410577,0.3084807983395492,0.3226139486724043,0.1006133285582184,0.011195834489843312,0.0005429877213392981
75,0.00027052006176899737,0.00623279084883468,0.07785158986024794,0.4795451139050517,0.8870383572210053,0.3059407021611798,0.3235003406293588,0.10366025816253142,0.011868117907132915,0.0005942713118353734
76,0.0002987933650478669,0.006688498858444109,0.08165816819887682,0.4901409593510336,0.8832437360803265,0.3037243443455427,0.32423692512005886,0.10673093092817708,0.012568626515528168,0.0006494473226433928
77,0.00032955940469381643,0.0071711223744641605,0.08559041625163752,0.5006639310121348,0.8792446899589069,0.30182870693402813,0.32482551736649357,0.10982300840333464,0.013297927335350615,0.0007087393002403855
78,0.0003629992225911008,0.007681842104880273,0.08964946513682646,0.5111053133067807,0.8750442779967317,0.3002501925445142,0.32526810798627115,0.11293410366531327,0.01405657118187264,0.0007723792009127016
79,0.00039930418220722783,0.008221867727751353,0.09383632054388563,0.5214565362358448,0.8706456911452146,0.298984642431541,0.325566860184691,0.11606178514706944,0.014845091320404789,0.0008406074826367947
80,0.00043867637593624176,0.00879243745436306,0.09815185795693322,0.5317091879866139,0.8660522626644023,0.2980273559226355,0.32572410693729953,0.11920358053712556,0.015664002122807504,0.0009136731872215301
81,0.00048132903821613085,0.009394817524008538,0.10259681803675812,0.5418550269474942,0.8612674783894871,0.297373111131927,0.3257423481471288,0.12235698074323212,0.016513797728398318,0.0009918340122499248
82,0.0005274869639102118,0.010030301628733267,0.10717180217558,0.551885993107919,0.856294986681874,0.2970161868487501,0.3256242477600931,0.12551944391014344,0.01739495071226664,0.0010753563723634027
83,0.0005773869314049287,0.01070021026646881,0.11187726823871313,0.5617942188207914,0.8511386079819572,0.29695038549599806,0.3253726308213968,0.12868839948194566,0.018307910764043367,0.001164515449440908
84,0.0006312781298391749,0.011405890021075695,0.11671352650705324,0.5715720389077013,0.8458023438830324,0.29716905705064345,0.3249904804554452,0.13186125229948167,0.01925310338020237,0.001259595231236295
85,0.0006894225898385976,0.012148712767914623,0.12168073583403337,0.5812120000901595,0.8402903856485666,0.29766512381700394,0.3244809347514811,0.13503538672355347,0.020230928572987788,0.0013608885380459255
86,0.0007520956170899933,0.012930074803674663,0.12677890003037395,0.5907068697331102,0.8346071220982056,0.2984311059420657,0.3238472835371312,0.13820817077474745,0.021241759599074792,0.001468697036991827
87,0.0008195862280497533,0.013751395899302224,0.1320078644895788,0.6000496438900379,0.8287571467915155,0.29945914756146474,0.3230929650221711,0.14137696028093777,0.022285941711073558,0.0015833312435181014
88,0.0008921975870394506,0.014614118274996962,0.13736731306670216,0.6092335546420617,0.8227452644424095,0.3007410434645353,0.32222156229510196,0.14453910302374784,0.023363790934981688,0.0017051105097123194
89,0.0009702474439400849,0.015519705496370145,0.14285676522242663,0.6182520767264785,0.8165764965015593,0.30226826616718605,0.32123679965559454,0.1476919428755047,0.024475592876676222,0.0018343629990785766
90,0.001054068571655486,0.016469641290998663,0.14847557344398052,0.6270989334532396,0.8102560858487721,0.30403199328225816,0.3201425387665217,0.15083282391851013,0.025621601560515017,0.0019714256474057086
91,0.0011440092024710853,0.017465428284749705,0.15422292095381707,0.6357681019109553,0.8037895005422697,0.30602313507836915,0.3189427746099468,0.15395909453875414,0.026802038303083205,0.0021166441093890325
92,0.0012404334623957105,0.018508586657405193,0.16009781971638,0.6442538174667788,0.797182436577097,0.30823236212015775,0.31764163123267775,0.15706811148652086,0.028017090625085,0.002270372690685928
93,0.0013437218025279239,0.019600652717269594,0.16609910875258427,0.6525505775676964,0.7904408196103727,0.3106501328851706,0.3162433572677135,0.1601572438966851,0.02926691120432801,0.0024329742651009213
94,0.001454271426448264,0.020743177394611748,0.17222545277092693,0.660653144853355,0.7835708056168373,0.3132667212554443,0.3147523212193974,0.16322387726185655,0.030551616872692648,0.002604820176618454
95,0.0015724967125955824,0.021937724653961183,0.1784753411233789,0.6685565495934139,0.7765787804440738,0.3160722437850627,0.3131730065013386,0.1662654173519025,0.03187128765991133,0.0027862901260218113
96,0.0016988296305435649,0.023185869825458075,0.1848470870934039,0.6762560914649595,0.7694713582428166,0.31905668664861964,0.3115100062176618,0.16927929407376296,0.0332259658869085,0.002977772041859054
97,0.001833720150051562,0.024489197855640046,0.19133882752260037,0.6837473406880835,0.7622553787539929,0.32220993217952226,0.30976801767970713,0.17226296526586818,0.03461565531136807,0.003179661935539775
98,0.0019776366417222457,0.025849301478238183,0.19794852278158742,0.6910261385400541,0.7549379034403739,0.3255217849114399,0.30795183665197723,0.17521392042186024,0.03604032032810475,0.003392363740370581
99,0.002131066268057457,0.027267779305752287,0.20467395708983277,0.6980885972707865,0.7475262104570667,0.3289819970409135,0.3060663513229077,0.17812968433872486,0.03749988522671434,0.0036162891343621637
100,0.0022945153636631473,0.028746233842774714,0.21151273918818467,0.704931099444349,0.7400277884613977,0.33258029323408755,0.3041165359978218,0.18100782068484356,0.03899423350887212,0.003851857346666515
101,0.002468509803314541,0.030286269422240004,0.2184623033668861,0.7115502967332101,0.7324503292690856,0.33630639470579976,0.3021074445133634,0.18384593548386427,0.0405232072675329,0.004099494947529835
102,0.0026535953565536546,0.03188949006598838,0.2255199108508593,0.7179431081936228,0.7248017193698414,0.34015004250471076,0.30004420337460036,0.18664168051069333,0.04208660663016267,0.004359635621673849
103,0.002850338027453655,0.03355749727124624,0.23268265154302836,0.7241067180521633,0.7170900303217635,0.34410101994381886,0.29793200461796965,0.1893927565962888,0.043684189268005914,0.004632719925047056
104,0.003059324378147506,0.035291887724846586,0.2399474461254149,0.7300385730347614,0.7093235080499188,0.34814917412153307,0.29577609840521907,0.19209691683831637,0.04531566997325246,0.004919195024916272
105,0.004134785235281584,0.03720796956977677,0.2774318476432743,0.7304961068452136,0.6974185876504501,0.3680445160881612,0.2922229206274474,0.2054111374382453,0.04701543893932463,0.006445973588676059
106,0.004399543133653735,0.03919485765094114,0.2850782888645115,0.7354686577885056,0.6897217583725264,0.3725347670508946,0.2898991874254158,0.20795719599867657,0.048750127844971784,0.006793520941683337
107,0.004679587405666493,0.04125791882589451,0.2928012202882708,0.7402037127305905,0.6820062437018594,0.3770734610111094,0.28756138049408037,0.21044312778293392,0.05051832472891403,0.007156448754732643
108,0.004975627445617165,0.04339869970400905,0.30059659351968193,0.7447000727251809,0.6742806671581563,0.38165116123424264,0.2852150949504485,0.21286699617889793,0.05231951514977264,0.007535229155948606
109,0.005288395178478704,0.04561872179614277,0.30846022685740077,0.7489567779013131,0.6665537354995086,0.3862586195668683,0.28286592465741883,0.2152269391854478,0.05415313867179739,0.007930339044992662
110,0.005618645208486891,0.04791947866712207,0.31638781014564243,0.7529731030401723,0.658834221901087,0.3908867894967601,0.2805194527128122,0.21752117183979627,0.056018588973318045,0.008342259718405217
111,0.0059671549370393425,0.05030243304642131,0.3243749099068951,0.7567485529738789,0.6511309484748271,0.39552683806023703,0.2781812417926943,0.2197479885369633,0.05791521403710376,0.008771476478756784
112,0.012587799730809372,0.05317084198815645,0.4619520636554795,0.7214303491462857,0.6193689153783167,0.47069771442532343,0.271353296685787,0.25381401826827027,0.0598361171874722,0.01704911175451074
113,0.013112990122266993,0.05612106282685452,0.4697723776709012,0.7224927115179215,0.6127558422387707,0.4754321926943434,0.26928277398285083,0.2554300242978762,0.061810501602868405,0.017644398461964823
114,0.013664987084858223,0.059178719606014105,0.4775739321872122,0.7233399035645183,0.6062230280656704,0.48009732377295367,0.26729156340335514,0.25695459267828996,0.06381419899215847,0.018260561703053083
115,0.014244754152360633,0.062344809673635176,0.4853518272821891,0.7239739227334846,0.5997775162320627,0.48468741913582036,0.26538475830218805,0.2583868542310768,0.06584620574692543,0.01889805061079004
116,0.014853277901495059,0.06562024727373038,0.49310115856337455,0.7243969582358036,0.5934262057145743,0.48919706471319413,0.26356729028227766,0.2597260477923849,0.06790547199213592,0.019557314441049786
117,0.015491567567546398,0.06900586036145648,0.5008170234589066,0.7246113869832409,0.5871758347461598,0.49362111859546004,0.2618439189922497,0.2609715213065071,0.06999090266093136,0.020238802078926733
118,0.016160654602931424,0.07250238748522493,0.508494527480311,0.7246197695075276,0.5810329648045776,0.497954708074682,0.2602192222559469,0.26212273283405707,0.0721013586588251,0.020942961533591178
119,0.016861592177223866,0.07611047474346799,0.5161287904433716,0.7244248458673915,0.575003965002204,0.5021932260822064,0.25869758656983,0.26317925147574567,0.07423565811547758,0.021670239422323694
120,0.017595454617212455,0.07983067282375048,0.5237149526334471,0.7240295315480542,0.5690949969407514,0.5063323270821352,0.25728319800313487,0.26414075821239547,0.07639257772203166,0.02242108044445476
121,0.018363336785640727,0.08366343413190382,0.5312481809019651,0.7234369133564929,0.5633120000920006,0.5103679224808905,0.25598003353436927,0.2650070466615134,0.07857085415181327,0.023195926845980375
122,0.03240134282042203,0.08775627703626705,0.6560095960222675,0.6530168503698152,0.5296282792044361,0.5713625590282224,0.25412579317132633,0.2745386713712218,0.0804357512963497,0.03721204932096446
123,0.03339998406919608,0.09197919009012466,0.6618431059271708,0.650290982872815,0.5257392896389369,0.5742457544467179,0.25403988803362976,0.27454965195354347,0.08241942146829527,0.03813097672119059
124,0.03444343967315914,0.09633295325002475,0.6675698883298041,0.6474513914168966,0.5220008031183483,0.5769975054992729,0.2541086915986289,0.27446052488529865,0.08441742775365305,0.039075880130335174
125,0.03553280478369889,0.1008169115120389,0.673186724079019,0.644503438102712,0.5184146278704768,0.5796165729715823,0.2543334443003811,0.2742721521114129,0.08642837993540543,0.04004705269850784
126,0.03666918566693846,0.10543026510757383,0.6786904824539762,0.6414525869884875,0.5149822792302103,0.5821018775722321,0.25471509291828154,0.2739855159389602,0.08845086153643579,0.04104478119220962
127,0.03785369839643032,0.11017206837121224,0.6840781230611536,0.6383043977491955,0.5117049779620934,0.5844524940143492,0.2552542897904702,0.27360171893112695,0.0904834318536521,0.04206934554745773
128,0.0390874674749711,0.11504122883874843,0.6893466975651498,0.6350645191883274,0.5085836494264333,0.5866676453878444,0.2559513927941555,0.2731219837086047,0.0925246280488388,0.043121018426245626
129,0.0403716243860191,0.12003650658067831,0.6944933512581596,0.631738682601306,0.5056189235852846,0.588746697847423,0.25680646609114494,0.2725476526533325,0.09457296729264716,0.044200064777459795
130,0.04170730607538352,0.1251565137759071,0.6995153244736435,0.6283326949900546,0.5028111358411077,0.5906891556377132,0.2578192816337312,0.2718801875091733,0.09662694895807225,0.045306741403402864
131,0.043095653364049656,0.13039971452991544,0.704409953850393,0.6248524321288771,0.5001603286974791,0.5924946564730659,0.2589893214230074,0.27112116887382404,0.09868505685971589,0.04644129653309623
132,0.044537809293206346,0.13576442494107158,0.7091746734538069,0.621303831482433,0.4976662542279152,0.5941629672857176,0.2603157805086469,0.27027229557601995,0.10074576153509006,0.047603969403560924
133,0.04603491740274596,0.14124881341823073,0.7138070157617157,0.6176928849772981,0.4953283773356426,0.5956939803521764,0.2617975707161968,0.2693353839318844,0.10280752256419094,0.04879498985029438
134,0.04758811994472225,0.14685090125216727,0.7183046125226644,0.6140256316294183,0.49314587978413477,0.5970877098039028,0.26343332508506945,0.2683123668741507,0.10486879092355232,0.05001457790818188
135,0.049198556033463646,0.15256856344280859,0.7226651954949873,0.6103081500305502,0.4911176649752582,0.5983442885246131,0.26522140299757846,0.26720529294784895,0.10692801137098287,0.051262943424096936
136,0.05086735973426414,0.15839952978361957,0.726886597075411,0.6065465506976854,0.4892423634491984,0.5994639654328606,0.267159895976724,0.2660163251660513,0.10898362485719175,0.05254028568245945
137,0.0525956580927955,0.16434138620387995,0.730966750826304,0.6027469682903703,0.4875183390777086,0.6004471031450223,0.26924663412782934,0.26474773971924603,0.11103407096052027,0.053846793045032454
138,0.05592662153650295,0.17037003678554868,0.7393206664426593,0.5945464324680421,0.4852573749131984,0.6024497329525447,0.27174458962132153,0.26215474566685976,0.11303998579917972,0.056294131262593285
139,0.05779329804006889,0.1765181831379071,0.7430076150077003,0.590682874614755,0.48392073242666656,0.6030898687491077,0.27417953372435105,0.2607083749586518,0.11504742386527236,0.0576642746012908
140,0.05972307431288837,0.18276937334288168,0.7465474996581293,0.5868053849312646,0.4827265406512376,0.6035958491130972,0.27675400106781983,0.2591906837459179,0.11704480488298366,0.05906395809996495
141,0.06171700713414577,0.1891205957309185,0.7499387347821422,0.5829201224535409,0.48167203689561505,0.603968529556342,0.2794647553850754,0.2576044109951227,0.11903060932548573,0.0604933118543064
142,0.06377613496669855,0.1955687049863795,0.7531798353980396,0.5790332230965846,0.4807542390901057,0.6042088716662223,0.2823083432589286,0.25595239914039436,0.12100332929103493,0.06195245362283222
143,0.06590147569481546,0.20211042511380184,0.7562694171916198,0.5751507910943404,0.47996995564928613,0.6043179429152906,0.28528110396771195,0.25423759174068983,0.12296147097986808,0.06344148859918983
144,0.0680940243256329,0.20874235265078223,0.7592061965319957,0.5712788903792692,0.4793157957460973,0.6042969167180843,0.2883791797272879,0.25246303095057077,0.12490355716813174,0.0649605092080534
145,0.07035475065838206,0.21546096012287191,0.7619889904755589,0.5674235359155566,0.47878817995549433,0.6041470727066459,0.29159852628887223,0.2506318548004566,0.12682812967546137,0.06650959492583162
146,0.0726845969256645,0.2222625997352499,0.7646167167675432,0.5635906850009376,0.47838335122527387,0.6038697971945469,0.29493492385164854,0.2487472942827781,0.1287337518229051,0.06808881212738156
147,0.07508447541127028,0.22914350729531432,0.7670883938502497,0.5597862285530143,0.47809738613135067,0.6034665837977163,0.298383988248406,0.24681267024100312,0.1306190108779515,0.06969821395989423
148,0.16120311083281103,0.23136978436808717,0.828327586469058,0.477909712933166,0.49924223535729495,0.5681483475577409,0.3119724021670518,0.17497047953010508,0.13123963569281638,0.1151833627303333
149,0.16409799480887294,0.24204360933228392,0.8266282228445652,0.47809242135433316,0.5002728862164824,0.5642960255097367,0.32083485054371674,0.17314515043429415,0.13258071984040945,0.11705381075929724
150,0.16681467184643517,0.2474475771044062,0.8255625900923511,0.4784589435717266,0.5013125935289787,0.5613355776007498,0.32539114631669597,0.17135882877032174,0.13324395959854665,0.11852561844012033
151,0.1695985249779739,0.25290621814119857,0.8243603433778903,0.47900947713021874,0.5023177437178218,0.5583234108166755,0.3299643146586386,0.16958675850752394,0.13388835389185544,0.12001773135329574
152,0.17244917736656412,0.25841514265806986,0.8230214588534095,0.4797438629275349,0.5032844437181417,0.5552633676257059,0.3345491763888048,0.16783222092440397,0.13451391115985487,0.12152991892651627
153,0.19979765527436907,0.2615981764265979,0.8121927163448751,0.4950813866433766,0.5160670655152249,0.5293008603801665,0.34049183038753933,0.15092749939282174,0.1352945401644203,0.13174436959306762
154,0.20254301304946346,0.2663533654455276,0.8099013249811464,0.4976394341759396,0.5165723050471543,0.5258001378398289,0.34494830926870756,0.1495873624308639,0.13566217382421508,0.13309030807331365
155,0.20534878331195822,0.2711438398967999,0.807475372714171,0.5003755618594447,0.5169998033531069,0.5222893651984782,0.3493818128744572,0.1482852641245569,0.13601731781954995,0.13445301966952877
156,0.20821418288352908,0.27596542882180636,0.8049151434641406,0.5032862356398283,0.5173473303509639,0.5187728146652093,0.35378797589008937,0.14702390991126688,0.13636045968292884,0.1358323363090751
157,0.21113837933289073,0.28081393934983445,0.8022210195346126,0.5063676159954721,0.5176128485135995,0.5152547605043305,0.3581625468866511,0.145805956118615,0.136692131021831,0.13722810648025266
158,0.2141204910360476,0.28568516316018494,0.7993934890307803,0.5096155675327159,0.5177945145178147,0.5117394709031037,0.3625013918788876,0.1446340058724289,0.13701290745459546,0.13864019593603366
159,0.21715958731409157,0.2905748829432104,0.7964331532779753,0.5130256693565342,0.5178906806407086,0.5082311996626914,0.3668004974884911,0.1435106050754422,0.13732340847681984,0.1400684883701103
160,0.2202546886496247,0.29547887884619556,0.7933407342000763,0.5165932261824936,0.517899895915381,0.5047341777439179,0.37105597372136695,0.14243823846596104,0.13762429725698602,0.1415128860623144
161,0.29399300823206964,0.2913800678169479,0.6775206897117068,0.6424492573342705,0.5503223539853674,0.419517142554975,0.3743803942672175,0.1377518683633766,0.14236080623319755,0.15191758585596485
162,0.29578016559697495,0.2933486966544016,0.6721848808068152,0.648759721356364,0.5476522397022693,0.41627715878208243,0.3771499575191762,0.13858122202587253,0.14257666573002784,0.1524925959858226
163,0.29759602802784013,0.2953191680763853,0.6667422640288246,0.6551007460722214,0.5448655367504043,0.41313863587583377,0.37982925069270396,0.1394691310322594,0.14281461653790814,0.1530790223950046
164,0.2994393580845576,0.29728933562301446,0.6611962545768331,0.6614642783983093,0.5419653940108745,0.41010349576867,0.3824170671606142,0.14041546936557533,0.14307577105666675,0.1536771729650093
165,0.30130889363491176,0.29925708342006957,0.6555504735894924,0.6678423204833837,0.5389551772386155,0.4071734450085879,0.38491232549492,0.14142003045619814,0.14336124310881632,0.15428738947665618
166,0.30320334894078876,0.30122032949751376,0.6498087489074668,0.6742269484969489,0.535838467670637,0.4043499719053653,0.3873140677198,0.1424825279256047,0.14367214606849146,0.1549100469599486
167,0.30512141576292756,0.3031770290183848,0.643975115186695,0.680610330918102,0.5326190603953774,0.4016343442977669,0.3896214575052427,0.14360259647894633,0.14400959096446425,0.15554555293439876
168,0.30706176448169004,0.3051251774126353,0.6380538133433131,0.6869847462558742,0.5293009624585545,0.3990276079459242,0.39183377831019556,0.14477979294384638,0.14437468456044988,0.15619434653978526
169,0.3090230452313419,0.3070628134108304,0.6320492893136754,0.6933426001347192,0.5258883906805875,0.39653058555046,0.39395043148333253,0.14601359745249126,0.14476852741606255,0.15685689755765037
170,0.3110038890453059,0.30898802197292674,0.6259661921156374,0.6996764416817203,0.5223857691605716,0.39414387639724907,0.3959709343287703,0.1473034147637557,0.14519221193191156,0.15753370532418376
171,0.31300290900988254,0.31089893710769967,0.6198093712000997,0.7059789791552722,0.5187977264419092,0.39186785662412826,0.3978949181432851,0.14864857572179402,0.14564682038247284,0.1582252975355043
172,0.3150187014239405,0.3127937445787172,0.613583873084699,0.7122430947585314,0.5151290923150793,0.3897026801033381,0.3997221262308041,0.15004833884722601,0.14613342294049084,0.15893222894670098
173,0.3170498469621392,0.3146706844931173,0.6072949372644852,0.718461858584666,0.5113848942336162,0.38764827993103423,0.4014524118991906,0.15150189205676173,0.14665307569679434,0.15965507996636497
174,0.31909491183927013,0.3165280537697571,0.6009479913974946,0.724628541645037,0.5075703533201711,0.38570437051281514,0.4030857364435279,0.15300835450684128,0.14720681867952518,0.16039445514871442
175,0.3211524489734071,0.31836420848369235,0.5945486457661325,0.7307366279356837,0.5036908799406304,0.3838704502319847,0.4046221671194122,0.15456677855660708,0.14779567387688625,0.16115098158578553
176,0.32322099914560176,0.32017756608424697,0.5881026870184309,0.7367798255020327,0.49975206882548623,0.3821458046850732,0.40606187510897906,0.15617615184529626,0.14842064326761897,0.16192530720253742
177,0.3252990921539771,0.3219666074842972,0.5816160711963128,0.7427520764664409,0.4957596937191826,0.38052951046712186,0.4074051334817057,0.1578353994789112,0.1490827068635071,0.16271809895809475
178,0.3273852479601837,0.3237298790187403,0.5750949160611101,0.748647565988076,0.49171970153985844,0.3790204394873314,0.40865231515135103,0.1595433863208329,0.14978282076829136,0.16353004095672607
179,0.32947797782627947,0.32546599427042855,0.5685454927296921,0.7544607301296904,0.4876382060338057,0.3776172637938691,0.4098038908297189,0.16129891938085583,0.15052191525744962,0.16436183247253136
180,0.3315757854402629,0.32717363576220027,0.5619742166375846,0.760186262610998,0.4835214809110745,0.3763184608850309,0.41086042697735525,0.16310075029694607,0.1513008928833498,0.16521418589217002
181,0.33367716802861475,0.32885155651396086,0.5553876378484903,0.7658191204336353,0.47937595245093023,0.37512231948243835,0.41182258375068825,0.16494757790389641,0.1521206266103446,0.16608782458034008
182,0.33578061745437293,0.33049858146407257,0.5487924307325914,0.7713545283680686,0.475208191568329,0.3740269457406391,0.41269111294460714,0.16683805088290424,0.15298195798440037,0.1669834806730611
183,0.33788462129943353,0.3321136087546352,0.542195383038862,0.7767879822981422,0.4710249053351681,0.3730302698662822,0.4134668559289921,0.16877077048599703,0.15388569534188137,0.16790189280417067
184,0.3399876639299603,0.33369561088053346,0.5356033843894241,0.7821152514244449,0.4668329279528323,0.372130053119034,0.4141507415772712,0.17074429332913676,0.15483261206211632,0.16884380377078057
185,0.34208822754396045,0.3352436357024096,0.5290234142266983,0.7873323793330462,0.4626392111754121,0.3713238951655353,0.4147437841847013,0.17275713424775388,0.15582344486836883,0.16980995814376407
186,0.34444301611499983,0.33841161540293496,0.5220643468650401,0.7943027531722554,0.45417408636281276,0.3704016755103139,0.41590420969655284,0.17485870805543496,0.15739247942783538,0.17256682026669587
187,0.3465826736454414,0.33992159474414557,0.5155188818790551,0.7992300754633759,0.450059850312347,0.36983205054604906,0.41627283598500947,0.17693511354338237,0.15848889217039397,0.17362814781904445
188,0.3487147623377324,0.34139373702197173,0.5090099557003249,0.8040352393546618,0.4459705917192464,0.3693458823460098,0.4165550158232033,0.17904604117578254,0.15963116714589262,0.17471653142052498
189,0.3508377533771054,0.34282740847111076,0.5025448255837961,0.808715503925688,0.4419136318315326,0.3689401566024712,0.4167521094761492,0.18118987420025764,0.16081986713242452,0.17583268718135428
190,0.352950121308034,0.34422205532695216,0.4961307651696486,0.8132683890320692,0.43789634443070957,0.36861174413207065,0.4168655505759328,0.18336496982804013,0.16205551048036856,0.17697731837249195
191,0.35505034496378324,0.34557720398022673,0.4897750496625388,0.8176916694578552,0.4339261428402254,0.36835740972763686,0.41689684392317383,0.18556966232126576,0.1633385698299668,0.17815111285409457
192,0.3701692042873227,0.3460502620219028,0.43810916588309046,0.8409151844103855,0.4299897184584608,0.3677736952830037,0.41445106296044815,0.20664133724776423,0.16985624564310509,0.17232446629467008
193,0.3719554879454437,0.34772374969226366,0.43244633868004667,0.846054897469132,0.4220258694375114,0.36788443435242946,0.4139190799591099,0.2092269731316418,0.1725154034013532,0.17552628161388645
194,0.3735803948540582,0.34853690698762163,0.4270584266560015,0.8494634811717243,0.4181793970364737,0.368040416166169,0.41341064115424414,0.21176090155744431,0.17422972560026828,0.17672071351200808
195,0.3899648914513103,0.3500570665779614,0.362391540855101,0.8718300787704725,0.41347696014333735,0.3711307058201116,0.40731003289014606,0.2518695798587077,0.1858277354002695,0.16405250348915967
196,0.3907036873124558,0.35036830562426585,0.35923067589704694,0.874080911675344,0.40977149176451894,0.3715976699927398,0.4063203569473133,0.2546634431957107,0.18809358588564468,0.16511522818584812
197,0.3913999867565103,0.3506681673347316,0.3562378865955681,0.8762026304947104,0.4062083664339263,0.3720922376353143,0.4052824580702319,0.25744016843473744,0.1904122922463923,0.16621284109172113
198,0.3920527452629714,0.3509578275924209,0.353416460304973,0.8781958648748951,0.40279436294732435,0.37261026605867076,0.4041989987205239,0.26019802786934376,0.19278310704127366,0.16734569696449705
199,0.3926609415900504,0.35123850050149286,0.3507694248153683,0.8800612894546713,0.39953606066755026,0.37314766275910327,0.40307265763619377,0.26293534455940076,0.19520522407058857,0.1685141089123692
200,0.39322357901949945,0.35151143663468554,0.3482995415131718,0.8817996126304278,0.39643982391167604,0.37370039336595007,0.401906125936181,0.2656504947448827,0.1976777795629741,0.1697183467568476
201,0.39373968665215425,0.35177792123549023,0.3460092991691878,0.8834115656611291,0.3935117866556838,0.3742644892826423,0.40070210319036487,0.26834191015292247,0.20019985348923056,0.17095863551736334
202,0.39423750100486604,0.352087243755274,0.3441703172492415,0.8865664038719998,0.3859408993316528,0.3753758682370598,0.39778332647887554,0.2710185540925638,0.2064729445375125,0.17695217348664893
203,0.3946757893177512,0.3523508294345924,0.342259807161488,0.8877974220620712,0.3837036143802051,0.3759446323659096,0.3964714359154767,0.2736004355135103,0.20912569019752789,0.17835900231366233
204,0.3950648308379613,0.3526115460933953,0.3405367297094828,0.8889045254049074,0.3816588764783091,0.37650790214687013,0.39513308992581486,0.2761543469595368,0.2118229804678961,0.17980237118139666
205,0.3954037839522168,0.3528707935286339,0.3390023087623139,0.8898884157061029,0.37981132744541496,0.37706219536378915,0.393770945345935,0.27867904797461995,0.21456365359975277,0.18128222229192253
206,0.3956918411101889,0.3531299964153098,0.3376574703303763,0.8907497608334798,0.37816529179376973,0.377604135662207,0.39238764383274977,0.281173363610962,0.21734650285599613,0.1827984455565626
207,0.39592823049455694,0.35339060227032465,0.33650284085333704,0.8914891876215641,0.37672476538990285,0.37813045782647353,0.3909858079662038,0.2836361858885528,0.22017027859764643,0.18435087819904977
208,0.39611221775210814,0.35365407938861027,0.3355387462211592,0.89210727551561,0.3754934048779096,0.37863801273743203,0.38956803738174045,0.2860664751287037,0.22303369046161733,0.18593930452960636
209,0.39624310778570293,0.3539219147538427,0.3347652115297848,0.8926045509875005,0.3744745179090867,0.3791237720140878,0.38813690494250325,0.2884632611597035,0.22593540962387995,0.18756345589274132
210,0.39626592393793203,0.35414001148351937,0.33438144666549774,0.8931807928449988,0.37309371863806984,0.37991278806133744,0.3856450545547858,0.2908459023974662,0.23099192035112168,0.19185693903616272
211,0.3962879506314338,0.3544223744412362,0.3339910258812454,0.8933777424460286,0.37269735393800835,0.3803233930335014,0.38418345544540167,0.29314159057667827,0.23397447881029837,0.1935926648388711
212,0.3962552539560589,0.354713505071177,0.33378956161404455,0.8934549354357101,0.372522808433534,0.380701792889254,0.3827174063401542,0.2954016241082378,0.23699007771207886,0.19536266495514043
213,0.39616732902411156,0.3550149334945291,0.33377582933215916,0.8934126093223484,0.37257165050339613,0.3810455807410368,0.3812493032347329,0.29762536507128523,0.24003725295463005,0.19716641197351592
214,0.3960237206109438,0.35532819755153766,0.33394831360702387,0.8932509320534568,0.3728450603764211,0.38135249088042183,0.37978149559269664,0.29981224863321954,0.24311451604788623,0.19900332805147153
215,0.3958240252881984,0.3556548406100869,0.33430521235305855,0.8929700019216823,0.3733438266068547,0.3816204014649684,0.3783162830385943,0.3019617833770275,0.2462203567557952,0.2008727860748331
216,0.3955678936012985,0.35599640936460736,0.33484444174034955,0.8925698483464146,0.3740683435933125,0.3818473369376797,0.3768559121629314,0.3040735514924171,0.24935324576832243,0.2027741109912458
217,0.39525503228677483,0.3563544516273563,0.3355636417613183,0.8920504335238899,0.3750186101556471,0.38203147018658334,0.37540257344811023,0.3061472088302922,0.25251163739488713,0.20470658131421357
218,0.3948852065244404,0.3567305141140639,0.3364601824303291,0.8914116549338514,0.3761942291797994,0.3821711244519283,0.3739583983241823,0.3081824848202687,0.2556939722707571,0.20666943079348876
219,0.39445824221886566,0.35712614022590256,0.33753117059311744,0.8906533486861966,0.37759440833640995,0.3822647749884116,0.3725254563629338,0.31017918225111973,0.25889868006781813,0.20866185024685596
220,0.3939740283040681,0.3575428678297235,0.3387734573209964,0.889775293686321,0.3792179618746588,0.382311050489695,0.37110575261848816,0.3121371769142462,0.26212418220104095,0.21068298954760717
221,0.3932577647296888,0.3579944703434986,0.34040891178678734,0.888158550880369,0.38297576932825256,0.38263661482819245,0.36861958010662516,0.31411717561232283,0.2677151281216639,0.21551768487286005
222,0.392648530070876,0.3584593040668272,0.34197228878551833,0.8869809798986987,0.3852240869950693,0.3825440143375673,0.36723167974988025,0.31596799470703685,0.27097361733269637,0.21762337432927026
223,0.39198268327627406,0.35894965546718227,0.343695228404875,0.8856821221424306,0.3876884609388432,0.3823997692720708,0.3658637314694378,0.3177808676702804,0.2742470441591687,0.21975423359563911
224,0.39126041495931607,0.3594669969180342,0.3455736181850207,0.8842615645265323,0.39036591769701046,0.3822032407265543,0.3645174129056419,0.31955599533391166,0.2775338331176462,0.2219092301625464
225,0.3904819908744887,0.3600127839578438,0.34760313714957647,0.8827188725003531,0.39325311903984844,0.38195394736431787,0.36319432562522463,0.3212936464328056,0.2808324152405561,0.22408730419057646
226,0.3896477541708155,0.36058845311549104,0.3497792661598723,0.8810535987480619,0.39634637063382394,0.38165156543549145,0.361895993604317,0.32299415636354095,0.28414123053876705,0.226287371396867
227,0.3885072868348023,0.361340510076785,0.3523038075170108,0.8781414382793631,0.40287939894170227,0.3816005562259839,0.3596104921214299,0.32476512509315936,0.2898510189757523,0.23128300335119345
228,0.38754941166334345,0.36198208327730186,0.3547369608630102,0.8761683386013053,0.40653568050074507,0.3811452759526339,0.35837027964197854,0.3263663507511733,0.29316466560922094,0.2335454503379329
229,0.3865380680042262,0.36265750473837943,0.3573009144592026,0.8740706895448223,0.4103819336340811,0.380636390785042,0.3571598052759444,0.3279326938887788,0.29648291197198345,0.23582556023089102
230,0.385473962390842,0.36336808636160384,0.3599904687359581,0.8718481010149295,0.414412934570331,0.38007431203392894,0.35598022241835503,0.3294647731231385,0.29980427386782743,0.23812215085433647
231,0.38261360520251775,0.3651418619309647,0.3685054142553355,0.8674925969194247,0.4192375932884115,0.3776574497551209,0.35447046796003995,0.33365015908977397,0.3050073143795912,0.23965058030091432
232,0.3813735686654127,0.3660009253762951,0.37170676103563005,0.8648933625592158,0.4236684363509476,0.37698516387721964,0.3534088938010773,0.3350957023360797,0.30835843657619033,0.2419706655553258
233,0.3800835068007182,0.3669018620351732,0.37500839097342703,0.8621690414050385,0.42826175759216084,0.37626395725483125,0.3523814207703996,0.33650891225561264,0.3117074975248841,0.24430340167719714
234,0.3787446079278156,0.36784583659357456,0.37840440048732793,0.8593195832175226,0.4330111239077818,0.3754949373525183,0.35138880572182474,0.3378906708333361,0.31505312411820774,0.24664765376720388
235,0.37735815775368337,0.36883397204810137,0.38188881400153574,0.8563450378392512,0.4379098854671348,0.3746793577008856,0.3504317240358583,0.33924190712652597,0.3183939721138709,0.2490022951635633
236,0.37592554051650506,0.36986734773595176,0.38545559623311104,0.8532455663999822,0.44295119247402526,0.3738186157702603,0.3495107703853228,0.34056359472798686,0.3217287273757856,0.25136621054607583
237,0.3296809471736564,0.38564448866509277,0.5464917902692453,0.7784041066864089,0.45629745087863,0.3446508593212949,0.34786782451133785,0.36911252470344497,0.3567098920510771,0.2661059124408089
238,0.3277155612580675,0.38844628690350463,0.5517264860847146,0.7731104428179828,0.4613115699219461,0.34414672628354864,0.34775513271216435,0.3698192172181816,0.3599492447349434,0.26842040684427504
239,0.32573530921302885,0.391334711707288,0.5568638054115361,0.7677395447885195,0.46635566050992555,0.343647485064458,0.34766872313122943,0.3705082864247393,0.3631710882227021,0.2707458384398758
240,0.32374371419884185,0.39430967031298714,0.5618986264245256,0.7622959355386639,0.4714229112212583,0.34315553921274033,0.34760811969437583,0.3711812422299163,0.3663745104871576,0.27308173450194745
241,0.3217443916463601,0.3973709625316466,0.5668260408156122,0.756784336106094,0.4765065902324864,0.3426733399069657,0.3475728098494836,0.37183959679823364,0.3695586127494779,0.2754276257279592
242,0.319741044717438,0.4005182794736082,0.5716413566856835,0.7512096588653916,0.4816000563492646,0.34220338039516385,0.34756224754056597,0.3724848610874588,0.3727225084319537,0.2777830461804498
243,0.3177374594063958,0.40375120235544454,0.5763401009146992,0.745576999889975,0.4866967694681811,0.3417481903139611,0.34757585622156073,0.37311854139539496,0.3758653220717249,0.2801475331586399
244,0.31573749928588196,0.40706920139195246,0.5809180210271413,0.7398916304615071,0.49179030044943706,0.341310329895161,0.34761303190107473,0.3737421359269449,0.3789861882031125,0.28252062700138564
245,0.31374509990197186,0.41047163477630705,0.585371086571477,0.7341589877563246,0.4968743403837539,0.34089238406830663,0.34767314620937295,0.3743571313904828,0.3820842502164247,0.28490187082361984
246,0.311764262824822,0.4139577477516573,0.5896954900336921,0.7283846647423244,0.5019427092399765,0.34049695646840145,0.34775554947896686,0.37496499963256064,0.38515865920128906,0.28729081018891506
247,0.3097990493627087,0.41752667177764724,0.5938876473062685,0.7225743993234771,0.506989363882968,0.3401266633586173,0.34785957383024996,0.37556719431994684,0.3882085727827409,0.2896869927212812
248,0.3078535739487739,0.4211774237955006,0.597944197735055,0.7167340627726868,0.5120084054544636,0.33978412747844317,0.3479845362537264,0.3761651476779013,0.39123315395838776,0.2920899676597849
249,0.3059319972113436,0.42490890559552646,0.6018620037675135,0.7108696474970535,0.5169940861126573,0.3394719718283744,0.3481297416805299,0.376760267293513,0.39423156994509023,0.29449928536002723
250,0.30403851874017374,0.4287199032910617,0.6056381502265776,0.7049872541826898,0.5219408151293057,0.33919281340285645,0.34829448603306945,0.3773539329927548,0.397202991043613,0.29691449674698334
251,0.3021773695625011,0.43260908690306166,0.6092699432350644,0.6990930783691126,0.5268431643461323,0.338949256883806,0.3484780592478283,0.3779474937997647,0.4001465895297306,0.2993351527241151
252,0.3003528043442647,0.4365750100597156,0.6127549088160361,0.6931933965058289,0.5316958729952161,0.3387438883076109,0.34867974826252746,0.3785422649866308,0.40306153858022997,0.3017608035441015
253,0.29856909333332454,0.44061610981563953,0.6160907911948826,0.6872945515460913,0.5364938518908681,0.3385792687190685,0.3488988399600875,0.37913952522173416,0.40594701124218374,0.30419099814690403
254,0.2968305140629498,0.44473070659534847,0.6192755508290367,0.6814029381348611,0.5412321870032223,0.3384579278262455,0.3491346240620456,0.37974051382441465,0.4088021794537577,0.3066252834712652
255,0.29514134283523186,0.44891700426586134,0.6223073621912885,0.6755249874497762,0.5459061424263875,0.33838235767072067,0.34938639596432847,0.38034642813342834,0.4116262131246611,0.30906320374605756
256,0.293505846005453,0.4531730903434289,0.6251846113324989,0.6696671517554462,0.5505111627564709,0.3383550063281247,0.349653459508547,0.3809584209963177,0.4144182792841659,0.3115042997682283
257,0.29192827108971736,0.45749693633948624,0.6279058932492417,0.6638358887325384,0.5550428748971364,0.3383782716542865,0.34993512968224355,0.38157759838645894,0.4171775413043814,0.31394810817434543
258,0.29041283771940735,0.4618863982510411,0.6304700090814808,0.6580376456440612,0.5594970893125727,0.3384544950926353,0.35023073524180076,0.3822050171541386,0.4199031582062089,0.316394160712998
259,0.2874248918598047,0.46653821226796705,0.6368715904851047,0.6489517870317439,0.5638087886580327,0.33862837262267037,0.35089416114118926,0.38287263204423433,0.42359171239455806,0.32075287667252134
260,0.28610544318535935,0.47110652876879094,0.6390582522671965,0.643251184435998,0.5680320942146351,0.33887425622100437,0.35122134360518237,0.3835051923890126,0.42622663895641316,0.3232036032418871
261,0.2848621182831892,0.4757330874912948,0.6410835429732615,0.6376064317231656,0.5721648969977897,0.33918061069847694,0.35155993548482894,0.3841493263842826,0.42882499794211437,0.32565507748400596
262,0.28398125590893464,0.48497751187177274,0.6410858873111118,0.6296343913809349,0.5802703669692171,0.33971221038567423,0.35186767051706447,0.38550378165367516,0.43295056953296085,0.3285074878635702
263,0.2829205104832036,0.4897121886643673,0.6426874678305574,0.6241685108506143,0.5841797945342012,0.34014980177451476,0.3522334549826043,0.3862002840598017,0.435456040446222,0.33095632415288134
264,0.2819498553271782,0.4944943439127961,0.6441289360366025,0.6187792258012448,0.587987616123408,0.34065458475375093,0.35260907487459253,0.3869108740823773,0.43792184235017995,0.33340392063659663
265,0.2810729558920874,0.4993209436561106,0.6454106336452092,0.613472328131641,0.5916910975836644,0.34122823960816795,0.35299405172970233,0.3876361526257873,0.4403470856209493,0.33584974545456847
266,0.2802933659150429,0.5041888501031714,0.6465330794185459,0.6082534596353331,0.5952876788045606,0.34187234005488065,0.35338794004589624,0.38837665809950395,0.4427308748540457,0.3382932567529702
267,0.2692797117597324,0.5102994672947984,0.6988474147215676,0.5518405467630615,0.5915648535097796,0.36391237767325585,0.36308178303188865,0.3860040732779341,0.4615177639692266,0.3863366043089099
268,0.27026828456147517,0.5158975739249764,0.6984511124475757,0.5478840436443491,0.5935024272829479,0.3658593982488209,0.36341205850771147,0.38652785848637494,0.463231918740143,0.38871174601184516
269,0.27137486673452654,0.5215083493561607,0.697890401707962,0.544080414573542,0.5953151300896811,0.36787571511619593,0.3637441253856025,0.38707436793001426,0.4648923287499141,0.39107371722262424
270,0.2726005540985745,0.5271275430393807,0.697167568440401,0.5404321833895591,0.5970024909315571,0.3699605640859137,0.36407818857759916,0.3876435251186716,0.4664981374197051,0.39342154429188775
271,0.27394624981550214,0.5327508410006822,0.6962850351258127,0.5369415588470982,0.5985641758292269,0.3721130487864748,0.36441449373797313,0.3882351922326795,0.46804850347782334,0.39575426156163646
272,0.27541266075545834,0.5383738706126536,0.6952453595116597,0.5336104316208923,0.5999999850711342,0.37433214170954204,0.36475332676061356,0.3888491712434074,0.46954260358740957,0.39807091430374075
273,0.27700029434847284,0.5439922055618875,0.6940512334532599,0.5304403723033662,0.6013098505633382,0.37661668560321926,0.3650950131611248,0.38948520516861534,0.4709796350568732,0.40037056175107427
274,0.2787094559378152,0.5496013710112094,0.6927054818568834,0.5274326303918024,0.6024938332904564,0.3789653952107898,0.36543991734561093,0.3901429794569451,0.4723588186231863,0.4026522802125292
275,0.2805402466496619,0.5551968489548276,0.6912110617068088,0.524588134256899,0.603552120895757,0.381376859351115,0.3657884417683381,0.39082212349546513,0.4736794012976995,0.40491516626247565
276,0.2824925617919131,0.5607740837639326,0.6895710611572606,0.5219074920805421,0.6044850253865746,0.3838495433357395,0.3661410259806913,0.39152221223386596,0.474940659263705,0.4071583399945244
277,0.2845660897931868,0.5663284879195273,0.6877886986688052,0.5193909937465668,0.6052929809691925,0.38638179171658493,0.36649814557404264,0.39224276791856605,0.47614190081459595,0.40938094832878147
278,0.2867603116911524,0.5718554479285507,0.685867322167777,0.5170386136644675,0.6059765420154873,0.3889718313569927,0.3668603110193779,0.3929832619297375,0.4772824693211346,0.4115821683611556
279,0.2890745011774024,0.5773503304186125,0.6838104082063535,0.5148500145023016,0.6065363811617108,0.39161777481775284,0.3672280664067238,0.39374311671400375,0.47836174621605626,0.4137612107426589
280,0.29150772520407153,0.5828084884058066,0.6816215611001124,0.5128245518014767,0.6069732875379306,0.39431762404866794,0.36760198808762695,0.39452170780536244,0.4793791539839907,0.41591732307607787
281,0.2940588451553493,0.5882252677293157,0.6793045120193154,0.5109612794427929,0.6072881651248648,0.397069274375158,0.36798268322414757,0.3953183659267269,0.4803341591445179,0.4180497933168729
282,0.29672651858493737,0.5935960136456276,0.6768631180097011,0.5092589559299281,0.6074820312331108,0.3998705187683723,0.36837078824800945,0.39613237916433675,0.481226275216015,0.4201579531646599
283,0.29950920151837573,0.5989160775743622,0.6743013609183115,0.5077160514536488,0.6075560150981066,0.40271905238632255,0.368766967233768,0.3969629952072159,0.48205506564790174,0.42224118143121986
284,0.3024051513170032,0.6041808239868178,0.671623346199761,0.5063307556972823,0.6075113565825923,0.405612477372592,0.3691719101900236,0.39780942364378175,0.48282014670884515,0.42429890737057396
285,0.3054124300981592,0.6093856374274624,0.6688333015784205,0.505100986341549,0.6073494049768677,0.40854830789832614,0.36958633127292156,0.3986708383077224,0.48352119031854235,0.4263306139563617
286,0.3102126296346292,0.6198314955284739,0.6624357652047916,0.503578996528787,0.6076879973622716,0.411866066665954,0.36976470036713005,0.40068556167734976,0.48460562459836787,0.4279632661920028
287,0.31346007442974594,0.6248513177214751,0.6593699007686832,0.5027268808265523,0.6072499862316609,0.4148810451487925,0.37022016909881345,0.40160122354668565,0.4851530762049985,0.4299308138860841
288,0.3168113545639674,0.6297946614810327,0.6562090933852607,0.5020205124517179,0.6067001819547194,0.41792973209356044,0.3706879667581474,0.40252823530969745,0.4856359314126068,0.4318714016745999
289,0.3202637214976577,0.6346570763188418,0.6529581337377839,0.5014567099560077,0.6060403942259698,0.4210093333925593,0.37116888477677673,0.40346563319546414,0.48605414059361296,0.43378479575406337
290,0.3238142582430078,0.6394341726727626,0.6496219230063816,0.5010320777680272,0.6052725359006256,0.4241169974155676,0.3716637277421191,0.4044124316162431,0.4864077238051738,0.4356708308515129
291,0.3274598861258143,0.6441216295767017,0.6462054699225888,0.5007430180668668,0.6043986221330477,0.42724982119889493,0.3721733112233027,0.4053676256451127,0.4866967729557983,0.4375294127492852
292,0.3311973719998424,0.6487152023634567,0.6427138875140102,0.5005857429862121,0.603420769508007,0.4304048567508792,0.37269845955615694,0.40633019348525357,0.4869214538298859,0.4393605206483081
293,0.3350233358906997,0.6532107303831804,0.6391523895221993,0.5005562870966516,0.6023411951473698,0.43357911745462224,0.37324000359282783,0.4072990989242958,0.48708200796034157,0.44116420935517353
294,0.3681084696797858,0.6504981724864467,0.6335272542800682,0.504636351687891,0.5858270139025873,0.4721059570840177,0.382838476129864,0.4050965003309291,0.483369573163352,0.46677941532011585
295,0.3727318125706351,0.6541872315743084,0.6296750624221915,0.505521778112843,0.583948226312969,0.47542187946587716,0.3833192653412918,0.4058795852705166,0.48296880862968694,0.4682848124189641
296,0.37739795946448906,0.6577547517855279,0.6257859465297062,0.5064979008882479,0.5819956347272056,0.4787216733023117,0.3838223657568821,0.40666580901867255,0.4825089339533522,0.4697619678039204
297,0.38210258303580175,0.661198062403587,0.6218655314095767,0.5075596298680972,0.5799726892074383,0.48200219997831717,0.3843486556893417,0.4074541488592901,0.4819910373134606,0.471211937398612
298,0.38684132921319486,0.6645146434317134,0.6179194977636815,0.508701835721612,0.5778829282870929,0.4852603648161188,0.38489899502414976,0.4082435876205984,0.48141628975971423,0.4726358845277341
299,0.39160982703702624,0.6677021307688327,0.6139535752033192,0.5099193621210966,0.5757299757952257,0.48849312321697724,0.3854742229606027,0.40903311577218,0.4807859447973737,0.4740350786529731
300,0.39640369847745893,0.6707583211573332,0.6099735348719492,0.5112070376094084,0.5735175374300904,0.49169748662158014,0.386075155790728,0.40982173346663825,0.4801013377453551,0.47541089370124423
301,0.40121856817807516,0.6736811768855115,0.6059851816847149,0.5125596871141725,0.5712493970747099,0.49487052827292904,0.3867025847215274,0.4106084525238221,0.479363884867778,0.47676480598195914
302,0.4060500730903204,0.676468830227798,0.6019943461956916,0.5139721430786423,0.5689294128487716,0.49800938876648504,0.38735727374593354,0.41139229835588514,0.47857508228028567,0.47809839169165613
303,0.4108938719644333,0.6791195876061141,0.5980068761061433,0.5154392561819693,0.5665615128928028,0.5011112813732067,0.3880399575677437,0.41217231183180986,0.4777365046334097,0.4794133240059411
304,0.41574565466305585,0.6816319334560752,0.5940286274293738,0.516955905624559,0.564149690882186,0.5041734971220377,0.38875133958565405,0.4129475510803603,0.4768498035762113,0.48071136976035256
305,0.42060115126442177,0.684004533782149,0.5900654553300293,0.518517008957177,0.5616980012703179,0.5071934096293794,0.38949208994139617,0.41371709323077904,0.47591670600439245,0.4819943857234714
306,0.42545614092283157,0.6862362393864069,0.5861232046579127,0.5201175314354856,0.5592105542618948,0.5101684796640622,0.39026284363676195,0.4144800360908281,0.47493901209797007,0.48326431446728146
307,0.43030646045514215,0.6883260887560737,0.5822077001985232,0.5217524948847104,0.5566915105190878,0.5130962594373777,0.3910641987241609,0.41523549976209,0.47391859315453594,0.484523179841533
308,0.4351480126231019,0.6902733105957144,0.5783247366645626,0.5234169860621858,0.5541450756050798,0.5159743966087768,0.3918967145751102,0.41598262819271514,0.4728573892249775,0.4857730820605671
309,0.4399767740826593,0.6920773259906692,0.5744800684546578,0.5251061645085198,0.551575494171218,0.5188006379989196,0.39276091023085313,0.41672059066805045,0.4717574065593971,0.48701619241280336
310,0.4447888029727584,0.6937377501891152,0.5706793992073679,0.526815269881112,0.5489870438957318,0.5215728330028467,0.39365726283904473,0.41744858323981837,0.4706207148717493,0.4882547476047809
311,0.4495802461176808,0.6952543939910459,0.5669283711803379,0.5285396287666718,0.546384029183695,0.5242889366971476,0.3945862061801863,0.41816583009471847,0.46944944443249487,0.489491043753349
312,0.4543473458186611,0.6966272647333911,0.5632325544860609,0.5302746609722503,0.5437707746395585,0.52694701263611,0.39554812928721517,0.4188715848635098,0.46824578299928543,0.4907274300412702
313,0.45908644621225986,0.6978565668615427,0.5595974362172249,0.5320158852970597,0.5411516183252124,0.529545235332931,0.3965433751613564,0.41956513187177313,0.4670119725963452,0.4919663020531105
314,0.4637939991748848,0.698942702078647,0.5560284094959836,0.5337589247900464,0.5385309048180905,0.5320818924231906,0.39757223958704124,0.4202457873336908,0.4657503061538553,0.49321009480989936
315,0.468466569754815,0.6998862690651539,0.5525307624826886,0.5354995115007264,0.5359129780853372,0.5345553865088718,0.39863497004837073,0.4209129004902658,0.46446312401917556,0.4944612755225511
316,0.4731008411151774,0.7006880627623842,0.5491096673807065,0.5372334907332416,0.5333021741914663,0.5369642366823028,0.3997317647492755,0.4215658546934778,0.4631528103522611,0.4957223360855343
317,0.47936389182155875,0.7036341524626292,0.5433043217212061,0.5397074085584135,0.5294443585452353,0.5394073526670217,0.40119941709821605,0.4230920071397578,0.4616417783137034,0.49744197864780954
318,0.48554899075939545,0.7062266561877791,0.5377576355588487,0.5421464020659629,0.5256021045211203,0.5417277396387498,0.402815605797006,0.4245928034027486,0.46009124732246126,0.49927061797416245
319,0.48998011887686943,0.7064872854822964,0.5347072595056469,0.5438021190456942,0.5230533168589534,0.5438591880311463,0.40409382799671706,0.4252044601997954,0.45870227204431496,0.5006183263871641
320,0.5818015863964676,0.6423287786556606,0.5135901003975023,0.5676625276996009,0.492800064611652,0.5909748441426267,0.4274948003387348,0.41897448512869717,0.4257653712505637,0.5130448127457624
321,0.584943847460693,0.640808061734537,0.5122700506401274,0.5687112911486436,0.49152515508565764,0.5918818567967904,0.42851562356104655,0.41912438077955705,0.42481476520633754,0.5145522514240001
322,0.5879937043087062,0.6392342683232285,0.5110686511992895,0.5696967144936247,0.4903449864238592,0.5927068282704778,0.4295642351298986,0.41926925616428634,0.42388483711400277,0.5161243963941669
323,0.5909510348938423,0.6376109710570012,0.5099863744345724,0.5706175699971653,0.48926172650041755,0.593450510512189,0.43064019798266256,0.419409519103628,0.42297739105556664,0.5177635739855042
324,0.5938158005571388,0.6359417395297735,0.5090234567533274,0.5714727428505854,0.4882773528995507,0.5941137465233478,0.43174303073379455,0.41954562145510843,0.4220941997702974,0.5194719486836523
325,0.59658803923363,0.634230132922736,0.508179898800117,0.5722612290353599,0.4873936486098814,0.5946974663076288,0.43287220808483184,0.4196780588422383,0.4212370029868249,0.5212515134634549
326,0.5992678585915886,0.6324796927192448,0.5074554662960236,0.5729821332535023,0.486612198193883,0.5952026827216423,0.43402716127783103,0.4198073702895617,0.42040750589747466,0.5231040805865943
327,0.6018554291426546,0.6306939355268689,0.5068496915301501,0.5736346669426432,0.485934384446403,0.5956304872422324,0.43520727859053115,0.4199341377612658,0.41960737777848717,0.5250312729023475
328,0.6043509773607202,0.6288763460271934,0.5063618755031871,0.5742181463896723,0.4853613855544215,0.5959820456655135,0.43641190587159195,0.42005898560112376,0.4188382507588826,0.5270345156880494
329,0.606754778847205,0.6270303700736389,0.5059910907203834,0.5747319909548608,0.4848941727682967,0.5962585937526373,0.4376403471143542,0.42018257987159946,0.41810171873978785,0.5291150290639421
330,0.6090671515799235,0.625159407957186,0.505736184628798,0.5751757214164219,0.48453350859283106,0.5964614328370785,0.43889186506768685,0.4203056275900521,0.4173993364651101,0.5312738210150587
331,0.6112884492821532,0.6232668078593685,0.5055957836911898,0.5755489584434401,0.4842799455045186,0.596591925407993,0.44016568188259353,0.4204288758600676,0.4167326187434499,0.5335116810505691
332,0.6134190549476806,0.6213558595113352,0.5055682980864479,0.5758514212030768,0.48413382519937115,0.5966514906839081,0.44146097979342785,0.42055311089612196,0.41610303982020186,0.5358291745286733
333,0.615459374556651,0.6194297880771404,0.5056519270240192,0.5760829261059398,0.4840952783737129,0.5966416001906977,0.4427769018326922,0.4206791569399119,0.4155120328977878,0.5382266376726347
334,0.6174098310158718,0.6174917482786716,0.5058446646573957,0.5762433856914868,0.4841642250383667,0.5965637733574127,0.44411255257860277,0.420807875066914,0.41496098980101187,0.5407041733009412
335,0.6192708583558914,0.6155448187788266,0.5061443065793737,0.5763328076533374,0.48434037536465463,0.5964195731431612,0.4454669989347693,0.42094016188193195,0.4144512607835494,0.543261647291846
336,0.6210428962156913,0.6135919968386835,0.5065484568795154,0.576351294002441,0.48462323105870697,0.5962106017077916,0.44683927094155595,0.4210769481026596,0.4139841544706393,0.545898685799725
337,0.622726384644153,0.6116361932634207,0.5070545357420331,0.5762990403641236,0.48501208725862155,0.5959384961386723,0.448228362618895,0.4212191970305482,0.4135609379321199,0.5486146732377492
338,0.6243217592456864,0.6096802276507793,0.5076597875601913,0.576176335403236,0.4855060349471501,0.5956049242453861,0.44963323284054735,0.42136790290858395,0.41318283687904167,0.5514087510383996
339,0.7009237851959449,0.571164018363844,0.5274180008913978,0.5600309419535627,0.5212419975206967,0.5685533424388147,0.45792770831373636,0.42855829547129376,0.430821574887318,0.5510388913234726
340,0.7005246199686546,0.5702034046140069,0.529031672391223,0.5586128981918226,0.5235679687127232,0.5670755129998679,0.45848695940067136,0.42905854779022434,0.4316586782360178,0.5542551980100894
341,0.700022491699462,0.5692707209369591,0.5306562704213893,0.5571579373845043,0.5259343598006525,0.5655574335956517,0.4590412365194846,0.42959609760611944,0.43252295304064287,0.5575261425926631
342,0.6994172647824723,0.5683656194153538,0.5322884067380749,0.5556684934442707,0.5283372623723352,0.5640009338096633,0.4595897516344376,0.4301716618022768,0.4334146182849744,0.5608480059149201
343,0.6987088289159056,0.5674877125277586,0.533924793931944,0.5541470559498236,0.5307727368469162,0.5624078456231019,0.460131705006183,0.43078591288090834,0.43433390286831725,0.5642169142236708
344,0.6978971057808427,0.5666365779611915,0.5355622538367338,0.5525961677884789,0.5332368213563856,0.5607800017084833,0.46066628611093813,0.4314394760587422,0.4352810456839188,0.5676288487013985
345,0.6969820559379207,0.5658117633720327,0.5371977254359757,0.5510184226302786,0.5357255405509396,0.5591192338175694,0.46119267466503083,0.432132926437824,0.43625629555469775,0.5710796554134202
346,0.6959636859021332,0.5650127910706407,0.5388282722404235,0.5494164622253309,0.5382349143029208,0.5574273712630706,0.46171004175934993,0.43286678626350317,0.43725991102141154,0.5745650556329345
347,0.694842055354611,0.5642391626054297,0.5404510891109792,0.5477929735173054,0.5407609662849893,0.5557062394932304,0.4622175511077642,0.4336415222815981,0.43829215997905,0.5780806565059703
348,0.6936172844492208,0.5634903632227217,0.5420635085042101,0.5461506855672904,0.5432997323991272,0.5539576587580917,0.4627143604130467,0.434457543206697,0.4393533191579218,0.5816219620171204
349,0.6922895611709498,0.5627658661793542,0.5436630061199497,0.5444923662835691,0.5458472690341049,0.5521834428658979,0.46319962285326566,0.43531519731345136,0.44044367344663027,0.5851843842159739
350,0.6908591487024582,0.5620651368858391,0.5452472059329757,0.5428208189542769,0.5483996611301599,0.5503853980277922,0.46367248869099975,0.43621477016258203,0.44156351505489655,0.5887632546634061
351,0.6937964864357964,0.5635428069955228,0.5494404698575368,0.5376207168314455,0.5564527356548428,0.5410284720410519,0.4627759635442876,0.4395898405509016,0.44970005045752764,0.5905642187297584
352,0.6919663856067328,0.5629688529073233,0.5509151252584343,0.5358879734408082,0.5589775054270537,0.5391289637254445,0.46310630264250924,0.440645768722355,0.45093463572907233,0.5940468847325022
353,0.6900338035608222,0.5624141157621594,0.5523634658954106,0.5341579029491683,0.561486988212006,0.5372138821099394,0.4634201621264579,0.4417444847329746,0.4521966898281965,0.5975267038053294
354,0.6879995714665428,0.5618781825272655,0.5537841058666423,0.5324334628934173,0.5639776453007255,0.5352850218387385,0.46371680550701455,0.4428858106310835,0.4534865119626021,0.6009989154999283
355,0.6858646462470425,0.5613606642780388,0.5551758281016059,0.5307176120866999,0.5664460181306245,0.5333441661699844,0.46399550831225067,0.44406949378941646,0.4548044004915876,0.6044587542121623
356,0.6836301165252489,0.5608611979744521,0.5565375840486065,0.5290133056028943,0.5688887340379384,0.5313930862100167,0.4642555604806239,0.445295206218811,0.4561506508296139,0.6079014605424935
357,0.6812972081919618,0.5603794478852032,0.5578684926919781,0.5273234896167768,0.571302511678587,0.5294335402013629,0.46449626886379086,0.44656254411155666,0.45752555321736066,0.6113222925298755
358,0.6788672895593164,0.5599151066522061,0.5591678389081307,0.5256510961113464,0.5736841661098019,0.527467272860757,0.46471695983399225,0.44787102762126185,0.45892939036712543,0.6147165367217792
359,0.6763418760637853,0.5594678959900328,0.5604350711723519,0.5239990374650633,0.5760306135262799,0.5254960147633378,0.4649169819900978,0.4492201008853447,0.46036243499027923,0.6180795190441063
360,0.6728871172061966,0.5803312524025515,0.5699535826020795,0.5068614854551143,0.5991800491918776,0.478878499489044,0.4523981168300745,0.46563247680557013,0.5101284818783508,0.601408572674558
361,0.6694216503616517,0.5800362160163024,0.5705312210155309,0.5054934542536954,0.6007385072033435,0.47701222040185753,0.4520561190130853,0.46733737596317054,0.5116570889680228,0.6035624427439413
362,0.6658862452861256,0.5797581934749194,0.5710735027084464,0.5041898024331772,0.602229363364498,0.4751672837907746,0.4516919077392017,0.4690708966534617,0.5132030368530077,0.605659179625397
363,0.6622845666191056,0.5794984617770218,0.5715819880955674,0.502952433590962,0.6036516903028375,0.4733453395300147,0.45130584855763867,0.47083129750037866,0.5147661582774675,0.6076959918454471
364,0.6586204281413337,0.5792583003413848,0.5720583239873683,0.5017831227032448,0.6050046872143339,0.471548004903803,0.45089836788261367,0.47261679619627367,0.516346233836207,0.609670206762439
365,0.6548977875206734,0.5790389823847405,0.5725042335946678,0.5006835119105326,0.6062876779741844,0.46977686324761586,0.45046995478122803,0.47442557444658023,0.5179429898781753,0.6115792744546009
366,0.651120740436185,0.5788417661070248,0.5729215063526367,0.49965510657663853,0.6075001089971187,0.468033462606028,0.4500211626628957,0.47625578309898103,0.5195560965622815,0.6134207712034196
367,0.6472935140974407,0.5786678857276262,0.5733119876085442,0.4986992716364216,0.608641546861688,0.46631931440722674,0.44955261085632114,0.4781055474402884,0.5211851660767559,0.6151924025714088
368,0.6434204601790928,0.5785185424175503,0.573677568218005,0.4978172282466148,0.6097116757132549,0.4646358921543655,0.4490649860599574,0.47997297264323546,0.5228297510327711,0.6168920060750794
369,0.639506047193515,0.5783948951735803,0.5740201740947217,0.49701005075305776,0.6107102944605773,0.46298463013402796,0.44855904365187005,0.4818561493444157,0.5244893430425007,0.6185175534555881
370,0.6355548523270624,0.5782980516814267,0.5743417557587421,0.4962786639865813,0.6116373137810003,0.4613669221422195,0.44803560884503846,0.4837531593337411,0.5261633714911941,0.6200671525511576
371,0.6287202507390772,0.5770465942673378,0.57488716194372,0.4952533145890985,0.6128319383840107,0.4599886699358504,0.4477060927664097,0.4869721786176976,0.5269236787714121,0.6245149228476449
372,0.551165016418131,0.6213085472648545,0.559386291399112,0.5117570304413788,0.6169266705480686,0.433001929784267,0.42569512273709564,0.49936941838724325,0.6346144303630228,0.531490907114145
373,0.5491755627767363,0.6221919172265113,0.5583071505606892,0.5123361335439519,0.6159850222212853,0.433917116061422,0.42582917657658675,0.5012216876431628,0.6355961016977127,0.530749640707983
374,0.5472596314299021,0.6231343817740844,0.5572347762617758,0.5129688710624695,0.6150050388027748,0.4348738281999188,0.426000732493702,0.5030657119962619,0.6365326993880498,0.5299925412716454
375,0.5454185582246809,0.6241339487731472,0.5561712861019271,0.5136521702706474,0.6139883827863175,0.43587059817735646,0.4262115753938667,0.5049006496607463,0.6374217842233227,0.5292207549214
376,0.5436535112892468,0.625188364818263,0.5551187306757659,0.514382881156894,0.612936677353738,0.4369059106552046,0.42646345470254426,0.506725773306041,0.6382609717311881,0.5284354547160661
377,0.5419654899059653,0.6262951198564372,0.5540790917233787,0.515157784074927,0.6118515038663218,0.4379782068042177,0.4267580792671226,0.5085404703780496,0.6390479394037093,0.5276378391088554
378,0.5360828500291563,0.6316073389290582,0.549144732786923,0.5202420381879728,0.6095905836692254,0.4457300682951983,0.4283606297167854,0.5087265702729825,0.6459679875565816,0.5198858183722087
379,0.5349303569270153,0.6328945663214538,0.5480336368246773,0.5210857062075123,0.608349334244074,0.44708045271430613,0.4289494335777224,0.5105129180091007,0.6465078299921201,0.5190937855841252
380,0.5338553131510229,0.6342184024826665,0.5469436662690889,0.5219569569675823,0.6070823714534199,0.44845571188849925,0.4295893659534085,0.5122892041225698,0.646982164917615,0.5183010263431257
381,0.5328574412395688,0.6355750166059825,0.5458766222197076,0.5228523981468098,0.6057910243556284,0.44985399330925646,0.4302816820410273,0.5140553500189292,0.647389100301193,0.5175088200042152
382,0.5319363085358765,0.6369603838433785,0.5448342404272183,0.5237686208629904,0.6044765666464594,0.4512734382805793,0.4310275600588165,0.5158113774927788,0.6477268578740928,0.5167184567152657
383,0.531091330779107,0.6383702975574493,0.543818191367852,0.524702206789809,0.6031402160326212,0.4527121869285708,0.4318280969254643,0.5175574050421009,0.6479937783339311,0.5159312359668656
384,0.5303217761311759,0.639800382392363,0.5428300805525721,0.5256497351318914,0.6017831338237031,0.45416838326662373,0.4326843041030638,0.5192936436935454,0.6481883261543597,0.5151484651160086
385,0.5296267696176209,0.6412461081169551,0.5418714490591444,0.5266077894418045,0.6004064247359163,0.4556401803045259,0.4335971036222461,0.521020392357765,0.6483090939874218,0.5143714578796151
386,0.52900529795917,0.6427028041894569,0.5409437742743992,0.5275729642639586,0.5990111369006428,0.4571257451893177,0.4345673243078367,0.522738032736251,0.6483548066467331,0.5136015327940769
387,0.5284562147690277,0.6441656749899636,0.5400484708332642,0.5285418715916927,0.5975982620703816,0.4586232643652812,0.43559569822298716,0.5244470238033436,0.6483243246614669,0.5128400116371897
388,0.5279782460894797,0.6456298156636056,0.5391868917404867,0.5295111471252173,0.5961687360143625,0.4601309487399924,0.43668285734924983,0.5261478958892634,0.6482166473930389,0.5120882178091445
389,0.5274102922472163,0.6476817717013668,0.5384763937208036,0.530696275062069,0.5935721123587854,0.4614562845030868,0.4383440545867482,0.5300166305734485,0.6468938626238702,0.5115440217868271
390,0.5270692745371314,0.6491311408444559,0.5377334804771685,0.5316669804452526,0.5921111735087727,0.4629588594919863,0.4395607141743145,0.5316911544804253,0.6465826365934494,0.5108110765909573
391,0.5267945545804428,0.6505636741644931,0.5370284382934708,0.5326259931503695,0.5906363329496039,0.46446630222887997,0.44083766821888326,0.5333599726751616,0.6461925031864038,0.5100916839689871
392,0.5265843927104727,0.6519741599068349,0.5363623029410219,0.533570112371762,0.5891482695349597,0.46597701228527777,0.4421750780718635,0.5350238903497054,0.6457231365682523,0.509387159910166
393,0.526436955545158,0.6533573732444187,0.5357360571886683,0.5344961922816376,0.5876476120682166,0.4674894403777605,0.44357299121225485,0.5366837444464445,0.6451743572981083,0.5086988128598589
394,0.5263503229751143,0.6547080946426351,0.5351506329091167,0.5354011468027886,0.5861349407304588,0.46900209319259306,0.44503133980207266,0.5383403958058326,0.6445461324841777,0.508027941778555
395,0.5263224952669386,0.6560211283291165,0.5346069132497857,0.5362819541327498,0.5846107886288039,0.47051353810924984,0.44654993958479333,0.53999472117023,0.6438385755078311,0.5073758341492695
396,0.5263514002494084,0.6572913207946186,0.5341057348505002,0.5371356610186188,0.5830756434555431,0.4720224078069991,0.4481284891363616,0.5416476050826687,0.6430519453241861,0.5067437639339171
397,0.5264349005503387,0.6585135792506975,0.5336478900903227,0.5379593867829429,0.5815299492485333,0.4735274047384889,0.44976656947694355,0.5432999317200359,0.6421866453488109,0.506132989479835
398,0.5265708008521361,0.6596828899698005,0.5332341293458994,0.538750327102244,0.5799741082432284,0.4750273054541126,0.45146364405013867,0.5449525767006499,0.6412432219418093,0.5055447513782572
399,0.5267568551345165,0.6607943364335566,0.5328651632438317,0.5395057575408052,0.5784084828067183,0.47652096476084216,0.4532190590748769,0.546606398906509,0.6402223625020722,0.504980270277163
400,0.5480508430062259,0.6659764548038356,0.5066516955575898,0.5476585563187432,0.5571470367343481,0.528352643322755,0.49041562205350314,0.5282012455162188,0.6408479589299242,0.5047469833693737
401,0.5492347109937813,0.6654120064168817,0.5066158003472021,0.5474938216875838,0.5553512661604723,0.5298316736743099,0.4932184938275106,0.5298607914707129,0.6388387102873786,0.5052978400000449
402,0.5920003020774157,0.6201006754992021,0.4843200183344423,0.5457116660444088,0.509592555264229,0.5731363411776734,0.5360625368524559,0.490193218944223,0.5990604720452225,0.5463543526987074
403,0.5926620923842001,0.6173528841745629,0.48535564143428,0.5448840769747294,0.5082133582043938,0.5738921341496219,0.5388117330649798,0.49110151190939133,0.596299760845814,0.5487312794816606
404,0.5927851556946979,0.6137317403220228,0.4878968112122511,0.5433440146458168,0.50685856169833,0.5747586736828417,0.5434941990105804,0.4941144234643766,0.5923684360460892,0.5521319715061365
405,0.6104558737490617,0.5703370325198476,0.48782667255260964,0.5372245249800679,0.4837626732806994,0.5822806777856261,0.5587506555600984,0.47390075293673983,0.5537780840952722,0.5842546803707007
406,0.6102384407151228,0.567280099458412,0.4894766596693156,0.5363071316360879,0.4830825283291018,0.5828260141615161,0.5611414043070704,0.47443098667357686,0.5510243511372416,0.5875403643494355
407,0.6099571873145403,0.5642577268479037,0.49116216509481797,0.5353686603274704,0.48243745924602066,0.5833915492790214,0.5635276576246477,0.47495367480698913,0.5482681312311256,0.5908705748057463
408,0.6096124826988781,0.5612733917208766,0.4928800056174525,0.5344099838265575,0.4818263769388429,0.5839809535877674,0.5659087006163769,0.4754694447571288,0.5455125164656972,0.5942417874237425
409,0.6092046977133206,0.558330436988088,0.4946269526744367,0.5334320040288876,0.4812481613185253,0.5845977894854797,0.5682837968888276,0.47597894544635333,0.5427606219177303,0.5976503784856214
410,0.6087342047848306,0.5554320646572942,0.49639974027512895,0.5324356528518746,0.4807016648629003,0.5852454982995617,0.570652185565194,0.4764828468177804,0.5400155834004329,0.6010926326264106
411,0.6082013782694211,0.5525813295958738,0.49819507306412353,0.5314218930902839,0.4801857161021228,0.5859273875764224,0.5730130782998615,0.4769818392809064,0.5372805551953165,0.6045647509164017
412,0.607606595250747,0.5497811338513516,0.5000096344986108,0.5303917192115761,0.4796991230211517,0.586646618728373,0.5753656563144224,0.477476633079735,0.5345587077578409,0.6080628592399486
413,0.6069502367790596,0.5470342215413124,0.5018400951138761,0.5293461580746467,0.4792406763751378,0.5874061950872536,0.5777090674761018,0.4779679575791825,0.5318532253866777,0.61158301693755
414,0.6062326895366658,0.5443431743216539,0.5036831208503062,0.5282862695560981,0.47880915291453213,0.5882089504131908,0.5800424234400103,0.47845656046585106,0.5291673038460951,0.6151212256766482
415,0.6054543479130469,0.5417104074395257,0.5055353814149243,0.5272131470688612,0.4784033185176791,0.5890575379057958,0.582364796876893,0.47894320685964314,0.5265041479306468,0.6186734385151454
416,0.603283771635243,0.5382691658889955,0.5089101669603824,0.5255047427254192,0.4784367529888451,0.5908891847504942,0.5867217099774775,0.48050927039633223,0.5232898594851206,0.6243896322474587
417,0.602361883347759,0.5357996501658215,0.5107756153865478,0.5243828693013984,0.47806680765359955,0.5918779160145964,0.58902525556653,0.48099368908474305,0.5206769795744742,0.6279472625521283
418,0.6013812328572954,0.533394847568219,0.5126390469696755,0.5232517896923392,0.4777177227301698,0.5929206529138331,0.5913136761416621,0.4814782941592458,0.5180985259147313,0.6315034761996787
419,0.5989200770581654,0.5302029381664206,0.5159588168953394,0.5214752079973022,0.4778395310629471,0.5951428427231641,0.5956845404578115,0.4829444950163051,0.515032400233337,0.6372445021186462
420,0.5978015075638612,0.5279745074809752,0.5178072269742816,0.5203052407289799,0.4775131885578309,0.5963418689378756,0.5979406735759508,0.48343054632602883,0.5125324740373363,0.6407660395005795
421,0.5966265154091597,0.5258152061154365,0.5196428471823844,0.5191305600562277,0.4772030292795313,0.5976001061965127,0.6001769039783053,0.48391902063309244,0.5100786818127314,0.6442707273887199
422,0.5953956788814562,0.523726090081956,0.5214626621167271,0.517952552359905,0.4769078862368492,0.5989183679714258,0.6023918961716049,0.4844107509874616,0.5076742514574727,0.647754499779487
423,0.5941096171872415,0.5217080408089166,0.5232637295834328,0.516772636502831,0.4766266063626219,0.6002972159344987,0.6045842614385998,0.4849065782953048,0.505322391901193,0.6512133298648108
424,0.5927689950619526,0.5197617666532022,0.5250431877767895,0.5155922625742483,0.47635805261841413,0.6017369563875148,0.6067525570701136,0.4854073495793544,0.5030262894509125,0.654643238775695
425,0.5913745274504718,0.5178878049102308,0.5267982622132359,0.5144129104251842,0.4761011060369565,0.6032376375961334,0.6088952858964082,0.48591391613693513,0.5007891039757204,0.6580403040789911
426,0.5899269842198405,0.5160865243019648,0.5285262723975548,0.5132360879940129,0.47585466770822865,0.6047990480461966,0.6110108961342341,0.4864271315983259,0.49861396492497434,0.6614006679916075
427,0.5884271948653249,0.5143581279214914,0.5302246381995646,0.5120633294229237,0.47561766071522227,0.6064207156376007,0.613097781564755,0.4869478498888238,0.4965039671757434,0.6647205452778212
428,0.5868760531707462,0.5127026566112868,0.5318908859206266,0.5108961929673949,0.4753890320254442,0.6081019078273631,0.6151542820562251,0.4874769230985764,0.494462166706494,0.6679962307970101
429,0.585274521784025,0.511119992750918,0.5335226540303821,0.5097362587021274,0.47516775434417535,0.6098416327297391,0.6171786844438513,0.4880151992649338,0.49249157609536987,0.6712241066709151
430,0.5836236366691467,0.5096098644287546,0.5351176985553262,0.5085851260282619,0.47495282793537136,0.6116386411774797,0.6191692237777727,0.48856352007276693,0.4905951598428749,0.6744006490415996
431,0.5819245113962648,0.5081718499712028,0.5366738981020708,0.5074444109880042,0.4747432824158632,0.6134914297443799,0.621124084948448,0.4891227184788617,0.48877582952026627,0.677522434393406
432,0.58017834123237,0.5068053828020871,0.5381892584994603,0.5063157433940533,0.4745381785282097,0.6153982447253358,0.6230414046970199,0.48969361626715163,0.48703643874654484,0.6805861454145967
433,0.5783864069959602,0.5055097566040632,0.5396619170450957,0.5052007637824748,0.4743366098971797,0.6173570870661249,0.6249192740164433,0.490277021542189,0.4853797779985611,0.6835885763768286
434,0.5765500786402871,0.5042841307533703,0.5410901463432288,0.504101120198807,0.47413770477436834,0.6193657182311105,0.6267557409472683,0.490873726168859,0.48380856926042787,0.6865266380132647
435,0.574670818531179,0.5031275359987998,0.5424723577224847,0.5030184648283149,0.47394062777491514,0.6214216669930177,0.6285488137700129,0.4914845031669033,0.48232546052012004,0.6893973618788324
436,0.572750184387056,0.5020388803555108,0.5438071042233835,0.5019544504823447,0.47374458160969646,0.6235222371249578,0.6302964645940873,0.49211010406940014,0.48093302012290784,0.6921979041790521
437,0.5707898318505488,0.5010169551841973,0.5450930831471852,0.5009107269537015,0.4735488088156763,0.6256645159708524,0.631996633341128,0.4927512562547932,0.47963373099295437,0.694925549056739
438,0.5687915166631176,0.5000604414261705,0.5463291381591576,0.4998889372548558,0.4733525934863821,0.6278453838664907,0.6336472321185277,0.4934086602625842,0.47842998473619935,0.6975777113289311
439,0.5667570964162737,0.49916791596511934,0.5475142609409894,0.49889071375360505,0.4731552630036864,0.630061524379607,0.6352461499768093,0.4940829871031811,0.47732407563934076,0.7001519386694661
440,0.5646885318553005,0.49833785808666214,0.5486475923886871,0.4979176742215299,0.47295618977124143,0.6323094353335588,0.6367912580423372,0.4947748755727774,0.4763181945814458,0.702645913235714
441,0.5601631045589882,0.49672771719113873,0.5510699368260269,0.4956774920495152,0.4720959135269152,0.6371770940476623,0.6392676168214443,0.4967446413299556,0.47388548278132775,0.7079039098542719
442,0.5579768105117079,0.4960961674468853,0.5520167549072748,0.49483052448526715,0.47191558131023326,0.6395017165950116,0.6406078049974817,0.4975159225885728,0.47327216008263917,0.7101185963071218
443,0.5557655855107794,0.4955194421424606,0.5529096878029168,0.49401563168698237,0.47173137525098674,0.6418408024676941,0.6418848479210377,0.49830768324475905,0.47276673110351214,0.7122447295337094
444,0.5535319567914568,0.4949955911029319,0.5537487141843516,0.4932342608025404,0.47154292646513696,0.6441900854912639,0.6430966145076715,0.4991203292659166,0.4723706813121809,0.7142807004715057
445,0.5512785522517988,0.4945226093677765,0.5545339597412696,0.49248781776217954,0.47134992281081617,0.6465452003578017,0.6442409963440706,0.4999542160208006,0.4720853533458494,0.7162250318187028
446,0.54900809796043,0.4940984435601111,0.5552656949806369,0.49177766326138783,0.471152110559351,0.6489016979528331,0.6453159152345892,0.500809646029115,0.47191194099765665,0.7180763758698897
447,0.5425345860534291,0.49591336503759237,0.5582242791386078,0.4889639025099631,0.4696170117145521,0.6532290118463662,0.6404484959100317,0.5119580983942721,0.4727000891982137,0.7197012260064882
448,0.5400509197164214,0.4956823042010716,0.5586334026006394,0.4887571765289379,0.46964676070623573,0.6554859671168595,0.6410338153663432,0.5130921434653747,0.47350912974863923,0.721050502507534
449,0.5375646229838361,0.49548508501956456,0.5589953629619041,0.48859351260302664,0.46967170770474787,0.657715088907405,0.6415368033403642,0.5142507976002658,0.47442735120157936,0.7223018888358369
450,0.5350791148614132,0.4953194745211805,0.5593116686222258,0.4884735758823472,0.46969203784888053,0.6599120124531476,0.6419558558477849,0.5154336351406031,0.47545423768241935,0.7234547321934877
451,0.5325978763944231,0.49518324679314446,0.5595839393737975,0.48839795646795997,0.4697080104992345,0.6620724269130517,0.6422894734070983,0.5166401508189464,0.4765890869375935,0.7245084781338039
452,0.5301244433774861,0.49507418724492025,0.5598139000246735,0.48836716719209305,0.46971995974388936,0.6641920904586329,0.6425362701314709,0.5178697599879266,0.47783100753338986,0.7254626661007243
453,0.5276623986569983,0.494990096600785,0.5600033737408792,0.48838164158721914,0.4697282947255243,0.6662668450528668,0.6426949826853167,0.5191217991072606,0.4791789164864052,0.7263169248478543
454,0.5252153640559036,0.49492879462088885,0.5601542751316126,0.48844173205321756,0.469733499779401,0.6682926308553391,0.6427644790623149,0.5203955264904451,0.48063153735198993,0.7270709677750996
455,0.5227869919527681,0.49488812355166145,0.5602686031028535,0.48854770823100147,0.4697361343717873,0.6702655001910354,0.6427437671415158,0.5216901233118629,0.4821873987958229,0.7277245882210827
456,0.5203809565490676,0.4948659513081286,0.5603484335054231,0.4886997555900713,0.46973683282863593,0.6721816310218703,0.6426320029783291,0.523004694873907,0.48384483367235437,0.7282776547495762
457,0.518000944860405,0.4948601743923896,0.5603959116041334,0.48889797423652,0.469736303844678,0.6740373398619772,0.6424284987875175,0.5243382721325712,0.4856019786323038,0.7287301064679139
458,0.5156506474689803,0.4948687205540889,0.5604132443951897,0.48914237794704835,0.46973532976353694,0.6758290940800482,0.642132730575848,0.5256898134788193,0.4874567742796973,0.7290819484148995
459,0.5133337490760164,0.49488955120022143,0.5604026927994196,0.48943289343355967,0.4697347656199922,0.6775535235345924,0.6417443453828607,0.5270582067718806,0.4894069658970384,0.7293332470549937
460,0.5110539188940331,0.49492066356302244,0.5603665637591835,0.48976935984190273,0.46973553793617234,0.6792074314907743,0.6412631680891652,0.5284422716194774,0.491450104755202,0.7294841259146302
461,0.5088148009198039,0.49496009263600177,0.560307202267017,0.4901515284873163,0.4697386432641726,0.6807878047706134,0.6406892077528683,0.5298407618988505,0.49358355002247684,0.7295347613952865
462,0.5066200041295741,0.4950059128893746,0.5602269833541309,0.49057906282811475,0.46974514646842935,0.6822918230916841,0.6400226634361534,0.5312523685113167,0.4958044712848692,0.7294853787965472
463,0.47760247810179823,0.5147721438987973,0.5645198558606855,0.5151460609665319,0.5160135460834047,0.6558557316454849,0.5851931576962947,0.6118864327214839,0.5854464666763198,0.660348303615815
464,0.4759587123474057,0.5142751494568423,0.5645270131214382,0.5168832719190698,0.5171609342126234,0.6558156953326687,0.582810701234289,0.6132767869427467,0.5885533319986834,0.6582743719150028
465,0.47353590665485207,0.5128037336093916,0.5645123382095075,0.5193877634118267,0.5175471763059915,0.6569156123800663,0.5795695248798373,0.6139426270424423,0.5919466557970393,0.6566277424187664
466,0.47209060238240236,0.5122844488750604,0.5645886782619848,0.5211283064733194,0.5187532888349755,0.6566922227585791,0.5770770233818556,0.6152142495883334,0.5949410120902265,0.6543680153774499
467,0.47072199022258043,0.5117505896752489,0.5646938918721655,0.5228706647992857,0.5199899582829379,0.6563969473275713,0.5745477274465093,0.6164349595723706,0.5978813338982221,0.6520348115295937
468,0.46943104770248756,0.5112016683516801,0.5648293358806908,0.5246128471261144,0.5212579574620823,0.6560307725593558,0.571986387999812,0.6176027447128567,0.6007629679514707,0.649630113286438
469,0.4682185958769341,0.5106372140161383,0.5649962516388515,0.5263528637985356,0.5225579769511389,0.6555947776640447,0.5693978853049212,0.6187157384127001,0.6035813831799102,0.6471559811258311
470,0.4670852984731046,0.5100567723945592,0.5651957620499399,0.5280887300380254,0.5238906200049507,0.6550901262581874,0.566787217158249,0.619772225342153,0.6063321834688186,0.6446145543764472
471,0.5137505207723603,0.47150020396772335,0.5224471962833185,0.5248136705015175,0.6012628253960342,0.5963996961835021,0.6553487171827478,0.5128870987243149,0.5865160664422594,0.6546593212155515
472,0.5125806650467525,0.4711864888688859,0.5229370141523586,0.5219283757274202,0.6002970052863704,0.5984850237416179,0.6571004491090557,0.5122978384981374,0.5829458579462781,0.6575151298307156
473,0.5114113069720173,0.470918782353082,0.5234001647487427,0.5190376136838208,0.5992680628703149,0.6006267744317964,0.6587998623068132,0.5117447787158572,0.579383667223616,0.6602863713758986
474,0.5102449303812802,0.47069588076718993,0.52383553973194,0.5161442468673568,0.5981766936127302,0.6028218529576248,0.6604450102115967,0.5112279307500549,0.5758337069338869,0.6629710376933502
475,0.5090840899948744,0.4705164985356926,0.5242421011214298,0.5132511884470413,0.5970236365447918,0.6050669023016515,0.6620339945514475,0.5107472244415184,0.5723002180441429,0.6655673293302231
476,0.5079314093133162,0.47037927236217086,0.5246188825122347,0.5103613940283468,0.595809668554237,0.607358310588523,0.6635649672849251,0.5103025098980022,0.5687874651075161,0.6680736557195189
477,0.5073376725679376,0.47000291397050437,0.5264940666148985,0.5049546197178305,0.5842130112007785,0.6182778898885006,0.66814144637387,0.5047031189543277,0.5544134802043614,0.6787657479673995
478,0.5061540127958115,0.47001399090765816,0.5267805240319706,0.5021511717204457,0.5828097894387859,0.6207015226624151,0.6694274729246095,0.5044088090217784,0.5511112327199631,0.6809313885229027
479,0.504990222257225,0.47006130091869014,0.5270322575747672,0.4993647812565079,0.5813512120549498,0.6231499457811069,0.6706485121174585,0.504147215115181,0.5478534842251211,0.6830025225199009
480,0.5038492810725037,0.4701430659764931,0.5272487427295958,0.49659843818413635,0.579838113694754,0.6256182349158119,0.6718029732422709,0.50391784341055,0.5446444766904146,0.6849787188238715
481,0.5027342167662634,0.4702574597138704,0.527429533544035,0.4938551183479593,0.5782713439499362,0.6281012896868755,0.6728893282338301,0.5037201438485452,0.5414884318639513,0.6868597299574845
482,0.5016480987651019,0.4704026124359556,0.527574262143734,0.4911377748741844,0.5766517649191384,0.6305938486207668,0.6739061140201007,0.5035535129301604,0.538389544361965,0.6886454858194119
483,0.5005940324580421,0.47057661613517265,0.5276826380520423,0.48844932954733283,0.5749802492269961,0.6330905049215725,0.6748519348791292,0.5034172966014812,0.5353519745221575,0.6903360866897643
484,0.4995751528341382,0.4707775294936159,0.5277544473193136,0.4857926643044349,0.5732576785116683,0.6355857230047269,0.6757254648023346,0.5033107932125298,0.5323798410277925,0.6919317955571757
485,0.49845571372102654,0.47151009695451984,0.5304829893956386,0.4790272570255327,0.5491198833744826,0.6550449215736638,0.6794706124905552,0.4973194305123934,0.5128973481846139,0.7052640122626942
486,0.4974754331143587,0.4718260199947511,0.5304104054598756,0.47672532694539344,0.5472242921797325,0.6574285292850589,0.6799238979657372,0.49741867590132016,0.5106445649807019,0.7063572931730524
487,0.4965472338738997,0.47215862585800905,0.5302998663367616,0.4744707106839466,0.5452870092650237,0.6597711444774267,0.680299093514423,0.4975398256131964,0.5084885165126248,0.7073609199244532
488,0.4956743564420079,0.472505781181274,0.5301517629575142,0.4722656458273613,0.5433089993151148,0.6620668951662089,0.6805953294850173,0.49768210601660584,0.5064324314034346,0.7082759916171738
489,0.49486001306681027,0.47286535751365283,0.5299665540229713,0.4701122731794722,0.5412912548288712,0.6643099561695913,0.6808118307697848,0.4978447260255764,0.5044794105684419,0.709103676325189
490,0.4941073784777182,0.4732352358198828,0.5297447633796574,0.46801263099141355,0.5392347985352112,0.6664945697113781,0.6809479198641013,0.49802687913530225,0.5026324186132436,0.709845199667055
491,0.49341958040393363,0.4736133108462166,0.529486977283828,0.4659686495731741,0.5371406860934864,0.6686150659647352,0.6810030198463657,0.4982277453944357,0.5008942752848099,0.7105018333023561
492,0.4927996899760548,0.4739974953429756,0.5291938415650519,0.46398214630497997,0.5350100090504457,0.6706658834519165,0.6809766572651378,0.49844649330803564,0.49926764700898724,0.7110748834189127
493,0.4922507120521302,0.4743857241390016,0.5288660587009275,0.46205482106436196,0.5328438980235441,0.6726415892147032,0.6808684649196871,0.49868228166591844,0.4977550385489491,0.7115656792766084
494,0.49177557551055157,0.47477595806416656,0.5285043848145303,0.4601882520826474,0.5306435260781779,0.6745368986702464,0.6806781845197961,0.49893426129183266,0.4963587848201699,0.7119755618739797
495,0.4913771235529668,0.4751661877169868,0.5281096266061515,0.45838389224249687,0.528410112264439,0.6763466950673888,0.6804056692104217,0.49920157670957743,0.49508104289834653,0.7123058728036684
496,0.4910581040609652,0.4755544370752494,0.5276826382307542,0.4566430658259282,0.5261449252772136,0.6780660484592549,0.680050885946599,0.49948336772284807,0.49392378425735467,0.7125579433624035
497,0.49082116005062365,0.4759387669483767,0.5272243181324954,0.45496696572012824,0.5238492872019468,0.6796902341090674,0.6796139177039074,0.499778770906331,0.49288878727484225,0.7127330839804299
498,0.49066882026908415,0.4763172782710298,0.5267356058474119,0.4533566510861664,0.5215245773070774,0.6812147502476286,0.6790949655097398,0.5000869210062268,0.49197763004332723,0.712832574034124
499,0.490603489977177,0.47668811523817617,0.5262174787852214,0.4518130454935938,0.5191722358431642,0.6826353351028355,0.6784943502806983,0.5004069522490818,0.49119168352475956,0.7128576521040755
500,0.4907997476368647,0.4774504262929111,0.5249182367472213,0.4490338981283844,0.5173229006788825,0.6835653916240937,0.6771822034023572,0.5009507861257264,0.49042397290112466,0.7120185487705732
501,0.49099760038709933,0.4777926682404571,0.5243189740144439,0.44764353030257614,0.5148898376403136,0.6846981470025097,0.6763745248008015,0.5012893292365428,0.48991897961300834,0.7118611357350394
502,0.49129030547835334,0.4781205909918152,0.5236941448421927,0.44632243188391774,0.5124340358178674,0.6857139767317489,0.6754874700716013,0.5016369516315097,0.48954201417058013,0.7116334431408082
503,0.49167957039689014,0.478432580199169,0.5230448519474555,0.4450709074052165,0.5099572403067432,0.6866098902072012,0.6745219331642147,0.5019927762221026,0.4892934998283698,0.7113364250929048
504,0.4921669321301438,0.47872707972918455,0.522372217858088,0.44388912271087366,0.5074612764151021,0.6873832138561388,0.673478932374929,0.5023559314016333,0.4891736240417415,0.7109709514548294
505,0.4927537502599641,0.4790025937959116,0.5216773818420064,0.44277710609242793,0.5049480526315193,0.688031601686221,0.6723596104892414,0.5027255518557623,0.48918233463260047,0.710537802340426
506,0.4934412005485228,0.47925768895548254,0.5209614968880059,0.4417347498511379,0.5024195632944226,0.6885530446103275,0.6711652346367435,0.5031007792882909,0.4893193365567174,0.7100376634362043
507,0.49423026904974005,0.47949099596666095,0.5202257267457839,0.4407618122739943,0.4998778909250719,0.6889458784987152,0.6698971958481645,0.5034807630658167,0.48958408930283076,0.7094711221901185
508,0.49512174677676496,0.4797012115214602,0.5194712430322966,0.4398579200080305,0.4973252081871665,0.6892087909145856,0.6685570083051207,0.503864660785315,0.4899758049517527,0.7088386648983577
509,0.49611622495356483,0.4798870998501505,0.5186992224110585,0.43902257081638024,0.4947637794379712,0.6893408264944342,0.6671463082740038,0.50425163876913,0.4904934469215682,0.7081406747169496
510,0.49721409087598883,0.48004749420499904,0.5179108438505218,0.43825513669820115,0.49219596183788106,0.6893413909401761,0.6656668527165034,0.5046408724922234,0.4911357294226573,0.7073774306201122
511,0.4984155244048823,0.48018129822708894,0.5171072859671592,0.4375548673534171,0.4896242059876498,0.6892102535957367,0.6641205175702951,0.5050315469468734,0.4919011176437485,0.7065491073221459
512,0.4997204951108627,0.4802874872004699,0.5162897244583556,0.43692089397214,0.48705105606499144,0.6889475485868078,0.66250929569462,0.5054228569503035,0.4927878286875031,0.7056557761744481
513,0.501128760087313,0.4803651091977841,0.5154593296297199,0.4363522333276947,0.48447914943499815,0.6885537745085298,0.6608352944766784,0.5058140074009523,0.4937938332712496,0.704697407043819
514,0.5026398624449726,0.48041328612133594,0.5146172640209092,0.4358477921513614,0.481911215711731,0.6880297926521188,0.6591007330960468,0.5062042134892871,0.4949168582054533,0.703673871172761
515,0.5042531304982559,0.48043121464334787,0.5137646801335498,0.4354063717662363,0.4793500752514323,0.6873768237678068,0.6573079394456722,0.5065927008692223,0.4961543896593453,0.7025849450169248
516,0.5059676776501052,0.48041816704889534,0.5129027182643418,0.4350266729570757,0.4767986370610717,0.6865964433678352,0.6554593467093581,0.5069787057962615,0.497503677219815,0.7014303150492291
517,0.5077824029788354,0.48037349198471513,0.5120325044459451,0.4347073010525428,0.47425989610934605,0.6856905755797618,0.6535574895971263,0.5073614752385766,0.4989617387462913,0.7002095835146164
518,0.5096959925270019,0.48029661511674043,0.5111551484977431,0.43444677119597364,0.4717369300307755,0.6846614855667501,0.65160500024125,0.5077402669671798,0.5005253660207994,0.6989222751137564
519,0.5117069212889624,0.4801870396988744,0.5102717421881311,0.4342435137806076,0.4692328952171823,0.683511770538024,0.6496046037572983,0.5081143496313397,0.502191131188829,0.6975678445885174
520,0.5138134558903711,0.48004434705511556,0.5093833575094949,0.43409588002517124,0.46675102229455706,0.6822443493790452,0.6475591134760097,0.508483002825271,0.5039553939829947,0.6961456851765088
521,0.5160136579495087,0.4798681969767508,0.5084910450666202,0.4340021476657753,0.46429461098709535,0.6808624509373289,0.64547142585336,0.5088455171519877,0.5058143097177898,0.6946551378966784
522,0.5183053881070312,0.479658328035914,0.5075958325788257,0.43396052674027147,0.4618670243740197,0.679369601006043,0.6433445150677336,0.5092011942900371,0.5077638380400455,0.6930955016227001
523,0.5206863107074697,0.4794145578163831,0.5066987234957269,0.4339691654415233,0.45947168254864346,0.6777696080536175,0.6411814273146116,0.5095493470686011,0.5097997524159976,0.691466043895856
524,0.5231538991126584,0.4791367830620421,0.5058006957261119,0.43402615601643957,0.4571120556929591,0.6760665477535397,0.6389852748107554,0.5098892995561735,0.5119176503321733,0.6897660124242528
525,0.5257054416242264,0.4788249797430271,0.5049027004790828,0.43412954068815945,0.4547916565848691,0.6742647463742254,0.6367592295213423,0.5102203871677561,0.5141129641836899,0.6879946472105979
526,0.5283380479893429,0.47847920303911806,0.5040056612162288,0.4342773175793639,0.4525140325589131,0.6723687630943761,0.6345065166250031,0.5105419567951424,0.5163809728199482,0.6861511932463892
527,0.531048656461122,0.478099587239544,0.5031104727132895,0.43446744661541514,0.4502827569450544,0.670383371314486,0.6322304077331565,0.5108533669645231,0.5187168137142081,0.6842349137062838
528,0.5338340413824709,0.477686345557957,0.5022180002294604,0.43469785538680333,0.44810142001367526,0.6683135390401336,0.6299342138814402,0.5111539880252445,0.521115495720136,0.6822451035726358
529,0.5366908212596774,0.477239769860942,0.501329078782202,0.434966444951253,0.44597361945840613,0.6661644084173689,0.6276212783123798,0.5114432023731245,0.523571912375106,0.6801811036167454
530,0.5421888203403027,0.4771282172942101,0.4996136783044851,0.4349679296239269,0.4439785392201326,0.6614715062403999,0.6235726881992183,0.5109237815569804,0.5267486808996287,0.6763960779810927
531,0.5452369915164019,0.47658669843473855,0.49872350271096766,0.4353088049349108,0.4419628172871309,0.6591319926246506,0.6212460840638866,0.5111819583831725,0.5293023287221049,0.6741541076814025
532,0.548343531497355,0.47601294973652514,0.4978397313392723,0.43568089970806617,0.4400120708679904,0.6567323153286186,0.618915128654232,0.5114268310995728,0.5318957734653347,0.6718362514682737
533,0.5528515978798617,0.4725980663370474,0.49675151492363234,0.43816194898905275,0.432709522337412,0.6546270573489706,0.6145935183495993,0.5150275878156457,0.5404393393891682,0.6671806871654391
534,0.5560498479829141,0.4719627935839581,0.49593476441392337,0.4386638545036588,0.4311377529877398,0.6521092087699494,0.6122241562927492,0.5152170900858437,0.543191481459619,0.6645641714061145
535,0.5614327614537619,0.4667743482749902,0.4946171766780763,0.44296940301475246,0.4230282239612871,0.6501037714896845,0.606050909133843,0.5214305461579041,0.5560425991137428,0.6567710031996805
536,0.5646506022183349,0.4661055328917757,0.49390638400414016,0.4436011404115972,0.42208229296312816,0.6475637845082375,0.6036553366505122,0.5215289805849689,0.5588930321386355,0.6537646786260327
537,0.567889628289075,0.46541660872168306,0.4932057473353684,0.4442414780849167,0.42123619667255985,0.6450131196816049,0.6012811329930988,0.5216087567101474,0.5617274006540763,0.6506867651844966
538,0.5711455022669022,0.46470872144937314,0.4925156948665298,0.44488857434235235,0.4204922022170022,0.6424570509615275,0.5989316050587039,0.5216694828342822,0.5645401688472291,0.6475387365354931
539,0.5744138709474228,0.4639830752847868,0.4918366249501464,0.44554062973596237,0.4198524056723892,0.6399006983996671,0.5966099931423998,0.5217107813899405,0.5673259283472901,0.6443222971491589
540,0.5776903751301015,0.46324093108567393,0.4911689064847703,0.4461958898663219,0.4193187221187776,0.637349006656313,0.5943194628883399,0.5217322901592768,0.5700794143588405,0.6410393909673116
541,0.5809706592436017,0.4624836043577522,0.4905128793574504,0.446852647985447,0.4188928761408145,0.6348067242865367,0.5920630974077414,0.5217336635349358,0.5727955213241972,0.6376922090978927
542,0.5870720431557589,0.4618752059432457,0.48937425922180944,0.44737297817399757,0.41880544942318926,0.6295890051726217,0.5884881727748006,0.5204205343321373,0.5762585615557922,0.6322946845342557
543,0.5903642998024938,0.4610672746244999,0.48873734311277245,0.4480177314009455,0.41860797937661687,0.6270736221717934,0.5863547843681914,0.5203756021221598,0.5788479890293196,0.6288081383356041
544,0.5936451324340615,0.46024871377458004,0.48811324625100827,0.4486588778838995,0.4185223899384958,0.6245827078441468,0.5842660324794113,0.5203095995761944,0.5813845112634209,0.6252666697201715
545,0.5969102924470159,0.45942107677447264,0.4875021810608872,0.44929493415245403,0.4185495099647966,0.6221198907329741,0.5822244891394961,0.5202222745978219,0.5838639589029733,0.6216736325600719
546,0.6001555838631437,0.4585859591549302,0.48690433406242295,0.4499244752442993,0.41868993722937214,0.6196885063758442,0.5802326030039625,0.5201133996785184,0.5862823932891559,0.6180326518164186
547,0.6033768709684941,0.4577449957627604,0.4863198666064493,0.45054613609936695,0.4189440328594466,0.6172915838577263,0.5782926934006544,0.5199827731830783,0.5886361173459369,0.6143476235981837
548,0.606570085530827,0.45689985780227854,0.4857489156412266,0.4511586127738308,0.4193119165550804,0.6149318337608459,0.576406944761607,0.5198302206184299,0.5909216855567069,0.610622713885738
549,0.6097312335749158,0.45605224975411235,0.4851915945077891,0.45176066347964144,0.4197934626272159,0.6126116375708558,0.5745774014618585,0.519655595878029,0.5931359129846492,0.6068623558957279
550,0.6128564016980373,0.4552039061741818,0.4846479937614342,0.45235110945565654,0.42038829688532037,0.6103330385925817,0.5728059630866464,0.5194587824540859,0.5952758832943664,0.6030712460707002
551,0.6159417629109869,0.4543565883763166,0.4841181820168632,0.45292883567677356,0.42109579440185996,0.6080977344219104,0.5710943801467724,0.519239694609983,0.5973389557363972,0.5992543386837335
552,0.6189835819929871,0.45351208100263757,0.48360220681458055,0.4534927914077295,0.42191507817686885,0.6059070710134972,0.5694442502601733,0.5189982785053944,0.5993227710606007,0.5954168390553349
553,0.6219782203519841,0.45267218848648944,0.4831000955062615,0.4540419906084299,0.42284501872172825,0.6037620383768337,0.5678570148158818,0.5187345132668045,0.6012252563289642,0.5915641953869774
554,0.624922140384935,0.4518387314133969,0.48261185615690705,0.45457551219782855,0.4238842345770216,0.6016632679258932,0.5663339561346069,0.5184484119963828,0.6030446286030945,0.5877020892227797
555,0.6278119093358484,0.4510135427861728,0.48213747846169963,0.45509250018343683,0.4250310937749071,0.599611031500113,0.5648761951381371,0.5181400227124304,0.6047793974865715,0.5838364245580466
556,0.6306442026524534,0.4501984642009882,0.4816769346755799,0.4555921636635809,0.42628371625197375,0.5976052420668683,0.5634846895376386,0.5178094292149436,0.6064283665073558,0.5799733156205081
557,0.6334158068454859,0.4493953419418639,0.4812301805536634,0.45607377670948557,0.42763997721397584,0.595645456107919,0.5621602325487554,0.5174567518701959,0.6079906333305828,0.5761190733572358
558,0.636123621857616,0.4486060230016893,0.4807971563007064,0.4565366781341771,0.42909751144922215,0.5937308776845974,0.5609034521391671,0.517082148308621,0.6094655887973033,0.5722801906672148
559,0.6387646629520218,0.4478323510384912,0.4803777875279294,0.4569802711550645,0.4306537185827574,0.5918603641687428,0.5597148108119812,0.5166858140306981,0.6108529147900048,0.568463326426427
560,0.6413360621335229,0.4470761622762875,0.4799719862155912,0.4574040229568831,0.432305769258836,0.5900324336187202,0.5585946059260118,0.516267982915999,0.6121525809310785,0.5646752883590449
561,0.643835069117948,0.4463392813604125,0.47957965167978883,0.45780746416145124,0.4340506122345641,0.5882452737721748,0.5575429705516688,0.5158289276310118,0.6133648401257148,0.5609230148148295
562,0.6462590518680843,0.44562351717775345,0.47920067154203955,0.45819018821044155,0.43588498236302936,0.5864967526196433,0.5565598748587918,0.5153689599318508,0.6144902229659993,0.5572135555190926
563,0.6486054967170815,0.4449306586528241,0.47883492270027184,0.4585518506670683,0.4378054094397348,0.5847844305157376,0.5556451280304641,0.5148884308584868,0.615529531018286,0.5535540513676247
564,0.6508720081025257,0.4442624705310658,0.47848227229991913,0.45889216844227043,0.4398082278817721,0.5831055737773525,0.554798380694434,0.514387730817627,0.6164838290210466,0.5499517133446198
565,0.6530563079366174,0.4436206891611722,0.4781425787038731,0.4592109189506249,0.44188958720488986,0.5814571697113465,0.5540191278615229,0.5138672895519458,0.6173544360255511,0.5464138006470466
566,0.6551562346398633,0.44300701828859707,0.47781569246010136,0.45950793920085015,0.4440454632594934,0.5798359430073238,0.5533067123580644,0.5133275759938775,0.6181429155166362,0.542947598103839
567,0.6571697418675025,0.44242312487271046,0.4775014572657902,0.4597831248253801,0.446271670182656,0.5782383734246431,0.55266032873722,0.512769098002745,0.6188510645556735,0.5395603929828852
568,0.6590948969595043,0.4418706349403253,0.47719971092690855,0.46003642905309244,0.4485638730194622,0.5766607146965754,0.5520790276518455,0.5121924019845512,0.6194809019924663,0.5362594512829496
569,0.660929879146295,0.44135112948850547,0.4769102863121249,0.46026786162887207,0.4509176009634493,0.5750990145686383,0.55156172066947,0.5115980723942938,0.620034655797234,0.5330519936113388
570,0.6626729775435569,0.44086614044969435,0.47663301230003596,0.4604774876832815,0.45332826116258984,0.5735491358826589,0.5511071855079576,0.5109867311212073,0.6205147495680718,0.5299451707513604
571,0.6643225889703196,0.4404171467322881,0.4763677147186902,0.4606654265552173,0.45579115303420575,0.5720067786129851,0.5507140716684974,0.5103590367578769,0.6209237882732368,0.5269460390263532
572,0.6658772156252141,0.44000557034976406,0.47611421727640435,0.46083185057002646,0.4583014830293872,0.570467502756594,0.5503809064407552,0.5097156837546756,0.621264543291293,0.5240615355692598
573,0.667335462656177,0.4396327726514178,0.4758723424828661,0.4609769837751676,0.4608543797849832,0.5689267519745896,0.5501061012533285,0.5090574014614849,0.6215399368155992,0.5212984536084143
574,0.6686960356590353,0.4393000506676529,0.4756419125595499,0.46110110063515,0.46344490959902374,0.5673798778788284,0.549887958341089,0.5083849530591552,0.6217530256926987,0.5186634178813473
575,0.6699577381403029,0.43900863358253595,0.4754227503384312,0.4612045246870985,0.4660680921635122,0.5658221648540913,0.549724677699549,0.5076991343836154,0.6219069847669821,0.5161628602890018
576,0.6711194689791548,0.43875967934610827,0.47521468014800766,0.46128762715799226,0.4687189164869671,0.5642488553034747,0.5496143642951135,0.5070007726460005,0.6220050898064373,0.5138029959027756
577,0.6721802199229437,0.43855427143858444,0.47501752868560765,0.4613508255442926,0.4713923569378339,0.5626551752023714,0.54955503549893,0.5062907250525716,0.6220507000864038,0.511589799436273
578,0.6731390731497578,0.43839341579819247,0.47483112587494813,0.4613945821544085,0.47408338933899,0.5610363598447067,0.5495446287110884,0.5055698773286166,0.6220472407099963,0.5095289822925566
579,0.6739951989304102,0.4382780379239515,0.4746553057078947,0.4614194026141976,0.4767870070430129,0.5593876796638861,0.5495810091410857,0.5048391421508679,0.6219981847452198,0.507625970296006
580,0.6747478534209174,0.43820898016415033,0.47448990706933425,0.4614258343354739,0.4794982369176694,0.5577044660102743,0.549661977709845,0.5040994574933202,0.6219070352597966,0.5058858822156849
581,0.6753963766149425,0.43818699920072596,0.4743347745440568,0.4614144649473172,0.4822121551712446,0.5559821367669366,0.5497852790381038,0.5033517848916372,0.6217773073353277,0.5043135091843378
582,0.6759401904838872,0.4382127637390939,0.4741897592045064,0.4613859206898343,0.48492390294783017,0.5542162216858307,0.5499486094856846,0.5025971076316089,0.6216125101426155,0.5029132951138238
583,0.6763787973303172,0.4382868524122951,0.4740547193782298,0.4613408647698991,0.48762870162355554,0.5524023873276636,0.5501496252060649,0.5018364288673631,0.6214161291598019,0.5016893182039542
584,0.6767117783781992,0.43840975190757525,0.47392952139381483,0.4612799956783373,0.4903218677359456,0.5505364614901961,0.5503859501807212,0.5010707696752391,0.6211916086144051,0.5006452736373459
585,0.6769387926210569,0.4385818553227307,0.4738140403040815,0.4612040454679781,0.4929988274801629,0.5486144570118946,0.5506551841979864,0.5003011670494215,0.6209423342293636,0.4997844575480729
586,0.6770595759465781,0.4388034607587184,0.47370816058525234,0.46111377799201125,0.49565513070776895,0.5466325948404638,0.5509549107415781,0.4995286718455508,0.620671616351853,0.4991097523465629
587,0.6770739405535381,0.43907477015414825,0.4736117768107886,0.46100998710210656,0.4982864643658685,0.5445873262589994,0.5512827047545978,0.49875434667866175,0.620382673541917,0.4986236134774589
588,0.6769817746740283,0.4393958883663852,0.4735247942985562,0.46089349480586295,0.5008886653170509,0.5424753541661522,0.551636140245571,0.49797926378185725,0.6200786166958272,0.49832805768095656
589,0.6767830426110462,0.43976682250303945,0.47344712972994696,0.4607651493832423,0.5034577324833756,0.5402936533108859,0.5520127977040822,0.49720450283217715,0.6197624337766414,0.4982246528215939
590,0.6764777850984504,0.44018748150666864,0.47337871173955237,0.46062582346181336,0.5059898382608041,0.5380394893870626,0.5524102712946998,0.496431148750134,0.6194369752215936,0.4983145093415231
591,0.6760661199871416,0.440657675994542,0.4733194814739652,0.46047641205080714,0.5084813391538903,0.5357104368981921,0.5528261757991919,0.4956602894793716,0.6191049400927983,0.4985982733880625
592,0.6755482432581632,0.44117711835431356,0.47326939311825555,0.4603178305342044,0.5109287855842178,0.5333043957082022,0.5532581532784953,0.49489301375284617,0.6187688630342741,0.49907612165778426
593,0.6749244303601588,0.44174542309546944,0.47322841438865765,0.4601510126233278,0.5133289308299984,0.530819606200036,0.5537038794275305,0.4941304088518737,0.6184311020944818,0.49974775799160415
594,0.6741950378654277,0.4423621074553926,0.4731965269899844,0.4599769082696777,0.5156787390583735,0.5282546629701784,0.5541610695977113,0.49337355836426433,0.6180938274695391,0.5006124117473381
595,0.6733605054355535,0.44302659225790786,0.47317372703627414,0.45979648153905284,0.517975392416307,0.5256085269938675,0.554627484463892,0.4926235399476575,0.6177590112178829,0.5016688379680133
596,0.6724213580843915,0.4437382030211737,0.4731600254331864,0.4596107084483233,0.5202162971504762,0.5228805362027217,0.5551009353145349,0.4918814231040191,0.6174284179926026,0.5029153193559187
597,0.671378208723049,0.4444961713108118,0.47315544822064887,0.4594205747665544,0.5223990887312274,0.5200704144237394,0.5555792889460026,0.4911482669710893,0.617103596832832,0.5043496700539615
598,0.6702317609683972,0.4452996363332185,0.47316003687427693,0.45922707378253524,0.5245216359604797,0.5171782786361354,0.5560604721441328,0.49042511813638806,0.6167858740505827,0.505969241227464
599,0.6689828121936893,0.4461476467630754,0.4731738485641075,0.4590312040411427,0.5265820440483541,0.5142046445101642,0.5565424757385897,0.4897130084791842,0.6164763472442277,0.5077709284310686
600,0.6676322567969537,0.44703916279817346,0.473196956369201,0.4588339670513326,0.5285786566482983,0.5111504301999517,0.5570233582178905,0.48901295304560705,0.616175880464487,0.5097511807369937
601,0.6661810896601184,0.4479730584338163,0.4732294494467092,0.45863636496893423,0.5305100568455297,0.5080169583703732,0.5575012488955038,0.4883259479618662,0.6158851005533349,0.5119060115925556
602,0.6646304097692072,0.4489481239482496,0.47327143315404113,0.4584393982578176,0.5323750670986624,0.5048059564460913,0.5579743506199313,0.48765296839028627,0.6156043946706763,0.5142310113666371
603,0.6629814239635635,0.44996306858978535,0.47332302912280194,0.4582440633333523,0.5341727481394932,0.5015195550790452,0.558440942024275,0.48699496653262914,0.6153339090180436,0.5167213615367395
604,0.6612354507798104,0.4510165234555834,0.4733843752832491,0.45805135019248167,0.535902396840938,0.49816028483884534,0.5588993793133834,0.4863528696849207,0.6150735487628816,0.5193718504604008
605,0.6593939243542355,0.452107044551382,0.4734556258380632,0.4578622400350755,0.5375635430681285,0.4947310711386776,0.5593480975892784,0.48572757834774094,0.61482297916134,0.522176890667161
606,0.6574583983455222,0.4532331160208578,0.47353695118430533,0.4576777028815752,0.5391559455325945,0.4912352274174082,0.5597856117181765,0.4851199643956694,0.614581627871832,0.5251305375999415
607,0.655430549838161,0.45439315353276605,0.47362853778252173,0.45749869519228614,0.5406795866742741,0.48767644660657467,0.5602105167450033,0.48453086930933725,0.6143486884460122,0.528226509727709
608,0.6517409952657301,0.45565532660618935,0.4738463740464219,0.4570020494610534,0.5427780427775597,0.48218584296371597,0.5616065249413754,0.48306127010097905,0.6139615111904714,0.5330883050092963
609,0.6495067634741404,0.45686608007757407,0.4739686907239568,0.45685818119054805,0.5441323448261715,0.47848949262175244,0.5620295391061769,0.4825482298528411,0.6137499819571812,0.5365071974703565
610,0.6471869460752412,0.458104957477135,0.47410204444794346,0.45672305271802305,0.5454201953172216,0.47474496990989945,0.5624356552003652,0.4820567339030575,0.6135428739688847,0.5400451430300726
611,0.6447838026813727,0.459370141021353,0.4742466836176254,0.45659750914083724,0.5466424584832249,0.4709575360790426,0.5628238112690073,0.4815874535051569,0.6133383402509811,0.5436946371749242
612,0.6422997347239467,0.4606597648880637,0.47440287084863275,0.45648236916777346,0.5478001753920839,0.46713275867902193,0.5631930211807119,0.48114102091860156,0.6131343377367786,0.5474479663805953
613,0.6397372882024748,0.46197191926841275,0.4745708824877444,0.45637842292904246,0.5488945535677,0.46327649306803814,0.5635423723702305,0.4807180281458054,0.6129286379981113,0.5512972348097425
614,0.6370991561014968,0.4633046544797032,0.4747510080709045,0.4562864298374845,0.5499269559718676,0.4593948626499722,0.5638710232425008,0.4803190257486247,0.6127188388874774,0.5552343916244192
615,0.634388180433648,0.46465598512562706,0.4749435497245037,0.4562071165078796,0.5508988894051309,0.4554942379269798,0.5641782002635637,0.47994452174560576,0.6125023770350586,0.5592512587931623
616,0.6316073538682367,0.4660238942904898,0.4751488215100802,0.45614117474128585,0.5518119923870205,0.4515812144599966,0.5644631947655845,0.47959498059110756,0.6122765411401602,0.5633395592703646
617,0.6287598209060254,0.4674063377542421,0.4753671487127677,0.45608925958130525,0.552668022578427,0.4476625898346102,0.564725359494774,0.4792708222372601,0.6120384859929888,0.567490945423695
618,0.625848878562626,0.4688012482153965,0.47559886707397786,0.45605198744911246,0.5534688438109621,0.4437453397341135,0.5649641049324775,0.47897242127958606,0.6117852471594596,0.5716970275841275
619,0.6228779765248198,0.47020653950923813,0.47584432196897397,0.4560299343639621,0.5542164127898555,0.4398365932254128,0.5651788954209402,0.4787001061869919,0.6115137562587821,0.5759494025925314
620,0.6198507167463679,0.47162011080914396,0.47610386753017275,0.456023634255749,0.5549127655383433,0.4359436073668209,0.5653692451263459,0.47845415861671114,0.6112208567610273,0.5802396822167964
621,0.6167708524523431,0.47303985079928207,0.4763778657171888,0.4560335773759964,0.5555600036525334,0.43207374124959874,0.5655347138726109,0.4782348128147079,0.6109033202296451,0.5845595213140904
622,0.6136422865237386,0.4744636418074812,0.4766666853348156,0.4560602088134115,0.5561602804363999,0.4282344295874058,0.5656749028800986,0.478042255101949,0.6105578629320686,0.5889006456141052
623,0.6104690692371102,0.4758893638876426,0.476970701000327,0.45610392711987413,0.5567157869869194,0.42443315596956305,0.5657894504439153,0.47787662344688897,0.6101811627400892,0.5932548790010163
624,0.6072553953371659,0.4773148988416827,0.4772902920616651,0.4561650830524063,0.5572287382993006,0.4206774258952391,0.5658780275867176,0.4777380071244635,0.6097698762405896,0.5976141701743372
625,0.6040056004236476,0.4787381341716693,0.47762584146827053,0.4562439784363181,0.557701359461894,0.41697473970629434,0.5659403337210445,0.4776264464618177,0.609320655976539,0.6019706185719145
626,0.600724156637418,0.4801569669535313,0.47797773459649723,0.45634086515433203,0.5581358720096166,0.4133325655366065,0.5659760923560332,0.477541932670984,0.6088301677378515,0.6063164994419404
627,0.5974156676344405,0.4815693076244585,0.478346358031744,0.4564559442660719,0.5585344805036561,0.4097583123952172,0.5659850468830417,0.47748440776867285,0.6082951078218054,0.6106442879550604
628,0.5940848628402268,0.4829730836768987,0.4787320983096148,0.4565893652618341,0.5588993594037592,0.40625930349959605,0.5659669564741191,0.47745376458332683,0.6077122201831605,0.6149466822523599
629,0.5907365909813873,0.48436624325285277,0.47913534061860985,0.4567412254540847,0.5592326402976908,0.40284274997374286,0.5659215921265259,0.4774498468495682,0.6070783133950225,0.6192166253302941
630,0.5873758128950265,0.4857467586329974,0.47955646746702657,0.4569115695096106,0.5595363995503109,0.3995157250237215,0.5658487328854923,0.4774724493901576,0.6063902773426736,0.6234473256693072
631,0.5840075936209743,0.4871126296159943,0.47999585731692296,0.4571003891247125,0.5598126464323612,0.39628513870055937,0.5657481622762615,0.4775213183855594,0.6056450995742477,0.6276322765191227
632,0.5806370937861013,0.4884618867841962,0.480453883188176,0.45730762284528415,0.560063311786328,0.3931577133573019,0.5656196649750725,0.4775961517312139,0.6048398812340405,0.6317652737602574
633,0.5772695602942842,0.489792594652795,0.48093091123582415,0.45753315603303835,0.5602902372837774,0.3901399599033292,0.5654630237471877,0.47769659948258353,0.6039718525065912,0.635840432268354
634,0.5739103163398981,0.4911028547002969,0.481427299304048,0.4577768209785611,0.5604951653253042,0.3872381549549234,0.5652780166783299,0.4778222643880382,0.6030383875022866,0.6398522007152642
635,0.5705647507670143,0.4923908082790427,0.4819433954602914,0.4580383971612808,0.5606797296307444,0.3844583189764805,0.5650644147239746,0.4779727025096102,0.602037018518211,0.6437953747485189
636,0.5672383068007283,0.4936546394053004,0.48247953651317804,0.45831761165583723,0.5608454465635575,0.3818061955017448,0.5648219795988854,0.4781474239316365,0.6009654496112216,0.6476651084987681
637,0.563936470181236,0.4948925774292356,0.48303604651799936,0.4586141396837342,0.5609937072293575,0.37928723151901783,0.564550462027043,0.4783458935572499,0.5998215694237845,0.6514569243729971
638,0.5606647567353479,0.4961028995858332,0.4836132352736839,0.45892760530855276,0.5611257703844368,0.3769065590985031,0.5642496003697622,0.4785675319926487,0.5986034632068941,0.6551667210997086
639,0.5548823741526794,0.4972300654167361,0.4846086789651265,0.45976867312378544,0.5614175963461508,0.37408553114826304,0.5641190285611656,0.47869128083527157,0.5971512984812729,0.6606412346705711
640,0.5517342177943382,0.49834713157650856,0.4852463455177989,0.4601406782638605,0.5615043222758285,0.37205413371005086,0.5637813658515574,0.4789866375450158,0.5957540955103491,0.6641601199564892
641,0.5486353018160116,0.49943132961064113,0.4859056139878468,0.46052747560390406,0.561577920085803,0.3701759227215323,0.5634135877932418,0.4793028990185717,0.5942768746632126,0.6675863835341264
642,0.545591077981264,0.5004812007186115,0.4865867025592386,0.4609284494983992,0.5616389494565652,0.3684544712112007,0.5630153509464986,0.47963929383850046,0.5927186786110897,0.6709175924522525
643,0.5426069514770417,0.5014953455157599,0.4872898067291844,0.46134294024805733,0.5616878153403512,0.3668929615657266,0.5625862983052223,0.4799950127354577,0.5910787999479947,0.6741517012228073
644,0.539688266067095,0.5024724258864599,0.4880150978652286,0.46177024568504504,0.5617247668909043,0.36549417657149874,0.5621260605725287,0.4803692100052777,0.5893567870905522,0.6772870485149597
645,0.5368402890605564,0.5034111667480006,0.48876272178658225,0.46220962286808415,0.5617498973224794,0.3642604920701421,0.5616342578658255,0.48076100500883495,0.5875524490836698,0.6803223521248327
646,0.5340681961571853,0.5043103577306535,0.4895327973741506,0.46266028988106594,0.5617631446937122,0.36319387124669517,0.5611105018460473,0.4811694837538899,0.58566585929585,0.68325670225949
647,0.5313770562328058,0.5051688547796223,0.49032541521369927,0.46312142772841536,0.5617642936072762,0.3622958605614489,0.5605543982627995,0.48159370055793305,0.583697357993183,0.6860895531818969
648,0.5287718161301189,0.5059855816847528,0.49114063627658083,0.4635921823200965,0.5617529778115958,0.36156758732878025,0.5599655499042265,0.4820326797908631,0.5816475537862957,0.6888207132713877
649,0.5262572855214601,0.5067595315439766,0.49197849064241206,0.4640716665388429,0.5617286836863359,0.36100975893866843,0.559343559937528,0.4824854176961004,0.579517323949792,0.6914503335617687
650,0.5238381219110604,0.5074897681664823,0.492838976268034,0.46455896238191724,0.5616907545889537,0.36062266370901874,0.5586880356232077,0.4829508842885195,0.5773078136188867,0.6939788948263417
651,0.5215188158450419,0.5081754274215667,0.4937220578070163,0.4650531231694903,0.5616383960352915,0.36040617334945846,0.5579985923833856,0.48342802532731927,0.5750204338730714,0.6964071932860173
652,0.5193036763976967,0.508815718538999,0.4946276654838873,0.465553175811544,0.5615706816830709,0.3603597470099538,0.5572748582018312,0.483915764361692,0.5726568587216936,0.6987363250231114
653,0.5154501535280269,0.5092422148968847,0.496143129150537,0.4669695164124389,0.5614102594036793,0.36111112109065935,0.5563380589989249,0.48448831141302867,0.5698062862069926,0.7023673858357922
654,0.5135446117447716,0.509753621030125,0.4971120434351938,0.4674929153537079,0.5612831293430857,0.3614650754874272,0.5555613930104577,0.485009902516181,0.5672629869290179,0.7044915014263596
655,0.5117562049798671,0.5102179089512602,0.49810294582168885,0.4680180156622681,0.561136114483955,0.3619842024176818,0.5547494465610727,0.4855382076197715,0.5646499753258366,0.7065221702136222
656,0.5100882175518268,0.5106346505134943,0.49911558940141976,0.468543740634125,0.5609677673460753,0.3626662365008661,0.5539019373259869,0.4860720719642921,0.5619700272127983,0.708461527579041
657,0.5085436814532887,0.5110034971846965,0.5001496875764834,0.4690690013943265,0.5607765562683285,0.36350854754264955,0.5530186231372236,0.48661033064297604,0.5592261508532608,0.7103119056796741
658,0.5058913597083561,0.5111181703892211,0.5018550749954079,0.47063081682017566,0.560345510008924,0.36557124140195646,0.5517799505361793,0.4872789103015111,0.55590608557379,0.7133238997769146
659,0.5047007328067552,0.5113555722417481,0.5029486335535726,0.4711604226559119,0.5600719097054843,0.3667809326086844,0.5508383354816311,0.48783294261822385,0.553012226183978,0.7149983343998256
660,0.5036413842471524,0.5115449451184695,0.504062327746794,0.4716850417741587,0.5597691978724888,0.3681393298817421,0.5498605601549437,0.48838724247167775,0.5500651633340616,0.7165925820502942
661,0.502715047517939,0.511686329107065,0.5051956749378742,0.47220355049115315,0.559435584096488,0.36964237495552826,0.5488466051566886,0.4889406232255942,0.5470688225464382,0.7181095073820194
662,0.5019231554095647,0.511779849743148,0.506348149983578,0.4727148273261946,0.5590692576386568,0.3712857291933201,0.5477965226695055,0.48949190135075127,0.5440273045012102,0.7195520519493787
663,0.5012668340509525,0.5118257190745293,0.5075191850732746,0.47321775531552607,0.558668399554569,0.37306479213319466,0.5467104423478246,0.4900398989957487,0.540944871480096,0.7209232115934833
664,0.5007468979626508,0.5118242367099437,0.5087081696624262,0.4737112242771656,0.5582311949173685,0.37497472073953386,0.5455885770903224,0.49058344657805847,0.5378259332500599,0.7222260139405708
665,0.5003638461608166,0.5117757908496171,0.5099144505021932,0.47419413302098135,0.5577558450810213,0.37701044926407523,0.5444312286531914,0.4911213853891786,0.5346750324515772,0.7234634961287655
666,0.49978958544918844,0.5114252717711845,0.5118603067758412,0.4758212990534724,0.556775996075351,0.3807805395802027,0.5427144045365874,0.49180909650991533,0.5308506707829092,0.7257022258177748
667,0.49978387044410577,0.5112536453803345,0.513113892183835,0.4762792565965943,0.5561775701337066,0.38308928070736975,0.5414976054114522,0.4923340103274837,0.5276241686747175,0.7268188831951037
668,0.4998782560706947,0.5107767025898349,0.5151148430097521,0.47791291299623295,0.5549753198028461,0.38724962886393705,0.5396661985641732,0.49301739664646943,0.523707259832431,0.7288793319237287
669,0.5134227224175795,0.49994453085140256,0.5326883089988212,0.4549929235189988,0.5164728369023307,0.4830036363763222,0.452905370696774,0.5152001288512209,0.49130636663217003,0.6773273808036344
670,0.5152314621120065,0.49899632613826883,0.5334460606444638,0.45504711313123936,0.5155501671968021,0.48575737056076057,0.4513280358288963,0.5166322071930959,0.4928602293712378,0.6777981591890287
671,0.5190013549618085,0.4973869858035813,0.534972443124897,0.45499753318555125,0.5148157183145576,0.4895620527866511,0.4500210933413914,0.519264407978178,0.49357484131260065,0.679483043481818
672,0.5210123628811507,0.4964049999374456,0.5356947330313057,0.4550469997853969,0.5138403455732907,0.4921834297194148,0.448669388929344,0.5207083962902078,0.4951618549994911,0.6798919479966485
673,0.5230817877436736,0.4954157504982229,0.5363987882235445,0.4550971228016555,0.5128540634541255,0.4947482258021785,0.4474158426349302,0.5221729209637994,0.49677736697241703,0.6802680585334305
674,0.5252037670000704,0.4944217425609931,0.537083824099384,0.4551481017863507,0.5118586456329081,0.49725664146039683,0.4462649406015799,0.5236588774316254,0.4984177327537642,0.6806059890781441
675,0.5273724780133421,0.4934255222878061,0.5377490605900919,0.45520015382545753,0.510855879691052,0.49970899287293336,0.4452209623348494,0.525167129183099,0.5000793097558776,0.6809003669310468
676,0.5295821560907694,0.49242967331958426,0.5383937229603558,0.45525351342501946,0.5098475622600994,0.5021057000335384,0.4442879619747188,0.5266984991086384,0.5017584682848558,0.6811458602338233
677,0.5318271119949857,0.4914368130171553,0.5390170425980999,0.45530843234174273,0.5088354940967066,0.5044472745829014,0.44346975014116513,0.5282537608455401,0.5034516021991217,0.6813372051464371
678,0.5341017488613379,0.49044958855286247,0.5396182577934711,0.45536517935787363,0.5078214751098815,0.5067343074844491,0.4427698764463785,0.5298336301747884,0.5051551391817205,0.68146923254834
679,0.536400578451913,0.4894706728549358,0.5401966145064284,0.4554240400002559,0.5068072993623857,0.5089674566172376,0.44219161276508495,0.5314387565187343,0.5068655505882383,0.681536894142049
680,0.5387182366801416,0.488502760407617,0.5407513671225544,0.45548531620358035,0.5057947500681916,0.51114743435911,0.4417379373520609,0.5330697145899584,0.5085793608353711,0.6815352878410866
681,0.5410494983437332,0.487548562910826,0.5412817791968473,0.45554932591794667,0.5047855946077543,0.5132749952326684,0.4414115198930599,0.5347269962416893,0.5102931562984243,0.6814596823287568
682,0.5433892910078744,0.4866108048040063,0.541787124185466,0.45561640266096337,0.5037815795825957,0.5153509236856539,0.44121470757201975,0.5364110025699744,0.5120035936894518,0.6813055406792704
683,0.5457327079850144,0.48569221865962553,0.5422666861655232,0.455686895014751,0.502784425930351,0.5173760220759342,0.44114951223364635,0.5381220363172865,0.5137074078912203,0.6810685429381984
684,0.5480750203622795,0.4847955404526723,0.5427197605432349,0.4557611660683178,0.5017958241209555,0.5193510989295855,0.4412175987161988,0.5398602946264838,0.5154014192257905,0.6807446075652214
685,0.5504116880324492,0.48392350471335355,0.5431456547508622,0.455839592805921,0.5008174294540801,0.5212769575384357,0.44142027442465137,0.5416258621929839,0.5170825401401606,0.6803299116484907
686,0.5527383696895501,0.4830788395710608,0.5435436889330708,0.45592256544215637,0.4998508574772675,0.5231543849610065,0.44175848020932895,0.543418704861641,0.5187477812950909,0.6798209098066846
687,0.5550509317554198,0.4822642616985274,0.5439131966234736,0.4560104867046578,0.4988976795434597,0.524984141488,0.4422327826096435,0.5452386637132071,0.520394257046944,0.6792143517019498
688,0.5573454562090198,0.4814824711659491,0.5442535254122682,0.4561037710654358,0.4979594185257675,0.526766950630386,0.44284336751675885,0.5470854496833272,0.5220191903160704,0.6785072980943108
689,0.559618247295866,0.48073614621566385,0.5445640376060451,0.4562028439220319,0.4970375447064096,0.5285034896847606,0.44359003530283947,0.5489586387548545,0.5236199168389349,0.6776971353758386
690,0.5618658371005536,0.48002793796879273,0.5448441108809341,0.4563081407298182,0.49613347185575996,0.5301943809269547,0.44447219745810473,0.5508576677618083,0.5251938888047838,0.6767815885307273
691,0.5640849899711127,0.4793604650760108,0.5450931389304166,0.4564201060869237,0.49524855351636987,0.5318401834809751,0.4454888747701616,0.5527818308406219,0.5267386778812125,0.675758732475559
692,0.5662727057896497,0.47873630832537684,0.5453105321092205,0.45653919277344684,0.49438407950572616,0.5334413859061815,0.44663869707314546,0.5547302765613825,0.5282519776364314,0.6746270017422261
693,0.5684262220894678,0.4781580052208195,0.5454957180748037,0.45666586074674925,0.4935412726503156,0.5349983995412348,0.4479199045869952,0.5567020057685896,0.5297316053693463,0.6733851984743204
694,0.5705430150246138,0.4776280445455609,0.5456481424280413,0.4568005760948148,0.49272128576236346,0.536511552638814,0.4493303508598603,0.5586958701576142,0.5311755033617996,0.6720324987161731
695,0.5726207992034134,0.4771488609253492,0.5457672693547683,0.4569438099498159,0.4919251988693551,0.5379810853203676,0.4508675073191503,0.5607105716094265,0.5325817395703337,0.6705684569821031
696,0.5746575264031705,0.47672282940691346,0.5458525822699082,0.4570960373641897,0.4911540167051568,0.5394071453753434,0.4525284694291437,0.5627446623024441,0.5339485077777424,0.668993009101811
697,0.5766513831886317,0.4763522600675586,0.5459035844659303,0.45725773615170584,0.490408666470263,0.5407897849243677,0.45430996444544375,0.5647965456164162,0.5352741272273518,0.6673064733461098
698,0.5786007874621582,0.4760393926722311,0.5459197997674244,0.4574293856961688,0.4896899958673645,0.5421289579608455,0.4562083607488933,0.5668644778392196,0.5365570417654887,0.6655095498453671
699,0.5805043839786578,0.47578639139473844,0.5459007731935458,0.45761146573055356,0.48899877141711057,0.5434245187803509,0.458219678733913,0.5689465706832556,0.5377958185198545,0.6636033183210377
700,0.5823610388633106,0.47559533962010364,0.545846071630103,0.4578044550895532,0.4883356770576193,0.5446762213020995,0.46033960321863826,0.5710407946138774,0.5389891461436077,0.6615892341584737
701,0.5841698331748156,0.4754682348452274,0.5457552845129974,0.4580088304386526,0.4877013130299654,0.5458837192816971,0.46256349733672275,0.5731449829879248,0.5401358326567749,0.6594691228568014
702,0.5859300555613749,0.47540698369517126,0.5456280245246778,0.45822506498301196,0.48709619505058616,0.5470465674092959,0.46488641786332136,0.5752568369960384,0.5412348029181934,0.6572451728989368
703,0.5876411940608375,0.4754133970724218,0.5454639283051953,0.45845362715957705,0.48652075377025844,0.5481642232822989,0.46730313192055933,0.5773739313980022,0.5422850957625361,0.6549199270918509
704,0.5893029271003515,0.47548918545645885,0.545262657179349,0.45869497931597975,0.4859753345180658,0.5492360502368484,0.4698081350008231,0.5794937210359371,0.5432858608380526,0.6524962724338642
705,0.5909151137544605,0.47563595437083833,0.545023897901293,0.4589495763799131,0.48546019732754764,0.550261321017535,0.47239567023945994,0.5816135481057327,0.5442363551814722,0.6499774285720398
706,0.592477783323898,0.47585520003479514,0.5447473634178547,0.45921786452279617,0.4849755172410715,0.5512392222601095,0.47505974886202634,0.5837306501627771,0.545135939567118,0.6473669349186945
707,0.5899489457111374,0.4869633322007164,0.5392646170360629,0.46720299458658415,0.48003081644302464,0.56372937353327,0.4873516006596305,0.581433625145758,0.5822081843032846,0.6203887861582993
708,0.5911350855860757,0.48787406496466645,0.5385002124209805,0.46789759026901917,0.4802161720968873,0.5643287994790916,0.4906239640837581,0.5839087221840511,0.5826783833525316,0.6170467342588142
709,0.5922794966186993,0.4888505982934913,0.5376993795326596,0.4686129094195495,0.4804228938824645,0.564871479042848,0.49391002862316735,0.5863566130737492,0.5830788494052117,0.6136602923060246
710,0.5933824350784783,0.48989264889751144,0.536862389051699,0.46934900336615976,0.4806498140616515,0.5653555358027441,0.49720311075398216,0.5887738537027656,0.5834103253753999,0.6102358519270579
711,0.5944441818592221,0.49099981596610154,0.5359895487185242,0.4701058901660242,0.48089572402464525,0.5657791326937528,0.5004965811714811,0.5911570061333077,0.5836736047388628,0.6067798836912561
712,0.5954650331971518,0.4921715817594912,0.535081204147179,0.4708835539646635,0.48115937826680333,0.5661404852943416,0.503783890097398,0.593502651638984,0.5838695261017443,0.6032989135621902
713,0.5964452917097552,0.493407312495547,0.5341377396497331,0.4716819444409521,0.48143949841009437,0.5664378750319732,0.5070585923076544,0.5958074039122467,0.5839989680917286,0.5997994994325684
714,0.5973852578063581,0.4947062595303212,0.5331595790683975,0.47250097634097366,0.4817347772551517,0.5666696622370805,0.510314371768011,0.598067922379242,0.5840628445981125,0.5962882078444918
715,0.5995505640165082,0.4961328929488079,0.5316108781870204,0.47350073157271966,0.4821457796956576,0.5663385131583328,0.5158143791423847,0.6031076479488696,0.5822277466562712,0.5909615730563941
716,0.6003925236534178,0.4975919017483907,0.530554697652702,0.4743555949102684,0.4824526595217749,0.566387151043815,0.5189811105563616,0.6052165788569241,0.5821236337415487,0.5874565328545327
717,0.6011953679308771,0.4991116040262726,0.5294654320355572,0.4752304111078225,0.4827704211251485,0.5663654066053591,0.5221073179138899,0.6072692063070051,0.581958126236686,0.5839627302754519
718,0.6031014983051738,0.5008035441309922,0.5277386673320709,0.47632761001150403,0.4831688923349085,0.5655645722144398,0.5272600413508627,0.6119853225155778,0.5798653112751091,0.5786526536837443
719,0.6038102160098848,0.5024761063978309,0.5265761549533066,0.47723644932820275,0.4834889442803618,0.565349956690321,0.5302439162754888,0.613857926500949,0.5795428445306656,0.5752229909430103
720,0.604480771034228,0.5042055754723246,0.5253826458762227,0.47816417832839125,0.4838155587887161,0.5650620922361432,0.5331685187887134,0.6156634410681924,0.5791633014287503,0.5718264469105905
721,0.605113249675117,0.5059903655392085,0.5241588870610271,0.4791104531393378,0.4841473804845283,0.5647004716660774,0.5360293791765431,0.617399395321317,0.5787277393753426,0.5684688113783898
722,0.6057076778014596,0.5078287953486649,0.5229056725386283,0.4800748956127509,0.4844830584375976,0.5642647617954801,0.5388223498154722,0.6190634846533425,0.5782372286608648,0.565155697251283
723,0.6062640178396029,0.5097190919878963,0.5216238441257655,0.48105709375930494,0.4848212498502888,0.5637548113480377,0.5415436202818125,0.620653581523608,0.577692852002086,0.5618925241329058
724,0.6067821664819851,0.511659394872431,0.5203142920947218,0.482056602275841,0.4851606236641879,0.5631706580968537,0.544189731005324,0.622167745597108,0.5770957044811692,0.5586845029600539
725,0.6072619531262001,0.5136477599438004,0.5189779557913138,0.48307294316333194,0.48549986407894674,0.5625125352013095,0.5467575854025514,0.6236042331880755,0.5764468938669245,0.5555366217324997
726,0.6077031390472718,0.5156821640594241,0.5176158241947104,0.4841056064332473,0.4858376739768855,0.5617808767057011,0.5492444604321189,0.6249615059528791,0.5757475413003857,0.5524536323788436
727,0.608105417301636,0.5177605095597522,0.5162289364125237,0.48515405089949104,0.48617277824759814,0.560976322169969,0.5516480155213828,0.626238238780523,0.5749987823240841,0.5494400387927874
728,0.6084684133569833,0.5198806289970382,0.5148183821045321,0.4862177050526402,0.48650392700749656,0.5600997204072751,0.5539662998212351,0.6274333268324899,0.5742017682317879,0.546500086067887
729,0.6087916864378866,0.5220402900094653,0.5133853018283581,0.48729596801275993,0.48682989870989263,0.5591521323077204,0.5561977577534851,0.6285458916874853,0.5733576677130754,0.543637750952521
730,0.6090747315729815,0.5242372003237963,0.5119308873003925,0.488388210556658,0.4871495031418816,0.5581348327321097,0.5583412328230563,0.6295752865506655,0.5724676687649253,0.5408567335404888
731,0.6093169823254337,0.5264690128692434,0.510456381565308,0.48949377621500906,0.4874615843049018,0.5570493114643398,0.5603959696751969,0.6305211004912549,0.5715329808405272,0.5381604502064086
732,0.6095178141844905,0.5287333309848262,0.5089630790675405,0.49061198243440046,0.48776502317646725,0.5558972732156728,0.5623616143859902,0.6313831616769844,0.5705548372037705,0.5355520277888707
733,0.6096765485921863,0.5310277137021832,0.5074523256182313,0.49174212179897053,0.48805874035113583,0.5546806366788544,0.5642382129825738,0.6321615395785242,0.5695344974563734,0.5330342990182699
734,0.6097924575756608,0.5333496810855431,0.5059255182512586,0.4928834633059648,0.4883416985593315,0.5534015326347004,0.5660262081976771,0.6328565461220204,0.5684732502033516,0.5306097991802868
735,0.6098647689521706,0.5356967196104075,0.5043841049621551,0.494035253689215,0.48861290506312915,0.5520623011183992,0.5677264344712345,0.6334687357729223,0.5673724158215385,0.5282807640002517
736,0.6098926720706748,0.5380662875624221,0.5028295843239331,0.49519671878425,0.4888714139285998,0.5506654876573203,0.5693401112199624,0.6339989045395161,0.566233349295116,0.5260491287280763
737,0.6098753240509291,0.5404558204379235,0.5012635049740906,0.49636706492850247,0.4891163281747415,0.549213838596585,0.5708688344038108,0.6344480878899033,0.5650574430816616,0.5239165283981121
738,0.6098118564782898,0.5428627363277448,0.49968746496736294,0.49754548038983915,0.4893468017994026,0.5477102955329755,0.5723145664261,0.6348175575815738,0.56384612997199,0.5218842992332287
739,0.6097013825099629,0.5452844412660381,0.4981031109891197,0.49873113681646836,0.4895620416829695,0.5461579888819648,0.5736796244118915,0.6351088174081695,0.5626008859071328,0.5199534811576095
740,0.6095430043462422,0.5477183345261543,0.49651213742467787,0.4999231907011316,0.48976130937088164,0.5445602306066915,0.5749666669166644,0.6353235978735391,0.5613232327161287,0.5181248213782711
741,0.6093358210183376,0.5501618138459519,0.49491628528021103,0.5011207848523831,0.48994392273630744,0.5429205061415493,0.5761786791246549,0.6354638498086201,0.5600147407388564,0.5163987789911199
742,0.6090789364427592,0.5526122805653447,0.49331734095137514,0.502323049865704,0.490109257524534,0.5412424655467261,0.5773189566032233,0.6355317369521593,0.5586770312989945,0.5147755305635165
743,0.6087714676908755,0.5550671446594183,0.4917171348362542,0.5035291055871861,0.4902567487807877,0.5395299139334802,0.5783910876863119,0.6355296275216225,0.5573117789932652,0.5132549766418096
744,0.6084125534212005,0.5575238296510084,0.4901175397897427,0.5047380625625516,0.49038589216335,0.537786801203134,0.5793989345663911,0.6354600848059364,0.5559207137644323,0.5118367491291483
745,0.6080013624212215,0.5599797773873298,0.48852046941702376,0.5059490234643576,0.4904962451439171,0.5360172111457611,0.5803466131802875,0.6353258568168567,0.5545056227270897,0.5105202194761167
746,0.6075371022051149,0.5624324526659443,0.48692787620438366,0.5071610844903705,0.4905874280972042,0.5342253499472283,0.581238471979828,0.6351298650407499,0.5530683517170195,0.5093045076243116
747,0.6070190276135644,0.5648793476961751,0.48534174948619163,0.5083733367262553,0.49065912528180133,0.5324155341557013,0.5820790696833875,0.6348751923374061,0.5516108065368777,0.5081884916409735
748,0.6064464493620438,0.5673179863829365,0.4837641132475261,0.5095848674659819,0.4907110857142939,0.5305921781609011,0.5828731521091027,0.6345650700371136,0.550134953873134,0.5071708179811507
749,0.6058187424843683,0.5697459284208538,0.4821970237625529,0.5107947614835912,0.490743123938557,0.5287597812412286,0.5836256281946861,0.6342028642916019,0.5486428218614939,0.5062499123125965
750,0.6051353546190927,0.5721607731875423,0.48064256706945546,0.5120021022503184,0.49075512069210003,0.5269229142355017,0.5843415453125205,0.6337920617386048,0.5471365002805583,0.505423990837756
751,0.6043958140873421,0.5745601634259223,0.4791028562833945,0.5132059730914267,0.490747023471183,0.525086205897294,0.5850260639918359,0.6333362545436239,0.545618140356084,0.5046910720467066
752,0.6035997377119946,0.5769417887065152,0.47758002874968175,0.5144054582775159,0.490718846996308,0.5232543289908458,0.5856844321624558,0.6328391248860286,0.5440899541609566,0.5040489888347796
753,0.6027468383297161,0.5793033886617809,0.4760762430400685,0.5155996440455541,0.4906706735795273,0.5214319861882064,0.5863219590366975,0.6323044289598585,0.5425542135988746,0.5034954009188741
754,0.6018369319491924,0.5816427559856668,0.47459367579577516,0.5167876195453541,0.4906026533948248,0.5196238958276107,0.5869439887475227,0.6317359805625482,0.5410132489626359,0.5030278074870543
755,0.600869944511011,0.5839577391927299,0.47313451842161264,0.5179684777077898,0.4905150046526441,0.5178347775931798,0.5875558738620791,0.6311376343473627,0.5394694470609769,0.5026435600169956
756,0.5998459182069583,0.5862462451323512,0.4717009736362789,0.5191413160316066,0.490408013679431,0.5160693381757913,0.5881629488901323,0.6305132688174317,0.5379252489109095,0.5023398752001162
757,0.5987650173190673,0.5885062412547627,0.47029525188464305,0.5203052372863051,0.49028203490284866,0.5143322569744385,0.5887705039067908,0.629866769141078,0.5363831469956082,0.5021138479098364
758,0.5976275335414905,0.5907357576268116,0.46891956761854947,0.5214593501292293,0.4901374907431171,0.5126281718965939,0.5893837584081824,0.6292020098694595,0.5348456820909562,0.5019624641543105
759,0.5964338907512299,0.5929328886965852,0.4675761354533846,0.5226027696356573,0.4899748714107096,0.5109616653149884,0.5900078355174919,0.628522837638533,0.5333154396669142,0.5018826139561536
760,0.5951846491968643,0.5950957948072169,0.46626716620835423,0.5237346177413924,0.4897947346104433,0.5093372502368649,0.5906477366569429,0.6278330539378739,0.5317950458728943,0.5018711041041242
761,0.5938805090776824,0.5972227034613805,0.4649948628390975,0.5248540235980862,0.48959770515179624,0.5077593567401446,0.5913083167989349,0.6271363980290066,0.5302871631192785,0.5019246707244168
762,0.5925223134890248,0.5993119103391408,0.4637614162719253,0.525960123842238,0.4893844744650977,0.5062323187290707,0.5919942604066645,0.6264365300956038,0.5287944852700964,0.5020399916221077
763,0.5911110507131607,0.6013617800729858,0.46256900114960536,0.5270520627795783,0.48915580002306547,0.5047603610597994,0.592710058171156,0.6257370147071989,0.5273197324646586,0.502213698346399
764,0.5896478558386188,0.6033707467849584,0.46141977149924013,0.5281289924872965,0.4889125046670239,0.5033475870840983,0.5934599846476997,0.6250413046768887,0.5258656455886158,0.5024423879365782
765,0.5881340116945798,0.6053373143919025,0.46031585633334,0.5291900728373147,0.4886554758369796,0.5019979666567712,0.594248076890369,0.6243527253919797,0.5244349804174369,0.5027226343090183
766,0.5865709490906684,0.6072600566858684,0.45925935519575933,0.5302344714445776,0.4883856647046523,0.5007153246497423,0.5950781141784018,0.6236744596945243,0.5230305014576897,0.503050999249097
767,0.5849602463562219,0.609137617197696,0.4582523336646493,0.5312613635450553,0.48810408520844545,0.499503330012834,0.5959535989230158,0.6230095333863489,0.5216549755137228,0.5034240429755331
768,0.583303628176921,0.6109687088527667,0.4572968188250647,0.5322699318088951,0.4878118129893203,0.49836548541826137,0.5968777388375631,0.6223608014304083,0.5203111650093966,0.5038383342483778
769,0.5816029637303914,0.6127521134287568,0.45639479472426625,0.5332593660948624,0.4875099842264823,0.4973051175226874,0.5978534304478905,0.6217309349171535,0.5190018210963445,0.5042904599956319
770,0.5798602641261325,0.6144866808260794,0.45554819782313954,0.5342288631528961,0.48719979437181943,0.49632536787741527,0.598883244013415,0.6211224088611158,0.5177296765819076,0.5047770344372742
771,0.578077679158799,0.616171328162427,0.4547589124574772,0.535177626282255,0.4868824967820606,0.4954291845139133,0.5999694099227472,0.6205374908890481,0.5164974387112967,0.5052947076892436
772,0.5762574933874738,0.6178050387035492,0.4540287663231339,0.5361048649533574,0.4865594012476999,0.4946193142284226,0.6011138066207492,0.6199782308768094,0.5153077818397591,0.5058401738337076
773,0.5744021215570639,0.6193868606429671,0.4533595259992901,0.5370097944019853,0.48623187241784965,0.49389829558589254,0.6023179501167043,0.619446451587679,0.5141633400314928,0.5064101784456497
774,0.5725141033813915,0.6209159057439197,0.45275289252421014,0.5378916352050663,0.48590132812031006,0.4932684526599401,0.6035829851159161,0.6189437403600618,0.5130666996227925,0.5070015255694534
775,0.5705960977107868,0.6223913478572478,0.4522104970379882,0.5387496128477196,0.48556923757634524,0.4927318895219756,0.604909677809467,0.6184714418874862,0.5120203917874099,0.5076110841427235
776,0.5686508761101623,0.6238124213293397,0.4517338965068183,0.5395829572916832,0.48523711950984766,0.49229048548907955,0.6062984103491839,0.6180306521285754,0.5110268851423644,0.5082357938680273
777,0.5666813158764946,0.6251784193145431,0.4513245695432957,0.5403909025556058,0.4849065401508223,0.49194589113666864,0.6077491770270834,0.6176222133791999,0.5100885784324427,0.5088726705365405
778,0.564690392527461,0.6264886920066747,0.45098391233719176,0.541172686317991,0.48457911113341084,0.49169952507850984,0.6092615821707491,0.6172467105333951,0.5092077933314083,0.5095188108107676
779,0.5626811717955608,0.6277426448043799,0.45071323471098346,0.541927549553804,0.48425648728895787,0.491552571513177,0.6108348397581983,0.6169044685538115,0.5083867673974297,0.510171396476476
780,0.5606568011645038,0.6289397364251775,0.4505137563142285,0.5426547362159387,0.4839403643349823,0.4915059785327109,0.6124677747480437,0.61659555116661,0.50762764721956,0.5108276981768339
781,0.5586205009867934,0.6300794769829378,0.4503866029705905,0.543353492972791,0.4836324764612484,0.49156045718593144,0.6141588261129207,0.6163197607896579,0.5069324817911041,0.5114850786443238
782,0.5565755552234516,0.6311614260434846,0.4503328031910108,0.5440230690132377,0.4833345938145447,0.49171648128572903,0.6159060515565394,0.6160766396968874,0.506303216144571,0.5121409954484579
783,0.5545253018485523,0.632185190672776,0.45035328486609905,0.5446627159302156,0.48304851988415326,0.4919742879465778,0.6177071338871649,0.6158654724155556,0.5057416852814801,0.5127930032794867
784,0.5524731229627322,0.6331504234918477,0.4504488721503916,0.5452716876939534,0.4827760887904327,0.492333878835635,0.6195593890129829,0.6156852893470919,0.5052496084286973,0.513438755790276
785,0.5504224346611257,0.6340568207523659,0.4506202825505892,0.5458492407256812,0.4825191624793656,0.4927950221180227,0.6214597755176511,0.6155348715961789,0.5048285836511659,0.514076007020259
786,0.548376676702157,0.6349041204461765,0.4508681242293291,0.5463946340822993,0.4822796278263639,0.4933572550742865,0.6234049057674336,0.6154127569867435,0.5044800828489067,0.5147026124268618
787,0.5463393020243961,0.6356921004617531,0.4511928935354055,0.546907129762101,0.48205939365308653,0.4940198873656187,0.6253910584946569,0.6153172472376525,0.504205447163987,0.5153165295510518
788,0.5438346479321682,0.6361079514893342,0.45279202839356664,0.5475868635745771,0.4818132526189183,0.49549987574792326,0.6268237026008611,0.6151201417973665,0.5038633489807613,0.5164904586049395
789,0.541826084327216,0.6367583157974305,0.45331119340899617,0.5480109168430986,0.48165851304195184,0.4964473685006836,0.6288840316810428,0.6150470474441327,0.5037912872432068,0.517067030023245
790,0.539837309373153,0.6373487436362555,0.4539076025311747,0.5483995092309099,0.4815305139515973,0.49749022166914364,0.6309707102834003,0.6149935971144723,0.5037971471027006,0.5176243442980519
791,0.5373776608370119,0.6374837061765628,0.4560039536911627,0.5488467191712199,0.48145708505330465,0.49974177427930505,0.632528407809924,0.6147204778243627,0.5039639898488096,0.5187214311108372
792,0.5354439108669481,0.6379335071341841,0.45679281039725184,0.5491412226004895,0.4814142720279021,0.5010519655126139,0.6346488885528635,0.6146709737064584,0.5041806085952105,0.5192257738206396
793,0.5335409770329841,0.6383230183140374,0.4576577955913098,0.5493977671116167,0.48140571963531126,0.5024495652867255,0.6367779086095291,0.6146321845830094,0.5044772304896851,0.5197055536552011
794,0.531672047235302,0.6386522310244386,0.4585984703979855,0.5496156564243848,0.48143338979581035,0.503932144062842,0.6389097248295592,0.6146010223319828,0.504853981765252,0.5201595398009303
795,0.509125658562338,0.6457150262073892,0.4539063675799943,0.5516095668588611,0.48207553774538453,0.50771985590755,0.6978191754159099,0.6292784632358018,0.5097170080435339,0.5181198937716758
796,0.508261443621571,0.6452020827452397,0.45572556747361376,0.5513187523195828,0.4824257275005339,0.5094618413656241,0.6994164452737284,0.6293600366284271,0.5107762924421201,0.5181910897083161
797,0.5074700788475285,0.6446385183449117,0.4576098070884122,0.5509840827253918,0.4828243647175558,0.5112706297005706,0.7009178644843403,0.6293780075097731,0.5119039379917352,0.5182318570171476
798,0.5067525097976022,0.644025002162067,0.45955687741239976,0.5506053808742329,0.4832730850291098,0.5131427060710072,0.7023178664075989,0.6293292938822742,0.5130986776908714,0.5182422211772907
799,0.5061095055245524,0.6433622096369898,0.46156447803061657,0.5501825176450817,0.4837734860114744,0.5150744564033376,0.7036110935427553,0.6292110253187819,0.5143591443013795,0.518222285747126
800,0.504191560191697,0.6403850635317163,0.4636542534847561,0.5492152893414356,0.4865785254128613,0.5157401071028855,0.7257196647367243,0.6374468755058682,0.5182889407439439,0.5159802972103257
801,0.5042464709896789,0.639388921409146,0.4659566665978096,0.5484981505648489,0.4873111050806085,0.5176885745917693,0.726136815678414,0.63685625578153,0.5198079186189071,0.5157740524669029
802,0.5043762701468218,0.6383520046460711,0.4683021027242195,0.5477394121350296,0.488099609149199,0.5196802223601066,0.7264123909473947,0.6361750539123288,0.5213810685200513,0.5155422415500377
803,0.5045800242686401,0.6372752060149999,0.4706876817562528,0.5469394960437648,0.4889452216168149,0.5217111896314346,0.7265438339156626,0.635403213598168,0.5230065670379336,0.5152856260154037
804,0.5048566393717122,0.6361594216879749,0.4731104816790522,0.5460988935928144,0.4898490701501071,0.5237775741772761,0.7265289417194608,0.6345410040727364,0.5246825315378629,0.5150050390909964
805,0.5052048655365836,0.6350055521551705,0.4755675440711741,0.5452181675097608,0.490812223458056,0.5258754402848959,0.7263658720054724,0.6335890197021335,0.5264070239381511,0.5147013851484458
806,0.5056233020512891,0.6338145032437182,0.4780558796064951,0.5442979539501607,0.4918356887268751,0.528000826590274,0.7260531482646926,0.6325481781191087,0.5281780543725166,0.514375639123409
807,0.506110403017611,0.6325871872248938,0.48057247354076577,0.5433389643698684,0.49292040911969737,0.530149753762025,0.7255896637470317,0.6314197169027868,0.529993584720496,0.5140288458703005
808,0.5611361694655855,0.5838300534829909,0.5021060704801058,0.5334550317051296,0.522121228501017,0.5119614985149729,0.7023398167429096,0.6204251812067565,0.5400270772971502,0.5051582743196501
809,0.5631308459457607,0.5820297431240673,0.5040975610960396,0.5319666652304719,0.523609765475035,0.5130360740602323,0.6991585936930007,0.6184559005145724,0.5415456341470777,0.5047632485518757
810,0.565106620060794,0.5802389009150454,0.5060541803218572,0.5304900153100078,0.5251315314631947,0.514108501692075,0.6959429900538358,0.6165704710455565,0.5430755058766841,0.5044022239461359
811,0.5670610142648294,0.578459274803548,0.507974350810812,0.5290268634646078,0.5266858448712022,0.5151766063459613,0.6926985814466434,0.6147756133559076,0.5446151028044587,0.504077038715051
812,0.5689916433294081,0.5766925819108482,0.5098565633548724,0.5275789823875834,0.5282719656161805,0.5162382638869701,0.6894308692719914,0.6130776858556722,0.5461627872660861,0.5037894900836005
813,0.580158758492945,0.5653268274937568,0.5152442298061742,0.5254388790293985,0.5340786047077623,0.5139054109532418,0.6727892619011295,0.6081597184539026,0.5469215474642583,0.504088689383434
814,0.5819808392083134,0.5636217330189891,0.5168708002791245,0.5240809970411424,0.5356777285508492,0.5147969149709737,0.669627587657713,0.607079789802413,0.5483336601143131,0.5039688222249409
815,0.5837647503009578,0.561941142049472,0.5184517892413842,0.5227493252211808,0.5372999877352796,0.5156770105756825,0.6664778279872788,0.6061353140327255,0.549747303150395,0.5038983330725246
816,0.5855088743541256,0.5602866333185694,0.5199862095736653,0.5214453700070597,0.5389443154857103,0.5165440987886779,0.6633443358907356,0.6053295856025281,0.5511607940569112,0.5038785594507368
817,0.5872117013862816,0.5586597363136964,0.5214731346194296,0.5201705953446376,0.5406095934320959,0.5173966446789853,0.660231268736716,0.6046653519734811,0.5525724048503255,0.5039107522775064
818,0.5888718284881412,0.5570619295884948,0.5229116967708479,0.5189264193206078,0.5422946522318521,0.5182331794120056,0.657142579810828,0.6041448026969268,0.5539803645389847,0.5039960713880112
819,0.5904879590969977,0.5554946391607286,0.524301086026894,0.517714210903783,0.5439982723235114,0.5190523021200949,0.6540820109351788,0.6037695608425034,0.5553828621817466,0.5041355812901407
820,0.5920589019213907,0.5539592370001202,0.5256405485390963,0.5165352868090267,0.5457191848167474,0.5198526815904686,0.6510530861689321,0.6035406768033423,0.5567780505527163,0.504330247177336
821,0.593583569530591,0.5524570396101501,0.5269293851601824,0.5153909084973923,0.5474560725234342,0.5206330577663364,0.6480591065950974,0.6034586245004592,0.5581640504148808,0.5045809312236826
822,0.5950609766247217,0.550989306707609,0.5281669500104449,0.5142822793256377,0.5492075711341422,0.521392243057713,0.6451031461932224,0.6035232999977878,0.559538955400829,0.5048883891851091
823,0.5964902380025763,0.5495572400034529,0.5293526490761824,0.5132105418578,0.5509722705441795,0.5221291234589179,0.6421880487922262,0.6037340225280806,0.5609008374940218,0.5052532673292722
824,0.5978705662453307,0.5481619820882128,0.5304859388539769,0.5121767753509542,0.5527487163329291,0.5228426594703788,0.6393164260922958,0.604089537918774,0.5622477530993276,0.5056760997153164
825,0.6289666745019497,0.49440102355691556,0.5422894589755654,0.5250535623356117,0.5771998320771671,0.5016505983407368,0.594600368982245,0.6518956236363582,0.5376022611134336,0.5289077738290915
826,0.6297500419430293,0.49487412091483024,0.5420600726285026,0.5239690121569011,0.5786681897820599,0.5023502045196552,0.5938929877134989,0.6562270294933956,0.5389749125800035,0.5307979874541968
827,0.6302481591099285,0.49466415195652796,0.5419900371031292,0.5237172411824881,0.5795165036196993,0.5025477021552954,0.593481905693669,0.6594115427008895,0.5392279044320247,0.532195695078817
828,0.6306992877928957,0.4945161184703221,0.5418700974806906,0.5234989530118351,0.5803368808400582,0.5027499823820907,0.5930923570463477,0.6626015111158604,0.539481279830179,0.5336470373692206
829,0.6311035379281124,0.4944296315554177,0.5417007517045933,0.5233133184803804,0.5811286041576075,0.5029573054642432,0.5927215773215198,0.6657866018924808,0.5397357528188762,0.5351495312162489
830,0.6314610159980389,0.4944042108560887,0.541482541856515,0.5231594870677747,0.5818910089828689,0.5031699309311228,0.592366821879228,0.6689564997428727,0.5399921410979269,0.5367006189835426
831,0.6317718245409749,0.4944392865618044,0.541216055745755,0.5230365911032117,0.5826234866082635,0.5033881154913709,0.5920253788247349,0.6721009436366164,0.5402513706710502,0.5382976770980534
832,0.6320360619113643,0.49453420158844236,0.5409019285425974,0.5229437499651254,0.5833254873304016,0.5036121109726782,0.5916945814430573,0.6752097630008164,0.5405144799815695,0.5399380248167965
833,0.6322538222861034,0.49468821393238216,0.5405408444393762,0.522880074252344,0.5839965234924847,0.5038421622990945,0.5913718200797229,0.6782729132720247,0.5407826234800798,0.5416189331280192
834,0.632425195910753,0.49490049918874235,0.5401335383223337,0.5228446699037196,0.5846361724301163,0.504078505517663,0.5910545534184426,0.6812805106554675,0.5410570745713206,0.5433376337441532
835,0.6325502695782033,0.4951701532245132,0.5396807974368467,0.5228366422433126,0.5852440793035106,0.5043213658860095,0.5907403191104438,0.6842228659518108,0.5413392278903276,0.5450913281433322
836,0.6326291273310983,0.495496194996908,0.5391834630282122,0.5228550999284164,0.5858199597988759,0.5045709560322799,0.5904267437144336,0.6870905173171117,0.5416306008611917,0.5468771966159426
837,0.6326618513781057,0.495877569506836,0.5386424319399006,0.5228991587780325,0.5863636026816258,0.5048274741985058,0.59011155191055,0.6898742618276464,0.5419328344953539,0.5486924072726009
838,0.6326485232130028,0.4963131508770405,0.5380586581510116,0.5229679454598808,0.5868748721840303,0.5050911025780824,0.589792574956166,0.6925651857278814,0.5422476933903329,0.5505341249701103
839,0.6296045574103767,0.49630584138504635,0.5330004347620036,0.5343159269101847,0.5858447855991421,0.5029196439190915,0.599380633011834,0.7273430055482197,0.5201971015139113,0.5700292036332217
840,0.6293474319790682,0.49747564282875345,0.5321489014697842,0.5344685192564712,0.5857369759580818,0.5034517796385816,0.5994473492411496,0.7283584800424815,0.5205197892522628,0.5720007832639702
841,0.6290422144459361,0.49868149547381024,0.5312748389444516,0.5346304093992832,0.5856009457060315,0.5040092439027992,0.5994823433381289,0.7292068614964262,0.5208958546267717,0.5739753210947127
842,0.6286886014548018,0.4999215335904599,0.5303799326744367,0.534801321329717,0.5854379304610661,0.5045918242283499,0.5994854124395026,0.7298859585769679,0.5213279132920305,0.5759501067542174
843,0.6282863376833405,0.5011938640551471,0.5294659275539852,0.5349810336010584,0.585249247804302,0.5051992576668428,0.5994565027224583,0.7303940702584261,0.5218185710811808,0.5779225123499673
844,0.6278352196752178,0.5024965701213117,0.5285346265110602,0.5351693782394271,0.5850362948665154,0.5058312316868595,0.5993957038719234,0.730729984549888,0.5223704125233954,0.5798899971473521
845,0.6273350995081707,0.5038277151653828,0.5275878888456003,0.5353662392529691,0.5848005455429683,0.5064873852676967,0.5993032429374715,0.7308929753511283,0.5229859888456305,0.5818501116797251
846,0.6267858882776853,0.5051853463986424,0.5266276282741623,0.5355715507458358,0.5845435473351295,0.5071673101991183,0.5991794776265781,0.7308827974786273,0.5236678055081457,0.5838005012783517
847,0.626187559377037,0.5065674985359432,0.525655810678582,0.5357852946457018,0.584266917819797,0.5078705525800987,0.5990248890831117,0.7306996799111141,0.524418309327648,0.5857389090147229
848,0.6255401515556801,0.5079721974126243,0.5246744515579138,0.5360074980560586,0.5839723407480567,0.5085966145083065,0.5988400742018017,0.7303443173116437,0.525239875246034,0.5876631780512058
849,0.6248437717392477,0.5093974635413573,0.5236856131845732,0.5362382302470129,0.5836615617784475,0.5093449559509138,0.598625737530965,0.7298178598903723,0.5261347928065473,0.5895712533994831
850,0.6240985975957871,0.5108413156010484,0.5226914014672978,0.5364775993007471,0.5833363838507205,0.5101149967861689,0.5983826828170197,0.729121901679032,0.5271052524027139,0.5914611830897324
851,0.6152264110098373,0.5255808658490608,0.5154565371210436,0.5405173280793111,0.5761924392402793,0.5145298538413052,0.6040564591759039,0.7256242864838212,0.5184189502169678,0.60160441854017
852,0.572456834412944,0.5992921794384369,0.4988519843969615,0.5397249665266377,0.5355842974876841,0.5505769651946995,0.6203031032867067,0.6396409775296037,0.5137016776326857,0.6077225305390025
853,0.5706368781856257,0.6001141513031931,0.49962246894953644,0.5397578037473049,0.5350210106630555,0.5533879696052267,0.6208624291801664,0.6366277022800876,0.5158523093273168,0.6087692373864744
854,0.568796275783405,0.6008817713072722,0.5004593709543781,0.5397868956338345,0.5344758916864573,0.55624000043668,0.621389775871082,0.6336528383900522,0.5180445332843129,0.6097593302614636
855,0.5669376550546691,0.6015945416074673,0.5013623044792779,0.5398121340442584,0.5339503448015636,0.5591301827984192,0.6218834665880236,0.6307174778483773,0.5202752908778419,0.6106916325565198
856,0.5641959617790081,0.6015082895539436,0.50338381344231,0.5401146866759408,0.5338738546629797,0.5642093145875022,0.6222529511469157,0.6269351413550609,0.5243066014604528,0.6128991498388365
857,0.5623054406364166,0.6020896783883474,0.5044423744176192,0.5401333627177486,0.5334087967981155,0.5671687539502948,0.6226367452978974,0.6240893934575502,0.5266320245189645,0.6136762313489438
858,0.5604063529410697,0.6026152602902894,0.505564282696942,0.5401477390344309,0.5329682463462267,0.5701547736936575,0.6229812852117409,0.6212853777694736,0.528984157197439,0.6143917522357774
859,0.5383688353543552,0.6252096873439694,0.5094408824744521,0.5334466833344103,0.5161263736285542,0.5867554959931219,0.6381824899412469,0.586635476972444,0.5477092470026532,0.5988388488098526
860,0.5365798410017539,0.6248311715822681,0.51139153419312,0.533242509693285,0.5159258332215177,0.5901457576612773,0.638080602473162,0.5845717886559184,0.5501030821738837,0.5989220893377958
861,0.5348143337802996,0.624396935991466,0.513391193157345,0.5330202206462953,0.5157546738101247,0.5935387172352306,0.6378936314638781,0.5825231174616974,0.5525051493055553,0.5989449511560141
862,0.533074301205249,0.6239077836536139,0.5154373456319192,0.5327795206487355,0.5156139200122216,0.5969305433242641,0.6376199236899281,0.5804876646998095,0.5549137634509664,0.5989075378157439
863,0.5313616466986769,0.6233645630405095,0.517527410840956,0.5325201398292623,0.5155045708770735,0.6003174023972206,0.6372579560315069,0.5784636765294924,0.5573273422411027,0.5988100458645268
864,0.5296781857675525,0.6227681663588734,0.519658746156804,0.5322418400576027,0.5154276014447297,0.603695464255356,0.6368063439976448,0.5764494545868252,0.5597444107221284,0.5986527652767122
865,0.5280256425489586,0.6221195278998367,0.5218286523928151,0.5319444211195843,0.5153839644371836,0.607060907367829,0.6362638497459986,0.5744433660375204,0.5621636055572493,0.5984360797914482
866,0.5264056467284748,0.6214196223943457,0.5240343791829548,0.5316277269637688,0.5153745920651229,0.6104099240635787,0.6356293895640939,0.5724438530124131,0.5645836785660034,0.5981604671451977
867,0.5248197308358831,0.6206694633758365,0.5262731304310264,0.5312916519826567,0.5154003979328701,0.613738725574236,0.634902040781833,0.5704494413872881,0.5670034995775636,0.5978264991857553
868,0.5232693279204713,0.6198701015512165,0.5285420698121395,0.5309361472902857,0.5154622790229636,0.6170435469235486,0.6340810480880993,0.5684587488728741,0.5694220585782418,0.5974348418547442
869,0.5217557696064304,0.6190226231809743,0.5308383263089826,0.5305612269570945,0.515561117740793,0.6203206516596611,0.6331658292274532,0.5664704923852472,0.5718384671372434,0.596986255025794
870,0.5202802845270297,0.6181281484689662,0.5331589997654688,0.5301669741621674,0.5156977839987419,0.6235663364273424,0.6321559800560523,0.5644834946712832,0.5742519590985605,0.5964815921858517
871,0.5188439971345706,0.6171878299622243,0.5355011664404105,0.5297535472224529,0.5158731373184741,0.6267769353780667,0.6310512789391921,0.5624966901683974,0.5766618905309691,0.5959217999475539
872,0.5167546072588367,0.6146742572938777,0.5399859304230376,0.5291856999643079,0.5164789393233528,0.6330614906045113,0.628099564912606,0.5589991775508694,0.5802393452689438,0.5959420386979193
873,0.5154160984621671,0.6136329382860222,0.5423643593449448,0.5287311086808169,0.5167562470590046,0.6361577042997636,0.6267506654570377,0.5570037534168346,0.5826327691835661,0.5952352886615481
874,0.5141200938533511,0.6125500347471404,0.5447535698730861,0.5282588260823639,0.5170753279949312,0.6392055771645359,0.625308745140806,0.5550071076321709,0.5850203966810844,0.5944768665341805
875,0.5128672509793484,0.6114268143491659,0.5471506110399896,0.527769397071068,0.5174369879169926,0.6422016917850092,0.6237744475825928,0.5530087094287922,0.5874021039401202,0.5936681292549203
876,0.5068404735788811,0.6135208865428602,0.551568778155054,0.5247683778647455,0.5197698355130373,0.6423283149930742,0.6253645585071512,0.5493417732127255,0.6028324798973679,0.5792224504858421
877,0.5059549455184676,0.6120734857348873,0.5539880802482868,0.5241124989206425,0.520438830349819,0.6449847331596908,0.6232397400029317,0.5472874200908375,0.6052760735537686,0.5782977515567416
878,0.5051111306289374,0.6105973207138017,0.5563955699860481,0.5234464803455526,0.521157065508603,0.6475709381626247,0.6210235076433119,0.5452188238904927,0.6077241898068797,0.5773428103133749
879,0.5043087560390076,0.6090939150093944,0.5587884399858691,0.5227720995466245,0.5219256605283963,0.6500839078262941,0.6187181668231403,0.5431370369162345,0.6101773683429228,0.5763596037084437
880,0.5035474706769841,0.6075647982041514,0.5611639338649025,0.5220912508924049,0.5227457373229231,0.6525207047508117,0.6163262013698501,0.5410432409720735,0.6126361693706858,0.5753501626538121
881,0.5028268484820894,0.6060115042346734,0.5635193498395398,0.5214059442327046,0.5236184185418784,0.6548784791153875,0.6138502678152816,0.5389387398367418,0.6151011636366843,0.5743165677215915
882,0.502146391755676,0.6044355697110663,0.5658520440846823,0.5207183027926666,0.524544825615486,0.6571544713142687,0.6112931891555362,0.536824951219411,0.6175729222126621,0.5732609446519196
883,0.5015055346344305,0.602838532254551,0.56815943384845,0.5200305604319412,0.5255260764751594,0.6593460144266299,0.6086579481279151,0.5347033982502108,0.6200520061132149,0.5721854596797207
884,0.5009036466677147,0.601221928853546,0.5704390003192717,0.5193450582629431,0.5265632829449072,0.6614505365221474,0.6059476800353412,0.5325757005615541,0.6225389558027646,0.5710923146941339
885,0.5003400364813918,0.5995872942385387,0.5726882912435414,0.5186642406254075,0.5276575478001587,0.6634655628042802,0.6031656651498333,0.5304435650175856,0.6250342806522489,0.5699837422456865
886,0.49981395551073027,0.5979361592760832,0.5749049232932076,0.5179906504177313,0.5288099614927316,0.6653887175935697,0.6003153207276015,0.5283087761500361,0.627538448406669,0.5688620004175738
887,0.49932460178532884,0.5962700493823213,0.5770865841838505,0.5173269237889373,0.5300215985428319,0.6672177261535392,0.597400192669149,0.5261731863593851,0.6300518747250993,0.5677293675786292
888,0.49887112374944215,0.5945904829564865,0.5792310345449867,0.5166757841985032,0.5312935136012015,0.6689504163620437,0.5944239468584342,0.524038705940514,0.6325749128548726,0.5665881370367112
889,0.4984526241015845,0.5928989698349021,0.5813361095454829,0.5160400358547097,0.5326267371867945,0.6705847202311724,0.5913903602156089,0.5219072929919529,0.6351078435014076,0.5654406116122578
890,0.49991244940378704,0.5893395948554706,0.5793160425315619,0.5201687042271125,0.5601118569223731,0.6462884592996839,0.5827343473492547,0.5292965909217442,0.6625600296206845,0.5454185431131653
891,0.49962869469054366,0.5858913962470133,0.5828848892739075,0.5187834931200996,0.5623860937263431,0.6491162025846909,0.5762826529332102,0.5239285225361151,0.666846339684648,0.5451729820938884
892,0.499645105509626,0.5840561479202249,0.5844279598233039,0.5183960624971125,0.5644821050588009,0.6495523082578017,0.5728068293397054,0.5216247111174535,0.6696080994945159,0.5446856295148815
893,0.4996727285798993,0.5822302223713867,0.5859148499924393,0.5180653505285301,0.5666469563036954,0.6498845980723605,0.5693155340583838,0.5193449053490325,0.6723712261823743,0.5442274945665249
894,0.49971051517126835,0.5804149696771377,0.5873444802816514,0.5177942574540516,0.5688805585975961,0.6501125804379149,0.5658130488618651,0.5170917696954201,0.6751334495229911,0.5437998501638485
895,0.49975743626689706,0.5786117019711409,0.5887158482222178,0.5175855794769402,0.571182677610811,0.6502358789274142,0.5623036284876041,0.5148678455950126,0.6778923204462581,0.5434038848184995
896,0.4998124845863069,0.5768216921678431,0.5900280266471915,0.517441996976171,0.5735529270177352,0.6502542313283441,0.5587914923285482,0.5126755439327122,0.6806452131183014,0.5430406999360242
897,0.4998746764633539,0.5750461727623551,0.591280161899929,0.5173660629165538,0.5759907622356694,0.6501674885443398,0.5552808163734573,0.5105171383524153,0.683389328051771,0.5427113074799659
898,0.49968847543863043,0.5717917556513089,0.5942218265387431,0.5165725988926467,0.5788330663410206,0.651867573005752,0.548896628492899,0.5055204018399532,0.6876465177557949,0.5426729845054498
899,0.49975762106964744,0.5700655162397796,0.5953181620658922,0.5166911219374773,0.5814437428321801,0.6515141231237597,0.5454058047867608,0.5034814056047451,0.6903537392901348,0.5423985840796346
900,0.499831296924367,0.5683576361736585,0.596351755490004,0.5168850266474825,0.5841189671764337,0.6510550699481477,0.5419313669546388,0.5014832708289204,0.6930412646486429,0.5421605101768964
901,0.49967040820598424,0.5652376679851915,0.598972036948764,0.5164574113608339,0.5872146799177685,0.6522194324993598,0.5357102441176467,0.4967844360586321,0.6971979623346798,0.542214728332786
902,0.49951975645498137,0.5621855057149477,0.6014500786574223,0.5162107865652741,0.5904112704868968,0.6531554190080123,0.5295836582254682,0.4922619324246451,0.701279324286586,0.5422844050284433
903,0.49959382103657407,0.5605774435151618,0.602221899351388,0.5167532932135139,0.593344989953751,0.6522698911615328,0.5262155605081091,0.49049726966636903,0.7038517399869891,0.5421292689049559
904,0.49966960800739224,0.5589921751690528,0.602928372666637,0.5173783694870586,0.5963352899895564,0.6512797506941624,0.5228840644324876,0.4887796145683486,0.7063861888908239,0.5420122731712091
905,0.4997463963285011,0.5574304746513888,0.6035692535738096,0.5180868652874737,0.599379940119669,0.6501858240043404,0.5195926077605894,0.4871096327213221,0.7088786346013387,0.5419336530762767
906,0.4998234980635686,0.5558930693141669,0.6041443521135954,0.5188794100983354,0.6024765148525224,0.6489890335353553,0.5163445157980372,0.48548784367426545,0.7113249585195495,0.5418935557473479
907,0.5107977051433329,0.5459730679112276,0.5777457450814608,0.5583132016601013,0.6719587785883937,0.5762336909339161,0.49493819919503335,0.5062902929834499,0.7220480363057447,0.5476798490456839
908,0.5107954498737075,0.5446738101793034,0.5774996054634954,0.5597860504781624,0.6751173626959287,0.5741124371705746,0.4925807301962567,0.5047278977445302,0.7232496068419907,0.5489322491673666
909,0.5107759297102618,0.5434083657210736,0.577197908389978,0.5613225271162693,0.6782561342872181,0.5719410604861581,0.4902831690173813,0.5032131645053352,0.7243366929257168,0.5502084358390361
910,0.5107393377953436,0.5421769215733545,0.5768412668868486,0.5629191699323964,0.6813693658555644,0.5697217906564255,0.488046447662043,0.5017451892340068,0.725305903923933,0.5515067917486344
911,0.5165741060983443,0.5360624948527675,0.5627249061831813,0.5831451187847629,0.7089129118580412,0.537144567109782,0.47874506813384377,0.5094973252121608,0.7153861006632662,0.5625273451478696
912,0.5163865060272255,0.5350270572007546,0.5620525896756853,0.584842315332587,0.7115532199221303,0.5349424853644341,0.47709456269892875,0.5081420236712257,0.7153753589266126,0.5642022446582885
913,0.5161808887373306,0.5340263779049701,0.5613357034427533,0.5865641240599053,0.7141138702106066,0.5327257084145673,0.4755014220212212,0.5068239594280084,0.7152301411075945,0.5658814651840548
914,0.5159578797868904,0.533060299088108,0.560575265468354,0.5883057864458611,0.716588890644401,0.5304965558893144,0.4739654390608752,0.505541744004823,0.7149495267222571,0.5675633732871779
915,0.5157181371077861,0.5321286186434953,0.5597723428109405,0.5900625057169749,0.7189724150570419,0.5282573448324568,0.47248632997981943,0.5042939756514382,0.7145329035958916,0.5692464008260828
916,0.5154623501034716,0.5312310915665694,0.5589280525681196,0.5918294654690908,0.7212587037440802,0.5260103880604611,0.4710637371993302,0.5030792487346615,0.7139799747175763,0.5709290501492711
917,0.5151912387304732,0.5303674313508218,0.5580435628766826,0.593601848391661,0.723442163912171,0.5237579926690806,0.4696972324628214,0.5018961627492469,0.7132907639220389,0.5726098988549638
918,0.5149055525611769,0.5295373114434963,0.5571200939305171,0.5953748550087293,0.725517369940092,0.5215024586829268,0.4683863198966261,0.5007433309108053,0.7124656203612649,0.5742876040899074
919,0.5263396033420464,0.5178280744458293,0.5245613746767949,0.6315313411484084,0.7562985567578134,0.4728931234425975,0.45824841534725264,0.514243390861033,0.6463446946773082,0.6098965032020742
920,0.5256839085365762,0.5173570458737835,0.5236031574753648,0.6323798750400575,0.7562889273878471,0.47208542299996725,0.4579288081723047,0.5130424513192066,0.644076170203869,0.6117916497820839
921,0.5250231571703261,0.5169118551629764,0.5226386291156463,0.6331680068905798,0.7561106714692469,0.4713296884596164,0.4576336648296059,0.511848394075199,0.641735821088569,0.6136620695046483
922,0.5243586931474808,0.5164919117626571,0.5216694260923956,0.6338938653049057,0.7557635705003166,0.47062691520897404,0.4573617761715497,0.5106608339248342,0.6393283986851973,0.6155075641898617
923,0.52369188041489,0.516096611877334,0.5206972180053285,0.6345558771119186,0.7552478669170379,0.469978041385391,0.4571119490310563,0.5094794675903316,0.6368588234878967,0.6173280188065337
924,0.5230241011035728,0.5157253400428574,0.5197237063564378,0.6351527723160838,0.7545642670494165,0.4693839482924242,0.4568830081845103,0.5083040729832705,0.6343321699974322,0.619123396210757
925,0.5223567535664198,0.5153774706822805,0.5187506231701096,0.6356835875887276,0.7537139423154339,0.46884546080743206,0.4566737982099426,0.5071345079842744,0.6317536509295152,0.6208937314372796
926,0.5216912503152167,0.5150523696380057,0.51777972943035,0.636147668277308,0.752698528628593,0.4683633477656455,0.45648318524464626,0.5059707087624443,0.629128600829615,0.6226391255750688
927,0.5210290158607895,0.514749395676848,0.5168128133306562,0.6365446689182466,0.7515201240029264,0.46793832230645666,0.4563100586464382,0.5048126876595396,0.6264624591616085,0.6243597392608181
928,0.5194224234179018,0.5144986178841621,0.5158004798848738,0.6365051860308288,0.7487781463766899,0.4676407459528463,0.4560963478762553,0.5022681877181403,0.6242007623223044,0.6262394773997129
929,0.518789256105153,0.5142513717698023,0.51483328139384,0.6367480837514055,0.7471946397661358,0.46731286406376865,0.45595233723204653,0.5011379440982807,0.6214350225318162,0.6278842850617042
930,0.5181646407718417,0.5140240195243009,0.5138762611465999,0.6369253197025992,0.7454596385738536,0.4670435233747961,0.4558226816973603,0.5000145817855849,0.6186471486381099,0.6295055616751872
931,0.5175500132787659,0.5138159000051113,0.512931331309875,0.6370379026917444,0.7435772584744959,0.46683323020588247,0.4557063943208844,0.49889840619517284,0.6158428741444544,0.6311036602457895
932,0.5161220396232197,0.5136806496271319,0.511928095974442,0.6365825875509517,0.7396898323786659,0.46673203061498497,0.4555756932048817,0.496502403022601,0.6133856366861328,0.6327355193745877
933,0.5155549644715656,0.5135218211006117,0.5110030770186104,0.6365535891243916,0.7374511527810138,0.4666232690988254,0.4554811167950376,0.49542138910040473,0.6105427157148959,0.6342617894892439
934,0.5208017079355914,0.5072290647110003,0.5037460914833201,0.636474785058253,0.7048477186851172,0.5054402903438989,0.4584391283435969,0.4921229146398857,0.5173884234104482,0.6891807832988
935,0.5199995905646095,0.5071455309067466,0.5041624610720934,0.6353238850697672,0.7014348922374184,0.5079534689492957,0.4583723340554241,0.49075486170153654,0.5164178362655455,0.6907536208188206
936,0.5192326849009734,0.5070683148457629,0.5046200552338858,0.6341656100455803,0.6980025632269014,0.5105153576832401,0.45829281156320445,0.4894015336774145,0.5155194547753642,0.6922892416124898
937,0.5177157832476682,0.507047211661627,0.5050679933506957,0.6322961282149335,0.6925249226220744,0.513325521403535,0.4578880426083332,0.4870249453709418,0.5158320086296793,0.6936632927379062
938,0.517070037243728,0.5069897079419127,0.5056061362225363,0.631153588697655,0.6890754278609041,0.515961585144438,0.45778426477121376,0.4857275338673936,0.5150801352284933,0.6950848273117608
939,0.5164652303914781,0.5069376454852633,0.5061854768436546,0.6300183652775461,0.685635780842392,0.5186379658343941,0.4576694967248931,0.4844490235615831,0.5144019450346758,0.6964656685309603
940,0.516838338592059,0.5053779452100507,0.5323940308807003,0.612075915860188,0.6435243868249063,0.591287479440443,0.46337528048116006,0.47410559168581035,0.48665291457293663,0.7279992997393022
941,0.5162110128445442,0.5052164219031703,0.5338950466520311,0.6107901601302569,0.6406830399717935,0.5948367341648811,0.46280744480481595,0.47285138185304804,0.4876457307167528,0.728974068614938
942,0.5156377646029334,0.5050593423227188,0.5354129889075958,0.6095334111707289,0.6379107194177523,0.5983722726480585,0.46223297860273815,0.47163095248523584,0.4886733075280873,0.7298745175068009
943,0.5151197873073916,0.504906786642508,0.5369460183712503,0.6083067086988774,0.6352110192699483,0.6018903949432719,0.46165361145943856,0.4704448860536521,0.4897330190803037,0.7306990526076065
944,0.5146581855418326,0.5047588488701634,0.5384922702781241,0.607110855749307,0.6325871936604506,0.6053874062793949,0.46107112590414895,0.46929370007194976,0.4908222208594732,0.7314461022439392
945,0.5142539729003187,0.5046156359012541,0.5400498586785114,0.6059464182463675,0.6300421504792673,0.6088596219499572,0.46048735449387673,0.46817784806811963,0.49193826026172666,0.7321141229026629
946,0.5139080700772326,0.5044772665426506,0.5416168808536231,0.6048137258833486,0.6275784466962754,0.6123033722884601,0.4599041767722246,0.46709772068574085,0.4930784869792537,0.7327016053594897
947,0.5136213031828601,0.5043438705080984,0.5431914218306957,0.6037128743006348,0.625198285284404,0.6157150077254236,0.4593235161058954,0.46605364690283957,0.4942402632282753,0.7332070808782607
948,0.5133944022851761,0.5042155873890212,0.5447715589842465,0.6026437285482598,0.6229035137485011,0.6190909039215718,0.4587473364012149,0.46504589535685004,0.49542097377346295,0.7336291274491118
949,0.5132280001777945,0.5040925656035464,0.5463553667095885,0.6016059278115947,0.6206956242563338,0.6224274669704679,0.458177638703434,0.4640746757644426,0.4966180357046638,0.7339663760334091
950,0.5131226313732938,0.5039749613267754,0.5479409211541113,0.6005988913723439,0.6185757553602448,0.625721138662798,0.45761645768197273,0.4631401404252921,0.4978289079233782,0.7342175167833374
951,0.5130787313203496,0.5038629374052929,0.5495263049912447,0.5996218257705427,0.6165446952900658,0.6289684018033511,0.4570658580051956,0.4622423857992429,0.4990511002982161,0.734381305204078
952,0.5130966358424353,0.5037566622589223,0.5511096122215186,0.5986737331269963,0.614602886790143,0.6321657855706486,0.4565279306087023,0.46138145414674625,0.5002821824505432,0.73445656822686
953,0.5131765807951716,0.5036563087727175,0.552688952984662,0.5977534205795223,0.6127504334656647,0.6353098709080521,0.4560047888615245,0.46055733522292336,0.5015197921336777,0.7344422101615983
954,0.5133187019388078,0.5035620531821728,0.5542624583662984,0.5968595107805157,0.6109871075960324,0.6383972959340868,0.4554985646350121,0.45976996801612124,0.5027616431713241,0.7343372184984861
955,0.5135230350217322,0.5034740739546131,0.5558282851824389,0.5959904533977933,0.6093123593657895,0.641424761358681,0.45501140427956493,0.4590192425223605,0.5040055329233885,0.734140669528707
956,0.5137895160704151,0.5033925506697207,0.5573846207247448,0.5951445375554134,0.6077253274566616,0.6443890358910098,0.45454546451474037,0.45830500154765613,0.5052493492499418,0.733851733755401
957,0.514117981880701,0.5033176629021187,0.5589296874493072,0.5943199051462056,0.6062248509375742,0.647286961623673,0.4541029082386246,0.4576270425307785,0.5064910769468154,0.7334696810671114
958,0.514508170704953,0.5032495891089179,0.5604617475915836,0.5935145649431675,0.6048094823832071,0.6501154593770512,0.45368590026268757,0.45698511937961817,0.5077288036291561,0.7329938856472328
959,0.5149597231291932,0.5031885055251011,0.561979107690099,0.5927264074326782,0.6034775021456764,0.6528715339868908,0.4532966029786772,0.456378944314942,0.5089607250421848,0.7324238305943567
960,0.5154721831340546,0.5031345850695873,0.5634801230015316,0.591953220288635,0.6022269336983576,0.6555522795173994,0.4529371719644148,0.455808189715929,0.5101851497814227,0.7317591122299364
961,0.516044999333099,0.5030879962647843,0.5649632017899426,0.5911927044032829,0.6010555599657774,0.6581548843815481,0.4526097515356465,0.4552724899624881,0.5114005034076822,0.7309994440713674
962,0.5166775263818344,0.5030489021723964,0.5664268094730793,0.5904424903874891,0.5999609405487847,0.6606766363496913,0.4523164702513883,0.4547714432699601,0.5126053319452462,0.730144660450304
963,0.5173690265506001,0.5030174593482123,0.5678694726089851,0.5897001554507812,0.5989404297500723,0.6631149274272353,0.45205943638046087,0.4543046135123884,0.5137983047547713,0.7291947197579126
964,0.5181186714543488,0.5029938168185484,0.5692897827064743,0.588963240569393,0.5979911953014058,0.6654672585817318,0.4518407333371523,0.45387153203110503,0.5149782167755887,0.7281497073006938
965,0.5189255439322956,0.5029781150809732,0.5706863998435051,0.5882292678490544,0.5971102376907992,0.6677312442996278,0.4516624150941887,0.45347169942592835,0.5161439901352082,0.7270098377525295
966,0.5197886400703402,0.5029704851318737,0.5720580560779626,0.5874957579881754,0.5962944099852366,0.6699046169528063,0.45152650158138186,0.4531045873267657,0.5172946751269232,0.7257754571906953
967,0.520706871359201,0.5029710475233766,0.57340355863601,0.5867602477465558,0.5955404380425261,0.6719852309551543,0.4514349740785484,0.4527696401439135,0.5184294505594996,0.7244470447057192
968,0.5216790669812024,0.5029799114520576,0.5747217928637921,0.5860203073246512,0.594844941004345,0.6739710666895732,0.4513897706114514,0.45246627679577683,0.519547623485914,0.7230252135771216
969,0.5227039762187626,0.5029971738818051,0.5760117249290729,0.5852735575589022,0.5942044519616813,0.675860234186235,0.4513927813596968,0.45219389241314417,0.5206486283210641,0.7215107120093261
970,0.52378027097771,0.5030229187031309,0.5772724042601832,0.584517686839566,0.5936154386834926,0.6776509765333208,0.4514458440856629,0.45195186001952004,0.5217320253612172,0.7199044234241684
971,0.5249065484186985,0.5030572159311352,0.5785029657105729,0.5837504676589221,0.5930743242997198,0.6793416730021692,0.45155073959368414,0.4517395321873448,0.5227974987207255,0.718207366308732
972,0.5260813336901542,0.5031001209442494,0.57970263143822,0.5829697726996619,0.5925775078305774,0.6809308418694879,0.4517091872288276,0.4515562426702023,0.5238448537041734,0.7164206936194011
973,0.5273030827563461,0.5031516737657893,0.5808707124901751,0.5821735903756666,0.5921213844554891,0.6824171429202129,0.45192284042472447,0.45140130801136535,0.524874013634642,0.7145456917452069
974,0.5285701853143889,0.5032118983902464,0.5820066100836125,0.5813600397402477,0.5917023654169942,0.6837993796156457,0.452193282310008,0.4512740291292091,0.5258850161611615,0.7125837790357189
975,0.5298809677941854,0.5032808021561547,0.5831098165759123,0.5805273846802615,0.5913168974574999,0.6850765009126892,0.4525220213830024,0.4511736928801699,0.5268780090706583,0.7105365039008206
976,0.5312336964355419,0.5033583751672638,0.5841799161174847,0.5796740473182485,0.5909614816898299,0.686247602721303,0.4529104872643945,0.45109957360003977,0.5278532456317858,0.7084055424917606
977,0.5326265804369127,0.5034445897636189,0.5852165849822871,0.5787986205489201,0.5906326918061,0.6873119289887483,0.4533600265376586,0.45105093462441787,0.528811079499936,0.7061926959748445
978,0.5340577751704713,0.5035394000440656,0.5862195915722846,0.5778998796408973,0.5903271915335887,0.6882688724007371,0.4538718986871024,0.45102702978918885,0.5297519592144858,0.7038998874110307
979,0.5355253854584264,0.50364274144154,0.587188796093406,0.5769767928395167,0.5900417512508372,0.6891179746912808,0.4544472721434025,0.45102710491183917,0.5306764223208783,0.7015291582565197
980,0.5370274689057454,0.5037545303524145,0.5881241499019026,0.5760285309118105,0.5897732636822482,0.689858926554781,0.45508722044656597,0.451050399254377,0.5315850891515388,0.6990826645011005
981,0.5385620392846538,0.5038746638210115,0.5890256945213821,0.5750544755803509,0.5895187585949527,0.6904915671557714,0.45579271853626124,0.4510961469685152,0.5324786563007899,0.6965626724626628
982,0.5401270699665116,0.5040030192802923,0.5898935603321814,0.5740542267985309,0.5892754164275378,0.6910158832336586,0.45656463917947787,0.45116357852363514,0.5333578898299448,0.6939715542577372
983,0.5417204973968545,0.5041394543495658,0.5907279649361331,0.5730276088259847,0.5890405807865021,0.6914320078018181,0.45740374954547275,0.4512519221178894,0.5342236182395479,0.6913117829693132
984,0.5433402246095854,0.5042838066899499,0.5915292112011842,0.5719746750692067,0.5888117697528298,0.6917402184424624,0.458310707937958,0.4513604050726099,0.5350767252463386,0.6885859275344085
985,0.5449841247764684,0.5044358939181555,0.5922976849917116,0.5708957116589664,0.5885866859479483,0.6919409352008161,0.459286060694443,0.45148825520995883,0.5359181424029115,0.6857966473749719
986,0.5466500447882225,0.5045955135790298,0.5930338525917754,0.5697912397428184,0.5883632253154323,0.6920347180842686,0.4603302392626222,0.4516347022135356,0.5367488415982644,0.6829466867966613
987,0.5483358088636617,0.5047624431771556,0.5937382578299144,0.5686620164778327,0.5881394845821463,0.6920222641743469,0.4614435574636372,0.4517989789713958,0.5375698274774363,0.6800388691808599
988,0.5435354699600098,0.5116289672495097,0.6089432599648172,0.5356985960282323,0.5726863277009092,0.6810467480751863,0.46435683486379675,0.4512969828128451,0.5671111234475466,0.6417702833561976
989,0.5448151025349833,0.5114865067255495,0.6093943954564328,0.534424676416845,0.5724356096065685,0.6796687180226426,0.4656034573461922,0.4514306221503497,0.5685707119663984,0.6391546736300416
990,0.5461000527201012,0.5113506715720203,0.6098218066687104,0.5331892298011475,0.572201464937829,0.6782272224558731,0.4669148094455609,0.4515919647407651,0.5700359858285784,0.6365435940077538
991,0.5473890464169617,0.5112211825023648,0.6102268559553435,0.5319962359208305,0.5719855750887061,0.6767243992640487,0.46829014371281913,0.4517805785548884,0.5715074628916652,0.6339392130314089
992,0.5486808225125078,0.5110977453714418,0.6106108980534686,0.5308496553670629,0.5717896346503057,0.675162369236353,0.46972858963355457,0.45199602179631326,0.5729855487636194,0.6313436311026435
993,0.5499741349483067,0.510980051970473,0.6109752726818476,0.5297534107017429,0.571615336288371,0.6735432290941639,0.4712291536472322,0.452237843814393,0.5744705333009208,0.6287588779477074
994,0.5512677547746749,0.5108677808645652,0.6113212972773439,0.5287113675858532,0.571464355548911,0.6718690448475061,0.47279071945324297,0.4525055860209418,0.5759625877081473,0.6261869104425081
995,0.5525604721866517,0.5107605982706892,0.6116502599023742,0.5277273160156754,0.5713383356846656,0.6701418455141775,0.4744120486127622,0.452798782803523,0.577461762243931,0.6236296108027157
996,0.5538510985386172,0.5106581589739396,0.6119634123552102,0.5268049517652728,0.5712388725950769,0.6683636172384271,0.47609178145491104,0.4531169624282039,0.5789679845353269,0.6210887851420172
997,0.555138468334112,0.510560107279781,0.6122619635139781,0.5259478581327222,0.5711674999717676,0.6665362978442341,0.47782843829510685,0.45345964792469723,0.5804810584997139,0.6185661623995792
998,0.5580134962615002,0.5100504234797631,0.6126661640051034,0.5250201067214246,0.5711031137774546,0.6641737730403277,0.48133115495681994,0.45432489034919443,0.5820207833823683,0.6147782482650197
999,0.559303057710482,0.5099781931347503,0.612924585930455,0.5243371641944383,0.5711015173230314,0.6622268542556312,0.4832347759085119,0.4547433945081102,0.5835281450940943,0.6122758897711051
1000,0.5605849161133889,0.5099088555119474,0.613172430370647,0.5237304677591025,0.571132200738658,0.6602365047947847,0.485188937990117,0.4551838616735836,0.5850406999163117,0.6097970755414037
