time_step,site_0,site_1,site_2,site_3,site_4,site_5,site_6,site_7,site_8,site_9
0,0.0,0.0,0.0,0.0,0.0,1.0,0.0,0.0,0.0,0.0
1,0.0,0.0,0.0,2.4049868958326533e-08,0.00021930450021981926,0.9999999759527681,0.0002192804529879832,0.0,0.0,0.0
2,0.0,2.8894447474052703e-16,2.637266290377844e-12,2.1640397928394774e-07,0.0008769054369506374,0.9999996154341066,0.0008767131645516352,2.4047231691148466e-08,2.636977345903104e-12,0.0
3,0.0,7.215376078379998e-15,4.218727412245867e-11,8.653310412564832e-07,0.0019717937936333217,0.9999980547357076,0.001971145467045748,2.163644289388848e-07,4.218034528340202e-11,2.8856437108128735e-16
4,0.0,6.48406157715131e-14,2.6358886776002266e-10,2.402612945507264e-06,0.003502242712305854,0.999993859079181,0.0035007079031197873,8.651096320405279e-07,2.63531182707178e-10,7.20303619706901e-15
5,0.0,3.5319644203804397e-13,1.053929888265367e-09,5.402779914506246e-06,0.005465812088701927,0.9999850296964868,0.005462819341670888,2.4018225468676136e-06,1.0536409389962893e-09,6.470411733146933e-14
6,0.0,1.4134543646418365e-12,3.2260474288896357e-09,1.058208209451323e-05,0.00785935508611193,0.9999690136971523,0.007854194006589968,5.400607513479713e-06,3.224986419958908e-09,3.5262970191768033e-13
7,0.0,4.5795614716063275e-12,8.253760202535215e-09,1.8797197817785044e-05,0.010679026542710763,0.9999427166771493,0.01067085039105124,1.0577053347441321e-05,8.250593327544456e-09,1.4118796198089085e-12
8,9.917332140505164e-16,1.271751763688378e-11,1.8558110452484972e-08,3.104367884270729e-05,0.01392029323973345,0.9999025180117638,0.0139081220228106,1.878689039910328e-05,1.854997224276175e-08,4.576098056725331e-12
9,7.031095966967005e-15,3.138819882806544e-11,3.7843851581067e-08,4.845413299728132e-05,0.01757794599072896,0.9998442887625627,0.017560670038862455,3.102438526565079e-05,3.782518010145576e-08,1.270934207404009e-11
10,2.7527446647521845e-14,7.057593415871593e-11,7.148528781833492e-08,7.229614478310525e-05,0.021646113505158424,0.9997634121166229,0.021622497520891855,4.8420473711049066e-05,7.14460953178436e-08,3.136962221155762e-11
11,1.8812737682144447e-12,5.378101495798786e-10,2.0112283564569817e-06,0.0001435958601418254,0.10962064511752512,0.9966487748702093,0.025919459608813495,0.0007223480850353464,2.992589977869586e-07,1.7485673440533854e-09
12,3.3457159941380248e-12,1.5462567975323891e-09,2.379892466937623e-06,0.00024408085838034657,0.1188262374079885,0.9960058879610657,0.030582524217170365,0.0008146519350937576,7.142736339256252e-07,2.2586183222658878e-09
13,6.332923086665427e-12,3.2671861893654937e-09,2.9082681922519563e-06,0.00037694260656731234,0.12832183550820955,0.9952732964641824,0.035602690178804505,0.0009213127903878729,1.3510611423895362e-06,3.176077058940246e-09
14,3.683495453782742e-10,1.7174143840096596e-08,5.2156882674883414e-05,0.0007158501148938025,0.47227311182915305,0.9247628165592807,0.039905768339528316,0.006897635438654223,4.014737984252838e-06,1.5170518386078294e-07
15,4.867914332125439e-10,4.364794885157206e-08,5.612003673965929e-05,0.001181825521993749,0.4856219520793488,0.9195192794454907,0.044453013198092556,0.0072175301773806455,8.298417692847975e-06,1.681427423197348e-07
16,2.3992464369199403e-09,1.0817126606916741e-07,0.00013541684119009235,0.0018737638747974047,0.6392708572863837,0.8398798517986029,0.04855535131859703,0.011780950169229969,1.5912970743190702e-05,5.839024511564866e-07
17,3.0920277612131155e-09,2.063282960526067e-07,0.00014575155935725003,0.0027492458145925527,0.6512439753918029,0.8316358722749799,0.052841792671198054,0.012220919371688488,2.6307048728169236e-05,6.481584271576379e-07
18,4.616194729706792e-08,1.6817220063306913e-06,0.0007681757778073299,0.007484633283906389,0.9189163314725988,0.4874491057839672,0.060038186898734754,0.028607732603439847,0.00010310228155488087,5.657075910666187e-06
19,5.7253252250617254e-08,2.536514545963107e-06,0.0008163822032011406,0.009687227465325358,0.9238710740447785,0.4746195798462458,0.06260867029963443,0.029237244823475884,0.00014163471275394115,6.158455339911207e-06
20,7.178405794990855e-08,3.606816312058081e-06,0.0008735950480952783,0.012207524785042707,0.9285925377241958,0.4618266447849496,0.0651970400662197,0.029892810952984884,0.00018701248254443645,6.776836890356314e-06
21,9.038466564871759e-08,4.91704874895655e-06,0.0009405938965250277,0.015048183396053261,0.9330836891961435,0.44908561692537013,0.06779718019575899,0.030574349054929457,0.00023944626218786586,7.526596052935089e-06
22,1.1382506279840611e-07,6.4957116300116894e-06,0.0010182571773241,0.018211371059902306,0.9373476553718942,0.4364118733348795,0.07040311890799733,0.03128175550805668,0.000299152935019231,8.424375526219093e-06
23,1.4303167569253786e-07,8.375706587389173e-06,0.0011075628066080734,0.021698755517178005,0.9413876940677269,0.42382081445584724,0.07300903574617679,0.032014903333076924,0.0003663553033905883,9.489153791443827e-06
24,1.7910659322899043e-07,1.0594693512335694e-05,0.0012095886304744445,0.02551149601556993,0.9452071649462088,0.41132782638268495,0.07560926820896864,0.0327736405963741,0.00044128178037863256,1.0742314584564646e-05
25,2.2334940867024586e-07,1.3195479711816736e-05,0.0013255126637667643,0.029650236035295326,0.9488095008652209,0.3989482429233865,0.07819831791892964,0.03355778889517423,0.0005241660660252397,1.2207717086287648e-05
26,2.7728182930590597e-07,1.622644160273696e-05,0.0014566131209011416,0.03411509724764848,0.9521981797771905,0.3866973075866918,0.08077085633444386,0.03436714192788708,0.0006152468079227352,1.3911766639239646e-05
27,3.426752204345211e-07,1.97419786316302e-05,0.0016042682349241516,0.03890567473819168,0.9553766973172543,0.37459013563609694,0.08332173001335139,0.035201464153121045,0.0007147672460077736,1.5883485800206696e-05
28,4.215812585037468e-07,2.3802999006953025e-05,0.0017699558611486501,0.044021033521682525,0.9583485402147299,0.36264167635143896,0.08584596543758471,0.03606048954064159,0.0008229748414761218,1.815458552885353e-05
29,6.397995390558202e-07,2.894742358288841e-05,0.002352410532922316,0.04948486477452358,0.9664478130969841,0.32792603726155084,0.08814041100994989,0.038718542736397986,0.000942680062162418,2.648174297887459e-05
30,1.7716862781162796e-05,4.62083622021109e-05,0.03434817796102481,0.05257984849356311,0.971078574579901,0.30563442294898635,0.08625137688346182,0.08774421755383445,0.001066469941991064,0.0006077772543052609
31,3.6673938317659485e-05,0.00014388688335197427,0.04969656660865176,0.0566259931302274,0.7635661356500656,0.7328330993155349,0.09250858898347875,0.080358453382935,0.0013339941511263194,0.0009559290481066418
32,3.895580727932766e-05,0.00019834148233791575,0.05009521995376489,0.058417805563175655,0.7540468400059979,0.7425518480071448,0.0949511896367727,0.07966474723552412,0.0014559511927020768,0.000968478794772251
33,4.1770199195093954e-05,0.00026386143654613025,0.05053138878782432,0.06033919959037202,0.744352064275086,0.7520501618841385,0.09765977537939277,0.07890175461863833,0.0015926349003892012,0.0009828381857284918
34,4.514214756148989e-05,0.00034058512036087276,0.05100486335564755,0.06238351202640657,0.7344890064546407,0.7613214606121023,0.1006381231503587,0.07807025564525429,0.0017436549106284772,0.000999029619223049
35,0.00018952850058293004,0.000607577546845321,0.06305001365777695,0.0621725257938716,0.22937807848870603,0.980837059987932,0.12365493130263694,0.03359234871621899,0.0018923193275433249,0.001635568504138553
36,0.00019808802769706032,0.0007229764744020035,0.06310659500236535,0.062270287761897906,0.2195073706169458,0.9816234433617316,0.13155840551042128,0.0324688096197923,0.0019531592392638595,0.00164920527196622
37,0.00046305631069095196,0.0008173845874651913,0.05715450929320405,0.0625976133222898,0.06950463681478379,0.9933172156544081,0.14147410677858618,0.003935367930239605,0.0019546519952402274,0.001953154219806837
38,0.00047451624271654204,0.0009178248155708599,0.056757511087451154,0.06277754769002715,0.07199607928088173,0.9924040277440945,0.15140755859471458,0.0035987973819084384,0.001956015607322075,0.001955116276741914
39,0.0004874670632549205,0.0010290548085648244,0.05634514076579044,0.06298806805434597,0.07482343958333028,0.9913860462188557,0.16160886326574764,0.003282661329119803,0.001957200751426128,0.0019571470373198367
40,0.0007974244893138738,0.001106265463733942,0.03991293385631757,0.06506010574174809,0.3022871850566227,0.9646340804971955,0.17104430980657398,0.010219635931846,0.001981615745244838,0.001818472554872757
41,0.0008108562608583747,0.0011830782957614264,0.03925285001673553,0.0668491967668546,0.31326008436649244,0.9614198310624213,0.1806415706880662,0.01101526107751403,0.0020091900273527443,0.0018078023604828815
42,0.0009732953508534348,0.0012432824467255037,0.028915117944288055,0.06991481097347871,0.48721469062563116,0.9089712585426597,0.18906604133301524,0.0274202335964271,0.0020821684557911528,0.0015841171813965223
43,0.001118281886520171,0.0012826170603737505,0.018776573494872766,0.07413840346382272,0.6560862292694297,0.8172255875864086,0.19579352632134583,0.050968845656983786,0.002220271780036267,0.0012875200336063854
44,0.0011468368168298898,0.001317125605955,0.016847075292939703,0.07861825440081006,0.6866188215701148,0.7933993588293153,0.20263297867490174,0.0564259083493734,0.002382072024048057,0.0012208178209755234
45,0.0011585340228311683,0.0013527116917323675,0.016198650487757003,0.08330591911116876,0.6962934343602781,0.7845855531160104,0.20956792892999396,0.0583283230133645,0.0025604331053339048,0.001197983527480656
46,0.0011710941748632184,0.0013897824338303597,0.015537927198243536,0.08821406590922255,0.7057219409956867,0.7756336357195749,0.2164902962024028,0.06029513830799407,0.002756175349992348,0.0011736723271970264
47,0.0011844899707304435,0.0014281076838271766,0.014866757048342377,0.09334311499860734,0.7148991993026734,0.7665530901000656,0.2233916619867535,0.06232674337368731,0.002969976347594334,0.0011479389429017483
48,0.001198692385510326,0.00146745345576461,0.014187094466004822,0.09869313762580385,0.7238204665093706,0.7573538208248504,0.23026382875479526,0.06442346398780137,0.003202528180305023,0.0011208454358976516
49,0.0012136706333901162,0.0015075828129573266,0.013500996322409267,0.10426385225617242,0.7324813891283325,0.7480461277644391,0.23709882746617755,0.06658555983979733,0.0034545368396304912,0.0010924614430046949
50,0.0012293921331741045,0.001548256794109242,0.012810621379158624,0.11005462157522132,0.740877992123216,0.7386406787826458,0.2438889243055635,0.06881322194665469,0.003726721604315032,0.0010628644134333526
51,0.0012458224779327894,0.0015892353776465458,0.012118229538462569,0.11606445033223887,0.7490066674500002,0.7291484810368053,0.2506266266601891,0.07110657021524111,0.004019814379088351,0.0010321398450567189
52,0.0012629254092761724,0.0016302784830836258,0.011426180891467304,0.12229198404054563,0.7568641620642148,0.7195808510089516,0.2573046883546615,0.07346565115800051,0.004334558994051317,0.0010003815195841568
53,0.0012806627967434953,0.0016711470081464937,0.010736934560079937,0.12873550854567017,0.7644475654860612,0.7099493833933883,0.2639161141622316,0.07589043576795831,0.004671710464581524,0.0009676917361260783
54,0.0012989946228105578,0.0017116039002880487,0.010053047327843958,0.13539295046969932,0.7717542970152788,0.700265918970054,0.27045416361408586,0.0783808175586522,0.005032034211735398,0.0009341815426266264
55,0.0013178789740234925,0.001751415261141121,0.009377172055664339,0.1422618785369385,0.778782092686982,0.6905425115963646,0.27691235413027504,0.08093661077418238,0.0054163052432216145,0.0008999709646289211
56,0.0013372720387745186,0.0017903514823686423,0.008712055878450344,0.1493395057828329,0.7855289920586797,0.6807913944529286,0.2832844634978082,0.08355754877415161,0.005825307295121179,0.0008651892308260743
57,0.001357128112240552,0.0018281884112856506,0.008060538179045642,0.15662269264489717,0.7919933249170575,0.6710249456805368,0.28956453172311875,0.0862432825978086,0.0062598319346324725,0.0008299749948404262
58,0.0014257963176750612,0.001859620976139633,0.005717259641485307,0.16433435953331887,0.8178049544533135,0.6352317876782979,0.2949446759675461,0.09739414547052982,0.006750472164634083,0.000679343087220394
59,0.0014929301277560448,0.001882460956950817,0.0038768739705490056,0.17244758109539413,0.8407550693955254,0.5990690181029478,0.29974067965772605,0.10904787786103326,0.007299598503076347,0.0005419501104529044
60,0.001656984054242913,0.0018906726638882863,0.001856107418851078,0.18131422127601285,0.8919117100001978,0.5022832792419755,0.3014797526750437,0.14271970762120248,0.007979861542677711,0.00025670392437502135
61,0.0016725678714162608,0.001885936494406322,0.0019104333772348588,0.1995720697914717,0.8936934295801076,0.4922274519785898,0.30916789715524784,0.1458537427799419,0.009436172597594127,0.0002510835616652023
62,0.001686376464406031,0.0018825009290546581,0.0020152064607797063,0.20895249477431208,0.896145589951014,0.483267935354985,0.31275596744756073,0.14905800454117235,0.010218211401397422,0.0002402685523284176
63,0.0016996202506319284,0.0018776653046555904,0.0021715618577642943,0.21850576764314014,0.8983374512687,0.4745037904162992,0.31621360751882077,0.15229553008081792,0.011040001597535674,0.00023132740061216118
64,0.001712243294562276,0.0018715433632651036,0.0023829325226052325,0.2282242742980054,0.9002703774816512,0.4659451043130741,0.3195391853120106,0.15556444671360975,0.011902231005029948,0.00022453636723708068
65,0.0018487946477192731,0.001958386967025441,0.07338146886822708,0.23577748042344732,0.948105752959212,0.3109262454253387,0.29934794924506525,0.29806530344664034,0.013103676064937,0.002719842992587133
66,0.001838759016738708,0.002029999575326206,0.07569053268797397,0.24473673374620086,0.9460571716086261,0.31403316297390294,0.2985275611868571,0.2998145027262647,0.014322611970576327,0.002833765942118702
67,0.0013752439665513491,0.0022541063817010055,0.1512122595890758,0.24638034522083097,0.8860482576616506,0.49090026863335084,0.2933977223015166,0.32508763747188096,0.015431321057634036,0.006930250379659965
68,0.0013603359698065038,0.0025217603521601635,0.15376715488016346,0.2525572062718186,0.8814808542356857,0.49868475643508337,0.2936160017425171,0.32492867546491216,0.01658154825667295,0.007092126639795266
69,0.0011299617000587714,0.002873460295948096,0.17928467825866762,0.2555280815492356,0.838330595169159,0.5785550170653766,0.29571942844534876,0.31952567395093484,0.017681849944163445,0.008805985368957006
70,0.0011165081614041166,0.003278469042369081,0.18181056546977398,0.26069415427419235,0.8325031754734131,0.5863575725396903,0.2970144210232271,0.3185804643671437,0.01883650240375958,0.008991431285667036
71,0.0006761293297733445,0.004416122227439774,0.22612971718361655,0.2621941773302728,0.7145931409047831,0.7289601193303381,0.30914004774460496,0.28890527245536773,0.020738834603966232,0.01263927694516958
72,0.0006782646548426254,0.0050768643496282686,0.22827370659825227,0.2653779530246674,0.7067659179529804,0.734946459583547,0.3129385859613048,0.28665217165644935,0.021766900365326417,0.012849612688522662
73,0.0006824163130323525,0.005794139567813697,0.23045289341328473,0.2685445499413604,0.6988796455756946,0.7407329763468572,0.3169703523795346,0.28427407491259404,0.022836578222271503,0.013071957291159102
74,0.0006888964034381798,0.006568383300080335,0.23266596111930063,0.27169033946595406,0.6909415694868267,0.7463151155194975,0.32123436793446697,0.2817727929450413,0.02394619666538735,0.013306413643947983
75,0.0006720004542334097,0.007404342242002255,0.23712155041977073,0.2743835870632247,0.6755541852779335,0.7578860059976193,0.32631600588899606,0.2765003606444339,0.025073182823332683,0.01379822612316769
76,0.0005600043775990852,0.008324441213491513,0.2519469806913067,0.2748277299354973,0.6214874258611942,0.7969311238827408,0.33477949629263554,0.2563309538491016,0.026104983381552524,0.015585037032310508
77,0.0005908541685009986,0.00931606022196207,0.2539563550850078,0.277162073902358,0.6131612382413515,0.8008914225145749,0.3405741188085479,0.2532205924062009,0.027174473438011108,0.015849584419656285
78,0.0006265400036271655,0.010368299942551097,0.25598465368557893,0.2794618265183499,0.6048510260738289,0.8046172729108072,0.3465955152254961,0.2500023229019283,0.02827169845942178,0.016126040938711242
79,0.0006674909722208551,0.011481314922548946,0.2580303540115874,0.2817247062177164,0.5965647639488733,0.8081063352233155,0.35283897068063763,0.24667945942738986,0.029394761979235445,0.016414446872839324
80,0.0007141582052278832,0.012655227272441987,0.2600919138981727,0.2839485535468834,0.5883103837915891,0.8113564419341125,0.359299351949374,0.24325552253338467,0.030541724052331357,0.016714838019941274
81,0.0007670145863730186,0.013890125763605904,0.26216777284496395,0.2861313319217352,0.5800957559718531,0.8143655928425678,0.36597112026475015,0.2397342404953604,0.03171060476174886,0.017027245197080328
82,0.0008265544295987078,0.015186064956079331,0.26425635340949727,0.2882711281561158,0.571928670665093,0.817131950584427,0.3728483453207203,0.23611955027431797,0.03289938781062253,0.017351693744920547
83,0.0020310627253636248,0.026429808090030284,0.2971302418197899,0.2891296216358945,0.4229509921685526,0.8652946327232292,0.44352319677530705,0.16157121453800066,0.038592074515638654,0.023849814430991285
84,0.004056908117552652,0.028319416810530264,0.31266861350036845,0.2862618042719232,0.3359534989977483,0.8878692527224336,0.45824959712668323,0.10198979930867996,0.03901726189643756,0.029634620674586314
85,0.004964945490765422,0.03834598182775893,0.3130198066209665,0.28732024284781094,0.33151585501521175,0.8683374122773344,0.5103582663444703,0.09865253844060819,0.04163358072425598,0.030005965729063316
86,0.005333475146402375,0.04052448436989478,0.3135525414152923,0.28742797878919046,0.327624590268092,0.8647269620087046,0.5209090344182775,0.09524800471811258,0.042156174605105665,0.030390899842525475
87,0.005721679484944704,0.0427541135287683,0.3140472987458974,0.2875185698776317,0.3239312361452098,0.8608842243129481,0.5314661306199386,0.09190036158931343,0.04266188446046095,0.030780677814085985
88,0.006130145807319054,0.04503362319664997,0.3145030920379548,0.2875933063370794,0.32043474153018253,0.8568104891453872,0.5420187323231386,0.08861718249673783,0.043149729723410794,0.031175029555156615
89,0.006559462724046966,0.04736172356446507,0.3149189777292039,0.28765351468692196,0.3171337382461734,0.8525072794957347,0.5525561851796136,0.0854060935710637,0.04361878037307243,0.03157367821793934
90,0.015972824945854492,0.049860618876753346,0.3086073958014198,0.2890753884091311,0.29222098244423256,0.8526218263805002,0.5648614669203409,0.043301750278025276,0.0434099095065855,0.040138002010777996
91,0.018951324253023413,0.05201555848882842,0.30201539008348677,0.2907061201634449,0.3030149472595276,0.8446126986827223,0.5754772690969153,0.04614551411854733,0.04331550068585934,0.04152740172004929
92,0.019648996494920894,0.054090226342310366,0.30068753303419504,0.2913154283666439,0.3052851721281749,0.8383194183088164,0.5860189992660532,0.04711686133538538,0.043247966419166395,0.04176261262807454
93,0.020371257948397226,0.056193709971842136,0.29929960171020975,0.29197409185611983,0.3076583721205751,0.8318572748031728,0.5964314011885002,0.04824891564184228,0.043175861424617185,0.04199081204071573
94,0.02111825858321604,0.05832424496802498,0.29785210116979044,0.29268350527076004,0.3101271787027845,0.8252309131693621,0.6067067754590982,0.04954565397256273,0.043100332179108775,0.04221174544325986
95,0.024119103668182918,0.06050356034799093,0.2901317586785653,0.2948155053037386,0.32470304337926553,0.8156412094744262,0.6164863598619905,0.058306804581439706,0.04299705647033434,0.04299775484762877
96,0.024929355838697372,0.06259233335531567,0.2883910635794688,0.29585159592792554,0.3278454697544937,0.8086312762415969,0.6262941300404545,0.06051883196172385,0.04291816794190766,0.04317402658479579
97,0.025764243772137378,0.06470048048905973,0.286592663804582,0.2969491370614868,0.3310419107000978,0.8014831664923925,0.6359366778779949,0.06290562849470732,0.042844850277195916,0.043341179099807906
98,0.026623783304694375,0.06682616449771807,0.2847376046918353,0.2981089810679679,0.3342850565920151,0.7942033138530231,0.6454080071405752,0.06546965868324364,0.042778720161460046,0.043499046978384755
99,0.027507969366644548,0.06896753270680758,0.28282702399135684,0.2993318694365456,0.3375677013601017,0.7867984865163637,0.6547024594543575,0.06821315895092633,0.042721458382493575,0.04364748401086829
100,0.028416775376078215,0.07112271921569516,0.2808621522469709,0.30061843064006616,0.3408827535950058,0.7792757753416789,0.6638147113767848,0.0711381308992861,0.04267480905081158,0.04378636420670564
101,0.029350152662078504,0.07328984711874831,0.2788443130468337,0.301969178251971,0.3442232470599074,0.7716425805901573,0.6727397705534219,0.07424633498772505,0.042640578687811535,0.0439155828097267
102,0.030308029918934484,0.0754670307472651,0.2767749231373497,0.30338450932679756,0.3475823506042759,0.7639065973525455,0.681472971012947,0.07753928465746053,0.042620635179582575,0.044035057312270295
103,0.05666028004317924,0.07807858461977481,0.19155653580776655,0.31933738152228863,0.512131202845114,0.6982411139383573,0.6681756983729842,0.2686679741502247,0.04349901468381326,0.0399409454254994
104,0.05756854301039325,0.07923911842965327,0.1888510380236853,0.3234003804745961,0.5164573276803859,0.6909079754507865,0.6729957663130133,0.2755145432191443,0.0442913570692682,0.03982407356447299
105,0.05848929857072105,0.0803899735942944,0.1861251022558161,0.32755525023885457,0.5206415365398048,0.6836158833538128,0.6775952983096204,0.2824412648715344,0.04517090182268326,0.03969393089006929
106,0.059421980461975665,0.08152999509723062,0.1833819419369721,0.3317994115831445,0.5246809342024146,0.6763732688824627,0.681973743229758,0.28944395565621917,0.046140215815972406,0.03955104090567499
107,0.060366001339259845,0.08265804764416188,0.18062485435722572,0.33613013674915315,0.5285728799627141,0.6691884452176529,0.6861307719437622,0.2965183079041326,0.04720182566488004,0.03939597777401065
108,0.06132075320142655,0.08377301744456543,0.17785721759919745,0.3405445551046277,0.5323149849875188,0.6620695857882313,0.6900662717368929,0.30365989586205433,0.048358212992011956,0.03922936672135451
109,0.062285607856249044,0.08487381397279267,0.1750824872515344,0.3450396590823885,0.5359051095421165,0.6550247031952238,0.6937803407819819,0.31086418202743127,0.04961180966101948,0.03905188436499083
110,0.06325991742393063,0.08595937170616003,0.17230419290035165,0.3496123103842208,0.5393413601086543,0.648061628832329,0.6972732826929088,0.3181265236679724,0.0509649929911412,0.03886425896139023
111,0.06424301487852985,0.08702865183760168,0.16952593439908295,0.354259246427069,0.5426220864176703,0.6411879932724779,0.7005456011764243,0.32544217950934495,0.052420080961617085,0.038667270572735425
112,0.06523421462683202,0.08808064396051025,0.16675137791791217,0.35897708700817593,0.5457458784116259,0.6344112074858195,0.7035979947975538,0.33280631657402104,0.053979327415781035,0.03846175114952492
113,0.06936675914590427,0.08921774724154459,0.1533161861008394,0.3650369054268943,0.5649401347161038,0.6185916946932885,0.6987520601581905,0.3700581819692323,0.05591996176095817,0.03636117399844127
114,0.0703266500230256,0.09010768696057485,0.15068216557192,0.3701530601542596,0.5675625568687249,0.6122896933948881,0.7008252925822549,0.3774861434967994,0.05788022016062066,0.03614171728786487
115,0.09316522892438937,0.09232524323809983,0.08582078352128174,0.3814587103423639,0.6839558016859393,0.5225490521684704,0.5854513172977349,0.6407040836368691,0.06301387500786182,0.018042138436250327
116,0.09344864635888184,0.09238388939224211,0.08556211426235069,0.38848133500155474,0.6836812243326214,0.5200898566488736,0.5832266658375662,0.6452251716882016,0.06698198652315726,0.018000879053562
117,0.09210732520042314,0.09431950309146493,0.11423945714996775,0.4215581662071761,0.6929054601276283,0.5014436378050057,0.5070013727515045,0.7377747363916045,0.09340263239340606,0.014150575391490746
118,0.08110561606044724,0.09499790163486067,0.16976867622214858,0.4231508779868861,0.6700350818297314,0.5214337487475019,0.5041149784070718,0.7406804606041921,0.09969373983240525,0.019221306839336025
119,0.08044869804939428,0.09577118497066252,0.17293867705104735,0.4288239544881857,0.6664778215127624,0.5226660716237274,0.5052821257362035,0.7394137126001669,0.10521666739851065,0.019869696041500427
120,0.07453719668368355,0.09664127048159742,0.1998721481000136,0.43139975328953606,0.6502842788982315,0.5349924845616046,0.5166381894385444,0.7276694950584323,0.11097697455762559,0.02426880994005433
121,0.07379362612127385,0.09774130374179739,0.20336152621022383,0.4364317533704531,0.6464284588830156,0.5361555284943446,0.5189569993034848,0.725426987354042,0.11654462074789515,0.025085773338924634
122,0.07303144468533022,0.09889493626704358,0.20690018766779295,0.4413793782536062,0.6425460166607211,0.5372718705968518,0.5214192519035918,0.7230376363329577,0.12221557744318054,0.025945542941250066
123,0.07225174448810633,0.10010307931838747,0.21048675089493357,0.4462402101638719,0.6386412261239037,0.5383382560626422,0.524022318064653,0.7205014451770972,0.12798382077329687,0.026848937759807203
124,0.06614648248778238,0.10133817593367389,0.2366316659052402,0.44754389523837773,0.6218435102660022,0.5498140109029213,0.5406742989039562,0.7022248000252281,0.13386423842758075,0.03257063011069564
125,0.06534027859020061,0.10289325540704145,0.2403984199153789,0.45176275392741605,0.6178106593487113,0.5505913939832058,0.5442145447530324,0.6988255344285395,0.13955381726481145,0.03364717093294718
126,0.06452355024357398,0.10451028541003643,0.2441980152169206,0.45588821711237304,0.6137824974314924,0.5512939154657673,0.5478771834189163,0.6952811110380159,0.14531208706197304,0.0347694235644452
127,0.06369776698075622,0.10618989825965655,0.24802865082912665,0.4599187919125579,0.6097630748979611,0.551919662763522,0.5516575242575951,0.6915926748110212,0.15113285456746683,0.0359379732263457
128,0.06286445560372655,0.10793268819743529,0.25188848348257187,0.4638531067569889,0.6057563898598938,0.5524669154530572,0.5555506657553053,0.687761577870615,0.1570098941431801,0.037153383635613005
129,0.05519652655595192,0.10961350685513518,0.28377205258635596,0.4624264075295219,0.5854605540929813,0.5649302566458245,0.5802370293857583,0.6571859618862589,0.16283190770058997,0.04640012243007109
130,0.05442371506603378,0.11179140401431643,0.28768354963679954,0.4656069157082641,0.5814826085748227,0.5649588269286838,0.584931595136661,0.6524704475166596,0.16839943498753884,0.04781525245269588
131,0.053653682755310496,0.11403847969196074,0.2916053244542961,0.4686907046252174,0.577544107981221,0.5648917335853921,0.5897048755206049,0.6476241497847672,0.1739926148045496,0.049277022511072854
132,0.0398829910020662,0.11596808657343861,0.35110238390106735,0.45866427603853127,0.5391747907751134,0.5872000193357847,0.6386018445968911,0.5726399869240342,0.178953013907503,0.07142435192140552
133,0.023961297782201706,0.11752901914022411,0.4934806973977208,0.41307783939483844,0.41605393221910764,0.6446391808954421,0.7548437877894703,0.2114405211910843,0.17525157392746005,0.16677065887491788
134,0.02895392032837439,0.1218984143382935,0.4926604171166465,0.41327416152020807,0.412741152918174,0.639884601641974,0.7634884661367078,0.18650511407590803,0.17460077034277777,0.1737315420179749
135,0.038575718884395566,0.12629091177880325,0.48311656933201746,0.4170548446780507,0.41464773029026986,0.6328967437170405,0.7709650979432321,0.16815822356751978,0.1733330933570159,0.18055257660113058
136,0.040358356480614484,0.13049297363270898,0.48159806429076507,0.4176466812624163,0.4151128487650842,0.6264968999699748,0.7764106861567487,0.16774488988618932,0.17324823733616299,0.18097927693410634
137,0.042202317929220044,0.134726109818393,0.4799997086242192,0.41827876502377637,0.4156039787642629,0.6200871888775554,0.7817103221340472,0.16751525063415468,0.1731537410340726,0.18137853608448332
138,0.04410735717256607,0.13898715321846716,0.4783225866049494,0.4189509795111972,0.41611756473186273,0.613675336485412,0.7868626011736422,0.16747208715795456,0.17305133217557855,0.1817499708486765
139,0.04607316810773029,0.143272923916598,0.4765678866593138,0.4196631023139192,0.4166501431968527,0.6072690969768785,0.7918662989790496,0.1676179274368147,0.1729428072069891,0.1820932429689381
140,0.04809938416083721,0.14758023296937206,0.4747369021029262,0.4204148058696163,0.4171983483583502,0.6008762369240273,0.7967203620893719,0.16795504017160084,0.1728300299444758,0.18240806093628864
141,0.050185577991919826,0.15190588619236642,0.47283103170699137,0.4212056585103865,0.41775891732858167,0.5945045192871574,0.8014238981039284,0.16848542940026942,0.1727149300921029,0.18269418176376345
142,0.052331261332488443,0.15624668795503835,0.4708517800860165,0.4220351257417021,0.41832869503464715,0.5881616872218672,0.8059761657600383,0.1692108296569389,0.17259950162752777,0.18295141272516102
143,0.0545358849574938,0.16059944497898945,0.46880075789767145,0.4229025717488149,0.41890463878103523,0.581855447753794,0.8103765649226207,0.17013270168994218,0.1724858010535402,0.1831796130543535
144,0.056798838792884755,0.16496097013411387,0.466679681845896,0.42380726112437156,0.41948382247560684,0.5755934553816874,0.8146246265435063,0.17125222875239898,0.17237594551377347,0.18337869560011089
145,0.05911945215945026,0.16932808622708193,0.46449037447872665,0.42474836081030687,0.4200634405224915,0.5693832956698796,0.8187200026473499,0.1725703134769639,0.17227211077109456,0.183548628431271
146,0.06149699415312171,0.17369762977657896,0.46223476377275363,0.4257249422464216,0.420640811385945,0.5632324688911895,0.8226624563996915,0.17408757534448094,0.1721765290473822,0.18368943638700921
147,0.06393067416138036,0.1780664547696652,0.45991488249657936,0.42673598371740135,0.42121338082975196,0.5571483737810758,0.8264518523111619,0.17580434875431591,0.1720914867236208,0.18380120256686167
148,0.06641964251488391,0.18243143639359938,0.45753286734620774,0.427780372889467,0.4217787248372344,0.5511382914632318,0.8300881466299612,0.177720681702142,0.17201932189947963,0.18388406975509208
149,0.06896299127288356,0.18678947473743077,0.4550909578458545,0.42885690952727373,0.42233455221728516,0.545209369606018,0.8335713779726887,0.1798363350689521,0.17196242181180596,0.18393824177393708
150,0.07155975514046582,0.19113749845764633,0.4525914950083029,0.42996430838118366,0.42287870690217355,0.5393686068679338,0.8369016582412337,0.182150782523049,0.17192322011175015,0.18396398476021505
151,0.07420891251511065,0.19547246840213564,0.45003691974961674,0.43110120223458254,0.4234091699430959,0.5336228376889678,0.8400791638709781,0.18466321103474062,0.17190419400053011,0.18396162835976146
152,0.1038865687313045,0.20073358116901818,0.4049683125424211,0.44683008861817824,0.4386685570319335,0.521958312189165,0.8323853962616845,0.26017438512180446,0.17155012118935775,0.17568154545504508
153,0.10676251720885274,0.2042743706592088,0.4017476508665638,0.4486442422040866,0.43927443688433654,0.5168319681299739,0.8342792510551926,0.26580372065002505,0.1722130600867991,0.17528634537449955
154,0.10967347702388536,0.20778303743441598,0.3985010081453318,0.450476041919809,0.4398388351195976,0.5118428171928667,0.8360029536270198,0.27156149729797646,0.17294585476439825,0.1748647363523788
155,0.2097128354655084,0.21845084094316203,0.2345735209481652,0.4896522702652725,0.49703086388960965,0.4809600237356665,0.673965877010792,0.6679324895593197,0.18114152974828682,0.1049312530428971
156,0.17259330925237915,0.22480700236549186,0.31558988182537845,0.47732130914526427,0.4947169532746359,0.48069448534131626,0.5487017263882222,0.794941892454086,0.1971304546690691,0.06878660091827285
157,0.17105387349309087,0.22829319277926238,0.3183534774611489,0.481310802046446,0.4918504532495473,0.47928076027276534,0.5539902388483948,0.789936210677644,0.21067039361321532,0.07057701981666076
158,0.16929188620740324,0.230011899681667,0.32130873449619696,0.482880075220344,0.4900594366418405,0.47876071749784715,0.5588005701929736,0.7855991594046918,0.217589732812158,0.07209263761536652
159,0.16751134853576985,0.23178738171160934,0.32426141343811477,0.48438038350161167,0.48830729546528207,0.4782032677399604,0.5636837719549307,0.7811182124310979,0.22455708779112404,0.07366900594492055
160,0.16571488072982976,0.23361987431529618,0.3272096402124808,0.4858121682412107,0.48659515095671385,0.47760964712749115,0.5686326724600117,0.7764951340925996,0.23156490582731454,0.07530622260630916
161,0.10479149756164387,0.2307568066928363,0.4224102205602201,0.4605970854836102,0.46064212594026416,0.4884904639332774,0.711052227026032,0.6158349442250184,0.23719735776370762,0.12631129751234657
162,0.1037582230502626,0.23430182094440577,0.4246804754637609,0.46076774622197075,0.4593527420851297,0.486483006107475,0.7166119166049142,0.6086543684248806,0.2418303201287304,0.12833801947811996
163,0.07831118060084094,0.2353910793288087,0.4657209640699348,0.44659454049753927,0.44648375913080135,0.4895216302455934,0.7795607636969825,0.4912136773642033,0.24401528312951565,0.16248267058068733
164,0.07819987835153017,0.23981448632251398,0.46714717651053655,0.44636590128831755,0.4455772351101634,0.48674220058785056,0.7842821261607255,0.4836971354692507,0.24711303173192403,0.16449306309040246
165,0.07815186625149992,0.2442859289748412,0.468503770090535,0.4461213816945626,0.44472061292986564,0.48397961375538595,0.7888854398065267,0.47620714347635906,0.25015718994408653,0.1665234607958476
166,0.07587893253413812,0.24853513990108644,0.4736205702131926,0.4443185066435856,0.4427842109599831,0.48170837424000656,0.798801836178455,0.4548297684064008,0.2527386907220862,0.17268892112317324
167,0.07609156684801018,0.2531746564266521,0.4747358416398186,0.4440296149007016,0.44205573856501096,0.47891448049091,0.80305352252906,0.4474972086380356,0.2554874903439353,0.17473252945706125
168,0.076376507671767,0.25785288116663413,0.47577968209755506,0.4437313537678774,0.44137163391752315,0.47615645969716036,0.8071780423917848,0.44022780757256363,0.2581735033549772,0.17679011599034705
169,0.07673589116617019,0.2625671123367871,0.47675206175660184,0.4434250378092967,0.44073026316086705,0.4734396706773425,0.8111736367781831,0.4330304326818462,0.260794371441575,0.17886039248073618
170,0.0771717760513289,0.2673145924842785,0.4776530322894857,0.44311194279893534,0.4401299888702748,0.4707694455369766,0.8150387830223,0.4259139328329318,0.26334785481689277,0.18094205983617367
171,0.07679260164004077,0.27198332244695056,0.48009055128961536,0.4421231374283864,0.43917312062884073,0.4683106229551959,0.8209653829115254,0.4123160234819244,0.2655998689857816,0.18516038296342371
172,0.07745913818509385,0.27682347393780904,0.4808004202505473,0.44179800850143447,0.4386630084844325,0.46571729211984453,0.824510125061229,0.4054644564525335,0.2679243065944775,0.18724879218276066
173,0.07820848946051992,0.2816871709421283,0.4814392471083814,0.4414706162778994,0.43818863362617383,0.4631878439558652,0.8279211651791986,0.39872496683505515,0.2701752897977819,0.1893434632030763
174,0.07904228283669273,0.2865714255837443,0.48200745375753645,0.44114203967429383,0.43774838066671173,0.4607274082649578,0.8311979333875228,0.39210605206119875,0.27235116642072427,0.19144306840982284
175,0.0799620435254723,0.2914732099170234,0.48250554471089097,0.44081331036255683,0.4373406550874183,0.4583410284836811,0.8343400415586302,0.38561608335984204,0.2744504073575729,0.19354627795825094
176,0.08096919067788767,0.29638945921965765,0.48293410685311366,0.44048541177087785,0.4369638872833723,0.45603365042086075,0.8373472717020343,0.37926328669394277,0.27647160715753205,0.19565176139876164
177,0.08206503371517404,0.3013170754313861,0.4832938090717586,0.4401592782129086,0.43661653646152215,0.45381011107533753,0.8402195640187543,0.3730557239366367,0.2784134844943456,0.19775818933848455
178,0.08089948851246398,0.3057861380490523,0.4923409057419354,0.4360308096971192,0.4346102234003246,0.4523278012557082,0.8537913014671173,0.32500170630705605,0.2780277672909634,0.2168859833414532
179,0.12457926009525731,0.3113687081001179,0.4936914884337276,0.4352039008906472,0.4306251829288324,0.45166994066867877,0.8650383272744451,0.27254532413694627,0.2674235918121838,0.2791557294661837
180,0.1287392087974217,0.3161433550014417,0.4918849267016913,0.43556604010091654,0.4306315439943522,0.44924348299639744,0.8657221091754453,0.2751779499233351,0.2669083768607845,0.28005002056004963
181,0.15842779133279145,0.32172500275325233,0.4780841310700218,0.44113741367503456,0.43088665428739903,0.4469358895588038,0.8572362249199981,0.3188872763159393,0.26412593598124495,0.2867788847460674
182,0.1629003660165556,0.32597837090634574,0.475882019813343,0.4417293845148079,0.4309122536835414,0.44485276365419957,0.8571314498178811,0.32363181056542945,0.2637732764814144,0.2872033085350509
183,0.16741568045686814,0.33017386920497777,0.47365648079731243,0.4423276649202349,0.4309340605643511,0.4429168834796784,0.8568943151978324,0.328521839151784,0.2634613912728167,0.28757644158392465
184,0.17197116564056003,0.33430978536095424,0.47141048705138283,0.4429308608136784,0.43095210448145455,0.44112890942875044,0.8565248893783218,0.33355149128383427,0.2631941454934731,0.28789941494035776
185,0.17656422839821675,0.3383844977375864,0.4691470455918665,0.4435375539021278,0.4309665075188448,0.43948923319320554,0.8560232607645138,0.33871473388847395,0.26297540058829877,0.28817348461087705
186,0.18119225617146884,0.3423964768724093,0.4668691927744367,0.44414630483481254,0.43097748243359096,0.437997979544905,0.8553895423088549,0.34400538384465607,0.2628090079571245,0.2884000314847398
187,0.18585262174882278,0.34634428683706664,0.46457998951624396,0.4447556563637182,0.43098533062697225,0.43665500877894287,0.8546238763067346,0.34941712034143774,0.2626988024324941,0.2885805609382605
188,0.19054268795173065,0.3502265864296303,0.462282516397349,0.4453641365009656,0.43099043995073566,0.4354599198035593,0.8537264394912327,0.3549434973217536,0.2626485955958197,0.28871670211080785
189,0.23905709477297404,0.35613627773388284,0.43616132929415635,0.45525812832656165,0.43128334823384334,0.43442199061581,0.8214298822639184,0.4557911126898255,0.26227710151097283,0.2814056246096443
190,0.24364707710139114,0.35918482380880046,0.4337546216900124,0.4559888899443592,0.4312667850247525,0.4336101378143378,0.8191548663142668,0.46251273247216595,0.26322804023053087,0.28111322861134663
191,0.26992510018595994,0.3636056793750951,0.4190339714553325,0.46116913119632075,0.4313635484242796,0.4329375555372535,0.7952891839598861,0.5182228882559179,0.2649971335369952,0.27382058808869947
192,0.2743342021597844,0.3661968668489621,0.41670408334464926,0.461893130723417,0.43133542094510946,0.4324210428765794,0.7921722936892382,0.5249728857967978,0.2667277449722798,0.27336162981315926
193,0.2787351835080921,0.3687302593283363,0.4144076936604416,0.4625947967887464,0.4313085385886355,0.4320192371400085,0.7889314192409254,0.5316790090356542,0.26860088754741707,0.2728833384540557
194,0.29871446356202086,0.3725062443396559,0.4033725448506969,0.4662725353315282,0.43130861238513707,0.4317479968461969,0.7667906842987678,0.573089645100105,0.2715624050322254,0.26568189929844566
195,0.3029149416411429,0.3746992974627397,0.4012226438109177,0.4669201840412706,0.4312832677680291,0.4315794727134263,0.7629182525973144,0.5795104221884505,0.2741619380317756,0.2651443772721404
196,0.30709623002143044,0.3768392806520078,0.3991192742708178,0.46753839583052353,0.43126356805852256,0.4315088690383579,0.7589394877449968,0.585845034237016,0.2769202157111923,0.2646039092997883
197,0.3416228276378745,0.3822669293568938,0.38054798723847416,0.4734257072006026,0.43124138536044593,0.43155677900475686,0.7101868811179408,0.6570391063942207,0.28258681283365356,0.2477359831277391
198,0.34531505762388975,0.3838953178469182,0.3787819269374224,0.4739279123746803,0.431236216743372,0.43165836179171296,0.7053760566348662,0.6624707870340318,0.28658700020701006,0.24724574456721873
199,0.3489737345308095,0.38548081396185796,0.37707683380971646,0.4743924523941194,0.43124235599218735,0.4318310581542918,0.7004994489077211,0.6677638966243834,0.2907607165790172,0.24677666156619807
200,0.3286119909371672,0.4019448058899265,0.39907487130730257,0.46804376292333794,0.4318605007029247,0.43110459799251133,0.587046881701457,0.7771211375660302,0.3225630592381937,0.1698333540818878
201,0.3256549576906578,0.4030540171601868,0.4003485656833836,0.46738727960159343,0.4319434913596802,0.43114797660200593,0.5922185885512701,0.7715158659356389,0.3289164408908582,0.17189653821830853
202,0.32269336231829865,0.40419845816651295,0.40159609661098783,0.4667192915873629,0.43203222625552196,0.43123529878985106,0.597362376310879,0.7658067428718033,0.33526652370169824,0.17402063931839612
203,0.31973166753208593,0.40537863440628524,0.4028167197865907,0.4660409745729114,0.432125702224327,0.43136925618176614,0.6024715882645125,0.7599986343303445,0.34160694995189234,0.17620453333341118
204,0.280707138818577,0.4020863643428552,0.4210700427286928,0.45959370323446647,0.4321217659732681,0.43161580082441386,0.6638695618582077,0.7013925920382835,0.3477555398294846,0.19803529578590767
205,0.26851047771049963,0.402705926956836,0.42651795310499296,0.45733072242142003,0.43216299861737073,0.4319708527238087,0.6834184846822721,0.6786441625308268,0.3529695124357481,0.2064051401770018
206,0.2167794629174153,0.3991531804050287,0.4506045536268483,0.44810345118714023,0.43190396088306643,0.43265162324914797,0.7612771948577363,0.5712297590454299,0.3558490115222471,0.246585316506672
207,0.18139849530888275,0.3986997546992653,0.467941083717194,0.44084138845802806,0.43160252024368806,0.433627015647916,0.8138330662634118,0.4667889368562008,0.35518877189837555,0.2859048826640917
208,0.1818640447807112,0.4023383667623427,0.46770405177734303,0.4404276610196749,0.4316387537894202,0.43456370294553226,0.8158292795159614,0.4605685994475968,0.35715894683237304,0.2879449825211604
209,0.16528587677541612,0.40325851022504405,0.4809613279416379,0.4344526402843245,0.43123908445573844,0.43614811426424643,0.8597959883128581,0.3218427012810963,0.3442740826096606,0.3537302888216028
210,0.18900865584965398,0.4067500553118911,0.47417211867649517,0.43672228271267616,0.4315582583841268,0.43747648156399477,0.8572985485751008,0.32577977637112054,0.3364766733745348,0.3689732029812904
211,0.19385862366201756,0.4106892151365892,0.472442742323667,0.43689479227156813,0.43163653134403424,0.4389155126706823,0.856140059823711,0.3277941087009574,0.33592286802420007,0.36934517081982887
212,0.1987516917379158,0.4145521331527256,0.47070788019283044,0.4370669682827244,0.4317236811720925,0.44048456213454007,0.8548696834448737,0.32997639181508653,0.3353748724550543,0.3696706993158143
213,0.20368432407733522,0.41833717373375173,0.46897045244031904,0.4372377467497038,0.43182067411768327,0.4421807729560437,0.8534875553627526,0.33232193753993994,0.33483574479370254,0.36995108364785856
214,0.20865297449781534,0.4220428114503101,0.467233373701142,0.4374060633613286,0.43192853261230807,0.4440010804078455,0.8519938213768626,0.33482586742215015,0.334308569558175,0.3701877311549314
215,0.2136540945598239,0.4256676341630343,0.46549954797754456,0.4375708565117042,0.432048332156788,0.44594222000748374,0.8503886435192918,0.33748312493750915,0.3337964531038827,0.3703821603307705
216,0.22056012623395552,0.4291610524555257,0.4631746084527982,0.4379695459973733,0.4322581599839754,0.4479672027742731,0.8478756493872276,0.34304851680742904,0.33295103237625523,0.3706606325847795
217,0.22960409581777264,0.43249673937950156,0.46019516636873775,0.43862269539179216,0.4325978216049819,0.4500429185530535,0.8441741562711853,0.3523739684251805,0.3318419025591795,0.3707765728660976
218,0.23475928876320676,0.4357916980574015,0.4584709961861994,0.43877389126135713,0.4327773251066607,0.4522848387569558,0.8421113394380615,0.3558565643476436,0.33146798341749323,0.3707820961363086
219,0.2399277062971833,0.4390013853670276,0.4567647387411005,0.43891561288711706,0.4329746756349814,0.45462938117336904,0.8399386030588339,0.35945773230126526,0.33112998333525373,0.37075404574061965
220,0.24510597824598765,0.442125215486539,0.45507913409263373,0.43904686569178636,0.4331911645072602,0.45707235924686185,0.837656377490003,0.36317145467336925,0.330831095141511,0.37069469520567344
221,0.25029078620850453,0.4451627288588167,0.45341687542134346,0.43916667846137875,0.43342811128699044,0.4596094522739975,0.8352651618033196,0.36699163699448717,0.33057448972028686,0.3706064155661502
222,0.2554788696742014,0.44811359294772396,0.4517806039975844,0.4392741060813051,0.43368685991812067,0.4622362156901301,0.8327655306674581,0.3709121203680202,0.3303633099315024,0.37049167150094514
223,0.2720305885053037,0.450733015257921,0.4469048939763499,0.44060777919541866,0.43501597609055825,0.4644409322268278,0.823200500963829,0.39617108024106773,0.32909152677513864,0.3683162138622777
224,0.2772697284205394,0.453371429339305,0.4453467429921227,0.4406653238288398,0.43536925296758755,0.4671190783755147,0.8202702614216686,0.4007516795080934,0.3292045914594888,0.36809443633085875
225,0.3143344683165611,0.4561014538056148,0.43544208661677913,0.4438001703261276,0.43940667677594536,0.46803976746693915,0.7934010868859964,0.467213262051761,0.3283495977876463,0.3588872771666961
226,0.3194991522403556,0.4582531246239244,0.43408189971473343,0.4437248025934083,0.43993703154532626,0.47049910655647587,0.7897143203105289,0.47256156269463767,0.3293379315076982,0.3585872694591075
227,0.324633382566398,0.4603342342885632,0.4327746267418718,0.44362513841912155,0.4405005651910025,0.47300192160863713,0.785936737719014,0.4778960657757547,0.33042991001572153,0.358292838172804
228,0.32973515698148476,0.4623460640542307,0.4315219170116971,0.44350073673892176,0.4410983579003877,0.47554364670736043,0.7820707744334889,0.48321082219383776,0.33162759963849425,0.3580078000044845
229,0.3348025579999353,0.46428996614191154,0.43032531486460673,0.4433512103927464,0.4417314640762251,0.4781197195404995,0.7781190040999065,0.4884999999728928,0.3329329044265049,0.3577359886198842
230,0.33983375179786635,0.4661673593082051,0.42918625706992275,0.4431762277737803,0.44240090875922305,0.48072559017034544,0.774084138167114,0.4937578899509678,0.33434755948884004,0.3574812448833497
231,0.3448269866654192,0.4679797242484228,0.4281060704801274,0.442975514414469,0.4431076841104696,0.48335672957382864,0.7699690248016806,0.49897891101989067,0.33587312457102003,0.35724740689576695
232,0.405790118057376,0.4748953492821113,0.41679851914722876,0.44624873663949716,0.45448701932237384,0.4805047668840075,0.708294849304925,0.6048162259533256,0.3413947897696455,0.334120854299053
233,0.4604497487711336,0.4856167057680486,0.4091147463714064,0.44813359022593696,0.4653928028561812,0.4770613765825689,0.6439595604458715,0.6855014508113879,0.35028763286663706,0.3128865998848038
234,0.46428926838657486,0.48682458576152216,0.4089251594500542,0.4473856260366834,0.46647447564484973,0.47833593891853754,0.6389377094271098,0.6890260420821152,0.3548170331791175,0.3134414866290047
235,0.46806855197006525,0.4880070751674639,0.4088027175264781,0.44661275392389516,0.46758637627072663,0.4795906663292146,0.6339339217817915,0.6923947836419141,0.3594849417056754,0.31406944093439976
236,0.4717861896895952,0.48916478071722913,0.40874671911503013,0.4458158017376244,0.4687281609740927,0.480823322091467,0.6289530459514711,0.6956057238715592,0.3642877093236319,0.31477359753220596
237,0.475440758879108,0.4902982571346459,0.4087563697442376,0.44499565487108633,0.46989942928740397,0.48203176845396295,0.623999878870756,0.698657057328084,0.3692214121971364,0.31555692709072947
238,0.5908109516576211,0.5373838348184602,0.4082244043282495,0.44522319743765065,0.5019309114078804,0.4648344346507152,0.4653608820349101,0.8207885420606161,0.39871124003724945,0.2640614352326667
239,0.59022569465436,0.5374111526862096,0.4091237771492188,0.4439376051141734,0.5026371262253355,0.46476434923722787,0.46529638594020645,0.8186530329637792,0.40545818323335914,0.26652686569873496
240,0.5877417102252742,0.5380134639250503,0.4111694324089521,0.44244304909705473,0.5036972458785077,0.4643910838185537,0.46694104429177863,0.8152571481856955,0.4134416534960891,0.2692920733519368
241,0.5866107267455432,0.5378794802013042,0.41210689844313764,0.4411937879736811,0.5042864878073785,0.4643679831972742,0.4675534617728881,0.8125586986511394,0.42015342692832136,0.27197010997524346
242,0.5853740227957169,0.5377130272023516,0.41306086535959835,0.4399623389924669,0.5048488273436185,0.46435794525590574,0.4682691475938748,0.8097199357726611,0.42687749081377274,0.27472814168923626
243,0.584033483363097,0.5375152549262986,0.4140301033972392,0.4387500251858346,0.5053831027378451,0.4643626221069329,0.4690844894045379,0.8067433445246327,0.43360662440530917,0.2775648393400091
244,0.5825912037412743,0.53728740036544,0.4150134160385395,0.4375581429114779,0.5058881816505434,0.4643836800766197,0.4699957518311531,0.8036316048441647,0.440333680212037,0.28047875940554656
245,0.5429306927650459,0.5298930687845431,0.4225971197171348,0.4356316122365986,0.501716254179624,0.46671704492066546,0.5148656293989896,0.7713845434113052,0.4516153632265026,0.3004364412176041
246,0.5401146220701363,0.5294242008899083,0.42339463049205517,0.4346499909286988,0.5017403077126514,0.4673177336963654,0.5175763273297918,0.7669213132021873,0.45734201595129065,0.30355240510726955
247,0.5346337390970575,0.5283235886045438,0.4245047998016629,0.43368327278319524,0.5012561018240453,0.4682260151155336,0.523335271280604,0.760213315879018,0.46320853004090834,0.3080833500272737
248,0.47779632136202044,0.5146269767483342,0.43071313003702993,0.4327477384196883,0.4898058583077356,0.47526660942310767,0.5884311738318588,0.7057839133686942,0.4715296889227265,0.3430595229308904
249,0.369376389899039,0.492912283183597,0.4392068269023979,0.4329207441351443,0.458318213668842,0.4936343565916028,0.7120285449753743,0.5614959959510215,0.47625187184506873,0.4272527182460562
250,0.3687709375086585,0.4939847826582329,0.4389014788471429,0.4326861935437494,0.45759001806626287,0.4968409318943944,0.713277150874809,0.5564767177057446,0.4779966724669385,0.4291428127233116
251,0.37029546170210376,0.49648986702152104,0.43816608071499386,0.4322335367835528,0.4570422482764438,0.5030311485134459,0.7126742755542872,0.5508645255659204,0.48150139380126145,0.43057184695464196
252,0.31615828704651977,0.49433520497722083,0.43764410399713727,0.4344702956654011,0.4238874341307617,0.5227612885325764,0.7804676954678921,0.4129666464194142,0.46395492725963644,0.5038626315199947
253,0.32023178403103525,0.496093107958021,0.43679632287432246,0.43446517179046795,0.4236942382060951,0.527247263052505,0.7782986453047974,0.41212148433866175,0.46328381675546254,0.5037465184174726
254,0.3243543622965407,0.4977578778161689,0.43575972794204204,0.4345194289574072,0.42294973760041327,0.5320691641144558,0.7766385276148365,0.40946859298213123,0.461278040622272,0.5047462429908435
255,0.32868019002243726,0.4993668392690012,0.4349555235197004,0.4345043016501013,0.42285011782237464,0.5366397538373731,0.7741276381598219,0.4091170494315221,0.46052016683852465,0.5044577482911163
256,0.35177083304508766,0.4979612573429026,0.43055458427830345,0.43449110532164387,0.42738004396967505,0.5394896869215643,0.7603920380812547,0.4309183033862205,0.4425278216672207,0.5000631192586583
257,0.42466752591735274,0.4986239203314525,0.4255923789835561,0.4321977743833098,0.4623019610902153,0.5275992090005666,0.6935757940908992,0.5529104401508828,0.43518664668960155,0.4543136790609301
258,0.4293158900738565,0.4995449653808118,0.4256342573754942,0.43161628426778414,0.46381601552889484,0.5300303009917414,0.6892380609678879,0.5561642922119461,0.43714052312711893,0.45357375284167595
259,0.43389986195110125,0.5004397359549196,0.42573603559098344,0.43102170330147954,0.4653697997757606,0.5324189828260923,0.6848822080630843,0.5593356725333587,0.43920270533156763,0.4528958050558953
260,0.4384183452584274,0.5013100167037247,0.4258970882628025,0.43041505215012515,0.46696298654955976,0.53476261699768,0.6805120099326105,0.5624215450018762,0.4413730152195086,0.4522843757203299
261,0.44287030799093535,0.5021575570577027,0.4261166964760723,0.42979741317175857,0.46859518596949834,0.5370586792849069,0.6761312677461659,0.5654190337327313,0.4436510462452337,0.451743828988706
262,0.44725477649510864,0.5029840664214367,0.42639405100781763,0.4291699302033758,0.47026594523076626,0.5393047608657533,0.6717438020176782,0.5683254229321153,0.4460361598035668,0.4512783383543551
263,0.45157082947603855,0.5037912095164574,0.426728255785889,0.4285338082172011,0.47197474840834697,0.5414985701455467,0.6673534452030497,0.5711381565715135,0.4485274822209344,0.45089187233724315
264,0.4558175919879643,0.5045806018900061,0.42711833155493123,0.4278903128404185,0.47372101638828945,0.543637934301872,0.662964034193743,0.5738548378940055,0.4511239023619585,0.450588180717633
265,0.45999422944995194,0.5053538056058933,0.42756321973630884,0.42724076973234665,0.4755041069253175,0.545720800551902,0.6585794027351987,0.5764732287721741,0.4538240698769493,0.45037078137736103
266,0.62802703866204,0.5827114953237106,0.43276840704529124,0.42081965095557444,0.5699699706137853,0.4914940521238845,0.49174078121580683,0.7453758444613674,0.4915393096685852,0.36037395116353144
267,0.6257878500221405,0.5863955186070823,0.4346731838244991,0.421262566313679,0.5722330824723648,0.4893165931459136,0.49421472491532004,0.739593891051128,0.5013858417825646,0.3630556321025027
268,0.6241514961832157,0.5858195412703965,0.43581927593143566,0.42079277238723894,0.5723117247815285,0.4894862082717716,0.49486093326494457,0.7362604266190443,0.5068019709301261,0.3663407230402426
269,0.6224202094421759,0.5851974649459123,0.43698152640658117,0.4203741971596311,0.5723357186068402,0.48968882232486405,0.4955590497743454,0.7328363046174241,0.5121710325733222,0.3696757293503115
270,0.6205976884105682,0.5845313859838144,0.438159233584251,0.42000726695202184,0.5723046375011032,0.48992577185677433,0.4963058338183845,0.7293259764957105,0.5174881417490148,0.3730580274362357
271,0.6186878558690763,0.5838234881276392,0.4393517218339656,0.4196923289760588,0.5722181209297386,0.490198345899068,0.49709801457030206,0.7257340295533815,0.522748565314824,0.37648493500825825
272,0.6166948526984044,0.5830760327120194,0.4405583396577961,0.41942965039779645,0.5720758755179784,0.49050778314338084,0.4979322974018159,0.7220651803263375,0.5279477291775925,0.37995371747962775
273,0.6134118401885666,0.581953028686044,0.4417477158391452,0.4193775680312431,0.5714911704119636,0.4910584370420112,0.4999075195945106,0.7174260681731931,0.533165502622844,0.3839972498895124
274,0.6112156457808134,0.5811115673964079,0.4429690688197498,0.41922966121552147,0.5712046321810144,0.4914795730277713,0.500866807479589,0.7135849900798619,0.5381857187277665,0.38754354894065063
275,0.6089526073635739,0.5802389490114143,0.444202493269939,0.41913426408661186,0.5708616917521228,0.49194217823389186,0.5018558202336078,0.7096841458283947,0.5431317117957916,0.3911221662460977
276,0.6066277841418712,0.579337680897642,0.44544743410413323,0.41909128010960667,0.5704623739064985,0.49244723477873203,0.5028712098655189,0.705728737488497,0.5479997050359873,0.3947302428629153
277,0.5744986153214335,0.5676600308869223,0.4451713586528566,0.4229970844736718,0.5574515959983344,0.500510408440952,0.5304852731515267,0.6800827018746362,0.5526340925774635,0.41567194338650837
278,0.5312981378391902,0.5510430046324395,0.44373159839004606,0.4285322879478357,0.5356498632692801,0.5145516328732475,0.5697106339139084,0.6425697528872232,0.5572168980382295,0.4503466087922349
279,0.5289800503320863,0.5502259955683305,0.44447129191375695,0.4288650860973557,0.534296606374046,0.5166942832059569,0.5711445855036792,0.6383168059967385,0.5601084428282395,0.45352461907315117
280,0.5267415745194868,0.5494269014518279,0.44521834997327286,0.42923405511868096,0.5328995205699019,0.5189041626295458,0.5725095668343545,0.6341156108833982,0.5629289578792309,0.4566877469709433
281,0.5245886113526188,0.5486466634850939,0.4459729005713824,0.42963784224870494,0.5314603099568422,0.5211802030261872,0.5738035040643497,0.629971240918723,0.5656778821671746,0.45983391434093135
282,0.5225268569229172,0.547886017491931,0.4467350551857671,0.4300750496180674,0.5299807553825225,0.5235212222524719,0.5750244584486329,0.6258886109548447,0.5683547466133618,0.4629610715356367
283,0.4479864707102207,0.5247103269888607,0.4397648793402405,0.44475341538828306,0.4647257781761014,0.5616773593547886,0.6554326329286573,0.5333152665424273,0.5725285867918999,0.5635206456694467
284,0.4433246556609505,0.5236961189460976,0.4389155998417785,0.44689544284520794,0.45459288504510614,0.5701250120590251,0.6635480187358862,0.5186340918348391,0.5724826639638688,0.5784339962478189
285,0.4385981297306112,0.5229116839609904,0.4376204350880818,0.449743331465741,0.44063452433115013,0.5805315321503409,0.6739592800812384,0.49922711876639664,0.5704822912828276,0.5986943436770912
286,0.4420123869242069,0.5229914034939948,0.4376920819081597,0.449926064876212,0.4398180782725265,0.5848135579067902,0.6721291884695325,0.4980753027865475,0.5701813267061729,0.5989174896155108
287,0.44553021959254685,0.5230183595147397,0.4377899252633804,0.45010130573826074,0.43903161705427235,0.589100971146227,0.6701954543683788,0.49704340640952543,0.5698327191602126,0.5990621766247577
288,0.44914625756042503,0.5229904659295337,0.4379145715591836,0.4502682194886748,0.4382774524181939,0.5933893459814575,0.6681606162617055,0.49612911432658224,0.5694370417108855,0.5991287667451144
289,0.45285496917388757,0.5229057239545442,0.4380665692596126,0.45042600967829916,0.43755786232857335,0.5976742472000756,0.6660273308317001,0.4953299351891924,0.5689949186584878,0.5991177483633342
290,0.45558091064210504,0.5215536810499061,0.4372479905024509,0.45364422540103183,0.4238692501820568,0.6077959351471137,0.6723715016806342,0.47766677810095864,0.5545521547994992,0.621530032672438
291,0.4606424354404353,0.5210335924778187,0.43747512151508455,0.4534791729111151,0.4243785283355503,0.6117367932148083,0.6691479640943032,0.47843005883263434,0.5534259789894781,0.6200583199121992
292,0.4656983526171515,0.5204502399980543,0.4377383108603692,0.4532993263560752,0.42494242685851846,0.6156261386497301,0.6658672838970732,0.47925322088718936,0.552283582422764,0.6185329390981664
293,0.4707430856561512,0.5198050403651415,0.43803732306999515,0.45310491679290993,0.4255618486316724,0.619460074174926,0.6625330400061826,0.4801322156939671,0.5511270471953712,0.6169575200064557
294,0.48014907901156967,0.5175892513612911,0.4395358324848369,0.45189734170794155,0.43636862110925434,0.6184886311081148,0.6528045930963104,0.48916538256520714,0.5390895446276555,0.6102196169884609
295,0.4851095915312243,0.5168535568644861,0.4400202088441568,0.4515448780861384,0.43779230661783486,0.621627068184702,0.6492042558644389,0.49058679668092564,0.5381176227549666,0.608217953520854
296,0.49146670159422395,0.5159465229609553,0.44098089255826417,0.4505994819722148,0.4440256179331801,0.6224760526696782,0.6428980295053837,0.49588600160971175,0.5347489707055633,0.6031831964762177
297,0.4997285205715032,0.515654276099366,0.442555943579533,0.44870803357220934,0.4575794990920112,0.6197040146203504,0.6328028107330549,0.5068661615062192,0.5298787052692636,0.5936202307729417
298,0.5042078671065912,0.5151072134034214,0.443258401882095,0.4482973850444764,0.4595576722056297,0.6220502485599455,0.629202539038976,0.5083821357407765,0.529461900373203,0.5917010695439792
299,0.5111407670418272,0.5156912333435637,0.444638400152092,0.4467138036657115,0.47066199599942493,0.6199443379817454,0.6209560204330967,0.5167343915831116,0.5273240978984897,0.5843617521858752
300,0.5152995097249463,0.515325502574324,0.44545357549317205,0.4463153164012221,0.4728438602975799,0.6218706719428808,0.6174296654773841,0.5181661476794557,0.5272826649960503,0.5826500058711883
301,0.5193760528433319,0.5149753293476407,0.446296738892718,0.44592504403881267,0.4750607623770438,0.6237086802913121,0.6139211550987739,0.5195580493466889,0.5273032097852612,0.5810020821752955
302,0.5434063236408014,0.5338460180347988,0.44981048375188887,0.43842204537165325,0.534275768247894,0.5957720554861328,0.5831615997478935,0.55996867064447,0.5286707662384343,0.5498595228024136
303,0.6211068909529713,0.6166620948355678,0.452193690630957,0.4272716056199831,0.6357616898468484,0.5299250769991455,0.5271321927279625,0.6264060244442712,0.560558561883639,0.49640781710320375
304,0.6303886756457232,0.6282978544645156,0.4534913666549284,0.42751844737044314,0.6445756921806238,0.5222665354976094,0.5208079499433351,0.6298652986157968,0.5689362678208263,0.49198217108561465
305,0.6299884278304617,0.6286574352095258,0.4552874882998407,0.4285731462199757,0.644920547194134,0.5219188569923929,0.5198334723283073,0.6279888795942641,0.5730175254651123,0.4944009878311807
306,0.637330223183916,0.6409911787572462,0.4555354735727742,0.4300935535185421,0.6518202285506969,0.5135522009168676,0.514428933561566,0.6290707834665002,0.5826102001475201,0.48675969887549986
307,0.6357732865456605,0.640277641046842,0.4574352523321373,0.43153041709217693,0.6512381955199619,0.5136787258584231,0.5140701943928189,0.6265505330285008,0.5863421656486211,0.48956658854317797
308,0.6341374999579883,0.6394884225510906,0.45936912846978106,0.4330311743252146,0.6505854527995064,0.5138377369599683,0.5137369871839889,0.6239990390719691,0.5900120507898642,0.49239567327518674
309,0.6324266486522074,0.6386256786102297,0.4613363562400525,0.4345945174425141,0.649862431370268,0.5140294815355516,0.5134279283746926,0.621420426109418,0.5936166510009167,0.49524361075459755
310,0.6007851409001441,0.6128268998637215,0.4585746780626419,0.4439394054244917,0.6196074555967598,0.532545279361092,0.529168215969807,0.5993670303733304,0.5947221541225484,0.5014849318113824
311,0.598621825024444,0.6108837236154663,0.4603467497857204,0.44563574795028416,0.6175419457284465,0.5342455802094886,0.5293539976993376,0.5966508868357141,0.5969167976987476,0.5040775834306558
312,0.5965096743819759,0.6089317830101193,0.4621438627533192,0.44736157864774145,0.6154306027457569,0.5359891297102075,0.5295126393118803,0.5939887375143288,0.5990439717359369,0.5066444068706634
313,0.568404399344159,0.5782537247674493,0.4618943875299073,0.4561650574563274,0.5772229898546642,0.5636301023515862,0.5481075411014984,0.5717879502737411,0.598650377912793,0.5296956456973512
314,0.5629966548746405,0.5709112446062202,0.46318702615262736,0.45915671681280784,0.566664115229986,0.5720152311411534,0.5519299214538381,0.5655025958077309,0.5997409194216895,0.5372904540661044
315,0.5625470475962381,0.5692502997914235,0.4647056399549599,0.4605522246365923,0.564271528800538,0.5748229139276337,0.5516051609698187,0.5636466317751,0.6008312315419262,0.5390613770817226
316,0.5622278374806794,0.5675955807668011,0.4662427381171966,0.4619476548006604,0.5618749852484181,0.5776564508121327,0.5512250214113422,0.5618872476907374,0.6018706379577089,0.540782598168423
317,0.5570158348761687,0.5583161281005884,0.46773731340024244,0.46560986593845294,0.5468091744540403,0.589256376441373,0.5563525303740102,0.5544387685101732,0.6025949427463989,0.5515728355170342
318,0.5574691390581291,0.5567742530674228,0.46922151780200483,0.4668594711575268,0.5444983331104936,0.592304887312885,0.5556936834863434,0.5530783674067474,0.6033385788202081,0.5529557117170053
319,0.5580588935221756,0.5552290324532579,0.4707217579174716,0.46809886634543435,0.5422015774178887,0.5953662385804281,0.5549789469463152,0.5518186691904838,0.6040343404386365,0.5542809372828583
320,0.5587842792004593,0.5536786500624198,0.4722371680490849,0.4693261190642221,0.5399220672320596,0.5984376307978749,0.5542097166492241,0.5506592105575704,0.6046824523116231,0.555547662846061
321,0.559644125059442,0.5521211998092812,0.4737668673801053,0.4705393428827124,0.5376629353037621,0.6015162385766176,0.5533875166296905,0.5495993241268078,0.6052831417777503,0.5567550914351915
322,0.5590852787171792,0.5462656833210349,0.4756752766442509,0.47317466912856365,0.5270791075262282,0.6102177281120721,0.5556066939332216,0.5455011979255344,0.6055716401040865,0.5641419745493431
323,0.5605478890836488,0.5447320070669173,0.47717558925638703,0.4742503701234125,0.5249839658415187,0.613372524731314,0.5545664009472857,0.544770510037658,0.6059548648729487,0.5650586443360083
324,0.5621359012241972,0.5431790602078118,0.4786881039512417,0.4753051388341657,0.5229234826663575,0.6165214579499111,0.5534784393917103,0.5441356535884253,0.6062919508382892,0.5659109238883389
325,0.5677227255950067,0.5403182449267255,0.4829381659374893,0.4776977149858427,0.5209438445094758,0.62321858388669,0.5486989286577768,0.5440172671559129,0.6072775513437096,0.5651368712345145
326,0.5696227850942053,0.5386574332304418,0.4845183516796268,0.4787086579288385,0.5189735511654124,0.6262961744409622,0.5474970613036372,0.543687918224989,0.6074911729114839,0.5658138720913086
327,0.5716329413422422,0.5369701863578695,0.4861062777422983,0.47969206261154684,0.5170491566860002,0.6293551770643231,0.5462592514778289,0.5434452406028153,0.6076595238097667,0.5664261747928139
328,0.5835007590182758,0.5144732529490947,0.5013087215892424,0.5001560968836573,0.46157495805529913,0.6627468395153279,0.5681985793241353,0.5173416314242855,0.5927328098973196,0.6447238677338831
329,0.5877522962473578,0.5124884715331409,0.5023769542668516,0.49989510504992374,0.46299431792152945,0.6645761238910526,0.5659477090078099,0.5182793152116617,0.5913258260814459,0.6424937178699767
330,0.5919487060514282,0.510504167877152,0.5034488585295056,0.49961926719039307,0.46446410263526905,0.6663138561470104,0.5637161081682316,0.5192305968866999,0.5898934434125144,0.64021995140607
331,0.5960862122083878,0.5085251361620546,0.5045225470038835,0.4993299405594832,0.46598286799649413,0.6679587008740833,0.5615065733817474,0.5201927189362148,0.588437573895162,0.6379071214518812
332,0.600161252529884,0.5065562377191831,0.5055960828104762,0.4990285644402898,0.4675491023437445,0.6695094651301894,0.5593218322971921,0.5211630084256265,0.5869601779352268,0.6355598464759661
333,0.6041704781975276,0.504602386470099,0.5066674839572245,0.4987166604360934,0.46916123041894786,0.6709651014992987,0.5571645391183944,0.5221388797290246,0.5854632589223693,0.6331827979680871
334,0.6081107521808469,0.502668533995448,0.5077347280121198,0.4983958325378783,0.47081761727924887,0.6723247109142625,0.55503727025464,0.5231178368604058,0.5839488575866704,0.6307806878206667
335,0.6119791467742206,0.5007596542931406,0.5087957570480052,0.4980677669523858,0.4725165722365175,0.67358754523079,0.5529425201530003,0.5240974754160297,0.5824190461561516,0.6283582554774753
336,0.595999206371289,0.5333145907902833,0.5013912893710898,0.4987185821704969,0.5440595477778114,0.6314556480316188,0.5519175937442399,0.5255373783818402,0.5594474996134446,0.6176817233781476
337,0.5982941882693268,0.5336600507406926,0.5020728493929076,0.4989078792051562,0.5464134790717828,0.6311313504091471,0.5503166977437459,0.5259379886395175,0.5589038078336741,0.615811274841036
338,0.6112418933240183,0.5296558462806706,0.5073440747236709,0.5006461634319388,0.5485674985111788,0.6345396136728721,0.5427630334462167,0.5271748860334243,0.5576198348768666,0.6092498606712797
339,0.5941265033831427,0.6262622443673579,0.47819717743241597,0.4981194386712858,0.6528475901699895,0.5686511361867623,0.5410444940168091,0.5333900543645835,0.5666719042941345,0.5897883466773061
340,0.5923961066568872,0.6216043128420635,0.49500584174503737,0.519189226129605,0.6418446989098333,0.5738804330800692,0.5324331510593164,0.5256706001740886,0.5759687246004797,0.5993578740625556
341,0.5917229606147333,0.6228637444902975,0.4963043729480228,0.5217180271417038,0.6420199614164904,0.5734252751682396,0.5315272491431843,0.5248871287343847,0.5774795633022917,0.6003854222056564
342,0.5909696126156251,0.6240644761775842,0.4976454868573711,0.5243232114021087,0.642110855442766,0.5729950005534822,0.5306402087364429,0.5240887126338105,0.5789970016123621,0.6014754028978343
343,0.5901372292562308,0.6252040986968895,0.4990310925694595,0.5270038930762874,0.6421169663701806,0.5725899824242479,0.5297717817590764,0.5232771437570576,0.5805181754514253,0.602623871283177
344,0.589227089744477,0.6262803557829562,0.5004630722694928,0.5297589972472321,0.6420379669558919,0.572210488351287,0.5289217035145185,0.522454237473509,0.5820402023613542,0.603826736392325
345,0.5785753882909641,0.6570453327104631,0.49227246209992725,0.5352847567764623,0.6624649283616689,0.5572441721723466,0.5283677639189057,0.5217330324486554,0.5934878210917767,0.6032486310368489
346,0.5707946927238302,0.6740669096836783,0.4892390201321502,0.5410174540733608,0.6705099624189018,0.5484301321839321,0.5273444601879934,0.5209849144080105,0.6018564069517434,0.6012879044748356
347,0.5680275612128016,0.6752604988788244,0.49147074558798964,0.5451336501322596,0.6694068156530305,0.5476474632382503,0.5264924583326575,0.5200649914498396,0.604169418135889,0.6020725162821534
348,0.5660149983734835,0.6744326170884243,0.4944105259307152,0.5489916929864296,0.6674200509792609,0.5479520084005718,0.5257221256053103,0.5191251246887293,0.6055824066412645,0.6035619257012357
349,0.563987343675862,0.6735124433861138,0.49740917058720907,0.5528628976652208,0.6653610503411065,0.5482740550015337,0.5249568008065578,0.5182121490565885,0.6069475110313225,0.6050305164755962
350,0.5619486499730172,0.6725018370927952,0.5004647014532544,0.5567433247618347,0.66323244186312,0.548611979488326,0.5241964665329614,0.517327855404342,0.6082635883208066,0.606475479703696
351,0.5569976548293657,0.6754728954808475,0.5022019732623207,0.561568875043519,0.6610863550026354,0.5461184024653187,0.5229059184801262,0.5168706878563938,0.6117449018869802,0.6036250058048515
352,0.5536155301931501,0.6737773251813548,0.5053448035906205,0.56563346565878,0.6555261144848514,0.545593877502816,0.5214357697187942,0.5167001925406928,0.6136284295619796,0.5996113828437916
353,0.5518586436926638,0.6711258303617419,0.5089373954172433,0.5692640955377105,0.6516878073471104,0.5463047484964281,0.5204979450102536,0.5162858721316722,0.6144216541445223,0.599380749455995
354,0.5502877135134276,0.6689365792934518,0.5124285647659943,0.572891246371327,0.6488559155443229,0.5470103829904842,0.5197477141638982,0.5157961275910496,0.615109673369874,0.6003408637537216
355,0.5487752410708243,0.6666892692532808,0.515932957944807,0.5764743284370387,0.6460064886180412,0.5477157500945389,0.5189979421803852,0.515358317999594,0.615749382182769,0.6012559809059296
356,0.547324545441523,0.6643860646915847,0.5194462372748754,0.580009757346286,0.6431441120062475,0.5484194249261901,0.5182491597342499,0.5149730033790734,0.6163413816539948,0.6021253517809024
357,0.5475726848170899,0.6569846715865505,0.5243478952291795,0.5821641050301493,0.6346925521005349,0.5505272578409286,0.5165314297050208,0.5155841151714459,0.6160569292679846,0.5973881907121964
358,0.5473628895373608,0.6527222049991095,0.528266831567434,0.584878050057271,0.6302516132419691,0.5519233777622575,0.5155297696412123,0.5157093364605689,0.6161098247410569,0.5965949596301651
359,0.5466390181850583,0.6500597056400125,0.5316370903537521,0.5879133323867948,0.6274497879793262,0.5527620550002988,0.5147904947261508,0.5156683777034565,0.6163832735718316,0.5971124566673932
360,0.5460046409388452,0.647357963999469,0.5349840509607847,0.5908788397746915,0.624675829495272,0.5535924592311007,0.51405410088947,0.5156846686801794,0.6166191312326745,0.5975826247719923
361,0.5665285210914451,0.6101439039028951,0.5517455663411546,0.5845937388308757,0.5973988271807116,0.5703119087740115,0.5097078175218188,0.5196657706757233,0.6129363465285749,0.5829357415406171
362,0.5677894087389224,0.6072177723340648,0.5543653679034324,0.586241649170968,0.5956038252164196,0.5715383043762743,0.5090163299065015,0.5202835310195517,0.6128195541709252,0.5827231002619977
363,0.6150769885673883,0.5430775600287965,0.5975202246126945,0.5838739817864477,0.5627894254813751,0.608441188190416,0.5058616793729054,0.5239063547602937,0.617418031479023,0.5865023673456654
364,0.6182804678615587,0.5400842329768198,0.5996874622127742,0.5838326750163242,0.5630474455687005,0.6098668106054322,0.5052661921013846,0.5250302261397719,0.616845279208834,0.5849936776582364
365,0.6215079596789449,0.5370706839615197,0.6018442096908584,0.5837318418586716,0.5633890339559839,0.611251725494889,0.5046966511675076,0.5261862839205009,0.6162305348036825,0.5834216058788088
366,0.6309594989913013,0.5294661613901377,0.6063431878920806,0.5826929138915113,0.5670422540870804,0.6139386143931977,0.5026801767866146,0.5310825555764321,0.6128633681101516,0.5755491971080601
367,0.6341859125408764,0.5263864014980683,0.6084467541517716,0.5823931515281298,0.5676445434450852,0.6151272793035569,0.5022507371355373,0.5323636369106692,0.6120876003311064,0.5737889078926557
368,0.637411254062614,0.5233090252452453,0.610536188713872,0.5820329177184035,0.568319785471682,0.6162676111189268,0.501856870351479,0.5336642152127596,0.6112691655691271,0.5719753129296333
369,0.640630652834958,0.520238962172806,0.6126110665444188,0.5816125382897505,0.5690650585977983,0.6173580320301748,0.501500143077546,0.5349819939156895,0.610407851661012,0.5701104448270903
370,0.6438393589464564,0.5171813138431014,0.6146709450062172,0.5811324254578059,0.5698772925726664,0.6183970097678262,0.5011820469179562,0.5363147190480468,0.6095035169213774,0.5681964483073969
371,0.6470327508203503,0.5141413396967709,0.6167153598390317,0.5805930808399425,0.5707532798635249,0.61938306343109,0.5009039939192355,0.5376601827384175,0.6085560917606139,0.5662355771054598
372,0.6681119847487489,0.4873863804241225,0.6622213224723893,0.5896440715351511,0.5601132404676945,0.625097828951224,0.513587680601899,0.5262001328143069,0.5982242456516534,0.584765953681807
373,0.6702938201866024,0.4865105757895964,0.6629990649189174,0.588358711942062,0.56178806677664,0.6247639206902859,0.513536126606169,0.5269178167271891,0.596504208753661,0.5821644991449901
374,0.6563313685260582,0.5087220474228957,0.6505689601761855,0.5905848821562087,0.5660119464417626,0.6140870396482029,0.5210891373417247,0.5197071195588001,0.5835585377408085,0.5859259754556239
375,0.5925694015321501,0.5922969706758103,0.5852733467814997,0.5998742107420348,0.5932861378089873,0.5924445133889074,0.5352079093792638,0.5042543701596913,0.5651334506978374,0.600421908660059
376,0.5403822605088623,0.6497705286318648,0.5427362964338047,0.6190202959234283,0.6178537696561627,0.5841829350040679,0.5380745308498949,0.49974028747876625,0.5711682811720318,0.6146828694024126
377,0.5387191322006311,0.6496585475583916,0.5438794026815423,0.6221471407636937,0.6158381175476554,0.5850582876450168,0.5369423572709963,0.4996033758908558,0.5716891058677753,0.6155552867216711
378,0.537045606787808,0.6494659398487908,0.5451198311908194,0.6253301849548033,0.6137513302057801,0.5859522943521663,0.5358145224004736,0.4994867789602113,0.5721965785755305,0.6164339564423772
379,0.5353645714913395,0.6491926878293082,0.5464596509124756,0.6285666654169696,0.6115956373083703,0.5868625409659199,0.5346914744308559,0.4993912169780754,0.5726893003856574,0.6173156481022861
380,0.5271454674751533,0.6550649723817572,0.5443118876008017,0.6357080342601238,0.6118434639668141,0.586906540519313,0.5333710291128627,0.49952219595121833,0.5752660270152924,0.6197974623046805
381,0.5254473513355974,0.6543766150784845,0.5462493728663802,0.6391928259039907,0.6093527627387574,0.5878561810962822,0.5322147452420457,0.4995103701963219,0.5757497289025411,0.6206614767090787
382,0.5038817511646636,0.6710121526697563,0.5415874888679478,0.6588528712098434,0.6118670867078544,0.5816345186915626,0.5263122616550685,0.5049154815758548,0.5882230083898703,0.619882762859886
383,0.5029227835650506,0.6687501347803424,0.5453277974776283,0.6623554069641003,0.6087201389093724,0.5823612345373661,0.52506809655673,0.5053238480553075,0.5884706588936418,0.6201996685142614
384,0.5035097558185189,0.6650532897789238,0.5502081566059314,0.6657847892064742,0.6047064532135583,0.5806000640671878,0.5217511487576606,0.5081300886938459,0.5908975314791864,0.616321495867006
385,0.5030532541694321,0.6623791585527353,0.5540806083651856,0.6689081283989835,0.6016939511200683,0.5811716600829592,0.5205643734314227,0.5087182764769702,0.5909891069794942,0.6163676387944551
386,0.5026724239365215,0.6596481267635185,0.5579485440966363,0.671948173913588,0.5987245830650653,0.5817070950079731,0.519397579115115,0.5093378169216475,0.5910517433769923,0.6163712336526436
387,0.5023674819237673,0.6568623578560908,0.5618054267895244,0.674901930100262,0.5958036063489073,0.5822055275898047,0.5182522442741747,0.5099877322380427,0.5910860498138334,0.6163322807335304
388,0.5058953285312169,0.6508704767334554,0.5669976799782992,0.6754741710835396,0.5923841706633115,0.5806756672653255,0.5154455859177307,0.5125497719686974,0.5922950971725137,0.6119059799086137
389,0.5522397736301761,0.6068370402354368,0.5858350684118561,0.6415455304160983,0.588748615067508,0.5741700305012468,0.5048999398612615,0.5237721708550427,0.5966405101953574,0.5781059723246699
390,0.5992297550855457,0.5571615430400103,0.6160856659115247,0.6116097199930426,0.5927801568883736,0.5787419641299314,0.5004932635663948,0.5292452515863448,0.6013872789765765,0.5576101481635743
391,0.6019542444328398,0.5539549211697598,0.6177696947390864,0.6110519580079652,0.5937893866711129,0.5789947425894896,0.5004285494889718,0.530515379378581,0.6008423651825805,0.5560315275912413
392,0.6208874448921425,0.5320028079828013,0.6357837211516166,0.6022948275890371,0.5976433906152354,0.5823158893447564,0.5003630321703952,0.5319941991217259,0.602979772485228,0.5502945213367805
393,0.634896021320445,0.5153435151908683,0.6520214714903511,0.5971515408608716,0.6010727650080705,0.5849504491197753,0.5012483469836096,0.5326636356571463,0.6042904674677644,0.5467758082066758
394,0.6376572348333418,0.5128340884214669,0.6536873416428849,0.5957606622485246,0.6029385099424353,0.5850175218013611,0.5015791701693418,0.5338764073611564,0.6033912897454398,0.5446753467134504
395,0.6403820017552855,0.5104033872559983,0.65533283139901,0.5943019810886789,0.604834395039972,0.5850440402731631,0.5019489224173302,0.5350905328988473,0.6024514650714353,0.5425488560714262
396,0.6524330507324831,0.5030930630258361,0.6564643515343618,0.5855969775964588,0.6172140653788803,0.5832108800030036,0.5043438813379617,0.5446525080515824,0.5939908329636648,0.5283522794080229
397,0.6685719322149805,0.4828630321653063,0.7016166757547229,0.5792946782715085,0.6161337357542709,0.5849638961169208,0.5156849972634768,0.5352689900778139,0.5929261969654229,0.5282942229360675
398,0.6702266893769069,0.4828725012010939,0.7026601941607643,0.5770977594886537,0.6177873068370694,0.584557105485495,0.5164021137138938,0.5360975038892749,0.5913185241974087,0.5260222597098237
399,0.6718091475288392,0.483015232511888,0.703626223406853,0.5748843390558775,0.6193860747929015,0.5841442611024749,0.5171334857418665,0.536917177592953,0.5896810423316652,0.52377863912577
400,0.6733180803458559,0.4832910950662908,0.7045117897071909,0.5726588940457872,0.6209276392525785,0.5837281265788317,0.517878034619132,0.5377274991559727,0.5880150840243485,0.5215663258522657
401,0.6703280828919457,0.49013843946849744,0.7099990406828496,0.5738631147245085,0.6162131692569518,0.5837297391672363,0.5232678991035565,0.5333653629429153,0.5834322099445951,0.523506716276616
402,0.6620964665178105,0.5039600514059234,0.7087626455880189,0.5771612893277397,0.6087866614389892,0.5845965616580266,0.5291515685304059,0.5278207346907712,0.5771084697854474,0.5275206071183206
403,0.662642122156435,0.5054915489524204,0.7083048477015552,0.5754275648555659,0.6095660442402536,0.5845654768368221,0.5295865547394879,0.5282906891636906,0.5753815639715815,0.5258569199376856
404,0.6445313473147467,0.5307443296610347,0.6947743787518124,0.5827981492437656,0.5975468632778945,0.5884442105983045,0.5364367056617084,0.520632547032855,0.5662409196000203,0.5339158667059598
405,0.5869682249093815,0.5940940519370932,0.639600385115776,0.6080413379543411,0.5739324219595359,0.605108794967793,0.5471706736036096,0.506309280077624,0.5478562625443849,0.557503148453397
406,0.5405582133027724,0.6345743775707393,0.596106006546327,0.6343961355876725,0.5627497871320593,0.6208640757950377,0.549832188251888,0.5012920647007602,0.5387260056638603,0.574759949486361
407,0.5331251695052212,0.6396898506354647,0.5898561844142052,0.6408745402746571,0.5595395797628848,0.6248133572773185,0.5486100121534925,0.5012418416547068,0.5374405852536566,0.5772652430608214
408,0.5318168247188262,0.6398347577298527,0.5890199488493396,0.6434139245783395,0.5571453330968323,0.6269459304624783,0.5471488159375997,0.5015116616911538,0.5369454812359856,0.577520825477118
409,0.5305267754722793,0.6399048904535659,0.5882910734146019,0.646036162016395,0.5546951285123312,0.6290869882936804,0.5456819051110317,0.5017980531733581,0.5364516337996263,0.5777733856696616
410,0.5292575711051043,0.6398998486353091,0.5876750080515968,0.648738567080578,0.5521916667455689,0.6312329165809404,0.5442101777814068,0.5021010027321563,0.5359586238316605,0.5780209215420832
411,0.5280117320426879,0.6398193370406032,0.5871768303266195,0.651518127562635,0.5496378098714562,0.6333801234634882,0.5427345690153568,0.5024204659736625,0.5354660585177159,0.5782614764739072
412,0.5267917434625059,0.6396631600569945,0.5868012218276824,0.6543715106296984,0.5470365834155189,0.6355250490011339,0.5412560516475547,0.5027563674382377,0.5349735728840419,0.5784931437974036
413,0.5256000489273721,0.6394312163647472,0.5865524461967625,0.6572950702431487,0.5443911779207976,0.6376641744237695,0.5397756369525388,0.5031086006335589,0.5344808312088789,0.578714070999848
414,0.4870728428296844,0.6571851957102615,0.5772517710216417,0.7132153351740292,0.523166120145917,0.6549593668381264,0.5283542967363254,0.508835166917131,0.5317160893146761,0.5907458865161249
415,0.48901104878530816,0.6476984855655022,0.588662612907408,0.7210760090862275,0.5116830589345072,0.6603418112882211,0.5220937396611195,0.5109411340599892,0.5302525063367733,0.5892397013869236
416,0.48904181579785977,0.6456066493660273,0.5916206350106454,0.7240523498255059,0.5089423334790456,0.6615636619757269,0.5204459016891735,0.5116429657898028,0.5299349353607951,0.5889460688485917
417,0.4891370212103013,0.643448730354189,0.5946651537811322,0.7269747089801735,0.5062684289955225,0.6627215790735216,0.5188286655954654,0.5123528155613764,0.5296126173653911,0.5886181468609767
418,0.4864137053114149,0.6431832490811423,0.5990435273670538,0.7372517214259413,0.5047962276551322,0.662640125093444,0.5159403327415479,0.514423000150815,0.5300405041144473,0.5886244218176416
419,0.48685877282828827,0.6406671521700351,0.602481565241217,0.7397468147184917,0.5024881929748425,0.6634533589525976,0.5143997019250718,0.515180651456144,0.5297369267612699,0.5881101180657204
420,0.48736492262135933,0.6380930806651066,0.6059581263168388,0.7421578428197068,0.5002805468815044,0.6641979170914322,0.5129002039437507,0.5159421010024366,0.5294298430790157,0.5875619756395047
421,0.5109940345265742,0.6190520194729795,0.6153601935046116,0.7182661384168102,0.5486029280861482,0.6244168525983091,0.5045944686007195,0.5245918254120963,0.5434309890499422,0.5661917097580361
422,0.55625255819099,0.5820912240390329,0.6235258633973709,0.6446986035287811,0.6058406036838184,0.5799897371672514,0.5044281400096684,0.5268010313963447,0.5572817539945764,0.537264278923384
423,0.55843312421438,0.5792677199471066,0.6241609992002346,0.6427616073177485,0.608496845309248,0.5786192543053025,0.5044384248653986,0.5276181073735865,0.5570204960710449,0.5356384071480701
424,0.6132238287426076,0.5320234872034401,0.6674767565982217,0.5681263199324371,0.6665263658587447,0.5314654613533217,0.512427507538798,0.5236086483409758,0.5719443841239219,0.5050982382958843
425,0.6347336173581087,0.5147021729012916,0.7219498288748423,0.5539263045207046,0.6638658924749873,0.531781117295399,0.5252999621031365,0.5121561952627146,0.5722370499306481,0.5008446331240031
426,0.6354326605288768,0.5165519552934854,0.7206616313702414,0.5500216168700608,0.6652025019632356,0.5323263226124251,0.5257439479778989,0.5126165606502507,0.5711440323154231,0.4996474219275215
427,0.6094865962968209,0.5413360854506236,0.6903507956995283,0.5646237688340456,0.6155499568710261,0.5765641214109978,0.5293995094616646,0.5069570463548426,0.556174985330252,0.5184929514034111
428,0.6053581060445569,0.5461691428857067,0.6824525297753027,0.5658271273201874,0.6091604347399965,0.5836582311559502,0.5291932976978628,0.5070151124922367,0.5533863960541541,0.5204695402694954
429,0.5981857631446806,0.5531247450809725,0.6708780475107928,0.5702720615127986,0.597997356709805,0.5946337233777838,0.5287713647644992,0.5070039970477225,0.549416702810656,0.524324480314278
430,0.5984003089035043,0.5549333045215823,0.6663180735158714,0.5681656903116011,0.5982712458650149,0.5973956070558843,0.5279571420623488,0.5078690671473555,0.5478298341384358,0.5229674470818407
431,0.5935559713953042,0.5594568616899334,0.6581968741125854,0.5723512398239188,0.5902929212560262,0.6054027581273926,0.5273310642934372,0.508163219348667,0.5449928606660877,0.5253749602647582
432,0.5928776115764607,0.5607052035446463,0.6551661528840359,0.5726280406657437,0.5889895473290246,0.607843172597494,0.5268253848231927,0.5085962560249819,0.5439135135277275,0.5252177232746148
433,0.5921803412781453,0.5619077166602319,0.6521737554115098,0.5730814509956936,0.5876011766530004,0.6103157101511022,0.5263103990776877,0.5090403547368204,0.5428313533350222,0.5250810917791199
434,0.5914661507821382,0.5630620564137687,0.6492279404734257,0.5737100834803153,0.5861282462850775,0.6128174835848749,0.5257865676821554,0.5094953953987228,0.54174673549543,0.524963558997899
435,0.590737083124873,0.5641660096256018,0.6463367259206904,0.5745119524850122,0.5845713120200168,0.6153455467679102,0.5252543871501737,0.5099612400549083,0.54066002573799,0.524863605779497
436,0.5899952304984911,0.5652174938449998,0.6435078605954381,0.5754844814342809,0.5829310564976768,0.6178969024342248,0.5247143900866562,0.5104377330866829,0.5395716011722288,0.5247797060804802
437,0.5892427303464969,0.5662145561423964,0.640748797499241,0.5766245125543438,0.5812082973194772,0.6204685100386513,0.5241671452955466,0.5109247014643145,0.538481851315399,0.5247103323437318
438,0.5884817611598139,0.5671553714426086,0.6380666683157927,0.577928318953231,0.5794039951073677,0.6230572936409647,0.5236132577872391,0.5114219550424225,0.537391179079684,0.5246539607555148
439,0.5877145379811347,0.5680382404354651,0.635468259386524,0.5793916189827102,0.5775192614373644,0.6256601497830567,0.5230533686809776,0.5119292868978533,0.5363000017112114,0.5246090763618879
440,0.5869433076274799,0.5688615871020625,0.6329599892306157,0.5810095928161487,0.5755553665787412,0.6282739553242008,0.5224881549977577,0.5124464737089064,0.5352087516730114,0.5245741780261683
441,0.5861703436428951,0.5696239558963593,0.6305478876935211,0.5827769011663372,0.5735137469693805,0.6308955751998703,0.5219183293395603,0.5129732761746972,0.5341178774643811,0.524547783210321
442,0.5853979409951593,0.5703240086230409,0.6282375768004068,0.584687706057706,0.5713960123577023,0.6335218700701956,0.5213446394510793,0.5135094394733538,0.5330278443694617,0.5245284325643929
443,0.5846284105322334,0.5709605210534896,0.6260342533828777,0.586735693558113,0.5692039525418819,0.6361497038249276,0.52076786766048,0.5140546937576629,0.5319391351282667,0.5245146943094361
444,0.5838640732160084,0.571532379322365,0.6239426735390998,0.5889140983666963,0.5669395436379048,0.638775950912818,0.5201888301961367,0.5146087546867172,0.5308522505238225,0.5245051684007225
445,0.5831072541525759,0.5720385761475973,0.6219671389788783,0.5912157301460141,0.5646049538092113,0.6413975034644644,0.519608376376728,0.5151713239920295,0.5297677098795792,0.5244984904594763
446,0.5823602764398664,0.5724782069166712,0.6201114852965653,0.5936330014790538,0.562202548392393,0.644011278179065,0.5190273876725394,0.5157420900765288,0.5286860514617465,0.5244933354627822
447,0.5816254548549759,0.5728504656818155,0.6183790722058183,0.5961579573246089,0.5597348943555538,0.6466142229470498,0.5184467766363192,0.5163207286447802,0.5276078327817537,0.5244884211828158
448,0.580905089404856,0.5731546411061961,0.616772775761259,0.5987823058380498,0.5572047640285075,0.6492033231822424,0.5178674857025567,0.5169069033627299,0.5265336307946125,0.5244825113680351
449,0.5802014587652773,0.573390112402381,0.6152949825830927,0.6014974504187315,0.5546151380470213,0.6517756078390906,0.517290485854587,0.517500266545205,0.5254640419895191,0.5244744186604594
450,0.5626772517820254,0.5809594043020769,0.6081018520413919,0.6444553367574539,0.5084411762863207,0.6815520537427237,0.512852059584921,0.5199349704056083,0.5171520943081885,0.5351335707284988
451,0.5622757751140882,0.5803779694890577,0.6080602922908627,0.6477057226064125,0.5054748881197586,0.6838428103535119,0.5120488004963535,0.5204902157949933,0.5162081170999202,0.5349804459586381
452,0.5619184966098274,0.5797278523628205,0.608152378021028,0.6509508256080836,0.5025045566841749,0.6860866628723135,0.5112605232819214,0.5210490627821186,0.5152759066552737,0.5348103718287497
453,0.5595288492852338,0.5799705171882175,0.6082550276463463,0.6597376670797581,0.4936443898773313,0.6915613071123841,0.5098899973813515,0.5219155465016518,0.5134330951529192,0.5359359171593998
454,0.5593194805829208,0.579094319594386,0.6087604106362468,0.6629166157966402,0.4906908259111768,0.6936571942380735,0.5091067484324919,0.5224710401106463,0.5125462204861845,0.5357018782704236
455,0.5545473723915056,0.5803276390937477,0.6098283041013229,0.6791034514164102,0.47380611811873724,0.7030404741901254,0.5068068571592483,0.5238337836840401,0.50956282447414,0.5383826372626285
456,0.5545915863979234,0.5791060502831071,0.6109124189900309,0.6820205268177921,0.47098840078554804,0.7048940704009456,0.5060009429001905,0.5243659014646893,0.5087593582546331,0.5380297468630533
457,0.5546901766122624,0.5778196073523684,0.6120983192114244,0.6848602202031284,0.4682225762975741,0.7066840867535842,0.5052222767760631,0.524898213912977,0.5079733114120176,0.537655052349683
458,0.5548432079998538,0.5764689640028025,0.6133804406956371,0.6876153828640769,0.46551488003483416,0.7084091867989446,0.5044723585495235,0.5254302864709088,0.5072052843600537,0.5372586780833052
459,0.5550505971772326,0.5750548222272809,0.6147529308308538,0.6902791504773456,0.46287155974473176,0.7100681249834698,0.5037526696877178,0.5259616846832255,0.5064558766641983,0.5368408078292731
460,0.5553121120158756,0.5735779355646112,0.6162096738707172,0.6928449641874974,0.4602988562888712,0.7116597429488635,0.5030646692857988,0.5264919750968879,0.5057256853339832,0.5364016827360444
461,0.550264705927485,0.5746497537561605,0.6202335103104367,0.7122291533426724,0.43790346600088037,0.7224882917422958,0.4995531617185823,0.5286246642366582,0.5022712376815469,0.5394895532519848
462,0.5467812988788606,0.5754035708096709,0.6235827103946261,0.7243657601546495,0.42241740119839816,0.7296716148510018,0.49647299622467833,0.5303404361233114,0.4997537596364972,0.541274316302098
463,0.5462955799558767,0.574294172027353,0.6257569008394888,0.7273994477244917,0.4176149427625953,0.732108070346934,0.4948750528200693,0.5311545957160266,0.4987599126877602,0.5411336667058265
464,0.5473952863096464,0.5719189333135886,0.6278306463415566,0.7277463133207625,0.4168938646115192,0.7327981213677122,0.4941757397314261,0.5314932357779326,0.4984159959003057,0.5402258168816222
465,0.5485284025240339,0.5694994755062709,0.6298845030088819,0.727959892428557,0.4163399831894308,0.7334069139341143,0.4935280126199774,0.5318249876930503,0.4980985367909822,0.5392995218646188
466,0.5496920512911779,0.5670380664476751,0.6319122116508156,0.7280406825299245,0.4159561227801852,0.7339341389882641,0.49293302913815046,0.5321494486540549,0.4978076190777431,0.5383558882703342
467,0.5508832876428663,0.564537119539809,0.633907666944786,0.7279894644968269,0.4157447192908313,0.7343795044411797,0.4923918633238889,0.5324662273296665,0.4975432968643571,0.5373960445040308
468,0.5520991077032169,0.5619991968891789,0.6358649370752696,0.7278072942556673,0.4157078067557203,0.7347427316173123,0.49190550203183425,0.5327749447230596,0.49730559405551045,0.5364211390189659
469,0.5533364575227051,0.5594270118188736,0.6377782823686533,0.7274954935407447,0.41584700517244805,0.7350235521765901,0.4914748415852045,0.5330752350035527,0.4970945038775523,0.5354323386681167
470,0.5494520610106577,0.5619770063360491,0.6176189307722646,0.6716510600830153,0.46299566470126463,0.71425008675584,0.4900364253449692,0.5330807332688345,0.5011069552741607,0.5289449194779421
471,0.550793546808904,0.5593968221248954,0.6180047160287669,0.6692466580695937,0.46637517566254805,0.7133144839760527,0.48968116527031524,0.5329862069059995,0.5014099665754325,0.5275995552196624
472,0.5519605001178439,0.5569844195574238,0.6174062925571808,0.6641232001396152,0.4726644457520602,0.7108995249849809,0.48954201592861857,0.5327416493140216,0.50200441788148,0.5259154951663013
473,0.5509780318929238,0.562502462220373,0.5978163963505826,0.5460046945026228,0.6165247824417801,0.618882601589348,0.5035418226712275,0.5211391665846073,0.5171258117721842,0.5057655186227197
474,0.5596072174890496,0.5736068991004907,0.610553517120516,0.49377093469376876,0.6988138958649892,0.5425157386414929,0.5166541196193378,0.5097731461568832,0.5267739867646755,0.492452071197407
475,0.5603460963246647,0.5749516561081245,0.6079659583927598,0.48862326460435,0.7030079153587515,0.5405182997885086,0.5166710005319789,0.5092790025716701,0.5271703527085085,0.491672107506082
476,0.5610573199130715,0.5764173724499808,0.6052681944045124,0.48336511916971064,0.7071414996837078,0.5385297932974011,0.5166914210166421,0.5087959879743753,0.5275462463645834,0.4909324979424516
477,0.5692593739207147,0.5877297643500241,0.611579092584807,0.4632323817051866,0.737233563942904,0.5056742460058458,0.5231817099535815,0.5029513365419831,0.5307726838997177,0.4862930756969066
478,0.5753800235441225,0.5961046750337334,0.6118043358195209,0.4519014845824576,0.749707858263187,0.4929934783966566,0.5267439075358015,0.49970500791983524,0.5317505064416493,0.4848023339387169
479,0.5768986985622493,0.5998185472580002,0.6080836556987824,0.44500758575997357,0.7532857480694276,0.4916249922678261,0.5273090697873076,0.4990383062291854,0.5318064410766831,0.48459541072332324
480,0.578784389452102,0.6039565909825605,0.6041313861433788,0.43822268970240974,0.7564777381896218,0.49072002924031655,0.5280368266818912,0.49829025518578923,0.5317375808926508,0.48457073225087094
481,0.5792672579530255,0.6068510300599287,0.5997317275061377,0.43194328024043604,0.7587654205931494,0.4908866086389553,0.5280498090248239,0.498142365316695,0.5316611982176778,0.48455343794310035
482,0.579724277777734,0.6097625308238938,0.5952472627553991,0.42572223097661915,0.7609454474328137,0.4911249214478594,0.5280519196965022,0.49801787727861463,0.531560447359224,0.4845771473131033
483,0.580155389374619,0.6126852413650609,0.5906818503288784,0.4195694016885682,0.7630161555440288,0.49143587721964094,0.5280431860698502,0.4979169469054747,0.5314354449319888,0.48464154029865336
484,0.5805605635171592,0.6156132898123944,0.5860394510489183,0.4134943613086911,0.7649759143418458,0.49182025576834554,0.5280236583670831,0.49783969743942513,0.5312863430427065,0.484746220433275
485,0.5809398058804109,0.6185407984341639,0.5813241199231752,0.40750636196741086,0.7668231225854942,0.4922787046791149,0.5279934098618201,0.49778621956780644,0.5311133287484031,0.4848907170147255
486,0.5855751120618745,0.5949126844600059,0.5618789128641999,0.47135330597990044,0.6608598180885208,0.6053686030362357,0.5239142736069013,0.5030232983788226,0.5167303305944525,0.5041161319102022
487,0.5855418009630361,0.5953755646823053,0.5587997261248651,0.47130463820476826,0.6583978138236211,0.6081868829330395,0.5237442487642378,0.5034979662447742,0.516124887434983,0.504364898745923
488,0.5855240907039955,0.59574280495148,0.5558149315126646,0.47139898612553677,0.6558161864790938,0.6109864949257071,0.523586443746859,0.5039853893519141,0.5155191080024412,0.50461597172774
489,0.5826471066550369,0.531862466286575,0.5683158914358507,0.604720912072388,0.444157874404755,0.737678955807372,0.5033738294561934,0.520861345592638,0.4988195300727083,0.5246520870877415
490,0.5846097581356681,0.525340308704798,0.5715116005493305,0.617122695765767,0.4240885529118099,0.7460704218723697,0.5010899977394694,0.5227303328697537,0.4975333570513656,0.5251513709975942
491,0.5859910217874786,0.5230966664490518,0.5724854601579645,0.6187436061662199,0.4219303483601783,0.7470860383959861,0.5008937113279116,0.523072313654658,0.49728419717754485,0.5244021876462822
492,0.5874022348815795,0.520803347167651,0.5735063541535789,0.6202583150194251,0.419901536623369,0.748019838943223,0.5007586269805983,0.5234087878328131,0.4970602480666752,0.5236460150943409
493,0.5910485403563766,0.5115840699242651,0.578275993824506,0.6348783445030785,0.39356634145485864,0.7582243279123003,0.4972211650313783,0.5262553555250457,0.49593714989585214,0.5240244452220307
494,0.5989198646951941,0.49794886700232094,0.5843218500624912,0.6434263755333917,0.3745536000620505,0.7659231192831646,0.49340234207750755,0.5293785119147825,0.49586548678943343,0.5212952574871875
495,0.5993672910402685,0.49926912379140137,0.5700222787204938,0.6046359475612073,0.415419731851453,0.750863518154354,0.48930501334686505,0.532150695591403,0.5010693909599749,0.514783999104798
496,0.5993739931369045,0.4991814651886641,0.5676852572267239,0.595734202259461,0.42877359484625177,0.7459742800378975,0.4895602747437476,0.5316731950863253,0.5022553284317768,0.5127315755192183
497,0.5737916432027615,0.5430289159667347,0.5382895049632989,0.4833839688662464,0.6092306582843893,0.6486474568510507,0.501288913111265,0.5220980550049221,0.5134484629096213,0.4986900244525276
498,0.5737373447661407,0.5439820595122469,0.5358316070170265,0.47919755860063035,0.6143086165416514,0.6460101990741667,0.5011981417964512,0.5214289041461038,0.5140410677182254,0.49791940721088845
499,0.5637408022993577,0.5730248127060036,0.5296851519356365,0.43836159432663074,0.6872895005415672,0.591002192755019,0.5086307087243845,0.5146236976399983,0.5176423510150501,0.4932997235648178
500,0.563535309205138,0.5752037369441452,0.5261406356408731,0.4331518965510654,0.6917489376558847,0.5884947449285247,0.5085044404305735,0.513940767739478,0.5181132740302816,0.4929482727188868
501,0.5636416302870974,0.5787884526148491,0.515314619036134,0.4207212147698959,0.6981218300713253,0.5866272679913276,0.5073664805091448,0.5126094201125942,0.5192384281941304,0.4924175644448084
502,0.563300531965294,0.5812770468919382,0.5115278212942872,0.41543627755568585,0.7023983967777405,0.584078907032442,0.5072686760382238,0.5119653061915683,0.519647062425497,0.4922257902021988
503,0.5629282011130705,0.58385800026701,0.5076601522798865,0.4101218882000035,0.7066081002808955,0.5815435566975005,0.5071754719316758,0.5113320960478923,0.5200355461464573,0.49208435637669434
504,0.5557149470783266,0.6347829463718745,0.5007140555350715,0.37220873105705277,0.7782440613458875,0.51763419118789,0.5170035269568803,0.5023584870267456,0.5196407955502996,0.49266634469074466
505,0.5548154501375608,0.6433710576424082,0.4798065590340307,0.34940058274488317,0.7850186487251941,0.5186727125608944,0.515363006769641,0.5012688695917805,0.5203686161944755,0.49409751077549696
506,0.5545384070442807,0.6465003009722767,0.4744389804229441,0.3434933524431642,0.7875533523874063,0.5180845585597147,0.5151437339612451,0.5008465500164971,0.5204247040875767,0.4946209593967146
507,0.5551295659727854,0.6612609591508647,0.4676895942407002,0.33497890646627965,0.7983111070276109,0.5110640778569415,0.5173779996929669,0.4983277709830366,0.5185375167109162,0.4974007036310707
508,0.5549607918356411,0.6639914717869891,0.4620412502609321,0.3294074715982037,0.7998995232312643,0.5115396359979895,0.5171294881624116,0.4980281380426218,0.5184698912078236,0.49807182106168657
509,0.5563776822259786,0.6701777533189797,0.4554788020302505,0.32532440086242004,0.8004488415865888,0.5141753952086695,0.5179890351646007,0.4967909808205009,0.5168128136278399,0.500569427771238
510,0.5562962521891877,0.6724263863580386,0.4497810603912413,0.3202650502487852,0.801224728070923,0.5153458154286382,0.5177301043479363,0.4965858442735336,0.5166658762682471,0.5012990372350963
511,0.5562195690309282,0.6745831566255185,0.4440839602063253,0.3153550141826046,0.8018652118881313,0.5165816674721339,0.5174686122036908,0.4963975850012507,0.5165045981722125,0.5020430462193937
512,0.583480926779566,0.6001976057516869,0.4360296944304584,0.37869918655187335,0.6486607944519129,0.6392636601471161,0.5152450289004429,0.4982667249831787,0.5026641798260846,0.5181175141641106
513,0.5845076163491677,0.5985833074117635,0.43271645943985937,0.3778946564608787,0.6442447417112958,0.6418737963018178,0.5151892941971647,0.4984419699539707,0.5024467848684918,0.5182326046659926
514,0.5855800925457388,0.596857662963196,0.42950492858706696,0.3771848945604877,0.6397217742756541,0.6444314928389708,0.5151752789335228,0.4986212753969015,0.5022396936379628,0.5183407130686036
515,0.5866986210959575,0.5950218897351889,0.42639590247171444,0.3765647688320791,0.6350976417901855,0.6469348402550756,0.5152044714067247,0.49880454587068224,0.5020433473717633,0.5184420682329418
516,0.5901676500023015,0.5841620433726544,0.4239917108064485,0.38171910195172204,0.6150618662749876,0.6581636487302409,0.514686378877157,0.4995487899456973,0.501391361395949,0.5190832295593295
517,0.6104900960965404,0.5098323101027986,0.4281922290396115,0.42434908518047965,0.4858977711417098,0.7210949813849581,0.509236685045721,0.5049042201952896,0.4994053272823783,0.5216708990843409
518,0.6124157510457244,0.506734935991544,0.42716551644122414,0.4249208509435834,0.4812274675642221,0.72245118087852,0.5096041110925215,0.5050822654765319,0.49943901948894237,0.5211884460182034
519,0.6143655990485216,0.5035769695977348,0.42622509931423874,0.42547945175583746,0.4766142814579084,0.7237236159052174,0.5100433327066995,0.505258589871183,0.4994916882746541,0.5207071805295367
520,0.6399832958514998,0.4262733567214921,0.4355018797797737,0.4616649120442356,0.347010663498718,0.7716735757760602,0.502664513778887,0.5125360586043529,0.5020657436934229,0.5188157009307766
521,0.6476692421002456,0.4093440542667622,0.4380603425694589,0.46687510187031006,0.3231324919721358,0.7792321920807912,0.5012282434106299,0.5144245537684364,0.5037829747104631,0.5167207594701525
522,0.6497693406041404,0.4065930583515176,0.43862036505885615,0.4667636199785816,0.32294571346882517,0.7790170329800605,0.5020119209923407,0.5143877217533901,0.5042068028823672,0.5156427139823293
523,0.6518113170564351,0.4038623836895065,0.43919130431268527,0.4665904034522507,0.32293352953948906,0.7787035495151788,0.5028830022358709,0.5143487178324011,0.5046450795367311,0.5145917689843141
524,0.6537916675588403,0.40115544017583205,0.43976988598940137,0.46635633655687614,0.3230945119507547,0.7782905964575128,0.5038406685951061,0.5143079534346257,0.5050970099124845,0.5135698128057539
525,0.6557069888410374,0.3984756935012324,0.44035291335726434,0.4660624228521844,0.3234268551516522,0.7777770121220732,0.5048839368050054,0.5142658667217826,0.5055618015149058,0.5125787170800362
526,0.657553985030317,0.39582666101765435,0.4409372743024294,0.46570977766170707,0.32392838352520814,0.7771616265267296,0.506011660831656,0.5142229225263609,0.5060386650883141,0.5116203344010509
527,0.6593294739338446,0.3932119070772806,0.4415199477893211,0.465299620435316,0.32459656000319204,0.776443270154382,0.5072225342621537,0.5141796122354959,0.506526815548136,0.5106964958649688
528,0.6610303928186128,0.3906350378487639,0.4420980097662173,0.4648332670417112,0.32542849600965645,0.7756207832712324,0.5085150931222195,0.5141364536191236,0.5070254728705348,0.5098090084976864
529,0.6626538036771527,0.3880996956179323,0.44266863851191685,0.46431212202700267,0.32642096269259424,0.7746930257504184,0.5098877191077174,0.5140939906010074,0.5075338629380486,0.5089596525697329
530,0.664196897970044,0.38560955258373025,0.44322911942222504,0.46373767087442425,0.32757040339690197,0.7736588873466257,0.511338643214593,0.5140527929712551,0.5080512183399771,0.508150178801635
531,0.6656570008393442,0.3831683041636131,0.4437768492377957,0.46311147229897964,0.3288729473259008,0.772517298363991,0.512865949750199,0.5140134560389666,0.5085767791265429,0.5073823054639316
532,0.6670315747900268,0.38077966182601364,0.44430933971758557,0.4624351506094417,0.33032442433302583,0.7712672406565466,0.5144675807075144,0.5139766002236825,0.5091097935161278,0.5066577153772021
533,0.6701174596397255,0.3750845878002522,0.44481118837731837,0.46057938753615235,0.32911309277481554,0.7711599791442286,0.5146202337067186,0.5154835149811553,0.5107833644465251,0.5049525221706705
534,0.6711573951378389,0.37313900967429153,0.4452308921711574,0.45964760310449837,0.3314197885640932,0.7695455832299638,0.5163206297750551,0.5154314333169824,0.5113432785491857,0.5043111719164209
535,0.6720999375248468,0.3712670683836018,0.44562356672606407,0.4586749180725116,0.3338482718516862,0.7678199075482437,0.5180857946808849,0.5153846522575487,0.5119071428177219,0.5037210027938515
536,0.6621222349910091,0.40914993810333244,0.4316478023566711,0.42409290548708856,0.4059384722284454,0.7380384837153356,0.5085334303072341,0.5269152236345631,0.5181204122504577,0.4979623539981187
537,0.6614846759805336,0.4103534063234876,0.43064323000895965,0.42187431131603065,0.4108945278666927,0.7352955452353869,0.5096991468107617,0.5267210672175594,0.5186566089224033,0.4977108988813074
538,0.6607474618702937,0.41167572000842045,0.4295957535598876,0.41964814517511734,0.41584652112447446,0.732474441360626,0.510895632219061,0.5265391251215079,0.5191857961063291,0.4975253911789713
539,0.558606313391402,0.6295160921696141,0.3860479778248611,0.3398469934582997,0.7260981243669736,0.58731210243619,0.5066190735116738,0.5340062955441617,0.5107986597552987,0.5059341223261489
540,0.5569911750289044,0.6331246912003139,0.3814373662202127,0.3350368731968395,0.7301764068828884,0.5859273835791177,0.5063437244262587,0.533563019735944,0.5108983117793271,0.5066146751088925
541,0.555368501347317,0.6367093216640627,0.37682551382899365,0.33029073174743545,0.7342015442684175,0.5845876496796435,0.5060669458135137,0.533125860150886,0.5109883168149756,0.5073203981817044
542,0.5530216996552543,0.6421490539554778,0.36385076795175253,0.3174714971372029,0.7392345679598413,0.5838254216120475,0.5049946697079231,0.5320364481070389,0.5117990694061185,0.5090334559488812
543,0.5505476879034796,0.6474562997378516,0.35121101415959116,0.3054441621901693,0.7440326789871857,0.5830515384667462,0.5040383317987035,0.5309532057073225,0.5126058213352588,0.5108651824291354
544,0.5488229490612525,0.6509036845832686,0.3468316278267667,0.30137274008867243,0.7478445749129791,0.5818237023780202,0.5037912016857563,0.5305676450232277,0.5126468087872605,0.511707650367074
545,0.5276111968082132,0.7046564114200321,0.33202749535233744,0.2963361451716868,0.8088467213282179,0.5599900325391469,0.5097118045472149,0.5244105403762079,0.5005441482594208,0.5230622245269879
546,0.5274610345375526,0.7057206434130086,0.32744877991780813,0.29242494187424967,0.8092678766639916,0.560788339911581,0.5095832070078941,0.5239888703938179,0.5004562686958389,0.5237976201623264
547,0.5282237808012864,0.7063376539475732,0.3226984317362755,0.2893587237490249,0.8080835176602944,0.5624637372762878,0.5099979685215591,0.5230247409147116,0.49982844315585045,0.5249668239657873
548,0.5347025464610838,0.7009134625025873,0.31758703461197524,0.2897378671537666,0.7949457640332587,0.5697080507583565,0.5124474053933921,0.519950745053108,0.49760690420975284,0.5273777480764834
549,0.5404675175506554,0.6941663930422197,0.3134205102382442,0.2891871860075739,0.7819930171505843,0.5759973095650593,0.5140782649145281,0.5179258506819544,0.49659049163416863,0.5287191200437003
550,0.6174094590206585,0.5408474430920842,0.3173534248789697,0.32075432793774133,0.5637855888080178,0.6610027094465432,0.5278877286349554,0.5023413283254109,0.4978514571117319,0.5279080157040839
551,0.619778719414031,0.5368251671115594,0.3159291188992809,0.3195138929747165,0.55823602392892,0.6618548922673826,0.5295176101272373,0.5020719672153271,0.49807941060806205,0.5277281396014325
552,0.6221535305103529,0.5327314103378621,0.3146003596077852,0.3183272599185687,0.5526913508335596,0.6626348651567834,0.5312294588341976,0.5017953080746983,0.4983167419984047,0.5275570288877213
553,0.6245304359327816,0.5285691493275644,0.31336464499890887,0.31719301908557,0.5471586874310307,0.6633409752720649,0.5330225517625574,0.5015118755937357,0.49856348397660194,0.5273952717977158
554,0.6269059049279205,0.5243414199091662,0.31221936506028636,0.31610987049664385,0.5416450456140495,0.6639714986506814,0.5348960041882065,0.5012222406378692,0.49881965696705405,0.5272434647135698
555,0.6690482264458262,0.3971494215864065,0.3195377398564194,0.3287254225019337,0.3939856000003582,0.7163008235609973,0.540670229925001,0.49681367490138134,0.5081126254645402,0.5194291648301217
556,0.671067180346439,0.3929239524228313,0.31951182662792654,0.32817628279821087,0.3905307217525691,0.7155492576080197,0.5432100834891167,0.49668245122692145,0.5085713493634917,0.5189789640129477
557,0.6869685174517768,0.33788256016231405,0.3230039526811039,0.33043027379256484,0.3330358554206199,0.7350610422029421,0.5451167726477405,0.49758983204532625,0.514746708597884,0.5135387463742855
558,0.6884280615995025,0.33456703000557947,0.3232684170555727,0.32994996660334763,0.3315863210926401,0.7333593834223021,0.547867589732483,0.4975643064132492,0.5152729428439252,0.5130809894623904
559,0.6897903976403196,0.33131586819379905,0.32354183081514576,0.32946659774308107,0.3302687727308649,0.7315241146164242,0.5506781330197251,0.4975492841709361,0.5157987187335197,0.5126745742739811
560,0.6562389446633721,0.4517922692810147,0.3144175430881199,0.2967211131593772,0.458469282232447,0.681762170673797,0.5161995548189737,0.5378103346873186,0.5298566274067013,0.5004981777009224
561,0.6543039792420322,0.45602303471210603,0.3126947481553743,0.29494895899746093,0.46365451636009175,0.6788593372782805,0.517055566726131,0.5379837193734773,0.5300628496258314,0.500920080043558
562,0.6522868558669159,0.4603058720860456,0.310972445946833,0.29321763927752265,0.4688387978680191,0.6759541870730006,0.5179147355942882,0.5381740744180328,0.530255617932216,0.5014056516207698
563,0.6483957626548533,0.4690271709711291,0.3089617350729273,0.29105953133509976,0.47907276417961014,0.671336979457745,0.5182221996009441,0.5389270100658696,0.5302528621280139,0.5021405485113221
564,0.5801740279462154,0.6069316583199038,0.2975876034485062,0.2778357280141839,0.6502981902311674,0.6169558764255465,0.504669455420529,0.5529813506128756,0.5209647138241674,0.5117779336421091
565,0.5776628784622795,0.6109979919879395,0.2948027107461902,0.27546092886314083,0.6552106546429045,0.6153480943542338,0.5046794962593824,0.5530069175847334,0.5208799550230024,0.5126558971323707
566,0.5689866499536375,0.6255031616314556,0.291252717405944,0.27258716573128516,0.6743039238957862,0.6098605773390409,0.5038165111263786,0.5538541975880341,0.5195973029963536,0.514627253675864
567,0.5567644287395652,0.6454691035443397,0.2872174296174742,0.2696028493891787,0.7012987649578475,0.6025279953605185,0.5025404836145697,0.5550198390272124,0.5174020781786912,0.5173902617325142
568,0.5544067273258965,0.6489930820969547,0.28445175610379614,0.2673762297181781,0.7057089794289391,0.6013506193943887,0.5024492583781522,0.5549866549794834,0.5172507175293211,0.518330874621604
569,0.5520609979747161,0.6524445153391344,0.2817673043831508,0.26526340163431344,0.7100560721959966,0.6002056201291031,0.5023623432229808,0.554951968932872,0.5170938938335341,0.5192838610247351
570,0.5322340741185392,0.6836930344536511,0.2767389303574303,0.2627443129431594,0.7543830052856685,0.5893520353871989,0.5005813953150312,0.5564839432245867,0.512029699589597,0.5244225133555291
571,0.5303869092992615,0.6862912627585608,0.27409714180162664,0.26069892701267766,0.7577654342821002,0.5886816519895687,0.5004573786974771,0.5563529671932115,0.5118227439625387,0.5253430215716589
572,0.5285843434135755,0.68879194266817,0.2715624607767004,0.25878401330217105,0.7610459571854282,0.5880336799320727,0.500346321450143,0.556214703327248,0.5116144534168351,0.5262637570720602
573,0.5268296329686233,0.6911928986540061,0.2691384864130436,0.25700117241748266,0.7642206879494241,0.5874069805539314,0.5002490257378465,0.5560687413683634,0.511405158520311,0.5271836107004861
574,0.5148803764851658,0.7156066855486617,0.26280270587906746,0.25737409300205544,0.8007322577450132,0.5803509345300158,0.5029778651709025,0.553302964733972,0.5006572486227976,0.5363962162410689
575,0.5281803393287059,0.7028708807589374,0.2573254444855149,0.25602893599421384,0.7813624625281104,0.5856428401573,0.5090459354745739,0.5476073018358353,0.49662228745915954,0.5401317476151145
576,0.5293650808686735,0.7015911903701307,0.25563225119382177,0.2544948922044568,0.7792976457287156,0.5861300683312516,0.5097235151522965,0.5471257457616676,0.4964712228634749,0.5405683077428612
577,0.5306334690297658,0.7001870932011831,0.25407857969542874,0.2530968873670472,0.7770871338704955,0.5866106651018265,0.5104543167221779,0.5466240194242987,0.4963306566754039,0.5409933760121579
578,0.5319848353121654,0.6986593631741218,0.25266457111937074,0.2518347853786721,0.7747338994411818,0.5870845432766849,0.511238846385124,0.5461021162169274,0.49620095677538933,0.5414067647027344
579,0.533418336080214,0.6970088495698303,0.25139018051661133,0.25070838282428864,0.7722411692326371,0.587551646063819,0.5120775250012,0.5455600631017374,0.4960824776592043,0.5418082930108543
580,0.5349329514910082,0.6952364757666996,0.2502551792266102,0.24971741174154663,0.769612414801828,0.5880119410056731,0.5129706860542642,0.5449979216026052,0.4959755595997145,0.5421977872512167
581,0.5365274849610578,0.6933432382612472,0.24925915752271338,0.24886154181982978,0.7668513418877692,0.5884654136875851,0.5139185738544753,0.544415788808293,0.49588052783471176,0.5425750811188543
582,0.5417665511031007,0.6867746597793359,0.24834565589765453,0.24829072460138749,0.757876227074579,0.5902700291949678,0.5160555778174813,0.5427116909817252,0.4955127329369991,0.5431405770701516
583,0.5661905161084886,0.6527497714301536,0.24744313421206796,0.24835660617138006,0.7132757493281113,0.6002401936551304,0.5239284408522056,0.5354120630521618,0.4947771109281763,0.5438779589199204
584,0.5869049058754937,0.6200750133608557,0.24693422953642477,0.24817435620675685,0.672099006300038,0.6097011301469235,0.5306845297662662,0.5294591392861736,0.4952528696195417,0.5435957613617244
585,0.5896424860881543,0.6161192095063323,0.24671505180015332,0.24774995959084428,0.6670956283945043,0.6103119635734252,0.5325390961127499,0.5287852669341682,0.49534749978167025,0.5436066110227606
586,0.5924058812958293,0.612071646561477,0.24660588018925647,0.2474363689387378,0.662049022258205,0.6108949791790831,0.534457477319813,0.528095483534794,0.4954541264730301,0.5436113015698462
587,0.6452362800333401,0.5043959253167472,0.24667503388265452,0.24708146826701474,0.538734126004621,0.6427185528944956,0.5505795066382281,0.5124385058969545,0.5009242316351659,0.5391658374523923
588,0.6873453764009144,0.38237780449804076,0.24699452309068298,0.2462121527389336,0.4107395068929956,0.6794769095366815,0.5640299510546363,0.5000424210701437,0.511173471714865,0.5303841734480863
589,0.6968117413135507,0.34998638628245443,0.247309748129237,0.24582443314644922,0.3780464087795503,0.6873495078941473,0.5690112704051846,0.497818432338544,0.5145824562785118,0.5271470639906156
590,0.6987202318616335,0.34556833891975725,0.247614985285166,0.2457078330233371,0.37378263833460224,0.6859021470293695,0.572348252208384,0.4976488792783017,0.5149924450978065,0.526527344933412
591,0.7079925911893257,0.3094980608208105,0.24794079422088927,0.24532241487070253,0.33740530416209197,0.6944799445275961,0.577135449365539,0.49598467728135276,0.5194771013523253,0.5223058643333501
592,0.7114276772787818,0.30561254087424,0.2501344555813835,0.24579160101426414,0.33454293051420364,0.6699244899492842,0.6012564837250718,0.4967991486231148,0.5192149570802506,0.5221429489743367
593,0.7122515332167345,0.3021316893770924,0.25048220191169446,0.2459661879839512,0.33115023458865933,0.6669071177750683,0.6048779789642145,0.4968339997185166,0.519571611076528,0.5219623565476479
594,0.7129548332785803,0.2987570010176169,0.25082633794198267,0.2461703045110666,0.3278313428224898,0.6637247477779049,0.6085081417025452,0.4968957814514855,0.5199207479952052,0.5218395236763429
595,0.7135364571830161,0.2954915602256292,0.2511651517056197,0.24640286203353645,0.32458463122634773,0.6603771704096036,0.6121428513705489,0.4969859600370903,0.5202620714348729,0.5217758164045013
596,0.7139954274565851,0.2923383140598054,0.2514970191127505,0.2466627465330704,0.32140843524323964,0.6568644553201629,0.6157779681961423,0.49710600205674077,0.5205952912984048,0.5217725259607303
597,0.7170639812866073,0.27601831181730385,0.2517047771227022,0.24706712321545815,0.3041166056424815,0.6569296400205287,0.6192749424933011,0.49758656778517646,0.5232321491012017,0.519803504712823
598,0.7210151709795516,0.25407991869358926,0.25143287369516953,0.24842805821806102,0.26504348982990195,0.6609442855106212,0.6135435525964098,0.5092386235593922,0.533082894413277,0.5114907573439978
599,0.7201607120937976,0.2547713280163914,0.251353621643173,0.24859671907765277,0.26415494482232615,0.6558123630294793,0.6165390015851253,0.5102336330874847,0.5332793361628397,0.5118575100198971
600,0.7138988955697187,0.2616158916496821,0.2506339337725811,0.24943180694675776,0.26046577492280637,0.6287178975927045,0.6299215005088353,0.5166375455465086,0.5343685879128275,0.5145897314855851
601,0.7080789181471646,0.2632611916332404,0.2500837907807964,0.2498870334163613,0.25792237777038385,0.6057372326184998,0.643305815125431,0.5185208932434727,0.5338698570485093,0.519103928977274
602,0.7020926005474438,0.285587602128176,0.249711501272561,0.2509599403732018,0.2635989384796717,0.5978819221058614,0.6350472288328813,0.5311660291797317,0.5359246847277298,0.5187917450907474
603,0.6998528387831112,0.2884251590603019,0.24951916229439516,0.2510957515906513,0.26389809078087606,0.5920044181536619,0.637038200579286,0.5327639581430681,0.5358847377383543,0.5200753403549822
604,0.6968799490115029,0.29437017109261193,0.24931603866800076,0.2513132475900972,0.26552032074460363,0.5858285743024629,0.6374941637793372,0.5358445288372249,0.5359995449748806,0.5213097187137957
605,0.6944238835744272,0.29749091074969947,0.24913948304688657,0.2514366952250385,0.26601448399339317,0.579944211580077,0.6392527540185085,0.5375340021400338,0.5359175091550786,0.5227365803891699
606,0.6918744692742587,0.30069726631928934,0.24897472850708552,0.2515571846380291,0.2665647384290723,0.5740464221124549,0.6409158429701318,0.5392573769960083,0.5358188365106837,0.524230429850973
607,0.6892334088919675,0.30398519453472594,0.24882383473376266,0.25167426923935593,0.26717085251912653,0.5681408964015707,0.6424802227346437,0.5410138689285605,0.5357036289467495,0.5257892792403709
608,0.6865024717200162,0.30735056829563817,0.24868890423305803,0.2517875001267385,0.26783254650483296,0.5622332616641462,0.6439427812689448,0.5428026420202755,0.5355720084264926,0.5274110257817676
609,0.664917741933442,0.3842742782864629,0.24861668919352137,0.25226126548070693,0.310357605549669,0.5516552602097052,0.6094244069688285,0.5763616101033278,0.5366205288567072,0.5281658107477665
610,0.6617011420292747,0.3888240479945871,0.24870336737178936,0.2522211764446014,0.31255754178102485,0.5470725587190453,0.6096871956125991,0.5784268047696333,0.5362823056320516,0.5297940039854265
611,0.5713832634238729,0.6007384391263748,0.25081383702888965,0.2465734989497087,0.4928680652290554,0.5397992492276361,0.4990578212195931,0.6576314294541713,0.5323822681255692,0.5295018606698129
612,0.568265589744877,0.6042160928358676,0.2520136885302363,0.24628687432066856,0.49688203041149237,0.538793587620438,0.49818240804761,0.6594550143645826,0.5314266375027323,0.530415274262198
613,0.5590170987070324,0.6179615299471288,0.25351899146455364,0.2453697235239724,0.5128440541283272,0.5382040587941102,0.4912707649935425,0.6648500976459736,0.5300009363106066,0.5312675522087679
614,0.5134241033502742,0.6842513376174588,0.2566764263587433,0.23864398270436604,0.6039233018398513,0.5412410109195721,0.4553533860755955,0.6871501815810682,0.5248018120057673,0.5318925988720332
615,0.5107583690401047,0.6873905330831283,0.25998871363886555,0.23306856482097835,0.6335649314310458,0.5403980438280386,0.4680247841187145,0.6830575273166357,0.5205099148417454,0.5323926206953864
616,0.5115456132669114,0.6857769956934355,0.26256250122628466,0.2332459933617939,0.6329157134897614,0.5397858060754729,0.4701630173336758,0.6836513761906696,0.5189443066406443,0.5326136327664994
617,0.512409254187239,0.6840582683469342,0.2652377688345847,0.23353216548686298,0.6321724691065775,0.5391480145884345,0.4723706015246959,0.6841705379732475,0.5174025162859935,0.5328364476266239
618,0.5133473844352168,0.6822356224903547,0.26801125135385556,0.2339279700991752,0.6313374388589233,0.5384853554421323,0.47464603731942084,0.6846141554673038,0.5158863849777198,0.533060710259257
619,0.5143579609440256,0.6803103890965312,0.27087958821741515,0.23443421779947948,0.6304129799369386,0.5377985217027165,0.4769876918657516,0.6849814031937559,0.5143977292128207,0.5332860563816113
620,0.5154388089945611,0.6782839611920626,0.2738393290567295,0.2350516342749773,0.6294015559601617,0.5370882081799032,0.4793938027000161,0.6852714893857068,0.5129383368042311,0.5335121137611444
621,0.5165876266635949,0.676157796451468,0.2768869393592878,0.23578085360194345,0.6283057265174854,0.5363551063483678,0.48186248213090516,0.6854836582019244,0.5115099629405127,0.5337385035473741
622,0.517801989655187,0.673933419829867,0.28001880612092495,0.23662241150888502,0.627128136488406,0.5355998994698232,0.48439172212817266,0.6856171921576852,0.5101143262993643,0.5339648416124029
623,0.5328038360454594,0.6531873099795958,0.28310614144779556,0.23752170043163562,0.6121418308826382,0.5332366966110913,0.5037480682666436,0.6753630517879478,0.508061924884137,0.5345663832153176
624,0.5417480239060022,0.6399813432515044,0.2861780945008306,0.23899004002563848,0.6017391682292749,0.5316427554722161,0.5152978692445908,0.6694453744431379,0.5066088790696643,0.5348332345734725
625,0.5514094340492337,0.6252078035397601,0.2892041640665447,0.24085770461246875,0.589713827962298,0.5300410566732404,0.5276164424658981,0.6626520435779774,0.5053110783409757,0.5350313542188512
626,0.5847923075305642,0.5699792845595097,0.2915982838662998,0.24632284808510774,0.5420150579842791,0.5278224162454532,0.5680549589466872,0.6341696140465981,0.5048387692793324,0.5346385017928811
627,0.5869144198523748,0.56561131510786,0.29434326224659796,0.24792450929703333,0.538581504426259,0.5262527285218084,0.5717556540640426,0.6329194880525169,0.5038865002386383,0.534765188800898
628,0.6035922955272912,0.5333409648551555,0.29665415138613976,0.25266803699948004,0.5107922484254492,0.5249295028050047,0.5934894777081656,0.6167267924742367,0.5037906064381725,0.5343114229430371
629,0.6055264284476244,0.5287375093183286,0.2991792531464964,0.25444722340176323,0.5071312232061825,0.5229912491986116,0.5973023762418859,0.6152093339003843,0.5030061684550936,0.5344539007916899
630,0.6074003928174261,0.5241257510788628,0.301706250062243,0.2563084901669854,0.503485060260422,0.5209948286214146,0.6011184821104836,0.6136317526307942,0.5022548093372201,0.5346122068559198
631,0.6092108552385829,0.5195097588660984,0.3042318511909413,0.258249676239132,0.49985489064334043,0.5189393158772798,0.6049351589615974,0.6119959395424921,0.5015371026731895,0.5347862628502944
632,0.6457933539808429,0.4315680178541741,0.30529418832041477,0.2735637996669781,0.4240051425784778,0.5207733729691186,0.657285751963098,0.5659106442766423,0.5050448568753015,0.5321524390516744
633,0.6467440267477109,0.4271851060889859,0.30697155913140517,0.27548041529645995,0.42004733983136194,0.517419594021652,0.6611825229761452,0.5642825773704352,0.5046851528793685,0.5323854003181608
634,0.6516834078124131,0.41100345316206377,0.30842674766024464,0.2797866630140184,0.4055649780152119,0.5148053167186539,0.6715020755212878,0.5565412744144344,0.5051856432535292,0.532098099169945
635,0.6522914946678818,0.4068672668995393,0.30992402210453,0.28174968323866256,0.40163720323490976,0.5110439840136325,0.6753619449761323,0.5549752454524333,0.5049027418990123,0.5324052799954264
636,0.6527891093832572,0.4028054583612176,0.31139052238870457,0.28374986099164834,0.39773813775803635,0.5071816623184118,0.6791983506635505,0.5534107326003534,0.5046365055615409,0.5327466053085865
637,0.6531753425461703,0.3988214900895138,0.312824715616512,0.28578469296490533,0.39386762647875434,0.5032198662246382,0.6830094060530914,0.5518508676104782,0.5043868971998927,0.5331221296124766
638,0.6545970535816594,0.39131219964354574,0.31416032009917144,0.2887384712560442,0.3867649166753139,0.49941100439755837,0.6888457626315007,0.5483844301268233,0.5044421668696164,0.5333580227344109
639,0.6665204990408023,0.34654050677649395,0.31490721374451525,0.3025661173465694,0.3431163991424542,0.4986456386377222,0.7154945763008151,0.526255974811557,0.5085000078299147,0.5312035668543375
640,0.6696447935767225,0.32924916257302966,0.315627107376827,0.30971338863580195,0.32284463172536293,0.4949855067104068,0.7270501357199128,0.5190170094099704,0.5106511885018068,0.5303647226866884
641,0.6687629362957798,0.32712412656167134,0.3161850523822658,0.3114219792184373,0.3190718885920715,0.48922434168442697,0.7305310002158348,0.5185937280818809,0.5106181918081156,0.53098896073869
642,0.6682235357308711,0.3231962455385053,0.31671771634073104,0.3140114164678102,0.3128484173091019,0.4836074006740768,0.7350547969150043,0.517458786341035,0.5109598642240676,0.5314302376799408
643,0.6688332291796968,0.31364842528995085,0.31729922852606823,0.3199954477004815,0.2976399934958546,0.47869388637288024,0.7429392545343155,0.5145678587837061,0.5128376232116261,0.5309778416813199
644,0.6674292327653619,0.31246313623895294,0.3176061007913197,0.3215404031892505,0.29403576798041636,0.4723416696496329,0.746089859769149,0.5147240763873195,0.512813600263422,0.5317721171025765
645,0.6663397915947515,0.3093848832823465,0.31798122995392913,0.32472702360176403,0.2864214690854601,0.46629484805707244,0.7504364864783136,0.514561228412187,0.5135508054797272,0.5321438435458907
646,0.6646743226569077,0.3086441060550666,0.3181949429581863,0.3261909714187324,0.2829274806984023,0.45972320356582513,0.753366013212628,0.5149888671323692,0.5135160275369731,0.5330412946810636
647,0.6629097757988032,0.3080256128643969,0.3183858509704779,0.3276373674807839,0.2794751998902993,0.4531007797198342,0.7562104843460978,0.5154842900101212,0.5134746439125483,0.5339857904589007
648,0.6611453466400079,0.30612058791029306,0.31937305668745525,0.33568448379894816,0.2618133628325894,0.44779302647843816,0.7602797948224248,0.5191663099068464,0.5168826552676234,0.53279069331541
649,0.6589941688441499,0.3066185505800984,0.3194126863238494,0.336828177415975,0.25866493623623443,0.44082232181674824,0.7625162374169323,0.520416899961714,0.516799757161027,0.5338393976197172
650,0.6567576862346424,0.30722590199299055,0.31944340954452377,0.3379420689138445,0.25556939416218544,0.4338370242129074,0.7646381794456935,0.5217332051900113,0.5167059337535517,0.5349325827410111
651,0.6390368160628445,0.36867765292266286,0.32599232733997197,0.3473698839568981,0.24000173847051098,0.43108888700342923,0.7181816762543906,0.5740253831690911,0.5285857366684685,0.5258759887661866
652,0.6318006978190486,0.3877119973274121,0.32763994766755217,0.34630107882084804,0.24169737114985967,0.42546609589672507,0.703054122783124,0.5879867053333048,0.5297119412251875,0.5250369837921838
653,0.6290334098644135,0.3910501649059551,0.3281498191532639,0.34616592544977304,0.24065822462550135,0.41944927449517777,0.7019079886948288,0.5908323083027847,0.5291184124944139,0.526017292002784
654,0.5990215310869018,0.473699349853028,0.33448330032859375,0.3317525760037158,0.2695183106593481,0.4176682535610506,0.6160730143833991,0.6455699935143311,0.5339914931783398,0.518954725332417
655,0.5962124373576949,0.47714220915017475,0.3358611888601007,0.33098589553588154,0.2700352188280306,0.4134021975670556,0.6131076670100756,0.6482862531977732,0.5329485284488934,0.5196990646744363
656,0.593391166845116,0.4805304209722365,0.33730937874774025,0.3301686946021455,0.270608634547615,0.40921368129241664,0.6100107788318806,0.6509671091535928,0.5319013349823212,0.5204578657326739
657,0.5476321927962295,0.5734891210776056,0.3438797254782098,0.29584261673336293,0.3303723078930479,0.4112074448323693,0.4856841944702173,0.7097852226271867,0.5336295858174833,0.5130584721855931
658,0.5375565118537473,0.5807033688866915,0.35862499446362905,0.29242553728470794,0.33711547854957197,0.4016122362643428,0.47356808618795093,0.7188026271918514,0.5256117059871933,0.5153292197092045
659,0.4954335340192753,0.6403895620083786,0.3618167639642241,0.23188148596273916,0.4228866580671627,0.40058907830885293,0.3673312467329705,0.7748584505171465,0.5204609704007828,0.5110955778191411
660,0.49537587685423123,0.638964746798918,0.3664244481141222,0.2325789351354553,0.4236187425363357,0.400178970624065,0.36882701968011555,0.7765710659142396,0.5181803759444864,0.5112844164754665
661,0.49537770932187114,0.6374446278843257,0.37106604570433493,0.23335822978210122,0.4242986600551454,0.3997635637955934,0.370412059797934,0.7782012219557832,0.5159536739170867,0.5114778524600849
662,0.4954377124272738,0.6358309685878151,0.3757380457361781,0.23422109113797815,0.4249269775680552,0.39934329900919535,0.3720850161017979,0.7797475212644294,0.5137841871200759,0.5116753523302946
663,0.49555449214819725,0.6341256308859594,0.38043690795238727,0.2351691158906898,0.4255043255303055,0.39891863285915846,0.3738443864443808,0.7812085217490918,0.5116751647030964,0.5118763776189307
664,0.4957265828539243,0.6323305766394077,0.3851590650338278,0.23620376805125756,0.4260313930145924,0.398490034747221,0.3756885235019757,0.7825827390010496,0.5096297741381133,0.5120803860131581
665,0.49630112473900967,0.6299173088869497,0.3897951527417098,0.23684943651357807,0.4271858918385788,0.3978643028972798,0.378506120013812,0.7839859174403201,0.5074829322973458,0.5123506193413955
666,0.49662238067057574,0.6278972039178292,0.3945568825802037,0.23811512637578242,0.4275716816007182,0.39743015540422616,0.38061222927944455,0.785152832110234,0.5055694644392165,0.5125570909064169
667,0.4969931736163102,0.6257949979870496,0.3993295846222276,0.23947135386980858,0.42791021252730005,0.3969932470512823,0.38279589778122136,0.7862265619809536,0.5037289721653783,0.5127650044756518
668,0.49741173235140734,0.6236131034658282,0.40410958698443233,0.24091888562937905,0.42820239355724043,0.3965540825106901,0.3850548815840969,0.7872054830858212,0.5019642058591441,0.5129738040953125
669,0.49787623569215295,0.6213540342209242,0.4088932038561042,0.2424583204055987,0.42844916554589446,0.39611316800453505,0.3873868346843198,0.7880879543009996,0.5002777962459857,0.5131829357075378
670,0.4983848168082946,0.6190204050302557,0.4136767377980197,0.24409008423090028,0.42865149705172156,0.3956710098559292,0.3897893179207303,0.7888723231795846,0.49867224801853227,0.5133918482304446
671,0.4989355676089065,0.616614930667853,0.4184564820960511,0.24581442621979993,0.4288103803300647,0.39522811323493284,0.39225980818562045,0.7895569322548092,0.4971499338072694,0.51359999460714
672,0.5155410475215075,0.5911295376489902,0.4204456877729094,0.25184673398979474,0.4295717772256384,0.39080105955257566,0.4357314797791004,0.777499790309875,0.49276560459962027,0.5154610555196129
673,0.5450121671521287,0.5429161512495887,0.419773645358268,0.27858975798352287,0.41233546781865044,0.38671921759958416,0.5165307906665499,0.7343467597802167,0.49021705420065764,0.5163615181406819
674,0.5463573663722552,0.5393285007967528,0.42333455826618177,0.28202937542679596,0.4107425870833621,0.38538272210727587,0.5207799905720111,0.732479457340892,0.48919025450039466,0.5164458913909172
675,0.5881418499465704,0.456228898524865,0.41743588048929475,0.34663972296873957,0.3614184210318829,0.3840299152104736,0.6526882070697302,0.6316898906287298,0.4916545951024629,0.5146101823672138
676,0.5889122167351681,0.4532407266484724,0.4191788900428908,0.3499867355531951,0.35882251439157886,0.3809177044635184,0.6566985161788351,0.6288231844294303,0.4911260886755859,0.5146733917307229
677,0.5896102739480865,0.45032664725115096,0.4208525754723506,0.3533333424298558,0.356257793520554,0.3778000843591309,0.6606997618111093,0.6259331474875669,0.49063770585428224,0.5147556591517543
678,0.5902352956483359,0.4474892973881669,0.42245688998577463,0.356677556558156,0.35372564324752065,0.3746805156329311,0.6646919906440364,0.6230242929684527,0.4901891190401957,0.5148565616963062
679,0.5994307835083794,0.42393503166111923,0.4215717707172563,0.38228617199137194,0.3348751587124367,0.37267571949693074,0.7055369300813134,0.589720541816388,0.4919371863294383,0.513756527257901
680,0.6098020887894697,0.3948560227927883,0.42051504581574073,0.42370776114047204,0.3033618056639333,0.3716437228754309,0.7656503700621837,0.5453646626906031,0.49651702401874126,0.510994091674387
681,0.6079043008319172,0.39391970052941133,0.4216555226848268,0.4272435300425587,0.2979298252844796,0.3570552916923942,0.7707085039064586,0.5449501912619831,0.49544440175559334,0.5119789514756495
682,0.6073817970390875,0.3930701700679855,0.4220016344918516,0.4297423120878985,0.2953112390140411,0.35246471913060173,0.7741499703965448,0.543715173560728,0.49528642898288366,0.5122490252252532
683,0.6067838240009606,0.392318075139013,0.422316778363046,0.43220900357482944,0.29276310582245857,0.34792148313549254,0.7775521645738601,0.542554040246171,0.49513660488692396,0.512546398986131
684,0.6061113779872375,0.3916627704489439,0.4226025886127906,0.434642544519331,0.2902873047675962,0.3434309211743866,0.7809123209275661,0.5414684460072395,0.4949946444835294,0.5128704855282558
685,0.5994664370047889,0.40777521002582673,0.4336088760621126,0.4872025497064477,0.25010776649022315,0.3451540867534082,0.8225308235381228,0.5448607869153376,0.5063750557360923,0.5050719611167717
686,0.597991410615171,0.40942401046507326,0.4339523139816256,0.48775405095519164,0.24826476296673178,0.33970719226529494,0.8229505018155777,0.5470709909758033,0.5060138267753634,0.5054190644740114
687,0.5964716999067776,0.41110871783059066,0.43431931455119255,0.48823057507722156,0.24652318568373674,0.3343604630133301,0.823205333896482,0.549313339387016,0.5056446520244111,0.5057956629806003
688,0.5869905052807437,0.433773462944504,0.4405593744784322,0.4869762699259275,0.24109481207049122,0.33067044084718084,0.8001847195236439,0.573584082432408,0.5081360383435634,0.503650115157477
689,0.5730947441921157,0.4653294632490985,0.44783830877459785,0.47381421503545657,0.23995803538615226,0.3271449434867262,0.7507065749076078,0.6073235628903332,0.5102912373382131,0.5012250680068301
690,0.5349455411092536,0.5403528757415348,0.45876375813573533,0.4048136327313373,0.25567302129477504,0.3244321841253002,0.5721727079678025,0.6867592474445791,0.5124907966984295,0.49652921788519644
691,0.5333507054674193,0.5414170629853845,0.460958021218249,0.40234595567907677,0.2560025372947787,0.3213271531270671,0.5666960116573985,0.6886918855015903,0.5112259458307578,0.49680448573165364
692,0.5317727746321386,0.5424082992956141,0.46319690302483263,0.39982386327098995,0.25637053220053274,0.3183092733610037,0.5611514027417486,0.690574346843886,0.5099967177747953,0.49709297879668485
693,0.5302127893806247,0.5433261255386821,0.465479922298981,0.3972506025971291,0.25677440227566395,0.3153787903046584,0.5555446659436983,0.6924075765701033,0.5088057410385386,0.4973944734449947
694,0.5286717659785853,0.5441701807354011,0.46780657257827324,0.39462954666008593,0.25721157272832845,0.3125358974983678,0.5498816315017567,0.694192575563205,0.5076556297906,0.4977087525013649
695,0.5020322268622527,0.5842077265009337,0.4712492989901289,0.31479643490940573,0.28004119101155656,0.3081608804683568,0.39334671641283236,0.7522178965403906,0.5045461285939697,0.4972813893802403
696,0.501139186439468,0.5835348865783179,0.47471745122312553,0.31279520081156864,0.2807440635769258,0.3067798682142274,0.38936278624895765,0.7537827894261587,0.5031428534489558,0.4975235959521356
697,0.5161899498694458,0.5545356079739677,0.47162393065802677,0.26277898397297245,0.31314037150807783,0.2972672450962719,0.38887555475049773,0.7990406248790182,0.49270832709620166,0.5016124137969982
698,0.5259875806259153,0.5366500893801263,0.4726791876425883,0.2789392583418595,0.3119186046710971,0.2965439771737493,0.4294336976242783,0.7828971223415926,0.4905550645652151,0.502372900323954
699,0.5269178751196547,0.5334699648654857,0.476111961921462,0.2820431044133629,0.3113542838864427,0.2962426786997401,0.433882530339403,0.7816633162727677,0.4893062897879665,0.5025689701972315
700,0.527826934732136,0.5303111814224207,0.47945816454184176,0.2851852991266669,0.31079653422094045,0.2959622052182583,0.4383601630180664,0.7802841461116551,0.4881567226445733,0.502772091722767
701,0.5552494249900998,0.4789458755038711,0.4696916252027379,0.34918022413143973,0.30180857531434063,0.2956328806018934,0.571519998045404,0.6981194618842089,0.48654129832749327,0.5039762690473449
702,0.5558744291215774,0.4763639331850044,0.4714369256459534,0.3526903477123067,0.3007852938363589,0.2945250209442931,0.576346463629777,0.6949709892889612,0.4858723759747897,0.5041818053035747
703,0.5561231712655315,0.4730773808676209,0.4752285596243196,0.3570857867988037,0.2992539883323485,0.29242384451993736,0.5811299273378222,0.6920253985916474,0.4847130503099964,0.5046175229714496
704,0.556605491682231,0.4706786865634072,0.47675455489279406,0.360592945211608,0.29837220967674205,0.2915068273828981,0.5860094805567649,0.688703425124708,0.4842411570925302,0.5048537826861281
705,0.5570345925448885,0.46835611214682965,0.4781901033368118,0.36409564915006815,0.2975353687123301,0.2906448693019493,0.5909033428701588,0.6853230168392115,0.48383857449966183,0.5050978429117036
706,0.5754919942044378,0.4280180143150867,0.4635405174384506,0.4540492731448303,0.2829257379683215,0.2915551232264738,0.7410581781066063,0.5765413826640003,0.48676991431025923,0.5036506744067909
707,0.5752445618096118,0.42733314531162,0.4636678243817639,0.4569320804974513,0.28197839761660176,0.28952069610237763,0.7452412403186168,0.5741472729173099,0.4866863241090897,0.5038369858675034
708,0.5749388709685527,0.4267339774221222,0.46375791865144494,0.459782615059366,0.2811190314263722,0.2875871334627399,0.7493977589527638,0.5718182459060129,0.4866248818811352,0.5040372933560073
709,0.5761224978070628,0.42282269205886347,0.46222967643504514,0.4821679091063345,0.27688893911421647,0.2862064320724904,0.7822912188277034,0.5527516025251814,0.4879653945893903,0.5033004801550133
710,0.5755731730151527,0.4227863607527555,0.46218227739907,0.484683837806647,0.27622004399915795,0.28418299963111615,0.7859734291318178,0.5512505722958713,0.4879398725857781,0.5035026471179159
711,0.5749708107004852,0.4228266053998328,0.46211828817758,0.4871582545741722,0.2756496701310671,0.28227813215957864,0.789597556974684,0.5498331061817686,0.4879256925862975,0.5037186444395542
712,0.5744380580541625,0.4228238852764109,0.46198683792142825,0.5005147971517304,0.2734495843249942,0.2806606312571809,0.8080678928361963,0.5417723878901832,0.4888551948631518,0.5032337753361282
713,0.5736654572799512,0.4232377048249074,0.4619104448233901,0.5027075374135134,0.27309910713928753,0.27883539927915046,0.8112140190044675,0.5409959161516028,0.4888426921958798,0.503455775646804
714,0.5728458001271994,0.42371744216449597,0.461831783123311,0.5048507335163397,0.2728521211892026,0.27714144167895555,0.8142740975453818,0.540306383251682,0.488835372876316,0.5036906683353526
715,0.5719804124775564,0.4242611258536265,0.4617527828243052,0.5069431838422659,0.2727087991081537,0.2755812947553201,0.817243187425042,0.5397033814063529,0.48883280188949524,0.5039378354462137
716,0.5710706647911609,0.42486672094778377,0.46167535104623175,0.5089836631375465,0.2726691972959031,0.274157351576965,0.8201163441539765,0.5391863545196246,0.488834548979085,0.504196650276039
717,0.570117970128087,0.4255321339133793,0.46160136908228344,0.5109709239989568,0.2727332567599318,0.27287186087672405,0.8228886358638731,0.5387546044890238,0.4888401890890938,0.5044664786422771
718,0.5691237821436159,0.42625521755472806,0.4615326895339875,0.5129036986890761,0.27290080423298707,0.2717269260621065,0.8255551595059378,0.5384072979198808,0.4888493028152961,0.5047466801665268
719,0.5603073773618245,0.4467718645124057,0.47251685388904446,0.5457892385424199,0.26896313843823844,0.2700628930796437,0.850300129986375,0.5482965121946821,0.49412110499194906,0.4999070478651672
720,0.545433006828082,0.4796230462018769,0.4892782744157974,0.5417160148533499,0.26549533624067456,0.2684101963539794,0.8009476996169285,0.5911110291915833,0.4988908802453042,0.4944622839780375
721,0.5406850305284208,0.48865668397538214,0.49380209684847987,0.5346912990825603,0.2653929392268273,0.26683108075632594,0.7776463211690974,0.6046214527540885,0.4991881167854162,0.49330999058770625
722,0.5395025085051578,0.4899822035521595,0.49502043643561494,0.5331559065534593,0.2661551311217452,0.2653359144429082,0.7735478841081884,0.6071528213609753,0.4984012960739521,0.4933334098750793
723,0.5383221942660796,0.491275968194574,0.49627095521752035,0.5315224552712341,0.2669961470313521,0.26397902301822973,0.7692949136013638,0.6096600504279501,0.4976211026120268,0.4933698353987495
724,0.5371450908157356,0.49253672879088206,0.497553135944702,0.5297918192569269,0.26791340395723956,0.2627603508859077,0.7648907179679407,0.6121419153126544,0.496849300018403,0.49341922034555546
725,0.5359721875888053,0.49376330631323684,0.49886644320966145,0.5279650132786158,0.2689042713384886,0.2616796887192161,0.7603387996525808,0.6145973528131973,0.4960876757040602,0.49348152092076175
726,0.5256729540907403,0.5135480120088888,0.5077111850640245,0.498416907307262,0.26876583902100804,0.26103210959253526,0.6840577894430191,0.6462385865588172,0.4972968159113613,0.49095453512444587
727,0.5211375299148843,0.5210583789532671,0.5115331501093274,0.48251155437433446,0.2693624485823424,0.26044042247519644,0.6467323766544686,0.6595893193886049,0.49696557510193934,0.4900695321533943
728,0.5201412302562162,0.5216089456623252,0.5132773089716326,0.47951734807635427,0.27040631845865915,0.25971816254467517,0.6403951368276233,0.6617218763143784,0.4959304174902952,0.4900985244670738
729,0.4939442904584808,0.561666859489573,0.5198981868853992,0.2912302186973345,0.26635123045538744,0.2681049013575691,0.2844842806407069,0.7956030298760327,0.49731384762321135,0.4843055825764368
730,0.49396468691880513,0.5595013155379641,0.5231047889850889,0.28971638201100625,0.2665266173602997,0.2682015032058076,0.282185007106866,0.7975931845879356,0.4955584133790476,0.484417086229976
731,0.49400054693737744,0.5573073158301031,0.5262969905861263,0.2882620094194609,0.2666907723794792,0.2683261870441241,0.2799811332474299,0.7995047577200395,0.4939185215803471,0.48453793272403506
732,0.4940508583390239,0.5550881208107868,0.5294726231801543,0.28686917401763184,0.26684324391237785,0.26847815917063367,0.27787410231793236,0.801335313678346,0.49239748758043944,0.48466741702091626
733,0.49411462085874674,0.552847033340696,0.5326295047085655,0.2855398589912727,0.26698363406630254,0.268656629973455,0.27586532514309303,0.8030823687306138,0.49099843281101413,0.4848048431219974
734,0.5112926989705203,0.5178190532829232,0.5329048767836495,0.30066976085150154,0.26607329452413214,0.27436640522437483,0.3564548734106131,0.8144610308793319,0.4860944366744873,0.4880737025959953
735,0.5116813810988863,0.515268528313158,0.5354309979820577,0.3024773156899753,0.2660417053759766,0.2750978518050975,0.36008694056290774,0.813723969317345,0.4851697473880133,0.4883488812749224
736,0.5120518790077351,0.5127591921660235,0.537868772243524,0.30433066710412193,0.26602282804877636,0.27586023769270596,0.3638097702787238,0.8128319377175194,0.48436938878470787,0.48862860051511575
737,0.5124033668137404,0.5102940560766791,0.5402164911517962,0.30622918778552405,0.26601784474520845,0.27665404855813036,0.3676229334377521,0.8117861554393223,0.48369369776114984,0.48891175395262854
738,0.5127350793238121,0.5078760436532901,0.5424725326648397,0.30817221582669524,0.2660279609366687,0.2774797561471881,0.37152585368590624,0.8105880084717128,0.48314280464447223,0.4891972535587817
739,0.5130463121146397,0.5055079857095258,0.5446353631989391,0.3101590554041644,0.26605440388203105,0.2783378180301137,0.3755177994395004,0.809239048024135,0.4827166344828093,0.4894840312187185
740,0.5133364215055201,0.5031926153124512,0.5467035396824345,0.3121889774028987,0.2660984211133518,0.279228677560462,0.37959787625433444,0.8077409888405647,0.48241490879045157,0.48977104025032875
741,0.51360482442696,0.500932563061382,0.5486757115748975,0.31426121998147644,0.2661612788940174,0.2801527640499362,0.38376501960873693,0.8060957072415452,0.48223714773823917,0.4900572568635235
742,0.5138509981876161,0.4987303526122963,0.5505506228471128,0.3163749890780761,0.26624426065465406,0.28111049316391146,0.38801798814814764,0.8043052388998185,0.4821826727783975,0.4903416815599069
743,0.5140744801422584,0.4965883964614141,0.5523271139168949,0.3185294588579758,0.2663486654118485,0.2821022675405378,0.39235535743711514,0.8023717763558074,0.4822506096918,0.49062334047302003
744,0.5350746473425344,0.4568990733535413,0.49608399564432204,0.5018399321133142,0.2749985208834479,0.268041720150869,0.7385605285175014,0.5816176487752345,0.4827616103328187,0.4897228881661464
745,0.5349224835048869,0.4570006109814793,0.49536563401963063,0.5045141241774234,0.27668483156447754,0.26950773705364406,0.7433663459966278,0.5786787571582673,0.48304446155551817,0.4897733439795749
746,0.534739123861147,0.45715871100791966,0.49463056001141176,0.5071476626822828,0.27846884584876724,0.2711024626783912,0.7480882340197386,0.5758148605581137,0.48334493163664427,0.48982683842203
747,0.5345252314519486,0.45737199725243244,0.4938813102079107,0.5097390802752939,0.28035006347977975,0.27282678340654254,0.7527193871325124,0.5730280231175522,0.48366175017499036,0.4898829186685726
748,0.5342815094288369,0.45763903533915684,0.4931204116348777,0.5122868768063882,0.2823278947102068,0.27468150815994763,0.7572530132961492,0.5703201354017784,0.4839936474440889,0.4899411392444289
749,0.5340086995539662,0.4579583365307123,0.49235037777688373,0.5147895222065533,0.2844016614379798,0.27666736725528085,0.7616823547180688,0.5676929163547467,0.4843393561442975,0.4900010625026316
750,0.5337075806706272,0.45832836158288404,0.49157370464927935,0.5172454596772298,0.2865705983454579,0.27878501085902124,0.7660007086530125,0.565147915742096,0.4846976131364434,0.4900622590895444
751,0.5333789671458491,0.4587475246091784,0.490792866927666,0.5196531091791224,0.28883385402606515,0.2810350070226129,0.7702014480854031,0.5626865170555225,0.48506716115629434,0.49012430839732957
752,0.5306803473861857,0.46473392672987857,0.4847303604420928,0.5587190188095599,0.29623465332094023,0.2756525148288419,0.8284441602035127,0.5328697217383939,0.4867817509913113,0.4884154500641182
753,0.5069049061950035,0.5128465268301682,0.5312964642757249,0.5557825533541386,0.3150533151199796,0.27093150814691147,0.7343333392726913,0.6256779135270996,0.4914970936675713,0.4836971654794293
754,0.4934834772666524,0.5357216966336003,0.5549388202243732,0.393039143929091,0.31736226920551575,0.29509356325647407,0.41187731916616865,0.7474509712475071,0.490597787001148,0.48516984316593703
755,0.49343210428105727,0.5342659595976149,0.5569890621917563,0.3893302135407679,0.31826950675259397,0.29573236151171306,0.4057932352279827,0.7491853654006295,0.48964408872384535,0.4852289625833351
756,0.49334274207129764,0.5328296934316412,0.5591400994472873,0.38239906569205834,0.31901891983691705,0.2969981075645036,0.39429545691635276,0.7528215258695496,0.4887734680826882,0.4853490385399982
757,0.5003039478456195,0.5162488667484528,0.5661299817443729,0.29492576504222406,0.3074762212681122,0.32033465916311554,0.28190715925661636,0.8217153030517247,0.48592529068328283,0.48814408072127424
758,0.5003674652790138,0.5140295762851299,0.5683851292840979,0.29431404742552597,0.30729033902947867,0.3209851169917997,0.28150972929590784,0.821927710473958,0.4859616960009114,0.48838996946760954
759,0.500420605833849,0.5118501513281277,0.5705842358691332,0.2937758691790053,0.30709167835751056,0.32164187133155314,0.28123081803879174,0.8220071455413683,0.4861490260034756,0.4886290628215306
760,0.5004630156225529,0.5097134442367556,0.5727253499008652,0.2933120463787853,0.3068806574613648,0.3223040848661981,0.2810718672740052,0.8219523573651025,0.486487311042097,0.48886058941323984
761,0.5004943794817189,0.5076222289756056,0.574806543918608,0.2929233093811492,0.30665773609602415,0.3229709164072887,0.2810341898894556,0.8217621783225166,0.4869763179560869,0.48908381858304883
762,0.5120262648089584,0.483490509824198,0.5680856914795731,0.35951892349566655,0.2939597615475533,0.32109939284061767,0.43626502449687765,0.7795239124691626,0.4872921206801097,0.4882302835023856
763,0.5137106657819327,0.4789354899679632,0.5632526875386898,0.38050338392833594,0.2929049854749919,0.3196640883478853,0.4787592837861769,0.7572408356385923,0.4884095698451211,0.48810633459951397
764,0.5136739592255228,0.4778539602400464,0.5633727453384311,0.3829327653021021,0.29349403929812545,0.3210777822658356,0.4841138154661873,0.7536101314347213,0.4895955875252548,0.4882744641624477
765,0.5136154678832872,0.4768455105396457,0.5633987764995684,0.38538255543625033,0.29412470626776105,0.32252610178968666,0.4895105354569331,0.7498940138282945,0.49086467762301467,0.4884356294890813
766,0.5135354037348454,0.47591041539754764,0.5633315952906212,0.38785142332533923,0.2947981267976274,0.32400960145140384,0.49494382942158227,0.7460968539050958,0.4922139910458986,0.48858932054616583
767,0.5134340200068165,0.4750488295280301,0.563172122437218,0.3903379918766975,0.2955154390185645,0.3255289005037567,0.500407875488958,0.7422230708246895,0.49364059027044094,0.4887350597450008
768,0.5137424111183206,0.4734496718722783,0.5599568081103592,0.4014126486131645,0.2957065861967031,0.32536741795055407,0.5224600283778702,0.7287625687456964,0.495227657335812,0.48860589063505666
769,0.5136009309547585,0.4728188186728471,0.5594828897972788,0.40400375588638743,0.29664719379470983,0.3270555048985466,0.5280718748739284,0.724640314964694,0.49677485566200286,0.48872640432850734
770,0.5134391615845139,0.47226000829881504,0.5589233417666963,0.4066034485064371,0.297639039971944,0.3287866829568809,0.5336846065176121,0.7204650852977881,0.49838449302853,0.4888383198770329
771,0.5072329995077138,0.48328325954374324,0.49083095969037627,0.5814447720877609,0.3112875968439033,0.28160892821364014,0.8230073955213487,0.5267204206220735,0.49892626610359697,0.4882551441585248
772,0.5072240498127523,0.48411595133332025,0.49039898331046256,0.5827154126841892,0.31547122112967685,0.28552155457271433,0.8242062193468811,0.5262926957562173,0.49896301555538664,0.48816795862497225
773,0.5072095286863785,0.48495485558877727,0.49001872588262857,0.5838991142325007,0.3197345839794157,0.2895708019109988,0.825220285531838,0.5259736491760905,0.49897662885756744,0.4880809086791913
774,0.5071898388309439,0.4857987656919041,0.48969105195536183,0.5849948415361621,0.3240743240441827,0.29375504346668485,0.826047653287727,0.5257612736212266,0.49896722852632586,0.48799396303309833
775,0.5071653861631984,0.48664649696233947,0.4894167230169672,0.5860016338889857,0.3284869901824472,0.2980724467058354,0.8266866589091909,0.5256534606558856,0.49893499251632034,0.4879070910266556
776,0.5071365791557706,0.487496887872351,0.48919639754466887,0.5869186115397181,0.3329690445243619,0.302520966687087,0.8271359203746264,0.5256480090586643,0.4988801540128459,0.48782026260730743
777,0.5063574367097388,0.4897737965537088,0.4898243121738742,0.5909538437762717,0.33894839357199535,0.30567078974509426,0.8298858707926934,0.5262523275272962,0.4985614704284111,0.48804747717468566
778,0.505574927991601,0.49207238205375337,0.49110813528410346,0.5941278261418649,0.3450872743815301,0.3091206645524495,0.8308693763944807,0.5282205145835989,0.498132585407414,0.48829402702943536
779,0.5055592887349781,0.4928955370589586,0.4913368363293851,0.5944269085206326,0.34981939454438565,0.313959403664797,0.8300761726098003,0.5290428796515857,0.49786489317254057,0.4881994833653557
780,0.5045327642632204,0.49568321467076315,0.49409302288620505,0.5968908619711236,0.3566795586623128,0.3175432994613612,0.8284084890422956,0.5336561476760924,0.4972211136199157,0.4885852871730604
781,0.49929858773704844,0.5069566738991264,0.5157603537384674,0.5928533482455438,0.3742427283180831,0.3207402109222544,0.7907328704541479,0.5735001804262757,0.4947490584005822,0.49160477009939857
782,0.49937227432523856,0.5073730743940641,0.517154524967843,0.5912594935855857,0.3787631623442414,0.32537547877858614,0.7868804816530192,0.5760563096287151,0.4939772420639332,0.49150162042460127
783,0.49945042059073114,0.507769996594328,0.518586113309414,0.5895813635183816,0.3832884502816837,0.3300787461359275,0.7829058553749114,0.5786280992579641,0.49321647651094397,0.4913956651033408
784,0.4959580228345003,0.5162968279406985,0.545896847247557,0.5501527612733034,0.4031446000546933,0.34572869388268845,0.684349737935357,0.6386358948216035,0.49070241978204476,0.49446823758999386
785,0.49563279504981583,0.5172987816952098,0.5524998111669256,0.535196146609873,0.4102871157216592,0.35368187435494364,0.6528501894307249,0.6540180001692192,0.4896328985339997,0.4949624632353727
786,0.4957655488264182,0.5169340138054834,0.554336167060345,0.5319832970288786,0.41363601867099614,0.3573142016416794,0.6470389853597027,0.6566492540672774,0.48890993953544537,0.4948735600501975
787,0.49590350378375797,0.5165544716280281,0.5561724762679603,0.528740991444414,0.4169590491798726,0.36096635487027984,0.6411831900338628,0.6592329058433253,0.48825403745910145,0.4947770424131172
788,0.49584153879450865,0.5170100280522266,0.5621475112225746,0.5121026801919303,0.42394038647381166,0.3697463894352905,0.6079025339913631,0.6737999766097077,0.48755785955038294,0.49503613911656347
789,0.4959865453106028,0.5164731175299476,0.5639626812630038,0.5087087810470577,0.426960627058023,0.37320366986260495,0.6018737440962532,0.6761710632482673,0.48709657616918245,0.49493059474669343
790,0.4962169007704937,0.5168727326787831,0.5727610867350951,0.47376216216277467,0.43831126608359994,0.3902664512903285,0.5344481430560102,0.7029370093215308,0.4868416584903634,0.49511753983155876
791,0.4980772449759981,0.5145948619482794,0.5823190074530823,0.4044357707426373,0.45745676799422064,0.4278945702933969,0.4100735033316675,0.7500767213019551,0.48800629528362544,0.4942569319780428
792,0.49837460676585144,0.5129512111825605,0.5842254166170732,0.3969406946999729,0.45992387359321857,0.43304502608149065,0.39713495387739756,0.7544172667780263,0.4886185997857467,0.49402751528002775
793,0.49844258880933995,0.5116184742481592,0.5857507497982358,0.39420147965718916,0.46114572769622286,0.43522108888080313,0.3921387939703395,0.7553789751736927,0.4892331129374012,0.49394999039415616
794,0.5002889214091641,0.5073876505332274,0.5890103667053477,0.3672530124700408,0.46835641446368964,0.4565806640085623,0.3481921091046497,0.7753367990408954,0.4915844622310971,0.49207485018633657
795,0.5011110157478456,0.5044488041629872,0.5909866989571456,0.3592943934690625,0.4702682737679434,0.46524680354313197,0.33583173623332063,0.7820780342647389,0.49351904405829666,0.4910728879208278
796,0.505921416224266,0.4914949207820274,0.5900567536061844,0.38778924285953914,0.4540598504391993,0.47945595995398693,0.3985477843223054,0.784154114870921,0.4996037755545702,0.48456708466558424
797,0.5059075002585739,0.49009069035831665,0.5901662657876198,0.3904745294953008,0.45276464525119925,0.47921778765319945,0.404080217921886,0.7805112204223642,0.5015446548572633,0.4844733775088608
798,0.5065855310489747,0.48572533115892863,0.5794371719680099,0.4324246569268602,0.43386974591114374,0.46340763366534704,0.4827543329936977,0.7448005490092442,0.5043348329023187,0.4828885539112448
799,0.5061497322228187,0.4833201405758598,0.5802744819482021,0.4304634411335907,0.43649183904230854,0.46705771619155684,0.48366289417474767,0.7368215679946359,0.512154224746367,0.48329949822755414
800,0.5060057264138115,0.4827545391161477,0.5797499408081606,0.43185077270024036,0.43618842217338344,0.46690104770373997,0.487310263937367,0.7329395466080055,0.5142892959253925,0.4833439869550064
801,0.505851220770772,0.4822470703983742,0.5791579495408117,0.433259582875793,0.43588069996392315,0.4667028044796631,0.4909915273132293,0.7289877497974058,0.5164714098352503,0.4833872953858041
802,0.5056864351589697,0.48179745663309226,0.578499302034043,0.43468794060858734,0.4355705332630891,0.466465611697373,0.49469984289693786,0.7249701821696489,0.518697157928206,0.48342949912373484
803,0.5048430235398812,0.4816388754680521,0.5673879165915452,0.46173113267253,0.42253982934105544,0.45096424778977834,0.5452143058419882,0.6943724256294722,0.5210068737870948,0.48300280281007224
804,0.5031532844005446,0.483005590499574,0.5452663329460522,0.49565963818235903,0.41949692755680024,0.44249847182659724,0.6142954663145624,0.6365910856782568,0.5330195060016267,0.48405712729560657
805,0.5029880925167874,0.4832633490437577,0.5436168990391543,0.49710212659239583,0.4205532760547567,0.44336161572030774,0.6177187816201095,0.6322869803302519,0.5348313364214488,0.48417990617533146
806,0.5028168905315817,0.4835585877638091,0.541939866690524,0.49851078450856223,0.42166405881823804,0.44429589592063207,0.6210135579156018,0.6280164708932366,0.536630821898508,0.4843060580321042
807,0.5024390096179893,0.48414891716793923,0.5388910138034102,0.5021240730774243,0.421831832232734,0.4438100215833396,0.6280814768985689,0.6209836387621421,0.5382975239194001,0.4845527360334695
808,0.5022628912424337,0.4845262909795682,0.5371522190930615,0.503453849990506,0.42315217685960904,0.4450094835157893,0.6310645426362906,0.6168171614693314,0.5400294194041388,0.4846918610714789
809,0.5020818566981213,0.4849368558011813,0.5353940920139464,0.5047426737979582,0.42453478132049877,0.4463011410823567,0.633899617928616,0.6126977997978977,0.541741007042907,0.48483497885106325
810,0.5018962252885562,0.4853794222816689,0.5336188450468031,0.5059888465390998,0.4259816109677998,0.447690803640544,0.6365822113507058,0.6086288879593964,0.5434301654204409,0.48498226060693267
811,0.4977688553974457,0.4911981277391539,0.5107806687169101,0.5381755204828227,0.41764234976967884,0.43093984497899945,0.6904878631442768,0.565031534654028,0.5416440982162681,0.4891844725230966
812,0.4976872931873728,0.4917919610071549,0.5090167595771554,0.5391109803299791,0.4208657383665901,0.434509320599467,0.6918592948673136,0.5618448005951457,0.5426428321696385,0.48944356978318865
813,0.49107017357330346,0.5015374153919396,0.48257001144188805,0.5735413453022877,0.42436268555720985,0.4224673588878574,0.7415456578769584,0.5197956466742355,0.5333463284735324,0.5025811282429685
814,0.4911542871423167,0.5020990804287931,0.4816341032945972,0.573645657880031,0.4297672156596047,0.4288452960063533,0.7404378684322016,0.5188097748153095,0.5332473487167434,0.5029729976396404
815,0.4912420434964547,0.5026564395743613,0.48075580301501414,0.5736694380037454,0.43518448116996067,0.4353066226717696,0.7391411881310913,0.5179379246848115,0.5331080305637569,0.5033647976391522
816,0.4904578266546643,0.5044942446947084,0.478385723112573,0.5763753771495383,0.44158022417619713,0.4406075077621377,0.7402232473315095,0.5156751520261224,0.5309643256586513,0.506223353919101
817,0.4905737640020553,0.5050089645808439,0.47780460210853715,0.5761146504294097,0.4471668609210849,0.44740384400577643,0.7382610046078423,0.5153570040645102,0.5306169262200806,0.5066249483225904
818,0.4906941149018673,0.5055159608829415,0.4772846332549999,0.5757788757717298,0.4527397084490669,0.45424786554282676,0.7361279728146947,0.5151442483716749,0.5302338438811403,0.5070242391598214
819,0.490016962676231,0.5072411540501301,0.4763569510253089,0.5770448473545646,0.45924111494838915,0.46028762854335875,0.734292052454004,0.5154839955942297,0.5277794842021832,0.5099634232244068
820,0.48850464548477,0.5103792099274891,0.477773741921744,0.5781060007614514,0.46710697412812013,0.46534178470268717,0.7276094860140074,0.5215995567060173,0.5220146766866806,0.516822278452918
821,0.4886930904263751,0.5107000808486694,0.47809176245401314,0.5771363812649707,0.47269305648800397,0.4722590377528051,0.7241696926375154,0.522690156124425,0.5211996679040084,0.5172278286669645
822,0.4892223985162237,0.5110639047092688,0.4784801636851902,0.5751440278478066,0.48349771483431114,0.4861262614762453,0.7178193390933859,0.5240805184295695,0.5200318773806825,0.5173818013986952
823,0.488440229539076,0.5132629205714833,0.4840821586779087,0.571694979440037,0.48991384544597666,0.49119175332393333,0.7035470426107046,0.5363734279050976,0.5147012007973047,0.5232731774644959
824,0.48866727924107317,0.5134193477234004,0.4849623756178543,0.5703330383077029,0.4949698970710896,0.4974561170352833,0.699359836444097,0.5381351215031693,0.5137397232902196,0.5236326820439109
825,0.48856892157483534,0.5156219344159191,0.5045583917637472,0.5541678946694749,0.5040340321682891,0.5025721665433323,0.6549225587958041,0.575024020533634,0.5043864863104537,0.5343161496574034
826,0.4887984158013604,0.5154313120538022,0.5061423065085489,0.5524052644670401,0.5080522839304096,0.507182111717959,0.6502252656399805,0.577369949518833,0.5034746463414005,0.534595506483531
827,0.4890334732459163,0.515230907645651,0.5077510658202061,0.5506551604630284,0.5119683807149517,0.5116575006561979,0.6455030910389945,0.5797007835424234,0.5026006157359086,0.5348518261093664
828,0.48927411564820805,0.5150212652895397,0.5093821593177453,0.5489220402169703,0.5157824450310772,0.515996281724808,0.6407609537411023,0.5820126789898454,0.5017668952127106,0.535084524234665
829,0.49058041924504536,0.514505517053749,0.5243715240808962,0.5324738326477629,0.5266599693776073,0.5255222124070639,0.6037487052120419,0.6078310993330964,0.49823434387468185,0.5388678608398161
830,0.49160461234030345,0.513542959776308,0.5326835615369587,0.5223305268955691,0.5360050619946475,0.5343857721052764,0.5818841718368758,0.6214589193399498,0.4970138318592712,0.5400445718323531
831,0.4919471385065632,0.5129194684237915,0.5355644529430583,0.5192364416031678,0.5401757311095371,0.5385671628364346,0.5744135772537936,0.6253037653017446,0.4966570171983187,0.540219566675104
832,0.49213635967657116,0.5123979304128835,0.5373875823755626,0.5176713989979161,0.5430500465414578,0.54150155014058,0.5698706826578177,0.6272094502902313,0.4964594167594944,0.5402524839627663
833,0.49232946267060296,0.5118783888896554,0.5392013697903351,0.5161749677223113,0.5458713958044457,0.5443618339393266,0.5653659007338713,0.6290443585074452,0.49634027442065953,0.5402539023182846
834,0.49252655018610886,0.5113616248899,0.5410037360826145,0.5147505712073162,0.548641712058424,0.5471511372716547,0.5609044086066466,0.6308061397183554,0.4963012257065017,0.5402234090897553
835,0.49272772507591256,0.5108484091124462,0.5427926698030511,0.5134014707157,0.551362933870722,0.5498727555068936,0.5564913980607232,0.6324925683628947,0.4963437779285489,0.5401606318504436
836,0.49293308993517665,0.5103395009547457,0.5445662290674369,0.5121307572903212,0.5540369922918781,0.5525301396472139,0.552132063898771,0.6341015435845764,0.4964693060163012,0.5400652397109902
837,0.49314274668441016,0.5098356475638729,0.5463225432789066,0.5109413440854063,0.5566657979772176,0.555126878826494,0.5478315918670082,0.6356310891048607,0.4966790486123322,0.5399369446003255
838,0.4934108630718254,0.508958331047894,0.5488259450139904,0.5102052086963755,0.5605216875994584,0.5587628592236513,0.5420402811870473,0.636891960679769,0.4972046764233164,0.5397203535520733
839,0.4936390486512634,0.508484693711834,0.5505280430058518,0.5092555029325899,0.563033899025003,0.5612058810250794,0.5379124342588892,0.6382087285431637,0.49764061774620505,0.5394983738854677
840,0.49387203786529216,0.5080184918404518,0.5522067397053981,0.5083958465767753,0.5655058607820862,0.5635995785538411,0.5338623075954317,0.6394403814050288,0.4981635947433392,0.5392428332564129
841,0.4941099184331522,0.5075603923353581,0.5538605133760071,0.5076282287140351,0.5679392852231665,0.565947989657347,0.5298948777122162,0.6405855108791426,0.49877416715617373,0.5389536690663929
842,0.4943527747967107,0.5071110451843329,0.5554879199329713,0.5069544258492945,0.5703358002543849,0.5682551896524788,0.5260150372562932,0.6416428304141678,0.49947274258822044,0.5386308680047216
843,0.4946006877251344,0.5066710826749117,0.557087593538634,0.5063759975546065,0.5726969381459481,0.5705252704348119,0.5222275814897015,0.6426111745580937,0.5002595746827649,0.538274467043437
844,0.4948537339270451,0.5062411186369035,0.5586582470501453,0.5058942827103895,0.5750241248361104,0.5727623194008999,0.5185371947599636,0.6434894981886498,0.5011347616489842,0.5378845543810903
845,0.4997518536738145,0.502141561417976,0.5761394658626003,0.4776323716260988,0.6275016574436191,0.6321048803806468,0.46953562300497154,0.6685729997520705,0.5124254864000163,0.5258089705546464
846,0.5065308259795988,0.49285486654039873,0.5836532326752614,0.4710591822331876,0.7199642625561563,0.7313337323849965,0.47414096350324847,0.6683710043314682,0.5370609172066627,0.4963818953705111
847,0.5064509593279309,0.49217431139219425,0.5839518137141216,0.4721167035537662,0.7201738846011814,0.7323366996126616,0.47428951563530836,0.6659092621866131,0.5395573725127103,0.4959245112500636
848,0.5063688686030303,0.4915278108892851,0.5842285311506196,0.4732206928719811,0.7202432077956504,0.7331673646196477,0.47453199126315676,0.6633770837500105,0.5420894540201711,0.49546208062289065
849,0.5066245809064062,0.48825820251644736,0.5753597022959727,0.5055910345998458,0.6867353485980145,0.6946747024002979,0.5321229932959505,0.6267898515214777,0.5523335873295455,0.4837959645884947
850,0.5063961214182298,0.48690677128193566,0.5755592170808298,0.5047608337567432,0.6842634095454603,0.6912484232846,0.5301649841931058,0.6197898858715288,0.5585843798999733,0.483723671818365
851,0.5059393941798147,0.4864805939974482,0.572246350259314,0.5133707025495672,0.6669577832443541,0.6711205280248183,0.544295519340564,0.6070880889313097,0.5612192124803185,0.48275626151884404
852,0.5058363210853062,0.48612465231078494,0.5718834843784951,0.5138164585720656,0.6642229507057507,0.6675106128716445,0.545066215999256,0.6037077276719568,0.563220006988491,0.48270026815949985
853,0.5054934322157616,0.48589125133032307,0.5698275887494736,0.5182546924885741,0.6534981448541707,0.6546384487703228,0.5523216298569895,0.5955262097223577,0.5652077485686997,0.48255597886699986
854,0.5053960540738316,0.4856046096284285,0.5694021670519439,0.5185661565345051,0.6506566423843471,0.650747382181635,0.5529779934293179,0.5921842991862465,0.5670716745753533,0.48256856963142636
855,0.5052986955945342,0.4853463142657925,0.5689701900964459,0.51885776517286,0.6477853107837055,0.6467918674760291,0.5535948516693837,0.5888670891556427,0.568907842951927,0.48259444278201263
856,0.5052014779165189,0.48511613084503835,0.5685322259546329,0.5191283617437829,0.6448935950115202,0.6427857455947608,0.5541693069717943,0.5855778536121354,0.570714479524786,0.482633947399935
857,0.5036949368307537,0.4860019786088341,0.5605142736138001,0.5347372206529403,0.611681673338559,0.603403033671114,0.5782925743918815,0.5635060302384253,0.5708048029990861,0.48472326492303025
858,0.5036349043815804,0.4858564249270058,0.5599100146198399,0.5345143676464422,0.6094105484938467,0.5999120016176249,0.5783527934047755,0.5604934884271923,0.5721199349840281,0.48497733581699454
859,0.5035765972240208,0.4857338689811985,0.5593057300905799,0.5342577849173281,0.6072018354781491,0.5965034862343158,0.5783356477839267,0.5575400311295046,0.573393177471368,0.4852462000920372
860,0.5033735766620603,0.4857691820969052,0.5580181917396271,0.535160697476831,0.6029691579695925,0.5907403516696285,0.5799661290616285,0.5531872318705016,0.5743574716136662,0.4858767160000126
861,0.5016527009252286,0.48730783226166435,0.5500579514257015,0.5460720946988669,0.5845254843422046,0.5681282684043596,0.5954172626144937,0.5366140568372479,0.5719426476403323,0.4908974800097782
862,0.5016410178252254,0.4872627174812544,0.5493555613825145,0.5453223093301558,0.5837115715432556,0.5664993764146744,0.594654165923726,0.5342158261718037,0.5726600989915097,0.4913671103561353
863,0.501632762442519,0.48723520634380746,0.5486588355304731,0.5445347863328708,0.5830191471359601,0.5650666844240906,0.5937985015584205,0.531899166955902,0.5733292481655848,0.491849253976897
864,0.5016279693773222,0.4872250230301223,0.5479680924660489,0.5437104098351984,0.5824530547773809,0.5638398920439105,0.5928521332757534,0.5296650583782341,0.5739497925675389,0.49234367366936627
865,0.5016266710196307,0.48723189035485626,0.5472836254365834,0.5428501622057812,0.5820176748995247,0.5628280108981739,0.5918171823321118,0.5275143321106442,0.5745214893124244,0.4928501165504908
866,0.5016288974586082,0.4872555301936111,0.5466057020609697,0.5419551233032297,0.581716900931826,0.5620393179283606,0.5906960164071847,0.5254476726885132,0.5750441545201781,0.49336831419939803
867,0.5016346763962711,0.4872956638910981,0.54593456412347,0.5410264695214135,0.5815541174743367,0.561481311398962,0.5894912378670822,0.5234656181445735,0.575517662584035,0.4938979828350986
868,0.5016440330654198,0.4873520126502222,0.5452704274399867,0.5400654726323774,0.5815321805416819,0.5611606698354289,0.5882056714440718,0.5215685608945012,0.575941945415387,0.494438823528869
869,0.5016569901517779,0.48742429790199626,0.5446134817958422,0.5390734984287398,0.5816533999885708,0.5610832141138652,0.586842351411722,0.5197567488722391,0.5763169916675778,0.49499052245073405
870,0.5016735677202778,0.48751224165621987,0.543963890953922,0.5380520051675005,0.5819195242178316,0.5612538729085886,0.5854045083349406,0.518030286912622,0.576642845940859,0.495552751149365
871,0.5016937831454557,0.4876155668329353,0.5433217927317987,0.5370025418171507,0.582331727261439,0.5616766516892127,0.5838955554745525,0.5163891383784656,0.5769196079704004,0.4961251668646409
872,0.5017176510458828,0.487733997574689,0.5426872991462437,0.535926746109966,0.5828905983140505,0.5623546054434396,0.5823190749257354,0.5148331270288106,0.5771474317989179,0.4967074128720077
873,0.4998688301226013,0.49007409919605405,0.5361392851705914,0.5416552811251589,0.5868496898369292,0.568876880677924,0.5868560473892716,0.5075191644880994,0.5717782298080992,0.5045110754142214
874,0.49741013310091403,0.49311276768355344,0.5277853506542204,0.5473835730558206,0.5993542178425522,0.5863064775321836,0.5894294771201924,0.502006506361002,0.5634133580616675,0.5155599477221243
875,0.4975094287750835,0.49321755557414876,0.5271409944433103,0.5458597638671203,0.6023698738173417,0.59063506494393,0.5868419674077279,0.5015161545925577,0.5628429070550394,0.5163388468353316
876,0.49761507986451986,0.49332990873539884,0.5265080713086904,0.5443306879979415,0.6054365153804562,0.595104162987286,0.5842122664467541,0.5011029972762502,0.5622339505780802,0.5171156940792103
877,0.4977270455332522,0.49344970324712156,0.5258863203585556,0.5427995809828173,0.6085472271427593,0.5997029878779734,0.5815456201364538,0.5007647324728355,0.5615876240998003,0.5178898262302415
878,0.49255845306675516,0.4995848381274185,0.5107263481469374,0.5501963966417539,0.634010171163559,0.638996322440515,0.5770858463861521,0.5024725345497668,0.5415814481538678,0.5415960629321648
879,0.49133877927682906,0.5010994927555851,0.5067406522747826,0.5502408079835196,0.6387640111338196,0.6485320546549095,0.5716258794740264,0.5052493818152403,0.5350715390820079,0.5484690359529781
880,0.4877609426559811,0.5050391183357987,0.4976969599369671,0.551218405781413,0.6270836851601658,0.6469981911426255,0.5572405081466701,0.5167503270100057,0.5182381098522112,0.5662793863774123
881,0.48788983636596056,0.5048977346937742,0.49767188161827836,0.5504425218456426,0.6292817408806415,0.6493658889072411,0.5539708512223565,0.5177883072455977,0.5171489990831499,0.5668477724165237
882,0.48802996465757587,0.504756150338765,0.49765864202858817,0.5497465348418781,0.6313389291325127,0.6515136208011376,0.5507549924308989,0.5188232585913068,0.5160818303378146,0.567384347694179
883,0.48818131118099395,0.5046145857547449,0.4976563605070817,0.5491333847881485,0.6332569539492618,0.6534408515644448,0.5475983445936478,0.5198520814064681,0.515038449219556,0.5678885551278945
884,0.48834384913017614,0.5044732598056301,0.49766417429990417,0.5486057953967874,0.6350378471899266,0.6551477039274202,0.5445062467000188,0.5208717637356476,0.5140206541997464,0.5683598675738817
885,0.4885175410420947,0.5043323894283667,0.4976812397304989,0.548166263996277,0.6366839577028498,0.6566349604808571,0.5414839534824952,0.5218793850306943,0.513030193172949,0.5687977883641494
886,0.4887023386086461,0.5041921893391559,0.4977067333212395,0.5478170519865052,0.6381979391592554,0.6579040628851643,0.5385366247491584,0.5228721196076644,0.5120687600902227,0.5692018518205686
887,0.4888981825019739,0.5040528717533242,0.4977398528700142,0.5475601758751657,0.6395827366043303,0.6589571084049284,0.5356693145033449,0.5238472398461398,0.5111379916807506,0.5695716237466875
888,0.4891050022138954,0.5039146461193191,0.4977798184854439,0.5473973989417578,0.6408415717801518,0.6597968437681023,0.5328869598830723,0.5248021191392948,0.5102394642718459,0.5699067018979994
889,0.4893227159100934,0.5037777188673198,0.49782587358439817,0.5473302235742182,0.6419779272813133,0.6604266563614363,0.5301943699558462,0.5257342346038293,0.5093746907172674,0.5702067164313213
890,0.48955123029971137,0.5036422931729075,0.4978772858554235,0.5473598843214798,0.6429955296103312,0.6608505627862344,0.5275962144072873,0.5266411695595349,0.5085451174435477,0.5704713303338668
891,0.48979044052096166,0.5035085687362503,0.49793334819158425,0.5474873417032903,0.6438983312058633,0.6610731948108982,0.5250970121646634,0.5275206157887713,0.5077521216237972,0.5707002398325088
892,0.48862504846591354,0.505059749464033,0.4956835933334884,0.5487509028858945,0.6238018698477646,0.6416855236554362,0.5173113008188219,0.5332823345981499,0.5035706055917251,0.5745965856659202
893,0.4866799742874866,0.5075397388703697,0.49504783308872546,0.5494961237204908,0.5797333341102412,0.5976407139450874,0.5031009446540123,0.5447294781300047,0.5016410987666661,0.5768680287588168
894,0.49559626838494536,0.4971697974637496,0.5286994140929813,0.5263205016000653,0.7507491099273795,0.753275569457844,0.5041365396237842,0.5432368981069456,0.5485675266340163,0.5264708508051978
895,0.495431210202767,0.49680713506466073,0.5295385840264594,0.5286234051371252,0.7510820325919183,0.755031386564501,0.5050768751836924,0.5418755829740521,0.5503205428795318,0.5257906143536409
896,0.4931432773138312,0.49615641007556216,0.531583006382747,0.5488252516519253,0.7384202334238614,0.7544091910584988,0.5111047840130346,0.5345813823418765,0.5578120276863743,0.526657239427774
897,0.49515691896864317,0.49351698935706856,0.5405522098645428,0.5450132111832964,0.7473618109811571,0.7615339918494216,0.5171680705245469,0.5291105932382686,0.5684841600103727,0.5145811192485344
898,0.495029546996333,0.4933367966761578,0.5414083021656607,0.5472569556866766,0.7449802189750325,0.7603450916115433,0.5185521664722017,0.5277614603751627,0.5701723074961671,0.5138370044644647
899,0.49490591322733024,0.4931767696667818,0.542270600163105,0.5494922398671652,0.7423876376238746,0.7589047381545182,0.5199713821604195,0.5264335057414402,0.5718459305388381,0.5130885892268047
900,0.4947861617577825,0.49303705660763314,0.5431393084707432,0.5517159346149609,0.7395912223481266,0.7572174771426341,0.5214228860346785,0.5251292453542531,0.5735034448787817,0.512336737256096
901,0.49467043278786726,0.492917797446653,0.5440146315129955,0.553924963617787,0.7365988239454057,0.7552887746533437,0.5229039423101778,0.5238511804276409,0.5751432919761108,0.5115823205101874
902,0.49455886261799886,0.4928191240181068,0.5448967718074441,0.5561163073334091,0.7334189609402448,0.7531249937296878,0.5244119164688135,0.5226017923153964,0.5767639402752315,0.5108262178846648
903,0.4966590853422144,0.49041668253067494,0.5561853334879377,0.5498552943263403,0.7166238724162816,0.7316045396146873,0.5297758953656377,0.5177207981545036,0.5862111476738401,0.499473935177515
904,0.5027587299723257,0.48389996606080315,0.5950937999421303,0.5258782338856415,0.6167007326448595,0.5954320343913342,0.538469823242753,0.5109515866447516,0.5861109642748258,0.4997194308084041
905,0.5029500713464294,0.4839250270171208,0.5951817258878241,0.5245574576678161,0.6178104824637796,0.5961065317297147,0.5370830060226958,0.5111069316672804,0.5855053725664132,0.5004016462251409
906,0.5031503895095374,0.4839708816489217,0.5952599691932562,0.5232429185592699,0.6191012462240201,0.5970347463303443,0.535706836064514,0.5113151389967904,0.5848599991125432,0.5010886951699515
907,0.5033596629503779,0.4840375903747951,0.5953280232476229,0.5219371276113536,0.6205687320642975,0.5982133806806156,0.5343444935284365,0.5115740470929173,0.5841759542076136,0.5017798686111165
908,0.5029817479162227,0.4850311968340458,0.5941468721743538,0.5224051016437851,0.6531121665635711,0.6270767900808738,0.5292995224798539,0.5157570945941186,0.5715922801370887,0.5175271377671987
909,0.5031946999338796,0.4851783980670904,0.593673629945741,0.5211605915606018,0.6585267655383702,0.6327849944635389,0.5272950652929342,0.5165613587145499,0.5696397512867106,0.5193910399998048
910,0.5029353610650417,0.48600256470344544,0.5910090585737318,0.5218574103957893,0.6789921668031219,0.653396620923971,0.5234574466764805,0.5191856244203433,0.5623107558695656,0.5277072903366448
911,0.5032544205810616,0.4860630997271481,0.5906374018585114,0.5204987793093075,0.6822219345847853,0.6572900493193483,0.5217055509237737,0.5198013632516502,0.5610518873349406,0.5285224219233268
912,0.5035854175820615,0.4861416748062449,0.5902462119396251,0.5192033433468608,0.6854336013885467,0.6612001221714101,0.5200069340601976,0.5204323842319767,0.5597813726617018,0.529322541014025
913,0.5039282228418518,0.4862382919380234,0.5898352365129188,0.5179743759613877,0.6886177706522699,0.6651129204143351,0.5183653123867934,0.5210760514053161,0.5585011253158249,0.5301068798614652
914,0.5042826965205202,0.48635294142471003,0.5894042379329495,0.5168150613970801,0.6917651039787994,0.6690144540141646,0.5167843391499768,0.5217297595184329,0.557213063417975,0.5308746927575551
915,0.503980515644846,0.4874581146954987,0.5853116669378453,0.5189766967147944,0.710838117019233,0.6893669425882134,0.5129907793362916,0.5244825137711872,0.5495807973856225,0.5390316272821835
916,0.5030086591763603,0.48944687746462456,0.5771615510569587,0.5248625907426606,0.7304331322105297,0.7112378114903639,0.5082993252270598,0.528026173255226,0.5382576053567454,0.5510865856253342
917,0.5003365665104231,0.49344991039531627,0.5591709248580022,0.5396445005104434,0.7288646411504922,0.714535462982979,0.5031181855106345,0.5320213568598362,0.5211573241494339,0.5689413058615768
918,0.5006978573093078,0.49345184184525837,0.5583176987548435,0.5401019561756858,0.7290661339889167,0.7142237370025709,0.502335895820507,0.5323715746995673,0.5201552585905248,0.5693252451448515
919,0.5010725763508356,0.4934655983822999,0.557444206136682,0.5406748592649346,0.7291353390274994,0.7137218187948888,0.5016734094036924,0.5326923914599695,0.5191885445809331,0.5696731669906259
920,0.4962652965289882,0.4996492559528216,0.5273171412407645,0.5667386811899766,0.6618373891759697,0.6551095207036428,0.5021327124597363,0.5323878763154798,0.5052230747539495,0.5839435803091165
921,0.48952156574121175,0.5065218530116876,0.4920434849566714,0.5969056750408958,0.5986964595954789,0.6120562100494615,0.5155442520696772,0.5210607352121511,0.5137711766009738,0.576067751585778
922,0.489516064798,0.5063466488260888,0.49202743369202223,0.6002967611236091,0.6002580312452476,0.6139949089980653,0.5174601838237816,0.520365373181484,0.5147158772134752,0.5754050137102232
923,0.4895189510912789,0.5061779108143799,0.4920204642147617,0.6037131979666452,0.6017509729637316,0.6160020207447773,0.5194616297780568,0.5196479777129889,0.5156852847990293,0.5747108222048445
924,0.4883414916187277,0.5065788996221405,0.4931498390671539,0.6064099762140618,0.6528078989105479,0.6802982856495221,0.5306888912820188,0.5095153906819623,0.5364757877815897,0.5527027987707386
925,0.48824583331019317,0.5064636653584192,0.4937420418809498,0.6097939940343152,0.6530078658134753,0.682689879140037,0.5329382704917474,0.5087880205538511,0.5376956182767179,0.5518165615921602
926,0.4881553834179004,0.5063578633223141,0.4943537514557788,0.6131597773439879,0.6529770226657887,0.6849173855816225,0.535226330520569,0.508071265306227,0.5389137858204631,0.5509125404677407
927,0.488070094663651,0.5062617394132457,0.4949854970943301,0.6165025361000083,0.6527111961241194,0.6869708377059428,0.5375487401801018,0.5073676929156293,0.5401288074375011,0.5499915392992696
928,0.48798991423324717,0.5061755399819415,0.4956378117539703,0.6198175776869481,0.6522069295857607,0.6888408941210868,0.5399012642715445,0.5066799029738394,0.5413392115111891,0.5490543792100157
929,0.487914784009787,0.5060995120321314,0.49631122998412597,0.6231003169513654,0.6514615008586253,0.6905188729495949,0.5422797765155436,0.5060105211784742,0.542543539736475,0.5481018975797997
930,0.4881453701198166,0.505468348882834,0.50651836821709,0.6188426435522251,0.6716028593787121,0.7174183543544947,0.5471349597009945,0.5023316363060923,0.5550305760587443,0.5337793018008354
931,0.4880572971956417,0.5054702394996515,0.5074941718213956,0.6217241460476032,0.6690130654275174,0.7172360901198557,0.5493525375490571,0.5019174526278859,0.5561177072260399,0.532844319828452
932,0.4879730595299744,0.5054851515409639,0.5084930349176608,0.6245561796636007,0.6661838600494029,0.7167949385133322,0.5515786685850806,0.501543192283714,0.5571850041153917,0.5319039831401882
933,0.48789263294155466,0.5055133740504029,0.5095151807364476,0.6273354734409374,0.6631211021949465,0.7160954054893878,0.553810847569112,0.5012110956099339,0.5582313100364193,0.5309591306110559
934,0.48781599191787023,0.5055551973480514,0.5105608109304608,0.630058875069844,0.659831394175063,0.7151388964637766,0.5560467129118002,0.5009233508083194,0.5592554964700777,0.5300106025325123
935,0.48885511757555905,0.5043117957650607,0.5305055233081176,0.6172508546675325,0.6610887510686192,0.718070417619661,0.5576140115614422,0.5013271831407055,0.5718874528291817,0.5143804773907819
936,0.4887950892823774,0.5044685323055991,0.5318003098205173,0.6192682591481543,0.6563416439045072,0.7148318275256729,0.5594826387906321,0.5015010668209702,0.5726051897289898,0.513592189443318
937,0.48873839315301243,0.5046427315399489,0.5331142521223788,0.6212213422157951,0.6514789274662446,0.7113984230274454,0.561349663023404,0.501733460160147,0.5732897014717734,0.512810396909893
938,0.4886850593375069,0.5048347111977753,0.5344470213885351,0.623108024159208,0.6465140970993458,0.7077818124790088,0.5632140924217115,0.5020252213286671,0.5739403087775903,0.5120357375520701
939,0.48863512035283246,0.5050447877835769,0.5357982518420542,0.6249263029601888,0.6414608956017036,0.7039941143533199,0.5650749842659849,0.5023770844533745,0.5745563694102437,0.5112688349706126
940,0.48858861131581566,0.5052732762696054,0.5371675398159061,0.6266742532976586,0.6363332603096858,0.7000478992983319,0.5669314341096862,0.5027896553281318,0.5751372788332455,0.5105102977754198
941,0.4885455701756725,0.5055204897679834,0.5385544428908503,0.6283500254694248,0.6311452696477448,0.6959561307267549,0.5687825646849346,0.5032634074461656,0.5756824708781197,0.5097607187837699
942,0.49355565179150857,0.5008343770809549,0.5971531161523596,0.5760067455508897,0.6026337240602707,0.6426005397671933,0.5551040822527495,0.5223205119815402,0.5892400365039819,0.49141438213963745
943,0.49365284521602165,0.5013012777561341,0.5984383645427306,0.5758499055198782,0.5997968891812606,0.6388606205297582,0.5558697370878615,0.5235387138395512,0.5889165670552028,0.49131413237683647
944,0.49852392505913123,0.4971952363879528,0.6354132358475535,0.5352147132691079,0.6037277591477063,0.6146701388605877,0.5393356110002436,0.5422393336309985,0.5872177076478808,0.49288085066507825
945,0.5026879278969512,0.49397281937442733,0.6568519250851717,0.5067983787823206,0.6369447011563537,0.6238250932321229,0.52394102387948,0.5568248722353756,0.579128676538075,0.5026167721928354
946,0.5030490041112585,0.49454530985523865,0.6571747263634468,0.5051389998218939,0.6397860906292233,0.6253688078629464,0.5235152657862528,0.5579431959270076,0.5778583400609507,0.5032517200373368
947,0.5102665992654153,0.4889242704316189,0.6626361417214204,0.49296865317307825,0.7575481701768796,0.70514629990655,0.49773136188317074,0.5773525859313842,0.5410944399531614,0.5470449805114115
948,0.5110034388845004,0.48913132233998835,0.6588711878220423,0.4967980922114361,0.7628374859368565,0.7088356967326934,0.497642490953334,0.577646400143174,0.5365130871449062,0.5514788985395085
949,0.5115581774409869,0.4894408312691342,0.6578329980699903,0.4970451612843962,0.7639885263107805,0.7091382607629451,0.4979737307164335,0.5776691041284078,0.5353646893249392,0.5520256284754773
950,0.5121315338555601,0.48977644901205325,0.6567484257961902,0.4974345833059256,0.7650009592611559,0.7092973206896116,0.49841651432070977,0.5776538396161089,0.5342611039001697,0.5525388195276318
951,0.5127232112283514,0.4901377441824262,0.6556177670954079,0.49796629113994995,0.7658745643832493,0.7093124926408315,0.49897186145703404,0.57760000735033,0.533204011993596,0.5530180678424145
952,0.5087379661900726,0.4973353168590468,0.5636600045898424,0.6099719615136453,0.6475694556921165,0.6336418171575245,0.5357835225609214,0.5500583699121333,0.5070984042193537,0.5819876916450815
953,0.5072001204337393,0.49939525767082465,0.545607426811838,0.6292674428843203,0.623815188714279,0.6229682733787448,0.5460386316346698,0.5416029191102849,0.5086868746261036,0.5803975866263633
954,0.5075059285864734,0.4993264944662739,0.544067793446418,0.6329314495885295,0.6225337718656201,0.6224778658530449,0.5488466679595234,0.5403792898658655,0.509316872800416,0.5797556088119599
955,0.5078223201881332,0.4992674533628706,0.5425177570015065,0.6365886761278988,0.6212072707487519,0.6220415712890712,0.5516743412373187,0.5391312136877465,0.5099740298181076,0.5790817155385503
956,0.5081488638428493,0.499217997870558,0.5409589269892958,0.6402307206201804,0.619831571847396,0.6216548963387695,0.554515392570655,0.5378607542930105,0.5106566445883953,0.5783765493897672
957,0.5018886969836144,0.5061041601906517,0.5006085329795035,0.6743440159349273,0.5838858315785704,0.6306198254976286,0.5757468790113127,0.5146296509922725,0.5237262090312247,0.5640853901186789
958,0.50202540196242,0.5061023379308099,0.49991881304521474,0.6776544841552874,0.5818248769610308,0.6311481147221341,0.5784569822061352,0.5136717738039107,0.5245955861843359,0.563085836601062
959,0.5021657813396798,0.5061087588303633,0.4992523102958155,0.6808898577015036,0.57960110524283,0.63156820660406,0.5811386004652189,0.5127367201884695,0.5254598452792077,0.5620694102554008
960,0.5023094826534058,0.5061235305973532,0.4986106171332071,0.6840454186265575,0.5772126355293303,0.6318728625364062,0.5837884774782555,0.5118277684387462,0.5263175196992538,0.5610369956226707
961,0.49860752792613205,0.5098503809244784,0.49090136402240975,0.6906162337683919,0.5716585197700729,0.6503407116343574,0.5917289019621821,0.5040098964361394,0.5372548679868198,0.5480928509011104
962,0.4927597667148659,0.5150184750766238,0.5124394672665522,0.6753428744524523,0.571773407493636,0.6745339701326392,0.5942938621128311,0.506712032942448,0.5579177061491525,0.5222365579310022
963,0.4927943969945455,0.5156485339630303,0.5135398189723024,0.6797246856279179,0.5608350736019908,0.6673057022299316,0.5985964632771608,0.50808967363471,0.5577224480264984,0.5212535338358828
964,0.4921518520801434,0.516476486276431,0.5213499664780249,0.6760468758591174,0.555237457787841,0.6636358432198236,0.5994063526328194,0.5114880276462047,0.5603060650469981,0.5172802651045035
965,0.4912198507636243,0.5168538847925969,0.6029916625812026,0.6033702013219603,0.5515970540344706,0.6322805212440861,0.5752799109711718,0.547269764572039,0.5746799665048296,0.49774961739633006
966,0.49147461937188514,0.5174469035625051,0.6091157319442702,0.5975438728255643,0.5498892651714977,0.6265379262318321,0.5740239968598998,0.5512546005544758,0.574148150932071,0.49720191876549324
967,0.49203413358877335,0.5177926978525743,0.6196204392753373,0.5861300908158475,0.5505435927070442,0.6196418871737205,0.5702693803273694,0.5573329677458224,0.5736150733435006,0.496606694359409
968,0.4921377038955089,0.5187134494627919,0.6209997603454721,0.5848974584966256,0.5490109507804722,0.6165398371670694,0.5708944857339595,0.5591539153829407,0.5726262803873955,0.4965565660654929
969,0.5139382774718093,0.4985152879195234,0.703278483460508,0.4496364908510699,0.7243874908230337,0.6633060857448346,0.49523955005256154,0.6076638866738114,0.5400591617269342,0.5359202118390685
970,0.514657708775351,0.49937292751974477,0.7022373058265408,0.44957046934529094,0.726232256404673,0.6636837051703038,0.49604897674011217,0.6075038492160668,0.5389391903415623,0.5364094496654521
971,0.515397241814211,0.5002639362309199,0.7011416769015991,0.449656381333706,0.7279617034871378,0.6639636149715911,0.4969592420358173,0.6073030855375611,0.537877329463859,0.5368682197635184
972,0.5161565583139108,0.5011874346007541,0.699991473074344,0.44989506869201773,0.7295736591345483,0.6641440449504076,0.49797101728533427,0.6070614402535411,0.5368755110959212,0.5372961575559476
973,0.5169353178290991,0.5021425014946422,0.6987865628546754,0.4502870147411084,0.7310662560296414,0.6642235831130663,0.49908477010737684,0.6067787232919845,0.5359355193272524,0.5376929402285084
974,0.5195384293701173,0.5013365176478711,0.6945231344240137,0.45704749718492105,0.7387865607988973,0.667305596235571,0.501892854541636,0.6059800483984938,0.5317943089422541,0.542181428324479
975,0.5203695123400837,0.5022788668916301,0.6930736680833189,0.45822206689865347,0.7395152241665531,0.6667797955937249,0.5034942026600515,0.6054793931820528,0.5311195306438851,0.5424547716559676
976,0.5212185136891027,0.5032481879565629,0.691569536082036,0.459548408025547,0.740121931107234,0.6661541610884169,0.5051971396367091,0.6049359875293161,0.5305129732911832,0.5426947271989636
977,0.5220849496066965,0.504243390237621,0.6900107009173264,0.46102425064264013,0.7406071659625252,0.665430141435798,0.507000371502777,0.6043494090404812,0.5299754040895663,0.5429012175761752
978,0.5229683143107616,0.5052633495243475,0.6883971416535388,0.4626469398495487,0.7409716288676057,0.6646094809149463,0.5089023546792819,0.603719201086414,0.5295074194307433,0.5430742067119263
979,0.5238680803561637,0.5063069093916982,0.6867288590139989,0.4644134412132253,0.7412162231271736,0.6636942071601469,0.5109012952847422,0.6030448757369418,0.5291094442403832,0.5432136995724588
980,0.5247836989845027,0.507372882629334,0.685005880648301,0.46632034766567826,0.7413420422218864,0.6626866179243752,0.5129951493141992,0.6023259173602254,0.5287817319392609,0.5433197419073691
981,0.5260519471840006,0.5081249932875027,0.6824474128048845,0.4700086691251756,0.7415752462355287,0.661669497936368,0.515834214675064,0.6012713211519737,0.5281732441480773,0.5439003508566983
982,0.5346392849425892,0.5019920286082536,0.6453168555285623,0.5351758666118225,0.7124210976921568,0.6466626637490034,0.5433347355257032,0.5852127535508566,0.520885806538506,0.5547954679199304
983,0.5371055187355345,0.5048192667091702,0.548590795179195,0.6487294483360504,0.5937247305383784,0.6133215408134306,0.5871703714785863,0.538333715091826,0.5213391781112752,0.5544040791562647
984,0.5366724893048489,0.5067206676610582,0.5347723172439767,0.662245497704728,0.5781685514016631,0.6135784335674143,0.5932124858612222,0.5311969402929525,0.5231150452999156,0.5517880371775001
985,0.5371288328310646,0.5069952184977744,0.5329107460698798,0.6653008238662224,0.5752186054782625,0.613174018584137,0.5953373426001786,0.5297807291542873,0.5237848834100556,0.5508475231675178
986,0.5363346582845145,0.5092020006140527,0.5206109156364876,0.6767081621425255,0.5609603173011865,0.6151629753894042,0.6005027583283898,0.5237278303676612,0.5257400681945749,0.5477863500565295
987,0.5354729595441455,0.5112837759720945,0.5115618680366246,0.6852089498825781,0.549441707898596,0.6175555042561153,0.6046280066447178,0.5195319707590066,0.5275240495483587,0.5448365717128292
988,0.5239354476403714,0.525196252679929,0.49649212483471894,0.699602678329194,0.5153391002495883,0.6421702325978901,0.6146231175244626,0.5190801638941117,0.5374987264996752,0.5287433626664214
989,0.5067247909384238,0.5393377512619439,0.5640429857846373,0.6488888607779698,0.5098830829949096,0.6394459545071861,0.6015699657331242,0.560046727248829,0.5478001967193156,0.5127761841700553
990,0.5039604670024297,0.54190134489863,0.5859203394877246,0.6275519906900612,0.5112348693683676,0.6289763517377087,0.5943948443429669,0.5717814287262146,0.5479405067785432,0.5106967285124127
991,0.503903933099716,0.5430913808297421,0.5872741112474219,0.6267878994933352,0.5083679919802125,0.6247696094706919,0.5955258683135437,0.5737620537678646,0.5467519739342654,0.5102773090036612
992,0.5008777644620892,0.5442568215336174,0.6601189199705281,0.5232696127858041,0.5581346286781267,0.602719921940051,0.5491013884220646,0.6023645411553489,0.5449390801247287,0.5106571662674062
993,0.5011501841722311,0.5458862426051305,0.6604390159653479,0.5210774637391948,0.5595222778988089,0.601343547138283,0.5491923466906666,0.6032781334756646,0.5435121468813732,0.5106500890442394
994,0.5027315984209996,0.5461762817210277,0.6725646070052045,0.495860376091386,0.5798488710162703,0.6002724605579062,0.5381468702921232,0.6072786574920884,0.5410441757137188,0.5120955965097788
995,0.5054729370483932,0.5457824685976663,0.6833744943674619,0.47058764927896585,0.6048913589522956,0.6020620666905715,0.5271293085064481,0.6103201569823916,0.5382898256276374,0.5141989381298369
996,0.5060107080323594,0.5476196208357131,0.682904820615774,0.46873449893027663,0.6074028802052306,0.601894882775945,0.5272568491698432,0.6105693259544673,0.5371246269775449,0.5142928329391818
997,0.5343041434501834,0.523740643112058,0.6935706951227865,0.4474198690257108,0.7061204289100289,0.6248516003528614,0.5233395454663622,0.6110896705173391,0.5255116215246823,0.532883403192128
998,0.5470595084821834,0.5171715576337028,0.6639169652808297,0.505627053702367,0.684187128330715,0.6131189592397449,0.5535118196714389,0.5961254902441988,0.524456281444526,0.5377223927215555
999,0.5480892502545122,0.5182260294311453,0.6611810837672847,0.5094566342552784,0.6822850143586651,0.6112276922232597,0.5566512013528467,0.5943331590824326,0.5252291714073343,0.5373187546483941
1000,0.5491209174589285,0.5192803259337239,0.6583982513272268,0.513316682575676,0.6803334737696863,0.6093502296355907,0.5597713832011364,0.5924859364863865,0.5260494508100786,0.5368928472951301
