time_step,weight_0,weight_1,weight_2,weight_3,weight_4,weight_5,weight_6,weight_7,weight_8,weight_9,weight_10
0,0.0,1.0,0.0,0.0,0.0,0.0,0.0,0.0,0.0,0.0,0.0
1,0.0,0.7446010738014704,0.2553380097899932,5.5971247595025045e-05,4.945160941375543e-06,0.0,0.0,0.0,0.0,0.0,0.0
2,0.0,0.7336678083074869,0.26615115421823193,0.00017529537786766116,5.740927643737357e-06,1.1685824310443217e-09,1.8742745598041832e-13,0.0,0.0,0.0,0.0
3,0.0,0.7224588203165834,0.27711218708176805,0.0004219554626572086,7.0317900802117605e-06,5.3465905690122005e-09,2.3203069518911737e-12,0.0,0.0,0.0,0.0
4,0.0,0.7110064890383252,0.2881783181999059,0.0008060581037570466,9.120481496094129e-06,1.416488580650477e-08,1.1627001846331914e-11,2.221979029643114e-15,0.0,0.0,0.0
5,0.0,0.6993434932684932,0.2993065926961407,0.0013374328899957513,1.245067356878484e-05,3.043255260533292e-08,3.922838354103458e-11,1.9980877387317367e-14,0.0,0.0,0.0
6,0.0,0.6875026812780123,0.3104540845594318,0.002025557892065049,1.761744620644714e-05,5.87179814539342e-08,1.0620968988912651e-10,9.250351796876725e-14,0.0,0.0,0.0
7,0.0,0.6755169409677575,0.3215780891410992,0.002879486654457669,2.5376871153630213e-05,1.061150333570424e-07,2.501827982743048e-10,3.1471448044829173e-13,0.0,0.0,0.0
8,0.0,0.663419070889198,0.3326363136350847,0.003907777145629798,3.665458922093605e-05,1.8320460886613575e-07,5.353642702993396e-10,8.915096179254238e-13,0.0,0.0,0.0
9,0.0,0.651241652723838,0.34358706460289234,0.0051184231165006255,5.2553267098016274e-05,3.0521998055524255e-07,1.067457511378024e-09,2.2302052651003155e-12,3.287141148297039e-16,0.0,0.0
10,0.0,0.5360178754810162,0.4550780291722721,0.008468705503754037,0.0004326654276021505,2.662551556922069e-06,6.179644798956748e-08,6.625307521595411e-11,1.0950046808457857e-12,0.0,0.0
11,0.0,0.5277995081815695,0.4612944844369254,0.010403475109447845,0.0004985394977559022,3.914586117366897e-06,7.804363393226132e-08,1.430561130865913e-10,1.49051230433251e-12,0.0,0.0
12,0.0,0.6732553002479736,0.3025916657473297,0.01572037442807685,0.008389593800789684,3.29725605433779e-05,1.0089478294320526e-05,3.012862183583098e-09,7.240806059807774e-10,3.9686909004030114e-14,6.213266337885995e-15
13,0.0,0.6814962053397782,0.29258396689009025,0.017177061892808446,0.008685179088534407,4.684364015418484e-05,1.0732681215063293e-05,9.667385682493358e-09,7.996715812569966e-10,3.507890222799099e-13,7.51769239828793e-15
14,0.0,0.6895002520200257,0.28273028800024125,0.018694712849799445,0.008998087354118724,6.512673212787143e-05,1.1510382879152569e-05,2.1740826940205695e-08,9.188768980958602e-10,1.0894769517516916e-12,1.0019732117594948e-14
15,0.0,0.6972386842600561,0.27307100512977234,0.020260968579756056,0.009328707705925036,8.814610350194618e-05,1.2446941908433266e-05,4.0177606689109634e-08,1.099030870219764e-09,2.422956108360897e-12,1.4633037218139635e-14
16,0.0,0.70468337941588,0.26364567649624093,0.02186368090308909,0.009677383190046308,0.00011624070751448485,1.357175888947537e-05,6.615839945920306e-08,1.3652974898327728e-09,4.614168663341325e-12,2.321089404195582e-14
17,0.0,0.711806968886275,0.25449285871336186,0.023490989131736337,0.010044397520407079,0.00014976322000435186,1.4919629300620492e-05,1.0113849947312939e-07,1.7523119670918892e-09,8.058482195651263e-12,3.882477039334842e-14
18,0.0,0.7185829556174375,0.24564992791525442,0.025131394703171047,0.010429962523903547,0.00018907892699710882,1.6531101041467736e-05,1.4689257989980405e-07,2.3062102679687143e-09,1.33321752531899e-11,6.648985119956667e-14
19,0.0,0.7249858278937108,0.2371529066733284,0.026773833045855205,0.010834206425308352,0.00023456445352594153,1.8452833590737722e-05,2.0556619661019054e-07,3.087104827875834e-09,2.125836328220313e-11,1.1374050652482033e-13
20,0.0,0.759761519548049,0.19968540658242656,0.0277711285438553,0.012450818975544016,0.0003038099526615461,2.6981448779904905e-05,3.2786484841080286e-07,7.034734099326631e-09,4.8643102982842504e-11,4.507466014801898e-13
21,0.0,0.7650368631672603,0.1924901986740858,0.02918344939879518,0.012892397130928327,0.0003665398968769398,3.0102535473642516e-05,4.4008244486314037e-07,9.03906535691881e-09,7.438918281007848e-11,6.726755004201597e-13
22,0.0,0.8876364976055625,0.06404717562927717,0.02737332654928689,0.020297822290070808,0.000537292743591066,0.00010664666318221067,1.1475587849799121e-06,9.050129366446929e-08,4.381818944415486e-10,2.076054727827366e-11
23,0.0,0.9122394756145008,0.03203106793196423,0.027318192502739355,0.02748591495409205,0.0006551651695331554,0.00026743785461999644,2.323925808978259e-06,4.204355383816071e-07,1.4448570575155612e-09,1.6633751216461905e-10
24,0.0,0.9053419082964637,0.038624658102435316,0.027216959853465648,0.027765877660264414,0.0007672865493071217,0.00027973266569183806,3.1195111106839954e-06,4.549038974079082e-07,2.272356700163593e-09,1.8499862907995547e-10
25,0.0,0.8977231844605342,0.04591405176496069,0.027147960402600937,0.028026245577975298,0.0008907370558527904,0.0002932403441841837,4.080291755118976e-06,4.964998581058844e-07,3.392738542474833e-09,2.0953127001707505e-10
26,0.0,0.8894056046694985,0.053868773288428456,0.027120120622522278,0.02826624206075202,0.0010254257802911617,0.00030805975402425315,5.222228465321417e-06,5.4649145751794e-07,4.8629707919452e-09,2.4158104959500977e-10
27,0.0,0.8804133980011706,0.06245589723197284,0.02714277478902921,0.02848524529010378,0.001171213251038848,0.0003242952443929368,6.5627978428174e-06,6.063589130749985e-07,6.7522717763284595e-09,2.8325532344371884e-10
28,0.0,0.8010837140210048,0.13178923018516955,0.03331420057235009,0.03200252668156635,0.0012410912922096859,0.0005572369763731156,1.026668654367689e-05,1.7169412871757153e-06,1.5299930914674155e-08,1.3435558697458052e-09
29,0.0,0.6937329919239429,0.2278933024010895,0.04148871735831419,0.034813922274397675,0.0012351758587621875,0.0008178212936876514,1.437485501949454e-05,3.6608747879605067e-06,2.913492562567155e-08,4.025064066799837e-09
30,0.0,0.45533215199192817,0.43806908817305235,0.05834929851736852,0.04591459153571763,0.0008343317415027952,0.0014701016824603189,1.6251753037339784e-05,1.409830253487328e-05,5.825543493482734e-08,2.804695421578775e-08
31,0.0,0.45034973702982606,0.4410147640372375,0.059809211591352246,0.04634291220261803,0.0009669261450599798,0.0014812601639487967,2.0526060813660507e-05,1.4546886116036847e-05,8.648023520956732e-08,2.9402783420321878e-08
32,0.0,0.45882839816324716,0.4239513169859383,0.057215398106019624,0.057281493408424394,0.0010562470367349588,0.0016232008440737135,1.9628944565609843e-05,2.4124888356208004e-05,1.2396226965446705e-07,6.766036142520854e-08
33,0.0,0.4610973806962144,0.41980671911853973,0.05828131950689945,0.057896235480623885,0.0012481868834401085,0.0016207519775796415,2.446017126020381e-05,2.4697715900741877e-05,1.7791733759295215e-07,7.053219519026085e-08
34,0.0,0.4612948077343543,0.41557256737087545,0.06133136261222491,0.05842155379519723,0.0017036023565053236,0.0016139013742468072,3.643270975200639e-05,2.5376681097925837e-05,3.210116689040221e-07,7.435406820664606e-08
35,0.0,0.46361386485084805,0.411029801175295,0.06263563112006582,0.059064775803171404,0.001976093971150739,0.0016101175549090162,4.3077305423760374e-05,2.6147091142338748e-05,4.121040613640169e-07,7.90239237709929e-08
36,0.0,0.5235488066560804,0.3502753271103331,0.05476921238939509,0.06729138009892824,0.002471456060151345,0.0015637743207341781,4.467687879043853e-05,3.467788907160301e-05,5.467297654856146e-07,1.4186674131648658e-07
37,0.0,0.527990622595457,0.3441347736265974,0.05540524122041321,0.06799100060784832,0.002836130279157218,0.0015541382610951802,5.168834055456159e-05,3.5571737965702526e-05,6.833676098615755e-07,1.499632928705669e-07
38,0.0,0.532329643454873,0.33808971780936337,0.0560111158349242,0.06869353249906596,0.003234515704095787,0.0015447530291973002,5.918570233724686e-05,3.653776360569349e-05,8.389062813140795e-07,1.5929624734878558e-07
39,0.0,0.5365456744356599,0.33217063678729974,0.056575946754581004,0.06939882712517408,0.003667055705594737,0.0015359454614567196,6.71498753850631e-05,3.757938677795233e-05,1.0144497469557647e-06,1.7001831513837944e-07
40,0.0,0.5406190319264451,0.326407103538902,0.057089431435591524,0.07010654648520163,0.004134154657237685,0.0015280767027475986,7.556171674648908e-05,3.8700063926614604e-05,1.2111742223680689e-06,1.8229897044048888e-07
41,0.0,0.5445306357024979,0.32082764318315315,0.05754191676318591,0.07081615486572893,0.0046361746373380745,0.001521542457063343,8.440248397581005e-05,3.990325446014604e-05,1.4303274919631774e-06,1.963250961797574e-07
42,0.0,0.5482620975632931,0.3154595956170814,0.057924457289690374,0.07152691227128219,0.005173431900630295,0.0015167731054507414,9.365433384377517e-05,4.1192389238478344e-05,1.6732278644705969e-06,2.1230161691110173e-07
43,0.0,0.5517958059765757,0.31032898519259416,0.0582288688778685,0.07223786971770238,0.005746193132064292,0.0015142336829755383,0.00010330086436555734,4.257084100453787e-05,1.9412627305744705e-06,2.3045211071586098e-07
44,0.0,0.5551150063206522,0.3054603980833206,0.05844777743959684,0.0729478664486707,0.006354671498377476,0.001514423706577315,0.00011332769913247071,4.40418975793932e-05,2.2358866946186274e-06,2.510193903937113e-07
45,0.0,0.5582038763421406,0.3008768679471453,0.05857466249014381,0.07365552912155558,0.006999022516578361,0.001517876845836708,0.00012372311259765427,4.560873869214119e-05,2.5586192583860934e-06,2.7426604360660394e-07
46,0.0,0.5610475964738275,0.2965997704419591,0.0586038952701366,0.07435927299433198,0.007679339761877844,0.001525160428913576,0.000134478694618907,4.7274417363390574e-05,2.911042042297703e-06,3.004749210322886e-07
47,0.0,0.5636324146864738,0.29264872710114087,0.05853077122053352,0.0750573051305975,0.008395650440913694,0.001536874776224246,0.00014559005220558495,4.904184680411504e-05,3.2947955380006775e-06,3.299495610550295e-07
48,0.0,0.5659457055791687,0.28904151902173664,0.05835153663036601,0.07574762962479002,0.009147910859300955,0.0015536523548130292,0.00015705754605264928,5.091379382907847e-05,3.711575396261542e-06,3.63014539078902e-07
49,0.0,0.7506790393935308,0.12700495331591774,0.005369203913775449,0.10298450005183492,0.01184122956689507,0.001823960304950775,0.00018855491325260276,0.000101458538196665,5.115382428744317e-06,1.984619209670074e-06
50,0.0,0.7454615269595903,0.13232831080914353,0.004674014447439259,0.10257349426654748,0.012753077138148688,0.0018956803143415583,0.00020304707498300948,0.00010304224533201983,5.747073548420661e-06,2.059670918528368e-06
51,0.0,0.7397026655652118,0.13818870672502764,0.004027090139292385,0.10207907950198918,0.013693110222294,0.0019773178813933916,0.00021879304239488668,0.00010467103915241808,6.425787024364954e-06,2.140096212943248e-06
52,0.0,0.7334209705116128,0.14455896153580272,0.003438376237766003,0.10150136602165066,0.01465914693096243,0.0020695439337702244,0.00023590239212815774,0.00010635410182395751,7.152138387727911e-06,2.2261960886582058e-06
53,0.0,0.7266364718779352,0.15140996622401773,0.0029180495505861164,0.10084077379226472,0.015648871000818236,0.0021730248222483948,0.00025449551782426137,0.00010810222149522154,7.926716627124966e-06,2.31827617654118e-06
54,0.0,0.6682075453886127,0.1944946020173044,0.02051307474989326,0.09707631871780859,0.014950287743816874,0.004174220126196231,0.0004063384341083583,0.00016422302408163633,7.893227715802744e-06,5.4965704555661264e-06
55,0.0,0.40038301077312755,0.39091709716412637,0.11665138122042773,0.07302875534220561,0.010363289994591834,0.007733397266499948,0.0005283309647775846,0.0003782111996502082,5.377705441547781e-06,1.1148369144783538e-05
56,0.0,0.39101139634468507,0.39538168407306445,0.12137164214901996,0.07268594384887313,0.010824054923155906,0.007753041037417254,0.0005688567635860537,0.00038577482402796026,6.4209359711600815e-06,1.1185100192520034e-05
57,0.0,0.3819479632205767,0.399388619822331,0.1261423625022029,0.07242640695676818,0.011298951985502275,0.00777061008698862,0.0006124750006787747,0.00039373665360915177,7.657839755306679e-06,1.1215931580517375e-05
58,0.0,0.3732009050221282,0.4029387757534948,0.13094761597981946,0.07225662976298948,0.011788557729444836,0.007785924066100174,0.0006591101717526249,0.0004021433025071449,9.096663443246101e-06,1.1241548313051126e-05
59,0.0,0.3647770694542933,0.4060349024269979,0.13577109376434826,0.07218280818178757,0.012293575673675455,0.007798825196251797,0.000708672503897749,0.00041104383356566386,1.0746149841437786e-05,1.1262815334157362e-05
60,0.0,0.35668197717805294,0.40868156771814496,0.1405961811658325,0.07221080972359453,0.012814839094601465,0.007809181619940919,0.0007610576348907484,0.00042048949443328605,1.2615581325291636e-05,1.1280789176561741e-05
61,0.0,0.4956406789802367,0.25575014585201816,0.08012536023676158,0.1433548138443767,0.020158932769997275,0.0036065237175156905,0.00033790204319798865,0.0009923813589477503,1.9363479291534955e-05,1.3897717649759025e-05
62,0.0,0.5174285535586438,0.2356239603412434,0.06887071768706239,0.15133038018290357,0.022330821653231518,0.003042744257034345,0.0003130469175876351,0.0010225232015645303,2.3276871542762122e-05,1.3975329179217044e-05
63,0.0,0.5181335399673048,0.2340681428150637,0.06711089006302075,0.15252989165721054,0.023835686320518433,0.002935983512655326,0.00031765603700105325,0.0010267455536984963,2.748337373613744e-05,1.3980699783849348e-05
64,0.0,0.5185342287930366,0.23292567116220786,0.06524529178430345,0.1536381058476775,0.025419346518644415,0.002838987292330327,0.0003215720203276952,0.0010306547967080656,3.213883018731592e-05,1.400295456968884e-05
65,0.0,0.5907120046661257,0.17275502942661256,0.02498206457515407,0.17863839393471037,0.030370934705170435,0.0011722205828074085,0.0002151230277272838,0.001101982983587074,3.693981413651169e-05,1.530628396194892e-05
66,0.0,0.6140522311473392,0.15389520637550408,0.008273107626238601,0.18835950847101868,0.03336292952225545,0.0006970680085553031,0.00020083420934470715,0.001101629477856412,4.078331815498457e-05,1.670184372602555e-05
67,0.0,0.6124232285356761,0.15380612616490602,0.003676514212826805,0.19260343433815266,0.03503563207119209,0.0010727782204717523,0.0002895862794424609,0.0010315424381836023,4.1404647664522204e-05,1.9753091477443813e-05
68,0.0,0.6030799749649169,0.16252956325979212,0.0044499428854695555,0.19043743592941328,0.036832995970953505,0.0012780475942476507,0.000306600289573234,0.0010190534634447667,4.649655543614226e-05,1.9889086746531388e-05
69,0.0,0.5934591490613949,0.1714295726531498,0.005407129875990116,0.1881364629001375,0.03865566285887486,0.0015083398343515115,0.00032586764248533607,0.001005888775382801,5.187370952266294e-05,2.005268870436468e-05
70,0.0,0.5835879374868134,0.18047033014981734,0.006553630393245552,0.18570792650578036,0.040497837796002294,0.0017648540819526215,0.0003476279593717358,0.0009920947549552364,5.751481083895317e-05,2.024606121619718e-05
71,0.0,0.5734938642896815,0.18961594401892845,0.007894316555569538,0.1831597970833909,0.04235360553326343,0.0020487390618953707,0.00037214070922186366,0.0009777238204970904,6.339760041536755e-05,2.0471327130602054e-05
72,0.0,0.5632046808548782,0.19883061517276118,0.009433331458425707,0.18050058193207436,0.04421695700503539,0.002361083851123221,0.0003996854818802431,0.0009628347377893878,6.949897016061777e-05,2.0730535865471608e-05
73,0.0,0.552748256588114,0.208078794681106,0.011174047203802282,0.1777393002923531,0.046081816688155794,0.0027029087721888935,0.0004305621246624532,0.0009474929341727445,7.579508472585763e-05,2.1025630712541093e-05
74,0.0,0.5421524708227378,0.2173253378792656,0.013119027158789355,0.1748854554878496,0.047942070699666134,0.0030751564733121524,0.00046509073244948077,0.0009317708151644313,8.22615145760607e-05,2.135841618336955e-05
75,0.0,0.5314451064237327,0.22653565435441772,0.01526999268519882,0.17194900430972004,0.04979159550050502,0.0034786832565322353,0.0005036114819799898,0.0009157480818333085,8.887338033636878e-05,2.1730525737949398e-05
76,0.0,0.5131477615038975,0.24290848527195807,0.01780146205087627,0.16654687340057403,0.05378263257986934,0.004229286251353675,0.000563487165749199,0.0008941393069176527,0.00010373478051847503,2.213768827974856e-05
77,0.0,0.5024044812336936,0.25180217785034004,0.020402201232241235,0.16344626741573437,0.0555942077662399,0.004726617073926259,0.0006130112007496403,0.0008776406353535451,0.00011074674981080278,2.264884190447352e-05
78,0.0,0.4916468896139537,0.2605430797680076,0.0232082718168143,0.16030128939795424,0.057372017789884794,0.005258333152576558,0.0006679120960060131,0.0008611940103955446,0.00011780651077853345,2.3205843622777778e-05
79,0.0,0.46502656633309947,0.2769535888030677,0.03866272270256942,0.1536845542059402,0.05721387087022139,0.006618766691132184,0.0008976786302138726,0.0007978329083033726,0.00011834179710524555,2.6077058340914942e-05
80,0.0,0.288964673661239,0.3551852612612009,0.1788426072487066,0.1196812028737264,0.03795903828308932,0.015801191856605043,0.002711696098297947,0.0007261128771034738,8.742108828572644e-05,4.0794751739159e-05
81,0.0,0.2812778071412456,0.3572878490625885,0.18367596191009447,0.11894295350017581,0.03892526603939627,0.016109116874571797,0.0028980439771753744,0.000748706046806229,9.405628944306329e-05,4.023915849687497e-05
82,0.0,0.2739210192470815,0.35900939357637757,0.18840176176802614,0.11835887353593895,0.039887024158852875,0.016416035855327703,0.00309097531491609,0.0007741604837940858,0.00010109599331373197,3.966006636552394e-05
83,0.0,0.24965148091377978,0.34252324731148703,0.21122529864974185,0.13584711704281266,0.038275865173616794,0.017085050444579135,0.003528428819946936,0.0016937640462534292,0.0001373971368645266,3.235046091165688e-05
84,0.0,0.2409919287848806,0.34026637725107395,0.21516021391712653,0.13746259952991133,0.04291715791972357,0.017170887812651886,0.004051034571357809,0.0017697395936435423,0.00017903953598794308,3.102108363684736e-05
85,0.0,0.239439745305955,0.33800656028545695,0.21520072091230377,0.13922492209300735,0.04472439257812839,0.01712406536784121,0.004213477046102628,0.0018391084805165806,0.0001966364648453673,3.037146583696692e-05
86,0.0,0.2058221626825561,0.32953904128280126,0.2279735899268233,0.14504646645037672,0.06253204940088912,0.020057998814643006,0.006429407078882428,0.00214360033749593,0.0004172386219499666,3.844540357659607e-05
87,0.0,0.19871403768007623,0.3232085331189923,0.22824492261779739,0.14965570484657975,0.0683322032988202,0.021806545096801973,0.007109620501899248,0.002370374468519885,0.0005107347174933968,4.732365301414776e-05
88,0.0,0.19844595267260867,0.3204161800828209,0.2263742171559895,0.1519672206624297,0.07030039799038935,0.022156771883719763,0.007258406127181692,0.002486127005434228,0.0005447093981341389,5.001702128661246e-05
89,0.0,0.19505258790203225,0.31451001512895993,0.22453192800453006,0.15627550417002523,0.0746534900255671,0.023870249348739617,0.0077065013503093685,0.0027112407512786692,0.0006273117462571049,6.117157229539939e-05
90,0.0,0.19527159839745725,0.3116119765631893,0.22200850380711,0.15865833181393957,0.07669369683436385,0.024347538055675,0.007835511294340035,0.002840294092465833,0.0006669913749719337,6.555776648207491e-05
91,0.0,0.1891984768718273,0.20114369405693075,0.23076360907288984,0.19077917312142162,0.07241901536662992,0.08767790673433615,0.008039632393438636,0.01794741962076973,0.0004456000087055071,0.0015854727530453913
92,0.0,0.17934610965990758,0.20724710831437054,0.24184939012265155,0.1823067601878061,0.0710195683325135,0.08961979562002358,0.008654510083184491,0.017845305130746475,0.0005589815310747766,0.001552471017716069
93,0.0,0.17725978552495134,0.20916678210112835,0.24142477763434583,0.18087231205772158,0.07289303164223357,0.08917756052481382,0.00925318120074166,0.017759333814530587,0.0006587705802185221,0.0015344649193093796
94,0.0,0.17528961169689697,0.21109603066538768,0.2407416425101715,0.17950561021444494,0.07485187021954091,0.0886886703661218,0.009876603349526655,0.017666735514233454,0.0007680700745144072,0.0015151553891563471
95,0.0,0.17343816883138227,0.21303351650036423,0.2397994404379058,0.17820430158659412,0.07689677525277104,0.08815617008653764,0.010521726263908852,0.017568492584761484,0.000886754491478743,0.0014946539642907146
96,0.0,0.17200017534859868,0.21544407576899743,0.23802368560189277,0.17670887505007085,0.07932559178297643,0.08741395302654711,0.011153051118087997,0.017440040874430466,0.0010245207701020417,0.0014660306582910529
97,0.0,0.24650075191070608,0.2324180768975327,0.11281093939649048,0.19588658741835874,0.13186422384394758,0.05467686109324687,0.007295207232312479,0.01583021275585371,0.0018962987336308965,0.0008208407179152423
98,0.0,0.2678273023476254,0.23960550132779224,0.07440013273314111,0.20021262226134529,0.14941218842415044,0.04446855053854716,0.006201552803225761,0.01503794293054021,0.0021988397990648887,0.000635366834562184
99,0.0,0.2676687852343409,0.24321146775042915,0.07007244103848154,0.19714636596461774,0.15365189788625208,0.04421213083835367,0.006252750893076549,0.014806456757053688,0.002356110278714049,0.0006215933586754847
100,0.0,0.2675979591940076,0.24669748150681392,0.06583301957230747,0.19397954415144625,0.15784401634279244,0.04406385463583632,0.006286175024724583,0.014571252587233411,0.002517591578860001,0.0006091054059730904
101,0.0,0.26762479203832196,0.25004424798863184,0.061692112748598205,0.19071861817658875,0.16197586728029445,0.04402984366717306,0.0063009022423411816,0.01433267549307649,0.002682860296686885,0.0005980800682822744
102,0.0,0.2677588880216327,0.25323306149878017,0.057659487132798976,0.1873704361281442,0.16603478677710076,0.044115926811301914,0.006296175376984009,0.014091059048174027,0.002851486212966957,0.0005886929921116107
103,0.0,0.2680094284169674,0.2562459039822789,0.0537443898981166,0.1839422089805379,0.17000817409601612,0.04432760691803519,0.0062714124267409434,0.013846724280310885,0.0030230336613660427,0.0005811173396253818
104,0.0,0.2846403549475074,0.2633397255117542,0.026739890102866967,0.18403771864789142,0.18349144858991437,0.036766438336931766,0.004400970237387096,0.012883271050545538,0.003268647385042822,0.000431535190153656
105,0.0,0.28971831178489016,0.27456088301834863,0.024876601484941,0.17932139517315565,0.18416500000795955,0.029894803816572325,0.0034116561347662475,0.01053040422255387,0.0032472783102397546,0.0002736660465683898
106,0.0,0.27042336278684337,0.2812314854292445,0.0598163087590417,0.1699087410936309,0.1684111815913232,0.032864004736571716,0.005410505961456401,0.008602144222722293,0.003053879649083411,0.0002783857700779239
107,0.0,0.2681027928573259,0.2812828923614655,0.06313962114261268,0.1667357800783302,0.16824382413537792,0.03501643046790087,0.005663109516995287,0.00838494525492829,0.0031409403319343915,0.00028966385312442897
108,0.0,0.2660015322116785,0.2810116617188446,0.0664842242065527,0.16375993622472323,0.167876178524711,0.03723123905590129,0.00593278017723633,0.008175430370489662,0.003225177228488756,0.00030184028136903663
109,0.0,0.23013097109469058,0.2843745786668055,0.12733360988879255,0.155801022844039,0.13799632407503268,0.04397095339067432,0.01091725767965088,0.006268341130182085,0.0028454179514506833,0.00036152327867714694
110,0.0,0.18207312173737933,0.2837933393005386,0.1989724453417105,0.15479061713528813,0.10345648349616991,0.049816271530056924,0.018650461488379965,0.005524449082826095,0.002501326607543842,0.00042148428010231484
111,0.0,0.1640200894258965,0.2660903795117283,0.2060816505585794,0.18063845945860607,0.10466235892367473,0.04124550969107764,0.023130475453981867,0.010886680998557859,0.0028960738436264832,0.0003483221342668351
112,0.0,0.2063511484291267,0.22816729268926877,0.11452606527222248,0.21914329949343284,0.16067409980555164,0.025357289413732186,0.018232028492017625,0.022660313739534917,0.004586473555813509,0.00030198910929516164
113,0.0,0.2284424591403966,0.2116304286206963,0.07259566130024542,0.22724052850007087,0.18877573935815145,0.02298334810680679,0.014271248644982422,0.028062085520660245,0.00555778560669283,0.0004407152012930055
114,0.0,0.2291752232009885,0.2109236624276789,0.06873177493578693,0.2251773953942036,0.1931059986865571,0.024282798054633407,0.01389802915880576,0.028320941390491218,0.0059018686499073165,0.0004823081009430832
115,0.0,0.22988133031158878,0.21024397711343454,0.06503306185681065,0.22289685982676216,0.1973578828557332,0.025718580351122167,0.013527137455719969,0.028555640185483448,0.00625744344220417,0.0005280866011366547
116,0.0,0.25972730753510204,0.1653758296731693,0.03660391398889398,0.22035438913456779,0.2146939845122393,0.04590682797483932,0.008283159774118962,0.040733375585075685,0.006646087401078259,0.0016751244209112588
117,0.0,0.2574368425195778,0.1664625652317423,0.03790548389011662,0.21522060424159348,0.21648614965842486,0.048625705047165485,0.00855718635610397,0.040516524848314084,0.007058072821278681,0.001730865385678614
118,0.0,0.25509627426913956,0.16755070409438363,0.03934987307490481,0.21007019687399472,0.2180865914969764,0.0514050404398288,0.008904626901793163,0.0402677499625127,0.007481163596373632,0.001787779290088452
119,0.0,0.25270935555243235,0.1686379368561574,0.04092801362179061,0.20491708480624446,0.219491928960203,0.05423874313269737,0.009327819185522453,0.03998858770889633,0.007914694798084885,0.0018458353779673483
120,0.0,0.1654092841131618,0.1836583793502276,0.18051915698051918,0.14817321911662698,0.12334939930091614,0.12554775457174724,0.026374883776049164,0.036989230221014226,0.005752320024119607,0.004226372545614169
121,0.0,0.1652088884687761,0.18651897955144378,0.17613000208230822,0.14698194754295374,0.12670206701721098,0.12409732142488561,0.02734543006767653,0.03663855500181227,0.006240544867728131,0.004136263975200816
122,0.0,0.16513676129475494,0.18929739671646104,0.17164942112493523,0.14577074019500574,0.13010652746214224,0.12267527797495119,0.028285326500109585,0.03628611370119556,0.0067451978931183385,0.0040472371373223934
123,0.0,0.1651995795737132,0.19197984038646082,0.1670890907383927,0.14453688842117746,0.13355531819719157,0.12129143961597835,0.029189160495458295,0.03593331997537437,0.007265387280644497,0.003959975315604893
124,0.0,0.16540379849097092,0.19455265451679268,0.16246078331120775,0.143277922110413,0.137040605553677,0.11995566097374458,0.03005168063962722,0.03558151877146216,0.007800196958038059,0.0038751786740630094
125,0.0,0.1655077411745708,0.2041855165612774,0.144627314649296,0.13663086758304183,0.1500961811877283,0.11602981509954675,0.03481194361019131,0.0340134894027617,0.01053178577877477,0.00356534495280739
126,0.0,0.1664839894406831,0.20593025486227698,0.1399261462042382,0.13526566044950983,0.15352489915373435,0.1151184661167421,0.03541035809773526,0.03369969978656721,0.011133516874914413,0.003507009013594852
127,0.0,0.16763673102123264,0.20748683547859692,0.1352245628490718,0.13386934485952834,0.15693848021823542,0.11431169425645422,0.03593769685395928,0.03339526252439978,0.011743441944491048,0.0034559499940269452
128,0.0,0.21343601717602229,0.20820825721087152,0.06416164786007683,0.13779146851025906,0.2145890062946538,0.09218098650203951,0.018558467414929843,0.03414760221673861,0.014161470490284154,0.0027650763241207216
129,0.0,0.21721343956101063,0.20801436075587784,0.0583622272644308,0.12992396728470873,0.21868639856877406,0.09673635075541093,0.019517528600008216,0.03277440707977946,0.015852302008828766,0.0029190181211671243
130,0.0,0.22037759242038849,0.2072833518706232,0.05451670604881921,0.12755223105597374,0.22148609397933738,0.09784548188097955,0.019131834427848732,0.03236053990529849,0.016478075096610874,0.002968093314117086
131,0.0,0.2236930944280442,0.20630694061846033,0.050813564688987616,0.12516742710722878,0.22410172844035697,0.09914844978140874,0.018696670291859587,0.03194040030914814,0.017102338226531167,0.003029386107971064
132,0.0,0.23199803506281103,0.20153114425423893,0.044735566804073694,0.11235939849510991,0.2253285742565143,0.11080079355012341,0.020289038715045598,0.029587023226317857,0.019777548731468454,0.0035928769042933243
133,0.0,0.26024998275669425,0.18901847501567282,0.019417794389247053,0.11349515851641657,0.24619742840742914,0.10748742082723994,0.009428068686529513,0.029772486808413157,0.021366998422643443,0.0035661861697108043
134,0.0,0.2682807943349041,0.1841557045876432,0.01432798293004636,0.11193820933797266,0.249247261365746,0.10962524372699248,0.007341934601418803,0.029270299634265837,0.02210640004240931,0.0037061694385982424
135,0.0,0.27232004751021327,0.18110175691532096,0.012749575174385576,0.10955844093250601,0.2492612093511862,0.11295574280024928,0.006825050060239868,0.028674210253746876,0.0226683538022876,0.0038856131998612066
136,0.0,0.27978543348592216,0.17585687206715145,0.009099396996393361,0.10820541797692683,0.2507024047275667,0.11570860870622601,0.005159137869955054,0.02806329847940984,0.023365248941170095,0.004054180749275596
137,0.0,0.283798851914937,0.17247684401607433,0.00804935618998387,0.10596091762171801,0.24996636345019668,0.11941338236327106,0.004762548785107608,0.02741638119546451,0.02389979088081544,0.0042555635824287905
138,0.0,0.2916465247711175,0.16618028438661817,0.00532230016300723,0.10544425330354838,0.2499784610276092,0.12236134633733667,0.003375991948160651,0.026651119091709627,0.024604210412864393,0.0044355085580256096
139,0.0,0.29545495313357967,0.16259246840258942,0.004881418664888931,0.10340086568718398,0.24837871376516438,0.12637545523236665,0.003211383447914102,0.02594715336815635,0.02510576470578661,0.004651823592367365
140,0.0,0.30227391748313415,0.15348880413758995,0.007690445200581619,0.10813660139134967,0.24051042207592604,0.12779324694833688,0.005212968872087256,0.024227640137542358,0.025869884501020898,0.004796069252428858
141,0.0,0.304974409847292,0.1501386529497672,0.008474785180073972,0.10659592761988082,0.23735969791292671,0.13187850602527307,0.005823245425932707,0.023446202840183065,0.026319418267663573,0.004989153931004443
142,0.0,0.30762688519952386,0.14677439088317445,0.0093291748140636,0.10516951356082754,0.23401237642532197,0.13596650580266212,0.006511183489856551,0.022670881268159516,0.02675508688412714,0.005184001672280906
143,0.0,0.3102221524746655,0.14340903603587163,0.01024810225021373,0.10385654035568237,0.23047892299660735,0.1400456087462884,0.007279042400841439,0.021904012141515217,0.027176659653910116,0.005379922944401912
144,0.0,0.3127510776158065,0.1400555422028815,0.011226223883669407,0.10265566957158233,0.22677032671750194,0.14410416158567718,0.008128827200970174,0.021147996236693313,0.027583970396842926,0.0055762045883722714
145,0.0,0.3152046217769827,0.13672674049897232,0.012258386442916111,0.10156505845463855,0.22289805423959852,0.14813054099920048,0.009062273505988323,0.020405292778592963,0.027976918151257232,0.005772113151850666
146,0.0,0.31757387891208394,0.13343528242113728,0.013339646954858113,0.1005823778726272,0.2188740017689444,0.15211319918471522,0.010080833489871894,0.019678413335568058,0.028355467609811894,0.005966898450379795
147,0.0,0.3186634243019696,0.13046797004771932,0.015790154048062142,0.10058459357204307,0.21297774429878416,0.15553623998319704,0.012307693958567761,0.018836264896179705,0.0287094541606939,0.006126460732781321
148,0.0,0.3207101612994731,0.12736739507074207,0.01701157511664289,0.09985114916698304,0.20863147712941796,0.15932825513105178,0.013573982656737201,0.018158075442550353,0.0290593928992564,0.006308536087143312
149,0.0,0.32264664249133723,0.12434310725004703,0.018265054109219955,0.0992157610694745,0.20417703901651205,0.16303774539986682,0.014927177436207202,0.0175052090343605,0.029395512245800094,0.006486751947172688
150,0.0,0.33118011614049936,0.11446210971249085,0.019214927697931764,0.09587663877765727,0.1941696299817489,0.17519295171800314,0.016531507755413646,0.01590132228969453,0.03033620237328387,0.007134593553274572
151,0.0,0.33286111759605197,0.11166435231333811,0.02048486962072767,0.09551265873864882,0.18947022957894374,0.17865463399137554,0.018084076877508768,0.015342078300442773,0.03061564800962572,0.0073103349733348345
152,0.0,0.3441368037976913,0.09882451253151503,0.021392333923837166,0.09169524117136027,0.17609198906700652,0.19447434505483846,0.01993729427114567,0.013584292073268093,0.03156973122015439,0.00829345688918127
153,0.0,0.3317351510314258,0.10406036554805917,0.03140446415742519,0.09727837802130994,0.1592956659130404,0.19030410119576152,0.033285028764564795,0.013067521300800264,0.03184574605035769,0.007723578017253354
154,0.0,0.32357452199494097,0.10776355642710943,0.03743297743292712,0.10012052299160298,0.14830321259854573,0.188019862450453,0.04222166241154481,0.013047670372912604,0.03209094736125177,0.007425065958709721
155,0.0,0.3234074225380486,0.10659936991744656,0.03885615163434199,0.1003051555094274,0.14365589702374537,0.18971566154833208,0.04468023177284685,0.012977293610598687,0.032339783578150955,0.007463032867059862
156,0.0,0.3230750341672165,0.10560053653997267,0.04027745304767152,0.100513624246792,0.13907721098797526,0.19122667084739475,0.04718666806921666,0.012969784426717163,0.032583702823687416,0.007489314843354483
157,0.0,0.32257603631865434,0.10476919222618407,0.04169688188469513,0.10073966949319194,0.13457775550093562,0.19255005765392785,0.04973593795534087,0.013027155403380362,0.0328235385700732,0.007503774993615256
158,0.0,0.32190961024274056,0.10410679227731015,0.043114616380790304,0.10097717094903888,0.1301676186341555,0.19368364447378633,0.05232277820867645,0.013151269736239098,0.03306015145538219,0.007506347641879093
159,0.0,0.32107543866983884,0.10361411798705294,0.04453099225672567,0.10122018254418542,0.12585634356690836,0.19462591208786761,0.05494171486749537,0.01334383077929942,0.033294425519605084,0.0074970417210198925
160,0.0,0.32007370342043096,0.10329128627152752,0.04594648147221557,0.10146296579576915,0.12165289961821968,0.1953759996893202,0.05758708352449275,0.013606371975418034,0.033527264344431255,0.007475943888173588
161,0.0,0.2872786707845553,0.12559280290604993,0.05933298153937649,0.1059541321791834,0.09313204186299852,0.17765573054108819,0.09008828548538361,0.020042011216803973,0.03521005008214724,0.005713293402411863
162,0.0,0.2850126261286295,0.12658395246087883,0.06057068677517631,0.10607522792639104,0.0903329766349602,0.17652886957913344,0.09265868912202627,0.021099600994261874,0.03557065643163674,0.005566713946904421
163,0.0,0.2683586018661262,0.1404249922006041,0.0641718205962025,0.10755647241029397,0.08421023855679345,0.1632496238965995,0.1051390747979289,0.025920656848964274,0.03631581298275729,0.00465270584372826
164,0.0,0.20859565293442683,0.20303423773036708,0.0562041392277642,0.10505467627051128,0.09113805032400532,0.07484529376994589,0.13674785384200341,0.08218084775107411,0.038491494605041435,0.003707753544859013
165,0.0,0.3466927196537168,0.09484680800998233,0.007632401609551363,0.06363358095997715,0.15633732216494758,0.02061580617782881,0.02223616957900101,0.23443593977448138,0.03569668859620417,0.01787256347430825
166,0.0,0.36686244645558735,0.074853029628022,0.010232048346652006,0.055399541171730925,0.1539106581906495,0.027375308925481998,0.00896191095122985,0.24540339649420934,0.03718575704296577,0.019815902793470116
167,0.0,0.3663319840361936,0.07503128157655618,0.011432650176225544,0.05373904774721405,0.15211511646430212,0.029645279852406003,0.007700786912470778,0.2443900239403369,0.03953324875252761,0.020080580541766313
168,0.0,0.36386777514643087,0.07724398990147614,0.012131574895520983,0.052857077999264576,0.150776578576988,0.03115764551938152,0.00734287903227837,0.24239432515828718,0.04204181364496119,0.020186340125410502
169,0.0,0.3158846912192661,0.10469824876856465,0.058348372276004715,0.035264537108144936,0.09944222139179601,0.0681119737956099,0.06069797268411985,0.19389176023058652,0.04434659569218012,0.01931362683372623
170,0.0,0.3096518645167745,0.11020089566653939,0.059522990256428085,0.03509184998304749,0.0977072721874155,0.06827913936227425,0.06448202868289907,0.18943805635259245,0.04695597539968871,0.01866992759233979
171,0.0,0.30338146545634126,0.11567461904806753,0.060744077990750704,0.03494520396598246,0.09599100386673497,0.06841459307120758,0.06828488678411365,0.1849439645647837,0.0495992491788046,0.018020936073212656
172,0.0,0.19908008279817763,0.20335296991266028,0.07701682079742625,0.04113018459542418,0.08080404804913909,0.11982357332634871,0.13518251579944054,0.0757236973158319,0.052039232284257816,0.01584687512129262
173,0.0,0.19751019602275607,0.20447183310608685,0.07651516437418053,0.04144524348422432,0.08093010471383352,0.12076596876025626,0.13643319488221722,0.07289068414091483,0.05363968134754879,0.015397929167980776
174,0.0,0.1961364612242964,0.20530588402467043,0.07607362195952323,0.04176938339815901,0.08106275594696813,0.12183901743301467,0.13746420247965224,0.07015774273534396,0.055190817532132716,0.015000113266238667
175,0.0,0.2653337156457926,0.14465055154773485,0.02482392435115727,0.07128591529283912,0.1314228288430433,0.20436654613946084,0.06095022157304796,0.02118446153733458,0.055206739959966895,0.02077509510962189
176,0.0,0.2694004743398337,0.14052181793017093,0.023689541285684273,0.07142613458780923,0.1306615023087976,0.2084616070020251,0.05868680663609366,0.020312146551230762,0.05548995218485137,0.02135001717350284
177,0.0,0.29341682342000236,0.11731955928399238,0.01583998477540996,0.07715269586221724,0.1354968122935544,0.22397675687945712,0.040576025579429506,0.017865388447434485,0.05575302222631061,0.022602931232191346
178,0.0,0.2973967180279687,0.1131824524927511,0.015016853307195365,0.07717565458546756,0.13428049972152897,0.22825149075077544,0.038408329735506494,0.01714311909378631,0.0558156392372205,0.023329243047799007
179,0.0,0.3012858418773114,0.10910072887817672,0.014257793198514095,0.07717461454256713,0.13305239429469198,0.2325147523652642,0.03624361427752779,0.016454796021074018,0.055824030807932516,0.02409143373693987
180,0.0,0.34515081823545696,0.04810080197681743,0.026130923323344095,0.10654033743106348,0.11214370631401945,0.2409992939371303,0.029603241637606303,0.01269014480528273,0.060744545698577,0.017896186640701913
181,0.0,0.3438656730879355,0.04840016772691349,0.02773201616482556,0.10573677178616553,0.10937495502341538,0.24180843219264053,0.03171631775643197,0.012441972385403968,0.06079884690606872,0.01812484697019916
182,0.0,0.34236735968299425,0.04889361904641913,0.02938370471605753,0.10488055312370759,0.10673327845658334,0.24241220277521955,0.03389547988650195,0.012258179801195078,0.0608433729286636,0.018332249582657785
183,0.0,0.34065929584646804,0.04957738952552347,0.031084869298100268,0.10397170061677401,0.10422246113284814,0.2428106091036209,0.03613606533061214,0.012140161858104102,0.06087985571768904,0.01851759157025979
184,0.0,0.3095377915003555,0.07224416716574657,0.048145625328626214,0.10405799382683176,0.08845935492056962,0.2164616619258545,0.06956398575024376,0.014342522278030524,0.06307326595367374,0.014113631350068004
185,0.0,0.30648931423315073,0.07404845563858907,0.050221537094895956,0.10293949924470593,0.08654373370824267,0.21528064487714443,0.07229370888037617,0.014851561307846763,0.06331292571236856,0.014018619302679886
186,0.0,0.30330016390021136,0.07597236253492488,0.05233000545026126,0.10177838545365855,0.08477430846359116,0.21393465698883796,0.07500530840888411,0.015444659161910037,0.06355475814308355,0.013905391494637398
187,0.0,0.2999775174276872,0.07800822901131034,0.054468832530913565,0.1005774403335796,0.08314984877743205,0.21242986243876893,0.07769216273998598,0.01612139608920069,0.06379982002398704,0.013774890627134953
188,0.0,0.29652881035961093,0.08014817608574984,0.056635635268562065,0.0993398199141017,0.08166858219289103,0.21077284050924458,0.08034773329377966,0.016881088253043925,0.06404910869322329,0.013628205429793606
189,0.0,0.2702347975298835,0.1021913675770916,0.06674024710041684,0.09655715405506488,0.07447413731476916,0.18666318075274269,0.10415969776487563,0.0226190813457093,0.06591776824902877,0.010442568310418211
190,0.0,0.2664586133675709,0.1045728931665676,0.06891505339717106,0.09527777901186202,0.07357148852606576,0.18426909183555068,0.1064729015934686,0.023926469613434267,0.06634729144765678,0.010188418040653116
191,0.0,0.20332097718374462,0.18689071093242127,0.05580038806073055,0.07510939757234132,0.08740233261730372,0.049253012567362156,0.13665772787700006,0.12683999341737343,0.06737164289750927,0.011353816874214285
192,0.0,0.2308369584492399,0.17293248244958306,0.036934326916101934,0.0683658272502549,0.10199941587761202,0.030068339966010486,0.1005150724205836,0.17405020939706362,0.06578257640281823,0.018514790870732996
193,0.0,0.23086782048266674,0.1726942039943731,0.03680218469588954,0.06798733753962698,0.1022986586466351,0.029897083402580377,0.09684383300276442,0.17571591372916656,0.06781579350078869,0.01907717100550929
194,0.0,0.23084175483153832,0.17252931304582023,0.036642027875560645,0.0676380367232685,0.10255137560911859,0.029823314523429918,0.09316956976417526,0.17721577265004768,0.06991150087425653,0.01967733410278523
195,0.0,0.27246399766143325,0.14419992744299753,0.01859449373932032,0.06111447153661415,0.1136272978353074,0.02378807745264571,0.04944233756238306,0.21983558998306454,0.0689494705458519,0.02798433624038326
196,0.0,0.2718584091632567,0.14478023490738648,0.018455118172324786,0.06093987170006066,0.1132029933940099,0.024529686892380945,0.04637620984437771,0.2195655370051403,0.07164118721591486,0.0286507517051487
197,0.0,0.2711315473662311,0.14548761038866634,0.018314975940167105,0.06078393318098096,0.11272692768915128,0.02530753476845632,0.04342816291629938,0.21907922616115172,0.07440801519231033,0.029332066396586372
198,0.0,0.27028595187325144,0.14631799221855385,0.01817614791208857,0.06064531044749726,0.11220174945126779,0.026115266847424278,0.04060529873757136,0.2183778249201369,0.07724647137286779,0.030027986219341867
199,0.0,0.2823185650213494,0.1371714189422178,0.01475248763034755,0.05840090759244501,0.11304466512060915,0.027230290345484652,0.02752788712672854,0.2272089538290159,0.07953987122662926,0.03280495316517389
200,0.0,0.2808205702766514,0.13859785220346194,0.014812385884447474,0.0582970021255223,0.11220989100955987,0.028130149629155218,0.025500710231607198,0.22551423323571737,0.08267898234706116,0.033438223056817346
201,0.0,0.2911724254660191,0.10502021559066634,0.05771392895872596,0.039332712585504345,0.08799048734467328,0.04217293415128805,0.04121448902697473,0.21340807740764473,0.08630643716098063,0.03566829230752401
202,0.0,0.2158895696264144,0.1427003919304341,0.10616795907293021,0.03787208414732517,0.06562622383088469,0.0616610228794331,0.11407753858666766,0.1345721254053726,0.09286347804460274,0.02856960647593676
203,0.0,0.17344807610325552,0.1689935481068532,0.10339987009771802,0.05782516569105311,0.06973931838624664,0.10125230772479477,0.13603238814798527,0.06567628314412274,0.09602498402125681,0.027608058576715642
204,0.0,0.17256752867721414,0.16858966016865393,0.1030339433196844,0.058754728036092545,0.0703244707897041,0.10282823739178598,0.13586040780118883,0.06305852256277573,0.09809547009616056,0.026887031156741657
205,0.0,0.18302564056161696,0.15940159037406706,0.07736207306606226,0.07950295127868451,0.08353769081387566,0.13987450459248657,0.11195366711917354,0.036759120324346306,0.09772930222329775,0.030853459646391357
206,0.0,0.18417593924453132,0.15749651000227116,0.07614332990415258,0.0802497301237875,0.08456242139846162,0.14248530130971038,0.10998102619326902,0.03525077317671972,0.0987094835831485,0.030945485063950305
207,0.0,0.1853923541765891,0.15552020983364775,0.07493003846287892,0.08094564607830973,0.08565033571196776,0.14514807679245467,0.1078662711476696,0.033839215037568364,0.09957028200024459,0.031137570758671764
208,0.0,0.1962430679610999,0.1460852727262257,0.06330096960697579,0.08864217738100828,0.09145145963086278,0.16080749326097937,0.0928290668448938,0.02787566895157099,0.0990571081540195,0.03370771548236633
209,0.0,0.19788282791294692,0.1438626783743344,0.06195543790835296,0.08908744751882039,0.0927131706493562,0.1636855262783007,0.09025230969349633,0.026850220201675455,0.09942754919536151,0.034282832267357774
210,0.0,0.28381853717905764,0.06638127077916774,0.012018167760755628,0.12918080748977945,0.10944393678882197,0.23512888925181563,0.009631959055527684,0.015544733292210048,0.09699563916762421,0.04185605923524243
211,0.0,0.28358275018451995,0.06625670077480936,0.012356491922676651,0.12755468179384197,0.11021475965225429,0.23638239592492905,0.009327710531392185,0.01517151772856846,0.09640988001778027,0.042743111469230495
212,0.0,0.28318367703692054,0.0662803386526047,0.012774263990769422,0.12583090817662565,0.11108077321487922,0.23748148588053164,0.009116978389110594,0.014839605508403016,0.09578920558307304,0.043622763567084825
213,0.0,0.28513976273556446,0.05712483785712841,0.025507002499021516,0.12389853097245704,0.10435974680696469,0.23381750503969365,0.018645533327684673,0.014031624027009257,0.09917844945653542,0.038297007277943544
214,0.0,0.2464858073837807,0.07623972499761475,0.06920949568565891,0.10241299082449314,0.09016593441745241,0.19611493225266247,0.07040873928774535,0.01711999356806784,0.10707144768926741,0.024770933893260006
215,0.0,0.2426978092037033,0.07853051415865808,0.07196758090733762,0.09985499077944021,0.09087036382899107,0.19394612082826737,0.07248739090057664,0.01800046880402136,0.10715780885037592,0.024486951738631486
216,0.0,0.23887670365028063,0.0808262457575469,0.07472938015481298,0.0973305897395438,0.09161192878956131,0.1917209013930705,0.07452211707983955,0.018947163504732346,0.10724876633333194,0.02418620359728328
217,0.0,0.21959939405517004,0.09325853803933268,0.09060056694110583,0.08954537388602508,0.08657331236392068,0.1712312677754773,0.09583941865584533,0.023941190522507087,0.11091484959862975,0.018496088161989468
218,0.0,0.21574635451431504,0.0954384057090646,0.09330358249985474,0.0873414531171786,0.0873110303322439,0.16876662875948584,0.09746848279489222,0.025319061716774845,0.11120514498256717,0.01809985557362639
219,0.0,0.1891985971837615,0.11528656934962714,0.1100225875523792,0.07813329029124005,0.08199856811537382,0.13611496493146477,0.12400482148636949,0.03781498282504917,0.11578513635942292,0.01164048190531545
220,0.0,0.1619592314208997,0.14718794649057504,0.10785771752950697,0.06983604330438041,0.0858105168740243,0.07679415751377403,0.13845150222664054,0.08308092560855296,0.11630142171088655,0.012720537320762792
221,0.0,0.16633720236147134,0.1533182955691112,0.08891378517344858,0.07074146086923655,0.09586381283906528,0.054398811372718285,0.11990596164308584,0.11676749521153751,0.11247776648071867,0.021275408479610115
222,0.0,0.16548247803260047,0.15362190655470798,0.08843914460476093,0.07090877335454746,0.096564317062709,0.05388190676410556,0.11670674340993129,0.11844133456880507,0.11379853119692167,0.022154864450914004
223,0.0,0.16466333949342218,0.1539331002929264,0.08785920642544216,0.07114233842684779,0.097253178733226,0.0534405903935629,0.11348223414766694,0.11999672987293408,0.11512342630797862,0.023105855905996397
224,0.0,0.1638792880712444,0.15425277996815934,0.08717516906296371,0.07143914532620292,0.09793182364261946,0.05307112613334634,0.11024187520382078,0.1214291083986668,0.11645115309899767,0.024128531093982008
225,0.0,0.16563168584063973,0.15451217923402175,0.08196435322730451,0.07248545675358072,0.10054427275433919,0.05035822839603094,0.10281093643466571,0.12787425332949726,0.11680308502875467,0.027015549001169203
226,0.0,0.16497849785947888,0.15484954853839686,0.08100209482839492,0.07292635056606224,0.10118632195730183,0.0502097865169503,0.09950489227357555,0.1289179263096401,0.11820322485397211,0.028221356296231025
227,0.0,0.16435307587807718,0.15520122055128638,0.0799486935869078,0.07341368173564135,0.10182330952411615,0.05011763447219455,0.09622102408374317,0.1298214861448749,0.11960634429410545,0.02949352972905704
228,0.0,0.15989223743867448,0.15646520457506582,0.08110390742977469,0.07422368387800563,0.10174404091869987,0.05208045330026503,0.09083925380922131,0.1272375176525068,0.12460933670002544,0.031804364297765106
229,0.0,0.1593482695315943,0.1568489022043326,0.07975865087698057,0.07485030576491823,0.10240239377217128,0.05210522660418504,0.08773656549895958,0.12771324002503417,0.1259302560387233,0.03330618968310514
230,0.0,0.219917946713874,0.11713346416949609,0.026232674852419195,0.0876892471272349,0.13029501519440487,0.03526885644375784,0.014684520706428492,0.190183010049725,0.11498387914318578,0.06361138559947825
231,0.0,0.20963360893889502,0.09431902207936524,0.07442719297026543,0.0806434237569688,0.11305705537065278,0.037995278473302724,0.038582834258728285,0.16981593067858403,0.1245665748734779,0.05695907859976451
232,0.0,0.20634806673884348,0.0958183671794886,0.07681490963821475,0.08031876033249188,0.1116981215446253,0.038412988853701174,0.04067675477251584,0.1653759565107408,0.12927714557221473,0.05525892885716821
233,0.0,0.2031056378373431,0.09721773568357817,0.07925833303775733,0.0799954189614604,0.11032475649505193,0.038856125602838444,0.042774584693342485,0.16095367394144744,0.13399743455228635,0.053516299194899225
234,0.0,0.19991293411482486,0.0985109196283543,0.08175537896237912,0.07967426307241232,0.10893804401592949,0.03932764482377478,0.04486670964054366,0.156559661358249,0.13871660366713506,0.051737840716402535
235,0.0,0.19677626427977216,0.09969224512578466,0.08430366329925155,0.0793561927071042,0.10753917047551384,0.03983035090805504,0.04694369682543603,0.15220427087843338,0.14342379736285044,0.0499303481378038
236,0.0,0.19370161459028878,0.10075659585171103,0.08690050070081365,0.07904214086118508,0.10612943079617353,0.04036687413595029,0.04899633352230532,0.14789759646767556,0.1481081788614483,0.048100734212453575
237,0.0,0.1906946311674478,0.10169943380952262,0.08954290478037336,0.07873306967825033,0.10471023360668374,0.04093964957589524,0.05101566408776685,0.14364944334204194,0.1527589663072179,0.04625600364480546
238,0.0,0.16010918017205805,0.09596219380718247,0.13974239435768715,0.07690016234045886,0.08350143252500578,0.052474708358311806,0.08974128627812361,0.10411816017808281,0.1634768380791923,0.03397364390390249
239,0.0,0.1578760550771753,0.09601824602293821,0.14164187687032528,0.0771412072023975,0.08265685671768781,0.05347933797926117,0.09094255981125417,0.10088578438314809,0.16739683380508424,0.03196124213073363
240,0.0,0.15574726600280628,0.09596397754807126,0.14350375534340484,0.07739336298993445,0.08185353392208855,0.05453431330170386,0.09200813412272639,0.09778167853146111,0.17118740728873233,0.03002657094907629
241,0.0,0.1537233412731366,0.09580229112654529,0.14532359516620816,0.0776558671814399,0.0810947738266286,0.05563831098069336,0.09293506932544043,0.09481033418079973,0.1748394570541447,0.028176959884968843
242,0.0,0.15180445200647022,0.09553654500891179,0.14709690796814207,0.07792793671277368,0.08038390568708964,0.05678970205117453,0.09372100411936349,0.09197576265797054,0.17834437533384084,0.026419408454268795
243,0.0,0.14999042159825451,0.09517053183025999,0.14881916626103303,0.07820877290529682,0.07972426194939358,0.057986561617464426,0.09436415822437959,0.08928148939709986,0.18169407778248786,0.024760558434335972
244,0.0,0.17536915169043543,0.09892473355348522,0.03402324103233131,0.14451589610450757,0.1264093988188202,0.1438170781133855,0.026361949428747193,0.02923977935006059,0.15042344995696774,0.07091532195126479
245,0.0,0.17515995552890937,0.09964731337988682,0.03249496447822572,0.14252885667651413,0.13004387669722595,0.14432208606938848,0.024945147383460643,0.02951300235775408,0.14950517584712927,0.07183962158151144
246,0.0,0.17490759941111012,0.10041265431261409,0.031046152486978444,0.1404407198193836,0.13369553327332276,0.14478272279985294,0.023579415237675795,0.02982371420576325,0.14852943563385035,0.07278205281945457
247,0.0,0.17461430723611343,0.10121612975368878,0.029678409234738228,0.13825852201361102,0.1373542554493047,0.14520153639895744,0.02226730780762224,0.030169766012545954,0.1475028319468477,0.07373693414657631
248,0.0,0.1742824911016839,0.102052938400017,0.02839312299215848,0.13598966826592487,0.1410096576798135,0.14558130360213414,0.021011222615551425,0.030548966105283137,0.14643205758010908,0.0746985716573305
249,0.0,0.16532572875968332,0.1125960582709071,0.023667213274580365,0.10562587360564434,0.1788933102748969,0.1454970723929698,0.013662178773705768,0.0371678304885289,0.13208025010848173,0.08548448405060799
250,0.0,0.16503689859266285,0.11336676198189302,0.022879298778551917,0.10318518650164649,0.18189805403438558,0.14580817316969036,0.012846385554695887,0.0377592856866376,0.1308582398691926,0.08636171583064992
251,0.0,0.16474699881870283,0.1141151637321591,0.022168846203699175,0.10076022676403422,0.18477112466549836,0.14612058901039193,0.012107109902124926,0.0383544534413183,0.12966937329780118,0.08718611416427623
252,0.0,0.16575432590571357,0.11485446370274338,0.019776956835650346,0.09828951425477415,0.18761225258291933,0.14781367049435928,0.01030895126046562,0.03857986525165179,0.12946164944860805,0.08754835026312097
253,0.0,0.16532934774968117,0.11555941931571936,0.019495267650792222,0.09587398443159136,0.189981349575124,0.1480723043970516,0.009961136100172659,0.03917222002408881,0.1284656609308477,0.08808930982493772
254,0.0,0.16491345837814383,0.11622371838141723,0.019289756071753497,0.09350797026449058,0.19218026218588716,0.14834705338879015,0.009691371288471636,0.03976196459668711,0.12752199165424252,0.08856245379012295
255,0.0,0.16450928708587945,0.1168436764449929,0.019158948839782988,0.09119943032116552,0.19420054152810706,0.1486411162014783,0.00949978760900446,0.04034737420336419,0.12663455961068748,0.08896527815554436
256,0.0,0.16411934044338064,0.11741587316783565,0.01910123632837209,0.08895603646422279,0.19603424623852708,0.1489575165674765,0.009386387817976804,0.04092681749770563,0.12580689145130955,0.08929565402320001
257,0.0,0.16389734240395895,0.11786136792344867,0.01919980953549501,0.08671379103432979,0.1971456548183007,0.14962263040999307,0.009509473345145465,0.04133503416371872,0.1256834720692552,0.0890314242963611
258,0.0,0.16349888990020942,0.11832455041373365,0.01937116692933811,0.08462512766566722,0.19850066265548133,0.14997551419119795,0.00962726817832442,0.04189709542025677,0.12502487744335003,0.08915484720244782
259,0.0,0.16281938987137473,0.11719938993757754,0.024214218186278506,0.08205027206887013,0.1927128807214307,0.1517362562421476,0.014117739028381556,0.041093508583053676,0.13077101988149575,0.08328532547939674
260,0.0,0.16217965679155655,0.11748378000111262,0.025089712989766987,0.0802309635135679,0.19305105394819552,0.15206044438096838,0.014856131028618132,0.041646123525009605,0.13050821602348833,0.08289391779772289
261,0.0,0.16157193935355363,0.11770043880389847,0.026015537153230385,0.07852497104349944,0.19317090083799465,0.15242667486082037,0.01565583362499756,0.042190454757113915,0.130305142819094,0.08243810674580464
262,0.0,0.16074128948204647,0.11747879711833012,0.02823189219996453,0.07688250274021068,0.19157966077657107,0.1529016584917865,0.017606486965456403,0.04250906785534591,0.13131078417376635,0.08075786019652913
263,0.0,0.160165541553643,0.11754749654715042,0.029316193180612855,0.07543661300794592,0.19118023272875048,0.15334324311008482,0.018577733695546498,0.0430400661292675,0.13125235781392636,0.08014052223307942
264,0.0,0.13535338106496309,0.08295477763930093,0.12195997441443181,0.07269047624145633,0.11444343569429143,0.12529381834906675,0.09442654618619462,0.04772031972565723,0.17859274907311234,0.026564521611532842
265,0.0,0.1327209536146692,0.07841877950528453,0.1276459083665297,0.07364301421841214,0.1128614933999817,0.11713952367719192,0.09814105192776507,0.05463659359743698,0.177182872264876,0.027609809427860257
266,0.0,0.13165392550383803,0.07474408176499303,0.1267692436391508,0.07584402406675363,0.11746868988953688,0.10724220143755314,0.09669006017876665,0.064302524722411,0.17190010050395382,0.033385148293050664
267,0.0,0.13092606390180794,0.07505003220135185,0.12576872288405905,0.07652444561131594,0.11742119297325251,0.10754199379302483,0.09549591765959818,0.06556727446870579,0.17110755440831005,0.03459680209858136
268,0.0,0.13021953521083537,0.07540879643560637,0.12463020136101058,0.0772521380248993,0.11741546183612529,0.1078436134625694,0.09427565332513516,0.06679064707669403,0.17027714435870356,0.03588680890842855
269,0.0,0.13666580886113147,0.07316294190813143,0.09239438673355164,0.08692807316627174,0.15329228883301071,0.08326307631241212,0.06954369554979817,0.09437196840953432,0.14713442535725613,0.06324333486891014
270,0.0,0.15665083959723142,0.07122863254561715,0.01869806946466966,0.11865628727894102,0.2092772775770794,0.05822723920584918,0.009598558200683898,0.14221955353466023,0.12115512933790927,0.09428841325736687
271,0.0,0.15357608962244718,0.0661241697001033,0.03017130064996263,0.12706275488133992,0.18930852580397758,0.06378152496056992,0.016609288908210337,0.14046729887486012,0.136980751021298,0.075918295577239
272,0.0,0.1517841314335061,0.06712577236170994,0.03146065509211316,0.12718861988000316,0.18650814747401323,0.0656668277622955,0.017508018201029395,0.13810934249654644,0.14091869316465822,0.07372979213413301
273,0.0,0.13948279247556786,0.05570813754331,0.08192823331425976,0.12873362024365315,0.13483721678389218,0.08128791537164323,0.052402593966944674,0.11981836650649093,0.17085879345568927,0.0349423303385569
274,0.0,0.13804148615600623,0.055856303730720605,0.08427621196612871,0.12845396043643625,0.1317159227761016,0.08349394322406012,0.05350983707508109,0.11775847767045533,0.17412981696730406,0.03276403999771395
275,0.0,0.1277677411977863,0.05116015012771569,0.12452952230411321,0.11970638182545545,0.10075688867150731,0.09816785227809939,0.08032686216292008,0.09660633192187382,0.1871572598489534,0.013821009661583466
276,0.0,0.12717643603060252,0.05093798586074674,0.12593896485478112,0.11902902930911291,0.09929140421411922,0.10019956760516453,0.08028937268366138,0.09553746807992582,0.188490336364526,0.013109434997368021
277,0.0,0.12664441190711728,0.050681417762141266,0.1273032361540159,0.11832312727060393,0.09791082406352623,0.10222180322566415,0.08015858452066942,0.09456145141046494,0.1896316351904594,0.01256350849534572
278,0.0,0.1261711503721208,0.05039309075040477,0.12861828946790513,0.11759076522935749,0.09661660841307618,0.10423147590922247,0.07993595952831742,0.09367767646317565,0.1905820499127515,0.01218293395367688
279,0.0,0.12575600334816978,0.050075771028535596,0.129880050421994,0.11683427840264161,0.09540986197183936,0.1062255325706756,0.07962328974010485,0.09288521604543767,0.1913432545749599,0.011966741895650038
280,0.0,0.12476828793624202,0.05457901009780582,0.13325449056715824,0.10582777389968093,0.10232930011584476,0.11425079488698474,0.07853664045846609,0.08229758325498754,0.18291435361327002,0.02124176516956839
281,0.0,0.12503584373982277,0.05442078471924181,0.132947323822094,0.10488070078224371,0.10290742989479569,0.11583825126114325,0.07714250911968584,0.08228073504524828,0.18224690348155245,0.022299518134180834
282,0.0,0.12534999083531814,0.054261447088016085,0.1325629765720133,0.10393597307510831,0.10354616301364516,0.1174005999946009,0.07568999726186156,0.08232316470616957,0.18145511348135432,0.023474573971921396
283,0.0,0.12570961285174592,0.054102438859987965,0.13209994667651317,0.10299807782959355,0.10424086634291063,0.11893674659103616,0.07418385264971257,0.08242138326114341,0.1805474057222881,0.024759669215077235
284,0.0,0.1419715436024198,0.11303251901799657,0.0196711325059369,0.08491783256597768,0.20028243167630808,0.12777737703302075,0.009394366601394515,0.06774654367853697,0.1413314726490052,0.09387478066941243
285,0.0,0.13268157906205025,0.096603340324629,0.07424969811339659,0.08506798786558392,0.12803305599442918,0.13651374607919953,0.04972552864261144,0.06216881883001818,0.182013465185867,0.05294277990222379
286,0.0,0.13232691126751156,0.09580305068993025,0.07610909022151288,0.08497292602395835,0.12496162719820306,0.13795545196960501,0.05073979879172907,0.06298861767874692,0.18218603933685518,0.05195648682195679
287,0.0,0.13201177383996776,0.09497969935559922,0.0779276723962218,0.0849617456351027,0.12180233692495293,0.139419107151577,0.051747610834950795,0.0638047880555211,0.18233064691549536,0.051014618890620436
288,0.0,0.13173344187966293,0.09414005656660396,0.07970059489165532,0.08502950524298943,0.11856705966357646,0.14089821618292342,0.052748854781992816,0.06461629519289437,0.1824438374583511,0.05012213813935936
289,0.0,0.13148905912354716,0.09329101141794152,0.08142317926139794,0.08517090171222169,0.11526798195546499,0.14238613521785184,0.053743487523299306,0.06542212140132907,0.18252229831286226,0.049283824074093506
290,0.0,0.1312756591465241,0.09243953378232456,0.08309093299400062,0.08538029733843393,0.11191755210325365,0.14387610607892226,0.05473152357538489,0.0662212675058181,0.18256287716339975,0.04850425031194744
291,0.0,0.13243447072996753,0.09130423378763987,0.08206184788504567,0.08746901088008795,0.10218960695993702,0.1519127742809858,0.054295480645805215,0.06959971911763843,0.18023142713293505,0.04850142857996663
292,0.0,0.1324168278065713,0.09044703826794961,0.08350808154710371,0.08794408728369547,0.09853314083400463,0.1533940972720572,0.05537910215118252,0.07027899354181227,0.18015340382369363,0.04794522747193889
293,0.0,0.13241024959035697,0.08962389366745456,0.08488960978466895,0.0884471794136256,0.09489147342690346,0.15483752615080215,0.05646275876370406,0.07094687892631918,0.18002491366048448,0.04746551661568993
294,0.0,0.12536025065889594,0.08000115292480316,0.11297226713568584,0.08564833731056172,0.07419445072377562,0.14568295057274072,0.07698033884658949,0.07635568303024041,0.17949028745501514,0.04331428134170151
295,0.0,0.1250439634426291,0.08022253858462239,0.11278721282623265,0.08608846583299874,0.07250996005084936,0.14631588679711008,0.07714383757250422,0.07718002977812008,0.1786124263289965,0.044095678785946564
296,0.0,0.1349515536320528,0.08350184475783354,0.06653034222882252,0.08252239115203043,0.1459823667723935,0.09886733106233347,0.048794579032033686,0.10747974119842578,0.14849089786118486,0.08287895230289907
297,0.0,0.13413711386773916,0.08557906641344001,0.06362488718303175,0.08297063252720971,0.14712827959644045,0.09906494932828132,0.047237563584259054,0.10736646217062054,0.14887823117633764,0.08401281415265018
298,0.0,0.13333881738991488,0.08765525109586887,0.06071643677894216,0.08339023567041091,0.1482952899464467,0.09926323943136815,0.04571410736950673,0.10719225003967749,0.14933723614994165,0.08509713612793228
299,0.0,0.13256043788617447,0.08972221924333014,0.057813056941803255,0.08377854413782972,0.14947931464748915,0.0994655266798007,0.04422498001787117,0.10695863191860257,0.14986641812544552,0.08613087040166328
300,0.0,0.13180578495392764,0.09177171540406513,0.05492280252193936,0.08413308880093866,0.15067604713995472,0.09967527538716889,0.04277079626870663,0.10666731059247897,0.15046396397260628,0.08711321495822374
301,0.0,0.13387512241513408,0.094943950710279,0.04198644052900621,0.08565958565048368,0.16204704865708458,0.0961485973293838,0.034608923575596945,0.109989447659528,0.14994242266443147,0.09079846080908228
302,0.0,0.13311981914237742,0.0968725770551275,0.03936210427147398,0.08597846627626898,0.16296835638295434,0.09657808386535618,0.03328085309637134,0.10941249425463107,0.15104484937718854,0.09138239627826078
303,0.0,0.13591905758052267,0.10348032280833913,0.016131593975803365,0.09022168115830695,0.1761330179381979,0.09674860772341948,0.018107075592521473,0.11275822341187157,0.15869308166029253,0.09180733815073516
304,0.0,0.13528754618431718,0.10465698680943823,0.014753527782399247,0.09041888408380087,0.17586760274433752,0.09789602372468562,0.017240861254842994,0.1117131248355463,0.16069236676484877,0.09147307581579374
305,0.0,0.13471630629645406,0.10571571460129517,0.013494516917703986,0.09057704416308754,0.17552562495003118,0.09910060261092993,0.01641932197195024,0.1106496162101432,0.16270382837539227,0.09109742390302303
306,0.0,0.13420776796327227,0.10665201967981992,0.012358128806726494,0.09069546003739246,0.17510499048335904,0.10036387069886443,0.015641280256087322,0.10957139738702518,0.16472025523155262,0.0906848294559108
307,0.0,0.13376410658272306,0.10746192158087935,0.011347491906114759,0.090773600465989,0.17460379067371215,0.10168714260818523,0.014905530381278245,0.10848215835123258,0.16673442218733525,0.09023983526256106
308,0.0,0.13338723235774133,0.10814196546312659,0.010465282165887348,0.09081110505478758,0.17402031384411196,0.103071508341141,0.014210848097105464,0.10738556548276916,0.16873912431060367,0.08976705488273667
309,0.0,0.13307878111200322,0.10868923910379694,0.009713711472698663,0.0908077843340615,0.1733530561322353,0.10451782136673358,0.013556000019161463,0.1062852480727276,0.1707272108860381,0.08927114750055457
310,0.0,0.1328401065181244,0.10910138721422978,0.009094518138530535,0.09076361917863461,0.172600731492691,0.106026687768785,0.012939752651979755,0.10518478514573007,0.17269161915762996,0.08875679273367595
311,0.0,0.13267227378041008,0.10937662299644278,0.008608959488579353,0.09067875956662136,0.17176228083699033,0.1075984565117207,0.012360881003287324,0.10408769263824197,0.17462540764811738,0.08822866552959982
312,0.0,0.13257605480607002,0.10951373687713042,0.008257806591637936,0.09055352267567125,0.17083688027168853,0.10923321087232327,0.011818176751610013,0.10299741098022074,0.17652178889489706,0.08769141127876179
313,0.0,0.13563666257036885,0.10334888750632051,0.011579748586292717,0.09361605939709444,0.16008036400776018,0.11800793039301867,0.008712396430321755,0.10578697325880634,0.1850325298407115,0.07819844800931625
314,0.0,0.13557422684247528,0.1028541822109419,0.01234253394585914,0.09348467846641426,0.15805959685355853,0.12016218954132495,0.008463909575679848,0.10470939974646827,0.18701312601372339,0.07733615680356572
315,0.0,0.13614827543134847,0.10022026383029234,0.015396384046739793,0.09420362383801269,0.15206134259569506,0.12470852069510097,0.008097948376766884,0.10468398153161858,0.19067088670609955,0.07380877294833717
316,0.0,0.1361817020131637,0.0994098426303563,0.016585330413494234,0.09401731656542842,0.1496968365283996,0.1270276767347289,0.007962974694810795,0.10367587791195172,0.192493788282763,0.07294865422491494
317,0.0,0.13627633482597862,0.09848602616779045,0.017882896511653944,0.09379688675216344,0.14726950668893884,0.12938311520701679,0.007855901642120088,0.1027029155782121,0.19421745108490696,0.0721289655412305
318,0.0,0.13643058685758738,0.09745313832448896,0.019284644181680896,0.09354319682180197,0.14478286822004735,0.13177144774780403,0.007775700459855868,0.10176727016747715,0.19583729414927675,0.07135385306999138
319,0.0,0.12315722205255511,0.05011755041091047,0.11419137965759527,0.1095558541542934,0.029433209222801262,0.178825520846478,0.038796078417059815,0.12363577252718355,0.2061986009378872,0.02608881177324755
320,0.0,0.12010322807179989,0.051968534471735925,0.11363352601818907,0.10871046742445975,0.033931696259567955,0.17475391505315777,0.04097369765849148,0.12345664511921192,0.20139259391358175,0.031075696009816134
321,0.0,0.11972796244339705,0.05249008487201139,0.11326129729895837,0.10823715546412781,0.03443095926403738,0.17468240160211293,0.04064043219264633,0.12347843735522987,0.20109010707931216,0.03196116242817843
322,0.0,0.11939669778508968,0.05303028951486093,0.11278713742215037,0.10775411369317667,0.035048607999937836,0.17453702708092084,0.04029040810139548,0.12349140217870852,0.20075659460923528,0.03290772161453608
323,0.0,0.11641024102208283,0.06035867354070379,0.09943938124189466,0.10572394122491043,0.05762319615846629,0.16127325182075186,0.03991110979124617,0.12113223963066481,0.19183259571223366,0.0462953698570574
324,0.0,0.11652513312358327,0.07176688100246675,0.07219775825876526,0.10359799720198298,0.09571684421392224,0.14128737995970506,0.03442136889012905,0.11627405637274159,0.18347628369272104,0.06473629728399483
325,0.0,0.13033580343021478,0.08815041512180706,0.009207792548900884,0.10802947695473603,0.1661546847024544,0.104386796869273,0.01166168605372781,0.10422302438013964,0.18530188365049807,0.09254843628826052
326,0.0,0.13583022729299732,0.08421380712595637,0.00810769506108225,0.11293906201644495,0.1598271550091222,0.10564042778658345,0.007787700632611593,0.1032620505556559,0.19338452776681656,0.08900734675274172
327,0.0,0.1372725048824629,0.08266584129909318,0.008479398532682798,0.11386719334275043,0.15697123582081235,0.10733156628872852,0.007484394961129968,0.10291725612434179,0.1954795820603874,0.08753102668762312
328,0.0,0.13875324212064016,0.08103886417304494,0.008935978067004177,0.11482556857595429,0.1539524422814596,0.10910286294859893,0.007220942135100769,0.10253864136995092,0.19762029616933416,0.08601116215892457
329,0.0,0.142575503330445,0.06894303011891897,0.03212169296508994,0.12327740421883455,0.11424710762287835,0.1222019397192321,0.009906498762796647,0.10470042694294752,0.21019814773144274,0.07182824858742676
330,0.0,0.14376339912178915,0.06709630095960475,0.033726062754094156,0.1243138313098572,0.10976597403444391,0.12447173456063106,0.010262989575259267,0.10447310411379405,0.21202137669603016,0.07010522687450912
331,0.0,0.14494251208266887,0.0652603541932197,0.035364742432424635,0.1253216276979055,0.1052648841139271,0.12672732262754233,0.010666037826689904,0.10422659361479615,0.21381715824529673,0.06840876716554185
332,0.0,0.14072002761102897,0.05696718430788854,0.07085464085418662,0.12860048011692832,0.05757298294451411,0.14102847256228002,0.022123110441624346,0.10881591083626682,0.2175748931436582,0.05574229718163674
333,0.0,0.13674229567617197,0.0558587358015458,0.08773281371196458,0.12776716806558702,0.03702511994848338,0.1461662568789719,0.029495414262454646,0.11107772636282964,0.2161480697187447,0.051986399573258985
334,0.0,0.12799780314639456,0.06196716047501996,0.10556825150488403,0.12104038887438018,0.021307875560926996,0.1466228768497796,0.04064050998141652,0.11369011310294956,0.2079727500945782,0.05319227040968324
335,0.0,0.12813464312842682,0.062436639745202735,0.10540309888035053,0.12069742703801734,0.020613265667055805,0.14661666493110856,0.041173042353097,0.11368450681467353,0.2078657999099592,0.05337491153212138
336,0.0,0.12356611298747293,0.07087976126809216,0.10606171939576303,0.11359690600727546,0.0250549420978312,0.14168027791694093,0.045611590108157234,0.1137953936916959,0.2010542351191096,0.058699061407674426
337,0.0,0.12457263415013542,0.07405538793352251,0.10207188560130315,0.11060646282929727,0.028662765632927776,0.138755450697041,0.04670484432173684,0.11310260778422897,0.2004150721086035,0.06105288894121665
338,0.0,0.12472358761388654,0.07521196635532766,0.10090071870952924,0.1093596481274535,0.030386986022227593,0.1375260990035359,0.04707900755748551,0.1128360390595549,0.19997536008180594,0.06200058746920647
339,0.0,0.12452124882258332,0.11732396205289863,0.04823746813661754,0.07324307648417833,0.11176461892269816,0.10475740899669601,0.040053237550322245,0.10429211826994822,0.18354959504940102,0.0922572657146696
340,0.0,0.1255242081218684,0.11805704821650949,0.04580066080806472,0.07195408456545224,0.11509033159717463,0.10350955827241239,0.03928817738903159,0.10339725783901288,0.1840928658201425,0.09328580737034438
341,0.0,0.12660771766930182,0.11867180191747115,0.04342941393447536,0.07063542089016306,0.11840771987509878,0.10229089326377472,0.03852928948702722,0.10246939237928168,0.18463824958073546,0.09432010100268408
342,0.0,0.12777241179460158,0.11916436484590974,0.04112782296664095,0.06929160495373107,0.121705849779769,0.10110753002883216,0.03777661572426902,0.10151053515528173,0.18518279348879094,0.09536047126218707
343,0.0,0.12901863378101816,0.11953137981842414,0.03889964365322933,0.0679273159530626,0.12497384199995992,0.09996543211352456,0.03703021917674888,0.10052275580054518,0.1857235381520149,0.09640723955148561
344,0.0,0.13034642820133838,0.1197700079714456,0.0367482840606393,0.06654737135407152,0.12820091269723743,0.09887038417495765,0.036290188580827,0.09950817469205896,0.18625753119872784,0.09746071706870973
345,0.0,0.15126862264152344,0.12056224361062436,0.0051999942963358485,0.05624232631850893,0.1501763910246111,0.10784325669172706,0.016275035222561476,0.09507133647366746,0.2057370360461765,0.09162375767427741
346,0.0,0.15287044018599655,0.11920587473861943,0.004889918388208998,0.05585348468067614,0.15034602917039416,0.10860384364663479,0.015522747599499415,0.09381734793707845,0.20703657945377305,0.09185373419913283
347,0.0,0.15452311612923608,0.1177355458764346,0.004687044596168742,0.05548247343868503,0.15038832460955256,0.109433124913097,0.01480680680225576,0.09256882097477291,0.20826267015660918,0.09211207250320207
348,0.0,0.15696085593590875,0.1154615972417141,0.004608891548260818,0.055256930629526864,0.14916495131219729,0.1116533231750945,0.013536009253801055,0.0914566198970082,0.21050925323836847,0.09139156776813405
349,0.0,0.15868115893927673,0.11374965182935869,0.004695116037817807,0.05496130040149096,0.14882846453600446,0.1126706760397829,0.012912463789508317,0.0902283057634466,0.21158411491265638,0.09168874775067146
350,0.0,0.16418629814628763,0.10679331320800367,0.007700256654955336,0.05619686837589986,0.13783648666860568,0.12333001353746287,0.00958850179340229,0.09025663231709262,0.2192271332686896,0.08488449602961468
351,0.0,0.16679040002107914,0.10284613884755439,0.010141683699178275,0.05683395344766369,0.13214590974538276,0.12826183644720654,0.008505771317636053,0.08968632770236006,0.22230778922165687,0.0824801895502967
352,0.0,0.1683317784776731,0.10078943658657509,0.011090037988427243,0.05682814428690953,0.1306330945216072,0.12974334638518273,0.008182998553977519,0.08855806741048236,0.22308544600737854,0.08275764978180113
353,0.0,0.16988176627903856,0.09869056199280615,0.012107636028417525,0.05683656943947594,0.12903197481004586,0.13124817247042797,0.00790649399275378,0.08745376375936709,0.22375437113995914,0.08308869008772247
354,0.0,0.17288557465231025,0.07674075614449831,0.043412144619997865,0.06606804240625946,0.07223677855165321,0.16876277799954376,0.0078926769555579,0.0952872911346516,0.2407804624830261,0.05593349505251632
355,0.0,0.1717865618216016,0.06642154548641266,0.06163942917793242,0.06946891752409731,0.047356012561723705,0.18280044986243948,0.011162631981932434,0.09652203315517115,0.24387540894283544,0.04896700948586869
356,0.0,0.17202630757497275,0.06533675371030442,0.0632280703074157,0.06947344782422936,0.045747449314136844,0.1834370844196364,0.011652796050571807,0.09579571780621178,0.24361225123740143,0.04969012175513455
357,0.0,0.16661340648733516,0.05976590981760545,0.07890211263752107,0.0721059133308303,0.027878541857343366,0.19227403271720495,0.016007726501122768,0.09926714475447633,0.24437475274207734,0.04281045915449822
358,0.0,0.148211248527935,0.060873516655019916,0.08783654756114105,0.07251163062432661,0.04534407503994067,0.17557363520658636,0.027156857309928336,0.10213419706451957,0.22912113028780248,0.05123716172281492
359,0.0,0.14812605109119334,0.06147351738970688,0.08674931141197503,0.07201562354646432,0.048095791543952875,0.17334749776801053,0.027260618918314248,0.10133887226924361,0.2293828170482295,0.0522098990129246
360,0.0,0.1480871381932696,0.06206366398324401,0.08559567991363176,0.07152797608486923,0.05091058993504549,0.17108506438444698,0.027344935268887562,0.10052571190873165,0.22969872296861588,0.05316051735927296
361,0.0,0.14799630938004243,0.0672092782572542,0.0625924952164624,0.07104318405851726,0.09580291248815392,0.14268714834852012,0.025999657129055682,0.09453430521948651,0.22041711954390458,0.07171759035861833
362,0.0,0.14973496548240114,0.06770814652659342,0.06034270270723533,0.06997110748371958,0.09947633214120674,0.13841581278403492,0.02534983042192231,0.0914004166624313,0.22868181992948847,0.06891886586098203
363,0.0,0.15040982448309856,0.06786676897004618,0.05846516683760474,0.06991612029470903,0.10243641982285191,0.1362647183610205,0.02495108040583308,0.09041120603168193,0.2300810536723168,0.06919764112085261
364,0.0,0.15113631276180983,0.06797346339744098,0.05657580894236277,0.06990272249532954,0.10533559691347424,0.13416868583649194,0.024525574104976983,0.08941919840827338,0.23154589515205493,0.06941674198780085
365,0.0,0.15191268847251205,0.06802799838521728,0.05467833117581511,0.06993145196677017,0.10816784144756142,0.13213171623947795,0.024074091462495062,0.08842701836740845,0.2330727450157617,0.06957611746699627
366,0.0,0.15537473618580827,0.0678398539664498,0.05227364239182242,0.06877661005852752,0.11227895118399848,0.12357882254654963,0.024795203548374715,0.08348344604217252,0.24755811974752834,0.06404061432878391
367,0.0,0.1651417953860579,0.06487697842012942,0.03273385984264512,0.07273655154324953,0.1344618587967946,0.11413103535142391,0.01678960170776599,0.07739249581580002,0.2549282298511358,0.06680759328501347
368,0.0,0.16630168623037384,0.06437891092225256,0.03108225283269198,0.07321224270747373,0.13609427504211888,0.11299583754354059,0.016213680280012768,0.07663080854043275,0.2567478857019529,0.06634242019916602
369,0.0,0.16746539204508062,0.06385467238803352,0.029474789198705616,0.0737095610251594,0.13761997789672606,0.11193507413569596,0.015644837638291623,0.07590242109613204,0.2585471929737341,0.0658460816024571
370,0.0,0.19001299987031883,0.049010820581738786,0.00857908849329447,0.09076390683547772,0.14704755189841767,0.09778110936194498,0.011012333494645327,0.07111059188402066,0.25937019616440726,0.07531140141575038
371,0.0,0.19036057073823676,0.04846636810216216,0.009125388573827005,0.09122955817552836,0.14577967287871907,0.09786822258136034,0.011325007539519929,0.0708031907808146,0.2608506692732199,0.07419135135662819
372,0.0,0.15649161686114263,0.058180916703760556,0.08501429484382432,0.09518720729308247,0.0610056709293029,0.09122028358592484,0.052239952058545994,0.10786576041299309,0.22128124710500147,0.07151305020643821
373,0.0,0.155775926422256,0.05918623198806574,0.08615682047821166,0.09372699521801121,0.06153164788891029,0.09012747611295731,0.052483635962389676,0.10776985780638242,0.22336305128036296,0.06987835684246936
374,0.0,0.15506812692344984,0.06019826329788743,0.08728493253726954,0.09219128980318121,0.06221054545358307,0.08895269516786171,0.052737513397114084,0.10764677650494228,0.22544604759327525,0.0682638093214522
375,0.0,0.15437278448244468,0.06121088735051355,0.08839782684738812,0.09058474029045745,0.06303845105703083,0.0876986973641149,0.053001082599681976,0.10749437648121839,0.22752786140868797,0.06667329211847887
376,0.0,0.14787827600659406,0.06893415345922445,0.09409339725612864,0.08426336891887666,0.06412499096138566,0.08198135408977117,0.05489311074168319,0.11157492883819364,0.2291211009118105,0.06313531881634875
377,0.0,0.14610406599514464,0.07238279073063969,0.09487709612253582,0.08053192193595252,0.06769239591544614,0.07838587306900749,0.054667801643376895,0.11221224425788213,0.23207835649784925,0.061067453832182324
378,0.0,0.14607414910239427,0.07314133466326951,0.0951504543624478,0.07871504397355712,0.06993362942376097,0.07659443119629109,0.05444775654698471,0.11163548095273504,0.234645869188417,0.05966185059015946
379,0.0,0.1465622472623198,0.0872681366806669,0.08036820235188927,0.06537129526529603,0.09769346075519615,0.06185284544962725,0.04517365514775656,0.11078044745955029,0.2467480656358607,0.058181643991853944
380,0.0,0.14788084218959271,0.08709458362413029,0.07938966962710432,0.06402613860952257,0.10091702209774635,0.05991218010182195,0.0442145638075906,0.10945363283344384,0.24978630085324344,0.057325066255820976
381,0.0,0.1492748003273517,0.08682109677879123,0.0784001756038366,0.06273789145645066,0.1041129065119634,0.0579949850238794,0.043264243516683565,0.10806380369104718,0.25277362177641477,0.05655647531359881
382,0.0,0.15074281331375505,0.08644776102915337,0.0774000490957591,0.061512915124147804,0.10727036689935183,0.056106844235364633,0.042323463867800594,0.10661214500478546,0.25570301481356594,0.05588062661633341
383,0.0,0.1770693314234095,0.0911841740980064,0.026939653286842915,0.05388996533278933,0.15551197585412965,0.04530153745684886,0.01586859760406058,0.0894706568571615,0.2762913391827349,0.06847276890403364
384,0.0,0.19639864282898373,0.08392219951012396,0.005320061153749716,0.05706650156908576,0.16169280881538675,0.05230328767495278,0.004674621252065626,0.07657965653412058,0.2811584807513073,0.08088373991024118
385,0.0,0.19844888674078498,0.08192223754750455,0.005181835906975571,0.05810923319111702,0.16123939343074678,0.05201712569159634,0.0045723149283621095,0.0743717064592632,0.28157177696384944,0.08256548913981748
386,0.0,0.2004507710528636,0.07993633922962647,0.005107316864717887,0.059208053217582116,0.16062123033647074,0.051787964803556776,0.004534346135253736,0.0721810458084724,0.28181509808947325,0.08435783446200068
387,0.0,0.2023991785407325,0.0779718821420057,0.005095312742848582,0.060360183139157926,0.15984132461372236,0.051613800679690146,0.004559591131155221,0.07001192855921913,0.28188862224832806,0.08625817620315815
388,0.0,0.20486904503775094,0.07537717899914585,0.005219675544852784,0.06206141231829704,0.1570583704441592,0.05308911665330917,0.004804511566326566,0.06717400413570468,0.2808743794840757,0.08947230581639577
389,0.0,0.2065869390428541,0.07352285367659218,0.005459556515327938,0.06332079107325067,0.15582312323159336,0.05304063223877105,0.00504717016652301,0.06509665335693125,0.2804716043745969,0.09163067632357742
390,0.0,0.208234716038858,0.07171571052818755,0.005757697259071249,0.06461860637559651,0.1544444618996584,0.05303596322631779,0.00534785417508844,0.06305651548196085,0.2799065051227611,0.09388196989251793
391,0.0,0.17607305039333124,0.06521461618388713,0.07737563968692063,0.0624897098587239,0.07704379834510146,0.09495222727025815,0.03788799083922953,0.06412006833435696,0.2543007786431135,0.09054212044509546
392,0.0,0.17460679119539838,0.0654787731805397,0.08021570266053064,0.06209556601437844,0.0757983486570176,0.09422280376380752,0.03962917463679815,0.06347857867553686,0.2529106885248279,0.09156357269118286
393,0.0,0.1740812511636912,0.06569600177787295,0.081450118198125,0.06208830685077103,0.07541933860950523,0.09299423615650662,0.04075038373203687,0.06279009282961077,0.2514811555710268,0.09324911511087174
394,0.0,0.17355819691198332,0.06595234446122739,0.08263934921765116,0.062062679389575326,0.0750799481462831,0.09175166703567492,0.041828853475847964,0.062168620200208594,0.25006577275168923,0.09489256840987714
395,0.0,0.17304027185554444,0.06624543252263092,0.08378208023747422,0.062019628830683675,0.0747798886412428,0.09049727589703771,0.04286121602202552,0.06161482160050458,0.2486691670794848,0.09649021731338957
396,0.0,0.1725301167858659,0.06657281800202051,0.08487710549623413,0.06196015625134349,0.07451870931439779,0.08923326993931788,0.04384429586745788,0.06112921346849923,0.24729572628833915,0.09803858858654227
397,0.0,0.1720303571333993,0.06693199005170049,0.08592332866335194,0.061885311480211626,0.07429580496348645,0.08796187360558798,0.04477512139090669,0.060712164922341896,0.2459495846411105,0.09953446314792136
398,0.0,0.17154359026784402,0.06732039143958836,0.08691976233312089,0.06179618568823689,0.07411042429391507,0.08668531809679877,0.04565093567278475,0.06036389520631292,0.24463461010463794,0.10097488689677878
399,0.0,0.17107237290247868,0.0677354350982904,0.08786552731381016,0.06169390374171626,0.07396167878641782,0.08540583091761106,0.04646920654583196,0.06008447154695963,0.24335439292643002,0.1023571802204724
400,0.0,0.17061920866849337,0.06817452062748139,0.08875985172304164,0.06157961636446974,0.07384855203962118,0.08412562551438954,0.047227635829483826,0.05987380743751443,0.2421122356403903,0.10367894615513303
401,0.0,0.1701865359243954,0.068635050657987,0.08960206990046139,0.06145449215740644,0.07376990952289508,0.0828468910646026,0.047924167703877904,0.05973166136721375,0.24091114452213283,0.10493807717904602
402,0.0,0.1697767158643355,0.06911444698738224,0.09039162114842891,0.06131970952480118,0.07372450867346188,0.08157178247591393,0.048556996182837896,0.059657636010494314,0.23975382250764868,0.10613276062471404
403,0.0,0.16939202098764133,0.06961016639880734,0.09112804831109086,0.061176448557359625,0.07371100927071725,0.08030241065195398,0.0491245716487978,0.05965117788927041,0.23864266358238537,0.10726148270199479
404,0.0,0.16903462398996089,0.07011971607705526,0.09181099620180261,0.061025882922613614,0.07372798402010719,0.07904083308013209,0.04962560641646492,0.059711577519607074,0.2375797486412108,0.1083230311310643
405,0.0,0.16890347356927743,0.07153804006275397,0.09223251971903812,0.06263580721698106,0.07313742687669508,0.07342977881876335,0.05182143722350416,0.06018533756160139,0.23016981168068185,0.11594636727072243
406,0.0,0.16793337575731676,0.07393157380322563,0.09555831979033229,0.055724586820357816,0.07740669207527115,0.07411226385764162,0.047648036090824415,0.060941987609512804,0.24282690009467342,0.10391626410086287
407,0.0,0.16798616575035205,0.07444139220745534,0.09553539489223105,0.05553166175472761,0.07798089772252327,0.07285049711874636,0.04752937110722935,0.061415858233400206,0.24240518285700138,0.10432357835635218
408,0.0,0.16808039287285048,0.07494550070670002,0.09545818494493614,0.05534771307414917,0.07856188481325856,0.07161531481009609,0.047348978408200786,0.06194343277491278,0.2420244446989309,0.10467415289598403
409,0.0,0.16821619165568824,0.0754430810978222,0.09532757388106375,0.05517339695746916,0.07914746737621658,0.07040800617888085,0.04710847174915622,0.06252296978168018,0.2416829185527844,0.10496992276925736
410,0.0,0.16839351565138824,0.0759334898663219,0.09514453022999925,0.055009260922316575,0.07973552094044563,0.06922971779946922,0.04680971471745789,0.0631526111147419,0.24137859840551068,0.10521304035236774
411,0.0,0.16907294694373304,0.07653961929612257,0.09452946908342272,0.05414105044106525,0.08121918232154078,0.06821742375580028,0.04557645105938997,0.06372833621298596,0.24318234339590344,0.10379317749005498
412,0.0,0.16936500266145604,0.07700732247314103,0.09418397482927524,0.054003514015989657,0.08185623508538595,0.06709313200853283,0.04514453264158037,0.06445246785133801,0.24298202749285677,0.10391179094046324
413,0.0,0.16969659826508018,0.07746720983936259,0.09378999963039024,0.05387819112713357,0.08248748530060045,0.06600128456293682,0.04466328766640175,0.06522004006523006,0.24280810397117866,0.10398779957170481
414,0.0,0.17006683149782748,0.07791947701425715,0.09334889992806417,0.05376509801534964,0.0831111181148385,0.0649424117104554,0.044135584773706625,0.06602882160864933,0.24265760988516344,0.10402414745170754
415,0.0,0.21823850665739158,0.08440688225633121,0.027332499786732297,0.043948838761771074,0.1260460663156547,0.0604840812350671,0.013830334696753932,0.04998759347283505,0.3069676276197503,0.06875756919773202
416,0.0,0.21767841352534006,0.08577829539105436,0.026462013869883366,0.04416843999587353,0.12620483579595776,0.059881412498914315,0.014255861762231628,0.050985096430713465,0.30564527416330256,0.06894035656674824
417,0.0,0.2106999730679017,0.09822709244262892,0.025255936299034776,0.04924931064049789,0.11121632940754171,0.05613408411268287,0.034991341076957554,0.0600274027232363,0.2614099539240384,0.09278857630549943
418,0.0,0.20860999811498915,0.10032879148172012,0.025976230686763448,0.04891656195431233,0.11060327146879578,0.05590539771439993,0.03600652717484077,0.06158823060855583,0.25983369354111724,0.092231297254525
419,0.0,0.20649167686345984,0.10242773439201414,0.02676284763401654,0.048545570077636026,0.10997234704959549,0.055698798406730685,0.03705779275522373,0.06320537314874901,0.25821429554007114,0.09162356413252296
420,0.0,0.20242253963070866,0.10543141494988145,0.02971387500299211,0.04826808471821703,0.10715579464999454,0.055482055982677164,0.0404220867363995,0.06636457524250607,0.2520888440238989,0.09265072906274444
421,0.0,0.17960136056352854,0.1128198978635924,0.05733169750072173,0.04730760151008811,0.08740211923576234,0.05604065630601012,0.05983136236798068,0.08443119637846591,0.21472139046848362,0.10051271780538651
422,0.0,0.1774339389059461,0.1144204641062664,0.05898206225094155,0.04646995973430436,0.0869786111056693,0.05604153946784308,0.060461759222190575,0.08610597374464006,0.21456972404204713,0.09853596742017147
423,0.0,0.17532783585341377,0.1159277002691693,0.06065469720271243,0.04563403121253087,0.08656141700251563,0.05606740180108464,0.06110047137412899,0.08777410950883857,0.21444783750303675,0.09650449827258924
424,0.0,0.17328870327351364,0.11733602314545863,0.06234626601961171,0.04480428549759339,0.08614919464080818,0.05611969267979256,0.06174746802527484,0.08942975072505874,0.21435552381187314,0.09442309218103537
425,0.0,0.17132196480781325,0.11864020392867562,0.06405325287738677,0.043985316315247505,0.08574049348360331,0.056199910993354724,0.062402669496035554,0.09106701726422187,0.2142925033296514,0.09229666750403036
426,0.0,0.1550973775799255,0.11077215167398458,0.09443003252678749,0.04247458805840639,0.07906496237779838,0.060040929653197746,0.06689411481839914,0.10641319166564067,0.20638867947469622,0.0784239721711843
427,0.0,0.1546966249670804,0.11046920074753337,0.09555522727710294,0.04206280173892086,0.07925404373787742,0.0603350713683514,0.06638779521727509,0.10705639080312564,0.20866194286907916,0.07552090127367432
428,0.0,0.1544115256738209,0.11003350986452236,0.09663166314626433,0.041733863743012925,0.0794191832225771,0.060671318443495714,0.0658848083979283,0.1076154089989706,0.2109509417298543,0.0726477767795741
429,0.0,0.15424181071912688,0.10946684484105285,0.09765556573464605,0.04149180210118041,0.0795577387903874,0.061050801316003725,0.06538615672398415,0.10808659316517896,0.2132495719997547,0.06981311460870554
430,0.0,0.15418678567526628,0.1087715074342635,0.09862318495812032,0.04134040618657038,0.0796672357967482,0.06147454331071707,0.06489277023426904,0.1084665655197512,0.2155517125613704,0.06702528832294435
431,0.0,0.1542453351057583,0.1079503239834935,0.09953081188381285,0.04128320704357584,0.07974538299142069,0.06194345320676973,0.06440550130127137,0.10875224038413255,0.21785124318880822,0.06429250091097784
432,0.0,0.15441592880788418,0.10700663155729348,0.1003747959313084,0.041323458592092834,0.07979008755268675,0.06245831830536516,0.06392511966222118,0.10894083993371143,0.22014206235877623,0.061622757298681184
433,0.0,0.15469662982244545,0.10594426168620451,0.10115156234639135,0.04146411980613,0.07979946907999529,0.06301979802792469,0.06345230785952116,0.10902990881961622,0.2224181048763854,0.05902383767540685
434,0.0,0.1657346694376062,0.08397575060126437,0.09749215737908316,0.05077827522235914,0.09304145222163783,0.0687669675838077,0.04853972652547284,0.1016527893934495,0.24610502708268836,0.04391318455265156
435,0.0,0.16735235561995218,0.08191349202003033,0.09707583706467188,0.05195011792818541,0.09296827529183824,0.06955515554316155,0.04743103815581862,0.10052247320874086,0.24911184031752015,0.04211941485010167
436,0.0,0.17235005333862588,0.0757111211954637,0.09320099061283998,0.05598280316499021,0.09615739717545979,0.07132220502793178,0.04279571861904738,0.09656514163097896,0.2568962653828225,0.03901830385186074
437,0.0,0.17421267122569017,0.0734881676868668,0.09244914853921318,0.05754410945082989,0.09589018430249377,0.07221509541709947,0.04167966990725021,0.09508262616140253,0.2597340278021517,0.037704299507023246
438,0.0,0.1761054352023888,0.07124601255540877,0.09161810710293383,0.059217575094929045,0.09555304361632769,0.07314867386640306,0.04059651502689148,0.09351295484758747,0.2624538912758618,0.036547791411289256
439,0.0,0.17802139970801514,0.06899338504672349,0.0907079214595204,0.06100026670150443,0.09514764681824404,0.07412117978992738,0.03954672076070212,0.09185935919777989,0.2650497220322514,0.03555239848535298
440,0.0,0.17995356289121694,0.0667390143411894,0.08971889786855752,0.06288885805874217,0.09467598967903139,0.07513070870631258,0.03853061179186758,0.0901253988223209,0.2675158050909427,0.03472115274984026
441,0.0,0.1818948955591196,0.06449159012050859,0.08865159988499352,0.06487964029072381,0.09414038214260993,0.07617521827201135,0.03754837230116464,0.08831495105860691,0.26984686128119656,0.03405648908908671
442,0.0,0.18383837006677597,0.06225972355267519,0.08750685343691665,0.06696853362157788,0.09354343701561306,0.07725253482404024,0.036600048330771226,0.08643219918482951,0.2720380626980608,0.033560237268761006
443,0.0,0.18577698901281806,0.06005190888957131,0.08628575074023406,0.06915110070820449,0.09288805730194051,0.07836036039949093,0.03568555090555156,0.08448161926235465,0.2740850465497511,0.033233616230104984
444,0.0,0.1902963044753658,0.05525983047418109,0.08147762086703474,0.07400854124429329,0.0944694729198063,0.0803136876060247,0.03247023989798384,0.0795972437898486,0.27862768764723345,0.033479371078249956
445,0.0,0.19222707819192184,0.05315205386791121,0.08002997805675678,0.07643776145748578,0.09364192605251641,0.08147524765870995,0.03160866435766781,0.07746580202260397,0.2803205357914527,0.03364095254299533
446,0.0,0.1941239906114482,0.05110066744740636,0.07851617462288828,0.07894076280805196,0.09276516802391874,0.08265776199594445,0.030782132142453053,0.0752880411207504,0.28185405335544156,0.03397124787171892
447,0.0,0.1959805325532448,0.04911312882006223,0.0769386367501634,0.08151156234513729,0.09184333116669074,0.08385840557442466,0.02999004026479853,0.0730696278835641,0.28322612813916315,0.03446860650277307
448,0.0,0.19779038967651733,0.047196571625141084,0.07530004671770284,0.08414392723409296,0.09088074749600328,0.08507427825859742,0.02923167732784702,0.07081641435948088,0.28443517351952635,0.03513077378511276
449,0.0,0.19954746663928632,0.045357775891491155,0.07360333795619027,0.08683139732489427,0.08988192856910593,0.08630241435607078,0.028506230959673348,0.06853441701408745,0.2854801309108878,0.03595490037833472
450,0.0,0.20124591010254828,0.04360314031702421,0.0718516888186677,0.08956730868669396,0.08885154463291547,0.08753979233004261,0.027812795796390077,0.0662297950870835,0.2863604703642083,0.036937553864448
451,0.0,0.20758709918509655,0.03809284764205436,0.061630590263280674,0.09826778273034015,0.09191718413541673,0.09051022836087817,0.023030414848902604,0.057285693230011384,0.29024474022506425,0.041433419378976995
452,0.0,0.20907364031777972,0.03668337639469632,0.05974329413961147,0.10113213817248194,0.09068069368036272,0.09173063823961566,0.022413493445184746,0.054962033322708284,0.29061829787530685,0.04296239441227435
453,0.0,0.21047232457397924,0.03538469349504252,0.057826482740726055,0.10401172688739681,0.08942749655774791,0.09294635641955881,0.0218288548162147,0.05264973196586392,0.29082624748104285,0.044626085062449514
454,0.0,0.21177904426973954,0.03420064491743131,0.0558844676427771,0.10689915165922476,0.08816293876056343,0.09415414960667792,0.021275302393741913,0.05035520984261595,0.29087084690378523,0.046418244003465024
455,0.0,0.20797327811051197,0.049365660814515815,0.01083452513258749,0.14887657453613748,0.08322152711379967,0.09799801369322785,0.017986259671715882,0.014313018304513078,0.2618789239112338,0.10755221871177924
456,0.0,0.19347775437100634,0.1095242373800006,0.08858272984522696,0.03524476144974406,0.0662394032066878,0.029510904644343867,0.03708076971259521,0.08578430808669527,0.2772248800709839,0.07733025123273853
457,0.0,0.20267662832628436,0.1139027566594367,0.07525317793260594,0.03073943596403814,0.07362144546629087,0.024864945750699814,0.029789006791363145,0.09139527652011421,0.281513983395582,0.07624334319360745
458,0.0,0.22490817467817595,0.14353043336419918,0.013670851026016109,0.02628223657627957,0.09403170229369595,0.015681764046640623,0.008132822632328377,0.10845507020548228,0.28273820926060766,0.08256873591659675
459,0.0,0.2251717237221947,0.14414034895604189,0.012472465237023013,0.026226990798528613,0.09416536464002279,0.01582839382006816,0.008154566595616272,0.1127419065575804,0.27934942519941314,0.08174881447353366
460,0.0,0.22292066044830167,0.15028095234348396,0.00708869234210361,0.027455302397133823,0.09244160518321863,0.0172139845364856,0.009434571868117633,0.12026281881692484,0.27082637371287827,0.08207503835137447
461,0.0,0.22148901857126063,0.15245754218825466,0.00599329802760281,0.02782476105431126,0.09117188906089607,0.018181162985831407,0.010804987498852489,0.12565450948227622,0.2651430998568907,0.08127973127384641
462,0.0,0.21579413700488528,0.15738010266991298,0.006622015102801568,0.029206561965502843,0.08639349207718576,0.021163114595179704,0.015514918349847452,0.132904606902737,0.2548964762608601,0.08012457507111027
463,0.0,0.16838186065519586,0.15119107198855747,0.06670197325074677,0.03942717956573279,0.04508145348910056,0.05337677979110211,0.05865978104220719,0.14214829912416319,0.21721482081419374,0.05781678027902308
464,0.0,0.16793767982204197,0.1499972421080009,0.06826732040797431,0.039980884510441274,0.04385400420412413,0.05470885832046157,0.060386704384542224,0.1434975883173243,0.21552947931383992,0.05584023861127234
465,0.0,0.16757613314378003,0.1487149609974162,0.06978377209183714,0.04060316425058749,0.042617043369737664,0.05608060829200007,0.06213994176872141,0.1447075365501989,0.21383141599746008,0.053945423538284076
466,0.0,0.16729481987258768,0.1473500798426562,0.07124604643658325,0.041295026764563356,0.04137315157319934,0.05749158693722089,0.06391672165666629,0.14577466174494896,0.21212369590842953,0.0521342092631677
467,0.0,0.16709111335721852,0.14590867554881568,0.07264902246229163,0.042057213186571206,0.04012508597086028,0.058941254663093,0.06571407737986656,0.14669597538263934,0.2104093436077419,0.05040823844092524
468,0.0,0.16696217509563244,0.1443970217618754,0.07398776470322231,0.04289018783753808,0.03887577827053112,0.060428973123413124,0.06752885250172108,0.14746899526936055,0.20869132493852452,0.04876892649820497
469,0.0,0.1637642977220702,0.1241646194343519,0.09162874951354838,0.050902440550522246,0.03389756827043158,0.07736176729425057,0.07548897673876787,0.13436647324726703,0.21019754323882117,0.038227563989992594
470,0.0,0.16803196959585584,0.10523895008185427,0.09709758231591238,0.059535218978527975,0.035371984110859685,0.09120982436353711,0.07578104220112127,0.11975534231061685,0.21526147113182226,0.03271661490991579
471,0.0,0.16908406662529232,0.10316199107999212,0.09671294167997065,0.0614256674414002,0.03463128464499508,0.09307601890980047,0.0764753518915813,0.11837548313696715,0.2148370669969885,0.032220127593035615
472,0.0,0.18635838695636014,0.07160954878651178,0.08777151672489854,0.07919237979610691,0.04729642051321889,0.11529894753168825,0.06491982666777493,0.08821616828483335,0.227468226332831,0.03186857840579992
473,0.0,0.18827350834968182,0.07009104433934238,0.08397989684585387,0.08642422623360979,0.041145704679966366,0.11953004658173084,0.06846691528954194,0.08545705661841,0.22228039048525494,0.034351210576631694
474,0.0,0.1895800541432438,0.0684942892914176,0.0821842172091172,0.08879356100764671,0.041018514946485084,0.12141383455581942,0.06827336211565405,0.08322019718721203,0.22166723437195268,0.03535473517147519
475,0.0,0.19632632654288634,0.0601465828248856,0.07473404675987987,0.09583872850961314,0.04601711756750985,0.1287810860080069,0.0631131814095718,0.07257997678901679,0.2237901771414626,0.03867277644719073
476,0.0,0.19755390387197072,0.05884576591660826,0.07266546747694227,0.09818587226038282,0.04607891775483242,0.13059119666846553,0.06264869418486306,0.07034033278223961,0.22301281143269952,0.04007703765101937
477,0.0,0.19871753318184063,0.05764561772387355,0.07055485076063618,0.10050170483400235,0.04622348407299723,0.13236749903178724,0.06214741718478994,0.0681152123672455,0.22215506761361536,0.04157161322923577
478,0.0,0.21499792379126662,0.05191104321827132,0.019453407551367395,0.13847882068799866,0.06222640094386068,0.16740601066849187,0.029285654120620116,0.020552078385682605,0.2006915052081434,0.09499715542432113
479,0.0,0.21352877487413394,0.05341757897179759,0.02061907931227117,0.13850470172029494,0.0600057015194696,0.16707159492601717,0.03050592269055799,0.021594259851920275,0.19926351307378237,0.09548887305977881
480,0.0,0.2120029899227476,0.054972957354487276,0.02182680048686247,0.13846971119295282,0.05785876022777613,0.16663153438084627,0.03176764804469498,0.022707444564798167,0.19786956153346077,0.09589259229139761
481,0.0,0.21042642601921654,0.056571685864436005,0.023073448004531903,0.13837585803088698,0.055787416662575154,0.16608660358465582,0.03306804823922553,0.023889971425615306,0.19651356093933103,0.09620698122954993
482,0.0,0.20880506418796427,0.058208131901670485,0.02435586397709335,0.1382252833348305,0.053793285942814795,0.1654378513101909,0.03440421629959111,0.02514012736723729,0.19519905973739082,0.09643111594124049
483,0.0,0.18522298040483218,0.08195804907845043,0.054245625051669466,0.1216994763179198,0.028697646589799727,0.14473394525036593,0.05876569598452023,0.047328591540089573,0.18838014790539748,0.08896784187697945
484,0.0,0.18404852115128967,0.08347327222010142,0.05544219985177539,0.12125476354962939,0.0268754149851672,0.1434371454281227,0.060306153334624496,0.04921917223798537,0.18757286492105782,0.08837049232027085
485,0.0,0.1829109763101416,0.08496189173270569,0.05661034096844364,0.120788469607584,0.025152084818895887,0.14206197779875124,0.06182522549068067,0.05117124815184197,0.18680126720049853,0.08771651792048119
486,0.0,0.18181568662625533,0.08641828379567557,0.05774817921873699,0.12030201041559206,0.023528554478361666,0.1406114823089815,0.06331841871581634,0.05318416563488228,0.18606337316550758,0.08700984564021505
487,0.0,0.17324602182821344,0.09912243443458747,0.07480306627717863,0.10543950163069335,0.011816375023454548,0.12133129464303613,0.07525812025536209,0.0728184090160735,0.187392782423556,0.07877199446786952
488,0.0,0.17305305513805425,0.10010563814884195,0.07523160955075786,0.10493154228083176,0.010795496878319247,0.11965617609911883,0.07627804970380182,0.07530326818822938,0.18672980898120173,0.07791535503086801
489,0.0,0.22441385058809088,0.12703376309327918,0.04092720028994725,0.034274466813098356,0.05774046843496304,0.029503844831328535,0.032389996843445394,0.16472238682150409,0.21156696161799377,0.07742706066637434
490,0.0,0.22748339230382744,0.125677975862539,0.038778798000332855,0.03367367307862493,0.05909934144391819,0.028940458173729464,0.031063392917967083,0.16990221246616627,0.20778158993583204,0.0775991658170877
491,0.0,0.2371544266581991,0.11819402411306892,0.03531189072519426,0.03304014633592186,0.060665196326139,0.029473702136084017,0.02944388594586099,0.1876017137787637,0.19189804204551358,0.07721697193527959
492,0.0,0.24899473883873005,0.12067118865524074,0.019290917090483847,0.026374779262079394,0.073513644967541,0.021972818461826343,0.01658293510254515,0.20433919904227893,0.18565681204284368,0.08260296653645606
493,0.0,0.24359478377202112,0.1357279575054262,0.007481358104425542,0.024032530983352177,0.07445926782218981,0.023650309243050376,0.01889443094205858,0.21743704253045212,0.17247664897400677,0.08224567012304236
494,0.0,0.2452524465497633,0.1338120314844754,0.0077702150137581305,0.0236107281988451,0.0740659339781163,0.024541135690101364,0.02001221786934471,0.22160662547921625,0.1679757443319825,0.08135292140442217
495,0.0,0.24688742767355976,0.13186946029260913,0.00812013463633404,0.023218516813323584,0.07359612416654907,0.025479281301969758,0.02122627903671429,0.22563837396121136,0.16352589137719462,0.08043851074055976
496,0.0,0.23885470563047365,0.04694033956170559,0.04030161417458025,0.09396342366481303,0.05182199017669959,0.20952730023407806,0.04246048945859976,0.05164474461326693,0.17178849037707422,0.05269690210873422
497,0.0,0.23966884978836916,0.046345180574544065,0.038404686555348844,0.09504685139751741,0.053364189782058875,0.2108481946023481,0.041319142164259005,0.04993639710814864,0.1703835608714293,0.05468294715600189
498,0.0,0.2605439911451254,0.027555580832639856,0.010579138255217824,0.11065619678895,0.08066620860073169,0.2298761173046392,0.013116949047357494,0.021626470235428713,0.16204611455070386,0.0833332332392316
499,0.0,0.25958840001578803,0.028575489588648965,0.009990249018309106,0.11083670124078852,0.08168388210518197,0.22957839878956338,0.01294649721884122,0.021310976192107284,0.160564835154014,0.08492457067678326
500,0.0,0.258205084505433,0.03013479355485275,0.008572892785064125,0.1117954653619553,0.0831563862198401,0.2290136159631796,0.012714260291862794,0.020183016174987935,0.15849105946701444,0.0877334256758361
501,0.0,0.256850778672029,0.031496978504915674,0.008251801687509693,0.11178179940465359,0.08423035540639912,0.22830643124862124,0.012797804511701325,0.0201151450651371,0.15710998498205814,0.08905892051700146
502,0.0,0.2553671036673208,0.03297171481536021,0.008000532730405581,0.11170039325307551,0.0853818170727401,0.22745333731824083,0.012944138734948749,0.02011679483162196,0.15577260107012803,0.09029156650618447
503,0.0,0.2470887173783139,0.041099602720180324,0.008116043925249578,0.11455039592853243,0.08272469092595897,0.22153990094653608,0.01896742467040071,0.01978925412602949,0.15245979106983612,0.09366417830898878
504,0.0,0.24490806598049195,0.04310638035527715,0.008587924305211209,0.11420954313449466,0.08338079979699324,0.21990303069914746,0.019911485244498792,0.02040269592230026,0.15154585088542363,0.09404422367618787
505,0.0,0.24263863070284056,0.045181268219720135,0.009116810146881598,0.11382954745689794,0.08409280041804358,0.21813652847424594,0.020915052206993835,0.02107290110773777,0.15070701522893779,0.09430944603772712
506,0.0,0.24028723651335943,0.04731688350636493,0.00970109014636673,0.11341433411779131,0.08485671504955987,0.21624452562987195,0.02197620415227071,0.021798065232579242,0.14994616734385688,0.09445877830800499
507,0.0,0.2378608753593245,0.04950566900305597,0.01033911782313114,0.11296790277538982,0.08566840612481698,0.21423143459281807,0.023092860026316324,0.022576355889340247,0.1492657199084926,0.0944916584973406
508,0.0,0.23536668359086252,0.051739916752454984,0.011029222685223019,0.11249430366881304,0.0865235968778278,0.21210193526292762,0.024262780828049592,0.023405922762171797,0.1486676042295729,0.09440803334212293
509,0.0,0.23281191898558345,0.0540117922758469,0.011769721164923684,0.11199761380631927,0.08741789229024188,0.20986096072289773,0.025483571874269056,0.024284907292194142,0.1481532620554021,0.09420835953234818
510,0.0,0.2302039374463871,0.05631335929494634,0.012558927253909157,0.11148191332693452,0.08834680025153112,0.20751368230272202,0.02675268564318953,0.025211451901095965,0.14772364005610766,0.09389360252320308
511,0.0,0.22755016944583545,0.05863660488321709,0.013395162769555366,0.11095126216322145,0.08930575282732882,0.20506549404927313,0.028067425209266392,0.026183708718706986,0.14737918700413652,0.09346523292948539
512,0.0,0.1794199598046059,0.10082119832877563,0.058893810990736706,0.10774229084516866,0.02262944810128934,0.1398094244845827,0.08940621491827333,0.08418677992211315,0.1586656049893533,0.05842526761512788
513,0.0,0.22479487649058294,0.09897317731736097,0.038113609347886955,0.06067891420177999,0.065095660981822,0.04666342183590664,0.037310543843383476,0.19649581294346088,0.1505936485872011,0.08128033445064162
514,0.0,0.22829848756740997,0.09664058570623103,0.03659347358768815,0.059712297948199725,0.06729787020846553,0.04560973062979059,0.035734128216115144,0.2011053530105096,0.14669695847785744,0.0823111146477594
515,0.0,0.23183165857685292,0.094221932356222,0.03515125098721418,0.05871468187823939,0.06948330123701822,0.04460909470433237,0.03414494975563236,0.20573022369878136,0.14275886561767182,0.08335404118806208
516,0.0,0.23538630104924735,0.09172513072136926,0.033788172796344995,0.05768815440200304,0.07164591914098399,0.043663424726932645,0.032549238594146754,0.21036051544640955,0.13878943523921672,0.08440370788337236
517,0.0,0.23895412020093248,0.08915850736053985,0.03250511523632468,0.05663498699011258,0.07377972598256921,0.04277447814880648,0.03095338266864279,0.2149860908209663,0.1347990132192545,0.08545457937187781
518,0.0,0.24997102916366087,0.07917720951834464,0.030921755657040806,0.054824953335589593,0.07699989966478171,0.04243882359787982,0.029042756117976718,0.2292208523283531,0.12034555897668676,0.0870571616397128
519,0.0,0.2535194120455804,0.07639304198011204,0.029980128579141403,0.05367513160633226,0.07901643856006334,0.04172501745991976,0.02739543776730693,0.23370743009497535,0.11645455253931643,0.0881334093672791
520,0.0,0.25703719605996556,0.07358651911928184,0.02911641536338925,0.052510166302691494,0.08098011701798026,0.04107533985372085,0.025775356821266637,0.23813646317976148,0.11259624490502042,0.08918618137694931
521,0.0,0.2605153148931861,0.0707678199204111,0.028329627371854522,0.05133311637149569,0.08288548008563913,0.04049053562079632,0.024189507696119175,0.24249736179723597,0.10878158584944123,0.09020965039384805
522,0.0,0.26843395289108246,0.06686736605388612,0.02370088991828209,0.0455553925167565,0.09292617654187044,0.03618737845182424,0.01577493086036207,0.2527642269744312,0.10242358004778593,0.09536610574374599
523,0.0,0.27159601621061186,0.06419274315901874,0.02318491816358018,0.04442030935671065,0.09438564591781022,0.03599013204806452,0.014719568246912156,0.2567322694200672,0.09875694332272897,0.0960214541545226
524,0.0,0.27167874262368086,0.07002931601562053,0.017177298133063748,0.03594734057589803,0.1049900886806639,0.033875086498349555,0.014189644891654401,0.26026090129889073,0.09538113405924958,0.09647044722295581
525,0.0,0.2736910343146376,0.06817169166057822,0.017162945526569925,0.03528061943114401,0.10505712598774997,0.03447869371076853,0.0149370537955054,0.26287132692323795,0.09247577331137416,0.0958737353384616
526,0.0,0.26201342111160925,0.0803124697281074,0.018242484012877726,0.03501344570680733,0.09840945998914173,0.04125494753362364,0.03170739435107673,0.2515387658788899,0.09631430338299266,0.08519330830490107
527,0.0,0.2050120686401736,0.12780954213782605,0.035223290061585796,0.052552026459374006,0.04238810617432073,0.10228461546840614,0.10986928001832945,0.1664978768769878,0.12684057158370618,0.031522622579317656
528,0.0,0.1990484763031686,0.1285778133101246,0.040951395742093784,0.06115267141483141,0.02512064781853106,0.15240262753873604,0.12338720452415065,0.11945977091107797,0.13107152946991818,0.018827862967395168
529,0.0,0.1997368740989305,0.1281355496140865,0.040124507132575475,0.061884998301885444,0.025448188807917,0.1546028913663033,0.12402651334045386,0.1174989191553892,0.1298900796450379,0.018651478537448307
530,0.0,0.2003752568345715,0.1277690338317218,0.03927679547976408,0.06256486356121424,0.02592525102089525,0.1567587545336383,0.12456042764412775,0.11549196404940315,0.12868546445871026,0.018592188585981266
531,0.0,0.20096273464721726,0.1274785122659799,0.038410861857909456,0.06318867705801219,0.026556091121241073,0.1588667364016476,0.12498577577028061,0.1134442430302385,0.12745797293357647,0.01864839491392477
532,0.0,0.20682419580135122,0.12186805686486786,0.03690306163759729,0.06391832063474676,0.029379998691580447,0.18064237150429946,0.11908168747565681,0.09605735478348372,0.12357073579795762,0.021754216808486944
533,0.0,0.2108403073234662,0.11850082974611002,0.035154820267527,0.0638090323780699,0.03330667034914915,0.19078599076181316,0.11435280090098825,0.08805613163772993,0.12030133897600481,0.02489207765916983
534,0.0,0.2183911795805769,0.1121481365660586,0.03235227895780869,0.0625861566838396,0.04100119566785189,0.2058567585242973,0.10452967677165649,0.0770435432635276,0.11489030033467436,0.03120077364973684
535,0.0,0.21891240564764602,0.11213494766405854,0.03120191854099679,0.06248603454296162,0.04380298833474886,0.2072064654278321,0.10318021441978463,0.0751464168133481,0.11327593211148704,0.03265267649716471
536,0.0,0.21936032460693597,0.1122087804692369,0.03006379413366258,0.062310157878476116,0.04677627967238216,0.20844960072253002,0.10173875141816453,0.07326815028169184,0.11165741770824675,0.03416674310870154
537,0.0,0.22463941978619356,0.10831076671146032,0.027490391503291453,0.06057228171902783,0.05464859260154359,0.21702904501975798,0.09363675120010992,0.06676027657656596,0.10717924370458756,0.03973323117749031
538,0.0,0.22490940421626673,0.10858607994611148,0.02637939882905973,0.06016116703765821,0.05820005237608803,0.21789203916078934,0.09184553887992104,0.06501830105261097,0.10555188004344278,0.04145613845808028
539,0.0,0.22510146807091042,0.10894721681929631,0.02528993364438267,0.05968315918359298,0.06190595532599912,0.21863463378095743,0.08998114004741964,0.06330661933449812,0.1039423224102749,0.043207551382697044
540,0.0,0.20018043935305438,0.13466514909501578,0.020901502202599828,0.06061423065382535,0.09774036285638965,0.19149360935161158,0.09024018449321933,0.058252907098671175,0.0966295773889966,0.04928203750664495
541,0.0,0.19970240523778512,0.13578590565629808,0.02018348462497534,0.059765413679288365,0.10228635581909175,0.19121645074825258,0.0879697117985009,0.05667353050647899,0.0956435093558856,0.05077323257347205
542,0.0,0.25521004512925266,0.09068278266747506,0.009715233499634275,0.0289407140185569,0.17703791006257358,0.24265367829890494,0.007788717571411427,0.03179240084442686,0.06810659853030206,0.0880719193774913
543,0.0,0.25208443516688783,0.09322517464226011,0.010320277882344792,0.029631867498326102,0.1795093921771787,0.23905574686954814,0.008302218591816995,0.03179332291741959,0.06904040775358626,0.08703715650066066
544,0.0,0.24890622763886727,0.09579349542688315,0.010947693635943423,0.030439408780418755,0.1818543153132337,0.2353677341727719,0.008918441636935146,0.03181999236845198,0.07002915196955246,0.08592353905697155
545,0.0,0.23789185627010798,0.09726531280278689,0.020110178447595963,0.04062749731972084,0.16820691310004673,0.22638348304585806,0.02321778582968592,0.035510656374656176,0.07559469823636568,0.07519161857320514
546,0.0,0.23418967556560707,0.10009800647006407,0.020921118416055585,0.04216507619865263,0.16929387017517142,0.22213854156719884,0.024957715604241114,0.035851832315501875,0.07678546228038843,0.07359870140714826
547,0.0,0.2304815855476079,0.10290646262503816,0.02175154101534018,0.04380706641291661,0.1702621404528818,0.2178486554140034,0.026753416372022925,0.036227620359456356,0.07797840826876878,0.07198310353199328
548,0.0,0.2267754465941475,0.10568221990356862,0.022602438079186597,0.04555140942432251,0.17110999449802336,0.21352227401386692,0.028598321881377665,0.036639501954909705,0.07916718842231263,0.07035120522831415
549,0.0,0.17813671251767052,0.1148841296543202,0.048032506171978934,0.10023802356065509,0.09670526485789585,0.1621803970785181,0.09978594318243905,0.06913712680622623,0.09956254326104876,0.03133735290927682
550,0.0,0.1758489617250144,0.1161846692032211,0.04835308884366521,0.1022426005758637,0.09699714041409027,0.15788468347030968,0.10134331855638015,0.07074428113740738,0.09957217706918559,0.030829079004892044
551,0.0,0.1665969356793201,0.11311632383323345,0.04907340969229497,0.12005550735261496,0.08698689056036468,0.13119931135837984,0.11247375411534892,0.09204739284514739,0.10155790433718118,0.0268925702261441
552,0.0,0.1657441812778128,0.11309456662492309,0.0490672512584168,0.12155274954122246,0.08803003285941403,0.12743834598896822,0.11274260860260575,0.09415031752478302,0.10090311668676334,0.027276829635120223
553,0.0,0.16500645126629632,0.11291750364642911,0.049109502403739264,0.12300040043117362,0.0891051069755989,0.12377463060634951,0.11285445039681927,0.09628628414541476,0.10020772458422486,0.027737945543984333
554,0.0,0.16438270555229745,0.11258693454607377,0.04920112979012781,0.12439548145854609,0.09021037504600221,0.12021357124023437,0.11280910435267856,0.09845066737431481,0.09947772312970886,0.028272307510046
555,0.0,0.1641355136751162,0.11018290038542332,0.048807234295855,0.12763943651309406,0.09169175217046721,0.11316298431639589,0.11206563097121586,0.10443096726533718,0.0984488886211599,0.029434691785965684
556,0.0,0.1639402137064896,0.10938615354412634,0.04893858022978946,0.12882092662279065,0.09298381499756904,0.10991507815010661,0.11152670805146626,0.10667865548012895,0.09760955968422431,0.030200309533339072
557,0.0,0.16384930995452288,0.10844920359383337,0.04912149207324722,0.12994045026037881,0.09429965486484851,0.10678567087167878,0.11083546979961038,0.10893527737721806,0.0967612464364867,0.031022224768205653
558,0.0,0.16385957698949924,0.10737672892335613,0.04935586883729561,0.13099625855261518,0.09563675582250465,0.10377859892355619,0.10999439766392023,0.11119511366911744,0.09591103766878896,0.03189566294937676
559,0.0,0.16396741007060583,0.10617392727405099,0.049641377684812395,0.13198684190304022,0.09699250874617941,0.10089734332591743,0.10900647035589096,0.11345230114842907,0.09506609960501802,0.03281571988608612
560,0.0,0.16416884185389496,0.10484649292285564,0.049977457805192714,0.1329109306071666,0.09836422001944777,0.098145023491481,0.10787515045392652,0.11570085916142868,0.09423363095854156,0.03377739272609518
561,0.0,0.17544103709612252,0.08417880410310961,0.04451730167988855,0.13904375835115607,0.11484968696481282,0.07777354207989069,0.08942152412266727,0.14135655045801454,0.08921504421353242,0.044202750930836164
562,0.0,0.20734026197622368,0.044333981907010926,0.02787752426450997,0.13559379184604115,0.16629495880152526,0.04915392753889293,0.0390632334133575,0.18228691905776515,0.0790586197376883,0.06899678145701564
563,0.0,0.20929835119954707,0.04198375733877621,0.027736613204381425,0.13518470563454557,0.1680525724196312,0.048600803018285246,0.03687768431226546,0.18370113540470875,0.07871505910735686,0.0698493183605328
564,0.0,0.21118009069415128,0.03970882393361613,0.02763221061630873,0.13475768652571746,0.16970561360230105,0.04816082770866532,0.03472571740746545,0.18500469729108557,0.07848537421273757,0.0706389580079821
565,0.0,0.2129783907213335,0.03751840380302677,0.0275620088658936,0.13431499915039186,0.17125071254263888,0.04783232609996867,0.03261412061128633,0.18619409918038482,0.07837060127317354,0.07136433775193288
566,0.0,0.2168637070542448,0.03310887148846453,0.02635512663998628,0.13298584471455532,0.1765502019372216,0.04625630817553871,0.02704990828927958,0.18939501466867176,0.07786214260194815,0.07357287443012032
567,0.0,0.21842340285750225,0.03120972165165363,0.026342709640620902,0.13252031303512996,0.177746141007533,0.046231069351697116,0.025167394396370436,0.1902508582097453,0.07802252750731696,0.07408586234246146
568,0.0,0.21987324512168976,0.02942843728388958,0.02635725721098326,0.13204881710658875,0.1788205055727117,0.04630816685270168,0.0233520353476321,0.19098321590086081,0.07829635221868367,0.07453196738428977
569,0.0,0.22120766193499278,0.02777228433837072,0.026396751487298784,0.13157319757325375,0.1797715499633403,0.04648488091890312,0.021609518562683873,0.19159053681257268,0.07868204960284784,0.07491156880576733
570,0.0,0.2224214651618508,0.026248028609128178,0.026459269051675685,0.131095184579167,0.18059788483477446,0.046758273111025456,0.019945292895513726,0.19207169138673924,0.07917753696197119,0.07522537340818534
571,0.0,0.22081875692736694,0.0326581866591887,0.02435684837204287,0.11990955453340497,0.1915690777530839,0.047043752654937335,0.018509444859002678,0.18936340910939556,0.07953246108102643,0.07623850805058163
572,0.0,0.22011465399390878,0.033683523993932055,0.024628474585146144,0.11994342008483785,0.1897119680144812,0.04828598394586499,0.01969163879244869,0.18826329053411212,0.08022053857396295,0.07545650748133632
573,0.0,0.21927586875937033,0.03486126965668301,0.02491761462757097,0.1199796913026709,0.187753032767197,0.04956894686397133,0.02096028922504704,0.18707940201667386,0.08094295086435707,0.0746609339164896
574,0.0,0.218305434923162,0.03618781559313243,0.025224238730000362,0.12001652843481951,0.18569874318392937,0.05088847661972417,0.022312742798212534,0.18581577251602302,0.08169536292745218,0.07385488427357562
575,0.0,0.21720682187466978,0.03765899275856661,0.025548409447223926,0.1200520218824519,0.1835558231830763,0.052240298760520575,0.02374616732507074,0.18447657884161645,0.08247351316738956,0.07304137275944546
576,0.0,0.2159839222637242,0.03927008865349961,0.025890273826755742,0.12008420518252509,0.18133122794172754,0.05362003801445463,0.025257566456312035,0.1830661242333051,0.08327323807412261,0.0722233153536048
577,0.0,0.21464103805440413,0.04101586695552057,0.0262500549687317,0.12011106833522138,0.17903212162590137,0.05502322762506322,0.026843794517873682,0.18158881695326828,0.08409049560476999,0.07140351535927701
578,0.0,0.19092116708625295,0.07315856877320608,0.03498569363500579,0.11650554053318941,0.15039826809295867,0.06833406279306918,0.060961089489519525,0.15907768706739786,0.08505291681875143,0.06060500571068094
579,0.0,0.16805168303184442,0.10848656094263594,0.043419573317793184,0.11090935110264727,0.12020848651853418,0.08676164587872486,0.09542185664330426,0.13086630146148684,0.0860164060728853,0.04985813503017574
580,0.0,0.16647043416519489,0.11098391884958571,0.043773113742079824,0.11065138240331011,0.11855035091763885,0.08797482691760836,0.09680603101392869,0.12926720085385898,0.08589848472568014,0.04962425641114652
581,0.0,0.16490608547398825,0.11346689738109458,0.04413889993484323,0.11033992499816518,0.11698519738418617,0.0891458079104304,0.09813266085348157,0.1276769271680117,0.0857870817307268,0.0494205171651043
582,0.0,0.16336513354631496,0.11592766494949108,0.04451634858512945,0.10997547071801797,0.11551816283111521,0.09027068464715024,0.09939933815316605,0.12609801722597702,0.08568387576397474,0.04924530357969545
583,0.0,0.16185401909556038,0.11835845941534785,0.04490478854840604,0.10955879019562835,0.11415401688483061,0.09134564260610142,0.10060387226514729,0.12453286777154027,0.08559061179467203,0.04909693142279808
584,0.0,0.16037910555791468,0.120751614796248,0.045303459753370405,0.10909093290431529,0.11289714658085681,0.09236697056026147,0.10174429086865867,0.12298373585932017,0.08550907860735756,0.0489736645117293
585,0.0,0.15894665801510072,0.12309958739869921,0.04571151287584931,0.10857322580793924,0.1117515424282546,0.09333107411804838,0.1028188397528406,0.12145274031726386,0.0854410857495813,0.04887373353645511
586,0.0,0.15391531427091953,0.15410177979267073,0.0464169722677663,0.0871149006041287,0.10410652543139508,0.12050492964499167,0.11416360550256589,0.0867352649578655,0.08700415645966961,0.045936551068059425
587,0.0,0.15826949552864167,0.15889290017815064,0.04381801342964097,0.07856040173858851,0.11093879263551805,0.12817933597610875,0.10787117769769415,0.07772485223547385,0.0882102182545874,0.04753481232562851
588,0.0,0.1585215746116909,0.15976310923947534,0.04363030193105074,0.07751698423533207,0.11332686942155476,0.12790135696889443,0.10619773430002644,0.07688751938811368,0.08817823175012234,0.04807631815377188
589,0.0,0.15886008168316418,0.1605388287332066,0.04342862654451636,0.07647763264329817,0.11582014233199248,0.12752865235842237,0.10446855073301566,0.07608070619773483,0.08819322335422493,0.04860355542045704
590,0.0,0.1592865684292768,0.16121788848562718,0.0432113423626197,0.07544876406613138,0.11841233009965038,0.12706113278109005,0.10268717760338032,0.07530493345969436,0.0882541248581261,0.04911573785443637
591,0.0,0.1880128892383333,0.15944608638960342,0.026872351251300077,0.04830997826435413,0.15827107341087115,0.14679382150953618,0.061879844351394424,0.056901478530791146,0.09584608080624461,0.05766639624760447
592,0.0,0.2182480379679543,0.14808321297430616,0.00978240209023919,0.02984170715558984,0.20209013064117096,0.16097421816265178,0.012442540125882367,0.04882136721980434,0.10284897310752623,0.06686741055490773
593,0.0,0.21335219503294003,0.15275816557925231,0.010356684128297091,0.04046913324745432,0.21840466270992726,0.13495727736665902,0.010823494800332772,0.050548794852764846,0.10328101717496041,0.06504857510744519
594,0.0,0.21363388638189384,0.15276469101721415,0.009934911817931581,0.04199127566909911,0.22089603143695324,0.13192450092522373,0.00968139092646838,0.05086646531596558,0.10328405774781742,0.06502278876146612
595,0.0,0.21393851891728702,0.15272370387533274,0.009517446504168605,0.04364937499133309,0.2232244232945727,0.12886559359245087,0.008629204342858712,0.051228820232759896,0.10322750091200213,0.06499541333726751
596,0.0,0.2102623132315831,0.15355274106341785,0.00782115131077574,0.05348238797994175,0.2232038281909037,0.1262654574528402,0.005148398700620759,0.05490267983236368,0.10128313206296945,0.06407791017461728
597,0.0,0.16822242106394333,0.1589333176609226,0.036224791015181224,0.09626712795018534,0.1659610717696274,0.11287632374815966,0.055191007151114,0.06819549494890031,0.08614175310464811,0.05198669158735154
598,0.0,0.14377619323239624,0.14493440514591416,0.059809833868083355,0.13320315171560435,0.1275195535527918,0.09331727102918067,0.09412348070144519,0.08185561757760501,0.0777616888449655,0.04369880433204759
599,0.0,0.14340177884424787,0.14404368421468736,0.0606701120375388,0.1347577533818864,0.1274647152817313,0.09108765089627925,0.09461537090027258,0.08275681617519211,0.0776029137751656,0.0435992044930326
600,0.0,0.14313381309209214,0.14305200733184728,0.06154220902607682,0.13623384762651775,0.12742208530292876,0.08899344400474112,0.09500173620701197,0.08360632871555566,0.07751401448987594,0.0435005142033866
601,0.0,0.14296979559155815,0.14196393239950197,0.06242442024672634,0.13762977853520805,0.12739163410598772,0.08703753204165408,0.0952823109508712,0.08440095755166849,0.07749774964490225,0.04340188893195582
602,0.0,0.1492990826851664,0.12035318292150814,0.06409327129819162,0.14910180899362238,0.13217215463918255,0.0773549346206237,0.09220980036177549,0.09097403695026661,0.08032477146373723,0.0441169560659601
603,0.0,0.1502191908805253,0.11854309150944685,0.06442157719955988,0.14950313021742345,0.13301989806563316,0.07650030427139344,0.09115378238697648,0.09131919818386802,0.08098136762177494,0.044338459663432805
604,0.0,0.1554219866242635,0.10985881743604926,0.06312330160306039,0.1513464616928728,0.138653542938233,0.07408382380235377,0.08562908379447096,0.09296829998498576,0.08335670505937705,0.04555797706436758
605,0.0,0.17745326539317913,0.08229224281281623,0.05171470909762629,0.15315377642266392,0.16587100478521452,0.06897519022501515,0.059352177887472816,0.09752321150248482,0.09200756977874473,0.05165685209481682
606,0.0,0.17910026099759455,0.08033878036622155,0.05134096897292813,0.15258092840240978,0.1670743989413098,0.06969063882567961,0.057239824236320826,0.097107149117873,0.09324695128468273,0.05228009885501449
607,0.0,0.1807286051426853,0.07842661116323305,0.05096577041274438,0.1519653213916792,0.16821829821462767,0.07053748819741867,0.055108091988960495,0.0966244977578577,0.09450869471587559,0.05291662101495251
608,0.0,0.18233352860586363,0.07656065475261734,0.05058932038952718,0.15130869263678498,0.16930039102317734,0.0715126093043694,0.052961815677079256,0.09607769811976076,0.09578703756433089,0.05356825192652398
609,0.0,0.18836774712546944,0.06993153731335518,0.048623368981323634,0.14893801359127126,0.17399068378047394,0.0752265431833711,0.04452379710262964,0.09416034055732758,0.1001215242601378,0.05611644410467549
610,0.0,0.1912123858937415,0.06703241103345134,0.047307268375809015,0.1479188794948925,0.17658337940814367,0.0768145214353115,0.0404655193576456,0.09343022279227535,0.10186454041083544,0.05737087179792932
611,0.0,0.1926038833456765,0.06553328624285885,0.0469022523678087,0.1470513690403934,0.1772610727882017,0.07845333451485793,0.038362245714494356,0.09256289074377713,0.10311945875624792,0.05815020648571877
612,0.0,0.2053553276741569,0.05488815834067351,0.03793098137173299,0.14353867834836412,0.19342968689531698,0.08187967216396169,0.01954230176927698,0.0917599874950386,0.10774318549884941,0.0639320204426641
613,0.0,0.20631280437378663,0.05402497592108897,0.037490516015523605,0.1425597619832002,0.19343548601343047,0.0839718920976136,0.01797796878522848,0.09063994900439007,0.10877956351211819,0.0648070822936553
614,0.0,0.21236213088297076,0.05110543982916821,0.031398140874310865,0.1389238754776488,0.20193918102620823,0.0876923489292572,0.007572555287030833,0.08910376430828035,0.11069755385197215,0.069205009533188
615,0.0,0.21273741712900132,0.05093848639473051,0.031078036050385227,0.13795794660781174,0.20115938194713534,0.08993581920388073,0.006875867887138357,0.08783815496217841,0.11146254973860475,0.07001634007916896
616,0.0,0.2130269084357417,0.05085895470187544,0.03078840339476836,0.13698769054522708,0.20029098150144475,0.09219316227861998,0.006283333094342375,0.08656280633992122,0.11218465551219271,0.07082310419590175
617,0.0,0.15269016338494537,0.13473596286824588,0.05535373048963632,0.11609708133783815,0.13880400985502991,0.08847518188383412,0.08590554445674893,0.07648453746076779,0.09106628210186368,0.06038750616112548
618,0.0,0.15258310979665723,0.13570959751051606,0.05560046695968622,0.11504685991350568,0.13754032184325132,0.0884116205872882,0.08803184686513679,0.0757212753487091,0.09192434063803473,0.05943056053725022
619,0.0,0.15256559041641346,0.13658622268541906,0.05584489101386054,0.11397229009345666,0.1363762833744253,0.08824545107652079,0.09015786496360874,0.07499100072715165,0.09283003866042029,0.05843036698875919
620,0.0,0.14620838152127597,0.152872693790723,0.06362911514613283,0.10197786654721251,0.12517862195945645,0.08399565660482369,0.10488001912910852,0.07431177370616747,0.09282658541692618,0.0541192861782094
621,0.0,0.14749589790483392,0.15272187404045542,0.0634492136133528,0.10071388510781513,0.12565576880168478,0.08302996854965179,0.10580384668906545,0.07412337970109575,0.09380733791491608,0.05319882767716483
622,0.0,0.1502390075390173,0.15152001919636954,0.06281075169418131,0.09902826895823102,0.12690476611508772,0.08116162767117778,0.1075051416989117,0.07371493760274499,0.09572812810711312,0.051387351417201625
623,0.0,0.17631838018393425,0.14835460893524452,0.05423617934187438,0.07443375097678814,0.14991575958740783,0.07412414440693198,0.07981118209224858,0.08298629695082411,0.1012384882384788,0.05858120928630367
624,0.0,0.17964820691500588,0.14632875313203011,0.053212454877914026,0.07352747609085387,0.1526357426959599,0.07234868007007161,0.07843128712537234,0.08393797093193374,0.10115101571074604,0.05877841245014869
625,0.0,0.1830756978713893,0.14418826468549015,0.052155689286094084,0.07268374232937072,0.15536750584897951,0.0705436989556782,0.07701410081674594,0.0849569075185088,0.10096407509763776,0.05905031759014193
626,0.0,0.18659609004977212,0.14193703832431137,0.05106672499762073,0.07190654574216164,0.15810282402222683,0.06871422516567426,0.07555992260866994,0.0860432620337533,0.10067348836597494,0.05939987868987139
627,0.0,0.19020434906240996,0.13957923895009994,0.049946580739204216,0.07119965110908762,0.1608334548017056,0.06686535125865208,0.07406916687272531,0.08719695404221063,0.10027559011959035,0.059829663044350896
628,0.0,0.2248727467474666,0.12300590175482475,0.027507580134492574,0.05926466358274505,0.19621170974811716,0.06373824384585623,0.027146920863967836,0.10206647952880567,0.10057355784218967,0.07561219595157112
629,0.0,0.22842643888325065,0.12025306043898734,0.026467762997766816,0.05960569828228565,0.19857405208789036,0.06183105770348317,0.02551610525222271,0.10379392332480505,0.09871318151875831,0.07681871951058672
630,0.0,0.231994223946965,0.11745652177487172,0.025429087373963655,0.060043947475782865,0.2008241423467726,0.0599436068895542,0.02392140627590791,0.10555815734475828,0.09675707896266396,0.07807182760879657
631,0.0,0.24383107366935103,0.11159516018595803,0.014590178316926647,0.06040671569686767,0.21275464225590937,0.058341823821930414,0.006804137607351514,0.11308463580039517,0.09432502714097023,0.08426660550437669
632,0.0,0.24668847616303902,0.10903605587941129,0.014005895107032313,0.06156204588533777,0.21398041700167675,0.05649887508130992,0.006067916283345709,0.11484078839122094,0.09188284090159458,0.08543668930606844
633,0.0,0.24951750777787296,0.10647573694867098,0.013443432901235466,0.06280462885509466,0.21505843203941308,0.05469234408635661,0.005406905848749083,0.1165915100939161,0.08941298550999423,0.08659651593873384
634,0.0,0.26040116389130846,0.09593475470560936,0.012970953119778418,0.06768628104318188,0.21743138991208735,0.04778424384508427,0.004843742693723685,0.12258840358439896,0.07952334767337584,0.09083571953148875
635,0.0,0.27141867526673313,0.08524552105491454,0.012445260699859417,0.07330764503669601,0.21837036368279036,0.04161279139423042,0.004314453417654402,0.12838986309606007,0.0698444296577296,0.095050996693369
636,0.0,0.27420478829305894,0.0826792220950933,0.011837587004518032,0.0750797136099819,0.21849763911323328,0.04022063571426471,0.003849732478296605,0.13003564272530838,0.0674525117719116,0.09614252719437041
637,0.0,0.2769106546926797,0.08016669579406961,0.011261673902070678,0.07692295594272208,0.21846742548212558,0.03888391114801089,0.003466499070700153,0.13162976029801243,0.06511528967145232,0.09717513399819373
638,0.0,0.20172980488329678,0.13329141069728906,0.04403994683281417,0.09910470366639465,0.15355465709888078,0.05091002840547498,0.09460206543122165,0.08572680442814719,0.10175951544946199,0.03528106310705591
639,0.0,0.19600711128243917,0.13546046231986741,0.05161097165227994,0.09935583823677406,0.14662255876148628,0.05422634093237602,0.10628754627789107,0.0763916857004204,0.10605154267101775,0.02798594216548493
640,0.0,0.19677646601541068,0.13459612552490066,0.0525110271013714,0.09960423271984459,0.14565744138846864,0.054004248830443566,0.10817117947361513,0.07525813299297328,0.10700081670142644,0.026420329251582622
641,0.0,0.2039890577802385,0.12366922552084669,0.06573362831525566,0.08984640333761267,0.14772688245897025,0.08002658339743086,0.10860429383152419,0.046603544448858655,0.1054725786150657,0.028327802294234122
642,0.0,0.24951144520212712,0.0914516651270644,0.05004779068630718,0.07551951089604181,0.18110008867853042,0.11487040168676342,0.056069079055854606,0.035632522885623505,0.08026804041701399,0.06552945536471103
643,0.0,0.2654789869043927,0.08173877970399014,0.041602678083410165,0.0713521675000862,0.19113988612605287,0.1264216083647477,0.037473150761202105,0.03450824974571759,0.07124067035958685,0.07904382245085126
644,0.0,0.2688396844845438,0.07927151222155876,0.040507000614402294,0.06989926124787336,0.19100773206966826,0.1298673219083923,0.03536678295874768,0.03402809446993186,0.06991236882223205,0.08130024120268724
645,0.0,0.285492587986567,0.07080132195504524,0.02955368237450979,0.0662002373904065,0.2009359884702666,0.14299975959565076,0.014590082991207221,0.03335812183666583,0.059294671417812764,0.09677354598190577
646,0.0,0.2909296100710863,0.06803594575119276,0.026070370123441117,0.06459566757062031,0.20198302339470303,0.1485930203636828,0.009272257690608568,0.03281881680530289,0.056105560845860346,0.1015957273835395
647,0.0,0.29629990878926943,0.06720646296846376,0.02051386267921049,0.06329634751741844,0.20295878576400644,0.15491853754821835,0.003255184876149469,0.031861064817590636,0.0526098194917183,0.10708002554799247
648,0.0,0.29843055186258827,0.06549920950170261,0.01993884154144851,0.06222905296309093,0.20126322047940115,0.15807922029435972,0.0029855598465416944,0.03133477347032823,0.05185259912728163,0.10838697091329506
649,0.0,0.30045430589846517,0.06385970505409465,0.01941894295574175,0.06120967608546287,0.19947891507738597,0.16117709837049876,0.002838524433619794,0.030805179893833936,0.05117253981113723,0.10958511241979788
650,0.0,0.3023677180808447,0.06229144052670428,0.018953905901692412,0.06023745913784804,0.1976121869101013,0.16420294681231612,0.002818354970976074,0.030270945129457216,0.05057705398703842,0.11066798854305963
651,0.0,0.3041675042096929,0.060797814896795116,0.018543356613649184,0.059311521172565586,0.1956695690877368,0.167147646058215,0.0029290738982600006,0.029730747416472462,0.05007328728709538,0.11162947935955567
652,0.0,0.30585055822756363,0.0593821210897681,0.018186813906172234,0.05843086528959283,0.19365778411244242,0.17000221656024558,0.003174425085048205,0.029183300689234193,0.049668071365316396,0.1124638436746544
653,0.0,0.3074139616044286,0.058047531606227935,0.017883695084649192,0.0575943861012908,0.1915837168243463,0.17275785341565827,0.0035578495482294554,0.028627373123138594,0.04936787784595856,0.11316575484611041
654,0.0,0.3088549925328512,0.0567970839886951,0.017633322394470772,0.05680087738634701,0.1894543867745766,0.17540596086024918,0.004082461711208436,0.028061805584141043,0.04917877369015419,0.11373033507734469
655,0.0,0.29798258732763333,0.06908884249395883,0.018422414140646992,0.05810534102379782,0.17988795067249122,0.16949168545301146,0.020411187662970065,0.02437301899803817,0.05897836565070409,0.10325860657678625
656,0.0,0.29850407325317285,0.06855034947084102,0.018519188835147443,0.05748086909667,0.17741989003692932,0.17079770734160535,0.022713658483489094,0.023593979324278362,0.06008107977138501,0.10233920438651982
657,0.0,0.29891396598224207,0.0680936710261519,0.018654961655029438,0.05689003609379552,0.17495182763300562,0.17194565151018706,0.025154002220393233,0.022807073567117166,0.06131818000439223,0.10127063030772418
658,0.0,0.29921186557477486,0.06771989484161323,0.01882823613502756,0.05633112763033571,0.17249084084568897,0.17293131977103873,0.027729693993810953,0.02201326981427713,0.06268876463769285,0.1000549867557784
659,0.0,0.29939758981054443,0.06742988477482355,0.019037524947809945,0.05580239084611333,0.17004385771653147,0.17375101780024768,0.030437733168599997,0.021213749751522765,0.0641912191126586,0.09869503207118681
660,0.0,0.26753278686802007,0.0958319623736659,0.02841654705833439,0.058217125071869054,0.15190771930009112,0.14283688768864528,0.0790588123616,0.016502287400515413,0.0946613165981097,0.06503455527918757
661,0.0,0.22563892974301564,0.13112954556792836,0.044695152548273526,0.054777028376831294,0.13627185247990314,0.0471731466369488,0.14671820015958695,0.057912219107747666,0.13281261760247326,0.022871307777329944
662,0.0,0.2814538164151843,0.08267896514795049,0.029136692870829067,0.04601818049544643,0.16395155853607882,0.02280170745620617,0.07154381934616758,0.14120704820783211,0.08216003566400648,0.07904817586033724
663,0.0,0.3274139783989399,0.04348620088882357,0.012010625718465933,0.044409631420200144,0.1778298714505355,0.02827489680070824,0.005986005520106652,0.1977816235235315,0.043190898028221084,0.11961626825050622
664,0.0,0.30076149736364044,0.06615829869279859,0.01885921024040468,0.047795137383103085,0.16207152681395287,0.02892875920463564,0.04725056228712998,0.1709488991952407,0.07126161767425336,0.08596449114487974
665,0.0,0.30112500725149616,0.06541904581577268,0.019546278280967486,0.04823713137539963,0.1612731783308453,0.028370521027554017,0.05023023158085119,0.16976392419404115,0.07174693448632036,0.08428774765679123
666,0.0,0.30133266820893745,0.06484613531458527,0.020227535085850158,0.04870118797593265,0.16041347675484846,0.027851231522750822,0.053276158558709846,0.16842408155170835,0.07242676380760864,0.08250076121910742
667,0.0,0.3013840765598438,0.06444074158529425,0.02090185107854075,0.04918661860881827,0.15949406675569988,0.027373173689021785,0.056381588853160546,0.16693262261903333,0.07329549861204647,0.08060976163858008
668,0.0,0.2925317170685487,0.07212883353501535,0.023549459290622868,0.05019662588008286,0.15477125930022087,0.0274572293514963,0.07206613199437951,0.155233618865072,0.08353379015346943,0.06853133456113113
669,0.0,0.26411831662137786,0.0980639962266249,0.03088937998052054,0.05126077133659417,0.1428848064131672,0.031885762338848225,0.11534580006544493,0.11682497833831904,0.11404127486982592,0.03468491380931634
670,0.0,0.25969744631045855,0.10218650034722261,0.03236490948930044,0.051449679817390966,0.14064182652479174,0.03331942408845094,0.12383485283239104,0.10858574647123598,0.11964764033607075,0.02827197378272631
671,0.0,0.25901579673165115,0.10283208925471847,0.03284204376562615,0.051691157676100684,0.13971603026819154,0.033592841050753226,0.12678218144847517,0.10600929614291163,0.12137262558384003,0.026145938077771307
672,0.0,0.2582589866774556,0.1035660794976633,0.03330413123011192,0.051936196388674506,0.13876325025571995,0.033967799243543706,0.129628502807575,0.1033952462222397,0.12309556529273472,0.0240842423843211
673,0.0,0.25743030946630907,0.10438382029058277,0.03375225251308987,0.052184738880099446,0.13778431933112742,0.03444657526750986,0.13236546293502716,0.10075225716682232,0.12480305892604421,0.022097205223427376
674,0.0,0.2565332676614544,0.10528032807681696,0.03418763395047077,0.052436730778268936,0.136780108692295,0.03503119819462563,0.13498496492601764,0.09808906851847471,0.12648175049714788,0.02019494870446761
675,0.0,0.2555715582782963,0.10625030806343078,0.03461164061596621,0.052692120823056694,0.13575152982593797,0.035723434743329195,0.1374792038239294,0.09541445331421389,0.1281184124941441,0.01838733801773496
676,0.0,0.25560458636919103,0.1059356040937189,0.03551159992017311,0.05415626407750235,0.13261131135599963,0.03616132695706486,0.1404204805357786,0.09312226232275306,0.12957751167919926,0.016899052688659013
677,0.0,0.25421281058730316,0.10729999263385663,0.035940682801038064,0.05450267438157525,0.13141993323059345,0.0372182144599838,0.1425042006794632,0.090399518771865,0.1310764863410255,0.015425486113335742
678,0.0,0.2527708055980728,0.10871429907574645,0.03636677040505544,0.05485286813222698,0.13020977619366536,0.03838226856052784,0.14443650263553454,0.08770368653577225,0.13247932539540525,0.01408369746803302
679,0.0,0.2512834718149656,0.11017151644475232,0.036791851229162884,0.05520666423049062,0.1289822400126127,0.039653527338227405,0.14621165129300878,0.08504308570299683,0.13377465957032628,0.012881332363496636
680,0.0,0.24975579875138218,0.11166448861697578,0.037217990135301575,0.05556388959863001,0.12773876684490154,0.041031707855673026,0.1478243931351421,0.08242577719493632,0.1349517625891037,0.011825425277993693
681,0.0,0.24819284487268756,0.11318594067529694,0.037647316890398665,0.05592438059041616,0.1264808409908374,0.042516198879213894,0.14926998173918343,0.07985952198543961,0.13600061986829753,0.010922353508268841
682,0.0,0.246599717179183,0.11472850979875049,0.03808201435158368,0.056287984426700265,0.12520998844015013,0.044106054770022524,0.15054420136451865,0.07735174210899917,0.1369119929696394,0.0101777945904927
683,0.0,0.2421547274353387,0.11978996769480132,0.038886319447263035,0.05623139365111258,0.12337710475205663,0.05046404434190189,0.1544800345579581,0.06750762473000142,0.13998519755556285,0.0071235858340435955
684,0.0,0.24074859548751207,0.12115680065045403,0.03933383019844045,0.05651900568883235,0.12212404446737728,0.052462666893263295,0.15502294687565277,0.06533911996125157,0.1402431211719517,0.007049868605304507
685,0.0,0.23933631337806255,0.12251076431045684,0.03979646840131942,0.056809449436781165,0.12086299578998311,0.05456294919039585,0.15537969399826665,0.06325646236945165,0.14033306322377556,0.007151839901547435
686,0.0,0.23792245078682156,0.12384500920105726,0.040276468980406516,0.05710282572663944,0.11959551724812352,0.056762009515810175,0.15554947508880482,0.061264470948704436,0.14025124864533475,0.007430523858337717
687,0.0,0.23651149191733672,0.12515280176396276,0.04077604039799656,0.05739925292492783,0.11832321163543759,0.05905660571270239,0.1555321267183622,0.059367438267331644,0.13999495847140447,0.007886072190578092
688,0.0,0.23510781680585108,0.12642755380566353,0.04129735231048644,0.05769886774030487,0.11704772437581555,0.06144313913741052,0.15532812804492757,0.057569111474009844,0.1395625506582495,0.008517755647321575
689,0.0,0.23371568309853252,0.12766285131240643,0.0418425234098277,0.05800182597190116,0.11577074156741402,0.0639176601507865,0.15493860320608444,0.05587267651223727,0.13895347427580948,0.009323960495040893
690,0.0,0.23233920837721178,0.12885248250075906,0.042413609513020804,0.05830830318824391,0.11449398770370905,0.06647587515330322,0.15436532088668922,0.0542807456318992,0.1381682769649485,0.01030219008025579
691,0.0,0.23098235311165952,0.12999046497695807,0.043012591961231465,0.05861849532660451,0.11321922307141227,0.06911315516123696,0.1536106910368952,0.05279534826696732,0.13720860559561274,0.011449071491462594
692,0.0,0.23004060754442596,0.13116426518485863,0.04432774942295831,0.0582930342874658,0.11203406791432718,0.07841492500891721,0.15055081768809322,0.04654019976552125,0.13425075040610163,0.01438358277737155
693,0.0,0.2327867743608897,0.12870488355273155,0.04720884966481729,0.05667096985977732,0.1113731826641568,0.09596331353487152,0.14086808357607816,0.037930453930110984,0.1257873894248982,0.02270609943170924
694,0.0,0.2323893170854074,0.1287966551939482,0.04800409896876177,0.0567757147622035,0.11012766539516963,0.09928698268415098,0.13858942701892185,0.037444266340552645,0.12342159150439486,0.02516428104652998
695,0.0,0.23202479822051958,0.12881026247687097,0.048838284641204356,0.05689249170104618,0.10888820228204532,0.10264815175144004,0.1361770382671388,0.03705048436369737,0.12094508933550968,0.027725196960568466
696,0.0,0.2316938958596144,0.12874404560631966,0.04971218310751714,0.0570220798300614,0.10765662807936177,0.10603914138300895,0.13363924749304962,0.03674570498821975,0.11836916261602519,0.030377911036863003
697,0.0,0.2232840053818,0.1342498689284495,0.05280464619570387,0.05967933726136152,0.10017213818248441,0.11315848692676186,0.1275521879298369,0.039800436795191324,0.11038814876352444,0.03891074363492707
698,0.0,0.222762585687734,0.13404709331362685,0.053886206255895235,0.059999604468527874,0.09908699232568718,0.1164213839808758,0.12468956141539313,0.03975780629114718,0.10763228370480493,0.041716482556348716
699,0.0,0.22228305974012735,0.13375398616775358,0.05500981878049016,0.06033283419660838,0.09802687468683811,0.11966529503188106,0.12175049661619057,0.03978338603026356,0.10484346176972342,0.04455078698016483
700,0.0,0.21435385812266547,0.13840052831262648,0.05818955530756207,0.06265103390200218,0.09325125514963804,0.12516766179105165,0.11555001529533877,0.04273888355233331,0.09769212252756801,0.052005086039254994
701,0.0,0.2138140981575641,0.1379057866834878,0.05945937988780694,0.06313269278327678,0.09242541166610252,0.12810991982502115,0.11249882238257916,0.04292036137834594,0.0949945059583713,0.054739021277485325
702,0.0,0.28146468745488,0.04015191594653051,0.10944737460124691,0.05750460512249192,0.08645061486943519,0.20228636893603316,0.027254446763602027,0.037830481848322106,0.04048145857407759,0.11712804588342159
703,0.0,0.2820519432249948,0.0387582455630582,0.11043660305641033,0.05814988947140734,0.08506693169121345,0.20358519999513647,0.026330882462659886,0.03757791846535851,0.040945661474176415,0.1170967245956256
704,0.0,0.28253653787611765,0.037453201008723604,0.11140650446931603,0.05885468661183678,0.08371610997297618,0.20470677996487358,0.0255772217965663,0.03726168030610453,0.041635993947123716,0.11685128404640283
705,0.0,0.2829146480847154,0.036242333713526545,0.11235544074298393,0.05961797865386889,0.08240039572687315,0.2056488060072561,0.02499447328268528,0.03688368317813675,0.04254753997836314,0.11639470063163213
706,0.0,0.2831826665393298,0.03513096347777042,0.11328184322192444,0.06043860908867186,0.08112196238399949,0.20640951365484714,0.024582949383148037,0.036446338279224784,0.04367425195910219,0.11573090201202342
707,0.0,0.2851419379486296,0.03050893497531566,0.11646596658608128,0.06149547782255612,0.07933290265804135,0.20724215686244885,0.023722673327782252,0.03555492310549584,0.045247711377619716,0.11528731533607112
708,0.0,0.2851172998206861,0.029729872671170554,0.1172374183996937,0.06246972793500206,0.07811279307111411,0.20747525644748913,0.023897202031710772,0.0349492083906591,0.04699132654808356,0.11401989468443281
709,0.0,0.2849687994200559,0.029070373544923006,0.11798020825518163,0.06349746829987452,0.07693597294618217,0.20752570953430138,0.02423740898023743,0.0342986398680535,0.04891707256856977,0.11256834658266258
710,0.0,0.28469412145355133,0.028534202710109736,0.11869332673094257,0.0645768390642116,0.07580428375829316,0.20739443143629102,0.024740072491514206,0.03360794762610894,0.05101386887811258,0.11094090585090675
711,0.0,0.2682877609192863,0.028551686579446865,0.12679170662762668,0.07790123960448371,0.07014682199859973,0.1669068456365042,0.0660612980963465,0.02953568957969444,0.08192771403466241,0.08388923692339109
712,0.0,0.26690295066371666,0.030068961095894662,0.12574792788076497,0.07948564139954414,0.0691588393560557,0.16460951233880877,0.06895235900831462,0.029124478290261,0.08515518780541806,0.0807941421612634
713,0.0,0.26540554044221304,0.031700406568241926,0.12468367166629546,0.08109097450441134,0.06821827262709718,0.1622187496492588,0.07184894561324853,0.028793753583026348,0.08832766787278144,0.07771201747346798
714,0.0,0.2637982492252635,0.03344268010140999,0.1236011933822251,0.08271309788872602,0.0673263910976066,0.1597420991546062,0.07474023209107675,0.02854920716755546,0.0914318175517699,0.07465503233980277
715,0.0,0.26208406371528825,0.03529211456045072,0.12250282331064817,0.08434786047863177,0.06648432981251828,0.15718729910118928,0.07761545910082332,0.028396126663125684,0.09445494774167128,0.07163497551569568
716,0.0,0.2602662301368889,0.037244729553355164,0.12139095868715846,0.08599111400235866,0.06569308766434313,0.15456225512639016,0.0804639798837491,0.028339359511851805,0.09738508512852918,0.06866320030541785
717,0.0,0.25834824512197685,0.03929624373913766,0.12026805522863128,0.08763872582303013,0.06495352603521834,0.15187501046282653,0.08327530569433651,0.02838327920729157,0.10021103552897805,0.06575057315861552
718,0.0,0.25633384572010026,0.041442088416518454,0.11913661815252287,0.08928659172017422,0.06426636797979063,0.14913371574934123,0.08603915034247306,0.02853175404836247,0.10292244200546093,0.06290742586529852
719,0.0,0.2185940377126713,0.0814648766046797,0.09813196992536656,0.10313011068472953,0.06891704341838947,0.09583708909130392,0.12750329985824788,0.048347058106671566,0.11619445476613595,0.041880059831846776
720,0.0,0.2234474687580763,0.09998261746210768,0.05270640548817432,0.09258830380100276,0.0880161072677283,0.027163226818213454,0.07434881779837979,0.19107948269576913,0.07609231044651237,0.07457525946407842
721,0.0,0.22459091497948874,0.09957131531419343,0.0527002035621761,0.09169703211146081,0.08746738065829623,0.027217251158644575,0.0718783923182948,0.19224274868278152,0.07694838367325282,0.07568637754145353
722,0.0,0.22566239601874702,0.09923193492012845,0.05271265761754944,0.09079233468234199,0.08689385964999619,0.02733938506252713,0.06941512513572178,0.19321067189679564,0.0780091265583799,0.07673250845785505
723,0.0,0.22665952701026873,0.09896829940984705,0.0527410296810877,0.08987583101096677,0.08629536497714402,0.02752732621728548,0.06696554248610273,0.19397889818118555,0.07927539364086336,0.07771278738529111
724,0.0,0.2553666244640663,0.07096176284677608,0.0672709867070179,0.07111645112417789,0.08097239536059797,0.036773669140186635,0.036544838131721616,0.21337881843117923,0.07723717721482108,0.09037727657949804
725,0.0,0.2796381024357677,0.0468569239217782,0.08959000403234939,0.047608185533087044,0.07102543569497206,0.048369882621374115,0.023136086870586513,0.21361552432881445,0.08673265138795666,0.09342720317335663
726,0.0,0.28228991416234217,0.04630393638043681,0.1021595450266888,0.03355378395412862,0.06385833820582919,0.05370564959755631,0.0329011768564096,0.19808348313778062,0.09992132448704825,0.0872228481918227
727,0.0,0.27962691665653766,0.04931350209588641,0.10235818157899482,0.033320366193954246,0.0627795927453909,0.05407225961235901,0.03443118454231967,0.1938525580386775,0.10354144725300923,0.08670399128291356
728,0.0,0.2768544225504924,0.052445475575306724,0.10248907638660477,0.033150285507745215,0.061700076231276574,0.054434495582491874,0.036004794688101506,0.18956713317996893,0.10711818116916422,0.08623605912889082
729,0.0,0.2739803914326744,0.055690225769728555,0.10255315595623204,0.03304301034009074,0.06062290250676362,0.05479074101891894,0.03761710065672162,0.18523970407424142,0.11063589168610881,0.08582687655856298
730,0.0,0.27101305103762896,0.059037749919813025,0.1025515499409585,0.032997828141243656,0.05955129602683057,0.05513933732209983,0.03926319162197651,0.18088269479591898,0.11407951623490786,0.08548378495866513
731,0.0,0.26524370594033514,0.06525235470273466,0.10185699899076743,0.03386502509813825,0.05778878082214295,0.05559101579255748,0.04108594368462739,0.17361205254847817,0.12009654316106316,0.08560757925919855
732,0.0,0.23880932700303464,0.10373122149478828,0.09989906528714317,0.02451461093912046,0.05483451147312063,0.0580862770507792,0.08559784872665556,0.13241668880947116,0.13048747520377266,0.0716229740121577
733,0.0,0.20596457531416074,0.14757174648646615,0.08452390976359545,0.028062591020662157,0.06070022744294046,0.06275654791721991,0.11647370850136664,0.10111822987727734,0.1271152900028224,0.0657131736735323
734,0.0,0.18663332993379295,0.17196384132094397,0.07211934080940641,0.03481891423934464,0.06700833536039406,0.07089636772899674,0.1251162816063494,0.08416380468307849,0.11996309242772797,0.067316691890009
735,0.0,0.18346422386462163,0.17405742863859588,0.07204583775545562,0.036175920141296516,0.06722607494777502,0.07189724261223124,0.12449159031809064,0.08303537562830697,0.11844716169813335,0.06915914439553686
736,0.0,0.1804400059907481,0.17595580135432207,0.07198757844560026,0.03754824796480054,0.06750857107081552,0.07287075719347312,0.12377704597719492,0.08200727324483284,0.11692780435410084,0.0709769144041558
737,0.0,0.1775645005966791,0.17765542938716777,0.07194510484874471,0.03893415321838682,0.06785749892137385,0.0738130176126468,0.12297852118135082,0.08107446645611563,0.11541844790861705,0.07275885986896129
738,0.0,0.17484098025260342,0.17915353588423263,0.07191879644472854,0.04033190420342586,0.06827435516357423,0.0747202228312333,0.12210211451819665,0.0802316075112722,0.11393248437593491,0.0744939988148423
739,0.0,0.17227216131118658,0.18044810088908353,0.07190887071442079,0.04173978521366186,0.06876044885717833,0.07558868509441209,0.12115411702534953,0.07947307310183564,0.1124831803766515,0.07617157741626418
740,0.0,0.1698602014863046,0.18153786203297595,0.07191538454793187,0.04315609952984093,0.06931689298078847,0.07641484998902145,0.12014097809632432,0.07879300642206986,0.11108358793006168,0.07778113698472498
741,0.0,0.19826906068243022,0.11743507293945456,0.07250810371233465,0.09168126143710216,0.07360712809348834,0.14662025908262336,0.05009672741752377,0.039311277455278,0.1165247041506079,0.09394640502920137
742,0.0,0.20221954740975956,0.10751306364481612,0.07676932468357893,0.09606347531716829,0.0714055088294072,0.1499969531047599,0.04574960951151254,0.03692646189993155,0.12072646018412318,0.09262959541498739
743,0.0,0.20217450313107918,0.10590862992263565,0.07791722158038727,0.09754486386033492,0.07106058320735906,0.15012004486624725,0.045030774609088775,0.036378976872964104,0.12284719093410819,0.0910172110158402
744,0.0,0.19572366434599214,0.10980151002214769,0.07939729669446478,0.10097284300770396,0.07416544088029937,0.1449142775532674,0.0460117586046075,0.036355066176297225,0.13183750596995522,0.08082063674530936
745,0.0,0.19553708101200618,0.10834628759624611,0.08044599190945351,0.10239259688283237,0.07431995330006821,0.14444115118481812,0.04570592687852444,0.035834366718887525,0.13411420539310734,0.07886243912410104
746,0.0,0.19530557102691962,0.10696246739392862,0.08146769283130742,0.10380046781049179,0.07452055622729882,0.14386492076020121,0.04550239439976032,0.03532736132996963,0.1363853631386898,0.07686320508147773
747,0.0,0.19502512862487045,0.10565604367863074,0.08246158529911587,0.10519488774753892,0.07476571103075412,0.14318939683966594,0.045397669058636014,0.03483920968774817,0.1386360486214981,0.07483431941158636
748,0.0,0.1946920210582422,0.10443258830920418,0.08342703244988244,0.10657428241031312,0.0750537575086372,0.14241869482349656,0.04538792960127756,0.03437507978632754,0.14085150917147563,0.07278710488118835
749,0.0,0.2018216892850457,0.06958760910589104,0.10236759523125494,0.12697395846401338,0.05913623246566544,0.14368802837954087,0.04963908169944174,0.02742210879053836,0.1521363927016672,0.06722730387698614
750,0.0,0.1968592329765132,0.05369790865500728,0.11552617154858831,0.14201999738269966,0.04777522096892745,0.13185048731211146,0.06722909700179316,0.0316717774617923,0.14946551379307194,0.06390459289954048
751,0.0,0.1658282012751749,0.06790100348224017,0.11201950183675177,0.15697536084692548,0.05264951430655218,0.08005020415313759,0.10925516763349805,0.07850672767792255,0.11388505742216992,0.06292926136567263
752,0.0,0.16455587646423286,0.06953916177361598,0.11125490621620657,0.15720432293609765,0.05297530797755391,0.07873716834766935,0.10898728851336532,0.08091720315172923,0.11355131336594096,0.06227745125363349
753,0.0,0.1533499751493675,0.09621601763827348,0.08594657816051843,0.14807041545684996,0.0779190034222565,0.04661745076256616,0.10243443572641647,0.12881783335067926,0.10085230648528001,0.05977598384783757
754,0.0,0.1531735263708658,0.09707816166182288,0.08536065933088452,0.14739077618219681,0.0781160262328471,0.04643781879633808,0.10053102009581201,0.1301846666477189,0.10278136094615103,0.05894598373540825
755,0.0,0.1539797743444944,0.10057118063623334,0.08134875104899963,0.14378276191242614,0.08159565805609759,0.044038811385327836,0.09434438838602442,0.1363956475682034,0.1065110330226783,0.05743199363956007
756,0.0,0.15393416372226515,0.10134596186366834,0.08087504361638924,0.1429173821929636,0.08167746214893526,0.04416731076182398,0.09228282082204446,0.1371207311650091,0.10911811868856214,0.056561005018384
757,0.0,0.1538974018398437,0.10211455437967273,0.08042663268657588,0.14200932389056228,0.08174838692048089,0.044374816522638146,0.09019848732854832,0.13768007925166167,0.11186090086238003,0.05568941631768169
758,0.0,0.15867064191402788,0.10695355760322228,0.07417712904905896,0.13335947534359371,0.08673770549377297,0.04281736049164863,0.07683707784048853,0.14412546011120067,0.12299897629870722,0.05332261585432436
759,0.0,0.15874517889709866,0.10772842493971024,0.07386603691197637,0.13225893563725247,0.08648174873080978,0.043399884789476526,0.0748143423406491,0.14347109822986168,0.1266206531419009,0.0526136963813096
760,0.0,0.16666958941851467,0.11084098287131602,0.07017374374619113,0.12166092098414595,0.0873197016214545,0.045590642669298256,0.06041782644082813,0.1432544003357947,0.14294538112186128,0.05112681079064086
761,0.0,0.16662511614047992,0.1118728006102344,0.06994580112116798,0.12050291494570739,0.08664521364406816,0.04639819510912477,0.058840768297814,0.14132361837828994,0.14694284286006376,0.05090272889309531
762,0.0,0.16656562049444168,0.11293608050190765,0.06971283308025404,0.1193384534814906,0.08595014590097377,0.04723500311791594,0.057312735558834454,0.13925752943496822,0.1508961095702243,0.05079548885903511
763,0.0,0.16649266581741287,0.11402923766861081,0.06947367512290412,0.11816884507651175,0.08523589272548138,0.04809722223834398,0.055835652662860336,0.13706398400530637,0.15478754093307948,0.05081528374953478
764,0.0,0.16640795543294043,0.1151504670590957,0.06922725985557807,0.11699535938500508,0.08450393375576778,0.048980942934641725,0.05441124192718841,0.13475124528584304,0.15859973277702272,0.05097186158696289
765,0.0,0.1663133296618292,0.11629774533250846,0.0689726212738458,0.1158192239428745,0.08375582865169826,0.049882201960055744,0.05304102711150731,0.13232794519405136,0.16231562908945918,0.05127444778221596
766,0.0,0.16621076218839662,0.117468833746814,0.06870889857780696,0.11464162112468988,0.08299321140027316,0.050796993951690995,0.05172633775848181,0.12980303897107476,0.16591863271835366,0.051731669562464076
767,0.0,0.16765623037453187,0.11927493596043662,0.06822826765725486,0.11169479031216877,0.08139741144458176,0.052469275254706814,0.04881967116928976,0.12568832728922433,0.17180234246367593,0.05296874807417539
768,0.0,0.1674923361838936,0.1205561211218477,0.06793906401752056,0.1105443089142253,0.08054539238324494,0.053381583845928636,0.04773966075682196,0.1228700938166036,0.1750461273223121,0.05388531163764785
769,0.0,0.1673268322417452,0.12185313975243,0.06763758594086794,0.10939791122274346,0.07968521814965723,0.05429132775741666,0.046719289630674,0.11998820335118189,0.17811926612916415,0.05498122582416578
770,0.0,0.1671624499421863,0.12316252924018148,0.06732359806894606,0.10825644804781151,0.07881888327566283,0.05519453552155482,0.04575885734791317,0.11705260658785038,0.18100880937935418,0.05626128258858562
771,0.0,0.16700202617279344,0.1244806414010817,0.06699698506364558,0.10712070754892959,0.0779484219260936,0.05608726153649998,0.044858510283423206,0.11407328807235671,0.18370285799434125,0.05772930000088143
772,0.0,0.17299532318959587,0.12934317620054045,0.06680178926143371,0.09918788472678729,0.07037098136153642,0.060333705362134685,0.04072798014066048,0.10171824031641201,0.19295525457621496,0.0655656648647306
773,0.0,0.18341185630320173,0.14526609042146463,0.07984632706612364,0.07490648270623865,0.038894149720629365,0.06597179390174239,0.05827752944156906,0.07511626241069295,0.18303748525750987,0.09527202277087436
774,0.0,0.18195646308167202,0.147282371033731,0.07941586146368321,0.0747687573083206,0.038322354925854944,0.0654526885464477,0.059674189025705,0.07297116786477327,0.18186861565363008,0.09828753109622898
775,0.0,0.16780946305024844,0.16532453851610837,0.08934812454358233,0.05970730157923376,0.0423190268024389,0.054981520743941574,0.08508449051754337,0.07457391988905629,0.1491666024755638,0.1116850118823301
776,0.0,0.1669587193512632,0.16526288594857208,0.08939097611758545,0.06002466973797875,0.043347255580085835,0.053963495096834964,0.08587061381280459,0.07402576805408453,0.14868802792842245,0.11246758837241515
777,0.0,0.16629644980170832,0.16495912580481278,0.08944769126104238,0.060338553983038404,0.044460220333562964,0.0529083934589685,0.08662020194200985,0.07353192028477566,0.14837702729846675,0.11306041583166145
778,0.0,0.16582229567370338,0.16441537971708442,0.08951677691138037,0.06064817161171952,0.04565754738037063,0.05181745050692873,0.08733394613371656,0.07308817704098103,0.14824131560498,0.1134589394191825
779,0.0,0.16553523487699434,0.16363466195665302,0.0895965494083404,0.060952783497514956,0.04693862242343027,0.050692098230021486,0.08801254254045827,0.07269037339832946,0.14828748362262964,0.11365965004567546
780,0.0,0.16063696504580002,0.16201885890093493,0.08803403845557645,0.06062007389234786,0.06342715196527343,0.04596593051768925,0.08618784352604106,0.07447201151133051,0.14971289610092947,0.10892423008412452
781,0.0,0.1599013357957729,0.1580484623369589,0.08644167187636201,0.06265032966066321,0.07146648742395229,0.04490327642138013,0.08281177409522432,0.07382420718128695,0.15454821429555118,0.10540424091289566
782,0.0,0.16073517168263868,0.15536226741425033,0.0868053194583157,0.06312771207884714,0.07340985206019308,0.04403788323583503,0.08266778216330273,0.07367571933287748,0.15646919948938148,0.10370909308440587
783,0.0,0.16170677272855602,0.15253210936804298,0.08714458402290347,0.06359660960089089,0.07540514274028938,0.04316138314456705,0.08251134044163036,0.0735314087904554,0.15851968063494765,0.10189096852776448
784,0.0,0.16253644580508014,0.14807388114377015,0.08618309221924163,0.06543053914094835,0.08028699423195151,0.04267305675444414,0.08001897604248843,0.07278664105486347,0.16318140251842192,0.09882897108883794
785,0.0,0.18561570715251147,0.10940322226578192,0.09201984729668336,0.06580308395118668,0.09842492582711919,0.029175213630572905,0.08733606835965524,0.07312179382758455,0.18637056534552385,0.0727295723434285
786,0.0,0.18784895578752658,0.1056708790722631,0.09167757314703144,0.06609269467576245,0.10093737203957548,0.028205899367959347,0.08711863933530375,0.07309517935028374,0.1892114424993461,0.07014136472499584
787,0.0,0.19009979533903942,0.10196407415818479,0.09127380047311408,0.06637402663532914,0.10345254192361718,0.02727551054097553,0.08687737327523813,0.07308210702685956,0.19201615116512225,0.06758461946256779
788,0.0,0.1920847875761492,0.09659873011262379,0.08833346041524534,0.06793976598617854,0.10969064616457279,0.02729822527831708,0.08290519100016856,0.0728480241747446,0.19770217200778853,0.06459899728425932
789,0.0,0.19418212183802716,0.09317528167269094,0.08777262732051308,0.06821195842679618,0.11209649704108969,0.026619006186652756,0.08256293290743279,0.07288531075862995,0.20008918425270786,0.062405079595507305
790,0.0,0.19625548897372486,0.08983337761051198,0.0871454949038751,0.0684739964310469,0.11448206380690241,0.025994281568706947,0.08219947074025442,0.07294381829623571,0.20236387313400755,0.06030813453478196
791,0.0,0.19647512265702488,0.08578686269208396,0.08182676112279669,0.07176049070544414,0.12036024933180718,0.028459327129342793,0.076147525771908,0.07219432576217441,0.2057927873983415,0.0611965474291241
792,0.0,0.19815923080474854,0.08304981764165983,0.08103636176227617,0.071993416629177,0.12245348056485611,0.02820884204469259,0.07572561847354627,0.07235182142421699,0.20715116417519452,0.05987024647967964
793,0.0,0.1997805235838849,0.08044350067411002,0.08018235334539844,0.07221238946898323,0.1245025595624361,0.028025384167940016,0.07528822808916824,0.07254109966730535,0.208330024207825,0.05869393723299683
794,0.0,0.1990419901181692,0.07879548651500595,0.0757902379675512,0.07507422831444538,0.12717164028757083,0.0310477352890971,0.07138242753345586,0.07198995593825373,0.20749967380332696,0.062206624233171616
795,0.0,0.2002811641757681,0.07678847869344481,0.07481467813290232,0.07524087644292676,0.12892020741144322,0.0311708104391189,0.07094675829327571,0.07229421359325763,0.20779723275937356,0.06174558005853684
796,0.0,0.2014337873337453,0.07493822424714786,0.07378434333568955,0.07538981935627036,0.13060808262574441,0.031367838177137106,0.07050033438039836,0.07263617041165157,0.20789008587185548,0.061451314260407834
797,0.0,0.19479027469395782,0.0781576725924888,0.06488534255506925,0.082772175684798,0.12886210934251915,0.04131376685154844,0.06430286511720824,0.0708090438186481,0.19661005985003574,0.07749668949377425
798,0.0,0.21332730206916045,0.05973328836149122,0.05768519388255426,0.0722305537381321,0.15105101356160444,0.03833397713563665,0.06443013238941597,0.08435752557575626,0.19567385577778484,0.0631771575085118
799,0.0,0.19665243906713714,0.07797471546845015,0.04581390249969227,0.07695682664358373,0.14239399464946217,0.05613275703339712,0.06052944007220251,0.08365726248365098,0.1656606259492613,0.09422803613321093
800,0.0,0.19563567317288838,0.07933420334890741,0.04463570140787504,0.07656589426210528,0.14218688663287435,0.05790736119464345,0.060270295931627985,0.08445797451813958,0.16281507028696077,0.09619093924402604
801,0.0,0.1945408289855875,0.08078739787702761,0.04349527295143068,0.0761496148489882,0.14188552192216214,0.05973838219022686,0.06003473712911105,0.08525210106941528,0.1599848179010579,0.09813132512504127
802,0.0,0.19337243521617428,0.08232588942677335,0.04239711527405804,0.07570842561572634,0.1414904884093365,0.061622727247725335,0.05982478328581605,0.08603624011431789,0.15718606130089222,0.10003583410922859
803,0.0,0.1788635222256126,0.0969372035582374,0.03779238032446732,0.07814296732472006,0.1274910437341167,0.0796253975931715,0.06299256411531978,0.08235223063263,0.13168784425475305,0.12411484623702011
804,0.0,0.17763722681403757,0.09847387216961381,0.03733589998828381,0.07733997054795078,0.1265960742534459,0.08156923725566403,0.06328332332600344,0.08295845431657908,0.12971361688662303,0.1250923244418471
805,0.0,0.1763880860708657,0.100018591218962,0.0369455317135405,0.07651604795933581,0.12562932733753673,0.08353431446099889,0.06360875776636418,0.08353729763129393,0.12790235682216045,0.12591968901899045
806,0.0,0.17512117068183003,0.10156313065444714,0.03662375717678207,0.07567260957711044,0.12459261352407643,0.08551706190126225,0.06396972681946707,0.08408636938703472,0.12626489493294552,0.126588665345093
807,0.0,0.17384156117675295,0.10309935321067082,0.036372835636626105,0.07481114371821553,0.12348786368996337,0.08751387011473859,0.06436696748521423,0.08460351715862899,0.12481103923858283,0.12709184857065528
808,0.0,0.16505839824250867,0.10812522999590854,0.042547102759842984,0.0723800594639301,0.1042927477489447,0.10781665157466176,0.07664536891218374,0.07418645815368685,0.11261594074001834,0.13633204240836314
809,0.0,0.1644060414790983,0.10881282979428865,0.043095173347529325,0.07112702967677094,0.10304323016441383,0.10950014010832877,0.07753967666924468,0.07437745737395747,0.11341145170742853,0.13468696967898827
810,0.0,0.16378405084323625,0.10943428894282914,0.043708172979017704,0.06987496197007989,0.10175740702010155,0.11116935144451609,0.07845697338893988,0.07453429179209398,0.1144376666459015,0.13284283497333285
811,0.0,0.16319524728679025,0.10998562418840506,0.04438535764784888,0.06862623842000881,0.10043745168867851,0.11282158756884897,0.07939604906327628,0.07465737125140604,0.1156898231866253,0.13080524969816087
812,0.0,0.19707461218529596,0.0565026192705041,0.08888223937720663,0.040891462013343385,0.08843344776538713,0.1363663170159452,0.10885057925402372,0.038391925761451506,0.17520569635589373,0.06940110100099768
813,0.0,0.21961528566901697,0.029623008932068668,0.10208998156826575,0.027756184170898646,0.09986508641063266,0.13757532453568014,0.10946915837586807,0.02790214320671247,0.2107106751162193,0.035393152014686624
814,0.0,0.2210276885428897,0.028389882813429076,0.10217291484871477,0.026985883287264065,0.09965928198845322,0.13828406853177766,0.10939712729765785,0.02794002573962663,0.214396731232992,0.03174639571724433
815,0.0,0.23047715983283032,0.018756588825604388,0.1047701742877497,0.022521572942769966,0.1069635748280639,0.13810450824160858,0.10618127659795068,0.02493518100359001,0.2280856448673308,0.019204318572550942
816,0.0,0.23776496672217123,0.012541507844523514,0.10472752199363917,0.01993296272724934,0.11465123616836342,0.1374979668683351,0.10109009177753049,0.02320760615150508,0.2368589917004392,0.011727148046292652
817,0.0,0.23879615144507407,0.011976439713363936,0.10398138011489902,0.019910965287870397,0.11432583891201262,0.13829298762426956,0.10043473317103827,0.02353681892875594,0.23811552422897542,0.0106291605737902
818,0.0,0.24356051638921702,0.009911269172564265,0.09993687322441092,0.020648673783749988,0.11909562577389864,0.13921145483154326,0.09302020244021987,0.024375624078844343,0.23910359618418514,0.01113616412141605
819,0.0,0.24411433986265357,0.009929129033385031,0.09878654734927603,0.02116673853396935,0.11849732032005791,0.14005246439295,0.09212328836819715,0.024947760663087543,0.23811546623121302,0.012266945245259939
820,0.0,0.24458596829634244,0.010024446059867824,0.09761221592965415,0.021757810038076007,0.11785683534048277,0.14088744191317265,0.09119987398478521,0.025560965359048848,0.2367694204082733,0.013745022670346356
821,0.0,0.24497489831168578,0.010196484367633311,0.09641691215594497,0.022419212374810805,0.11717593061211336,0.14171427105452133,0.09025207328141786,0.026214283502054285,0.23507179967900244,0.015564134660865567
822,0.0,0.245280792000633,0.010444313600739004,0.09520373626585935,0.02314816373451704,0.11645645396299086,0.14253078625570523,0.08928210107972168,0.026906526704111523,0.2330307528176547,0.01771637357811735
823,0.0,0.2444591132624729,0.013604199125613082,0.09086350919651366,0.026561639304150765,0.12005535917014455,0.14152954003884508,0.08276774855786748,0.028197705156447345,0.22402027747311593,0.02794090871487894
824,0.0,0.24217478172512907,0.018260144475592714,0.08622636648707321,0.030668024098854725,0.12166977785185286,0.1406809937289741,0.07761686208345804,0.02978479813271588,0.2135954384626583,0.03932281295374063
825,0.0,0.24194954496604165,0.01912804643407368,0.08467973368526394,0.03190075130699954,0.1205449897110584,0.14147182628235022,0.07669738383102569,0.030637495868619892,0.20962740973116037,0.043362818183456234
826,0.0,0.24165186314278547,0.020046253477864786,0.08314927289473471,0.03317706858341118,0.11938783483743558,0.14223438986881676,0.07578563962731114,0.03151339671658091,0.2054460611257268,0.04760821972538226
827,0.0,0.24128309139061557,0.021011732596676207,0.08163877823698468,0.03449328712087518,0.11820107803192152,0.142966245609746,0.07488403416352137,0.032409985709948845,0.2010721697276978,0.05203959741206244
828,0.0,0.2408446959302935,0.02202137378224923,0.08015198932848581,0.03584569510062645,0.1169875221646284,0.1436649965452009,0.07399494334487348,0.03332465700229242,0.19652747251059727,0.05663665429080228
829,0.0,0.24033824835130155,0.023072000549656253,0.07869258167465586,0.03723056677592389,0.11574999972689773,0.14432829687888016,0.0731207035983236,0.03425473198696126,0.1918345512026402,0.0613783192548093
830,0.0,0.23772020488200205,0.02697343338987103,0.07561879880052316,0.04084376572825812,0.11484038209912555,0.143863092070497,0.07068717443391559,0.03569010293352286,0.18251639998399471,0.07124664567833998
831,0.0,0.2370525133955929,0.02813623798931397,0.07419460316694898,0.04232937304803784,0.11349451373594321,0.14443199364820153,0.06992011655619075,0.03663487150722604,0.17757044998005286,0.0762353269725419
832,0.0,0.215622574464345,0.0562781875106667,0.05923652996650085,0.06449849515068956,0.10697883929329884,0.13410812449839318,0.06423895166243206,0.04135305764574372,0.1411225659879291,0.11656267382005138
833,0.0,0.21494228385068406,0.05735721663592961,0.057893573945523996,0.06616905056344376,0.1052158009891099,0.1343122563402278,0.06425275569762279,0.042181383048169506,0.13699949962295702,0.12067617930638191
834,0.0,0.2142470525068856,0.05839957566180735,0.05663158781825137,0.0678237121671723,0.10345955132470312,0.13445532202023475,0.06430750243296614,0.043003621518305134,0.13302997123704013,0.12464210331268444
835,0.0,0.19633231105414756,0.08080120089203316,0.04623104406114448,0.08756687961497428,0.08997861075766178,0.12188605718424389,0.07033518201021038,0.04634820144458517,0.11770172949882363,0.14281878348222618
836,0.0,0.19612868434551226,0.08113602679547507,0.045336155684128444,0.08903049898347988,0.08821992062761334,0.1215547648252944,0.0710788586766859,0.047071578074932126,0.11579747963967299,0.14464603234725612
837,0.0,0.20341127695862196,0.06704365242507539,0.044833284097344335,0.11378727639056926,0.04478794911925379,0.06514776801000402,0.1183291264653945,0.08279090626424444,0.20022811307350805,0.059640647196034666
838,0.0,0.20469615111898226,0.06535385424573681,0.04527255713101387,0.113091219976295,0.045241765985587885,0.06422903394450458,0.11835706459254422,0.0842258103324976,0.20290519382462707,0.056627348848261136
839,0.0,0.20592393634492906,0.06373570554287897,0.04571895077172355,0.11234510108030948,0.04572950535802708,0.063364518857018,0.11830330908050966,0.08566259611414528,0.2054676267098938,0.05374875014061551
840,0.0,0.20708986966461934,0.062196761342640065,0.04616839010672037,0.11155135621934963,0.04624847009761111,0.06255673172846324,0.11816835265646808,0.08709793823097972,0.2079051015920069,0.05101702836119195
841,0.0,0.21359853789945404,0.05572696456762814,0.04682176014076812,0.10760810135523345,0.048456914036804334,0.056500037344036656,0.1187957743719514,0.09599548345097314,0.21642472520643086,0.04007170162677029
842,0.0,0.21466601955238337,0.0544347858243986,0.04714056736169991,0.10658880849916741,0.04920183947200738,0.056005588429613784,0.11826917201301196,0.09745251839706097,0.21801935039939213,0.03822135005131503
843,0.0,0.24418939394380962,0.028355954791686525,0.050173793599016525,0.06749014989509095,0.07887577265334418,0.045956550540810014,0.09084326525319719,0.15415441687237236,0.1917700813681985,0.04819062108252468
844,0.0,0.24020928815064205,0.03654384693559564,0.05191314298082126,0.0329396023756859,0.09881256227269272,0.06666350765875047,0.05710621402736372,0.18080992472565696,0.12662564761834588,0.10837626325449605
845,0.0,0.23862716149468166,0.03902456834075044,0.050830210135768716,0.03217580047156164,0.09826030213431616,0.06908020118755517,0.05629974618105335,0.1798864670395987,0.12623867145387585,0.10957687156088909
846,0.0,0.2369346776774175,0.041637417039542955,0.04971845236226478,0.03146188806824317,0.09763499836371346,0.07151846704009955,0.05555022317138658,0.17884852802013196,0.1260410859985999,0.11065426225865094
847,0.0,0.23513791918819543,0.04437252604465462,0.04858182705530257,0.030798103547827915,0.09693930226358126,0.07397224678221816,0.054859314635612076,0.17770050038673887,0.12603589063219103,0.11160236946372909
848,0.0,0.22777789483721939,0.05370355494788878,0.04763366402193274,0.02504428495326482,0.09623404202143757,0.08393050486319839,0.05054557103718798,0.175263294850028,0.11646455874679958,0.12340262972109368
849,0.0,0.22564755512386994,0.056791230041262936,0.0464466021518842,0.02466006843135319,0.0950820778774453,0.08644226970883855,0.05033076677863952,0.17364238495483822,0.1176035623956382,0.12335348253628102
850,0.0,0.22345210379425826,0.05994164383851684,0.045256555721806355,0.024325204905779045,0.09387625561777542,0.08893426734584187,0.05018224114198181,0.171944564640132,0.11894136189744894,0.12314580109651065
851,0.0,0.21599482177164347,0.06908669220922412,0.0442166048856151,0.021112658695824304,0.09098877375939614,0.09787295016936422,0.04927760593119418,0.16652486282825774,0.11649679402745242,0.12842823572207945
852,0.0,0.21367698848900288,0.0723009143271311,0.04306140227433854,0.021020866530396018,0.08946285207074411,0.10025734076912936,0.049566992165742084,0.16456950930862677,0.11883262650755863,0.1272505075573818
853,0.0,0.2113338985359592,0.07551860577892593,0.04192462417323685,0.02097339572920464,0.087904806339524,0.10259118992783481,0.049918896297678234,0.1625803814029948,0.12132773529401802,0.12592646652067488
854,0.0,0.18800017077993078,0.10054554625035429,0.04198428592064868,0.019487601654273285,0.0654530418528074,0.13499113025317389,0.07209903910207185,0.11995536813580426,0.1455201018013075,0.11196371424967941
855,0.0,0.1865287393574637,0.10241594474417767,0.04124100958809215,0.020101065093565088,0.06349033990188158,0.13621185978215364,0.07371966162795672,0.1184312912878864,0.14971764438885407,0.1081424442280205
856,0.0,0.18511224209963242,0.10418233583298409,0.040548545374101325,0.020728024857756804,0.06157633647625363,0.13732534416499415,0.07534341375842993,0.11699730679986987,0.1537819545734892,0.1044044960625402
857,0.0,0.18375462750120408,0.1058390405352776,0.039908849664340586,0.021366470760391196,0.05971564007924602,0.13832966699921,0.07696599422874546,0.11566043282725517,0.1576928061556857,0.10076647124869585
858,0.0,0.18245957224408269,0.1073808281122135,0.039323672198896854,0.022014441084758217,0.057912691354979194,0.1392231530976981,0.07858315959025575,0.11442727759168467,0.16143075584849723,0.09724444887698555
859,0.0,0.18123046769253995,0.10880293566548731,0.03879454875424338,0.022670028802840612,0.056171751928662784,0.14000437078296274,0.08019074260194564,0.11330400285521085,0.16497724972963174,0.09385390118652696
860,0.0,0.18007040760571208,0.1101010857620157,0.03832279479457664,0.0233313874133599,0.05449689384058888,0.1406721336407721,0.08178466998126377,0.11229628950860691,0.1683147250195568,0.09060961243359918
861,0.0,0.1789821771144613,0.11127150201563782,0.03790950012236833,0.023996736376075724,0.05289198960465173,0.14122550173879453,0.08336097942073611,0.1114093054755444,0.17142670659732717,0.08752560153445488
862,0.0,0.17796824300427677,0.1123109225648698,0.03755552455335045,0.024664366121609473,0.05136070292014985,0.14166378231627128,0.08491583578219987,0.11064767612155857,0.17429789769608753,0.08461504891967844
863,0.0,0.20975813386824482,0.06840164849429163,0.036879702858101826,0.04664661255734209,0.049816564920654165,0.15087745615925383,0.11955118124891655,0.06914259794423429,0.19953322871462154,0.049392873234391614
864,0.0,0.22097644614910028,0.050677842440933256,0.03509524415151773,0.056749528867800325,0.06196547820503406,0.15036820811583582,0.107614741728855,0.06820753362459284,0.18185964614963965,0.06648533056674319
865,0.0,0.2042153854246405,0.05300764237300526,0.03403617044023638,0.08441860788308703,0.0760826808277247,0.14568152824762726,0.062481052705788256,0.07211778792135845,0.14544404955626894,0.12251509462031543
866,0.0,0.20238644890167132,0.054137214560733025,0.03437159381654382,0.08533516624392551,0.07576247017161564,0.14510634369211473,0.061944892418486455,0.07237106449322052,0.14440715224376188,0.12417765345797943
867,0.0,0.20052631884548108,0.05525986655949722,0.03478684267223645,0.08619119440088938,0.07547223604398146,0.1445178412426125,0.061404445039425465,0.0726211081574214,0.14360546823373238,0.1256146788047749
868,0.0,0.19863703542022493,0.056374223661905906,0.03528111610048711,0.08698662823417604,0.07521111007384802,0.14391744441848095,0.060859228978728044,0.07287095324401932,0.14303959751961087,0.12682266234857123
869,0.0,0.17313305958029576,0.07500242985588194,0.042369172350822513,0.10927874928971568,0.04357234516924974,0.10263849654865746,0.09286559445309109,0.09243073162576824,0.18712228732532274,0.08158713380124726
870,0.0,0.17288279784893934,0.07452061722981589,0.04331391904527256,0.1086931228134743,0.04347424501112694,0.10246430652307942,0.09307244708098471,0.09375734841837083,0.1886258248591986,0.07919537116978981
871,0.0,0.17260284595784783,0.0740749117651612,0.044281293981891554,0.10805146805532449,0.04340987295185695,0.10230980441677862,0.09324275014758895,0.09509838352068865,0.19004828587579906,0.07688038332711516
872,0.0,0.17229152802710862,0.07366982166089432,0.045266351978598476,0.10735692621852351,0.04337797439260564,0.10217514610146292,0.09337843131606609,0.09644921903055988,0.19138253287964832,0.07465206839458485
873,0.0,0.17194732473393218,0.07330961186682534,0.04626420439791034,0.1066127261206547,0.04337727490722958,0.10206033548756174,0.09348163641484906,0.09780498535348599,0.19262215998927,0.07251974072833361
874,0.0,0.1715688834294152,0.07299828433347666,0.047270035367495244,0.1058221741388271,0.04340648503954788,0.10196522657615081,0.09355471371045337,0.09916058747352015,0.19376151326177327,0.07049209666939292
875,0.0,0.17115502748409364,0.0727395595176214,0.048279117471469846,0.10498864408591564,0.04346430504094647,0.10188952620205907,0.09360019691816046,0.1005107331434367,0.19479570581270544,0.06857718432364411
876,0.0,0.17070476482089858,0.07253685921564647,0.04928682686439792,0.10411556704434266,0.04354942953893219,0.10183279743909841,0.09362078705332554,0.10184996284269907,0.1957206277155683,0.06678237746514366
877,0.0,0.17021729559785695,0.07239329079083398,0.05028865776271765,0.10320642118388215,0.04366055212744962,0.10179446363524945,0.09361933323329308,0.10317268133908171,0.19653295069956395,0.06511435363012423
878,0.0,0.1696920190067375,0.0723116328543632,0.051280236271209235,0.1022647215899137,0.043796369869932135,0.10177381304279634,0.09359881254647677,0.10447319067805563,0.19723012769785886,0.06357907644270956
879,0.0,0.16912853915782208,0.07229432245335617,0.052257333505098376,0.10129401012845643,0.043955587706182686,0.1017700040058325,0.09356230911103842,0.10574572441329594,0.19781038733171394,0.06218178218725642
880,0.0,0.16852667002506438,0.07234344381264975,0.05321587797146407,0.10029784537417571,0.04413692275426775,0.10178207066528124,0.09351299245073645,0.10698448288198734,0.19827272344800997,0.06092697061641642
881,0.0,0.16788643943005457,0.07246071867020053,0.054151967176769324,0.09927979262737327,0.044339108498667935,0.10180892913959125,0.09345409531988563,0.10818366932005817,0.1986168798588043,0.059818399958648204
882,0.0,0.16720809204744186,0.07264749823915526,0.05506187843054783,0.0982434140457431,0.04456089885595719,0.10184938413759216,0.09338889111293966,0.10933752660512328,0.19884333046138672,0.05885908606416619
883,0.0,0.16649209141873197,0.07290475682266259,0.055942078818550164,0.09719225891639896,0.04480107210928864,0.10190213595863261,0.09332067099695705,0.11044037440881824,0.1989532549456817,0.058051305604331305
884,0.0,0.1657391209656811,0.07323308710050559,0.056789234321962416,0.0961298540933516,0.04505843470295012,0.10196578783407675,0.0932527209071205,0.1114866465354048,0.1989485103225869,0.0573966032164136
885,0.0,0.16495008399881572,0.07363269709961655,0.05760021806265376,0.0950596946252329,0.045331824888222086,0.10203885356350792,0.09318829854653429,0.11247092822006022,0.198831598531787,0.05689580246362306
886,0.0,0.17568638924936206,0.07236627761320226,0.05028760807724049,0.08427934658379843,0.05151096983620458,0.08404783799898559,0.10776205805377057,0.1346725553454509,0.18324121630072143,0.056145740941317274
887,0.0,0.17888484857257328,0.08396967061366287,0.03716259534882692,0.05330241673434011,0.08309135265638329,0.09316224120804431,0.06497232468119261,0.16051665379533467,0.15067778858908654,0.09426010780060914
888,0.0,0.17116262272414665,0.0901073275641721,0.039854034725935406,0.05079613620830114,0.08179532749799553,0.10528593926091433,0.05309396129530054,0.1536152647334092,0.1598492237617631,0.09444016222811584
889,0.0,0.16595431192963153,0.09371153224134643,0.04183694389233072,0.051096421076069314,0.0787344481667579,0.11252431341975398,0.04888375129711368,0.14755597917085025,0.16855181224002275,0.09115048656617718
890,0.0,0.16416996329405767,0.09584448872131103,0.04108879142124152,0.05165665086805903,0.07780295628994982,0.11366507300483936,0.04901540453311448,0.14550250288450498,0.17198521262372385,0.0892689563592522
891,0.0,0.16245184711040403,0.09786120192011286,0.04038487034150993,0.05225361677836134,0.07687973919839128,0.1147197410080606,0.04916750450448161,0.14356178846990855,0.17532678329523466,0.08739290737358912
892,0.0,0.16080565399387592,0.099753298471219,0.03972837343602673,0.05288566625498057,0.07596860120099203,0.11568473253438946,0.049337728380158805,0.14174275297296335,0.17855937936971675,0.08553381338573136
893,0.0,0.15923678340025865,0.10151288425282931,0.0391222958717404,0.05355112833637271,0.0750732452438234,0.11655671857196573,0.04952379693632396,0.1400537893291847,0.1816663683820497,0.08370298967550548
894,0.0,0.15559004430748014,0.10204449601523898,0.042049302134948126,0.05634426212672661,0.07033338219287888,0.12190115890615073,0.048214153905454846,0.13517742764067947,0.19016002270164595,0.07818575006885052
895,0.0,0.15440382501111097,0.10318821962687752,0.04160033712828439,0.05724330968131905,0.06936885112523812,0.12237827889211562,0.04864693703738378,0.13410804969196788,0.19273943174283795,0.07632276006291884
896,0.0,0.15331409256708556,0.10417496620219338,0.0412090619893348,0.05816303496626687,0.06844307186927195,0.12274772017920478,0.04908757365375494,0.13319679758606298,0.19510611004109615,0.07455757094578278
897,0.0,0.15137518751749274,0.0994878382748304,0.04650490611574723,0.06512745481119289,0.06035397712358219,0.12763757617800084,0.05206810969300804,0.1279584151900245,0.20285249848847456,0.06663403660770098
898,0.0,0.15161397833714496,0.09245838138672012,0.04686812922254053,0.07785140120174103,0.05390244439489619,0.12158578909361524,0.060378883183931004,0.13243874736116118,0.2026544255972371,0.06024782022106719
899,0.0,0.16729880453203172,0.05993116725875552,0.04338695118648474,0.10878559476531631,0.05070509605365723,0.10460516455941034,0.09707370001119192,0.12717810531942408,0.17157782440031966,0.06945759191346312
900,0.0,0.16777167895076828,0.058794139684534535,0.04300256866795849,0.1097984641025461,0.05149354514022452,0.10273331447147949,0.09810382276209069,0.12819638056730537,0.16835167912783874,0.07175440652530839
901,0.0,0.16824584083123073,0.05765797086789113,0.04263434813702922,0.11075392410006306,0.0523778558041882,0.10082631226214528,0.09908341317594242,0.12919198814456997,0.1650775269365377,0.07415081974045692
902,0.0,0.16871767935802218,0.05652788079099414,0.042281303012887114,0.1116512991907816,0.053355678297117286,0.09888924489188697,0.10001051313244351,0.1301602939351443,0.1617735930557777,0.0766325143349999
903,0.0,0.1691836093749785,0.05540903699189097,0.04194246488296252,0.11249001389293378,0.054424472016566285,0.0969272589528036,0.10088320569904119,0.13109688442020284,0.15845794464650378,0.07918510912217125
904,0.0,0.1696400858003461,0.054306533155732854,0.041616890490119456,0.11326959144276676,0.055581515195051674,0.09494554374914829,0.1016996213839682,0.13199758608633355,0.15514839743690623,0.08179423525968171
905,0.0,0.17037047961258808,0.052010295626256725,0.04211063125774018,0.11364974466608521,0.05844272394874275,0.09042029324647065,0.10176227195483825,0.1356483066137881,0.14726923537229328,0.0883160177012518
906,0.0,0.17083188211343558,0.05091846712763883,0.04185346190340881,0.11423171788289281,0.05987229915862732,0.08837650037687567,0.10238481152024939,0.13647975301364135,0.14405311139594934,0.09099799550733596
907,0.0,0.1712705450736031,0.04986273898908828,0.04160437927921422,0.11475522227521506,0.06137572569946934,0.08633493287012563,0.1029458223732706,0.13726057341163073,0.14091344971441372,0.09367661031402441
908,0.0,0.17168319707498542,0.04884774883964071,0.041362562358020424,0.11522026349717304,0.06294949037991865,0.08430079205994497,0.10344388468881313,0.13798774576244086,0.1378654893197583,0.09633882601935966
909,0.0,0.1720666877658194,0.047877940225910756,0.041127255328927595,0.1156269318059354,0.06458996630631444,0.08227921875005603,0.10387766758365571,0.13865856840058158,0.13492371942271342,0.09897204441014085
910,0.0,0.17241800023963386,0.046957544833962625,0.04089777236307383,0.11597540080927612,0.06629342302857787,0.0802752777202968,0.1042459363289322,0.13927066733770213,0.13210181487310652,0.10156416246549342
911,0.0,0.1727342628388314,0.046090565663698305,0.04067350189393649,0.11626592629222113,0.06805603654981146,0.07829394273265569,0.10454755961041437,0.13982200150885726,0.12941257717264504,0.10410362573698441
912,0.0,0.14129590693372723,0.07775535576023512,0.0197844590850614,0.12138986523895007,0.09195736489120876,0.09225064766519189,0.08072335259825669,0.09445158483615433,0.1801469134370123,0.10024454955425778
913,0.0,0.14001230205674622,0.07828371198885291,0.020946660971535844,0.12029578415147152,0.09289441782677038,0.0929495966976725,0.07902235728551042,0.0943155110410795,0.18121243738515525,0.10006722059526103
914,0.0,0.13874105577634907,0.07877553650309621,0.02217059108162016,0.11916666909446337,0.09380665175494919,0.09369438037660954,0.07727841631783541,0.09426603260601508,0.1822937097763367,0.099806956712781
915,0.0,0.13748392368458745,0.07922963930645832,0.023453968799466186,0.11800657839445906,0.09469029875761852,0.0944843775015818,0.0754958343597138,0.09430318661174746,0.18338433352565384,0.09946785905876934
916,0.0,0.13299752743430768,0.0817053709131524,0.03192302353811823,0.1101583088773042,0.0902346056123229,0.10729302753209191,0.06364023926206334,0.09616807402398714,0.1930931301186553,0.09278669268805251
917,0.0,0.13199873361150244,0.08177051652376169,0.03350375792349321,0.10889854146725939,0.09073151050261183,0.10844925295834526,0.06193701502303389,0.09674913626945801,0.1938681643252687,0.09209337139532126
918,0.0,0.1305985258341348,0.08144429457622443,0.041628258532726226,0.10172275159596929,0.08568105057770276,0.11862645748075097,0.05454849364559627,0.10147048191078306,0.1973547035145187,0.08692498233164936
919,0.0,0.1298576440517686,0.08119783389047382,0.04331928495747995,0.10045289811096503,0.08587676296860414,0.12001174547540401,0.053087018928907985,0.10240161359509248,0.19771273912940845,0.08608245889195144
920,0.0,0.12914183838550397,0.08091692856705449,0.04503032651340685,0.09919298566186502,0.08602105325133304,0.12142336580284992,0.05165260140746443,0.1033779072444715,0.19802509166137294,0.08521790150473388
921,0.0,0.12845141319454834,0.08060315382581397,0.04675712834688433,0.09794732621730674,0.08611150876320013,0.12285986897035825,0.050250646432734136,0.10439308314208638,0.19829129367437995,0.0843345774327439
922,0.0,0.127786643929606,0.0802581366797269,0.04849541760532438,0.096720157818146,0.08614585538865298,0.12431977380822228,0.048886529897353245,0.10544061481496944,0.1985112517350506,0.08343561832300442
923,0.0,0.12714777875005506,0.07988354836105548,0.050240917733418294,0.09551562846960866,0.0861219685697006,0.1258015718095209,0.0475655716451801,0.10651376768189638,0.19868523145806377,0.08252401552155691
924,0.0,0.1249654524002114,0.07908832346394283,0.05366184444721409,0.09372564106254883,0.08768691023473862,0.12800817674889012,0.04461248491017213,0.10805608707004512,0.19929630520897174,0.08089877445332158
925,0.0,0.1243809763618299,0.07865268490108297,0.055424013332808525,0.09263177044775968,0.08745958884415425,0.12953527482957555,0.043404913300689164,0.10916717604307824,0.1993945711263673,0.07994903081271099
926,0.0,0.12382462691866197,0.07819270502660672,0.05717648811533894,0.09157790697835273,0.08716478057960705,0.1310779878189015,0.04226195965404869,0.11027620948246097,0.1994500585070829,0.07899727691899519
927,0.0,0.13474140373119287,0.06937382269251618,0.07397229795928716,0.07240480495199492,0.06749655779385313,0.1468278870294023,0.051301701364088674,0.1342399282853004,0.17537051348938815,0.07427108270303306
928,0.0,0.13460835523866518,0.0689048654277846,0.07482044108236086,0.07167195731042889,0.06699428260477933,0.14851683789369316,0.0517165542939355,0.13443305010958265,0.1746382463423885,0.07369540969643817
929,0.0,0.13447820528539353,0.06846700980667762,0.07561002743406144,0.07099125422489673,0.0664490067647862,0.15020607919449983,0.052209676107951256,0.1345261666507555,0.1739328331402478,0.07312974139078696
930,0.0,0.13435101577604758,0.06806116068460011,0.07633920722343837,0.07036361768068364,0.06586249504594785,0.1518934184141698,0.05278087071562992,0.13451696126648735,0.17325617301978907,0.07257508017326342
931,0.0,0.13422694341595603,0.06768800146771137,0.07700637583577205,0.0697897236282615,0.065236756818113,0.1535766023774905,0.05342961051237112,0.13440367325382574,0.1726097819567174,0.07203253073383838
932,0.0,0.13410623858136453,0.06734799406118853,0.07761017664355578,0.06927000107476448,0.06457404356785812,0.15525331741364104,0.054155036668573346,0.13418511140589,0.17199477256002177,0.07150330802319955
933,0.0,0.1345418825023499,0.0668762885342671,0.07817831351740402,0.06821076679438591,0.06363055010659435,0.1566797963201097,0.05624886104506551,0.13445440796437047,0.1698099359810861,0.0713691972344243
934,0.0,0.13442594729951332,0.06663195039747881,0.07860148389669033,0.06780357310759295,0.06292715414587366,0.1583325168836604,0.057164158396488536,0.13395823821403377,0.16926507604146093,0.07088990161726466
935,0.0,0.1343138486229196,0.0664220025981676,0.07895859427120742,0.06744962527140501,0.0621965795916645,0.15997111700501238,0.05814928410959258,0.13335660047292744,0.1687541067817318,0.07042824127542914
936,0.0,0.13420624904755565,0.06624590103465935,0.07924941997224805,0.06714831883394025,0.06144205700633526,0.16159299068257313,0.05920195060568896,0.13265098144742876,0.16827615821299777,0.06998597315663042
937,0.0,0.13410389364280623,0.06610289228717421,0.07947398247952098,0.06689881866855868,0.06066702602079306,0.16319547232326323,0.06031957509041048,0.13184345465569972,0.16782990110298682,0.0695649837288442
938,0.0,0.13400760534988948,0.06599202055973703,0.07963254539336559,0.0667000651336776,0.0598751259729484,0.1647758382192497,0.06149929095599467,0.1309366724590743,0.16741355038817599,0.06916728556794494
939,0.0,0.13963413874366365,0.06970117464417991,0.07118064315582368,0.05846054133362478,0.06865097000527097,0.1486443217619906,0.09078343978294619,0.13220347775046548,0.13811282693520022,0.08262846588689242
940,0.0,0.1393280229502516,0.07028278892383362,0.07044388581413608,0.05826253628088452,0.06865064961352484,0.1499802815106444,0.09211353498039097,0.1301757677067657,0.13809783139362242,0.08266470082600384
941,0.0,0.13848738013684128,0.07835002635276873,0.058537377494332236,0.054124591190867224,0.08756482882381264,0.1316655200792877,0.10685774223378028,0.12562285918802568,0.12453449265708247,0.09425518184325998
942,0.0,0.13800635727487248,0.0792946165854236,0.05749493622324112,0.05388019972008601,0.08817428621263432,0.13271985148013993,0.10758796064411114,0.12341517590868038,0.12483168237106426,0.09459493357980495
943,0.0,0.13543705967341851,0.084514735524239,0.0511553901999654,0.05309978497824619,0.1001726882643154,0.12374764306728658,0.10922300190158056,0.12000377367289915,0.12337338255767936,0.0992725401604281
944,0.0,0.1349726853853831,0.08542088954133983,0.05016028851200574,0.05288699941416947,0.10101136129531735,0.12454487287597917,0.10943192940809815,0.1181274601245505,0.12363124745370256,0.09981226598951236
945,0.0,0.13455288979709806,0.08626938648897185,0.04918778742247589,0.05269399017812214,0.1018771956161327,0.12526723227309838,0.10958152382883006,0.11635597314644568,0.1238045337632478,0.10040948748563584
946,0.0,0.13418077817986052,0.08705447653821795,0.04824151105890413,0.052520329561588606,0.10277163870211113,0.12591077483051863,0.10967069253203532,0.11469676874923652,0.12388672740869966,0.10106630243888587
947,0.0,0.13313778586067235,0.0885897390359014,0.046443948529981405,0.05261587880369253,0.10644895092904144,0.1239545732203514,0.10887670864124858,0.11329014590304369,0.12401696929219412,0.10262529978393153
948,0.0,0.13288058691760046,0.08919656936641512,0.045597862077072185,0.05249089712602357,0.10742090382056559,0.12438609053828562,0.10873769209247086,0.1119767141330408,0.12388427922971892,0.10342840469886534
949,0.0,0.13268171399923254,0.08971968273133352,0.04479126991748757,0.05238569335804413,0.10842156648963787,0.12472724414794183,0.10853748804156844,0.11079944116075446,0.12364139662630808,0.10429450352775013
950,0.0,0.13254340608372608,0.0901547531474382,0.04402705876922894,0.052300287574897894,0.10945125207320784,0.12497508510096962,0.1082762011905429,0.10976298474584117,0.12328514117634293,0.10522383013786313
951,0.0,0.1324676596347458,0.09049785028257726,0.04330792383282925,0.05223478631458632,0.11051002234951035,0.12512692987828622,0.1079541627257382,0.10887135339666722,0.12281314259146939,0.1062161689936486
952,0.0,0.13042275552832336,0.09147009080463582,0.04176725271459637,0.054497055842673496,0.11877527361586923,0.11734211902681445,0.10229092326199667,0.11087700179172622,0.12350699378238698,0.10905053363103602
953,0.0,0.1305730991838878,0.09141558434810826,0.04129991131106708,0.0545582487347551,0.11984603236165371,0.11715076805217976,0.10158723025909806,0.11066589655061684,0.12271349962220364,0.1101897295764884
954,0.0,0.12890124453515786,0.08963509126068088,0.04174482745229424,0.060115716598063536,0.12697900807053936,0.10827768888782426,0.09065058371854785,0.11643127502097125,0.12624560970316165,0.11101895475281785
955,0.0,0.1289605618289377,0.08770413052470262,0.04240729033287825,0.06317824650010648,0.12892385005146315,0.10515413773344992,0.08523235511225588,0.11964826105409147,0.1275652256958338,0.11122594116633966
956,0.0,0.13622758425880546,0.05245451252520994,0.06002838761714473,0.1174024556003863,0.09713832565225598,0.09639351352939358,0.03977660321181212,0.15211670527610743,0.16973701045936193,0.07872490186958173
957,0.0,0.1501259572714269,0.01709227711479267,0.05983550968299688,0.1814764301086848,0.047593299292133316,0.08007480023127908,0.07834320913317529,0.14181848689938273,0.16822683938919206,0.07541319087699543
958,0.0,0.15042895003376971,0.01640788798565739,0.05955237211366612,0.18179219261314752,0.04828629035118834,0.07942403000643768,0.07942590216838552,0.1411677887485386,0.16692624472290393,0.0765883412563645
959,0.0,0.1504554351969139,0.016171813528549954,0.05818909837482392,0.18218815435003058,0.05031482548394944,0.07739598444371043,0.08338691477092104,0.13846969848903223,0.1633331072032822,0.08009496815884577
960,0.0,0.1506048605282757,0.01571047568790335,0.057924968176306796,0.18222062251750343,0.05126713215121479,0.07682786111151174,0.0842722030557519,0.1377642609653219,0.1621408155270381,0.08126680027923175
961,0.0,0.1507074558494867,0.015324184740696757,0.05766981078452384,0.18216796857571352,0.05228898570958295,0.07628227635861434,0.08507951732999651,0.13706209334181263,0.16099853289964364,0.0824191744099888
962,0.0,0.15076225184482323,0.01501434174287457,0.057423430424525176,0.1820300510295642,0.05337966772576865,0.07576067809693976,0.08580652220341693,0.13636704151220155,0.15990491740330992,0.08355109801663567
963,0.0,0.15076845436157127,0.014782101962941305,0.057185643039619725,0.18180689806771627,0.05453833359528626,0.07526434354513065,0.08645125900429236,0.1356828292582279,0.1588582982418716,0.08466183892340237
964,0.0,0.15072544882621486,0.014628368437860324,0.05695627672971749,0.18149871203164578,0.05576400845477629,0.07479437877542655,0.08701215512099876,0.13501303556179,0.15785670492739762,0.0857509111342321
965,0.0,0.1418248292963658,0.03044874146172362,0.04354195771847238,0.1618668594177806,0.09343325393967936,0.06462604494199783,0.1044773087140627,0.11337564565778828,0.12913344223546613,0.11727191661672298
966,0.0,0.12713692415701328,0.05737130895199714,0.04980715730627557,0.09276206664568774,0.13763326843717563,0.11520147109642556,0.06776011967204609,0.09823568358479927,0.12402680191158023,0.13006519823705937
967,0.0,0.12683542054414187,0.05717580981422809,0.05112549991796935,0.09147591228047872,0.13763858441321414,0.11704348197805022,0.06596592989411573,0.09895391392769436,0.12438198261526061,0.12940346461490682
968,0.0,0.12753246634912266,0.057965112973035124,0.05827228451929205,0.07929508523299933,0.12997148233937092,0.14056038084649783,0.05284274830842898,0.10062682126132186,0.13488756063109814,0.11804605753889309
969,0.0,0.12748926107746628,0.057518694471598575,0.059537660371264615,0.07862643594974779,0.12895155810463768,0.1427105943792907,0.051477588664502485,0.10120663455188215,0.13575943956621717,0.11672213286345254
970,0.0,0.12873171106637174,0.0568987573233944,0.06404417389512485,0.07369005717805584,0.12055953478842461,0.157192515742393,0.04526309853146495,0.10241438507625857,0.14351887616974243,0.10768689022882966
971,0.0,0.1336318071956636,0.05492333206515999,0.0724121824821556,0.06645408001527925,0.09468345400574572,0.18925508019370518,0.03758705472004616,0.10389121783337493,0.16258266735038085,0.08457912413854894
972,0.0,0.13398269255060458,0.05428289362008443,0.07314795935628363,0.0669064462311351,0.09217503309958709,0.19175964888211325,0.03749959640931668,0.10360394338449727,0.16414012920533158,0.08250165726110673
973,0.0,0.13435145284323177,0.05364367238345886,0.0738342894300779,0.06744765641221868,0.08959429030586995,0.19424535614676222,0.03749484128567849,0.10324848435397069,0.165738839700935,0.08040111713785679
974,0.0,0.13473782716625896,0.053006433857196784,0.07447117555744967,0.06807439771940064,0.08694674170711783,0.19670989424584284,0.037571100645411984,0.10282511360545736,0.16737285791619994,0.07828445757972444
975,0.0,0.1385647329048585,0.05189158279715988,0.07751663169874055,0.067937217265808,0.06633533164759355,0.21388173926405052,0.040346864970463,0.1014595716507666,0.17893759347666321,0.06312873432395649
976,0.0,0.14006918750609898,0.0514378912641224,0.07805240881911153,0.0688898943514823,0.05824748417787097,0.21980887621354903,0.04299449505009483,0.09997991485529738,0.18280416319305756,0.057715684569375536
977,0.0,0.14056652386646998,0.050962415150296515,0.07810125937437959,0.06990536612018565,0.05547985428254558,0.22212935961899527,0.04389438779722239,0.09882960121390755,0.18428876935283542,0.05584246322322265
978,0.0,0.14107498253617415,0.05050045223080003,0.07810480003941571,0.07095567484289107,0.05272770639664084,0.22439593107425448,0.04484035801158892,0.09763776224127006,0.18573671322105745,0.05402561940596787
979,0.0,0.14373747423800817,0.05188256582937413,0.07706480269238992,0.07254295555476663,0.03798908255948422,0.23110599379405833,0.05590398911926825,0.09407864334691159,0.18915309632119726,0.04654139654460224
980,0.0,0.14424704635203084,0.05164263259562528,0.07665059970681941,0.07348998758687784,0.03584143480879476,0.23299254745361847,0.05717884497780436,0.0925877879576696,0.18998648007156752,0.04538263848925265
981,0.0,0.14476655617449907,0.05141553587909173,0.07620583207993879,0.07442609203994992,0.03377986209921787,0.23479204115245397,0.058460106018796636,0.09110228459165051,0.19072348825929158,0.044328201705170656
982,0.0,0.14575523144170538,0.05066479662648208,0.07549259482524297,0.07625497830805106,0.030480956559177527,0.23832423938051284,0.05983222747504604,0.0883956935895481,0.19226902630310502,0.042530255491189904
983,0.0,0.1463076440853743,0.050453667432367774,0.07499721803381015,0.07715817417907754,0.02864388451064613,0.23987402668202523,0.06110421599485086,0.08696464781211803,0.1927454675553593,0.041751053714431656
984,0.0,0.14686967870260506,0.05025303936702794,0.07448029934043203,0.07803110192239585,0.026921622904020188,0.24131987026121904,0.06237058593636171,0.08555981284239039,0.19310112722928016,0.04109286149432863
985,0.0,0.14744122644255622,0.050062248705206064,0.07394438070474961,0.07886855467677087,0.02532190343458801,0.2426571478558076,0.06362797730583744,0.08418700498833459,0.1933303849262335,0.040559170959977235
986,0.0,0.145450093056285,0.058989659916003453,0.06662975502581552,0.0756050081217946,0.03785894331350247,0.21847947626476127,0.08737633429664181,0.08313667298747127,0.16739068272784105,0.05908337428994477
987,0.0,0.14602743426629378,0.05899978965415502,0.0658230602566771,0.075527025820917,0.038418813030574595,0.21858683741046492,0.08826844147962243,0.08235871331410867,0.16592264338468363,0.060067241382564224
988,0.0,0.14662520986804936,0.058994289968233055,0.06502809987653833,0.07538747325078614,0.03914252117214237,0.21854849507804416,0.08911256118442466,0.08167697331909092,0.16432268912828632,0.06116168715446609
989,0.0,0.14645514323335146,0.06052560241904745,0.0630896673637031,0.07379896852037646,0.046016521202428745,0.2114291155824148,0.09261480492398094,0.08225194441953197,0.15601862980008677,0.06779960253513997
990,0.0,0.14151760303363725,0.06051041617361146,0.057536391733055324,0.07965248377659953,0.1410912139701675,0.09353467978594698,0.06985535773427046,0.13427452918343888,0.09614059082363889,0.12588673378569537
991,0.0,0.14277899706660785,0.05908912065218463,0.05778697179508925,0.08027201658927141,0.1413626769011957,0.09206145602082648,0.06931103622242304,0.13552458437546655,0.09549216580205201,0.12632097457494484
992,0.0,0.14405829999600245,0.05763157479075946,0.05807028322335067,0.08095049135563676,0.14155502628614178,0.09055462991609237,0.06881002206375095,0.13673688591585584,0.09494736539184058,0.12668542106063102
993,0.0,0.16272737421828526,0.03534499001799598,0.06300721310609539,0.10648861282115253,0.12518982546751045,0.07008588892904948,0.06185345928842125,0.1505088538944117,0.10941865838228908,0.11537512387485079
994,0.0,0.16577037937802575,0.030585660486910443,0.06388372212871164,0.12062962349849014,0.11022032908955134,0.06969903845236534,0.058639405327983646,0.15230943472714348,0.1237065265023085,0.10455588040857156
995,0.0,0.16664619569643843,0.0295452526503918,0.0643626104549565,0.122335914196915,0.10826780658945385,0.068855052929977,0.05885844755941652,0.15204213932764002,0.1253730834666495,0.10371349712822343
996,0.0,0.16746012039607913,0.02858915145837203,0.06484790300731634,0.12404676989445364,0.10624299745136098,0.0680596205405524,0.05909312945736683,0.1516840251802807,0.1271223061713346,0.1028539764429455
997,0.0,0.16820870925010203,0.027723213308556406,0.06533835051711144,0.12575725892239525,0.10414988780988464,0.06731475322288148,0.05934052304173668,0.15123616050485084,0.12894858952526442,0.10198255389727903
998,0.0,0.16888869545299573,0.02695307692421621,0.06583274699227966,0.12746230368773154,0.10199281312225042,0.06662213804417774,0.0595977620218144,0.15069989343189788,0.13084591752531807,0.10110465279738047
999,0.0,0.16949700671591406,0.02628413735630361,0.06632993239460401,0.12915669915497607,0.09977644540943335,0.06598312767604629,0.05986205953522378,0.15007683928759483,0.13280789691513153,0.10022585555483478
1000,0.0,0.17003078187680987,0.025721520627428326,0.06682879496615088,0.1308351322517824,0.09750577867157124,0.06539873277624825,0.06013072512617496,0.14936886695178714,0.134827793137058,0.09935187361505132
