time_step,site_0,site_1,site_2,site_3,site_4,site_5,site_6,site_7,site_8,site_9
0,0.0,0.0,0.0,0.0,0.0,1.0,0.0,0.0,0.0,0.0
1,0.0,0.0,0.0,2.4049868958326533e-08,0.00021930450021981926,0.9999999759527681,0.0002192804529879832,0.0,0.0,0.0
2,0.0,2.596319639576839e-15,2.3728446105877312e-11,6.008221486679867e-07,0.003503705836446911,0.9999967337193952,0.0008759444752734226,2.163617919719644e-07,2.372584978623772e-11,0.0
3,0.0,3.485365767107342e-14,1.6867636171881945e-10,2.4024126420632467e-06,0.005469524172986213,0.9999915307026916,0.0019686497791002924,6.006771977178886e-07,1.6864406944302017e-10,2.591764999962593e-15
4,0.0,2.4245495365187126e-13,8.536032194336222e-10,6.147153497115809e-06,0.007866693498429798,0.9999814080966163,0.003495244159603838,1.536660937373593e-06,6.741941430201701e-10,3.4779306590904916e-14
5,1.091600887599459e-14,1.7102986557859115e-10,3.044205489063626e-09,0.0006784768185392867,0.01069152795849682,0.9947941798669495,0.13872688674304784,3.454747409125051e-06,2.0220212805100267e-07,2.0976918426680833e-13
6,8.65766104529015e-12,3.6676724580660444e-08,1.0669905167785094e-07,0.007215362782822341,0.013712003296417977,0.6758215583960017,0.8145190937434468,3.35614361673433e-05,1.275044342618548e-05,2.6584934187378725e-11
7,1.588513610759408e-11,4.1450697756263267e-08,1.3704907469069816e-06,0.0073760584749203795,0.015351279279623374,0.6640221543460197,0.8232509172878115,0.00026034596147276354,1.3952838794404808e-05,1.7415166267974006e-09
8,3.587495019660053e-11,5.0659390820542735e-08,4.255778624119311e-06,0.007554096487743465,0.01713106847859223,0.6520685142219421,0.831731175176578,0.0007411825702718137,1.614033455157831e-05,6.52483558657437e-09
9,1.1563737595207501e-10,7.053242749697537e-08,1.503987482739659e-05,0.007766878804775038,0.02112635936935578,0.639971577281779,0.8399421077727836,0.002480857408698389,2.0583789317069532e-05,2.7166272128400858e-08
10,2.0447862998858938e-10,9.96673230682961e-08,2.3030806106192242e-05,0.007997987740449079,0.023329737684906048,0.6277633192096886,0.8478957227861044,0.0037469384413500234,2.6786919743280157e-05,4.50575512110996e-08
11,4.588056383100748e-09,2.4229436759450472e-06,3.286925893688921e-05,0.013513355284039021,0.025617723666802653,0.3553384491077565,0.9611068532804349,0.005285732019896075,0.0004357609453895563,7.096944090644386e-08
12,6.013150377658431e-09,2.647175453662934e-06,4.778855958559073e-05,0.013796548715033843,0.027044017213080456,0.3424858650906635,0.9641739930956656,0.007300652316090033,0.0004727082941990705,2.315596023699449e-07
13,8.454380151414636e-09,2.924528135562392e-06,6.582340756778089e-05,0.014094732068639232,0.028496762747264086,0.32976862473823343,0.9670525470793684,0.009667570910873634,0.0005173527587284628,5.00014428646514e-07
14,1.2127535019336345e-08,3.2617187857726506e-06,8.706730926606038e-05,0.014407831270479154,0.029970637415781636,0.3172020931771625,0.9697470974152933,0.0123887443124355,0.0005705310553641383,8.912587203957705e-07
15,1.7318603181124566e-08,3.66653149610385e-06,0.00011161791841922961,0.014735762249778453,0.03146044463598122,0.30480148868669765,0.9722622022987402,0.015465873402329664,0.0006331920639814629,1.423484258448789e-06
16,8.217208417860198e-08,1.0503686211205381e-05,0.00013957684738571008,0.018514796007110007,0.03293189118004231,0.18081196753920642,0.9908728579045012,0.01889954322064102,0.0016440678588575,2.1187402124077565e-06
17,1.0105336262527362e-07,1.138734876576653e-05,0.00017391324537820838,0.018867536401861163,0.03393222368372453,0.17092693091741126,0.9918361403994993,0.022744348536967617,0.001769731652868926,3.5131398096318927e-06
18,5.027582806776307e-07,3.400070553630253e-05,0.0002125432075266106,0.02483095512971738,0.034850840605847325,0.05284021306111821,0.9990900121719327,0.026960110931042384,0.004838263062150526,5.339200538743827e-06
19,5.698685580643884e-07,3.585334443920721e-05,0.0002592815715183071,0.0251645713450014,0.03513232981384253,0.049222993488669244,0.9991196802683348,0.031433547145788665,0.005078681023144914,9.082376412145589e-06
20,6.587995285172435e-07,3.7959687098633375e-05,0.00031156056114720255,0.025498728738543575,0.035380166419351086,0.04604134220824562,0.9991143578510514,0.03628695794235638,0.0053457602628915165,1.4004778129915044e-05
21,7.723519308007688e-07,4.0337712280420724e-05,0.0003694588670831921,0.02583279767406927,0.03559422130635393,0.043297412173743895,0.9990733546414725,0.04151533796608129,0.005640996654360328,2.01967765619741e-05
22,7.781232573456554e-06,0.00018301015143300762,0.00043304381741236797,0.034974600083469816,0.03563671045251152,0.22715116422016965,0.9847737161090376,0.04699988321731087,0.021979542555256373,2.7802077345039464e-05
23,8.256279879372345e-06,0.0001880570453023061,0.0004986508150416133,0.035073471523913984,0.03536326289080644,0.2381754992455296,0.9830967382022363,0.05144547327070041,0.022514488845226277,4.419056252701291e-05
24,9.338686982689864e-06,0.0001993769703597932,0.000571367663566829,0.03521116319604841,0.03514598024820604,0.26078727459122153,0.979468750023982,0.05617028831914554,0.023674536650436187,6.560877949284612e-05
25,2.468942628009649e-05,0.000338906047883049,0.0006506458890171119,0.034428081515316795,0.03502381286715642,0.5231581358516434,0.9031221934498589,0.06091692631518804,0.03702064763447905,9.261085453220377e-05
26,2.6067986605679447e-05,0.00034646689651751054,0.0007225959703481629,0.03427950660149791,0.035564047708946174,0.5357763635170171,0.8972077683942469,0.06471131799720752,0.037692629346883805,0.00013014739778338124
27,2.775924183000917e-05,0.00035479358150577073,0.0008009848721220197,0.034093511191027326,0.0362721337988335,0.5482965480558383,0.8910723596165446,0.06869268817555922,0.03840992087594373,0.00017607303162173513
28,2.9783481858479766e-05,0.0003639050421331542,0.000885674850338317,0.03387009677646777,0.03715420979288532,0.5607064085161357,0.8847164281575794,0.07285218333269343,0.039172976362469296,0.00023061592446477398
29,4.634699036140587e-05,0.00044417790589800773,0.0009764980419522013,0.03162144853634487,0.03824947360139126,0.6560409053013815,0.8271683833312065,0.0770564009771911,0.04561000593605163,0.0002941266475872058
30,4.956403350298114e-05,0.0004552041197231719,0.001064743107634349,0.031282575727211256,0.03986487223765909,0.6672991916057238,0.8188695765188806,0.08096474233462823,0.04645206456542363,0.0003700212434144106
31,9.029086340579832e-05,0.0005993074287142336,0.0011582206633852568,0.026528910271949698,0.04176736504504489,0.788627204317827,0.7056911465819824,0.08474067022259471,0.05687213622055527,0.000456711553598971
32,0.00032243258463708304,0.0010919537837822922,0.0012399933075615199,0.008366388881615082,0.04465312824744431,0.9860040195000177,0.21670549893150323,0.0869004397874785,0.08537482612819772,0.0005612156079177325
33,0.00033052652760969464,0.001101065925693515,0.0012623242836936992,0.008008418507341634,0.04998125741639695,0.9870238049086592,0.20770566358126566,0.08734836321595546,0.08574246218970644,0.0006664882657918272
34,0.0003400294599781946,0.0011106372293434054,0.0012849558517360842,0.0076359015934143945,0.05569199051364398,0.9879251027916508,0.19899870021557,0.0877836634352359,0.08611468058258531,0.0007898194561375166
35,0.00035098358756172884,0.001120654739910421,0.0013077487406477745,0.007251070772633856,0.0617810865362396,0.9887095802067004,0.19059361795698745,0.088204837538373,0.08649053698320057,0.0009312667602478218
36,0.000363436126342523,0.001131104563816261,0.001330560158344654,0.00685630844107015,0.06824366399046737,0.9893785599200046,0.18249889786156778,0.08861052470039028,0.08686908084892697,0.0010908788974435119
37,0.00040160947168241034,0.0011621073507004603,0.001353257720534509,0.005692401322447542,0.07507653425595745,0.9913574773727196,0.16009370941052387,0.08896631819415421,0.08795689786750314,0.0012689233483847134
38,0.00041748210111884393,0.0011729428096134698,0.0013729129448470654,0.0053157680719740225,0.08234078747898296,0.9916703280166409,0.1532510188402272,0.08926862318391134,0.08830052043512678,0.0014633168258030187
39,0.0008867897611140993,0.001375709891105475,0.0013926206772716032,0.0020220041747646736,0.08996475078438881,0.9947879626932667,0.10592104224581077,0.08945032676830347,0.0907681463430022,0.0016805317671623272
40,0.0009087427536893665,0.001379836870999143,0.0013903834710890953,0.0021980984355632477,0.09816101827994374,0.9941534268782138,0.10957728930938306,0.08953980642275304,0.09057131870742488,0.0018698737070524116
41,0.001297680377165578,0.0013814627167237328,0.0013891109534070508,0.009359809328357359,0.10663299760887063,0.9816275716446243,0.23034452053695145,0.08995796446108338,0.083787027378003,0.002080644721623963
42,0.0022736481779573442,0.0006413499192558135,0.0014014685965210369,0.08108668608814633,0.11311515965242111,0.5122905989729833,0.9052482924189238,0.092356600936409,0.025595323116832738,0.0022722734890849913
43,0.002275112336090925,0.0006266764912284057,0.0015751248656074577,0.08220208177534635,0.11571117035659662,0.5005605108152121,0.909890275551628,0.09845394886678228,0.02473032730942086,0.002274483712980365
44,0.002281124826654584,0.0005109436558385115,0.0017699420719821902,0.08999291127628271,0.11799748346717982,0.4203123574084128,0.9389329631057797,0.10491469117476798,0.018787881693882624,0.0022805029111790565
45,0.0022455544753187647,0.00030510208965217774,0.002004656926929978,0.10318534629259475,0.11944086125181723,0.28330656435544843,0.9723991285844387,0.11212294764495502,0.009551217141036962,0.0022803300157686617
46,0.0017070816207247176,5.088923288641098e-05,0.002298538568984511,0.12345752430773857,0.11940213870622342,0.1321303538050745,0.9911614132635737,0.12032420550543467,0.00577572039383224,0.002267048306251927
47,0.0011852555028754425,0.0002762458281806797,0.0026645101230750893,0.11707963612042295,0.11981845932115402,0.281609395792049,0.9715505658279018,0.12924835366992155,0.02256426157507626,0.0022918391565797764
48,0.0011615544926516157,0.00029370808980220734,0.0030285420107687886,0.11648068437348207,0.12056478869044361,0.291033386828182,0.9691646779994016,0.13749264633549502,0.023597126335089914,0.002393596151784717
49,0.0011369316322882156,0.00031311894379275286,0.00341544589661188,0.11582923233511767,0.12140368742423151,0.3005834888083327,0.9666190218843533,0.1459180114118645,0.024687962051379745,0.0025033485310001504
50,0.0009535490462839096,0.000472966558480675,0.0038252349233831493,0.11046216664583698,0.12262700390212236,0.3716740177720434,0.9494042600333138,0.15440144191186647,0.033216864002748495,0.002619718815702232
51,0.0009283849570489244,0.00050059096657663,0.004238406147900096,0.10957814874649481,0.12405731217091205,0.38217941140289946,0.9457782977795672,0.16268286860042216,0.03456257128934717,0.0027734199951234668
52,0.0009024716830348648,0.0005306139736706742,0.004671212566385662,0.10863962598249911,0.12561551466998505,0.3927065320703174,0.9419683638792347,0.17109218421138603,0.03597246807275174,0.002938204269620711
53,0.0008758716218655398,0.0005631389534691154,0.005122986779928449,0.10764709122979703,0.1273055180403439,0.40324235669917535,0.9379722505806777,0.17961810722493643,0.03744805826126627,0.003114581796380583
54,0.0006798459726631653,0.0008218628863545693,0.005593948441298737,0.10000098291521371,0.1295009389802596,0.4788218565319161,0.9110089506484416,0.18802792079939787,0.04875147579757147,0.0033009409405216072
55,0.0006551767554082379,0.0008651980233266241,0.006054118447682531,0.09880945804444638,0.13195672048234514,0.48950885700318797,0.9057498232883663,0.19617774452549708,0.05050183412939367,0.003536377444938331
56,0.00031802887026460754,0.0015858072045601915,0.00653098859586931,0.0805621376571056,0.1353884223197437,0.6371785513567159,0.8267521430859259,0.20352419665257165,0.0777174364238233,0.0037827761068920576
57,0.00018473300728498468,0.0020885843220060994,0.006944022328616615,0.0693396903601162,0.1397627649790743,0.7133215525646235,0.76685982916349,0.2096541149608264,0.09484772009332053,0.0041285292570981255
58,0.00015709197015413017,0.0023970927812117754,0.008514684608469303,0.063101735338356,0.16003500847728597,0.7455756287325824,0.7313173871533406,0.23428246871234776,0.10442662122021563,0.005892775636565429
59,0.0001546701911508043,0.0024786512902124883,0.008905498947096017,0.06152335324524921,0.1658099170443013,0.7531048406770176,0.7221395731788124,0.24020165062738255,0.10688971251027857,0.0064102519108597805
60,0.00015394014098334144,0.0025634063249357826,0.00929837871749819,0.059917419248039304,0.17180925454298615,0.760374600172565,0.7128938444117834,0.24607939560193628,0.10940923333971789,0.006955806468456224
61,0.00042378668400800887,0.004961313146653464,0.009691041683734157,0.025464278007301347,0.17874239644784964,0.9039929751377508,0.48461790546148464,0.2470011258960984,0.17322660315347224,0.0075313167649051094
62,0.0004719867732404382,0.0050630334245997805,0.009873544365881825,0.024404800508867237,0.18728291178603557,0.9068242733844161,0.47505825428324344,0.2498661288355225,0.1756710734854033,0.00828944900418303
63,0.0005247862924042106,0.005166507106111571,0.010050049280290083,0.023357525505973926,0.1960559549225675,0.9094046010191147,0.4656561026642314,0.2526507904521966,0.17813537201397484,0.009088106382010361
64,0.0005824690456606042,0.005271666616368279,0.010220086546527443,0.022326583262931465,0.20505449513167806,0.9117345921197892,0.45642173447769174,0.2553529604446717,0.180617840982507,0.009927705570644646
65,0.0006453300182946846,0.005378440195582471,0.01038320001061421,0.02131620877423263,0.21427112272378088,0.9138148839539242,0.4473650837864494,0.25797068013884067,0.18311679167132977,0.010808643355998543
66,0.0007136752691017909,0.005486751920565216,0.010538949113340341,0.020330736973876197,0.2236980645760442,0.9156461117294505,0.43849571180591235,0.26050218136187697,0.18563050598479608,0.0117312955026147
67,0.0007878218042738823,0.005596521742002085,0.010686910777313253,0.019374597633584432,0.2333272005541946,0.9172289046203834,0.4298227851791381,0.26294588509499855,0.1881572381137501,0.01269601562793423
68,0.0008680974324128887,0.0057076655381005864,0.010826681309656212,0.01845230994978336,0.24315008076950304,0.9185638830724543,0.4213550556278775,0.26530039991696674,0.19069521627004604,0.013703134087985814
69,0.004030654223536947,0.008918133063760445,0.010940286875243978,0.016935866240708274,0.25316366739220025,0.9580129421795347,0.260700688920703,0.25911440660310087,0.2554987714703824,0.014797871325069371
70,0.004201457262554352,0.009007768656579594,0.010866403788962855,0.017805768097148792,0.26411451124658225,0.9565151861587694,0.25915554475848807,0.2591063282332325,0.2569598979794272,0.015938955965129762
71,0.004382819779847176,0.009095007851795041,0.010790161751523076,0.018759589805997033,0.2751854587939882,0.9548456229537494,0.25791834833809324,0.2590575162138619,0.25837700630800414,0.017130266382149515
72,0.004575056259010078,0.009179726946157105,0.010712043585723665,0.019800940201124287,0.28636494272953494,0.9530024048246085,0.25698513304600085,0.25897082294420665,0.2597483908442986,0.018371505344929876
73,0.012416665149032518,0.010679159440133788,0.010612188011884465,0.10518552416743915,0.2948293647661991,0.91164809534341,0.4136333423020745,0.25665825213549337,0.27406947218873035,0.019777346978570323
74,0.014905556522478821,0.010389083918497804,0.010639906610084874,0.1416737081446969,0.3012504627336283,0.8719062576610127,0.5098655744729845,0.2593012373327484,0.2618814360046583,0.020794044614527597
75,0.01845836532415642,0.009244176765180892,0.010992488840443782,0.19690710167037362,0.3114385855805021,0.7859866071815508,0.6489423001627331,0.2669020316247761,0.23175427055191467,0.022615751472004616
76,0.018677591413726657,0.009181038492550978,0.01141565251645957,0.20014838374862456,0.3169599855370952,0.7787881723072213,0.656169084612068,0.2704275411168924,0.2295639129277711,0.02329394603915666
77,0.022224182698748828,0.006963338011164947,0.011919235420584666,0.2615126635585657,0.3142050878211775,0.6397787743245646,0.7916815646044458,0.2799652830794724,0.1790224170586982,0.02405566243007201
78,0.020922618169742835,0.0008144768850674134,0.01287401548341709,0.32516803431018854,0.3056622012470909,0.30936938528982183,0.9382489604303981,0.2943595340611667,0.027241805984675932,0.024513104259585906
79,0.020740091138227886,0.0008230471692272595,0.014258131639484587,0.3238821263098722,0.3061249471957455,0.31113018021517125,0.9356966430831379,0.3052658187639336,0.02661284791749562,0.024438615064168997
80,0.02055591554084512,0.000837673622458399,0.015710745995752284,0.3225274699134236,0.3066348146898828,0.3130693311806857,0.9329744695799856,0.31626602207792687,0.02603044158584067,0.02436958545873077
81,0.0067528138738719035,0.005986052296783583,0.017350367095193664,0.1607833546223818,0.33115423822659484,0.6791584520709677,0.7512529333326085,0.3242316998465404,0.1111955131440481,0.024102183558912967
82,0.006563031026155355,0.006156354381861999,0.018227887005354042,0.15735752700308256,0.3372422211329792,0.6847410203958909,0.7435520724546525,0.3312351565009433,0.11417995789872942,0.024936600439697632
83,0.0063730366361894565,0.006334709876380546,0.019117531915908748,0.15389222137512637,0.34348025407776367,0.6900969375428043,0.7358026794948261,0.33815752234429014,0.11722940571371587,0.025806085225782312
84,0.006271143020738122,0.006560567020638088,0.022876382100914982,0.15023484344584448,0.3682837571055388,0.6902578272262725,0.7229515440690965,0.36627693778512516,0.12040901734981216,0.029532869764855297
85,0.006140343169719089,0.006808090628513646,0.025904397018038747,0.1464812502998838,0.3875196253038494,0.6910705035131643,0.7115338597990685,0.387175453581234,0.12372253156333783,0.03254748685656833
86,0.005014188995734462,0.007968971885567857,0.02694944188565439,0.12812304587458753,0.39537175074037323,0.7177691608611516,0.6804862276967729,0.39283374537168164,0.14120649605716154,0.03357755595545912
87,0.00484073404301876,0.008222651580544253,0.027892522987587706,0.12450916530791178,0.4026353131059598,0.7211151947334083,0.6727129880023709,0.3989381709461198,0.14481582892755035,0.03477182071070928
88,0.004671777888852523,0.00848430559617638,0.028829905845013677,0.12090298577137194,0.410001277145353,0.7242140717425283,0.6649732325248551,0.4049158517392141,0.14848338497210786,0.03600856824650588
89,0.00450789913550825,0.008753864952486819,0.02975979948111618,0.11731010116755915,0.41746384401345765,0.7270648280550555,0.6572757539598163,0.4107634471984581,0.1522079023764936,0.037288546140983016
90,0.004349693266719601,0.009031250308257893,0.03068043266110608,0.11373622118524516,0.4250170707401147,0.7296667659159854,0.6496292551623241,0.41647784491171624,0.15598804250502507,0.038612489412476164
91,0.004197772506679989,0.009316371659166867,0.031590057167986726,0.11018716485678691,0.4326548831894029,0.7320194503344861,0.6420423259918333,0.4220561578268167,0.15982239081609423,0.039981119244595964
92,0.0040527656521097775,0.009609128061098716,0.032486951063283975,0.10666885368051002,0.44037108921284074,0.7341227059441937,0.6345234206915942,0.42749572120557383,0.1637094579367998,0.04139514170002716
93,0.003915317876670127,0.009909407379994774,0.033369421928450896,0.1031873043107503,0.44815939194699456,0.7359766140474977,0.6270808358821988,0.43279408933856806,0.16764768089438284,0.042855246424845485
94,0.0028030796312559217,0.012068530815214541,0.03424964564311774,0.08068865986654793,0.45693944004225384,0.7620108533723873,0.5865998856165612,0.4353007057676463,0.19630605401816997,0.044333593691946
95,0.00274640563423552,0.012397169270828113,0.03493476990480908,0.07775284806509587,0.4653509936631653,0.7627323853706627,0.5795157149395768,0.43957183326094385,0.20047019075074343,0.0460608825864378
96,0.0027008936264864636,0.012731579494743045,0.035597711804815725,0.07488786973325959,0.47380664231719777,0.7632012848682174,0.5725610461843964,0.4436961175004091,0.20466794483241166,0.04783994287119133
97,0.002667284144598257,0.0130715507123463,0.03623723905261888,0.072100013098894,0.48229931353224964,0.7634192363587544,0.5657425858404221,0.447672631299244,0.2088971742851076,0.049671275166262456
98,0.0026463318514014997,0.013416860956045175,0.036852170523573625,0.06939559252195779,0.49082191733262365,0.7633881516871456,0.5590667190254851,0.45150063454176165,0.2131556869908177,0.051555350336969404
99,0.002638805049565746,0.013767277176201374,0.03744137903538978,0.06678093816708784,0.49936735985859704,0.7631101691940612,0.5525394960732171,0.4551795700349742,0.2174412432952004,0.053492608184212746
100,0.0023679394715879374,0.0166478996127679,0.03801180497052216,0.04968126897739758,0.5083650827325679,0.782065563153788,0.5131977130661327,0.45422363647502007,0.2525653037466959,0.05547343984804804
101,0.002725455755465231,0.018885709568724963,0.0383525819140156,0.041633893152270826,0.5175150588010773,0.7919933244695047,0.4861192160703462,0.4530529003350182,0.27896985769949456,0.05772596908841158
102,0.0031879929429325235,0.019255510117182153,0.03888841423616683,0.040750570088816,0.5449712065715939,0.7812629348214185,0.4792685661199041,0.460156979819331,0.2831374693012446,0.06513352783178354
103,0.003428264436403429,0.01963066475499944,0.039033743049589065,0.040016697724485635,0.5540221957426933,0.7786535456326191,0.47465836997664285,0.46183167349358956,0.28744896079367055,0.06769854429392844
104,0.003690663352548053,0.020005832459242662,0.03914968466598793,0.03943546030723992,0.5630271363351342,0.7758252382789215,0.4702523906957963,0.4633720835292035,0.2917471481031403,0.07032310130975937
105,0.003976049558593617,0.020380656414184888,0.03923627292805621,0.0390120457589694,0.5719790227635548,0.7727824654673752,0.4660514509190048,0.46477991313941786,0.2960294151035701,0.07300705168094915
106,0.004285287275775203,0.020754776489597535,0.03929362169760964,0.0387515077005902,0.5808709797182384,0.7695298917561137,0.4620559627588554,0.46605699229184855,0.3002931535481497,0.07575019636272129
107,0.0046192441248912265,0.021127830027365062,0.039321926403182154,0.03865875418834275,0.5896962705476871,0.7660723940655182,0.4582659339317362,0.4672052736746207,0.3045357663338763,0.0785522837208254
108,0.004978790146398518,0.02149945266592873,0.039321465499415856,0.0387385365560263,0.5984483049593964,0.7624150618631051,0.45468097496652116,0.46822682866611876,0.30875467074297036,0.08141300885488861
109,0.00615563328654279,0.022986200691438766,0.03928435029694282,0.04066529420132713,0.6070854966776397,0.7620232069433689,0.44382879145638426,0.466375955928435,0.32580227606518547,0.08435522695789248
110,0.02967250813884311,0.035374694948446944,0.03895689733214709,0.17476597590538986,0.607752157226709,0.7648190693876451,0.4251068370368534,0.42912230596815987,0.4602483896865811,0.08801390325632026
111,0.04059760852926532,0.0375302922849581,0.038399930909596036,0.24556103365770568,0.6066910457242322,0.74931516128926,0.4490119980770029,0.42002288925014025,0.48300800629168156,0.09160518258058127
112,0.041726711655579625,0.037686306193266114,0.03806178511021541,0.2518132975871177,0.6127520699766483,0.7436657219444989,0.4516973147308372,0.41899057238896176,0.4842603233766387,0.09488392889615496
113,0.04788785203442556,0.03816107415429774,0.03775345646998369,0.2902057872259826,0.6130618165055114,0.7312970358920006,0.4681550905750683,0.41581856782327925,0.4908614475070708,0.09830649508412034
114,0.049098614186906905,0.03825254443457542,0.03763502912655504,0.2967287544117324,0.6182209918662073,0.7255650493201606,0.4712100808992897,0.41511567236134667,0.4915243817091217,0.10158113160100408
115,0.05034614057729698,0.038326287799176746,0.0375968096317245,0.30332821155921025,0.6232008077126014,0.7197943589882586,0.4742836106220673,0.41448853032850574,0.4920705048896595,0.10490974710842717
116,0.051630588906647006,0.038382558376979986,0.03764189754086525,0.31000057858619345,0.6279989678832179,0.7139911501927722,0.4773690664801944,0.41394060859679777,0.4924995249609205,0.10829024301946812
117,0.07781809717449477,0.03539174385006221,0.037676503851481795,0.45942587074337726,0.5925511223981837,0.6649786694238186,0.5540367984967868,0.4163106389312344,0.48577880752091945,0.11197807696889246
118,0.10563961958152349,0.026976605584747734,0.03860847358734047,0.6020852244972884,0.5303540770637827,0.586727240270055,0.6489081123234826,0.4391551607173882,0.4241730552317581,0.11469585525817169
119,0.11185822074831059,0.023862114654322843,0.0406919529296005,0.6308901628880019,0.5143008326017418,0.561800900812617,0.6717514749579275,0.4510325343785978,0.3946034982021076,0.1160800308968179
120,0.11252678854936309,0.023713431654007452,0.0431795158252606,0.6335771594589027,0.5136360936774503,0.55845869367147,0.6726575740643352,0.45568432358870653,0.39097780151859135,0.11712302040050597
121,0.12057320903494079,0.010717593634605274,0.04629908580070236,0.6639475727722998,0.4937274158861194,0.4923813560922555,0.7265121023778066,0.4919054299166227,0.23849337612166935,0.11827184954052988
122,0.11280639858183539,0.007839255888152338,0.050231481932056864,0.6274274425039776,0.5184532471247155,0.49124193549527806,0.724701576032219,0.5063674361673393,0.17318803127481322,0.11816835436117352
123,0.10401980219882656,0.007694323169779367,0.0542287458309824,0.5851768051979146,0.5437411313442703,0.5017795427201799,0.7135007127140613,0.5163094833175929,0.14016261630791776,0.11778500291764828
124,0.10318237809512384,0.007979247998046364,0.05795576116726828,0.5809306116108041,0.5466787519423577,0.5025237206381277,0.7093592665582753,0.5235282560688663,0.1379255159323332,0.11734195748347159
125,0.0757152471564482,0.013645034856766849,0.062456205218881976,0.4382221076429055,0.6091106619461655,0.5513366389893206,0.6638699701744815,0.5322991510364392,0.11299724728864084,0.11687922878289589
126,0.07462553612715196,0.01418716388405288,0.06555073349279285,0.4319041869071359,0.6135543412030712,0.5517783943151667,0.6587375401652272,0.5386749999723002,0.11351508469371817,0.11701291478020207
127,0.07353441364491796,0.014758694514876868,0.06868197905532121,0.42552331228078794,0.6180049825090488,0.552130327306037,0.6536182730510752,0.5449405703291607,0.11411273409691085,0.11717024281726837
128,0.07244252913726942,0.0153596752512654,0.07184525746017086,0.4190846666442711,0.6224580365207327,0.5523922886120322,0.6485175160954403,0.5510929440001888,0.11479155059106518,0.11735203899729672
129,0.0714215151999178,0.016222283043231697,0.07826289020139068,0.41246009891879437,0.6293426097009776,0.55060826380228,0.6404132982150245,0.5631457444988702,0.11552062520643286,0.11776853544551727
130,0.07033106263074211,0.016904515212466133,0.08154133392490259,0.40590975898744264,0.6337415563588081,0.5506426520311032,0.6354078477503947,0.5689924205134945,0.11633977879595056,0.11799130220107368
131,0.06924238493707938,0.017616502854914923,0.08483512447586446,0.39932131483707994,0.6381266272151799,0.5505904352019263,0.6304389640908042,0.574717284315838,0.11724481473088996,0.1182412118684868
132,0.05647897107856819,0.024043212625208185,0.08851271474765744,0.3274132411384977,0.6589723899645386,0.5695624143815659,0.6057804020010781,0.5791354977282935,0.13461541986510173,0.11832420692766461
133,0.05613600619917976,0.02608994581490655,0.10560120146191997,0.32010078272996867,0.6785760737605147,0.5560392867602445,0.5871144061939525,0.6083151439293188,0.13646970827821217,0.12275178270744203
134,0.055117950972429094,0.027056934026195054,0.10854368903814915,0.31350167282119945,0.6828054363351262,0.5550632060585424,0.5827033400577465,0.6127036750667381,0.13860694429435066,0.12347855116951639
135,0.054111796531519346,0.028049969887508512,0.11145536281347838,0.3069458301197317,0.6869786877154447,0.5540105224936004,0.5783828332208975,0.6169542602704938,0.14082833062246322,0.12424352180883955
136,0.04857377793564526,0.03228043148875309,0.1145247787638021,0.27553475505934366,0.6957737339785031,0.5583866386252981,0.5680333741923789,0.6201539931227957,0.15370314738199223,0.12493744754099838
137,0.04765633740935485,0.03336138043481824,0.11711590765675314,0.2693169426591377,0.6998770766931655,0.5569983178247319,0.5639819370752407,0.6238891553868514,0.1565327336693059,0.12599606214276052
138,0.03642542065440639,0.043966819862656575,0.12014125570829147,0.20770785507338502,0.7120397312946926,0.5679861478062043,0.5454824384028725,0.6237453462707637,0.1949347332354297,0.12682742815055015
139,0.035753523888009474,0.04516007912662568,0.12200021810093245,0.20260720398086124,0.7161393476132544,0.5659787044765775,0.5419337868580173,0.6265258750511332,0.19886413623221524,0.12855300667425257
140,0.035106778968710256,0.046368134802741504,0.12379826249701459,0.1976483754109609,0.7201598969249305,0.5639086851205054,0.5385128081219376,0.6291615075075487,0.20284554802762264,0.13033101689321325
141,0.03448654569382221,0.04759016604483061,0.1255334779923582,0.19283873996639836,0.7240991433771249,0.5617810900107366,0.5352205823335601,0.6316530543218999,0.2068767395711778,0.13216196975417008
142,0.03389419350869647,0.048825328952036486,0.12720407065931225,0.18818553980595312,0.7279549715146473,0.5596010435656398,0.5320579355925935,0.6340014119035484,0.21095541958628336,0.13404634232463855
143,0.033331099992241604,0.050072757278614766,0.1288083653726202,0.18369587215251443,0.7317253823814956,0.5573737856858769,0.5290254416952304,0.6362075593894857,0.21507923799634354,0.1359845764940284
144,0.025321921378293283,0.06291395167449675,0.13078760119911992,0.14485717461336006,0.7386800573482245,0.5634093842946396,0.5156699124658533,0.6310512428710221,0.26643595490196237,0.1377889742375242
145,0.025132390795808267,0.06420249254011741,0.1316373695078101,0.1422602404280431,0.7423870383263677,0.5607025152549489,0.5132730605426034,0.6322501547139282,0.2712595401374769,0.1404574510113602
146,0.024982189863660572,0.06549228720268388,0.1324177066332683,0.13987473913660298,0.7459991061724888,0.5579688768265212,0.5110100532706561,0.6333127622054124,0.27609296227743885,0.14318696185175764
147,0.01970081424249327,0.09130601818404113,0.1336882154197187,0.1315070078312869,0.749930082028224,0.5658417274544751,0.494762849062971,0.6092727752834767,0.38858592813578924,0.14606175170322735
148,0.03430918261587101,0.12146219870832393,0.13328266080982293,0.24133222911737434,0.7411374039662194,0.5679939037711642,0.48600428933003104,0.555941029366601,0.5339718094158807,0.15116779757021873
149,0.03587208105319371,0.12221771262843666,0.13238322693748283,0.24718968880890035,0.7436669454237513,0.5644167851111431,0.48602373373248003,0.5539098048054628,0.5378071880473964,0.15614069660248525
150,0.037497078224134096,0.12292973702236397,0.13150735719113016,0.25318585139070804,0.7460433443938514,0.5608742622353454,0.4861122289631216,0.5518480037359978,0.5415314444851503,0.1611848055849225
151,0.039184749422334283,0.12359766771753941,0.13065895930828073,0.25931582331582176,0.7482652363110717,0.5573716151737512,0.48626534014631295,0.5497599027604064,0.5451430498724932,0.16629789694918332
152,0.04661516063909458,0.12714064129481042,0.1297077309476506,0.29765171379971395,0.7444501783170417,0.5533081901020351,0.4873260868925321,0.5378475413166183,0.5675954177429136,0.1718053138449131
153,0.04854746874390478,0.1276227078712462,0.12898748618845035,0.304385032018796,0.746025996799407,0.549950767601748,0.48771547728227854,0.5357068865314333,0.5706319360148607,0.17709398499549342
154,0.08253912737448144,0.13200604318529263,0.12757839090455858,0.45975388547094437,0.7055871028588564,0.54081237591927,0.49617396277827297,0.5000847273058429,0.629124748494677,0.18396662270380604
155,0.08487967072115966,0.1319898057162283,0.1276661779186305,0.46682267708818026,0.7051381382941024,0.5380127425538654,0.4968873677633322,0.4986033723869454,0.6303401296947488,0.18912543423497502
156,0.08727990857328619,0.1319219855238691,0.12788097088711423,0.473878741114658,0.7045408880270815,0.5352849341033995,0.49759908618079596,0.49718746261730323,0.6314290752503923,0.19433487555678022
157,0.10291425994773887,0.12949369863610108,0.12793872021145833,0.5291419621666356,0.6832270458154934,0.5299034392592167,0.5019602500040155,0.48984273146467455,0.6411311484266089,0.20007517787433834
158,0.10740346311940048,0.12873314635798136,0.1287535528381637,0.5424191261845236,0.6786219895394424,0.5271287955316023,0.5031781121797972,0.48841495047050854,0.642272271777565,0.20520242170607883
159,0.111904483923063,0.1289815933507506,0.13378001670339565,0.5486859422581833,0.6815177405094425,0.5195354341303391,0.5041569839852642,0.4872572475842014,0.6402882121015039,0.22569426055987551
160,0.11470571193496469,0.12851038833067013,0.13531671188326486,0.5551597921710233,0.6796198293154133,0.5174973447785861,0.504743051228161,0.486703691014289,0.6401281377789919,0.2310002440720268
161,0.11756016401256596,0.12800106566543124,0.13701782083153163,0.5615643449876464,0.6776062114975416,0.515541378870247,0.5053029054470861,0.4862362143542811,0.6398473546436818,0.2363290494387069
162,0.12046703429028346,0.12745587898730343,0.13888542426175884,0.567895246276327,0.6754804006121294,0.5136680522872251,0.505835004254526,0.4858552735741598,0.6394468995159227,0.24167723051086348
163,0.1731735861035579,0.10466596882777097,0.14003941214428314,0.6897494492254076,0.5966348005683109,0.5049568591327472,0.5152947756517644,0.49287983664930524,0.628192508003163,0.24795892887484983
164,0.1759327077148791,0.10407841604833822,0.14370537532332095,0.6939239074834308,0.5936095326536952,0.5039063521766276,0.515400426524375,0.4941586166736697,0.6262089145912363,0.2521689408808314
165,0.1787275598916947,0.10348504933796718,0.14757210284707975,0.6979756774907737,0.5905641671821391,0.5029187891285108,0.5154665342488408,0.4955190817472973,0.6241246235866763,0.2563814554513078
166,0.20302001895788185,0.09143527742896711,0.1513714908790586,0.7359694452346025,0.5567560940525703,0.4997365013586245,0.5183405893235405,0.507639382563603,0.6054959143520137,0.26069044292268273
167,0.2360580127163005,0.07372868193492764,0.15599950041891,0.7744160243607136,0.5166014291026503,0.4965437250672792,0.5213273779610688,0.5314744251921203,0.5658040475093974,0.2641584840336013
168,0.23820878281602045,0.07359368509179809,0.1618618980240202,0.7756898861993428,0.5146653327817113,0.4962698732879933,0.5207480970263639,0.5342271090539428,0.562272394324339,0.26674600647931873
169,0.24037388881010474,0.07349819273913945,0.16791074063936828,0.7768277027275584,0.512809757052859,0.496024898027399,0.5201411656372021,0.5370108357046823,0.5586743132505311,0.2693218411346168
170,0.24255218571983095,0.07344580423572246,0.17414083734947683,0.7778282198577356,0.5110372002714293,0.4958070756581829,0.519508313970707,0.539821677335094,0.555012820435469,0.271884116168213
171,0.24474251469216043,0.07344014363436327,0.18054674808364143,0.7786902225286484,0.5093499732799496,0.4956146991990182,0.5188513194591493,0.5426556984835664,0.5512910138550157,0.27443098693664414
172,0.2469437041213584,0.07348485078951258,0.18712279199427934,0.7794125400627164,0.5077501956247117,0.49544608250154554,0.5181720031803217,0.54550896367012,0.5475120708016488,0.2769606380000465
173,0.24915457078692493,0.07358357229883153,0.1938630563071706,0.7799940518986747,0.5062397922484932,0.49529956431543104,0.517472226172939,0.5483775448527999,0.5436792451317174,0.2794712850660364
174,0.2513739210079086,0.07373995230328353,0.2007614056246755,0.780433693675931,0.5048204906681255,0.49517351222503636,0.5167538856791277,0.5512575286880023,0.539795864272709,0.28196117685982264
175,0.2597811311896959,0.0705886328291009,0.20784117891197915,0.7836614703295355,0.5000076719238714,0.49490657293949375,0.5162152565628955,0.5594731413632378,0.525195390621929,0.28427865291770044
176,0.2618882498301054,0.07100087909581934,0.21514645347082167,0.7835382235678365,0.4990632076439924,0.4948472135725569,0.5154094797792412,0.562412101783445,0.5211460516142328,0.2865111285188437
177,0.26399789760814096,0.07148520656254735,0.22258482442946756,0.7832709189904322,0.4982179115398635,0.49480059356451966,0.5145938043956114,0.5653447618250146,0.5170614766191456,0.28871791375222833
178,0.2661088795147983,0.07204497685897542,0.23014914229118175,0.7828588668268446,0.49747222738438845,0.49476532643727433,0.5137702936048383,0.5682673931390106,0.5129452955078947,0.29089753926535983
179,0.29860357696681233,0.061623504627607524,0.23865328556064003,0.777619306846912,0.5025694948933037,0.4950581765633745,0.5125381072140518,0.6005641765554413,0.4379449238125206,0.2917902902989305
180,0.31610706366717256,0.07148954541233926,0.24896523623893818,0.7275577156574898,0.5553110270975745,0.49721575161982695,0.5087826603459175,0.6303261360634178,0.346405519654712,0.29163075657515936
181,0.31615380182119335,0.07417793391964526,0.2563521501341554,0.7233130456682045,0.5585441491019066,0.49704692000076073,0.5075557396332682,0.6326362730477764,0.3431150738001176,0.2916426644535447
182,0.3161740184770619,0.07696324673591404,0.2637446163578917,0.7189523271007013,0.5618103690882383,0.49686851925377823,0.5063750877679989,0.6348684154687771,0.33987855560452335,0.2916358719857403
183,0.31616765130486685,0.0798451028960597,0.27113543329147244,0.7144786742910406,0.5651044502446886,0.4966817659606773,0.5052422182129417,0.637021264803696,0.33669853456724513,0.29161067365836724
184,0.31606097838555297,0.08676027597988382,0.29312525223330044,0.7072262270416528,0.5688158576943351,0.4959416994343696,0.5023711271102059,0.6414705812308785,0.3337799664137053,0.2915977402157881
185,0.3160480271151273,0.08995303405828117,0.30055435308658884,0.7024704272411517,0.5720893091773066,0.49575757434429446,0.5014422904839478,0.6433484336986406,0.3307150457709379,0.29154868311317006
186,0.31600913929862445,0.09324030068730745,0.3079508073900601,0.6976168517102179,0.5753706587294244,0.49557184753166655,0.5005653913807538,0.6451428852531436,0.32771602957114676,0.2914818588074494
187,0.28744426127981326,0.16818565586522155,0.3209543354235096,0.5392026928582283,0.6840057712134464,0.49759800914891933,0.4969223786397642,0.6580382795309636,0.27060550248523957,0.29064722162570644
188,0.28606487288683163,0.17219698645906414,0.3255839490938547,0.5330257051893363,0.6872240128537579,0.4970151684829302,0.4962673348677867,0.6587749104895403,0.27077765382277136,0.2906627060411464
189,0.2704426976487356,0.19902944174465012,0.3315785913959735,0.48508064828883407,0.7100097602267298,0.4968504884566141,0.4951829692332938,0.6584103777970045,0.27583208473633447,0.2909086241013317
190,0.2689010715611885,0.20303060284607294,0.33532391283070745,0.479138595777082,0.7127738763132646,0.49624043895121545,0.49472182087099253,0.6587528139870246,0.2768917956193735,0.2912287296929582
191,0.26136654011832133,0.21599601458556153,0.3395132358402574,0.45807013535605207,0.72170739395539,0.4957582118996352,0.4942196607841176,0.658218692389932,0.28187592670036576,0.29166829108257797
192,0.15742677370930436,0.3422128464066039,0.34803276545328754,0.3032069759031677,0.7698883945845267,0.49582080310219256,0.4931333675673243,0.6208922820626337,0.42448869530134026,0.29465320047898963
193,0.0994012200719724,0.37815417890270875,0.3464891168725094,0.3628862674578927,0.7549015854780355,0.49492260869572297,0.49343798183452114,0.5554343513025509,0.5717448616677195,0.3000447995895961
194,0.10063473162000297,0.3777754063337065,0.34640585008247554,0.366776847153562,0.7542217456553126,0.4943923354379417,0.4935678149722597,0.5534606050293512,0.573856930902179,0.30573430912454214
195,0.09756573030590306,0.37050922462776253,0.34519970468808353,0.41345296548610705,0.7397142731815508,0.4938525737684221,0.4938509733833842,0.5338995917265137,0.6045332459774744,0.3121039183267579
196,0.17156547876214756,0.24384381787781417,0.3383323352058302,0.6819529918686024,0.5886390766308954,0.49338559283808797,0.49429259956436117,0.49988517732866294,0.6488153866506967,0.32321048608900244
197,0.21866578928547878,0.19285714451549976,0.34151874949238803,0.7343917531936497,0.5371057105784491,0.4935091844257847,0.4941255817282578,0.520143411281766,0.6190883233303104,0.3296683996632637
198,0.22183530614100128,0.1913137669945146,0.3477913227297258,0.7351168935569802,0.5346133806550799,0.49357882753775517,0.49400842805653383,0.5217351135432815,0.6159472862833393,0.3341039824520029
199,0.22502648530185484,0.18981787750436294,0.3541906283380304,0.7356865186920217,0.5321854861752346,0.49365895951020305,0.4938936744808227,0.5233435040233477,0.6127524249475116,0.3385079321446153
200,0.22823760043828212,0.1883750722776888,0.36071143142954465,0.736100285050256,0.5298242421599205,0.4937482549050667,0.4937823518216519,0.5249656464320395,0.6095070337437372,0.3428775900983789
201,0.2314669228170083,0.18699091326922318,0.3673482954333406,0.7363579751183219,0.5275317076667667,0.4938454215325694,0.4936755013620237,0.5265986053118199,0.6062144686436874,0.3472103596077669
202,0.23471272331842338,0.1856709150276018,0.3740955888070414,0.7364595012380101,0.5253097830225808,0.4939492030591685,0.4935741716210639,0.5282394514174714,0.6028781431361282,0.3515037080738831
203,0.23797327439693328,0.18442053150698695,0.38094749215321205,0.7364049094927763,0.5231602074631382,0.49405838148771275,0.49347941513012716,0.5298852669661192,0.5995015239796623,0.3557551690163481
204,0.24124685198166898,0.1832451428554155,0.38789800573165945,0.7361943836382299,0.5210845571845087,0.4941717795074682,0.493392285217007,0.5315331507479313,0.5960881267493284,0.35996234392626997
205,0.24453173731521596,0.18215004221778833,0.3949409573580414,0.7358282490529311,0.5190842438087979,0.49428826271201765,0.49331383280402497,0.5331802230888879,0.5926415111855085,0.36412290395947544
206,0.24782621872849303,0.18114042259226598,0.40207001067834164,0.7353069766846297,0.5171605132657032,0.49440674168333115,0.4932451032258482,0.5348236306577872,0.5891652763545941,0.36823459146966764
207,0.2511285933504169,0.18022136377959108,0.40927867380797406,0.7346311869661094,0.5153144450898283,0.49452617394063614,0.4931871330729946,0.536460551110452,0.5856630556318012,0.3722952213817288
208,0.25443716875146183,0.17939781946546532,0.4165603083234585,0.7338016536739335,0.5135469521322683,0.49464556575296886,0.4931409470670471,0.5380881975649143,0.5821385115174542,0.3763026824058673
209,0.25775026452073435,0.17867460447658684,0.42390813859386023,0.7328193077026723,0.5118587806835626,0.4947639738146019,0.49310755497367686,0.5397038229021558,0.5785953302989398,0.3802549380938602
210,0.26251397145671385,0.18554634487472574,0.4606160454650349,0.7212945923865643,0.5099123895904863,0.49536558870038017,0.4931392089810764,0.5412007557952058,0.5707847359940177,0.40007983742921444
211,0.26590132472184336,0.1850991491502467,0.4680271133217953,0.7197174182752651,0.5084400832731553,0.49548580053852853,0.4931882869711902,0.5426725249080402,0.5672534979227576,0.4039375139352744
212,0.26928557674852166,0.18477573091689994,0.47546592755764255,0.7179966132646755,0.5070456042329772,0.4956010599960337,0.4932546307374617,0.5441207610075636,0.5637227043044213,0.4077276315148587
213,0.4251852614920448,0.19031886003594098,0.4828265715875129,0.6845992161051256,0.5418459261279659,0.49450013890517863,0.49478477036492857,0.620115472226494,0.4045317536321881,0.3996991103938173
214,0.42637079053657545,0.19569854709106027,0.4893614187733573,0.6797805856488958,0.5440834934868252,0.4943719157359527,0.49513747593319485,0.6204818394613754,0.4024644077652887,0.39992347662014527
215,0.4275033097842021,0.20116467306630292,0.49576744038122217,0.6749120294415567,0.5463219553993894,0.4942542810052142,0.49552813868320633,0.6207720498605105,0.40047803167194596,0.40010504518705964
216,0.4445855736954876,0.2823494752081492,0.5107366725313836,0.6121234969964532,0.5967739231257629,0.4936919537150207,0.497179520306859,0.6292933620117892,0.3695008161199389,0.39563351493524557
217,0.4445209763094432,0.2884180715691368,0.5150902558217287,0.6071047883526789,0.5990738055203432,0.4937220459888498,0.4977323257433709,0.6288470443227799,0.36904152795052714,0.39535650052244903
218,0.37300853363015557,0.5848629069759049,0.5551602603169654,0.4654060021322907,0.674806259713127,0.5053512434951672,0.4964572177169132,0.5927585874191978,0.44102392942391366,0.39117280443906155
219,0.31689479184680225,0.6588738667110905,0.5590164263930537,0.46524948071176014,0.6739104507233038,0.5101656630837975,0.49229197620829757,0.5639936550197967,0.5087346370635141,0.4019897417590161
220,0.31698238096182246,0.6599115942046907,0.5589111511140067,0.4664436562640098,0.6723424844827087,0.5117087087013125,0.4924520749462426,0.5624735743781886,0.5104164679003904,0.4052770670685412
221,0.259260592712586,0.6609893200057347,0.5616845685552856,0.5098538828009017,0.644570148930814,0.5153242179683873,0.4900362192169809,0.525516613241486,0.5775607442154683,0.41972477988216494
222,0.23784812605641337,0.6143239929611508,0.5611474255697284,0.5502455352935288,0.6148056441225187,0.5162927810218346,0.4908709694069786,0.506775872110768,0.6036114142349324,0.4294769446619414
223,0.23843468756569308,0.6038756114819855,0.5616713918717439,0.5562443237945232,0.6087117487890539,0.5173479572232855,0.4911872322212675,0.5045371895050722,0.6049012236746246,0.43507481020696287
224,0.24079080291673305,0.6000314192059244,0.5624415511238176,0.5576846676569753,0.6060080009723638,0.5185170822199803,0.4913081721550898,0.5038609554398292,0.6040987803732744,0.4402432997471274
225,0.24323756863439677,0.5960945347303249,0.5632760428417884,0.5590565879469045,0.6033061898555544,0.5196877461493284,0.4914355168399246,0.5032093652749147,0.6032220396660185,0.44540351001614453
226,0.24577219735458644,0.5920690618403056,0.5641767707322687,0.5603585462570619,0.6006088405960164,0.520858374868367,0.4915694895019114,0.502582247068449,0.6022731915883721,0.4505515562089658
227,0.2483917618541831,0.5879592915679099,0.5651455710917769,0.5615891673969728,0.5979184571802117,0.5220274062950339,0.491710334256209,0.501979380333082,0.6012545161702937,0.45568358379931856
228,0.25177538931693694,0.48898602155997273,0.5681704880794786,0.6054577686638472,0.5580238895497498,0.5199257445699964,0.49641831733848246,0.4949691212413722,0.6055715975909083,0.46396236109182526
229,0.2549196154338826,0.4843794707497569,0.5706670899233359,0.605327084364854,0.5556419782841849,0.5206270696387671,0.49676062525912473,0.4949332549509246,0.6035845140273551,0.46887924870012393
230,0.2670372609362712,0.4388281990487224,0.5756693277532224,0.6193307824248341,0.5395093048976405,0.5192559324690326,0.49991175775787483,0.4965876045943603,0.5977817085163079,0.4745825862655591
231,0.27029587341164957,0.43461100859576723,0.5790301403253024,0.6184329639428218,0.5374727282132579,0.5197296875601314,0.5003835209671316,0.49674044724609273,0.5954837326207122,0.4791810568638468
232,0.2735724866262568,0.4304521621291927,0.5824809158674219,0.6174352656793349,0.5354947745982841,0.5201807046754661,0.5008727162740054,0.49689653919991084,0.5931697617034648,0.4837220632000946
233,0.27686427863943497,0.4263584043491563,0.5860197928535287,0.6163398466229852,0.533576213090502,0.5206084611134258,0.5013795102201034,0.49705470693990444,0.5908432456274982,0.4882034539844921
234,0.2801684618948297,0.4223363934798369,0.5896446670292781,0.6151490063261353,0.5317176956071427,0.5210124872368934,0.5019040464329412,0.49721379179827524,0.5885076300677958,0.49262318165400554
235,0.32255601482216206,0.3417191428043141,0.6048070673974173,0.6329474636166882,0.5101248594008951,0.5152873250610376,0.510514613995151,0.5091821007896062,0.5671817777847248,0.49784925332774027
236,0.3257876680567582,0.33992720335046145,0.609890489613084,0.6304123022482977,0.5091399483222254,0.5152930021057367,0.5113143639353067,0.5094583245368621,0.5646459166142784,0.5013812405587901
237,0.329003290523266,0.3382835954247187,0.615006191692892,0.6277973703831362,0.5082196699458119,0.5152767912150503,0.5121334281421386,0.5097125032161806,0.5621415864154529,0.5048435780142795
238,0.33220122776410943,0.3367916890388983,0.6201486448723615,0.6251067500720157,0.5073628330097683,0.515239093534772,0.5129714675980029,0.5099437259600991,0.5596717469713136,0.5082354523582009
239,0.4425983575108654,0.28575096531799843,0.6439907142737225,0.6229741027647618,0.507352443515869,0.5041227021383394,0.527599050410249,0.5429213803889144,0.5050717105092827,0.5104914596909227
240,0.5502979610652045,0.512024050349527,0.5947031976116582,0.5271865735430427,0.5937575990117623,0.5064345450486926,0.5243945489471655,0.5800411499912701,0.4324903878488557,0.47810602220802717
241,0.5489758353607569,0.5167403898842456,0.5952145837524393,0.5248711737466565,0.594183763214537,0.5074659897773337,0.5251573782679587,0.5785093499646217,0.43314996039940135,0.47754084727494583
242,0.5476341650651879,0.5213722247859965,0.5956552024451789,0.5226767929990417,0.5945365481751538,0.5085551414091484,0.5258994590884419,0.5769534214389865,0.4338325892604853,0.4769775335252347
243,0.5327990334201811,0.5685463782098753,0.5885110780645627,0.5099255502051026,0.6032257930945603,0.5134100749079034,0.521935624776092,0.5733455283496844,0.43996394042126996,0.472776965057475
244,0.5318570998751385,0.5708071392861147,0.5911916673953944,0.5072734701565514,0.5995089027315987,0.5190959033189976,0.5268455815960075,0.5662313810901312,0.4416131019614778,0.4728680246766395
245,0.5305599068179273,0.5744160339304232,0.5911255956810099,0.5062920552131235,0.5991537917059961,0.5207140617162018,0.5273281085927577,0.5645622544019341,0.4424690425007006,0.4726298568953948
246,0.4873788869227033,0.6628851299463402,0.5846499172866227,0.4963581210340699,0.6062102470299192,0.5346388159496195,0.5120400985435708,0.5541143521263036,0.4655198305285592,0.4715033617405688
247,0.48687493242743674,0.6647452653928781,0.5844693255293602,0.49682911826884796,0.6049542154844056,0.5366911153737293,0.512196833031405,0.5526110226094599,0.466402535064425,0.47264579126072176
248,0.48650450083839336,0.6665076425589279,0.5842862121541401,0.4973858644203742,0.6036350440461692,0.5387836960290422,0.5123279556204929,0.5511117599410814,0.46725653697058966,0.4738388182361793
249,0.4571193172921746,0.7083659428652672,0.5885695055076552,0.5010748169781759,0.600125707693918,0.5486846484832167,0.502091876177368,0.5412917174797566,0.4872250285822631,0.48162017321422124
250,0.4578530023684463,0.7088000735680116,0.5884502006456559,0.5022850022198296,0.5982800905187013,0.5508828583354389,0.5020866382789814,0.539981708472471,0.4878254668258212,0.48382143206909034
251,0.4587460200969507,0.7091225939738361,0.5883324674077924,0.5035400351275254,0.5963921858442857,0.5531016568400703,0.5020632311573269,0.5386827734052386,0.4883846712719961,0.4860650430644547
252,0.45980044097077105,0.7093328688472518,0.5882165488767735,0.504836358554274,0.5944642802612582,0.5553391096741042,0.5020218152301115,0.5373956487485064,0.4889026993127149,0.48834926935420103
253,0.45577763362364115,0.7145856513355048,0.5897090243560533,0.5076554004683282,0.5913170082694365,0.5590583012667327,0.4999678351203318,0.5343494066536668,0.49316441571698316,0.4925769137259326
254,0.44734884948410675,0.7219266775326416,0.5930918978733841,0.5125906954629235,0.5863711662533208,0.5639929148119857,0.49619047551169637,0.5295067471289613,0.5010209718933513,0.4991763853205721
255,0.4494094312711046,0.7210646364904689,0.5930039882393991,0.5140792505333863,0.5841876981680726,0.5661901041009895,0.49610629104590437,0.5283838471892721,0.5012358966970256,0.5019952663412484
256,0.4440526729230027,0.7231131933819138,0.5959803445830539,0.5189633903787709,0.5791004459209849,0.570334574631391,0.49328712249452084,0.5242509637647021,0.5073420110245648,0.5083664202148529
257,0.44666401180049,0.7215933328883201,0.595901629747847,0.5204605961553167,0.5768336038527139,0.5724556395687331,0.49320555035827623,0.5232302568399078,0.5073623219804053,0.5113987575670297
258,0.4494112223731215,0.7199482867097534,0.5958264395953844,0.5219531072100617,0.574562174544403,0.5745677802384234,0.49311714708417287,0.5222256595854702,0.5073418547109292,0.5144340760493397
259,0.44833573282790407,0.7180834924643763,0.5976269856186639,0.5255597517901521,0.5704059257018115,0.5776758178867714,0.4915896766977945,0.5194822020601327,0.5105438817086952,0.5195353458431765
260,0.4514634381456842,0.7159486647295785,0.5975647484626294,0.5270046231234098,0.5681215542077737,0.5797052126497623,0.49151359948152756,0.5185537361744575,0.5103791346811817,0.5226421633775938
261,0.4547063160834781,0.7136904244035779,0.5975093410757024,0.5284334931750402,0.5658455050680454,0.581716657985945,0.49143427646866333,0.5176419560680857,0.5101779493924257,0.5257356660244192
262,0.4580594219291338,0.711310017360583,0.5974617631192722,0.5298445435348552,0.5635805465583973,0.5837082697522479,0.4913522838470511,0.5167470201400551,0.5099418396668263,0.528812241219475
263,0.46151748825995065,0.7088088847033457,0.5974230475122192,0.5312360847150407,0.5613294335132543,0.5856781886602839,0.4912682092746636,0.5158690632037989,0.5096723811961209,0.5318682687080576
264,0.4650749410273133,0.7061886697833135,0.5973942571341684,0.5326065557091666,0.5590949022644258,0.5876245828403678,0.49118265009350726,0.5150081975093694,0.5093712093014624,0.5349001307623362
265,0.4687259167834412,0.7034512247076433,0.5973764811861823,0.533954523090775,0.556879665520067,0.5895456503470283,0.49109621155424255,0.5141645138144705,0.5090400165524045,0.5379042226378664
266,0.47246428098240756,0.700598616280095,0.5973708312168551,0.5352786796691759,0.5546864072005241,0.5914396216041652,0.49100950505586716,0.5133380825015712,0.5086805502425027,0.5408769632296642
267,0.4529022028480234,0.6426824377765266,0.6106175043363457,0.5541179389964582,0.5359296334175042,0.5939526576104764,0.48949075953580745,0.49844443641544434,0.5298148067172426,0.5532992061584916
268,0.456633821320089,0.6382353140935051,0.6109830586593523,0.5544993987226547,0.5342150707796225,0.5948948483495744,0.48990804274537797,0.4980199258281055,0.528902644633041,0.5560154525108633
269,0.4603458790159423,0.633752597725124,0.6113968964399782,0.5548356575342559,0.5325606823803416,0.5957878053892341,0.49033987359868286,0.497605601200341,0.5279898171981184,0.5586602507788344
270,0.4640336163130585,0.6292412120159623,0.61186102266766,0.5551277245457918,0.5309674937089937,0.5966310310451819,0.49078640227390524,0.4972013226042332,0.5270790768070024,0.561232557642438
271,0.4676923874869398,0.6247082164779192,0.6123773119820809,0.5553766874533723,0.5294364145696431,0.5974240980004163,0.4912477548166438,0.4968069616043437,0.5261731660296436,0.5637314977147226
272,0.47131767252599527,0.6201607913014804,0.6129474961860397,0.5555837066559344,0.5279682378279293,0.5981666496927407,0.4917240325617791,0.49642240257694376,0.525274811748358,0.5661563650962472
273,0.4749050883886192,0.6156062210939021,0.6135731520398259,0.5557500093900424,0.5265636384508136,0.5988584005955058,0.49221531161926774,0.4960475440000729,0.5243867192728172,0.5685066243833272
274,0.47498580661920314,0.5456406430794564,0.6218545041983113,0.561644425112713,0.5212474189245613,0.5883310250851238,0.5083259462161206,0.48893274631101047,0.5305844341684135,0.5676008424612441
275,0.4777962081049666,0.5420773578887816,0.6234096399128763,0.5608461506521498,0.5205092834717279,0.5882359557372108,0.5092986629268087,0.48873233476927336,0.5296038181633481,0.5694988566882709
276,0.4903708310887103,0.5122347807613455,0.6328777443733841,0.5583349847991659,0.5195892420907241,0.581576283095481,0.5208044732954071,0.48674831821330206,0.527818747911015,0.574457200257995
277,0.49276753561832404,0.5099261835858888,0.6350197889941179,0.557121021297733,0.5192566128876333,0.58111937189968,0.5219682781015346,0.48658075920919863,0.5270341428061854,0.5761099449724876
278,0.49510984434898453,0.5077694007986276,0.6372193187199361,0.5558876600076944,0.5189757257419015,0.5806270696120434,0.5231419022211156,0.4864140040881645,0.5263076838194817,0.5777239102820483
279,0.49739771125266236,0.5057681095565489,0.6394733394013783,0.5546376506562221,0.518744880720136,0.5801007686078494,0.5243245223779317,0.4862484352919052,0.5256410294940664,0.5793006364288027
280,0.49963116580581335,0.5039255894897452,0.6417785528881997,0.5533737465724722,0.5185623154724711,0.5795419020031817,0.5255152908728953,0.4860844763778814,0.5250356929674929,0.5808416498219624
281,0.5018103081412424,0.502244712358663,0.6441313616060934,0.5520987008545652,0.5184262100474337,0.5789519405654131,0.5267133365509695,0.48592259170045854,0.5244930391663316,0.5823484553123653
282,0.5039353041354554,0.500727933057616,0.6465278744792203,0.5508152626443058,0.5183346917521706,0.5783323895401292,0.5279177658014883,0.48576328598344776,0.5240142824430785,0.5838225286190475
283,0.5060063804612382,0.4993772820105815,0.6489639141976604,0.5495261735094293,0.5182858400422458,0.5776847854005686,0.5291276635908919,0.4856071037813683,0.5236004846618848,0.5852653089387347
284,0.5080238196349051,0.4981943589997519,0.6514350258229292,0.5482341639326149,0.5182776914255913,0.5770106925260516,0.5303420945271016,0.48545462882693585,0.5232525537378928,0.5866781917684901
285,0.5214161435520939,0.4873597168739024,0.6634501017422368,0.5429864566321279,0.5217155846695162,0.5683360170161785,0.5426207550360438,0.4844073871718532,0.523071534042277,0.5902509169258084
286,0.5524764234283995,0.48591538802535034,0.6822701200030215,0.5324706443926904,0.5290616985742831,0.5525548790432868,0.5637145983425955,0.4842016743146182,0.5224090296859678,0.6008078615639443
287,0.5540563975882121,0.48823425371818013,0.6845891562073311,0.5308142680823238,0.5293115720535733,0.5517056889608538,0.5650396430773597,0.4840800545222212,0.5226328694259718,0.6021064586785797
288,0.5717896971955055,0.49391938978696004,0.69032243647858,0.5258530760392377,0.5329444775760583,0.5443272615797531,0.5743359800351355,0.4847419574016484,0.5221170345125343,0.6086580024195783
289,0.5732060186607361,0.4970509230181609,0.6922063718476382,0.5242233870285711,0.5331751757676383,0.5435471236739902,0.5756099923222209,0.48461879388171014,0.5225239642867987,0.6098275195493543
290,0.5745673038689673,0.5002608470854847,0.6939971709275531,0.5226414024480064,0.5334023552807144,0.5427816924149956,0.5768615973833162,0.4845061078563557,0.5229994616027677,0.6109597996899608
291,0.5758728376673464,0.5035415668944824,0.6956902301117674,0.5211098896299958,0.533624394144007,0.5420322724832757,0.5780895122685065,0.48440504217639163,0.5235418672868635,0.6120531766483622
292,0.5771219529327147,0.5068853910287768,0.6972810933518198,0.5196315333669604,0.5338397115013704,0.5413001097105044,0.5792924719185418,0.484316746015646,0.5241494062980313,0.6131059233390731
293,0.6080199043216379,0.5217310847666662,0.6976506490628288,0.5127241644975713,0.5390517992832522,0.5307976415525846,0.5914641149439956,0.48673435597342574,0.522797378744987,0.6233100794748231
294,0.6088767123046896,0.5256319749921285,0.698245269445599,0.5114268063984392,0.5391343950803635,0.5303001834531426,0.5924955511181622,0.48664355227839956,0.5235462146478379,0.6239458367004751
295,0.6096586507211017,0.5295215162851741,0.6987156543401476,0.5101997107105121,0.5391989458064106,0.529830422042342,0.5934917288830837,0.4865696855201004,0.5243495170723524,0.6245167263839646
296,0.6103656582782266,0.5333924076211294,0.6990603610835573,0.5090448379906772,0.5392444015940793,0.5293889776046093,0.5944515974082684,0.48651384740894277,0.5252049583693524,0.6250207861993567
297,0.6109978398361329,0.537237543245146,0.6992782204452231,0.5079640185447426,0.5392697635930465,0.5289763947031841,0.595374149999184,0.4864771099517322,0.5261101491163969,0.6254561067038806
298,0.654887106267781,0.5637998980442853,0.6748837444048374,0.5010519790646605,0.5442149248357429,0.5177345722273448,0.605551593638107,0.49413676126858336,0.5213395757246626,0.6329314721580049
299,0.6543572855304219,0.567140414022983,0.6735678871169963,0.5005229916770713,0.543931644579897,0.517869367134815,0.6060514173230293,0.4940673858663037,0.5222145351786515,0.6322385926506855
300,0.6537381707191826,0.5703792899638509,0.6721622133912172,0.5000781662210111,0.5436199960966792,0.5180378289404477,0.6065059198219783,0.49401976000651066,0.5231201374694947,0.6314540383231967
301,0.6544708263271121,0.5744842269990501,0.6689520246891448,0.49960809234843273,0.5433687178292769,0.5179757490299883,0.6070088914808418,0.4944509510846128,0.5237162998121057,0.6303995096135584
302,0.6536272685874964,0.5774679634244584,0.6673378916172603,0.49935538653223316,0.5429872269688588,0.5182349624689603,0.6073540457821464,0.49444438031587384,0.5246658133853247,0.629382930395629
303,0.6527069761199037,0.5803427252226582,0.6656475963648751,0.4991862876179171,0.5425769391880606,0.5185263252100033,0.6076533430682582,0.4944612991469639,0.5256383347148899,0.6282754889633331
304,0.6598959244234033,0.5896473488437196,0.6489176437800586,0.49916464069754507,0.5420848363647537,0.5179839822596771,0.6070799911137402,0.49852343663314885,0.523687327498735,0.6227607459197078
305,0.6584086896177763,0.591896415946219,0.6469137901514656,0.499351641171859,0.5415219487976652,0.518530097545721,0.6071478046791274,0.498553101368957,0.524592417186757,0.621127352059484
306,0.6568699918641399,0.5940326730637133,0.6448729617371832,0.49961630781454325,0.5409309176755237,0.5191045324934402,0.6071718982616173,0.49860596806308394,0.5255095042764888,0.6194127692195928
307,0.6584910691716458,0.6112412030126827,0.6103417107755736,0.5035464442562334,0.5373023932289146,0.5237649233442007,0.5988327378273256,0.509001616684442,0.5187037251535656,0.5975702417745257
308,0.6542497734568817,0.6176172743507166,0.6012308717787439,0.5058932675379548,0.5351570165960714,0.5271571095086067,0.59507286331182,0.5119525187533646,0.5170559940360407,0.5885258831566397
309,0.6518860308003498,0.6182529053759499,0.5995873951969709,0.5068369151275979,0.5342965339369834,0.5282665092613114,0.5946935446528875,0.511915220663041,0.5176194101731618,0.5862748185485321
310,0.6495670567735887,0.6188024168780517,0.5979821054992809,0.5078302464911076,0.5334180892479566,0.529389399153303,0.5942873951654963,0.5118933698668837,0.5181796989647005,0.5839987199162029
311,0.6473021077715063,0.6192690562979768,0.5964173440858137,0.5088706613024204,0.5325231114063544,0.5305244270753094,0.5938557952906325,0.5118866872415071,0.5187357381590456,0.5817013467717747
312,0.6403279712103843,0.6181035294431937,0.5936758173230167,0.5122225499325933,0.5298668967562957,0.5333464797520568,0.5943120570109365,0.5102178675634401,0.5224107460760823,0.5766958700497796
313,0.6384313052260928,0.618330282468782,0.5922090702638908,0.513427089365258,0.528916407822393,0.5344842802113223,0.5937845026509364,0.5103104321292785,0.5229852244427056,0.5742790889399456
314,0.6366291381196937,0.6184908968186951,0.590791601128537,0.5146657944135896,0.5279573257957025,0.5356279129534205,0.593238093783548,0.5104172082412914,0.5235497207395777,0.5718573823159068
315,0.6349287980467304,0.6185883427600252,0.5894249866878085,0.5159360130205672,0.5269914440682368,0.5367760298438753,0.5926744682278461,0.5105376995027483,0.5241033028139404,0.5694347192624643
316,0.633337230751952,0.6186254758655173,0.5881106172906813,0.5172351127307325,0.526020613927547,0.5379272861013628,0.5920952928297537,0.5106713790704417,0.524645084255212,0.5670150579132421
317,0.6281326819512932,0.6251228587529988,0.582661581467967,0.5228455201199436,0.5208261249058119,0.5463093646276284,0.5824440762031541,0.5172087530187884,0.5202888571053226,0.5504029224655708
318,0.6243790785728349,0.6320649122883953,0.5830791874934698,0.5275626029900162,0.5164883302144996,0.5542982442397698,0.574105719162899,0.5222690827023952,0.5166846630564854,0.5396078024113292
319,0.6222818656062195,0.6387692692432345,0.5867443046284244,0.5316849974959912,0.5127737906795943,0.561917816049268,0.5666161167236691,0.5264053158938977,0.5135191475368812,0.5330134477346152
320,0.6223016362867853,0.6375505079385974,0.5866146585121307,0.5330979417367363,0.512043784329828,0.5631193130948339,0.5661942013020674,0.526282015386996,0.5135890516352828,0.5320303257387737
321,0.6224901886900481,0.6362670814270923,0.5865032612166794,0.5345137625310006,0.5113397010757366,0.5642989910289941,0.5657851404921298,0.5261559413136637,0.5136509737051115,0.5310978001771277
322,0.6228477185852886,0.6349189239314951,0.5864077262148845,0.5359312768609306,0.510663601341282,0.5654555786186617,0.5653900514117383,0.5260266164488903,0.5137051941194865,0.5302169116825641
323,0.6233738292037121,0.6335058597510712,0.5863256292684887,0.5373494119067853,0.510017519118093,0.5665878259151544,0.5650099946280546,0.5258935681107866,0.5137520261070753,0.5293885796969741
324,0.6240675343607802,0.632027612411423,0.5862545173623763,0.5387672049531197,0.5094034564528143,0.5676945051704111,0.564645970931205,0.5257563293146552,0.5137918148631623,0.5286136036528754
325,0.6249272637000605,0.6304838146611351,0.586191917584686,0.5401838027511511,0.508823377885138,0.5687744117872507,0.5642989182893837,0.5256144399171967,0.5138249366089149,0.5278926646899771
326,0.6259508700252631,0.6288740192518728,0.5861353459144839,0.5415984603449304,0.50827920485757,0.5698263653113821,0.5639697089971786,0.5254674477504232,0.5138517975979086,0.527226327890204
327,0.6271356386786457,0.6271977104344479,0.5860823158791615,0.5430105393711935,0.5077728101185702,0.5708492104724582,0.5636591470282396,0.525314909744935,0.5138728330690252,0.5266150450117667
328,0.6284782989157481,0.6254543160996456,0.5860303470445323,0.5444195058450283,0.5073060121411881,0.5718418182810432,0.5633679656027067,0.5251563930423158,0.5138885061449288,0.5260591577000934
329,0.6351412499221925,0.6296011300933234,0.6000744633610685,0.5483974042694936,0.5040702392586257,0.5827383340408139,0.5532594551095372,0.530357502415874,0.5095465740228813,0.5279628480553834
330,0.6372308964037312,0.6270734638677222,0.5999275001749009,0.5497478866289222,0.5039561902377729,0.5835049045745504,0.5532091583277106,0.5300315445197308,0.5094760615363992,0.5282080874472288
331,0.6394363160867439,0.6244632809854546,0.5997490602875067,0.5510977132015774,0.5038920658084246,0.584230609270899,0.553181541299104,0.5296944504121354,0.5094098786195759,0.5284962253665716
332,0.6537360164150442,0.6225014567913479,0.6257465649559758,0.5533514335784541,0.5036539422279347,0.6010563237407189,0.5361991496063065,0.5367446356968069,0.5030971481181291,0.5531203785072742
333,0.6556201294544416,0.6044322266275417,0.6345717035913451,0.5508690882100656,0.5093514396562483,0.6090879997890556,0.5254251721079265,0.5386460862686205,0.5006668703126095,0.5838936915862449
334,0.6573823173110538,0.5997680538196615,0.6328983478272285,0.5519311961545205,0.5103119365220377,0.6086506230507779,0.5261314205737783,0.5378363309399474,0.500965728746537,0.5849974297148863
335,0.6590948448207402,0.5950866945687449,0.6312128493359495,0.5530145091878007,0.5113114513561984,0.6081691390078626,0.5268423532164291,0.537013034601986,0.5013095355336892,0.5860754892069473
336,0.6607528655237598,0.5903943299405509,0.6295190623675812,0.5541194614574723,0.5123481625401942,0.607644973159012,0.5275565059315334,0.536177250870475,0.5016985423818877,0.5871279390379907
337,0.6289546814584889,0.5555690239870621,0.6218155452096067,0.5435951245858713,0.5261002634186475,0.606231162103424,0.524555176861212,0.5313177775232254,0.5048089519335645,0.614969617226811
338,0.6188827731357781,0.5477696959852338,0.6187466363093285,0.5415807040519537,0.5299139294917651,0.6041045346527029,0.5263780608498388,0.5290246390929518,0.5068818307944991,0.6183122742544152
339,0.6184242287678468,0.5448386104231765,0.6176673813043613,0.5424117786544758,0.5309533923522591,0.6031080637768811,0.527298388442445,0.5282153716678352,0.508066357178558,0.6186909757603423
340,0.6178905248352716,0.5420241156011649,0.6166627278354041,0.5432743567443896,0.531994555275554,0.6021120834453536,0.52820207724079,0.5274102357151501,0.5093118914438886,0.6190576435267153
341,0.6187900809369459,0.5372862402200591,0.6150500129190954,0.5457021107586301,0.5335588509426041,0.6003605579503047,0.5297170611377325,0.5261468855039817,0.5117171970567536,0.6192850677055648
342,0.618084689559949,0.5347413667219513,0.6142223266126268,0.5466669905272328,0.5346069908978962,0.5993778663511844,0.5305618082971291,0.5253556818280065,0.5131147017766277,0.6196330903677636
343,0.6173052672833995,0.5323236212047641,0.6134665913287569,0.5476604703199488,0.5356481353032235,0.598404878055133,0.5313857606309347,0.5245761388198804,0.5145663416637661,0.6199723785231829
344,0.6164526775990916,0.5300354419825233,0.6127814096256042,0.5486815730547274,0.5366799610658781,0.5974441736426046,0.5321878770176106,0.5238103297233879,0.5160702730466463,0.6203038028839689
345,0.6155279072454829,0.5278789441056194,0.6121649919455078,0.5497291996161716,0.5377001728639598,0.596498298125231,0.5329671536730783,0.5230603495059992,0.5176245770201939,0.6206281566916357
346,0.6145320613748055,0.5258559146239898,0.6116151649517131,0.5508021328571209,0.5387065067932935,0.5955697543198877,0.5337226243462697,0.5223283108286267,0.5192272654829119,0.6209461516605375
347,0.6134663585989405,0.5239678090503698,0.6111293816892274,0.5518990421946184,0.539696733875414,0.5946609962653285,0.5344533604037078,0.5216163397972163,0.5208762873423739,0.6212584143207974
348,0.6123321259377491,0.5222157490355939,0.6107047335309809,0.5530184887804752,0.5406686634225374,0.5937744227042819,0.5351584708158841,0.5209265715024985,0.5225695348622357,0.6215654827744711
349,0.6087916126652911,0.5205658682030306,0.6104496442241953,0.5535422913812823,0.5420338149993462,0.5927934913724375,0.5360697371051985,0.5198944824737397,0.524544652344474,0.6222905711583268
350,0.6074799316031386,0.5191924052131434,0.6101775402595231,0.5546903892133828,0.5429399501079868,0.591972814755105,0.536718922864504,0.519275064176069,0.5263371820868412,0.6225841889749715
351,0.606106102006584,0.5179562984600906,0.6099546309017032,0.5558562995982899,0.543820909317664,0.5911822128901525,0.5373398407042831,0.5186847850291765,0.528167422568407,0.6228740988448619
352,0.604671892675768,0.5168571156957356,0.6097765719491838,0.557038239604424,0.5446747136302581,0.5904237578639085,0.5379317580558615,0.5181257603066162,0.5300330800876766,0.6231603997789746
353,0.6031791502254563,0.5158940992212788,0.6096387496619512,0.5582343539472848,0.5454994375914118,0.5896994323212963,0.5384939784448973,0.5176000874455191,0.5319318381938862,0.6234430907748058
354,0.6016297939485321,0.5150661715124178,0.6095363027278937,0.5594427229905466,0.5462932116792049,0.5890111239371295,0.5390258412127042,0.5171098404908429,0.5338613643431546,0.623722070539896
355,0.600025810734823,0.514371941966281,0.6094641454785334,0.5606613710921886,0.547054224543664,0.5883606201266354,0.5395267212529032,0.516657064419382,0.5358193164915934,0.6239971376757132
356,0.5983692500594829,0.5138097147339545,0.6094169922518745,0.5618882752560617,0.5477807250989266,0.5877496030164339,0.539996028779262,0.5162437693617914,0.5378033495976108,0.624267991318649
357,0.596662219053843,0.5133774975974502,0.6093893827943763,0.5631213740476386,0.5484710244704715,0.5871796446965106,0.5404332091403901,0.5158719247421452,0.5398111220062498,0.624534232233004
358,0.5949068776702424,0.5130730118451872,0.6093757085887245,0.5643585767311399,0.5491234978003001,0.5866522027728057,0.5408377426965827,0.5155434533556844,0.5418403016890814,0.6247953643488788
359,0.5931054339509971,0.5128937030955588,0.6093702399893016,0.5655977725839372,0.549736585913463,0.5861686162391022,0.5412091447736457,0.5152602254065249,0.5438885723140382,0.6250507967360739
360,0.5912601394102663,0.5128367530139015,0.6093671540430092,0.5668368403430274,0.5503087968497218,0.5857301016857932,0.5415469657079138,0.5150240525280564,0.5459536391205287,0.6252998460032738
361,0.5893732845362109,0.5128990918642597,0.6093605628693918,0.5680736577374725,0.5508387072645403,0.5853377498619206,0.5418507909959286,0.5148366818096821,0.548033234576256,0.6255417391100758
362,0.5874471944194919,0.5130774118336984,0.6093445424709241,0.5693061110600459,0.551324963703915,0.584992522605593,0.5421202415613813,0.5146997898543105,0.5501251237933783,0.6257756165777485
363,0.5854842245128162,0.5133681810636186,0.6093131618418083,0.5705321047308638,0.5517662837578416,0.5846952501565045,0.5423549741509259,0.5146149768916901,0.5522271096829386,0.6260005360830291
364,0.5834867565249562,0.5137676583196084,0.6092605122417226,0.5717495708055866,0.5521614570974509,0.5844466288627951,0.5425546818693555,0.5145837609732331,0.5543370378279198,0.6262154764177661
365,0.5814571944514202,0.5142719082287563,0.6091807364997222,0.5729564783807798,0.5525093464010221,0.5842472192929546,0.5427190948634185,0.5146075722743714,0.5564528010567742,0.6264193417958095
366,0.5563186505189147,0.5266764304964032,0.6116360654351592,0.5677810572786101,0.5529984159082214,0.5862710232437882,0.5451850066299933,0.5141063429511294,0.5587753324535347,0.630460595274445
367,0.5377085059557866,0.5395522271260859,0.6124231356532764,0.5634982148744171,0.5532496141167208,0.5880615839152656,0.5480635203869162,0.5151771052317141,0.5605032331475471,0.6335772022187527
368,0.5355275722408664,0.5413582291420944,0.6119154389529453,0.5645008057168155,0.5528929418807493,0.5884799159593278,0.5479958557061373,0.5159725801552796,0.5627832619119492,0.6337609871626798
369,0.5248560414438267,0.5508819074358934,0.6109487296545507,0.562248003486435,0.5526413234522128,0.5899049753200215,0.5499776115405416,0.5178424196577486,0.5643362755353606,0.6358349532185442
370,0.5060246547398619,0.5753098774654446,0.6043590489950315,0.5539928325368406,0.5533390708311613,0.5921029638468618,0.5571544256430822,0.5238925686829737,0.5628662298112898,0.6425335017496403
371,0.5032616887998408,0.5800671376357657,0.6013929994994306,0.5539083625985547,0.5525455792194883,0.5930152128161833,0.5578898955700121,0.5261802998066317,0.5644714683606152,0.6434088072790721
372,0.5017192019928067,0.5820530533666891,0.5996049892682713,0.5549748304267214,0.5513928186950875,0.5939637705064941,0.5575395234725052,0.5276757015569017,0.5667509366723433,0.6432377335896156
373,0.5002240781030369,0.5839921092959146,0.5977290970295285,0.5560552365254567,0.5501998962814459,0.5949280870869563,0.5571632969495964,0.5292049340725463,0.5690252494244858,0.642998100231894
374,0.49877790501006536,0.585881613820935,0.5957683376085681,0.5571490094722351,0.5489674577922842,0.5959054191171117,0.5567625490196088,0.5307667663029274,0.5712925244567777,0.642688049505954
375,0.4973822311080746,0.5877191350966051,0.593726090914609,0.5582555592940575,0.5476962162613224,0.596892994374201,0.5563387193620215,0.5323598877400552,0.5735509187961135,0.6423058708737023
376,0.4960385624546249,0.5895024992803857,0.5916060903337498,0.5593742760152889,0.5463869529397957,0.5978880197129824,0.555893355452117,0.533982911184983,0.5757986287320432,0.6418500075405625
377,0.49474835973318615,0.5912297875529766,0.5894124096357282,0.5605045281462162,0.5450405181993849,0.5988876888395247,0.5554281133586297,0.5356343757862143,0.5780338897105198,0.6413190625109134
378,0.4935130350431209,0.5928993319535786,0.5871494484515333,0.5616456611250183,0.5436578323275966,0.5998891899667355,0.5549447581820318,0.5373127503407531,0.5802549760597907,0.6407118041026342
379,0.4923339485325872,0.5945097100748308,0.5848219163853524,0.5627969957264513,0.5422398862027278,0.600889713320348,0.5544451641121146,0.5390164368470992,0.582460200563062,0.6400271709083724
380,0.49121240489151163,0.5960597386679986,0.582434815830365,0.5639578264510509,0.540787741835675,0.6018864584651789,0.5539313140846592,0.5407437742981723,0.5846479138931676,0.6392642761934317
381,0.4901496497233738,0.5975484662141891,0.5799934235636116,0.5651274199091156,0.5393025327661068,0.6028766414227242,0.5534052990183117,0.5424930427008864,0.5868165039249699,0.6384224117224333
382,0.4891468658159884,0.5989751645222593,0.577503271200532,0.5663050132141091,0.5377854643008454,0.6038575015526152,0.5528693166142575,0.5442624673078859,0.5889643949416281,0.637501051009168
383,0.5054769800254425,0.6111206461073441,0.5455371018138105,0.5609568737303592,0.538692702037343,0.595343701336688,0.5629626272696076,0.5623566241411309,0.5750069205532424,0.6378025082491164
384,0.505312435085402,0.6116672865551831,0.5430044183173973,0.562134695920286,0.5369047706167468,0.5960954551098225,0.5625776037622832,0.5640019314894424,0.5766409667557395,0.6360502919345489
385,0.5348925653772599,0.609476135342909,0.518894212031922,0.5575495487917469,0.5410985595518765,0.5791259516981915,0.5714277529732077,0.5789109915310288,0.5601786417951434,0.6245744813448347
386,0.5352683306048528,0.6092863729643666,0.5172992133500423,0.5584175064318694,0.5393907406255806,0.579472058363993,0.5715141558835888,0.5800387556663646,0.5611606975070715,0.6221288532436349
387,0.5357097491965106,0.609057926696323,0.5158046549693148,0.559253326528387,0.5376899767542337,0.5797644615366995,0.5716637574045297,0.5811389109030244,0.5621126423031806,0.6196276900602077
388,0.5362168666419795,0.6087923617789125,0.5144124477440554,0.5600549525168174,0.5359987852247333,0.5800018933540365,0.5718793151543495,0.5822105792691596,0.5630336571223221,0.6170739986781786
389,0.5367895600007784,0.6084911238587722,0.513124191026275,0.5608204055279805,0.5343197022601941,0.5801831712234193,0.5721634818372273,0.5832529126368217,0.5639229633632007,0.6144708923703481
390,0.5635031490673178,0.6001579251587724,0.5087842426737507,0.5558649683519669,0.5390835046289064,0.560426691984785,0.5814706499975852,0.5926972440084048,0.5501634913693625,0.5926189781596485
391,0.5643623410005978,0.599314469252461,0.5085862878196814,0.5561341167972377,0.5377890618851685,0.5601828389681704,0.5824467356501537,0.5931342758898387,0.5505545961049964,0.589848685068737
392,0.58122730547116,0.5913234061522921,0.5134834947113842,0.551870752073548,0.5416123365747953,0.5457468769086329,0.5901714686204557,0.5982320082134974,0.5426886036888732,0.5702672673752988
393,0.5822600138386258,0.5900381779332617,0.5139157617180441,0.5517896692428017,0.54071858280669,0.5451823427077102,0.5917219133515751,0.5981875654046985,0.5428434771365833,0.5676352850082804
394,0.5990348753264616,0.5782641931418401,0.5265960242926713,0.5464650865892312,0.5466389587739003,0.528991254941231,0.6016033665945607,0.602425721485321,0.5364621885266484,0.5441792308917742
395,0.6001915228476238,0.5763880201702662,0.5273641500544153,0.5461445840870662,0.5462888245930602,0.5281053043073268,0.6037476322811269,0.6017986498489186,0.5365246677262877,0.5419805094951358
396,0.6013890405938543,0.5744725351261825,0.5281495577641854,0.545808349210264,0.5459823250520162,0.5271673754562308,0.6059651174598704,0.6011276865139039,0.5365843550296556,0.5398137934678193
397,0.6267568099294766,0.5332120836255461,0.5695852504115865,0.5392231919698659,0.5662060760010083,0.5025791660279983,0.6249543958325502,0.6042945559114278,0.5383694619416844,0.5032336952819024
398,0.6278029823048895,0.5299835517909739,0.5695512051486634,0.5394481793746669,0.5670729511969471,0.501320559761806,0.6277004078944874,0.6022605625744337,0.5389316246662693,0.5026770528974766
399,0.6292432298452606,0.5252995938494883,0.570540648431537,0.5398213158633901,0.5686002676009994,0.4998218117011676,0.6307189314028081,0.6000758007528334,0.5399341192788633,0.5018658041124188
400,0.6302647024411808,0.5220338119174863,0.5703662657568096,0.5402142402398913,0.5695315447543112,0.49853109315879307,0.6334646022583246,0.5979123399417124,0.5405524022612033,0.50143286696385
401,0.6319343840995435,0.5157406076442395,0.5721748348523068,0.541029322908148,0.5717534660480914,0.4968821223341954,0.6366823287126077,0.5953505925230688,0.5421390807448541,0.5007392307039754
402,0.6328923150301528,0.5124464390958554,0.5718185039237507,0.5416437976671108,0.5727592583047898,0.49558187182759667,0.6393898583743718,0.5930316766043376,0.5428318988166532,0.5004702982231513
403,0.6338313801675124,0.509162425650727,0.5714120499074231,0.5423350573429111,0.5737770493812875,0.4942761738399564,0.6420815620722844,0.5906707194412893,0.5435386817485526,0.5002394705584217
404,0.634748593983324,0.5058924102732717,0.570955744311066,0.5431043470256542,0.5748052129265859,0.492967638510823,0.6447535887877476,0.5882693235368365,0.5442585448667211,0.5000467331118811
405,0.6356410124480291,0.5026402822937285,0.5704499117885751,0.543952640868671,0.5758420383070366,0.4916589409704819,0.6474021639649387,0.5858292158479748,0.544990573422858,0.49989204130968024
406,0.6365057392495124,0.4994099690149557,0.56989492066104,0.544880633526096,0.5768857345531466,0.49035281780693524,0.6500235973293524,0.5833522491173604,0.5457338246426148,0.4997753197293073
407,0.6373399317401557,0.49620542691719266,0.5692911735637025,0.5458887327176659,0.5779344346465819,0.4890520632130957,0.6526142901740206,0.5808404027387982,0.5464873298487019,0.499696461207734
408,0.6381408066037061,0.4930306324991363,0.5686390982846589,0.546977052961692,0.5789862001315057,0.48775952481114426,0.6551707420884275,0.578295783138763,0.5472500966513841,0.4996553259374728
409,0.6389056452350309,0.48988957279576406,0.5679391388595687,0.5481454105120163,0.5800390260328921,0.48647809915286433,0.6576895571083665,0.5757206236581099,0.5480211111987621,0.49965174055791545
410,0.6396317988273711,0.486786235615137,0.5671917469846043,0.5493933195293726,0.5810908460630217,0.4852107268966563,0.6601674492683082,0.5731172839202199,0.5487993404789435,0.49968549724953604
411,0.6403166931632451,0.483724599538016,0.5663973738075504,0.5507199895120753,0.5821395380960499,0.48396038766393595,0.6626012475413023,0.5704882486740752,0.5495837346659767,0.4997563528387668
412,0.6409578331066105,0.48070862372541595,0.565556462154259,0.5521243240053023,0.583182929889325,0.48273009457963384,0.6649879001549603,0.5678361261030773,0.5503732295011998,0.4998640279214836
413,0.6099675760912755,0.4145462512656723,0.5697585533467378,0.5848523869250911,0.5907139441236402,0.5108557594905137,0.6593287485634718,0.5265978616137164,0.5732905123593152,0.5486320300525002
414,0.5774378245341266,0.4115474267399443,0.5681152079354018,0.5875728506198159,0.5803571631341344,0.5433241732411018,0.6364040979854229,0.5190146718258154,0.5777656498343402,0.5773801505780353
415,0.5442063345838739,0.4191263805218831,0.5641419392051776,0.5859204096732787,0.5676879226165893,0.5738182962455571,0.612674307129672,0.5162757775963787,0.5796371308401385,0.5987328547257916
416,0.5365635157152251,0.4221419602905572,0.5614318441600594,0.5863232806031436,0.5647134746477641,0.5805693940362557,0.6077811009262425,0.5154803352277798,0.580662242311883,0.6019203130789095
417,0.5005478862869552,0.43839592545423084,0.5542520533674578,0.5811235658092035,0.5495442105752045,0.6118401595972942,0.5808177857149883,0.5180847825229079,0.580565349717967,0.6182607663615396
418,0.4979804714455345,0.44025377193712445,0.5518013310808028,0.5817506870282453,0.5480582846053026,0.6145083514326322,0.5792267015909245,0.5180514461063016,0.581673098609082,0.6180832424715519
419,0.4954502355351163,0.4421259565239391,0.549295211585427,0.5823185958861481,0.546520941001118,0.6172031329684481,0.5775838157545893,0.5180972006579184,0.5827675614845684,0.6178415076679776
420,0.492959997409556,0.44400841482990505,0.546735243375156,0.5828266082434573,0.5449331905034761,0.6199209284714005,0.5758906519858318,0.5182218720310505,0.5838486262457343,0.6175347859540734
421,0.4905125097058921,0.4458971827652962,0.5441232841283798,0.5832742078409546,0.5432961116676198,0.6226581324100768,0.5741488342370201,0.5184251079613353,0.5849162328913455,0.617162377846173
422,0.48811045415077753,0.447788403003775,0.5414614987153525,0.5836610468881172,0.5416108507730009,0.6254111197849641,0.5723600899463273,0.5187063786837244,0.5859703690937775,0.6167236636003722
423,0.48575643695471366,0.44967833076326624,0.5387523557292265,0.58398694600839,0.5398786216333143,0.6281762563917948,0.5705262532672588,0.5190649781571749,0.5870110655833406,0.6162181062383603
424,0.483452984302984,0.4515633388957597,0.5359986225512575,0.5842518935427439,0.5381007052993547,0.6309499089717925,0.5686492681774329,0.5195000258968494,0.5880383913675244,0.6156452543621471
425,0.48120253795266943,0.45343992228656255,0.53320335896769,0.5844560442157463,0.5362784496473978,0.6337284552028674,0.5667311914288601,0.5200104694107749,0.5890524488126051,0.6150047447485524
426,0.47900745094556446,0.45530470156757236,0.530369909362806,0.584599717171075,0.534413268846009,0.6365082934865396,0.5647741953014174,0.520595087235029,0.5900533686155449,0.6142963047153461
427,0.4230633782051842,0.5266679957985554,0.47659283489938525,0.5534182525505427,0.5034516174909324,0.6996452345594565,0.49733767919294963,0.5767737074579261,0.5596446217644314,0.6307897518246989
428,0.42395949669337807,0.5273414313173027,0.4748765767524962,0.5531154399193247,0.5001043949739182,0.7013869146577298,0.497109043315121,0.577949856593616,0.5607538258849116,0.6289843117240088
429,0.4320640232214511,0.5333148902944929,0.46870677514616077,0.5498144840304039,0.499409792302414,0.6999817242795593,0.5009508679860334,0.5843885704577614,0.5557817075812539,0.6250607178295348
430,0.43351158045332844,0.5337099438075433,0.46753331323607233,0.5493748419364926,0.49601398121176904,0.7013189091358376,0.5013797935925784,0.5853525122443254,0.556794559970783,0.6230651574143938
431,0.43504666624858446,0.5340608347982412,0.46646157506806096,0.5488975162031523,0.49263358661430107,0.702565511985303,0.5019201267844564,0.5862888337846477,0.5577986087581727,0.6210159546436159
432,0.4366664493978894,0.5343681219459377,0.4654929127773037,0.5483815065757807,0.48927245948018355,0.7037201478889715,0.5025741117171115,0.5871968868767007,0.5587928414186554,0.6189149800664272
433,0.43836796610642026,0.5346323212587498,0.4646283673632887,0.5478258522469057,0.48593443198804404,0.7047814918990378,0.5033437962660818,0.5880760626055285,0.5597762443008234,0.6167642047742503
434,0.4401481261761889,0.5348539048954768,0.4638686673548544,0.5472296358047322,0.4826233073231913,0.70574827467307,0.504231021975432,0.5889257909917274,0.5607478043411568,0.6145656978751213
435,0.46319658273701275,0.5402643526401073,0.4613662508239551,0.540948153483816,0.4866615693391005,0.6916649303178153,0.5233315912477808,0.5962006518682618,0.5503613232680316,0.6052674215215108
436,0.47159096100702175,0.5409176959321855,0.46166194732202154,0.5384264962511596,0.48572491001515733,0.6869683365626663,0.5310312064011573,0.5977873680780619,0.5482302285520394,0.6007417283663712
437,0.4740012768429632,0.540667432979419,0.46197931566003514,0.5373798903477458,0.48271568543043814,0.687007029534672,0.533316335913662,0.5981022342131412,0.5488728211400807,0.5983932326430157
438,0.4916432264576403,0.5411429278410638,0.46430962657159275,0.5322027582323294,0.4854554056735554,0.6727885922726219,0.5512637742753848,0.6002549777805541,0.5429623224221611,0.5900532818910375
439,0.4942045260401491,0.5406595557114706,0.4650843585208625,0.5308914153046569,0.4827536302943537,0.6722913266006452,0.5541979763236562,0.6002887138872617,0.5434235515098362,0.5876960227289612
440,0.49678755137152647,0.5401437992247714,0.4659288221574932,0.52952974532028,0.48011844196509784,0.6716835328130881,0.5572393469317046,0.6002893434570978,0.5438672275639439,0.5853299409966448
441,0.5371240925862947,0.5353411314293893,0.4769536315088839,0.5167363784886129,0.4937991353253577,0.6247370897907444,0.6046340793574217,0.6008255512504719,0.5305639093586249,0.5649943204915914
442,0.5395839450213358,0.5343646884332801,0.4782652736956941,0.5150057179522007,0.49199143189177674,0.6231464803745351,0.6085432890080357,0.6002258879716338,0.5306577650630351,0.5628687338911136
443,0.5420278538897189,0.5333644463065823,0.4795937558998744,0.5132462965644559,0.4902587105543349,0.6214506624449526,0.6125128339335517,0.5995897892261367,0.5307377264289549,0.5607636082378001
444,0.5901379847971275,0.5103259331956276,0.5014142607973247,0.4957931119548178,0.5165508983700113,0.531517803313857,0.6807997509012121,0.5922814188723812,0.5215171791349832,0.5282222867634802
445,0.5917087744184645,0.5088321549596494,0.5024202541858276,0.49429501117129077,0.5161857016779309,0.5289951400427347,0.6849756625707234,0.5906525840060314,0.5214038401603222,0.5269464070378802
446,0.5932276759466086,0.5073462786472626,0.5033813256170643,0.4928337117135058,0.5158727275736582,0.526418447920469,0.6891311334298904,0.5889743930373821,0.5212872347828286,0.5257192371495957
447,0.5946926169702416,0.5058706407895698,0.5042951095879808,0.49141262246748485,0.5156100901288059,0.5237906760131351,0.6932611783067406,0.5872473026312484,0.5211673547735702,0.5245417903255002
448,0.5961016058623755,0.5044076339026591,0.5051593911714408,0.49003504184359986,0.5153957602537884,0.5211149328650473,0.6973609470797704,0.5854718951825173,0.5210441801859157,0.5234150103939571
449,0.5974527335062172,0.5029597013365021,0.5059721049356734,0.48870414661693656,0.5152275737602413,0.5183944854376206,0.70142573696493,0.5836488829086396,0.5209176793428206,0.5223397696577871
450,0.5987441748024466,0.5015293316547395,0.5067313333288691,0.4874229812728358,0.5151032398652675,0.5156327574223853,0.7054510040088233,0.5817791115476149,0.5207878088705812,0.5213168668814064
451,0.599974189965346,0.5001190525715006,0.5074353045668965,0.48619444789809757,0.5150203500992339,0.5128333269045374,0.7094323737387656,0.5798635636366722,0.5206545137792536,0.520347025400804
452,0.6011411256161884,0.49873142447404106,0.5080823900639297,0.48502129665574817,0.5149763875773642,0.5099999233566211,0.7133656509245249,0.5779033613483111,0.5205177275897346,0.5194308913648584
453,0.602243415683261,0.49736903356238327,0.5086711014472588,0.4839061168784387,0.5149687365940805,0.5071364239453476,0.7172468284110499,0.5758997688620651,0.5203773725072974,0.5185690321163127
454,0.5866490983724325,0.42057688232594836,0.5229154762265122,0.5078797817906776,0.5594541342069065,0.41626042998687024,0.7630846872840135,0.5320962738030315,0.5522953292060162,0.5121444793000272
455,0.5849152393866323,0.42099352454006134,0.5213929394653019,0.5095956211251961,0.5595470766445729,0.4177169830782866,0.7646872940981511,0.5281949289483159,0.5525118122878024,0.5130079458326334
456,0.5743698110953404,0.41780054694155455,0.5192415151609152,0.5160275204669603,0.5587949763004952,0.43042819693668916,0.7615126367617607,0.5197615998955003,0.5564487028690432,0.5188576612006905
457,0.5723788677339361,0.4186281980060523,0.5174726798554095,0.5179045333164001,0.5586189826917316,0.43260939051474656,0.762588526656294,0.5159608644758465,0.5566544353169735,0.5196796869259472
458,0.5155513434202087,0.4175845976908484,0.5083075561720088,0.5378218039272514,0.5345975524697127,0.5325411834473198,0.7130260032319373,0.4946817056603887,0.5699179090796036,0.5524341386093381
459,0.5132249052882678,0.41936816631617774,0.505884565295322,0.5392926256609668,0.5333846931188719,0.53648200355807,0.7120012281714081,0.4920684581044208,0.5701298026142918,0.5525973586418433
460,0.5109208988565382,0.4211671833146655,0.5034259931247838,0.5407272992343483,0.5321369643268977,0.5404510250639054,0.7108631067237352,0.4895649492929306,0.5703230008723278,0.5526960716875592
461,0.5086420203647001,0.42297809230777644,0.5009338353338496,0.5421231583929219,0.5308559122525157,0.5444438749189057,0.7096122618953702,0.4871744333445208,0.5704975563767501,0.5527297345933087
462,0.5063909207694796,0.42479738419789603,0.4984102617883228,0.5434776853601493,0.5295431305308813,0.5484561648543325,0.7082493977539636,0.4848999238190486,0.5706535646775359,0.552697905378371
463,0.5041702003913793,0.4266216031835416,0.4958576161512349,0.5447885183672766,0.5282002585824109,0.5524835036071536,0.706775303638749,0.48274418648157635,0.570791159421225,0.552600242953493
464,0.501982403605397,0.42844735239391246,0.4932784145986945,0.5460534585919862,0.5268289798225196,0.5565215091199833,0.7051908586537247,0.4807097328873574,0.5709105073065057,0.5524365066191006
465,0.4998300135906288,0.4302712991360237,0.4906753436387276,0.5472704764823407,0.5254310197711296,0.5605658206606249,0.7034970364084773,0.4787988148113464,0.5710118029555568,0.5522065553474401
466,0.4977154471541238,0.4320901797502771,0.48805125702989344,0.548437717445089,0.524008144061137,0.5646121108094154,0.7016949099687362,0.4770134195418934,0.5710952637311834,0.551910346854227
467,0.495641049644734,0.43390080407288995,0.48540917180120796,0.5495535068800145,0.5225621563453409,0.568656097262774,0.6997856569761235,0.47535526605430495,0.5711611245297565,0.5515479364661597
468,0.4936090899730156,0.4357000595061338,0.48275226337971,0.5506163545447524,0.5210948961017372,0.5726935544018886,0.6977705648942243,0.4738258020759553,0.5712096325798874,0.5511194757914253
469,0.4916217557534786,0.43748491469980816,0.480083859836758,0.5516249582372097,0.5196082363374402,0.5767203245762118,0.695651036335994,0.4724262020505588,0.5712410422764512,0.5506252112010134
470,0.48968114858561657,0.4392524228497625,0.4774074352688748,0.552578206785555,0.5181040811919356,0.5807323290524687,0.6934285944256938,0.4711573660051106,0.5712556100791579,0.550065482129311
471,0.48778927949022804,0.4409997246215753,0.47472660233360353,0.5534751823385274,0.5165843634407645,0.5847255785811539,0.6911048881469875,0.4700199193188989,0.5712535895042807,0.5494407192030478
472,0.43698611653533154,0.46347078447070766,0.46055910946202144,0.545082867953916,0.45554158396670563,0.7259125310747034,0.5504224413577993,0.4946896958868095,0.566087240877634,0.5719120589907767
473,0.43679651580280116,0.46443625206008915,0.4585293285876882,0.5443078375486419,0.45309697491796674,0.7288309681599476,0.5471586022829392,0.49572367458028765,0.5663087256164525,0.5702865272842563
474,0.43669072859089675,0.4653406206594308,0.45658003244573003,0.5435010152584256,0.45068255557312925,0.731679123328835,0.543922576420435,0.49679917498444376,0.5665247080782402,0.5686016451406195
475,0.43666774192295416,0.46618349971204104,0.45471470333515,0.5426640663347859,0.4483011306665162,0.7344566226006165,0.5407198892721796,0.49791345948910215,0.5667349108093875,0.5668590968815304
476,0.43854087322131274,0.4675148661893351,0.44789631882144115,0.5405883768015696,0.44254582352413174,0.7378915735938639,0.5376656049913784,0.49915406858163835,0.5686643241292547,0.55872656147543
477,0.4387729950890771,0.46811861812417876,0.44637599465256295,0.5397043135490786,0.44042561903937993,0.740405988383844,0.5345494208838003,0.5003843368559516,0.5688247018890077,0.5567493878775184
478,0.4390801477017862,0.4686598425983687,0.44495302678383153,0.5387986528283238,0.4383521047134423,0.7428492300909326,0.5314881458744417,0.5016442366686392,0.5689767817664507,0.5547242602987494
479,0.43946054362762405,0.46913852320179883,0.4436296759097992,0.5378732736517823,0.43632770562413103,0.7452214480231392,0.5284873784719447,0.5029309114016867,0.5691200332201111,0.5526532164331657
480,0.43991227406237093,0.46955471100702517,0.4424079542774743,0.5369300619065275,0.43435477762596747,0.7475228475015504,0.5255526836032813,0.5042415197388799,0.5692538854147026,0.5505383391629838
481,0.4449346986413664,0.4783347203664386,0.4515308918853579,0.5244489237214455,0.42044703747608064,0.7840032062259172,0.474606874538823,0.5359608661451445,0.5530902302334247,0.5472873937462474
482,0.44640650222749384,0.4781229074117281,0.4515230643429658,0.5229594450480266,0.41814461692414523,0.7855361643613049,0.4740579064740635,0.5370704093173913,0.5531573717352399,0.5451671692056975
483,0.4479199402163421,0.47785817151224724,0.4516186449322939,0.5214614284252812,0.4159090274783667,0.7869930114741622,0.47365968093299216,0.5381522693030256,0.5532110687557901,0.543026756545134
484,0.44947200434121054,0.4775414862519917,0.4518153715963546,0.519955660344446,0.4137423439588064,0.7883729585702723,0.4734141661771626,0.5392053668960148,0.5532507399460395,0.5408683571441623
485,0.46198943810959614,0.48020202658795585,0.46198489791403324,0.5109798222233772,0.41678741642495015,0.7912797265569593,0.4752125395143079,0.5553940490886359,0.5386923422430229,0.5352009496901021
486,0.46389192500158466,0.47959352709337283,0.46282097670099076,0.5091684140271445,0.414531157316488,0.7920452547312737,0.4768935005282014,0.5559458774688885,0.5385800867689081,0.5332385932594771
487,0.49056724057242895,0.47948967057657627,0.47939305123891857,0.4912962017046556,0.43010386109561294,0.7678814651921341,0.5223539414467118,0.5720581929707107,0.512865418153443,0.5228104296111216
488,0.4925541720983251,0.4786779112428392,0.48067322513039495,0.488945107451261,0.42786019875091086,0.7672726115119314,0.5263444538807518,0.5717444323118994,0.5125055885795814,0.5213758881857299
489,0.5574677898062628,0.4630749189071435,0.4824169618440797,0.41403316028981435,0.4980315497731069,0.501462450068145,0.7448028748906431,0.5670151299147798,0.4822291427562901,0.5106374542547701
490,0.558062092266926,0.462531684727232,0.47986544070278286,0.40960954582013565,0.4997415244828798,0.482718081995835,0.7565813079086935,0.5619854139988117,0.4848191100240827,0.5112992481157946
491,0.5528735567726928,0.4590854165189803,0.4626159743240073,0.4050073584666216,0.510006221822627,0.4127518670686797,0.7928164996066887,0.5421756849434105,0.5056336443487469,0.5141381611860257
492,0.5516377998954767,0.460449721262087,0.46168942029564536,0.40508607516370665,0.5099835831378673,0.41219626567829437,0.7954489336307884,0.5381781427416219,0.5057390991083567,0.5147219682781369
493,0.5503701680699996,0.4618645679023568,0.4607126304492063,0.4052665059723886,0.509953353977814,0.41172204564183756,0.797993100349905,0.5341735796517604,0.5058302631167458,0.5152983689468883
494,0.5490721752665106,0.4633281693879864,0.4596866175117971,0.40554733543746363,0.5099141858513663,0.41133127487526483,0.8004501060116868,0.5301699916793721,0.5059060743272045,0.5158662644467686
495,0.5440241581334142,0.46463381550855026,0.4534256342518066,0.40965316557700776,0.511283279590959,0.40360118986605487,0.8074789569557705,0.5203176644577537,0.5118934221924886,0.5171158562459194
496,0.5425063683800994,0.46631149542103634,0.45219484917890923,0.41049133364981955,0.511309309364777,0.40406455190177687,0.8095595545046964,0.5162550088268206,0.5119252677144628,0.5175993336525836
497,0.5409702019392046,0.46802482359317105,0.45092229879717344,0.4114171833641499,0.5113196661946262,0.4046207015746149,0.8115543318120879,0.5122349787501708,0.5119366280789703,0.5180657567087718
498,0.5394175140506244,0.4697713977534189,0.4496093357820498,0.41242801232546666,0.511313389710448,0.40527003320028687,0.813464211470578,0.5082661435390259,0.5119265906634874,0.5185143008108927
499,0.5172644436814388,0.47329916747463724,0.4288902603894425,0.44184561037675113,0.5083114707188977,0.425238444141858,0.8152760200699581,0.47940636887128424,0.5315290689504572,0.520413059188748
500,0.5154412869878813,0.4752583283945916,0.4272486981246982,0.4437759489838902,0.5083200261443113,0.4284526406722123,0.815788603552343,0.4760224232711633,0.5313328544831044,0.520334448238563
501,0.5136412828260007,0.4772080648645558,0.4255944271047303,0.4457323352012902,0.5083122983161883,0.4317186566343422,0.8161921220786661,0.47277856489477993,0.5311108014537281,0.520219106392355
502,0.5118665288266121,0.4791456657138708,0.42392983350688224,0.44771134740727936,0.5082886939603704,0.4350329503082897,0.8164861945992802,0.469681030610623,0.5308622971174523,0.520067107131358
503,0.5083455440328006,0.48127282613706013,0.42102371778237013,0.4525857755176963,0.5072192492668672,0.44319806809226875,0.8149425952017056,0.46494724104660173,0.5317298135383908,0.5197999339571145
504,0.47830075504986014,0.4853682511948682,0.41063909872277793,0.49906589495713594,0.47229653404934746,0.5763757403745341,0.7363075950536875,0.444838815199233,0.5423323760914421,0.5167570303207948
505,0.46622859611371875,0.4834870034658835,0.44590043134318924,0.5137227262006137,0.4101798873880153,0.7723727573074093,0.5187034917173557,0.4794344715476071,0.5252797867323017,0.508713204795176
506,0.4671725922751705,0.4831684746469611,0.44634826719889004,0.5126447877729501,0.40908253455525406,0.7746260202251796,0.5156751222493378,0.48083480539741075,0.5248529464202781,0.5070742396640732
507,0.4751634401037235,0.4806527547523134,0.4697002521891524,0.5048734177783563,0.4064225324524254,0.8120619603096587,0.47020584445195873,0.503334657517732,0.5082671378380291,0.5014483831554948
508,0.47654143198349314,0.4798968920563518,0.47084375790354493,0.5032803058819703,0.40501885749795347,0.8138163022332476,0.4698120821873336,0.504312283658413,0.5078555243925537,0.5000163830505278
509,0.47793019333089537,0.47910013368896776,0.4720488488929546,0.5016935930230149,0.4037013475067877,0.8155011401919218,0.46958598155097914,0.5052561275531031,0.507435591414027,0.4985778365289114
510,0.4793274446077424,0.47826452375783346,0.4733110311308568,0.5001144529505848,0.4024705847844605,0.8171140518360249,0.4695272660519054,0.5061652189118635,0.5070072806658505,0.4971343092390475
511,0.48073094552620244,0.477392215256294,0.4746257113060733,0.49854406119585476,0.40132698658727917,0.8186524626538376,0.469635292013,0.5070386346875356,0.5065705479684924,0.495687370199606
512,0.48213849935150715,0.47648547024381877,0.4759882120192686,0.496983595309238,0.4002708057939053,0.8201136541786879,0.46990905112278714,0.507875497421037,0.5061253640963793,0.49423859015759924
513,0.4835479568774325,0.4755466595764464,0.4773937870909143,0.4954342350032377,0.3993021321120922,0.8214947733767719,0.4703471743086062,0.5086749736077661,0.5056717156135904,0.4927895399043212
514,0.4849572200613776,0.47457826216133203,0.4788376369193804,0.4938971621939737,0.3984208938087331,0.8227928431732006,0.4709479369225134,0.5094362721029094,0.5052096056448232,0.4913417885485563
515,0.48636424530788575,0.4735828637120775,0.4803149238285187,0.49237356093515566,0.397626859949004,0.8240047740673314,0.47170926522511913,0.5101586425827714,0.5047390545785064,0.4898969017469237
516,0.49064893405432897,0.4713091169934268,0.487386653456072,0.48918239746387715,0.3994350915069159,0.8273716950207791,0.47401733162144244,0.5154662826804837,0.49923839233291245,0.4873112766677401
517,0.4920592550625908,0.47026883549096343,0.48889952897830785,0.48756526717619736,0.39866127787674344,0.828191801821812,0.4756916095316852,0.5159296686052687,0.49875457953768204,0.48599865973543194
518,0.4964454547026698,0.46794944198487826,0.49531462856824365,0.4840473842364736,0.4012594595629709,0.8285163996474635,0.48250481672031853,0.520620931197165,0.4931026937630903,0.4837562284377865
519,0.49782526185287984,0.4669212396043727,0.4967828234329305,0.4823382479667123,0.40049004065153365,0.8288560458578396,0.48499228327284527,0.5208054789078911,0.49261172265613534,0.48260263464740694
520,0.49918726550495035,0.4658948019340532,0.49824139183415944,0.48064480553333333,0.3997972254290691,0.8290700372950046,0.48759900316636695,0.5209438677416723,0.49211682683767166,0.48146541947516736
521,0.5005301081892105,0.46487347532933687,0.49968581092540565,0.4789683286654783,0.3991799564255487,0.8291549252357143,0.4903193398543558,0.521035924182804,0.4916182627176834,0.4803458440637018
522,0.5060154827430321,0.46219420586938975,0.506010104010465,0.4743414067589654,0.40423209476535715,0.8224708382499961,0.5065397942872953,0.5263239895104163,0.4838664513303343,0.4785445597758704
523,0.5079207888072103,0.46065139517173037,0.5079075375478801,0.4712407421706134,0.4020664775548952,0.8223796620883749,0.5112851897073184,0.5250529266447472,0.48390182223592093,0.47685823616433054
524,0.5091310179534722,0.4598033099522212,0.5090972419703453,0.4694989539775619,0.4015230708891778,0.8214867715783845,0.514833432940758,0.5247177689092081,0.48340696001618194,0.4760101125032612
525,0.5173950938837857,0.4571955950114208,0.5133333043452105,0.4607694971122061,0.4128023415822214,0.7920842250668108,0.5540579833524443,0.5321514002474834,0.47032463279376374,0.47611881139977563
526,0.5183869981980681,0.4567969823099547,0.514011425230668,0.4587968698580646,0.411944936223521,0.7898492703511806,0.5582081038727927,0.5311969469305499,0.46987325482279396,0.47574497854452236
527,0.5193447976140662,0.4564530622976152,0.5146291419877521,0.4568483363025843,0.4111325442756152,0.7874473888251704,0.5623555180327721,0.5301965820760777,0.4694284892900875,0.4754011916681521
528,0.5202678368030877,0.45616658237791513,0.5151846028350037,0.45492568977303477,0.41036372797490367,0.7848790705929934,0.5664942556383008,0.5291509899198302,0.46899064901330006,0.4750877130747602
529,0.5211554808612929,0.45594018801489156,0.5156761674411217,0.4530307174692666,0.40963701589833945,0.782145148569946,0.570618567486691,0.5280609357620948,0.4685600405802653,0.47480475740101086
530,0.5292963353967219,0.45846575268364204,0.5052066420738746,0.4362371372439193,0.42586529582234106,0.7021483667244445,0.6371602379541568,0.5337258882781296,0.45476340666476617,0.48207160694441625
531,0.5314317044523662,0.461458779103359,0.4977005357265457,0.42714639255497705,0.4304343754314088,0.6636458010676425,0.6639331050285338,0.5330630483818479,0.45132810349363,0.486444197662307
532,0.5316103475504127,0.4625191602667268,0.49710244181984276,0.4250713311569374,0.42915545626672547,0.6590642049240489,0.6674729383149686,0.5308621675245611,0.45108453032456924,0.4869532235106444
533,0.5317438073098393,0.4636521981313288,0.4964428462551404,0.42304124009010363,0.4278863946484327,0.6543915363298163,0.670934005097403,0.5286309804774076,0.4508540511419096,0.487483329232071
534,0.5318318717454888,0.46485749027950685,0.4957226420654246,0.4210579429969302,0.4266264588173637,0.649633703155671,0.67431592732308,0.5263724803014028,0.4506364540243567,0.4880335962739324
535,0.5315368777322402,0.46871181963816083,0.49644806682825465,0.416432936960462,0.4197710342598921,0.6457864858202941,0.6776055695917248,0.5169341517573307,0.4507933912247655,0.4883093272898315
536,0.531483179358673,0.4701490329372862,0.49552007433099166,0.4147018726356676,0.418600622551433,0.6406876027704803,0.6806910759939196,0.5146860016165663,0.45062121051810167,0.48889609437355913
537,0.5239354080171125,0.49792096492006455,0.42483346715312537,0.37605104275605644,0.43171147916620894,0.4469171455336815,0.7931998569524756,0.5085447650757322,0.4522729020374075,0.5174567839835754
538,0.51917355879832,0.505138429600214,0.41015348421866216,0.36881670084694007,0.43121379737829457,0.4235280117132708,0.81081556385472,0.5027014422697221,0.4550793503383277,0.5222582073257853
539,0.5054451913118193,0.5189331109519102,0.37537827772411353,0.3544957613270463,0.4289845104734119,0.39580044199568265,0.8452379972818426,0.48936049509697027,0.46568318120623947,0.530604904909035
540,0.4805418252269974,0.5302360068323043,0.34795690638525834,0.350993861707995,0.41634105296889806,0.4772781872691658,0.8282711117512337,0.4601579051266128,0.48889497692190553,0.5286333909161841
541,0.47895072669168565,0.5315082146795087,0.34874640422410164,0.3519686302029136,0.41694995103261745,0.48878518376643215,0.8223812184921173,0.4566993070951459,0.48961183194181707,0.5274628877973511
542,0.4782118485519716,0.5327187600871136,0.3490763770896021,0.35223603822445076,0.41857209407616175,0.493087507520094,0.8208068928418111,0.4547097198866746,0.48934915344902186,0.5268762406132124
543,0.4757981452046042,0.5290039722125253,0.37162935618808984,0.3663964224016999,0.4095930142449171,0.5882680028589253,0.7402039430872444,0.4420747651303196,0.4962686777036538,0.5149983474553476
544,0.4760395832337481,0.5293019217132462,0.37305378191405286,0.3665701551598565,0.41221098187014205,0.5923034252902949,0.7363302120672527,0.44137355590811844,0.4958510894779241,0.5138996722213461
545,0.4763532035056016,0.5295224880549341,0.3745419128463721,0.3667501511732075,0.4149158309490577,0.5962726369508305,0.7323695352973292,0.44081089437911075,0.4954164297120593,0.5127641148131394
546,0.4767368637419483,0.5296656946945638,0.37609285831557643,0.3669382918592095,0.4177058769999913,0.6001752212384122,0.7283268643367483,0.4403853001079036,0.49496365606160536,0.5115926083467831
547,0.47718826821816934,0.5297316386454203,0.37770560856976837,0.3671365436185963,0.42057927175452064,0.604010751147811,0.7242072360816576,0.44009508727891256,0.49449174246632077,0.5103860948596214
548,0.4777049760894495,0.529720493533693,0.3793790360540598,0.3673469541267333,0.42353400746342734,0.6077787815390119,0.7200157641272489,0.43993837116737217,0.4939996821056126,0.5091455251451361
549,0.4782844101659969,0.5296325127886906,0.3811118970078969,0.36757164829714245,0.42656792167109914,0.6114788417157563,0.7157576298306522,0.43991307485965847,0.4934864903929333,0.5078718587333376
550,0.4789238660983724,0.5294680329434069,0.3829028333783688,0.3678128239197181,0.42967870244179346,0.6151104283607419,0.7114380731041695,0.440016936198991,0.492951207996099,0.5065660640032421
551,0.47962052193213883,0.5292274770205194,0.38475037504642556,0.3680727469771912,0.4328638940190577,0.6186729988720207,0.7070623829700826,0.4402475149328821,0.49239290387034235,0.5052291184132559
552,0.48037144798932085,0.5289113579773358,0.38665294236174613,0.36835374664447956,0.43612090289752287,0.6221659651430449,0.7026358879096932,0.4406022000390606,0.4918106782908215,0.5038620088346385
553,0.49230302281218535,0.5157378238202857,0.4305607273507454,0.3920342602076868,0.4304296468566253,0.6983196124969165,0.6097967332721547,0.44138665066022903,0.4867727152693488,0.4851063370768278
554,0.5015328945423538,0.5045898048499357,0.4616355321565112,0.4090905237021254,0.4282923149593413,0.7447696849217759,0.553974230358116,0.4454567792556178,0.4809254240689944,0.471915718616172
555,0.5027478850455694,0.5032443962296694,0.46410096215956453,0.4093594551475916,0.4318401995576942,0.7472005853831394,0.550260979076908,0.44666193743113747,0.48016759830137756,0.47040642425163315
556,0.5039569226968176,0.5018580037303324,0.4665680320089537,0.40968593281500165,0.43544947460330585,0.7495453824137736,0.5466489583131524,0.4478914168660615,0.47939498308443085,0.46888764961918705
557,0.5051574820865009,0.500433564744222,0.4690333272681303,0.4100722909040812,0.43911612187862975,0.7518006517439184,0.5431408678832909,0.44914208524482524,0.4786075182884464,0.46736074998724564
558,0.5063471207177975,0.4989741486626118,0.47149345811397975,0.41052079148301257,0.44283607408236786,0.7539628844283571,0.5397391649807698,0.4504108291175624,0.47780518159962315,0.4658270888602233
559,0.5103515955470864,0.493735904623767,0.47912821020390706,0.41159996593383813,0.45871822835997406,0.7586986830216901,0.530143746085931,0.455348598055654,0.4749212567222745,0.46049021560153236
560,0.5114611737129751,0.49215489798477136,0.48153066154980567,0.4123902028964592,0.46266132868523363,0.7603781052743187,0.527207496324424,0.4566793821310785,0.47404137382118217,0.4589302651068396
561,0.5125478584072329,0.4905580301518972,0.48391017065556075,0.4132539615476157,0.4666328650174153,0.7619437690704476,0.5243856812842745,0.45801228096730656,0.4731467268098664,0.45737118291231776
562,0.5136098320554348,0.4889491257316736,0.4862637199809595,0.414192864010819,0.4706286864234907,0.7633920519077853,0.5216792516835257,0.45934434190982776,0.4722375576057287,0.45581435812039706
563,0.5177148462939882,0.4829562064225574,0.4980432744104984,0.4246458955714277,0.4718595718543523,0.7767244458200002,0.5081578129836483,0.46262657584905165,0.46785565572591664,0.4493715639180203
564,0.5186594251519954,0.4813675233949434,0.5002045487501411,0.4257637679645644,0.47573066527920016,0.7777221342524813,0.5061649361722612,0.46385001036559853,0.46693552763274937,0.4479189276509446
565,0.5195722032002439,0.47978879956670484,0.5023247672245523,0.42696059446016044,0.47961358025329337,0.77858676367659,0.5042930181788015,0.46505376190830056,0.4660052478680939,0.4464762799897518
566,0.5204520881892066,0.47822425941653507,0.5044014400966181,0.42823715810743423,0.4835044209722139,0.779315008170884,0.5025413448267796,0.4662353576577976,0.46506529590139095,0.44504491857499956
567,0.5212980850829662,0.4766781583875059,0.5064322000374912,0.42959409541048066,0.48739934633829984,0.7799036865273854,0.5009090108406454,0.46739238357379637,0.46411618445481745,0.4436261245568335
568,0.5221092935534429,0.4751547715139676,0.5084148066423939,0.43103189253468815,0.4912945756459362,0.7803497798199087,0.4993949290550261,0.46852248637386545,0.4631584585889507,0.44222116046548926
569,0.5228849050684299,0.4736583816470205,0.5103471505278415,0.4325508818493134,0.49518639378205503,0.7806504485127111,0.4979978400509107,0.46962337546665534,0.46219269469475444,0.44083126805266704
570,0.5236241995998283,0.47219326732111033,0.5122272570032661,0.43415123882507,0.4990711559309662,0.7808030490239537,0.4967163221685279,0.4706928248412996,0.4612194993956835,0.4394576661119318
571,0.5253477157374306,0.46928170829531474,0.5169202480821641,0.44044731248627705,0.5014746700148597,0.7840632900163321,0.49354991623898936,0.47255419656139336,0.4586556563823069,0.4362674739741845
572,0.5259793747817828,0.46794397139660693,0.5186148726901837,0.44221910245347157,0.5052475723152565,0.783814352884531,0.4926835771671566,0.47349076190882416,0.45768459546693335,0.43498514257329085
573,0.5265730882775085,0.466654047335594,0.5202505948320754,0.4440702232334527,0.509003126959702,0.7834099806205385,0.491926602432971,0.47438651875854576,0.4567096769967661,0.43372380308643044
574,0.5336283328220793,0.45688449747992504,0.5377420831494802,0.48829121196360986,0.49772545982098876,0.7973052220961151,0.49208842459061436,0.4825750296908197,0.44191812253229434,0.42070668008751355
575,0.5338592202723098,0.45641142726035855,0.5384782678456108,0.4901727448446353,0.5004862748559367,0.7956627188376633,0.4930719199124435,0.48264375803809423,0.4411819172113549,0.42009746521043256
576,0.5340548337906703,0.45602225139864155,0.5391464916223987,0.4921086380709327,0.5032238275108067,0.7938688615878642,0.4941326363666935,0.48264951698961267,0.4404577745563663,0.4195177988444544
577,0.5342151389449288,0.45571918923435895,0.5397470062435646,0.49409705795346975,0.505935748777454,0.7919248068169005,0.4952672921401242,0.48259200626391435,0.43974638284507134,0.4189678969386847
578,0.5360559481482162,0.46179582518047646,0.531339422269395,0.5486275991691987,0.48463453709016047,0.7581592652375418,0.5425098741873909,0.49117470670160246,0.42496394362521617,0.4218218233459337
579,0.5357323994306393,0.46298085164854447,0.5305894289511933,0.5498143444527612,0.4856484915464739,0.7548805735955159,0.5451484738777763,0.4896641629195179,0.42492155452474223,0.4222809366832144
580,0.5353727040167539,0.4642438038458932,0.5297889668904993,0.5510107800399929,0.48664090326143844,0.7515123939052707,0.5478043858819315,0.48809792965415666,0.42490593238758967,0.422758255350123
581,0.5349763668086631,0.4655827159225857,0.5289404021543501,0.5522155124783188,0.48761100841995747,0.7480592207544803,0.5504759461901328,0.4864781916546672,0.42491694878916625,0.4232528575319923
582,0.5345429018052006,0.4669954084988312,0.5280462092785624,0.5534271676608988,0.48855810093178254,0.7445257076235074,0.553161654978528,0.48480724939216263,0.42495443557132806,0.42376380519137297
583,0.5242328804634339,0.4950420949494082,0.4769229881323505,0.5750198453892758,0.4746190382241997,0.6507298812224935,0.6333608947687598,0.48692001356870995,0.42600731517000606,0.45422225034756075
584,0.5231255664112435,0.49719900032091496,0.4750621355469246,0.574863139003035,0.4743713370843337,0.647377483351747,0.6364240273767081,0.4841710698273105,0.4267819222581896,0.45518921691975545
585,0.5219801539140612,0.49935991975117916,0.47320097594516297,0.5746975151906263,0.4741198197733819,0.6440244735654161,0.6394775751557504,0.48142390241313926,0.42757630855640194,0.45614410507000225
586,0.5179329389588879,0.5063569115728741,0.46026420038111604,0.5736935369024478,0.4735726306658669,0.6242723316190324,0.6563847156422826,0.4788628187601614,0.43003750519936795,0.4633540876039383
587,0.5136118693603129,0.5130912935421794,0.4599616777432099,0.5728454902274358,0.4722280628222878,0.6213201891622293,0.6602305344938552,0.46510509433630914,0.43318483536042757,0.4628711239008742
588,0.5097410421790769,0.5189765834358822,0.44903754455027434,0.5717525609542804,0.4718532132103726,0.6053055627131421,0.6746144957383825,0.4626549299880675,0.4354790216451328,0.46852516476773887
589,0.505643989919463,0.5240157333678978,0.44901886956369,0.5709361652231412,0.47077628084770184,0.6025635526271974,0.6778274473303555,0.45259593762153894,0.4382725201605924,0.46812241499698726
590,0.5041224315135664,0.5259026587230662,0.44739601735654494,0.5706006316941872,0.47054448256985454,0.5995269014451149,0.6807615027545847,0.4502742250584432,0.4392191293211984,0.46885926511846227
591,0.5025854829899088,0.5277460372704469,0.44581473241997926,0.5702608973315098,0.470325569240977,0.5965255347838668,0.6836841249343157,0.44802484302192425,0.4401655574341903,0.4695739367853664
592,0.5010355263728589,0.5295433013873547,0.44427744099330846,0.5699171667019794,0.47012083704472335,0.5935610522727262,0.6865947390490899,0.44585283395320485,0.4411104007712283,0.4702659786980843
593,0.49947502245259884,0.5312920380856788,0.442786458687788,0.5695696039129822,0.4699315874036988,0.5906349080601228,0.6894926567912086,0.4437631721828009,0.4420522790913329,0.47093496577829336
594,0.46115344865039515,0.5520196094982716,0.3792550031927914,0.41347487372784003,0.5505192753460522,0.582516936915649,0.7608903728814231,0.45161841406901665,0.4549796332482167,0.5176330323369748
595,0.4616862218227978,0.5517296892235453,0.38075487355947596,0.41109471804347675,0.5536940451073316,0.5839870489526595,0.7579006118740013,0.4521918646002096,0.4550927185276235,0.5168756368761874
596,0.46292508086963857,0.5506070388127278,0.385921483459411,0.4044009672467999,0.5582806698286178,0.5893851282071367,0.7487390419423304,0.4530409189264346,0.45477364064082604,0.5151932371101536
597,0.4636828850401809,0.5501573464881665,0.3875944140686794,0.4020342565914639,0.5615238425836973,0.5908252053112024,0.7454543742417447,0.45390855381178236,0.45479413867070134,0.5143396906493198
598,0.4645147977264167,0.5496507098624911,0.38931463055503795,0.3996640594527165,0.5647555969351283,0.59222940115612,0.7421025801036639,0.4548941460025491,0.45478357618964815,0.5134531195687246
599,0.46541772159566974,0.5490867991054197,0.3910798000676259,0.3972936864511316,0.5679721287029948,0.5935960701384949,0.738686813372891,0.4559947833582108,0.45474150255386947,0.5125341268833254
600,0.46638841929438896,0.5484653446500212,0.39288753708641505,0.39492658552001697,0.5711697510924806,0.5949235037537525,0.7352102480120698,0.4572073906739359,0.45466754074445415,0.51158334844899
601,0.47622208270481936,0.5379743865300263,0.4297027576811409,0.3638421061290193,0.5815349135739217,0.6289330703474328,0.6744057586396376,0.46057122147660035,0.4479081425644704,0.4986825333943791
602,0.47760929365951116,0.5368105764894202,0.4318820088389234,0.3622007962271297,0.5852252765047262,0.6302746753756847,0.6701023809734721,0.4621704736839291,0.4475441648785775,0.4975199130416686
603,0.47902656914703845,0.5355895814102749,0.4340678507017378,0.3606103407003845,0.58887878614876,0.6315376531887076,0.6657908685015301,0.4638381491480441,0.4471544465807566,0.49633363315801066
604,0.504865736179956,0.4956439780240069,0.515810095337945,0.3554830668811272,0.5931989718147845,0.7116573207131986,0.5255227974762732,0.46692801706652737,0.42950894950532637,0.45448181242677266
605,0.5061091935988463,0.4938030986532234,0.5175188252797694,0.3568694411824305,0.5977931244712409,0.7117960059902515,0.5219977932538749,0.46825981181216325,0.4289236313912308,0.4533666776432086
606,0.5073239612412689,0.49196783188166376,0.5191775236365569,0.3583701669499856,0.602345556521216,0.7117480841448557,0.5185534164686966,0.4695746173158611,0.4283374571074012,0.45225226171862215
607,0.5085084739405955,0.49014232402537977,0.5207857163234287,0.35998617623090573,0.6068551502519832,0.7115112630968198,0.515190284398056,0.47086990198802137,0.4277511447613328,0.45113956310385844
608,0.5096612653846955,0.48833076193161085,0.5223430195168839,0.36171818262399574,0.6113209483333455,0.7110836178734162,0.5119089158572825,0.47214322203288017,0.42716542873193986,0.4500295694247141
609,0.5137723975012801,0.48042175602264037,0.5319875000625106,0.373502419630523,0.6139415374313183,0.7204320451987983,0.49568712415360894,0.4729255505182181,0.4247402507466962,0.4425057003834146
610,0.5249642075716436,0.4600309351298806,0.5536400963103719,0.49244243357589684,0.5809794224285599,0.7548888440371565,0.4771719287307517,0.46483118414856467,0.4249206105866103,0.4151124905513544
611,0.5249001063210083,0.46045017976910435,0.5533983354140749,0.4957462319972223,0.584072335137177,0.7512821202323244,0.4776984528022414,0.4641744468739206,0.4251839904052576,0.4150628742148837
612,0.5247963515300504,0.46096068929087036,0.5531313485171078,0.49906178031618087,0.5871046039119636,0.7475381819424364,0.47829267948299287,0.4634668952411068,0.4254683475964734,0.41502468413194066
613,0.5243121570278014,0.46438463229756255,0.5498641239270675,0.5193950454959912,0.5809884853774331,0.7401155622059212,0.4873447519849099,0.4606758534237967,0.4279208608949636,0.4154446335953394
614,0.5239867022997833,0.4653706330206941,0.5494027128923982,0.5225018210503461,0.5835200840547896,0.7359790178787042,0.4884356241304738,0.45965725438790145,0.42837630534195253,0.4155447476183455
615,0.5235148321323283,0.46710469918811387,0.548264967801852,0.5283472616051162,0.5843449258068949,0.7308317184934783,0.49125493864463077,0.45822740283602637,0.42926418830239943,0.41585106169088915
616,0.5172459532957248,0.49106909134545873,0.5314065175377046,0.5813928141900344,0.5744023775445143,0.677911472609812,0.529430528204772,0.44419529952581144,0.439532202978036,0.4227449260508703
617,0.5162100966417158,0.49301477040394653,0.5307533812240551,0.5835235012065929,0.5753599102736715,0.6734549336735731,0.5316027092436414,0.4425587169066947,0.4403846938379835,0.4230870772599182
618,0.5151377993660683,0.49498321359026554,0.5301328589479168,0.5856101796068933,0.5762507377912175,0.6690032292224983,0.5338098924905342,0.44091788004036486,0.4412448450027112,0.42342656842017873
619,0.5140296529690016,0.49697054914476124,0.5295473545087681,0.5876521102971745,0.5770746864467206,0.6645615796011494,0.5360505506642326,0.4392756843827344,0.4421115944990689,0.4237629564377351
620,0.4931464399195213,0.5429560610519446,0.4587537914376342,0.6544923287459821,0.5112180787672702,0.5808244380668659,0.6444552688439615,0.4231466024966413,0.462491354652486,0.4623351995240591
621,0.4780847846079247,0.5551999166416568,0.420237655358222,0.6685756133703926,0.512099871544524,0.5534936153370369,0.6946098161299964,0.42128327228594464,0.4692087168709419,0.484924122520049
622,0.47641603356673035,0.5556203437457136,0.41969299990150266,0.6683101931310066,0.5131655513695503,0.552455452269446,0.6965294840790974,0.42065241016120847,0.4703891445710202,0.48505708943982473
623,0.47479875216820544,0.5559939251884554,0.41924986720269675,0.6680351854277858,0.5142880464101216,0.5514334070296618,0.6983818862129619,0.4201462641174923,0.47154105920598216,0.4851558767411757
624,0.4732357527843579,0.5563222742067453,0.4189083470066182,0.6677494855877718,0.5154668951101755,0.5504269338894389,0.7001649918979621,0.4197669645118578,0.472663569278437,0.4852206721556107
625,0.4707619913604377,0.556580581992988,0.4198326229371159,0.6669546046215643,0.5171038386763023,0.5490174339318731,0.7018642379394827,0.4191720629671739,0.4747901884214592,0.48443277107068516
626,0.4693574915975952,0.5568044743602271,0.41978240954908225,0.6666549219043663,0.5183980523684051,0.5480224741039702,0.7034808384466541,0.419143665499239,0.47582600767761973,0.4844082132834536
627,0.4663028544142329,0.5567416169003402,0.42260934534771044,0.6653370869058417,0.5206114771095991,0.5461128166446662,0.7047892660155943,0.41926109692465063,0.4788901728271163,0.48270275548842484
628,0.45721207247955337,0.5616949104502218,0.4113421432249608,0.6400061201021555,0.5742752463878302,0.5545464276628388,0.7282613395838845,0.4374004487334255,0.4680463624438736,0.4986421403779712
629,0.45779428716855547,0.5604754129259346,0.4176605117605555,0.6300139197309316,0.5865872536927801,0.5518359313595259,0.7212017920848696,0.44954910122356967,0.4712257687545452,0.49450466772623164
630,0.45818564754137375,0.5602399786045449,0.4189900118106303,0.6278323721422024,0.588816483999874,0.5515050573139164,0.7196093392049744,0.4520676780578621,0.4715857747051615,0.4937812388661999
631,0.45879097346224124,0.5600705299300188,0.42128547824215845,0.6234045237171182,0.592382043681724,0.5522017062717441,0.717178235900696,0.4554463762940966,0.47118150845196877,0.4929543934903186
632,0.4593660399637564,0.559816355983702,0.4227385401835902,0.6210211312089703,0.594497342685768,0.5518682582451481,0.7153614381342519,0.45817108969922343,0.47146700568039385,0.4921698282803591
633,0.4603752539685464,0.5597004315681352,0.4263425033716303,0.6138066843303689,0.5990974723072824,0.5537278525713046,0.711642212055088,0.46255347072655034,0.47013598069301415,0.49104116972395995
634,0.4611445389574777,0.5594205215245464,0.4279079848102599,0.6111855235587085,0.6010557712337866,0.5533954053254886,0.7095459123152811,0.4654721441658088,0.47033907459097013,0.49019636232508795
635,0.461981275690538,0.5591303837645186,0.42951672926563395,0.6084903020464764,0.6029469984823109,0.5530546496752242,0.7073820875326182,0.4684652591414903,0.4705125188746614,0.48932958407063415
636,0.4854195233232546,0.5075210890439463,0.5593705481188664,0.4197204440509596,0.6484748229137917,0.6712274331715891,0.49669096157081805,0.5107068935193092,0.42846957010008,0.44121108255207775
637,0.48665599792419645,0.5055643082522515,0.5596828986379055,0.4215044387552256,0.6514467737300599,0.6692514045112897,0.4934270060704795,0.5118192041544052,0.428819323631458,0.44061712971799294
638,0.487877872665805,0.5036154633754274,0.5599595634656253,0.42339923313196576,0.6544176890760005,0.6671056118875929,0.49024855941153717,0.512885795849047,0.42919139698992886,0.4400252802325109
639,0.4909295365337358,0.4681864398833775,0.5631322182544243,0.4706441586434035,0.6628125419121284,0.687320121931463,0.4540633270147665,0.5056096565406012,0.4516637857924417,0.42901311860111446
640,0.4915016166476743,0.46729327815912464,0.5630273462602658,0.4746022917469026,0.6665159646065042,0.6833413087886645,0.45295550376296184,0.5054522778313253,0.45263976298028336,0.428690484200923
641,0.49156064576340774,0.4636540488138421,0.5603083207658892,0.4934702450885991,0.6665874458825087,0.6797515347527527,0.4542321447088673,0.501440849089005,0.4602841979461507,0.42826063721022145
642,0.4919128721360393,0.4632606021203558,0.5602859590902389,0.4974310496532607,0.6700234552431554,0.6753034638064257,0.4537333470228567,0.5009878368160263,0.46137230368894333,0.4279873447783623
643,0.4922344357697597,0.46294156526200575,0.5602978450788325,0.5013797426894477,0.673402936180036,0.6707501053656352,0.45331638184905226,0.5004966573756435,0.462469227161952,0.42771814746727305
644,0.49252485584232636,0.46269721426528365,0.5603461551966379,0.505312176578751,0.6767234708493575,0.6660986158672204,0.4529798335949091,0.4999681622346761,0.46357377754607065,0.4274533454973178
645,0.4927836763922816,0.46252766041892024,0.560432924467445,0.5092242615892925,0.6799825464182065,0.6613562624629175,0.45272219049521817,0.49940321173982355,0.46468474120108133,0.42719323973599754
646,0.493614761324412,0.4623695001665626,0.5617491775814649,0.5168003233898419,0.6909287716485132,0.6472374900086945,0.45058877022470917,0.498887394663241,0.4660409742142238,0.4263027279714732
647,0.4781169111014393,0.515498247360576,0.51248894402968,0.6235068128037742,0.5712985611040376,0.5787566623031497,0.5592186836964922,0.4438005140118746,0.5113878535631164,0.45490432138326065
648,0.4770645176214269,0.51676216428021,0.5136730080293584,0.6244678584646891,0.5707602867871281,0.5755972498151344,0.5611542783079807,0.4429466905311344,0.5123274200136144,0.4547364604828311
649,0.4642088304166798,0.5512515057594676,0.4674931002908954,0.6836259762545001,0.5351771821245022,0.5301668212012358,0.6292039121595647,0.42853153846495506,0.5111324186693103,0.4795793829098496
650,0.4634268977430569,0.5515933769504302,0.4689490170329624,0.6842902562146013,0.5361482556390815,0.5289498412158169,0.6301841086107057,0.42953539832998544,0.511803654541906,0.4791522900442584
651,0.4601245882020848,0.5598182448021657,0.45680500509326954,0.7046700069337246,0.5506414383381688,0.5217291891675115,0.6464052009105246,0.43592710051362105,0.5051548119821014,0.4855457859529327
652,0.45979932069978235,0.5599247847185175,0.4583953629168774,0.7049571970977094,0.5525525725755319,0.521019947889736,0.6464532554779326,0.43797010192139135,0.5057066150561842,0.4849460845694098
653,0.46491287084935196,0.5723308486705547,0.4922901177927952,0.6386561767110384,0.624715316865346,0.5607426343843998,0.6085563991880016,0.48844712921508576,0.45782776878876724,0.48005625569376514
654,0.47495153537338664,0.5530153966549591,0.5442297944539474,0.5258046605985929,0.6416687358942798,0.5992390096482894,0.5299865760673141,0.5141017162602299,0.4346116223389868,0.45988474194933265
655,0.48037605524641697,0.5318266138421415,0.5618690107668102,0.48875428063259174,0.6547518012845595,0.6129124957527826,0.49075942010453055,0.5222903333646035,0.43301792748361867,0.44873295710774647
656,0.4817896170424322,0.5298606987665196,0.5618864190575886,0.48878388920943416,0.6560585104002546,0.6101461243340826,0.48780440478189474,0.5236050016828997,0.43342277901517756,0.44799901282038984
657,0.4832012901456325,0.5278865885721061,0.5618725625311886,0.4889134929776495,0.6574028288140434,0.6072691082263375,0.4849317979572757,0.5248753381225713,0.4338471598677938,0.447266844938519
658,0.48730563536501065,0.5047962666378394,0.5699569182668072,0.47960924496057583,0.6781611001957113,0.6142341176418706,0.4586974602950628,0.5285687285835251,0.4410608097056258,0.43836613888149395
659,0.4885100190018883,0.5028593817185955,0.5697457913339086,0.4816712184313263,0.6806660298429095,0.6104499777017907,0.45654571352595363,0.5292392774507234,0.4418217293911022,0.4377754149307807
660,0.489938395630777,0.4984493847768525,0.5700211723220938,0.48428478109601636,0.6860079265867595,0.6074077655974386,0.45249927503553666,0.5299149998815117,0.4440243485056192,0.4363691837565529
661,0.49107466920547693,0.49661287392506903,0.5697836088040695,0.48671152073569857,0.6887376672657932,0.6033517299517381,0.45061188443697864,0.5304425339687502,0.44487099416556153,0.4358086738767123
662,0.49219066397996325,0.4948150734664135,0.5695371069470121,0.4892189694421015,0.6915211681930216,0.5992092288653772,0.44881649843420657,0.5309299306479427,0.4457410326192719,0.43525555547301076
663,0.4940845860196861,0.4722066961799829,0.5689349423087354,0.5160776169157967,0.7224617873920942,0.5978177753691232,0.4402312375883382,0.5268115550157124,0.4697670067673867,0.42987119027137455
664,0.4946618731505745,0.4713519706575835,0.5689516175846362,0.5199078078331573,0.7257762934742829,0.5929515286238475,0.43958682659226844,0.5265569167072633,0.4710306828829961,0.4295258556641183
665,0.4932472998314354,0.46706705027672224,0.5634581371762085,0.5518958553928658,0.7285467364187396,0.5827512046490481,0.4500985983214818,0.5148610803196063,0.49419665018878245,0.4315728492064759
666,0.49328497020041984,0.46724415236871913,0.563983106502115,0.5553224938935604,0.7307788080472746,0.5778494045753236,0.45035775869317474,0.5140435932927757,0.49554336720016023,0.43135394323830145
667,0.4932905451542424,0.4674828651604046,0.5645648977678469,0.5586770069373515,0.7329073824840662,0.572966253313466,0.45067070655849684,0.5131945522664256,0.49687711626025355,0.43114444053028333
668,0.4923806218218014,0.4695616635412279,0.563197405642971,0.5680203629433831,0.7291910640200301,0.5655131749570647,0.45619766397114103,0.5079612381377681,0.5033821130056004,0.43253542361476033
669,0.4918041484366171,0.4711364352334641,0.563157704195068,0.5731320757077376,0.7276544530863226,0.5596384598273121,0.45901843746473764,0.5050630814165428,0.5065992462501162,0.4331034543857848
670,0.49153955982320385,0.4718256109487026,0.5640989527785162,0.5758850365264884,0.7288039952565327,0.5550132987900962,0.4596740461590426,0.503992948871408,0.507839016662509,0.4329497690104005
671,0.49124507651899185,0.4725630417485556,0.5651031336972416,0.5785521413063117,0.7298255209106645,0.550441537910304,0.4603614588603865,0.5028990065864127,0.5090536543282108,0.43280591647523087
672,0.4909208958871503,0.47334734190492883,0.5661693367880035,0.5811329455347389,0.7307171931375555,0.5459282012157746,0.4610774712878203,0.5017823015837852,0.510241925666313,0.4326722487202356
673,0.4629424952454253,0.5653782245930622,0.4850673838812916,0.7107979966739064,0.5426730474654975,0.4889058837802089,0.5610461426981521,0.43751049379301726,0.5149180378346307,0.4897719808087157
674,0.46099599230568605,0.5715068255242214,0.4867888633925558,0.73058473708245,0.553724200605661,0.4886837841087774,0.5600572095234142,0.447906027161983,0.5112853889915913,0.4895674665617602
675,0.46089825117510974,0.5719177086259152,0.4885613294499936,0.7317545552961199,0.5553847397978808,0.4884416332820603,0.5592821008666015,0.45025162740308866,0.5118292397969004,0.4887932344127428
676,0.460870797783684,0.5723368223811507,0.49038444787554314,0.7328329760737822,0.557046871117656,0.48821516358230543,0.5584650835542859,0.45265532797623365,0.5123559948653642,0.4880002399836074
677,0.46101070923424115,0.5726163485536951,0.4945025104061001,0.7332132382587506,0.5592490618421098,0.48760086341663716,0.5568753630239877,0.45685479193476886,0.5140919309793287,0.4862806920756387
678,0.4611635158137971,0.5730737726585926,0.4964724239988343,0.7340318518301427,0.5608709453398749,0.4874141681649792,0.5559731057856278,0.45938520503098534,0.5145685543821755,0.48544952405578606
679,0.4613812877891645,0.5735424921233057,0.4984779865630737,0.7347377965003806,0.5624807485192468,0.48724130853813036,0.5550345935266202,0.4619638279254487,0.5150285720657772,0.4846068265583819
680,0.4616625634541858,0.574023128688342,0.5005152359680117,0.7353255616169418,0.5640744911390586,0.4870815561451411,0.5540615812770622,0.4645875815735097,0.5154719471709182,0.4837545003408089
681,0.4620058132068887,0.5745162316620029,0.5025802181196721,0.735789942955336,0.5656483384466017,0.4869341779023391,0.5530558711752619,0.46725331115876956,0.515898584476947,0.4828944762288507
682,0.4625204054286436,0.5764638388558897,0.5041491237744635,0.7380347348360353,0.5694439237522041,0.48730698117517146,0.551515087680659,0.4716590824032598,0.5147087147631214,0.48187860644734654
683,0.4630215919363687,0.5769702231642019,0.5062110870540144,0.7381102976140265,0.570972502785349,0.487179344996798,0.5503943476581806,0.4744435145372613,0.5150971194092646,0.48100238537851514
684,0.46357989825794305,0.5774895770237285,0.5082879934955853,0.7380452576245786,0.5724650911004435,0.4870600619603736,0.5492488146859666,0.47725615692892875,0.5154675319752907,0.48012448276964415
685,0.4641935423800477,0.5780220274763352,0.5103761132260054,0.7378362696291936,0.5739188089425326,0.48694843810969146,0.548080512249386,0.48009359211510316,0.5158195899624759,0.47924689726966563
686,0.46548419696117055,0.578323748555112,0.5148318454927052,0.7365371184963398,0.5756235495781619,0.4864740876694756,0.5460178521186608,0.4849155502997204,0.5173075603907695,0.4776651164023312
687,0.4662360861783513,0.5789017492266687,0.5169592904270388,0.7359511780617586,0.5769563423428447,0.4863873846299749,0.5448167952612675,0.48779399836205595,0.5176062339522259,0.47680076824496354
688,0.46703595277572757,0.5794932239474815,0.5190840257777278,0.7352129884570991,0.5782433682320739,0.48630654329735673,0.5436001666675017,0.4906854538585105,0.5178850016493654,0.4759446896277775
689,0.46788193878088646,0.5800979926215664,0.52120260272615,0.7343212763259382,0.5794829073154367,0.4862309339614584,0.542370119855483,0.4935864636387372,0.5181432806209529,0.4750988534659806
690,0.4705043860673228,0.599087578322099,0.5241653821999447,0.7138689660699448,0.5980162593787248,0.4950628443554652,0.5295002478550945,0.5165235836563661,0.4980246210315875,0.4681870838187748
691,0.47171902640113134,0.5994498832757755,0.5255532938198195,0.7112919632794695,0.5985436588567499,0.4946140110346498,0.5279020313573385,0.5192789346029293,0.49806052341790813,0.46746135660416005
692,0.47297322527219404,0.5998024771161014,0.526916099086417,0.7086027944477712,0.5990146046542952,0.49415454770925193,0.5263269997221033,0.5219966592382727,0.49807210817690856,0.4667497700326471
693,0.4746231417310664,0.6042764556549038,0.5304538241054709,0.692814586450798,0.6020356257800414,0.4967014819607055,0.5205566992646045,0.5294093120389544,0.4924102701640276,0.4641512279717446
694,0.47600755387782206,0.6044635665817828,0.5315489930631705,0.6897484639815484,0.6022477121916465,0.49605209664882816,0.5189959401275108,0.5319056582967977,0.4923321372029635,0.46351154452860105
695,0.47742533308786145,0.6046309053372727,0.5326105805383435,0.6866124162279449,0.6024267611157447,0.49539107470161686,0.5174736170859268,0.5343533953839202,0.4922332077840893,0.46288887834035514
696,0.47887468797401717,0.604777457422142,0.5336371057597364,0.6834137177857282,0.6025782913064177,0.49471926772679614,0.5159918840608552,0.5367513576243601,0.49211396666771307,0.46228440410762567
697,0.4805258859860272,0.6094765396519128,0.5382459776010261,0.658965103369008,0.6056036779454912,0.49784209937730306,0.5090436891229683,0.5442678101067193,0.4852358937239835,0.4594128017575657
698,0.4891802729753602,0.6126315544636179,0.5481311922405174,0.6057728830467699,0.6156885780913015,0.49724626513496745,0.49441563080708767,0.5619081560780729,0.47807608560350534,0.45501454746751246
699,0.49087120401820417,0.6118644957157192,0.5480659470520561,0.6035934169128876,0.6163009190515679,0.4958511015490619,0.4934965358343397,0.563347319186516,0.47804622548904196,0.4547403550829092
700,0.4925771743703219,0.6110587420364739,0.5479555672068945,0.6015048408324045,0.6169936113074109,0.49446149964023617,0.49265370641301026,0.564739066698341,0.47803511271490173,0.45448428441750033
701,0.4938092650742908,0.6103608985862206,0.5497597589336586,0.5911616138302291,0.6224666346855146,0.4943939741858513,0.4898927797199262,0.5675884155857757,0.4776061732724277,0.4542199808811682
702,0.49294827164619864,0.6055183662232686,0.556830941377128,0.5682839822194226,0.6478015586803246,0.4975179416588401,0.4822880846521356,0.5742075962024894,0.48200228351917374,0.45567597463357007
703,0.4945774708994189,0.6039929346587513,0.5561089241129212,0.5685035745747827,0.6496729664644588,0.49561460567670684,0.48193486152435505,0.5751112202423585,0.4826815734423034,0.4555306031181615
704,0.49621174462322537,0.602437642886121,0.5553579529762798,0.5688366116061092,0.6516394103620623,0.49373833092380914,0.4816643382541291,0.5759784501926659,0.48340970504077435,0.455399847871886
705,0.4956627229303172,0.5951468826773325,0.5586197340082399,0.5659738033753837,0.6734698269397752,0.4940157810161928,0.4783847521858473,0.5797869854975246,0.49218250334970726,0.45788362684653316
706,0.49719259923210224,0.5933400361726071,0.5577303055671992,0.5674001699021758,0.6759391926867244,0.492010090938719,0.4784008827575514,0.5804318728984679,0.49336583146184126,0.45777606233128965
707,0.49872045925215325,0.5915149339447314,0.5568302513576169,0.5689127451446111,0.6784772121041365,0.49004793233951827,0.4784941947511244,0.5810404312123243,0.49460131943041685,0.4576839343710569
708,0.5002447382174834,0.5896734187710503,0.5559218307873759,0.5705077122936137,0.681080127585892,0.48813285505310916,0.4786628321387412,0.5816122791050635,0.49588836790815183,0.45760808744322323
709,0.5017638800651905,0.587817320774762,0.5550073296078029,0.5721810451505348,0.6837437895679,0.4862683585939427,0.47890483534358763,0.5821469482865497,0.49722624172154356,0.45754936478753067
710,0.5032763391401134,0.585948453418842,0.5540890554140158,0.573928522386908,0.6864636699935049,0.48445788655322364,0.479218147191206,0.5826438868857303,0.4986140701903091,0.45750860629124046
711,0.5047805819252023,0.5840686097230139,0.5531693330134428,0.5757457424491097,0.6892348774471266,0.48270482125906927,0.4796006191471111,0.5831024634986663,0.5000508479385446,0.45748664629959007
712,0.51538232538106,0.5765851901155554,0.5455931950479981,0.5849762280658942,0.6934403358659169,0.47331230287537673,0.48365976026968527,0.58425720026343,0.5021711768345772,0.4553207827486868
713,0.5168817293122403,0.5747114273835642,0.5446781887113344,0.586863899939081,0.6964682917710215,0.4720929311970995,0.4844282181333135,0.5845225849210901,0.5037532825299589,0.45544935883168014
714,0.5137674606863704,0.5631076637589798,0.5487022222536146,0.5974819536366598,0.7309301379869714,0.4714020966777255,0.48477089899697356,0.5857512179876027,0.5249739378799664,0.4634845814171218
715,0.5149687585528733,0.561219694308852,0.547989801747514,0.5999417429382873,0.7335986799623105,0.4702930270283222,0.4856845610963613,0.58567115519816,0.5269401609330072,0.46367654867739566
716,0.5161468243712081,0.559340144757577,0.5473110043979197,0.6023930087428778,0.7362219549892829,0.46927490775119124,0.48663755792966845,0.5855390531619434,0.5289288989167155,0.4638933515437871
717,0.5173004973279506,0.5574702788187273,0.5466679356553094,0.6048307662594956,0.7387930056964027,0.46835003496254524,0.4876271658869785,0.5853539051587007,0.5309373256319033,0.46413553663447477
718,0.5146139233514271,0.5484084157582523,0.5496048250115082,0.6140359371979924,0.7569248404141647,0.46799603618858243,0.48839647876195913,0.5839401562765895,0.5471075181804838,0.47113333792605466
719,0.50037700664733,0.5214872513897995,0.5614443414390541,0.6257678590310911,0.7627191645427527,0.4712894188276661,0.48733810920724147,0.569032002257642,0.5902784662254847,0.4974256498718506
720,0.5006360160272313,0.5202087853734276,0.562375276704154,0.6270645951654823,0.7616087913556396,0.4709595346158047,0.4881910388298641,0.5677245892371678,0.5918312128621441,0.4974841240160019
721,0.500876020696818,0.5189462346600714,0.5633944134158664,0.6282828977820858,0.7603772000988395,0.4707323382270145,0.4890455085881313,0.566369527261977,0.59332637082438,0.4975554259911797
722,0.5010967570236531,0.5177000269719582,0.5645004794914594,0.6294245246848129,0.759025956151178,0.47060796470577587,0.48989956720591227,0.5649685595901077,0.5947620274476737,0.4976395277098911
723,0.4975737215789387,0.5112507163767946,0.5686747240250194,0.6269393082646679,0.7437768653618111,0.47234233655105323,0.48975609720396435,0.5567927077913355,0.601523774125199,0.504099769116529
724,0.4966155401734698,0.5088501448214732,0.5710854259557118,0.6263258750174489,0.7367684964043155,0.47307615887727644,0.4901886697620755,0.5531552607478579,0.6036649754222067,0.5058612998176895
725,0.4966414198866248,0.5078640758802877,0.5728612345933518,0.6269405231227778,0.7343441934684436,0.47337958878184616,0.49090747916699995,0.5515498254936998,0.6045523869189975,0.505845736124059
726,0.48853163358016755,0.4982136646680829,0.5803776544822628,0.6128999133114441,0.6768945745929881,0.47965121566020413,0.488025488278701,0.53051638478674,0.6071744898104073,0.5197032567557213
727,0.4883869306025789,0.4977023007593988,0.5829977059769027,0.6132292418812367,0.6735945140565177,0.48037343558453693,0.4884509997944896,0.5290716783706738,0.6072632180327737,0.5193670441658381
728,0.48823984071339765,0.49720436716477256,0.5856783565466065,0.6135460134715046,0.6702771434512614,0.4811718053537139,0.4888595072005107,0.5276389765565763,0.6072970792519007,0.519028243900632
729,0.4880903650126284,0.49672075603626203,0.5884141155341119,0.6138512731761431,0.6669464228560651,0.4820442602260499,0.48925043312369504,0.5262211283054342,0.6072785924898426,0.5186874122258575
730,0.48793850380955517,0.49625241919856605,0.5911993313155208,0.6141458256289855,0.6636062059102482,0.48298863109034185,0.4896232696517514,0.5248209481790206,0.6072104416124091,0.5183451656466659
731,0.48778425719097657,0.4958003674707618,0.5940282094813607,0.6144302318202549,0.6602602300542761,0.48400264937576437,0.48997757838964656,0.5234412063564813,0.6070954622238455,0.518002180711751
732,0.48323802548329453,0.4947607633528292,0.597463200516085,0.6082095852380575,0.60794922433475,0.49144211949647687,0.48606889832299555,0.5100991531834465,0.5980779897015679,0.525088660308948
733,0.4831235157262683,0.4947671023310259,0.6006148668558867,0.6087972033240744,0.6049252247827233,0.4926808404760688,0.4861745037851707,0.5093978879974289,0.5976585789821847,0.5244217572997162
734,0.48301758018320184,0.4947925333901074,0.6037746594648671,0.6093710103131945,0.6019333656951877,0.49396342294334644,0.4862654912863966,0.5087377251183686,0.5972289254395529,0.5237520402830446
735,0.4814134306295558,0.5003382713632565,0.6029110809811783,0.6160870780778798,0.568695428901312,0.5003758942377676,0.4828762102287261,0.5059913328472184,0.5860563771859463,0.5254800750547213
736,0.48147865936661277,0.5007530828814556,0.6060491659523687,0.6168878220643051,0.566342773164159,0.5017332454888974,0.4828368890155423,0.5060423197707601,0.5856912283969767,0.5245518230690294
737,0.481549102004303,0.5038559297559985,0.6071799530471612,0.6214393926302357,0.558320038100352,0.5043593780063945,0.4819593044012046,0.5071669572952607,0.5821281042290302,0.5235675818269432
738,0.4817094934453279,0.5044065516344743,0.6102241631354082,0.6221438562766188,0.5561797883898978,0.5057419192078533,0.4819040043373243,0.5074513737598417,0.5818521297098465,0.5225827771894678
739,0.48188894001895677,0.5049810573219475,0.6132324458760625,0.6227672786222458,0.5540580761091818,0.5071382788395075,0.4818503981536374,0.5077671262894443,0.5816015329899572,0.5216044420496906
740,0.48208718964710456,0.5055804859279212,0.6161995839875747,0.6233038592218966,0.5519529970720267,0.5085462863361029,0.48179978424296616,0.5081130166512821,0.5813778351905435,0.520634833914225
741,0.4823039987813331,0.5062058551731071,0.6191205199918531,0.6237479233081612,0.5498626329431991,0.5099638197007561,0.4817535047456127,0.5084877493322837,0.5811823704233026,0.5196762156160287
742,0.4825391341393717,0.5068581572762126,0.621990369009456,0.6240939475245101,0.5477850640501436,0.5113888087072871,0.4817129430843839,0.5088899370077088,0.5810162791940472,0.5187308473308151
743,0.48279237434520095,0.5075383548715217,0.6248044307316778,0.6243365850283608,0.5457183819310709,0.5128192377296441,0.4816795212663893,0.5093181064058555,0.580880502716641,0.5178009785644269
744,0.4830635114642862,0.5082473769712598,0.6275582005291108,0.6244706898546407,0.5436607015566585,0.5142531481841075,0.4816546969440455,0.5097707045382484,0.5807757781641227,0.5168888401485343
745,0.48335235242605823,0.5089861149867101,0.6302473796603316,0.6244913404342415,0.5416101731650199,0.5156886405722575,0.48163996022903766,0.5102461052625179,0.5807026348792974,0.5159966362820939
746,0.48365872032630675,0.5097554188219854,0.6328678845486155,0.6243938621661677,0.5395649936522907,0.517123876115091,0.4816368302544255,0.5107426161432007,0.5806613915624623,0.5151265366559235
747,0.483982455602749,0.5105560930542458,0.6354158550989509,0.6241738489470335,0.5375234174642245,0.5185570779711991,0.48164685148166636,0.5112584855739247,0.5806521544491831,0.514280668697477
748,0.4843234170776499,0.511388893213968,0.6378876620320935,0.6238271835668612,0.5354837669374602,0.5199865320345018,0.4816715897509886,0.5117919101228731,0.5806748164862567,0.5134611099724219
749,0.4846814828620389,0.5122545221786537,0.640279913216953,0.6233500568857813,0.5334444420427222,0.5214105873097281,0.4817126280753629,0.5123410420621076,0.5807290575091769,0.5126698807789987
750,0.48505655111672324,0.5131536266930652,0.6425894589872277,0.6227389857123311,0.5314039294859898,0.5228276558665381,0.4817715621801827,0.5129039970402232,0.5808143454195659,0.51190893697029
751,0.4913437898612597,0.5737255713259,0.6001596742372599,0.6490253487184353,0.5366594692893313,0.5234509092533218,0.4855980477718216,0.5528667836603662,0.5541215801769896,0.49818743931618265
752,0.4961631065189159,0.6015405748711651,0.5802006398080419,0.6479276006281472,0.543538457830928,0.5189427266247599,0.49119185000771687,0.5679174826015959,0.5394277942037663,0.49089671919055383
753,0.5009330807539392,0.6046602362282343,0.5817229628255371,0.6385310657884946,0.53844744885658,0.5207165889911881,0.49473285394633987,0.5686997485988061,0.5387274285284664,0.4890176149995575
754,0.5031455531577604,0.6093761270663728,0.5789004414506288,0.6343117309910646,0.538038491885206,0.5200703404433682,0.496932452195879,0.5705422804150283,0.5361643972683797,0.4875447768773123
755,0.5049198632594005,0.6102530288249651,0.5791486221929829,0.6309125897695893,0.5364142290335838,0.5205723278701421,0.49831475104332806,0.5706509942381248,0.5357906192640663,0.48700629318001915
756,0.5067309319537034,0.6111038553757152,0.5793396224211073,0.6274405259270448,0.5348083611456936,0.5210503758604235,0.4997434300944637,0.5707214921132718,0.5353905005106269,0.4864943338041124
757,0.5085774523532453,0.6119276700837154,0.5794733608432073,0.6239032060806975,0.533225096951817,0.5215035293336616,0.5012166394868011,0.5707548047817652,0.5349636014363569,0.4860095905856364
758,0.5137861864941469,0.610494566432463,0.583014019462091,0.6142348366384427,0.5271252682785142,0.5242562988167595,0.5048117023993026,0.5691390078481019,0.5357806239241751,0.48550385636936205
759,0.5157214767288589,0.6112654617493982,0.5829878313995575,0.6104835196885972,0.5255947259299025,0.5246338275108225,0.5064035072994025,0.5690521656835745,0.5352827198188062,0.48512152009524473
760,0.5176852938332999,0.61200683546881,0.5829033315833106,0.6066979997968337,0.5241019925701201,0.5249807968797221,0.5080298594015524,0.5689321483005264,0.5347559789834966,0.4847703422086732
761,0.5196762089740926,0.6127178146754317,0.5827606846680922,0.6028861418951845,0.522650463450935,0.5252961042096185,0.5096882274743262,0.5687799593276168,0.5342004578538151,0.48445088055477326
762,0.5222320621957783,0.6191888089792565,0.5771601041022434,0.5967578430806784,0.5237638731851285,0.5227053974767234,0.5129892767967901,0.5706773498705136,0.5304675175960314,0.48327326208722904
763,0.5243230488784403,0.6197402288157954,0.5767943755628807,0.593012332034943,0.5225488249094552,0.5229023015685694,0.514752293449063,0.5704524201928871,0.529801344150007,0.48304605897490793
764,0.5264364004665663,0.6202560428412563,0.5763732249834193,0.5892752254833029,0.5213883632317214,0.5230654672302915,0.5165367041861825,0.570199826345079,0.5291104933070176,0.482850975942163
765,0.5285704674972601,0.6207355520238762,0.5758970005214339,0.5855537701422195,0.5202847172112819,0.5231939066850918,0.5183394602048423,0.5699203781532448,0.5283957494878153,0.4826885898775816
766,0.530723572426136,0.6211780867775851,0.5753660824702678,0.5818550359110745,0.5192398457098046,0.52328665802088,0.5201574478021858,0.5696148298693464,0.5276580001104405,0.48255948113821134
767,0.528432841106244,0.6819589941309653,0.493353948812147,0.5564248447825917,0.597406773835683,0.4551335501790044,0.544797361820515,0.5938067937595041,0.5061336534590534,0.492533011881981
768,0.5286610464455546,0.680210180071754,0.49009489374598314,0.5607874654816346,0.6110887391552392,0.45003625882648,0.5484441597050805,0.5962548148471918,0.5118422665368464,0.49665207627978386
769,0.5306484824282575,0.6785928854664682,0.48917031436002933,0.5618227271362232,0.6126560854039185,0.45083673331315666,0.5508536140869534,0.5961516211562907,0.5126924715021941,0.4970592624696665
770,0.5285564865034641,0.6727051643113896,0.49126910946735197,0.5726996163951521,0.6332658215455413,0.445311221778223,0.5542831281703149,0.5988696224209111,0.5269357708394952,0.5054032281377212
771,0.5523093004701255,0.6559970848503025,0.4835448772857759,0.5785710026919318,0.629866111531937,0.46700261140980365,0.5789397038226964,0.5895187479784985,0.5293371760653154,0.5041031259495881
772,0.5540358120465027,0.6539152529152542,0.48345609735977896,0.5798723016386353,0.6305944134477367,0.46885466793766234,0.5810245805308022,0.5883019597403681,0.5307556131025596,0.5049265012680209
773,0.5545539343129035,0.6509101590854104,0.484702454761582,0.5830475820212327,0.6336934278839234,0.4701495675776211,0.5831925704663843,0.5865515931673695,0.534878925452381,0.5078642078922478
774,0.5561659796016891,0.6487534750787824,0.4848397407080393,0.584326232235819,0.6341523899348603,0.47227539315255485,0.5852408903930445,0.5851181807989319,0.536345652535673,0.5087730925195812
775,0.557744466992489,0.6465669538263988,0.4850425960437553,0.5855845967729923,0.634521725703135,0.4744838995530481,0.5872614935399577,0.5836045422680803,0.5378171259998181,0.509717951603832
776,0.5592881655423302,0.6443509949940266,0.48531116714683703,0.5868200390536409,0.6348000396213915,0.47677486533538194,0.5892544443468061,0.582012823272171,0.5392904493262745,0.51069858669736
777,0.560795911387597,0.6421060418176553,0.48564546673196024,0.5880300425511725,0.6349861701349719,0.4791478977120926,0.5912198171698904,0.5803454541822516,0.5407627959310074,0.5117147192943142
778,0.562266607146486,0.6398325851640608,0.4860453735438558,0.589212213491561,0.635079191514738,0.4816024253672987,0.593157685189158,0.5786051442315231,0.5422314175922776,0.5127659910503541
779,0.5636992211167428,0.6375311674497661,0.48651063247027354,0.5903642829929686,0.6350784147156593,0.4841376916714282,0.5950681093302926,0.5767948744518371,0.5436936523876529,0.5138519642575577
780,0.5650927862794279,0.6352023863941065,0.48704085507614003,0.5914841086591912,0.6349833872953784,0.4867527483517979,0.5969511272827592,0.574917889394522,0.5451469321107048,0.5149721225731919
781,0.5664463991204028,0.6328468985828025,0.48763552055876025,0.5925696756434494,0.6347938924113027,0.4894464496747912,0.5988067426951952,0.5729776876779042,0.5465887891406239,0.5161258719999771
782,0.5440840674958449,0.606756495045967,0.5250930348420763,0.6106549667220041,0.6415271113289903,0.5016452418612998,0.5971740841731779,0.5512049357969129,0.5785232187391064,0.5531465905219662
783,0.5446205242886212,0.6043758442502821,0.5269805352723607,0.6108634587682599,0.6395623904659614,0.5053642660571365,0.5988290478852013,0.5488757148898727,0.5795414492153226,0.5541328277674733
784,0.5241042654929541,0.5717580106706504,0.5685193312858691,0.6103149291184646,0.617971895441865,0.5272698413320049,0.5876409113283818,0.5264381894314321,0.5931629412836303,0.5803608053002112
785,0.5094719837511481,0.5397455812117541,0.6031445941468864,0.5995750077280203,0.5848689296604815,0.5512281534425424,0.5720755256866131,0.511166571080209,0.5940429147918281,0.5943060287764748
786,0.5093031721486055,0.5380643108419298,0.605795386160091,0.5982624715612576,0.5819209383470436,0.55391205202859,0.5723007123885284,0.5099151451442114,0.5941094494866807,0.5940138372838818
787,0.5091232225238589,0.5363959573263228,0.6084225608505203,0.596916507901532,0.5789986205626425,0.556526452918316,0.5724748128679358,0.5087167396093359,0.5941797949594316,0.5937069585447288
788,0.5058480565239997,0.5256803297447733,0.6191936140961981,0.5914829625182619,0.5662390194287651,0.5664935583818081,0.567399865070898,0.5057849647315334,0.592422931829012,0.5953602358243969
789,0.5055089873797808,0.5002685218714844,0.6401797247874212,0.575210921623497,0.5310261414860522,0.6042136983221482,0.5564869144915323,0.5132748031326934,0.5772308062362601,0.590553526702292
790,0.505848779923522,0.49998795116265715,0.6421747014237486,0.5728744322037345,0.5282639895785703,0.6060993728819819,0.5569881132336504,0.5130893046058305,0.5773121383980794,0.5894139164620071
791,0.5062043665255281,0.4997347544421918,0.6441135855991084,0.5704744890415794,0.5254939654388335,0.6079685336010117,0.5575318258994898,0.5129109030735499,0.5774288710223008,0.5882801787505578
792,0.5065760563429871,0.4995094460248571,0.645994834528616,0.5680118837307934,0.5227170226308891,0.6098234256110119,0.5581204033594489,0.5127391615812772,0.5775801098988078,0.5871539533584871
793,0.5069641567147083,0.4993125055015509,0.647817059490675,0.5654875976009416,0.519934254243406,0.611666278089449,0.5587560722765947,0.5125736841307931,0.5777648066313145,0.5860368061832055
794,0.507368972116612,0.49914437624299435,0.6495790247919387,0.5629028023143312,0.5171468880909899,0.6134992851364041,0.5594409212895212,0.512414118492035,0.5779817637660568,0.5849302252221666
795,0.5341082194547992,0.521452379268349,0.6323401155483287,0.5489978418304824,0.5098702262917159,0.652294171973323,0.5829804074930084,0.5466191493051927,0.5489258255715006,0.5562959386500537
796,0.5356899898869826,0.5221430794358108,0.6330769759306593,0.5455051744355077,0.506605278161013,0.6542277738640515,0.5851146927189601,0.545949600636866,0.5489169647346178,0.5549999259349022
797,0.5372955502948508,0.522834463625768,0.6337614005758189,0.5419716769854569,0.5033398355934593,0.656134744390389,0.5872717952602502,0.5452569267475222,0.5489181562127661,0.5537144615184549
798,0.5651024790115344,0.5698925548233958,0.5908839902546922,0.5281993461783306,0.5108240689741627,0.6497920909035869,0.6075484634322885,0.5697221988190407,0.5194942489304447,0.522203511972727
799,0.5674423380367694,0.5701917180754189,0.5904992982248345,0.5248989128125495,0.5078627463678258,0.6505530457493355,0.6093997800407112,0.5684889043435072,0.5191490668859708,0.5210028201871373
800,0.569786378489907,0.5704604653489539,0.5900709255517211,0.5216230594184025,0.5049448136801166,0.6512152796903283,0.6111723437250198,0.5672375253920676,0.5188098894363135,0.5198125641071715
801,0.5721324352548341,0.5706983325751643,0.5895991746967958,0.5183755858510769,0.5020728349817708,0.6517750981648391,0.6128607104148104,0.5659687477367968,0.5184760682533179,0.5186338702722466
802,0.587161158823234,0.5819187558947402,0.574769540769685,0.5007593830070968,0.49179663109996946,0.6419938042049155,0.6189472235044244,0.5632464882908778,0.5124466265651723,0.5076110394490385
803,0.59372402828229,0.5965636773212388,0.5547614218494333,0.49607722086640765,0.4952835125721178,0.6220011291779373,0.616613525051912,0.5668628816367179,0.5061168129851907,0.49986700840848775
804,0.5960930938419663,0.5961125797633495,0.5535230689116878,0.4938173590143843,0.4933765493149854,0.6209625167239117,0.6169086516335619,0.5654264357446636,0.5057798449755998,0.4990922323882794
805,0.5990778560409734,0.5987212501957867,0.5479034915793259,0.49137181339855274,0.4929091125851753,0.6148679279137708,0.6160092759030258,0.5649467361819062,0.504412012652558,0.49718477359448
806,0.6031659626499966,0.6111685264266993,0.5268770410117259,0.4889245853718149,0.49773342317716096,0.5900671327844322,0.6104952516341033,0.567341092515609,0.5005706194190871,0.4928563225474974
807,0.6054128405006552,0.610234762149565,0.5253301050600608,0.48744343164700393,0.49641228116186864,0.5884608058822121,0.6101532344682943,0.5657999766171743,0.500355755408239,0.4924914984087894
808,0.6076231157518125,0.6092540151042092,0.5237684989087742,0.48602732175296637,0.49512429387334583,0.5867819675839733,0.6097161732476348,0.564225622734933,0.5001587784184353,0.49216958787787407
809,0.6097951704679614,0.6082264985946679,0.5221934907496902,0.48467531237949996,0.49386780215005754,0.5850344590955792,0.609187846523451,0.5626183430150131,0.4999792816368454,0.49189245379637314
810,0.6119274713412467,0.6071524595627011,0.5206063630074521,0.4833863299142027,0.49264112839769936,0.5832224064337703,0.6085724300741154,0.5609785928137171,0.49981682451838444,0.4916619378869337
811,0.6140185706960771,0.6060321795105731,0.519008410616191,0.4821591788345084,0.49144258859630546,0.5813502097117511,0.6078744820304804,0.5593069760997179,0.4996709336300733,0.4914798549381225
812,0.6160671071682045,0.604865975421014,0.5174009392256492,0.48099255024604987,0.49027050396900546,0.5794225308497443,0.6070989259849814,0.5576042501290975,0.49954110368203175,0.491347986911373
813,0.6180718060570591,0.6036542006686242,0.5157852633411054,0.4798850305259428,0.48912321225187727,0.5774442797427092,0.6062510321356519,0.5558713293585781,0.4994267987407188,0.4912680769941501
814,0.6173634609084065,0.6160101737932754,0.48982230355992296,0.48139028256650107,0.4966504464996192,0.5430740546654417,0.5976930694046887,0.5570196574951315,0.49949856431804635,0.4946065378443139
815,0.6191398530731779,0.6143940594124219,0.48817445015065936,0.48090816026369415,0.4958376680755588,0.5415076164747645,0.597026986112832,0.5551505384881839,0.499550891988302,0.4951033194878589
816,0.620867144907775,0.6127318496250123,0.48653876952199326,0.4804684909327754,0.49502416851702347,0.539959275258437,0.5963487613656171,0.5532469862322987,0.49962047071304866,0.4956584735243424
817,0.6225446080453445,0.6110241652198465,0.4849166756429987,0.4800690804180171,0.49420885088072847,0.5384344972545987,0.5956648625625927,0.5513113515215308,0.49970635610427394,0.4962728876739966
818,0.6241715946769804,0.6092716747946589,0.483309558033583,0.4797077242420101,0.49339073282943446,0.536938724947438,0.5949817885559451,0.5493461830789306,0.4998075861710164,0.4969473549345732
819,0.6257475351126497,0.6074750958629658,0.4817187791624828,0.47938221506689366,0.492568950188853,0.535477353044963,0.5943060371255109,0.5473542218242035,0.49992318508655753,0.4976825694217549
820,0.6262519472399991,0.607422191646626,0.4766381394346219,0.479736383291332,0.4929570824810972,0.5295635746112155,0.5931343633788861,0.5454753771217622,0.5005257175866107,0.5001843349747201
821,0.6353412879058136,0.5941284311864422,0.4759085591026329,0.4774111906300079,0.48650286316266916,0.5319594212984302,0.5909913729528702,0.5350224155007858,0.5003151987222689,0.5012590014126398
822,0.6365804360621264,0.5920856161434161,0.4744428446236406,0.47722947078386857,0.4856237835266522,0.530692985666582,0.5903967579743171,0.5329420311908906,0.5004915114620523,0.5023467865424844
823,0.6377663633593684,0.5900063468204642,0.47300075325253127,0.4770686588748075,0.4847408919136266,0.5294937768656105,0.5898530570708005,0.5308624688223307,0.5006740835872501,0.5034985171915991
824,0.6388990498122366,0.5878917931799262,0.47158333014777976,0.4769267790338139,0.48385429358705556,0.5283661367784196,0.5893657219564222,0.5287876728111746,0.5008619943171746,0.5047140128319373
825,0.6177959617536143,0.5998090569992087,0.44061442297203096,0.48393813321439677,0.49164266054933936,0.4995057287505967,0.6031040055300133,0.5237863528962322,0.5092138460107827,0.5448564228572785
826,0.6148064409704397,0.5983669863738332,0.4376368486510161,0.4848177223816385,0.49141875164556553,0.5001317972832336,0.607796179773002,0.5211255794986414,0.5106042958125382,0.5525885295613235
827,0.615274801794946,0.5958984300301869,0.437035976009025,0.4849656762870288,0.49046179632512044,0.5020212567647193,0.609553821937542,0.5191148197112533,0.5109098432134664,0.5545978834474715
828,0.613116421999432,0.5939040413708242,0.43536187504864715,0.48552472685107967,0.48982962313522077,0.5038081516828751,0.6136726149668712,0.5166690169518716,0.5119338875336129,0.5606164140629558
829,0.6182343636172656,0.5830241464827421,0.4352562362668947,0.4853981061865529,0.4854230831125417,0.5123189554399775,0.6176231911869371,0.509962097417368,0.5122326836592344,0.5627139896402673
830,0.6184235565119648,0.5804197744256241,0.43492429127366117,0.4854860485034873,0.4844240976908339,0.5144533338417274,0.6195299763474387,0.5082191987780125,0.5125753930707418,0.5647967009697656
831,0.6259142704516575,0.5635414350123825,0.43551781059598427,0.4850206798262237,0.4781181441943437,0.5262989602362331,0.6238493313317691,0.5002520620904641,0.5132423697045929,0.5666423023967114
832,0.6243992220326896,0.5609959526065266,0.43499879170964517,0.48516328231743727,0.477223209062099,0.5285872596088728,0.6271604637060704,0.49871505011621037,0.5138503826744394,0.5710014041294027
833,0.551634534461602,0.5531660892417608,0.44525265474249126,0.4826291240791096,0.4759406547464512,0.5391949878285641,0.6553235577985363,0.49232190539326,0.5183825837260284,0.6470679777955419
834,0.5506019566996854,0.5510952626001785,0.44636171170904604,0.48219333108054635,0.47470781153477976,0.540609307361232,0.6554458256623633,0.4919020596367923,0.5186615323726725,0.6478752619904699
835,0.5504860139338567,0.5473682591301189,0.44782074592059823,0.48153314366465105,0.47236937153669006,0.5432429213340735,0.6558069867657674,0.4912839083314528,0.5193484957232626,0.6480642945788964
836,0.5219735344873576,0.5385024573575886,0.46255622374939726,0.47723622443966335,0.4707259349303144,0.5406345494490759,0.6430174977106349,0.4920767684465926,0.5182215298967722,0.6630954804951753
837,0.5208172087108089,0.5368480726166626,0.46401049974378694,0.47658775521657953,0.4694165371877696,0.5408700121795712,0.6417933216114157,0.49210473534940147,0.5185832573800588,0.6631269355271111
838,0.5048759071818815,0.5298423008807623,0.475764173593183,0.4729206899138033,0.4680171281036216,0.5392990247694049,0.6291603245491774,0.4937741470443009,0.517214273617066,0.6684895018376653
839,0.49075707328099993,0.5213087821588677,0.49063541873545424,0.4680686168276112,0.46670250802714713,0.5413346437706272,0.6146874809057644,0.496655696363173,0.5147843921530292,0.6714187668917595
840,0.5003439507954631,0.4963548472732793,0.5338361572172036,0.4524038810333843,0.46690148150860017,0.6123629042400208,0.6176031260383362,0.5092257661454831,0.5021789121620346,0.6625804482394647
841,0.5014858646849003,0.4962101295983696,0.535163693692957,0.4511821434706446,0.46457546137598627,0.6148530609650144,0.6191869812282413,0.5089358821058545,0.5024422070814588,0.6614305824783081
842,0.5026603888845872,0.49607145328246277,0.5364775723166014,0.4499815842086923,0.46230224949819454,0.6174742627434153,0.6208779124997922,0.5086672485659532,0.502756843441755,0.660267149494654
843,0.503866696646232,0.4959386282870734,0.5377771476868436,0.44880331891717795,0.4600852063832277,0.6202249558054282,0.6226722301806881,0.5084214446085269,0.5031207719467673,0.6590900348639958
844,0.5149414810393408,0.4930322312452067,0.5437355749922065,0.44583799079758657,0.45842961547605976,0.6440019567373811,0.6348011840696485,0.5102585813659098,0.501470019789977,0.6539140829257788
845,0.5201032919880348,0.4921589739029766,0.5462748662252336,0.44413576095734186,0.45640960821844156,0.6545319533367993,0.6409158120036976,0.5106173007119778,0.5012088644634622,0.6511167447407255
846,0.5217280674754807,0.4921241913096168,0.547372744532462,0.443014969897775,0.4542489891216057,0.6580476393337297,0.6434402016013167,0.5102786154641151,0.5016423385830631,0.6498053075813447
847,0.523373261690205,0.49209225443042737,0.5484534684316996,0.4419238499897526,0.4521607305020519,0.6616453996914045,0.6460109700283033,0.509966678652743,0.5021147783064827,0.6484747543118372
848,0.577605526882564,0.4873978097989156,0.5583310556645991,0.43584125228491094,0.4526043192652624,0.7433414587410265,0.6915683536745296,0.5175646778148171,0.4953127866824731,0.61842986755476
849,0.5797685272571128,0.48735636269444277,0.5587521899075101,0.43488572092642674,0.4504235252618006,0.7463064917193336,0.6935332886164364,0.5167562321738092,0.4956149199773079,0.6166404753502736
850,0.6021564129735558,0.4884134762956188,0.5581863207461679,0.4328513618369171,0.4492286634482775,0.7631379763506487,0.7009069960022128,0.5183835280826844,0.49385387706226386,0.5984428027246469
851,0.6042452817821603,0.4882529443805319,0.5582979973565879,0.4320449429889939,0.4471944268801462,0.7648287721398613,0.7015921287448258,0.5174067707019178,0.494118284193036,0.5964381505365668
852,0.6378011245388479,0.4950716827825811,0.5487744455508538,0.4305866810141759,0.44666672653159284,0.7506357582909804,0.6820982563229909,0.5196158364029936,0.4920441295265913,0.5563532343165214
853,0.6394844556186691,0.4945174901140754,0.5483138691699102,0.43004375459134925,0.44486571643824224,0.7493934122880578,0.6800925089598681,0.5182834386275732,0.49221290060967837,0.5542523097827552
854,0.6411193137763102,0.4939581328664301,0.5478452047083511,0.42953807914934483,0.4431476515680143,0.7479594568131971,0.6779186816357291,0.5169835623098434,0.49238791535330223,0.5521474224041704
855,0.6427054189976578,0.49339428978936384,0.5473689063776266,0.42906909422699785,0.44151292623215077,0.7463357684883617,0.6755835436547156,0.5157184058994647,0.49256790566953806,0.5500407104714748
856,0.6442425955615656,0.4928266564999984,0.5468854283081654,0.4286362295269318,0.4399618550569948,0.7445247852112138,0.6730945244055004,0.5144901788351209,0.49275164035790064,0.5479343827194556
857,0.6567309711633925,0.4992280560795303,0.5356182347494696,0.428752680638526,0.4388823354746913,0.7004666610565321,0.6368380074856639,0.5140902532324094,0.49265081521846577,0.5223521107037444
858,0.6631771725846766,0.5060296369551892,0.5221679743857823,0.4293029935359082,0.43770421254866443,0.6500051933733226,0.6005226740240476,0.5126254760979417,0.49319047841221664,0.5039151981206422
859,0.6655510991519155,0.5116879563138849,0.5092041059828419,0.4299971684387982,0.4365083994941108,0.6072160333356841,0.5742766153862395,0.5104969801955058,0.4940603486651702,0.4944732287783907
860,0.6662952631716065,0.5101581000157123,0.5080506273529596,0.42994777375525994,0.43555355911667265,0.6036293357558111,0.5715824862240915,0.509006475895521,0.4941812883640036,0.4938983663040656
861,0.6670034710744405,0.5086239588085417,0.5069094045088385,0.42991767637320727,0.4346580485351982,0.6000629624965355,0.5690203921551157,0.5075819966158561,0.49429704016450904,0.4933813436687874
862,0.6676768950545684,0.5070870555664191,0.5057809288341273,0.4299058474874972,0.43382208199429334,0.5965236969167794,0.566599922097469,0.5062269892881714,0.4944072228115524,0.4929234104445085
863,0.6683167064748942,0.505548931419279,0.5046656656026283,0.4299112848137907,0.43304583342216585,0.5930180605493708,0.5643301116461713,0.5049447756578047,0.49451149861221455,0.4925257301400189
864,0.6689240687924747,0.5040111431872286,0.5035640538658406,0.42993301319552524,0.43232943325912976,0.5895522862110074,0.5622194018982397,0.5037385388077938,0.4946095736089877,0.4921893767732777
865,0.6661052302126523,0.512556912818121,0.48382753338567397,0.4309600786126653,0.43118997931988595,0.5406992493565581,0.5500721535141091,0.5011026247246952,0.4958561955260672,0.49680894596732744
866,0.6665138824602787,0.5106319333173635,0.48267098650899115,0.431040448138007,0.4307281134389094,0.5387242887062119,0.5503302359104209,0.5000472916248389,0.49600476371547386,0.49758291199269633
867,0.6668948054685722,0.5087103834809135,0.481536118220599,0.4311288337481141,0.43031535891136213,0.5368321988747077,0.5507812231221215,0.499083508424735,0.4961509506321891,0.4984146133157437
868,0.632796713638582,0.5263660849761499,0.4404717825391673,0.4320604189633224,0.42907672545837516,0.5157897375373902,0.6222657382682398,0.4942652218004415,0.49868922069913496,0.5717990819312465
869,0.6323894097320846,0.5240023155440258,0.4397617096203498,0.43210166951749407,0.4289521773234908,0.5163752803916232,0.625344221964834,0.4937264749933277,0.4991881562797966,0.5737157848886278
870,0.6319375495294295,0.521647962423879,0.4390824550582921,0.4321403575879398,0.4288624781513705,0.516895153117374,0.6283441552698478,0.4932835393002306,0.49970718474346143,0.5756183930193052
871,0.6314407679134656,0.5193048515514123,0.4384335006475898,0.4321760888674268,0.4288080718711632,0.5173445338905881,0.6312540466306995,0.4929374211232371,0.5002459755829827,0.5775052863755974
872,0.6308986904067773,0.516974785264726,0.43781430133637206,0.4322085072261176,0.42878935429720855,0.517718923743175,0.6340626180839357,0.4926889516263219,0.5008041735565071,0.5793748911170054
873,0.6303109354994029,0.5146595390082858,0.4372242869093435,0.4322372945554012,0.4288066730955905,0.5180141704977679,0.6367588513050584,0.4925387916801195,0.5013813976923861,0.581225682063725
874,0.6296771171296299,0.5123608581026172,0.4366628636733632,0.4322621705813876,0.42886032776365585,0.518226491097947,0.6393320326240658,0.4924874373441071,0.5019772404061713,0.5830561850761122
875,0.6089197848130365,0.512445751895283,0.4310201312332289,0.4319452110757421,0.42922949813471095,0.5201713526809043,0.658438279645076,0.4927246091714378,0.502295332728025,0.6086627970967736
876,0.6078439763671635,0.5102627704722534,0.4307108635675809,0.4319230355292044,0.4293531764180996,0.5198727451035843,0.6597188598939082,0.4929629059443997,0.5030281681249996,0.6101863213020571
877,0.6067207101228229,0.508101701497098,0.4304269190386158,0.431897107005077,0.42951399179135,0.5194691348462873,0.6608023510705849,0.4932938772824847,0.5037844051368819,0.6116724079321613
878,0.6034404211974825,0.506101414897433,0.42987958293493045,0.4318261647809001,0.4297551549472098,0.5188901555227291,0.6625119717863414,0.4938050693793496,0.5044868296880167,0.6151117422523352
879,0.602191262628148,0.5039999911418335,0.42966169696133916,0.43178963216185007,0.42998908883178943,0.5182449001673975,0.663076453170696,0.4943288425493084,0.505294850482955,0.6164902875540773
880,0.6008950960305687,0.5019244205256186,0.42946659321208125,0.43174964676712946,0.43026097477583025,0.5175015533670005,0.6634310672009788,0.4949445194844122,0.5061241482990883,0.6178289746865986
881,0.5995520724162617,0.49987590547284355,0.4292934694144389,0.4317063396233899,0.4305709529277762,0.5166633861281859,0.6635737219044653,0.4956519257503545,0.5069737379734435,0.6191274276077683
882,0.5981623840933022,0.4978555975529231,0.4291415166316428,0.43165987684676493,0.43091910455464943,0.5157341431237075,0.663503033019399,0.4964508123932688,0.5078425969863568,0.6203853353350061
883,0.5967262668456524,0.4958645959421811,0.42900992068271193,0.431610459057372,0.43130545033078177,0.5147180269927318,0.6632183284389448,0.49734086049912907,0.5087296668809181,0.6216024504818559
884,0.5952440020316722,0.49390394602420357,0.42889786353114906,0.43155832074363754,0.4317299486120158,0.51361968030669,0.6627196495389086,0.49832168544381206,0.5096338548349981,0.6227785876377562
885,0.5616117046035082,0.4924843730092462,0.4282243448492496,0.4309037941455756,0.43298424537048047,0.5075181652422568,0.6577902904511741,0.502833761847307,0.5078918190473393,0.6448677877470815
886,0.5597323600489106,0.4908089082710845,0.42833778183109433,0.4308308650699479,0.4334185163646587,0.5061322141543906,0.6556063720708504,0.5040469419919908,0.5088673023686359,0.6455495125729139
887,0.5584856499830584,0.4875397651331308,0.4285189036194287,0.43073245743164174,0.43436239163515833,0.5037728780043652,0.6516948364587389,0.5063848090650869,0.51112229287737,0.6454715880531195
888,0.5565268878043629,0.485938326909977,0.4286567003438731,0.430666768832987,0.43492290290461405,0.5023681705192953,0.6491310503995593,0.5078347384000393,0.5121500932109339,0.6460613032865751
889,0.5545382704081706,0.4843691402431115,0.4288056553689095,0.43060430670747746,0.43552238310336133,0.5009753398370492,0.6464296152593473,0.509364025030172,0.5131921398166805,0.6466114693319748
890,0.5525210492811095,0.48283257200979757,0.4289649764350534,0.430545612605478,0.4361603826535067,0.4996031592674105,0.6435992864217047,0.5109722692498135,0.5142468547955275,0.6471227377113239
891,0.5478236540782896,0.4813030626846773,0.4292605161651181,0.430468744710076,0.4368735696078123,0.49796964300253443,0.63960198306067,0.513132540970717,0.5149546063884204,0.6488233799320816
892,0.5457436791751046,0.47985249224679516,0.4294490658579847,0.43042113529600506,0.4375787553548249,0.4967029293562013,0.6364998429760734,0.5148976522183456,0.5160281780389043,0.6492335798452241
893,0.5098548980010954,0.47758313869326097,0.4325045595385164,0.43034142819795695,0.43827200049275095,0.49553304201579074,0.6177746876820239,0.5235306224890974,0.5119696872980765,0.6619342041747757
894,0.5078011811027682,0.47647252370580306,0.4328217197599048,0.4303545331995882,0.4389103010004591,0.4952625239404474,0.6145548510662624,0.5253943550428054,0.5129972276029163,0.6620249686024331
895,0.5057506613518638,0.4753900483422397,0.4331409505503998,0.430379888215578,0.43958727231710304,0.49512616685152294,0.6113594436583378,0.5273213104835118,0.5140350697836752,0.6620891876044067
896,0.4897985343818147,0.47365874878532954,0.4354106818236491,0.43063866521885996,0.43981602137465975,0.49951621820915443,0.6023668811670944,0.5327662434733593,0.5124588502406717,0.6658342944371572
897,0.4563314632251254,0.46560080663317194,0.4427544579563343,0.4334966480979784,0.4418161555992522,0.5365969564512307,0.5869613009414,0.5578163663695385,0.5121185401126034,0.6696540896111048
898,0.4465973377256165,0.4620582518541693,0.4503140704935677,0.4369455184382407,0.436129397507506,0.5955714385317447,0.6062859992538308,0.5683311581223803,0.506038766280261,0.6719769333977411
899,0.4467857134081684,0.4618569997245305,0.4505868413040986,0.43749836435694894,0.43650669093387173,0.6001116033719152,0.6075670265083978,0.5698210682387777,0.5066068025434582,0.6719292896985625
900,0.447033280245635,0.4616666145110157,0.4508502306392521,0.43807744668021875,0.4369279100184604,0.6047012621241704,0.6089281178915665,0.5713153777567622,0.507179292090755,0.6718648681492826
901,0.4884240476960257,0.4554007686229247,0.4630272703011358,0.4459309872669001,0.42158615318988873,0.7182850220888518,0.6699787123269197,0.5757502669947129,0.5043562280041947,0.6643369815522848
902,0.5314271528723657,0.45257596840522357,0.46752990502892194,0.45025755157622155,0.41336003552221656,0.7492957303017637,0.6868574026890655,0.5695510569777594,0.5089733904025703,0.6491496197934118
903,0.5339781443476879,0.4526051728548828,0.4673295522035717,0.45125589907452635,0.4131630044653809,0.7499720181166551,0.6864580835869019,0.5689924022988258,0.5087765999252085,0.6485735986132021
904,0.5517620817435838,0.4518121316375173,0.46826032707519877,0.4533405641129353,0.41050476560421023,0.7498998497095347,0.6846220004985083,0.5651716559729882,0.5109878131172749,0.6398918658158129
905,0.5542958952791466,0.45183102118828466,0.4679933680127492,0.4543747745707168,0.410405320681783,0.7493132777615512,0.6832788357888067,0.5644498665079215,0.5107116346758266,0.6390854387189056
906,0.5568129402350874,0.4518654285382938,0.46772722994821164,0.4554185354771397,0.410382630089292,0.7485151337822363,0.6817886368755248,0.5637558881938679,0.5104281343818932,0.6382304643173349
907,0.5593116251160921,0.45191619729521526,0.4674621787773655,0.45647114098164326,0.4104367551462079,0.7475073199083421,0.6801585431041919,0.5630924640457698,0.5101370149361185,0.6373268245393433
908,0.5617904245622666,0.4519841773087313,0.46719847671765247,0.4575318957548372,0.41056766837869463,0.7462923129804466,0.6783963540859156,0.5624623237931765,0.5098380217195111,0.6363744819402959
909,0.564204824689542,0.45231429228731873,0.4664965205033584,0.45947262233200703,0.4114706440575586,0.7446151588035369,0.6754983036022063,0.5618256786270495,0.5088934101285719,0.635962539811637
910,0.5666276849997809,0.4524448341435541,0.4662481067807245,0.460553871020865,0.4118370817480207,0.7429217540927824,0.6734693613194641,0.5613344923666513,0.5085798682722513,0.6348867835133053
911,0.5714744038669842,0.45246136544932664,0.4662040171669232,0.46186138540034155,0.41188093148440497,0.739331103696063,0.6701943836450037,0.5604600367889278,0.5085281650776592,0.6320376867607256
912,0.5738330194721963,0.45262751118071676,0.46595036697393827,0.46295389780983304,0.41239176212580453,0.7371350908992994,0.6679082968341079,0.5600344219849746,0.5081887797289841,0.6308431671855481
913,0.5761640364918266,0.45281597988203814,0.46569957551671226,0.4640506529825221,0.41297711922575875,0.7347577384027254,0.6655485613810135,0.5596574542907752,0.5078409451651956,0.6296015238917557
914,0.5784664113525579,0.4530276176791655,0.46545188817366084,0.46515103833830745,0.4136362874135622,0.7322049469078011,0.663126445589304,0.559331468716065,0.5074847299752994,0.6283133048871067
915,0.5807391685430664,0.45326326301416864,0.4652075492360529,0.4662544548576149,0.4143684453837708,0.7294829980847833,0.6606535210469462,0.5590586994173427,0.5071202513248688,0.626979141012733
916,0.5829813995894247,0.4535237447464948,0.4649668023192175,0.46736031747222895,0.41517266476604586,0.7265985234239108,0.6581416098221163,0.5588412688230852,0.5067476752637862,0.6255997449632822
917,0.5851922617702059,0.4538098802343338,0.4647298907870747,0.46846805545772896,0.41604790931890395,0.7235584720944969,0.655602730630518,0.5586811769784445,0.5063672169342818,0.624175910042334
918,0.5873709765809753,0.45412247340131,0.46449705818792325,0.469577112826745,0.4169930344723599,0.7203700779889646,0.6530490442253296,0.5585802911681718,0.5059791406781067,0.622708508660851
919,0.5872335946929881,0.46114097513041946,0.4599141943655594,0.4787334623840033,0.43572442111029036,0.7092349725850284,0.6408347268731328,0.5634703119981298,0.5019033108778915,0.6247612254662217
920,0.5892005790779627,0.4618284964030469,0.4598092388402345,0.4798297020819373,0.4374930527709648,0.7053048768796286,0.6387300856031776,0.5642447376012669,0.5015114524175354,0.6229820512631822
921,0.5911324634143599,0.4625469613484847,0.45970892681197484,0.4809254055579649,0.4393114127875207,0.7012769221478792,0.6366959842286977,0.5650798180113824,0.5011171740193895,0.6211633229238498
922,0.5930287373336546,0.4632967968066387,0.4596135410601927,0.4820202622345338,0.44117699939574756,0.6971597431984721,0.6347429477524587,0.5659753693797202,0.5007212397281106,0.6193066233848025
923,0.6334277174036087,0.4609116596707349,0.4656000069298345,0.4898468420120392,0.43893670624122716,0.620920298605494,0.6098575582697858,0.5666732618480081,0.4991966953607925,0.572316547152358
924,0.634783374610431,0.4616589146581819,0.46540236451877903,0.490954640636036,0.440582766882717,0.6166317772678013,0.6094275582574443,0.5674306577654629,0.49887268668738743,0.5703558837924315
925,0.66798644027336,0.4591981847964361,0.47143818867861775,0.49841208178764396,0.44644293964750004,0.5303000856662075,0.6037416063801807,0.5616401470498494,0.5073467193260641,0.5165053129022591
926,0.6789990916097121,0.4586127680962737,0.47330826660427777,0.5013997608406642,0.4550811642846881,0.5017640603076412,0.6213806937426263,0.5549031382075666,0.5166340155631263,0.49947060332100635
927,0.6794400682344599,0.45896864106609275,0.4729693343110735,0.5021934974411113,0.45652950295874456,0.4997532094880702,0.6253247147572553,0.5549919917720704,0.5171569129962258,0.49897081602133986
928,0.6798527273200367,0.45936893299650927,0.4726560294560014,0.5029665356136572,0.4580117132421778,0.49774848497105306,0.6293238738220778,0.5551166882470857,0.5176939340172608,0.49850161000553384
929,0.6802364009804919,0.459813535621379,0.4723686292181847,0.5037185325439654,0.45952763520856854,0.49574740682033774,0.633364225533099,0.5552750339951934,0.5182452720329912,0.4980628518971643
930,0.6805903808127245,0.4603022840902285,0.4721074009524957,0.5044491569024568,0.46107710680873476,0.4937476237224465,0.637431722705966,0.5554648563922966,0.518811105888552,0.4976543890017751
931,0.6809139205730127,0.46083495745562425,0.47187260188614366,0.5051580876983984,0.46265996158354944,0.4917469334009694,0.6415122709343415,0.5556840185475117,0.5193915992416066,0.49727605049104123
932,0.6812062390416133,0.4614112792834239,0.4716644788200217,0.5058450131834461,0.4642760261037457,0.48974330191617954,0.6455917827474866,0.5559304336839542,0.519986899953018,0.49692764859300875
933,0.6814665230631077,0.4620309183817619,0.4714832678355897,0.5065096298139178,0.465925117148534,0.4877348817387659,0.6496562311269906,0.5562020790975919,0.5205971394934099,0.49660897978318763
934,0.6835932497349139,0.46192843272499085,0.47263799502360476,0.507179439259855,0.47348074842849647,0.4828181543383941,0.6651770993120771,0.5522530176782605,0.526077312186732,0.49613951340121376
935,0.6836455980717956,0.462514585194993,0.4725078239208107,0.5077173543482412,0.475230288244151,0.48094718995129754,0.6689862381949515,0.5524085118865645,0.5268915135347408,0.4961783327899077
936,0.6836606662053805,0.463141857927395,0.4724063658496445,0.5082301572982414,0.47701512691707065,0.479056095337741,0.6726907405025656,0.5525862375944669,0.5277188062756456,0.496243471951264
937,0.6836375094668388,0.46380968787229376,0.4723337634363267,0.5087175349221877,0.47883490302782344,0.4771449657120836,0.6762786811370806,0.5527853345575764,0.5285590093507462,0.4963345193786515
938,0.6776378422675094,0.46194115781910755,0.47613842079161856,0.5061108116721798,0.5021672230799042,0.4866364787100072,0.7066439757091996,0.5373516376935596,0.5458534077142897,0.5197273499366735
939,0.676903217440067,0.4622690331134738,0.47614436063873566,0.5062214392421698,0.5041477527378148,0.4849595264966968,0.7077968987818674,0.5372993044798161,0.5471616753230868,0.5205901215058201
940,0.6569339634175609,0.46132523535773323,0.47765827733675353,0.5010105443894086,0.5194954822427698,0.5022903025574657,0.7066380730774529,0.526161577951902,0.5600471670689218,0.5552338646365041
941,0.5587245544916927,0.4626926384671573,0.4739148967230843,0.4841999958718355,0.5258485222595368,0.5660075730336027,0.6311585885646761,0.5151835950918507,0.5770525175401476,0.6393848100656788
942,0.5563349295863629,0.4623608287341132,0.4740371433169296,0.48357806346766835,0.5272514015469559,0.5684953745413162,0.6283594193414835,0.5161772429212391,0.5783284751745451,0.6404359289875102
943,0.5162139631929469,0.4638362739463741,0.47084189792122816,0.47898875678054686,0.5205776475328615,0.6054460379552284,0.6013533528828883,0.5208705466542042,0.5782285447788803,0.6598055341370396
944,0.5141079410170477,0.4635442013970155,0.47097005645473955,0.47838064403251385,0.5218604666347201,0.6091289106874123,0.599406509547406,0.5222427288869054,0.5792243024611134,0.6607828437553922
945,0.5120237245233987,0.4632637009426902,0.47110455568486,0.47776254129622786,0.5231367114417155,0.6128229999415696,0.5975184004350467,0.5236756133113686,0.5801838622248706,0.6617347134968907
946,0.509962857856938,0.4629945895831177,0.471244864257699,0.477135754371742,0.5244049253724181,0.6165166784600108,0.5956879323646072,0.5251674395978386,0.5811062291070634,0.6626594353653918
947,0.5079268362012379,0.4627366939518258,0.47139044276183384,0.47650162256149337,0.5256638203384815,0.6201982875048553,0.5939137635539676,0.5267162929981094,0.5819905002506445,0.6635552949215295
948,0.5059171040710199,0.46248985053116987,0.47154074466751517,0.47586151594634357,0.5269122836847925,0.6238561824885935,0.5921943246978502,0.5283201095151318,0.582835864617916,0.6644205774379405
949,0.5039350537695674,0.462253905833931,0.47169521728655434,0.4752168325695913,0.5281493841422873,0.627478778340258,0.5905278409609253,0.5299766816999256,0.5836416024310381,0.6652535740528172
950,0.5019820240104081,0.46202871655221067,0.4718533027505652,0.4745689955369473,0.5293743767535622,0.6310545944038137,0.5889123547476531,0.531683665053605,0.5844070843496731,0.6660525878949615
951,0.5000592987019084,0.4618141496743597,0.4720144390051483,0.4739194500410131,0.5305867067366918,0.6345722986688036,0.5873457491072948,0.5334385850092199,0.5851317703966186,0.6668159401539362
952,0.4981681058927735,0.461610082570707,0.4721780608175518,0.4732696603193481,0.5317860122582148,0.6380207511376922,0.5858257716303245,0.5352388444651933,0.5858152086430877,0.6675419760694283
953,0.4963096168758171,0.4614164030488795,0.47234360079527515,0.4726211065556878,0.5329721260919847,0.6413890461397179,0.5843500586911274,0.5370817318393276,0.5864570336660944,0.6682290708146341
954,0.49448494544675853,0.46123300937952283,0.4725104904130391,0.47197528173434417,0.534145076146475,0.6446665534073187,0.5829161598912426,0.5389644296096763,0.5870569647910234,0.6688756352491881
955,0.488904195246983,0.4613442361305476,0.47220099493320783,0.4711173539315698,0.5337820960771573,0.6528399561258266,0.5804125616423638,0.5424857977593118,0.5863822929413426,0.6712491461942365
956,0.45871807118664215,0.46704742262669025,0.4631812553258065,0.4796859955766974,0.5060519437277038,0.7213763812791459,0.5837427498348225,0.5703171125201435,0.5582200267638913,0.685795005779435
957,0.45882565433719963,0.46728213741082403,0.4631809489923901,0.4796619630158636,0.507895099860686,0.7220519603767891,0.5831725002570924,0.5719033766665126,0.5580174963542756,0.6859902417444704
958,0.5245468176379374,0.47608916801484386,0.45060591838823605,0.5130815009832175,0.46414952659207487,0.6967490864103425,0.6121972308914679,0.596938862846821,0.5137413856364318,0.6560996561763706
959,0.5263197749498798,0.477161643196444,0.45043992150887296,0.5134603319376397,0.4664085929734005,0.6929383833151993,0.6118495523065147,0.5981776091387987,0.5128222019442116,0.655191991495998
960,0.5375236693039095,0.4788160693906483,0.44948896936135746,0.5166113060738357,0.4650575336500205,0.678968413219578,0.6137393028581398,0.6006347719296719,0.5095430702974955,0.6482570819288636
961,0.5778540586508211,0.48159688604551487,0.44716607303289446,0.526967029890821,0.4550209444481133,0.627222951417824,0.6224060783477451,0.6049965227767297,0.5035821052588799,0.6183252652486689
962,0.5888794008179816,0.4832755807472056,0.4467755578268339,0.5296288940643904,0.4546887121423696,0.6101731491079142,0.6257858443747515,0.606598880402133,0.5027030465254381,0.6087072840020604
963,0.5904278139437765,0.4848198846444681,0.4466686799624109,0.5301016679966896,0.45657443562832933,0.606050574553606,0.6270998307323065,0.6079156819227421,0.5019719858191499,0.6072129895245664
964,0.6139233298898903,0.48656365401921636,0.44644237827943106,0.535726635764643,0.45482283534153595,0.57055063532739,0.6363862587051374,0.6090195493806568,0.5032186650035125,0.5840996717835539
965,0.6151780008143113,0.4882736417877728,0.4464202622397411,0.536260823788425,0.456521890065476,0.5668354837836198,0.6385772555990736,0.6102331061058854,0.5027342861897823,0.5825204471110964
966,0.6490953474174843,0.488837072577598,0.4484732092608806,0.5452053299776435,0.4598298040419458,0.5157019622741529,0.6591809716920037,0.6064584381150541,0.5128744415567538,0.5424678337807912
967,0.6497577715482491,0.4906997575926273,0.4486365446088987,0.5458517229178113,0.46138991758978964,0.5128729144704464,0.6623154268550763,0.6071739025316891,0.5129456543635427,0.5410429880526814
968,0.6503700449163068,0.4925952957356396,0.4488323343059461,0.5464913758565962,0.4629657532328873,0.5100780458154088,0.6654721662218623,0.6078679995766124,0.513040692470034,0.5396255084308331
969,0.6509314908025574,0.49452308527392175,0.4490609013576833,0.5471244153255843,0.46455726793055785,0.5073168249040009,0.668640530187483,0.6085372442205447,0.5131602238574423,0.5382161226224043
970,0.651441445737333,0.49648250508915004,0.4493225512161102,0.5477509108721638,0.4661644725088105,0.5045887575800504,0.6718098232250671,0.6091783077056656,0.5133048852768948,0.5368155550947986
971,0.6518992614926096,0.498472915482137,0.44961757188856893,0.5483708728193983,0.4677874283721343,0.5018934032251684,0.6749693580916564,0.6097880329019079,0.5134752804653075,0.5354245270286935
972,0.6523043071174555,0.5004936589387018,0.4499462340586377,0.5489842503107347,0.4694262437545935,0.4992303901934547,0.6781084994464377,0.6103634488284573,0.5136719783864484,0.5340437562711553
973,0.6515792567573125,0.5047677267266136,0.4504892918121713,0.5497366809028292,0.4721079103134037,0.4957934086593508,0.6830853042452588,0.6120060911637678,0.5132606846121981,0.5331753513228786
974,0.6518533055914438,0.5068738039621056,0.45090770957761345,0.550324271220477,0.47378956813654227,0.49318543362010586,0.6861126187785782,0.6125020809264912,0.5135070470570395,0.5318093392341768
975,0.6520724480835697,0.5090075725414687,0.45136021974987467,0.5509050385650399,0.4754866038268826,0.4906101305766968,0.6890830251181799,0.6129541859448298,0.513782005262628,0.5304556341227993
976,0.6786571753966938,0.5025438292006655,0.46465146273963076,0.5635791904977513,0.5137875415547707,0.46867189141723636,0.7184590611490757,0.5829344280716252,0.5498816143787226,0.491686185856755
977,0.6778009577253233,0.5045581607477122,0.4655767100812419,0.5639492642310945,0.5159491181681038,0.4673441281570427,0.7195330382508677,0.5821976187407201,0.5510993532836753,0.49129157413764935
978,0.6768882291556657,0.5065899491824856,0.466543579853985,0.5642834491490804,0.5181448895753235,0.46604854614388325,0.7204311794017391,0.5814484448604104,0.5523235499769337,0.4909262373312085
979,0.6759192241361512,0.5086380773937186,0.46755166326336356,0.5645806346818778,0.5203732326903081,0.4647880164632742,0.72115211696866,0.5806898899603452,0.5535533947981063,0.4905903225389211
980,0.674894233919288,0.5107014167012673,0.4686005089811733,0.564839713477429,0.5226323766303219,0.46356546653744085,0.7216950372696617,0.5799251073615804,0.5547880578981155,0.49028396694638676
981,0.6736217613915201,0.5071131653808286,0.47816801809621434,0.5652083449229828,0.5438747890179456,0.4754231210292962,0.7187060976410762,0.562816488480956,0.5721512546642964,0.49146047639862955
982,0.6721412614161201,0.5089953892557562,0.47940453807022826,0.565067189899264,0.5462164599474129,0.47485376987675587,0.7178613486136795,0.5619722265329752,0.5735479495783372,0.49163417666203696
983,0.6706099639048027,0.5108846771241122,0.4806772679246292,0.5648761022597657,0.5485659878459884,0.4743434593994313,0.7168574637383358,0.5611624986299175,0.5749343500077949,0.4918369635253788
984,0.6610301873936559,0.5051441758935595,0.4931758539878977,0.5590878617034328,0.5690249653096259,0.5010526949631248,0.7001663693105596,0.5427533015515469,0.5934255602906697,0.505271512886952
985,0.6590624204581954,0.5067222592217626,0.49456472077355956,0.558358265099735,0.5710991256709516,0.5014379566553495,0.6979308195339011,0.5422536915266467,0.5947977404312704,0.5059429330670371
986,0.6570546701734348,0.5082983224032179,0.4959805694147052,0.5575757888284913,0.5731424345078955,0.5018925897269149,0.6955960695020333,0.5418283996438104,0.5961429632057678,0.5066376123936136
987,0.6550084195824847,0.5098710923381383,0.49742220590235564,0.556740927223312,0.5751508718883861,0.5024162123713182,0.6931680210009913,0.541480314398684,0.5974601959331466,0.5073549678344559
988,0.6492567486735097,0.5092045990091545,0.5020733944060606,0.5529766828324206,0.5804490545008354,0.5123806113033462,0.6845392480391534,0.5374839241563669,0.6026469021458507,0.5134364743855097
989,0.6303558936651837,0.502939040059893,0.5145770796625339,0.5394972750532567,0.5886799549807679,0.5496403796440308,0.6567292661573343,0.5272777548593982,0.6153645826511659,0.5366546696354901
990,0.6111232897319933,0.49852606755657275,0.5241080264202158,0.5270081072464299,0.5893993752179406,0.5818953054095265,0.631637095012704,0.5232525506258962,0.6226167286449853,0.5577414657212627
991,0.6086549374501337,0.49935325774261974,0.5254787209587976,0.5254759157500886,0.5900307852085149,0.5837980829067514,0.6285824206295872,0.5241244846981147,0.6234305950812906,0.5589518938077788
992,0.6061810754456263,0.5001664524687549,0.5268548817189157,0.5239188927006703,0.5905938080807137,0.5856901071205222,0.6255417348629516,0.5250769991987965,0.6241944537584139,0.5601629314236837
993,0.6037037848603903,0.5009648233838669,0.5282353867070138,0.5223392710156904,0.5910882723020552,0.5875652349676359,0.6225171581893667,0.5261084317937588,0.6249078027290178,0.561373226973089
994,0.6012251491437531,0.5017475672231234,0.5296191255584769,0.5207393439933921,0.5915142985338355,0.5894173603767161,0.619510590118181,0.527216905563457,0.6255701875817327,0.562581424035442
995,0.5987472516795445,0.502513906705598,0.5310050020759255,0.5191214620127288,0.5918723018050855,0.5912404415409239,0.6165237181673341,0.5284003354682202,0.6261812007618138,0.5637861644943454
996,0.5945903438896281,0.50276932633134,0.5331178385829053,0.5164040203671667,0.5917489938355617,0.595804555530268,0.6116658444612332,0.5296796478353208,0.626991155652131,0.5667893814377998
997,0.5494431590031099,0.49510483410534833,0.5489740591264608,0.4953493053933203,0.5749732758274151,0.6586580226037478,0.5671620539681619,0.5383855701589259,0.6251971907204609,0.6085879609034299
998,0.5473598785509065,0.4953981081300328,0.5501010096524523,0.49395047270366127,0.5748427197636714,0.6597926100229663,0.564818654552093,0.5400314713907588,0.6251491716131996,0.6097618172541015
999,0.5453066716989071,0.495679068066766,0.5512213012300288,0.4925592339772229,0.574712366512475,0.6607876537768875,0.562511460507016,0.5416991663202343,0.6250449873638071,0.6109119169618609
1000,0.5432851539044793,0.4959476255063513,0.5523344189287187,0.49117754976828787,0.5745859218334654,0.661640472892152,0.5602402193138494,0.5433859468621893,0.6248848695355285,0.6120368490182859
