time_step,site_0,site_1,site_2,site_3,site_4,site_5,site_6,site_7,site_8,site_9
0,0.0,0.0,0.0,0.0,0.0,1.0,0.0,0.0,0.0,0.0
1,0.0,0.0,0.0,1.1763769828201134e-06,0.01069889632665147,0.9999712173937049,0.00021812825154470596,0.0,0.0,0.0
2,0.0,9.328723304144415e-12,8.507310051142862e-08,3.681812142051961e-05,0.21629947761364954,0.9868365459971877,0.0008084721155303355,1.5775368618532993e-05,1.729906261664245e-09,0.0
3,8.977061430362265e-16,4.5868293022534625e-11,1.2611131477418373e-07,0.00012597718992483,0.22821679330645314,0.9852398543283176,0.0017806150583315101,1.8202589391847623e-05,7.4414763259843055e-09,1.894968236473361e-13
4,9.897195388711146e-15,1.3735823542696388e-10,2.2331661350743572e-07,0.00027308339738325047,0.2403265139304494,0.9835090598898982,0.003128879761358477,2.214499158563372e-05,1.836728321041021e-08,1.7911606367730999e-12
5,2.393924344088037e-11,7.34132995064594e-09,5.11287797443122e-05,0.000694227463422024,0.7493775594406962,0.7506169961520052,0.004261592243898386,0.0007276390654430159,1.678062307377045e-07,3.174555574653929e-09
6,3.459036033195171e-11,2.6645638123176987e-08,5.499121835115864e-05,0.0013400990604573427,0.7597262984722499,0.7400724261889885,0.005589817498737316,0.0007615381454723041,4.85430053259749e-07,3.67101148717402e-09
7,5.939729845472097e-11,5.989423734120452e-08,6.06929434386783e-05,0.0022168783352553003,0.7698418240533885,0.7293238902845371,0.007105469574444136,0.0008021503946676568,9.84511398051005e-07,4.603993348520705e-09
8,1.0799543744671542e-10,1.0975727632140799e-07,6.84970820946396e-05,0.0033304887979919407,0.7797182707533667,0.718379290292048,0.008800451352609246,0.0008498496625127829,1.6811088442622653e-06,6.117069136531514e-09
9,1.9568110083118322e-10,1.798420428691581e-07,7.87428718553454e-05,0.004686580331323776,0.7893502753681014,0.7072470489837849,0.010666550264124388,0.0009050622473845251,2.5941883358071303e-06,8.41869888400116e-09
10,2.077318606892968e-08,5.205259576544356e-07,0.0008654565860783041,0.006521038671659653,0.9688275602526661,0.32185753745616186,0.011733733453481424,0.00349821366621524,4.836942533245029e-06,3.411901841130962e-07
11,5.382650470877818e-08,1.2366630688499277e-06,0.001491116834513545,0.008707908132080024,0.9912027106395389,0.17856718526212761,0.012471517811337374,0.0049075283822583495,8.353919968220875e-06,7.144293777009957e-07
12,5.963527761983402e-08,2.305216669760138e-06,0.001560468464616576,0.011281950740703916,0.9922414896609405,0.16803058784557764,0.01321510920736981,0.005035399892375241,1.2998323818991783e-05,7.641308609898777e-07
13,6.810067854597745e-08,3.7543639154781087e-06,0.0016429588343543407,0.014243284625921162,0.9931744702595539,0.15779046478579875,0.013958117637560665,0.005170081454728056,1.8812946153300546e-05,8.294317672947831e-07
14,1.3084505719852168e-07,5.8367357039109365e-06,0.002148752913044918,0.017576971002385134,0.9966474492434385,0.1111204639450364,0.014560017246598403,0.005883893378618892,2.6175793829352004e-05,1.2798570835414032e-06
15,4.3338835795544206e-07,9.248939614570583e-06,0.003790143581077273,0.02119198354004025,0.9995831325548805,0.03447514217972849,0.01480083737836709,0.0077023349469917,3.5848120836682064e-05,3.0534992974503513e-06
16,4.778657447589908e-07,1.3584729173716798e-05,0.003961821801244075,0.025205076409666592,0.9996000908110291,0.030623358594957694,0.015021500732471391,0.007856915889323956,4.728602566174345e-05,3.266502343967166e-06
17,5.349375597299686e-07,1.891172356395666e-05,0.004155956934582045,0.029610165943749406,0.999588955715226,0.027210806888191427,0.015215684344501709,0.008013653706189939,6.053454570623621e-05,3.5222586276879158e-06
18,6.064934185896213e-07,2.530646185189261e-05,0.004373810303802664,0.034402695526919255,0.9995493812078392,0.024240428420821955,0.015382863361027971,0.00817223063855415,7.563818349891525e-05,3.825007632187724e-06
19,6.948075384114327e-07,3.285490991143058e-05,0.00461675353088985,0.03957748293806961,0.9994805014829925,0.02171441574947044,0.015522686074268797,0.0083323171351464,9.264071019088334e-05,4.179574165928221e-06
20,8.025709776087875e-07,4.165291541580664e-05,0.004886266576188645,0.045128731832939646,0.9993809367335679,0.019634209553084064,0.015634973584462135,0.008493572162208304,0.00011158496160662585,4.591381341001781e-06
21,9.329276768057904e-07,5.1806693630401026e-05,0.005183935527060998,0.05105004482526707,0.9992488015473509,0.018000497655536248,0.015719719201164082,0.008655643586258619,0.0001325126308831627,5.066462930124811e-06
22,1.472803560633995e-05,7.422550379726123e-05,0.023925561803357486,0.05543343676732254,0.9765115842413462,0.27853692263049845,0.015293025108207048,0.014284007768228434,0.00015734994381264014,4.544542810166039e-05
23,1.5390516766875128e-05,0.0001021190484537723,0.024502420344794704,0.06021489744447238,0.9741297015432676,0.2908015304605425,0.014966950626501233,0.014363497909378497,0.000185176530834979,4.6954984226608835e-05
24,1.6210798746250957e-05,0.00013569866137657413,0.025124120343121926,0.06525335608680358,0.9715756210024358,0.30319109621586166,0.014715372425182928,0.014425747465707173,0.0002159837271317744,4.866370694558182e-05
25,1.7200762601103263e-05,0.00017518283862453786,0.025791616738401763,0.07053916027140666,0.9688433263862458,0.3156898407302489,0.014544059079588946,0.014470315596515617,0.0002497529443544118,5.0580699483307695e-05
26,1.8374295595405904e-05,0.00022080590078665916,0.02650590470632896,0.07606240706553549,0.9659270647740171,0.3282820357567489,0.01445878807776157,0.014496804606972427,0.0002864560858211646,5.271583233147018e-05
27,0.00015290474961572674,0.00027554031583873267,0.07146681064145989,0.07578451831847717,0.37680020339936493,0.9551772127775848,0.016559586849133095,0.009193580885347157,0.0003016430930410016,0.00023518642060684828
28,0.00015595159401636175,0.0003454876357333916,0.07187586547557473,0.07665433133575097,0.36470615201934276,0.9583169236972074,0.019002754103717177,0.009023707760482107,0.00031825567203462015,0.00023788295777049144
29,0.00015978695488323832,0.00043091275169482133,0.0723031727819107,0.07753620857757411,0.3527412575404247,0.9612735063174679,0.021821345222432013,0.008828413936431008,0.00033623197728546185,0.00024089296519881663
30,0.0001644367412284144,0.0005319228037473262,0.07274797190224956,0.0784265822216782,0.3409194293198344,0.9640505175761929,0.025016779113250176,0.008608623138107127,0.00035547353339641615,0.00024421798294485146
31,0.00016993152221528443,0.000648623192008706,0.0732094887741547,0.07932200708527153,0.32925439971040055,0.9666514446334479,0.028589855544783375,0.008365409778747966,0.00037587190833713734,0.0002478595402814547
32,0.0005054935184951778,0.0007279141216420595,0.07662283249167624,0.07945607772062364,0.11798934069840411,0.9959002967354004,0.0335286988390715,0.0003820165153196302,0.0003762749596457414,0.00037440317401885443
33,0.000512892963173255,0.0008218238231746395,0.07623767536404397,0.0797813084265045,0.1235414753599479,0.995426211996777,0.03881815033160761,0.00037620042537278743,0.00037630216107987184,0.0003754593684329053
34,0.000521685439189519,0.0009308229207586481,0.07582489039565839,0.0801507755595688,0.12941130499649528,0.9948868694511166,0.04446719351523374,0.00037820155816653653,0.0003762777474669587,0.0003765496181473432
35,0.0005318936697999775,0.0010546931903725703,0.07538405633352602,0.08056772087038086,0.13558905386749526,0.9942761610441735,0.05046677379374536,0.0003898528261800363,0.0003762186316037107,0.00037766827619701714
36,0.0006737805700363391,0.0011697811740338357,0.06821973288423078,0.08187248016567153,0.24313795275938332,0.9820015075406887,0.05653227385533071,0.0015505991994115454,0.0003778496827172143,0.0003766445011077027
37,0.0006864932889410329,0.0012971939189612217,0.0675573986270594,0.08302102946223686,0.2531289394048286,0.980249555173079,0.06289132089369365,0.0017259596413156228,0.0003797418382257183,0.0003767815608696407
38,0.0007007253179873515,0.0014369691081279113,0.06686081468675,0.08426653131994,0.2632742190874313,0.97836003900884,0.06953260515349322,0.001924172036391425,0.00038226317229848384,0.0003768402205976006
39,0.0007912405198583642,0.0015767697680644725,0.06233381235961924,0.08607410401080914,0.3279188000088656,0.9655810567318719,0.07623610111853002,0.0034796487844578157,0.00038802171900654,0.0003690583197546553
40,0.0008085001431157072,0.0017270959215945952,0.06152139775932039,0.08787578300718614,0.33910379965419934,0.962730892951524,0.0831821298477252,0.0038044060158431755,0.00039481591721087894,0.00036857443153937014
41,0.0008273462181363011,0.0018877854233908468,0.060674475430614584,0.08980340396016678,0.3503442543733682,0.9597080139288643,0.09035749862061791,0.004160890153798326,0.00040301334593680126,0.0003679669141575918
42,0.001082746230520546,0.002023858097935958,0.04886194049566484,0.09313186893973742,0.5033672820694651,0.9093652755429504,0.09700073955486531,0.010597900084505516,0.0004244867710147654,0.0003309514918380611
43,0.001104633777811427,0.002166214141540265,0.04790127165928917,0.09632142442086883,0.5150700289338127,0.9038809718080738,0.10382277309604175,0.011233701777431477,0.0004483745948772432,0.00032947972095303884
44,0.0011280842228516418,0.0023152065347465237,0.046909171408829844,0.09968853146864276,0.526658996728294,0.8981952129858201,0.11079161920098902,0.01191196727244958,0.0004758770908365164,0.0003278246089822921
45,0.001153108306013797,0.0024703860232431723,0.04588693729281791,0.10323572279772468,0.5381227569654121,0.8923088937634911,0.1178960946162811,0.012634351821381966,0.0005072629199683117,0.0003259940933433768
46,0.0019330741246986556,0.0025714749061086146,0.03653259109718916,0.11016661877760638,0.9726783630076397,0.28260116576896727,0.11450565397162028,0.11736028558618787,0.000684001472107252,0.00011954172572655497
47,0.0018865645267771866,0.0026800688627390467,0.0386604695804747,0.11699097006598407,0.9684761831479841,0.3022370588188303,0.11488727154500246,0.1169109000281619,0.0008678234742415479,0.00012916505121248931
48,0.001862290901609022,0.0032084163389635933,0.03978560513139466,0.14677976025995332,0.9642234593498337,0.31216380184605014,0.11694225507519998,0.11661631132458214,0.0018581243921166762,0.000139021317252068
49,0.0018297687304729728,0.0033647364770316417,0.0411189127243933,0.15475173372434053,0.9613896771289931,0.32218512042520536,0.11764365569141523,0.11616550198256127,0.002168570347857059,0.000149948506079403
50,0.0017954285998154104,0.0035340194467966897,0.04251626358732774,0.16287343034499469,0.9583852474163355,0.3323035006261266,0.11844948547408328,0.1156576978008258,0.002502717002619038,0.0001623602422882279
51,0.0004965657829331038,0.003917498792166928,0.10725767409719036,0.16460787269541471,0.7345470090210631,0.7534047081313707,0.12444010466667031,0.07854007452485531,0.002750519644709376,0.0009259465320979989
52,0.0004730881561785091,0.0043331781003828505,0.10889764789245926,0.16885506374788553,0.7250503430090958,0.7617422798084434,0.12879364670643595,0.07728388179327884,0.003003578087039757,0.0009530694056544304
53,0.00044909902746894466,0.004776670253347455,0.11058437179862513,0.1731209618919009,0.7154464486862351,0.7698337368130673,0.13340763618471774,0.07596909779345058,0.00326845828629589,0.000982251461587329
54,0.00042475747633203897,0.005248403783432705,0.11231726791046912,0.17739920462045125,0.7057448707251507,0.7776747924098317,0.1382824578611869,0.07459768730914712,0.00354446660144514,0.001013529773924353
55,0.00012139728377459322,0.007056329087820631,0.1391753541671458,0.18423160280344344,0.5442728789322738,0.8825974059760506,0.1592223892135006,0.05199457459503212,0.004210663026245509,0.0015704259805430474
56,0.00011436426346734502,0.007721564416349802,0.14085210530232417,0.1870527207124063,0.5336255598730503,0.8869722842755479,0.16645963415498125,0.050483006328372076,0.004446611963763558,0.0016123902602518032
57,0.00010883222650624676,0.008420341010398874,0.1425563807578628,0.18984080565663097,0.5230398993911263,0.8910829337249597,0.17396957613330222,0.04893936317709271,0.004686014262968893,0.0016563901805856753
58,0.00010504526556139475,0.00915290994275149,0.14428702488645484,0.19259217633518733,0.5125276095771761,0.8949290649337338,0.18174730687432034,0.04736715331461578,0.0049281346060755776,0.0017024364968958217
59,0.00010325874922181178,0.009919510223117479,0.1460428542465444,0.19530331418962632,0.5021002839987888,0.8985104793660479,0.1897874446229594,0.045770043170123745,0.005172226948831599,0.0017505384113429866
60,0.00032824769921229455,0.010789980837790836,0.1746734805914239,0.19401432680144057,0.33320301416126435,0.9525910808816156,0.1998144929367887,0.020845863174308633,0.005304250903272314,0.0026901859729790718
61,0.00037107659275552725,0.011698455595510264,0.17603816384171225,0.19515501230860216,0.3249111699530461,0.953279098844632,0.209670420941809,0.019732841604327863,0.005433096846783295,0.002744900048160896
62,0.00045113939265614315,0.015687640828221987,0.17737987873142547,0.200061294299708,0.3163994839134125,0.9492702147397095,0.2509465660891481,0.018631854791852302,0.005946319491105012,0.002802208286221232
63,0.0007293841976186043,0.016785288227054933,0.18432091765709618,0.2002986158190089,0.28104221528054757,0.9547363886523043,0.26194864374672233,0.013406872004395883,0.0060422927374286705,0.003106375911078872
64,0.00154387927137954,0.017933301923071403,0.19607051805958337,0.19941723850640256,0.2276717237542264,0.9617583406165618,0.2734513508639429,0.007003091903587295,0.006070619132282206,0.003719913151674411
65,0.0038430206561716196,0.0190842625084585,0.20849644608735074,0.19789437309186508,0.19949061177423294,0.9635384040257405,0.2850785921769353,0.010926166351031925,0.006009310785753182,0.004747663012514425
66,0.004018366967148494,0.020258586065058152,0.20880781248977873,0.19781566440445245,0.20064612001522178,0.9611891070133746,0.29681801367938193,0.011759028593464177,0.005953305132574325,0.004804035463261665
67,0.004203248761991049,0.021467170143815297,0.2090730792703451,0.1977408677862134,0.20208609504380257,0.9586678965460265,0.30864315002611314,0.012680827339601514,0.005895400329810126,0.0048594805499502895
68,0.004397943187583145,0.022709282934501418,0.20929130493342876,0.19767296167423995,0.20380318774918105,0.9559717989084654,0.32054116026135443,0.013695493531323733,0.005836052292340967,0.004913931087980306
69,0.0046027293145911325,0.02398415353210049,0.20946160131164324,0.19761496175813817,0.20578969634488906,0.9530979905665152,0.33249923555885946,0.01480693041768878,0.0057757578247477626,0.004967322539063894
70,0.0048178876059580145,0.025290972339011394,0.20958313556840222,0.19756991458817086,0.20803758915838377,0.950043824279126,0.344504623816684,0.016019005290303725,0.005715055665777,0.005019593392930233
71,0.005043699371496884,0.02662889153228102,0.2096551321699682,0.19754089109602402,0.21053852779544352,0.9468068546311204,0.35654465362255994,0.01733554113602946,0.005654527488363894,0.005070685564849316
72,0.006873863221788835,0.027952914279407198,0.20889703081583375,0.19775876431408196,0.2394330603234161,0.9396452460393344,0.36812679775281687,0.030863894545601164,0.005584514455951171,0.005353029715871083
73,0.009778782052623529,0.029206372181887735,0.20375295471600186,0.19893319551517238,0.302056253414702,0.9253588601879933,0.37857332713374675,0.057403247032174844,0.005534919827957998,0.005607496096631531
74,0.010087894027113737,0.03046931478180138,0.20302277808805638,0.19963622152867244,0.3087586834374367,0.9208974630009787,0.38950772788064403,0.06025952928618002,0.005506090990097058,0.005642445016937915
75,0.02730702173779816,0.030878953986183087,0.11218038608489969,0.21360550131354217,0.7845587050421816,0.6479183526695131,0.37039029540972007,0.28612048290250325,0.006014600928716895,0.00422549558826108
76,0.02752675066472888,0.03124700551342692,0.11023389390340133,0.21973220434196075,0.7896312243814757,0.6395163641739757,0.37365248445270405,0.2896637955056255,0.006570319118701473,0.004215791731420167
77,0.027751886051209047,0.03161682517917608,0.1082416385457779,0.22607853305831807,0.7944638107902664,0.6311604495861229,0.3768177951478954,0.29323002585491226,0.007204615900776786,0.00420447669990618
78,0.031842449554295944,0.03163061058520585,0.04315949621711385,0.23801319590406567,0.9218804825343301,0.38413550359793963,0.3537662054650321,0.39300972261562794,0.008412138191007812,0.0016922501141994964
79,0.03095915630256818,0.0316199149816167,0.03341258047439444,0.24802271081360364,0.9300652570134293,0.35333785000038187,0.3511255080404681,0.4022214103045655,0.009712435689831475,0.0011580110429872084
80,0.027133472609178765,0.03174436713098622,0.03526672465242364,0.25774598121202424,0.9192576601356929,0.3828526323196284,0.35532368642930595,0.38908389862102755,0.011146385136449784,0.000828818114888285
81,0.02343226727578614,0.03201587766706431,0.049029723709227965,0.26667073601471775,0.8932777029511456,0.44838222181080023,0.3637924792015892,0.36225660839536056,0.012560177655566492,0.0011600483685126786
82,0.018105932656911475,0.03255390976144505,0.07767951764792741,0.27378542761055485,0.836873949347277,0.5570263827286537,0.37813001508897476,0.3126075398785449,0.013886966681119406,0.002187635480071153
83,0.007977896156426646,0.03366988778487282,0.1540732845927723,0.27383458913305875,0.6468715850340226,0.7639505368369206,0.40456490668851974,0.18695694880164507,0.014791603182891534,0.005760925943009551
84,0.007720584669235086,0.034885804394682814,0.1566420701153057,0.2784898170719942,0.6386147381470381,0.7671541598037201,0.41205531557690994,0.1827453064331743,0.015639652936431468,0.005905889592342079
85,0.007462943230274094,0.0361427572645172,0.15924823235005328,0.2830841452705079,0.6303769246628751,0.770095497567888,0.41968470968877486,0.17848402010959236,0.016505421809650304,0.0060588546248638185
86,0.007205555771481901,0.03744109290020258,0.16189066061318838,0.28761380164469114,0.6221664792877349,0.7727727915169531,0.4274464560141276,0.17417828458209703,0.01738682190177303,0.006219807743526861
87,0.0026952120924855507,0.03908095639835952,0.21428819401280255,0.28460392801459794,0.4729767970817965,0.8494049656219772,0.4430211847227561,0.09375150175433258,0.0179275383204026,0.00958640633438996
88,0.0025801012162198914,0.04082941101871945,0.2167376689739901,0.2869795473497693,0.4652764909342043,0.8489707789559652,0.45284277069917783,0.0901817789290852,0.018449692028284823,0.009763822341964865
89,0.002471847725202228,0.04262533971299401,0.21919256996598527,0.28927829924954146,0.4577342319543191,0.8482597649488517,0.4627404957043475,0.08663646231553503,0.018966814332482578,0.009946368241474043
90,0.0023711617258145453,0.04446856689412335,0.2216512529223132,0.2914992620604992,0.450355974273117,0.8472728925180434,0.47270471057835034,0.08312235278028819,0.01947751151894484,0.010133908790124524
91,0.0022787678397917714,0.0463588834972913,0.22411206612532367,0.29364165873806825,0.4431473224392382,0.8460113145149196,0.4827257224910816,0.07964636485837018,0.019980415461843534,0.010326302271220968
92,0.002195404559613799,0.048296046473444196,0.22657335198620515,0.29570485457179313,0.436113521698528,0.8444763723499832,0.49279381696164515,0.07621551780919425,0.02047418697554197,0.010523400447323781
93,0.0021804362284863696,0.05229508812210146,0.22897978948699466,0.3000316436677546,0.42877391657084035,0.8384254186848688,0.5128274001746983,0.07283364869611068,0.02145043381175312,0.010725898762212086
94,0.002116971757473735,0.05435320196988708,0.2314571861329445,0.3019432144682159,0.42219427551454813,0.8361904976835735,0.5229107063287247,0.06948603762419314,0.021930669954404906,0.010936367515470228
95,0.0020653348239782644,0.056456736483660244,0.23392988436111026,0.3037736261142366,0.41580298439092894,0.8336886395217008,0.5330049196357562,0.0662093825775434,0.022397169400687592,0.011151082981349238
96,0.003399399108141741,0.05889115636306379,0.2897593576522561,0.29500681940760454,0.304591158219617,0.8598201172578566,0.5451460086484814,0.021834433690442388,0.02235257695734537,0.016664878429936174
97,0.009536232016526591,0.06143315711030805,0.31314249849713754,0.29028954820110736,0.29225394200679683,0.857178673115026,0.5556536470747223,0.04544485699965331,0.02210896701900353,0.01992496024696286
98,0.010062710028193497,0.06395339392131391,0.3137984201093824,0.2900392268569334,0.2934182539199246,0.851416986935015,0.5663973505401142,0.048018915608650424,0.021944986158948892,0.02007960936639856
99,0.010612750178147067,0.06651135209889873,0.3143889910395983,0.2897955672055342,0.2947595530222999,0.8454751362172226,0.5770139012394816,0.050760123155929066,0.021783475622754338,0.02022825368783268
100,0.011186824835639767,0.06910552390515684,0.3149135163469731,0.2895615613748017,0.2962702519986796,0.839357262875291,0.5874951870126973,0.053671026024830835,0.021625909594966065,0.020370739334182198
101,0.011785395144082807,0.07173435943776137,0.31537137409853777,0.28934017719863664,0.29794264440487206,0.8330678274380126,0.5978333863736363,0.05675397049462544,0.021473828943655727,0.020506926965210854
102,0.01240891003880605,0.07439626808640276,0.31576201692627875,0.289134352184007,0.29976892385639803,0.8266116107208061,0.6080209738378081,0.0600110954809591,0.021328840933048165,0.020636692796430378
103,0.05771350496189379,0.07580951348755122,0.2495552415029598,0.30453526087319305,0.6128804590079779,0.6940323176418477,0.557734503063817,0.4166078014014985,0.021871531692949874,0.018368658337667355
104,0.07042265366748772,0.07637044679772341,0.19459377658202281,0.31731915868465727,0.7194231523171225,0.603509267170834,0.5188838023992346,0.5258133770991263,0.023431821729706207,0.014273324623795896
105,0.07091760532333492,0.07698804812180314,0.19192538695935216,0.32313924061047095,0.7222193932030965,0.5980368283677562,0.5192672934107361,0.5298880672590948,0.025141468728810783,0.014218457478558454
106,0.07141942626820218,0.0776031622680586,0.1892101128033047,0.32910778077143676,0.724823300814561,0.5926742806022325,0.5195591156402956,0.5339203254487019,0.02700507164989869,0.014161357926812184
107,0.07192767374534464,0.0782149371921599,0.1864515159804033,0.3352197318490828,0.7272344080350229,0.5874257068561359,0.5197617076476422,0.5379073165884579,0.029023099507854845,0.014102851116274795
108,0.07244188980791239,0.07882252793676575,0.1836532783213262,0.3414698268805108,0.7294523821601471,0.5822949350343629,0.5198776189600074,0.5418462219698911,0.03119586412281034,0.014043823857766511
109,0.07296160182243953,0.07942509843201401,0.18081919907067068,0.3478525919873039,0.7314770237212368,0.5772855314839188,0.5199095045466613,0.5457342415636395,0.033523517772899615,0.013985223812780676
110,0.07348632300969753,0.08002182330050414,0.17795319207302784,0.35436235953906586,0.7333082657559724,0.5724007953943601,0.5198601191893298,0.5495685963298529,0.03600605110459882,0.013928058553827298
111,0.0740155530226418,0.08061188966395141,0.17505928268997345,0.3609932817033695,0.734946173513715,0.5676437540843456,0.5197323117547222,0.5533465305337104,0.038643291308443455,0.01387339449760829
112,0.07454877856114325,0.08119449894870684,0.17214160444329152,0.36773934433253613,0.736390944578963,0.5630171591753201,0.5195290193754613,0.5570653140689513,0.041434900567321256,0.013822355711366358
113,0.07856843719393164,0.08157332422156331,0.14685901939300797,0.37719628464163624,0.7590391946819265,0.5329012490023647,0.5046008928455042,0.5871582795627559,0.04466344997303047,0.01123951647907233
114,0.07898009359862844,0.08193909608068177,0.14416046789619055,0.3846485855100422,0.7593663173854734,0.5292936667398604,0.503961265481062,0.5899883388263982,0.047982824000434285,0.011251172485880602
115,0.08385924297829339,0.08205717114410363,0.09371389021897696,0.3963618828794921,0.7910887650996081,0.48185977498822347,0.47892463011989944,0.6313831213501438,0.05223910987781144,0.006478883001311353
116,0.07543732602069277,0.08257620619928602,0.08751399762930877,0.40488373880512607,0.7720627168676373,0.5055014915473323,0.5007063799806271,0.5967227012433727,0.05696934413743217,0.00913012656585595
117,0.07493055193519207,0.0827695500998207,0.0886088888186913,0.41300603630418903,0.767971074021669,0.5072686272949659,0.5029738598476281,0.593897639055779,0.06081113092120935,0.009655278723042577
118,0.07440805766944487,0.08298036949637178,0.08978245933774348,0.4210822459446597,0.7637828974194529,0.5090321265503339,0.5053398214197042,0.5909502000884782,0.06475311096526953,0.010211603709507877
119,0.07331041195953629,0.08323952636430301,0.09236936664907758,0.42900005759703663,0.757767886010258,0.5131108967372574,0.5095416210495439,0.5848596449325258,0.06880565929114878,0.01110818764111821
120,0.07274613145269855,0.08350863370258063,0.09378156647936929,0.4369202339136597,0.7533481515749207,0.514881184183697,0.5121904258070173,0.5815780049346441,0.07290694680429277,0.01173678191177472
121,0.06837987936580944,0.08399243323784643,0.10590929778923329,0.44390291377365226,0.7368052065700363,0.5319877135709055,0.5264508125147697,0.5568958294161414,0.0771752436080555,0.01479320774534892
122,0.06773156296337146,0.08445239026755408,0.10794276091412035,0.451358457225109,0.731961437229421,0.5337785559229271,0.5298068882627681,0.5528574691834103,0.08124445877234214,0.01553947180835348
123,0.05584243677383199,0.0854716573552987,0.15028322589464543,0.45482955616777876,0.6872417537251101,0.5799099006623707,0.5646010500074272,0.4798585655078981,0.0854889042639381,0.025026892112311017
124,0.04858972048652849,0.08675808914324065,0.18066334925720978,0.4577602630271829,0.6557979138719965,0.6061751773235762,0.5853759760626643,0.4311233803953896,0.08902942499137843,0.03175599214511801
125,0.04785229129215958,0.08810370278196529,0.18422454926998147,0.46311781966409526,0.6502388495895124,0.6069333723026705,0.5906624728619806,0.4253024268642394,0.0922075838263305,0.032733525957893306
126,0.047111348625274,0.08950026050759399,0.18783900456425473,0.46835864086385975,0.6447096865501539,0.6075524076199005,0.5959897126361736,0.41940889612511295,0.09539850956273464,0.03374083958457548
127,0.046368070875855406,0.0909485286556851,0.19150531279156824,0.47348061805573166,0.6392157553284904,0.6080318600315936,0.6013521454792112,0.41344808085215673,0.09859806021678716,0.03477776395172266
128,0.03086535012247306,0.09302695964480748,0.26785803392206264,0.46665153173102947,0.570294283901492,0.6571747655953931,0.6349285321698714,0.29964931503087067,0.10158277271578596,0.05251318222888658
129,0.03029704352093013,0.0953465004498926,0.27192244650854097,0.46978751076025044,0.5651215804427071,0.6559395204945663,0.6412277751131717,0.2935906795326694,0.10376099040076509,0.05360641183252894
130,0.029740504004348637,0.09773183626864469,0.2759975072434087,0.4728036322814391,0.5600518632253545,0.6545368001804994,0.6475111959388191,0.28754167446234674,0.10591493197658376,0.05471906383701172
131,0.017717351442658597,0.10065956085146233,0.35406401381303926,0.45856206747934924,0.494952936625426,0.6886176682036897,0.6689935207920348,0.18487445411924652,0.10753452229636516,0.07404852701910938
132,0.017529037301978852,0.10390602370093097,0.3577966390260987,0.45974104469961447,0.4909853960394749,0.6853475620467607,0.6758709993953201,0.1802151910963434,0.10864948750017622,0.07507621237661842
133,0.01736871731290266,0.10722459408630731,0.36149677126783036,0.46082378653858797,0.4871615177161583,0.6819160023655021,0.68268429871418,0.17565740554237347,0.10972462359289557,0.07610883588662629
134,0.017237981476548488,0.11061443653224574,0.365162156055865,0.46181202105171,0.4834815634026451,0.6783279681078525,0.6894283458490231,0.17120877661144404,0.11075875247738066,0.07714556008858758
135,0.013141828283283875,0.11470533217648073,0.45805315832892696,0.4335175281460348,0.4245217523486825,0.7004678494333317,0.7018516640483579,0.10358013395498154,0.11058596890142874,0.10203721332470485
136,0.013789210327638256,0.11895913865624201,0.46016382048624266,0.4329912292250567,0.42333996574266475,0.6949144578674417,0.7088894934365615,0.10363101898623452,0.11054799161648499,0.10267703143387143
137,0.014484397483511295,0.12327753695229772,0.4621937369545842,0.43244039048034494,0.42228504041513387,0.6892552009102921,0.7157997918061653,0.1038727655322953,0.11048809315039941,0.1032977298363286
138,0.020104436656426666,0.12789936939214522,0.4860966486179736,0.42312589546314955,0.41710153609541195,0.6853792708076751,0.7213697040591951,0.12234363564483128,0.10992282683024295,0.10970563441818218
139,0.021193087290305206,0.13240619835912285,0.4871595431351988,0.4225372709371754,0.41723122676030705,0.6792173488157638,0.7278208512778583,0.124977501499356,0.10972638784790742,0.11006632009500092
140,0.03509314002091928,0.13721416028068553,0.4997408213994244,0.41718953212858373,0.4296162866210058,0.6681379756934372,0.7276611864278855,0.19245993265641628,0.10906637291035787,0.11265935423000566
141,0.0371365040162691,0.14610403532163357,0.49915696048758684,0.4171107335417282,0.43091233981608135,0.6560442628760195,0.7388393476588427,0.1976762139554808,0.10919044598221793,0.11274776869414173
142,0.03873445981213388,0.1506269508869976,0.4988009719681995,0.4171071109541175,0.4322132007692741,0.6497037786711934,0.7438820625295154,0.20306486695633838,0.10928449849081773,0.11270808675183129
143,0.040385578024292414,0.15518073833577786,0.49834668983186925,0.41715769903639643,0.4335382737334332,0.6433655514219139,0.7487387086892565,0.20860064844386653,0.10942617892166305,0.11263464780303888
144,0.04208982517017416,0.15976227344723382,0.49779472514111833,0.4172637722207644,0.43488274671636706,0.637036986112096,0.7534077102035025,0.2142805449370505,0.1096184785497496,0.11252776383454838
145,0.0438471168161856,0.16436840780439227,0.497145795783723,0.4174264646932499,0.4362419291601102,0.6307254531613687,0.7578876555029999,0.22010133302720875,0.10986440162870761,0.11238782009977015
146,0.04565731728926244,0.16899597264684563,0.4964007274961822,0.4176467688753044,0.43761125793503364,0.6244382738551604,0.7621772934469153,0.2260595839467342,0.11016696124162612,0.11221527667109366
147,0.04752023949352181,0.17364178275051734,0.4955604547779686,0.4179255342341544,0.43898630286858514,0.6181827057481323,0.7662755294145374,0.23215166853147978,0.11052917502947252,0.11201066991010415
148,0.04943564483271974,0.1783026403274551,0.4946260216874816,0.41826346642453605,0.44036277181780187,0.6119659280959965,0.7701814214507923,0.23837376256324522,0.11095406080115884,0.11177461384921028
149,0.05140324323881361,0.18297533893865606,0.49359858251056027,0.4186611267633678,0.441736515295948,0.6057950273705691,0.7738941764892032,0.24472185247773764,0.11144463202973985,0.11150780147812415
150,0.05342269330651638,0.18765666741290185,0.49247940229232046,0.4191189320377495,0.4431035306646217,0.5996769829125062,0.7774131466742376,0.25119174142236544,0.11200389323966992,0.11121100592855031
151,0.055493602533313674,0.19234341376454991,0.4912698572231254,0.4196371546455859,0.4444599659035971,0.5936186527754937,0.7807378258032412,0.25777905564726816,0.11263483529049162,0.11088508155037273
152,0.057615527663993436,0.19703236910322736,0.48997143486951844,0.42021592306696587,0.44580212297139477,0.5876267598146733,0.7838678459062358,0.2644792512120968,0.11334043056277582,0.11053096487258048
153,0.05978797513831603,0.20172033152838287,0.4885857342410837,0.42085522266331815,0.4471264607701895,0.5817078780709369,0.7868029739799653,0.27128762099026194,0.11412362805258273,0.11014967544215101
154,0.062010401640033644,0.2064041100016773,0.48711446568433703,0.4215548968002114,0.4484295977291316,0.5758684195012274,0.7895431088905474,0.27819930195161463,0.11498734838115879,0.10974231653410499
155,0.06428221474505073,0.21108052819023407,0.48555945059499867,0.422314648288589,0.4497083140205083,0.5701146211033332,0.7920882784570206,0.2852092827038906,0.11593447872703269,0.10931007572597243
156,0.06660277366610813,0.21574642827383136,0.4839226209402548,0.42313404113811054,0.4509595534233721,0.5644525324817427,0.7944386367260188,0.292312411272658,0.11696786768811294,0.10885422532996014
157,0.06897139009097053,0.2203986747091909,0.48220601858295353,0.42401250261522017,0.45218042484935944,0.558888003899027,0.7965944614456566,0.29950340309903656,0.11809032008182457,0.10837612267618726
158,0.07138732911070822,0.22503415794460097,0.48041179440007775,0.42494932559753706,0.45336820354540064,0.5534266748549076,0.7985561517446068,0.30677684923403836,0.11930459169175149,0.10787721024046329
159,0.10282797716685271,0.22970267644494355,0.4540774771977683,0.43596351672540007,0.4763807239273098,0.5379088135787489,0.7685459614002611,0.43064736343527843,0.12079711037805949,0.09421364699565549
160,0.10549652195428412,0.23364375533933682,0.45152072466223725,0.4377601808373027,0.4774328992621119,0.5333927089143313,0.7685006571429288,0.43840829168262985,0.12316157155372277,0.09369409501793456
161,0.15940529665279632,0.23709950671273386,0.39211630275016673,0.4594607291844818,0.5113371555029688,0.5119626290432531,0.6865287003923095,0.6168922878416971,0.12664098912895028,0.06995251295906525
162,0.16195763540444427,0.23971587106565287,0.3889523324253142,0.4623677524991043,0.5117653618664022,0.509062598321295,0.6838136583921488,0.623194987417294,0.1309198335877462,0.06970736014302907
163,0.22269777092046916,0.24112423842793776,0.3028320028782553,0.48727063778597124,0.5416161975958592,0.4890526845023689,0.5559786877430805,0.7740161127990031,0.13737636239926118,0.04544919869112412
164,0.22441011857130538,0.2421487867796161,0.30001121448524803,0.49102232821764635,0.540916836141803,0.48802962503849967,0.55254884603925,0.7768937171697183,0.14370402923153108,0.045932449601578516
165,0.2584919907864,0.24283739715197186,0.2251620817288402,0.5081064143557158,0.5457621327818276,0.4835952171527666,0.4878566136277378,0.8268376872878572,0.15367098065887402,0.04436347017923288
166,0.2582779898348927,0.2428433706385231,0.22476514661835306,0.5118682982976687,0.5437070592249716,0.48375237900362417,0.48922359868275445,0.8252968108498224,0.16074897768726684,0.04596669514328255
167,0.23073457261015357,0.2443081423790589,0.24482091980642415,0.5119357001871725,0.520508595873294,0.49672186431821785,0.5824473286376282,0.7478330467995395,0.1700377938539842,0.0750707074839864
168,0.22771844794686477,0.24490273048410907,0.24820922248448204,0.5144316346039426,0.5171790307286764,0.4967679525254047,0.5915742866790167,0.7388961064273588,0.17594797199636952,0.07836055997929363
169,0.22621302447957872,0.24550295970752353,0.24995799932709492,0.517121048975643,0.5148435386666496,0.4961810336653886,0.5965880665430559,0.7339501346895112,0.1817930268886125,0.080463998059208
170,0.22467528456686514,0.24613303313030752,0.2517513044212547,0.5197293263467526,0.5125534504697788,0.49555251851214616,0.6016442215780807,0.7288707504472652,0.18768496076606306,0.08263582585075649
171,0.22340560615033414,0.24808723822520481,0.25349971327129994,0.5278075413415644,0.5076266796705644,0.49253149460919465,0.6082885290641517,0.722225696499243,0.20553363055994195,0.08664059713173881
172,0.22179761756140415,0.24876780210068086,0.2553596282807606,0.5301646449792312,0.5055282083573488,0.4918296711199695,0.6133653841750886,0.716818042149483,0.21169781421964762,0.08907511384610799
173,0.22016540287800535,0.2494807249121921,0.25726097165332323,0.532438798995302,0.5034812349859052,0.4910948529585902,0.6184581896129202,0.7112890440279271,0.2178794958197408,0.09157516775777798
174,0.1839720497044508,0.2507678094302409,0.30097613840091136,0.5261407413484975,0.4882980029178336,0.49754533249032357,0.6955678686998541,0.610422299416584,0.2249070330568583,0.12398600573529114
175,0.1733467959290619,0.25244993204030985,0.31527817155010535,0.5248744601533499,0.4833967903408714,0.4976918215037158,0.7161592235936275,0.5777219872428696,0.22979783386484123,0.13424003616939723
176,0.14022882417539392,0.25453301392243005,0.361973056009371,0.5147536044281485,0.4714589649700038,0.5012733475504658,0.7669022182774555,0.4750268895128194,0.23434688484026886,0.16451931301293124
177,0.13876847049183114,0.2572377328831799,0.3647911565600732,0.5151908107624183,0.4701118326804465,0.49894271222592235,0.7713704591140933,0.4677011716626049,0.23744785982651553,0.16687477726940608
178,0.13734319213645765,0.25999620892314756,0.3675808688452678,0.5155597838439092,0.46883738021683585,0.49661866232081453,0.7757295582871221,0.46040534401968275,0.24050106121617024,0.16925148237683574
179,0.13595619727921393,0.26280776760007085,0.37034047611128557,0.515862124411936,0.46763420627638647,0.49430636676053313,0.779976600693241,0.4531478600095984,0.24350373346101817,0.17164770926807338
180,0.12173559817584681,0.2657118085991889,0.39217890479304207,0.5103760876780689,0.4633099548499779,0.4935784612291975,0.7979595204657025,0.40565184753614414,0.24637910886556008,0.18618451812182804
181,0.12066974120553393,0.26898481486732323,0.3948050382856585,0.5103296478704614,0.4623537246222524,0.49108303024909716,0.8016969306414392,0.3988207942472783,0.24876322797825592,0.18846362867238478
182,0.11965995333946607,0.2723079799022728,0.3973863336952515,0.5102278954903099,0.4614624940163703,0.4886230744824923,0.8053116762287803,0.39208245508434625,0.2510883510777503,0.19074938100384295
183,0.11870921670226882,0.2756800406301604,0.39992139953852057,0.5100727300245027,0.46063424449289203,0.48620410901409,0.8088023389857043,0.38544510844379065,0.25335274920965917,0.1930400237012911
184,0.11782046411890762,0.27909966523972923,0.4024089030250404,0.50986606780594,0.45986689979204287,0.48383162943497326,0.8121676872561417,0.37891694759684685,0.25555480778024997,0.1953338011511526
185,0.1169965726280245,0.2825654534568793,0.40484757172522434,0.5096098391444399,0.4591583322845145,0.48151110034361994,0.8154066674301395,0.37250606237541856,0.25769302710478315,0.1976289551886632
186,0.11624035705781635,0.2860759369611077,0.40723619514876286,0.5093059854750339,0.45850636931178024,0.479247943722693,0.8185183949085616,0.366220420934799,0.2597660228053857,0.19992372674944545
187,0.11555456368459315,0.2896295799488503,0.4095736262319955,0.5089564565271094,0.45790879949863744,0.4770475272223077,0.821502144631491,0.36006785165600436,0.2617725260647945,0.20221635752546463
188,0.11494186399426624,0.293224779848406,0.41185878273282234,0.5085632075180085,0.4573633790214145,0.47491515238191084,0.8243573412312956,0.3540560252503563,0.2637113837423812,0.20450509162586863
189,0.11440484856706581,0.2968598681907716,0.41409064853184346,0.5081281963747536,0.45686783781596313,0.4728560428241321,0.8270835488728351,0.3481924371285069,0.2655815583589231,0.20678817724343376
190,0.11394602110575335,0.3005331116403229,0.41626827483853845,0.5076533809877042,0.45641988571035763,0.4708753324551094,0.8296804608443551,0.34248439009539544,0.2673821279565679,0.20906386832753932
191,0.11356779262747609,0.3042427131888686,0.4183907813014,0.5071407165000108,0.45601721846800086,0.4689780537067574,0.8321478889634818,0.33693897743166185,0.2691122858404026,0.21133042626477513
192,0.1132724758392201,0.30798681351612683,0.4204573570210062,0.5065921526368012,0.455657523727631,0.46716912585722514,0.8344857528631511,0.33156306642078304,0.27077134020795623,0.21358612156847612
193,0.11306227971653145,0.3117634925192244,0.4224672614651424,0.5060096310781268,0.4553384868276047,0.46545334346648215,0.8366940692224272,0.3263632823797125,0.27235871367284364,0.2158292355786245
194,0.11293930430481922,0.31557077101327186,0.42441982528513555,0.5053950828796924,0.4550577965026232,0.4638353649643826,0.8387729410069612,0.32134599324903595,0.27387394268861176,0.21805806217370852
195,0.11290553576210077,0.31940661260454184,0.426314451032656,0.5047504259454657,0.454813150441957,0.46231970142888823,0.8407225467832452,0.3165172947966486,0.275316676878649,0.2202709094962398
196,0.11296284166151806,0.323268925737206,0.42815061377632374,0.5040775625562631,0.4546022606990675,0.46091070559221514,0.8425431301699272,0.311882996486725,0.27668667827781485,0.22246610169373432
197,0.1037923450620031,0.3274001057256593,0.4478237668617472,0.496683145061166,0.4540335285284364,0.45977965695261086,0.8496965474901537,0.28088582263257417,0.2777252145555286,0.2384592866746731
198,0.10454814429560098,0.3316653236627928,0.44936907881830673,0.49588100963054615,0.4539209111344531,0.4585371173716759,0.8509746174013942,0.27781622779897075,0.2784902628249581,0.24040141521062863
199,0.10540293168834222,0.3359445852286491,0.45084837820699747,0.49506335301235976,0.4538320472443315,0.4574198345340475,0.852129606596341,0.2749722321357851,0.27918982247644225,0.2423124536800753
200,0.10098383433723476,0.34184730564134447,0.50419511339264,0.47189186544453143,0.45347126689086886,0.45660965846239987,0.8538681061685258,0.2631776976271468,0.278596911966758,0.2819549981469257
201,0.10378486937731424,0.346952700158873,0.5046723944015392,0.4710974024077992,0.45348833325962895,0.45570661547348995,0.8539390213608504,0.26547912929889855,0.278269757161029,0.28288903490965883
202,0.10667819969235902,0.3520395694398262,0.5050742725335488,0.47031515770797355,0.45351228299536767,0.454945583560165,0.8538909637540826,0.26798470156558213,0.27792761956860074,0.28376342553738626
203,0.10966251730201391,0.3571049154833602,0.5054019712194237,0.4695461612626009,0.45354161759144146,0.4543277237699208,0.8537236774415192,0.27069036930271057,0.27757331036339294,0.28457777093185466
204,0.11273639582092036,0.3621457683993691,0.5056567980879431,0.46879137235522167,0.4535749285134002,0.4538539274033482,0.8534368888285959,0.2735918089520047,0.27720969427289177,0.2853317654784288
205,0.13436129827667803,0.36846550154274116,0.5224935806807932,0.45984178021473604,0.4536599660234773,0.45357808004840894,0.8401016521723852,0.3325704333524717,0.27615861001549397,0.29385171787449416
206,0.13829800114898305,0.37348331777899607,0.5220841967141099,0.45934635974844623,0.4536901054463486,0.4534262455977201,0.8389145853816259,0.3378183619577722,0.27591759597960946,0.2939673105878039
207,0.15017544543928932,0.3788751025057276,0.5246354676560427,0.4573227731864462,0.45371169075783074,0.45343596741105063,0.8316384320358435,0.36497877448741667,0.2755529900916491,0.29428070455834726
208,0.17310498315909947,0.3846648891550711,0.5278124892812576,0.454946477907835,0.45369194863525236,0.45362380862749346,0.8145967266237885,0.4196013161965259,0.27525616977547257,0.2922207729374029
209,0.1775758436019091,0.38934638058939075,0.526809567226097,0.4547678618630786,0.45370034794709485,0.45388472542069874,0.8122797139281829,0.4260442803408461,0.2756059866209044,0.2917712223890625
210,0.1820940765259433,0.39397181626081157,0.52575621489984,0.454612083852362,0.45370488305916445,0.4542622257873334,0.8098370542494684,0.4325126412325421,0.2760393438875642,0.2912642940779486
211,0.18665714113201134,0.3985392536236887,0.5246549373208436,0.45447862930374977,0.45370554335221386,0.45475400184681586,0.8072700658222062,0.438999279112544,0.27655965326954207,0.29070240894229993
212,0.31944718580960313,0.40879307558104083,0.5035488206022921,0.4644464212298653,0.4532948820174743,0.455555836940997,0.6598290967417394,0.6953158092571228,0.2776671375889903,0.24165628016595225
213,0.32357700702152004,0.41164379423003217,0.5015526328515206,0.46500573535569484,0.4532974471766253,0.45605448107596347,0.6549165189967573,0.6999772517821334,0.281321264040775,0.24073812404512657
214,0.327701962101626,0.4144425542975302,0.4995539472209731,0.46556356529945087,0.4533055519748802,0.4565950655479384,0.6499807133853024,0.7044857285648876,0.28515505861899876,0.23982809589692536
215,0.33182009890010244,0.4171888775695674,0.4975553953380272,0.466118524792944,0.453320054204129,0.4571745995495262,0.6450272287337729,0.7088384414360905,0.28916799481467714,0.23893138918666257
216,0.33592947601598816,0.41988233248612294,0.4955595901076479,0.46666923689655193,0.45334182805962264,0.4577900943679161,0.6400616276390927,0.7130327311443269,0.29335927244437265,0.2380532750998225
217,0.34002816338574554,0.42252253305002324,0.49356912134196473,0.4672143365904806,0.4533717609083277,0.45843856965307417,0.6350894758717063,0.7170660753745415,0.2977278137081861,0.23719908907826873
218,0.3580317155485998,0.4257567120027694,0.4865325200196648,0.4701475694806247,0.4534849353155552,0.45904303744493347,0.6116197770064157,0.7393637155781342,0.3025238001784354,0.22864776298521855
219,0.3619273314101301,0.4280913649391195,0.4845481137491512,0.47069296836711805,0.45354660862183804,0.45969316439514385,0.6066907638776694,0.7426541253063638,0.30759303142142613,0.22797587694608806
220,0.3658027855431095,0.43037418746236594,0.4825803767540083,0.4712257503265641,0.45362029090546113,0.46036188584434623,0.6017881032989306,0.7457724497331004,0.31283551970408247,0.22735173120196386
221,0.36965624413641274,0.4326050136582855,0.4806316598688779,0.47174465185920034,0.45370686299634994,0.4610464823791427,0.596917175570678,0.7487170046670034,0.31824844585919837,0.2267806880096363
222,0.37348588372114366,0.43478371173627045,0.478704264721798,0.4722484375415523,0.4538071965929839,0.4617442813236185,0.5920832784747642,0.7514862230639234,0.3238286962822102,0.22626808170329543
223,0.3772898913320276,0.4369101827779271,0.47680043994855437,0.4727359020412303,0.4539221512291518,0.462452661304479,0.5872916167064628,0.7540786542737096,0.32957286319745627,0.2258192027972806
224,0.4968757308192295,0.4440681279198185,0.39752457988058826,0.5047835795174297,0.4592121775253755,0.4595983403735148,0.4638625453311164,0.8404727440705622,0.3404644253804497,0.156969861166082
225,0.4968684940071386,0.44398044687389454,0.3966479191822024,0.5046307953303641,0.4596253462678792,0.45947655674293997,0.4648932880647843,0.8378648115802347,0.3488761616510649,0.15962472099689232
226,0.49679046320466663,0.4438677537732451,0.39581751591283465,0.5044374945440948,0.4600566923054839,0.459345824348466,0.4660534757395767,0.8351010983820675,0.3573349340355052,0.16239255568653846
227,0.4966418143108191,0.44373056266140076,0.39503316025221563,0.5042038378761903,0.46050556314090857,0.45920731793618164,0.467339062726264,0.8321825599410735,0.36583184788962875,0.16527292275061595
228,0.49642282995946596,0.44356941101433023,0.39429457961894,0.5039300324054071,0.4609712507952982,0.4590622934967841,0.4687458204311275,0.82911035953899,0.3743579990415467,0.16826519571995888
229,0.4961339026956313,0.4433848596357728,0.3936014400673742,0.5036163309834767,0.461452993228068,0.45891208524237015,0.4702693486020181,0.8258858776640278,0.3829044888211732,0.1713685632316379
230,0.46964690304385787,0.4396132893070969,0.3752003653019862,0.5095449611978465,0.46419601281494727,0.45730472100104247,0.5471914322316377,0.7719023244817511,0.39233274409294594,0.19555255766459728
231,0.4675861252966559,0.4392487030473851,0.3753023014809616,0.5087874382459506,0.4647166338445881,0.4571962821520522,0.5510614563221864,0.7667706050082852,0.3996907448770732,0.19968960384107268
232,0.46548482734264784,0.4388796532636019,0.37543175315088156,0.5079970200620666,0.46524125141438694,0.4571213678382587,0.5549385436895727,0.761539716927911,0.4069938432253028,0.20390093173184462
233,0.46334647291033465,0.43850710595808423,0.3755876285043942,0.5071746292551784,0.46576836228579926,0.45708267209282705,0.5588165256759863,0.756214761004786,0.4142356162405895,0.20818364561286645
234,0.4611746480394967,0.4381320270077555,0.375768819455408,0.5063212147918166,0.46629644702698997,0.45708288561716487,0.5626893097056466,0.7508010862915651,0.4214098243735718,0.21253477912483376
235,0.4357475940490381,0.4357682678570905,0.37537495934205733,0.5058635631623897,0.4666486678175025,0.4572073344960137,0.6067471663491371,0.7104662394797928,0.42830637377587955,0.23655786534272344
236,0.4332505755339558,0.43557138505547005,0.3758138970830599,0.5048664573312328,0.4671367371048357,0.4574497019580941,0.6106910223418742,0.704514242403977,0.4345329289088255,0.24109894805475646
237,0.24866083409962397,0.4330714104684086,0.4339506114220092,0.485965131611826,0.4573570846725494,0.4639195736346315,0.7992607650556303,0.42074681850320994,0.44038756229965015,0.42892955569772406
238,0.21970084818232577,0.43721844353688566,0.455979126359944,0.4768719195423857,0.45410006535440717,0.4677577463741638,0.8119143050278552,0.38400675918368643,0.44067273678016705,0.46536730848739
239,0.2216277488967581,0.44041569985344703,0.4562117445944457,0.47601340361813776,0.4541332976566141,0.4699475258541452,0.8111351675163017,0.3833181159177694,0.4406878063763769,0.46669303869493395
240,0.22368881730596513,0.44359820748983075,0.4564009860854695,0.4751678337627036,0.45415114237506,0.4722599597448502,0.8102292121876048,0.38280774056333317,0.44066733029807065,0.467941848162019
241,0.2258823020625244,0.44676353714582767,0.4565480389119395,0.47433582748448394,0.4541533662333138,0.4746930700290491,0.8091967268676795,0.38247328820108834,0.4406128550990302,0.4691126689095401
242,0.22820618904139492,0.4499092400225757,0.45665414616543754,0.4735179550325353,0.4541398205270985,0.4772446615781117,0.8080380325764447,0.38231213410796216,0.44052596991256837,0.4702045217066112
243,0.23065820672888343,0.45303285293528267,0.4567206039447108,0.4727147399385628,0.4541104405586459,0.4799123268590857,0.8067534875969159,0.38232138389314213,0.44040830554468785,0.47121651999484065
244,0.23323583246506285,0.45613190367645523,0.45674875925207603,0.4719266596712795,0.4540652449145839,0.4826934511590653,0.8053434918960513,0.38249788422909703,0.44026153351112646,0.4721478738150071
245,0.2359362995199342,0.4592039166144434,0.45674000779361623,0.47115414640075304,0.45400433459081213,0.4855852183095093,0.8038084918632888,0.38283823413121787,0.44008736501067536,0.4729978937216129
246,0.23875660498007875,0.46224641851049214,0.45669579168527935,0.4703975878700694,0.45392789196784866,0.48858461689140303,0.8021489853306758,0.38333879673819676,0.439887549827243,0.4737659946699223
247,0.2416935184190527,0.4652569445359567,0.4566175970672025,0.46965732837137886,0.4538361796401292,0.49168844690048896,0.8003655268366857,0.38399571154398665,0.43966387515324507,0.4744516998592604
248,0.24474359132138435,0.46823304446987185,0.45650695162884875,0.46893366982313794,0.45372953910279246,0.4948933268502534,0.7984587330942321,0.38480490703113424,0.43941816432712694,0.47505464451563134
249,0.2479031672267378,0.4711722890556244,0.45636542204774416,0.4682268729450945,0.4536083892994516,0.4981957012888518,0.7964292886220488,0.38576211365445184,0.43915227547802294,0.47557457959597116
250,0.2740743175260257,0.47495771673659337,0.4846667830319612,0.45416067579480407,0.44834452364110927,0.5043887248499894,0.7469349508359061,0.4928473602452595,0.4357836035541692,0.4708307261720927
251,0.2791536341940938,0.47809761589437116,0.48385303094427623,0.45394066426382434,0.44852117131591845,0.5073288903581592,0.7430286458278238,0.49698023820229437,0.43624676481010555,0.46916207776770646
252,0.28424574529568347,0.4811727247348794,0.48303443691608905,0.4537289198377679,0.44871033492849444,0.5102933934010789,0.7390534340428723,0.5010829784854954,0.43677982373722324,0.46743428384776253
253,0.28934668222595783,0.48418255333317545,0.4822133467792306,0.4535250968578827,0.4489128793851334,0.5132780918157567,0.7350125039530019,0.5051503946732568,0.4373853555208688,0.4656519651858634
254,0.32300488747599115,0.487655189870306,0.4843867300327532,0.45124660964062036,0.4526942834228544,0.5143276016617195,0.6980956374739049,0.5643589237146739,0.43754102006097445,0.4413373695396797
255,0.3280714378226748,0.49039956644504296,0.4834779550586995,0.4511351902506794,0.45310676195901345,0.5168829577852849,0.6936454752378168,0.5681138993085872,0.43913184892784174,0.4393129163899648
256,0.3381141611588189,0.49812743547023,0.4806420540093739,0.4510267902936743,0.45361264995746897,0.5249828712761772,0.6857181385966787,0.570571066964122,0.44444195400173203,0.4373492726806376
257,0.3948393692696844,0.5038721564979421,0.479553920334822,0.4499514952194387,0.4643740054445676,0.5219117681822367,0.6277265161982583,0.6445490871505067,0.4474333875597549,0.39503213377556545
258,0.39943925774503614,0.5060840859819095,0.47875607236577794,0.44985697619539694,0.4651490464152697,0.5236867951926796,0.6232710361464368,0.6468889274264039,0.4508353437997884,0.39348715157990466
259,0.4039997400870521,0.508246884181539,0.4779943553657364,0.44975719986153373,0.4659504238323726,0.5254232695947465,0.618851608217361,0.6490869636576592,0.4543585374058631,0.39200664216144515
260,0.4398013545877482,0.516679115419789,0.47483022826764126,0.4495566616377892,0.47425199346380525,0.5265365578950627,0.5851689836801255,0.6769528046936065,0.4680796280802684,0.37285153599396365
261,0.6105581680169541,0.5505333647124232,0.4488994097123013,0.46080071921635113,0.5301095253065085,0.49383586242720695,0.4958158264500193,0.7569368121646349,0.4830090388452314,0.29542811548368586
262,0.6124718595608526,0.5489002999170544,0.4395426262419389,0.4651171378483412,0.5398457178457158,0.48715055311780164,0.5250141607378778,0.7312847322624346,0.4888464081127565,0.3104066774175187
263,0.6109637260922841,0.5482132493969195,0.4398566758799542,0.46408723658341045,0.5407228891367402,0.48693285146657406,0.5270067327449924,0.7268898050731615,0.4949266637186656,0.3148904028319403
264,0.5952058011905695,0.542432567509441,0.4359356326240985,0.4656118600223005,0.5424248834291159,0.4858779338708945,0.5543835949640663,0.6998627576097789,0.4993245076046636,0.3341989518520218
265,0.5928680686926772,0.5415032877387214,0.43635843797726376,0.46449970153618525,0.543046395116515,0.4860436854275874,0.5567556254416837,0.6950120345629274,0.5046267641380643,0.33887091266279806
266,0.461039722489357,0.51260686739061,0.42963227554193656,0.47034693498180985,0.5177294501561431,0.5028881265133084,0.6820471894163713,0.5428115263709367,0.5028072745511543,0.4554503279313733
267,0.45917217318674597,0.5124838738386411,0.42992551780557886,0.4692272627013077,0.5174485501527625,0.5052667856469788,0.6830111401632379,0.5388693532313453,0.5046520358294255,0.458615482233668
268,0.45743938896234565,0.5123722445322696,0.43021608294894603,0.4681291106379036,0.5171140762172106,0.5077532132977498,0.683851213396214,0.5350475510817391,0.5064322555515601,0.4617434486426089
269,0.4558461672753789,0.5122718445372755,0.4305038674309329,0.4670529294639589,0.5167261837456835,0.5103463360684272,0.6845661544237981,0.5313496057018317,0.5081481009084462,0.4648321150974534
270,0.4065552802627559,0.5108097974360536,0.4329970646736133,0.4657969124374568,0.49449287137185743,0.529799215882085,0.7144842633026878,0.47606947417097106,0.5101176720194989,0.5166650490731063
271,0.4071399506497303,0.5114225028542106,0.4330846890765363,0.4649213723318972,0.4938237558094751,0.5334223394904254,0.7135817141136789,0.47427777872666677,0.5106702539190735,0.5184712718754421
272,0.4078913625072722,0.5120292803272051,0.4331662015055597,0.46406804498307697,0.4931145598538836,0.5371325004387701,0.7125461322065699,0.47263311205291425,0.5111771431721521,0.5202094378738633
273,0.40880856518316466,0.5126281713700527,0.43324212403236106,0.46323694597234627,0.4923663438560691,0.540926342020562,0.7113779326961656,0.4711344813705817,0.5116391097790223,0.5218782856536059
274,0.4098901870152131,0.5132171306532024,0.43331298883942904,0.46242805490111644,0.49158024561784314,0.5448003621247031,0.7100776538962256,0.4697806301944225,0.5120569491613236,0.5234766171784848
275,0.41113444005302097,0.5137940340656187,0.43337933665957656,0.46164131679914006,0.49075747846763546,0.5487509202689742,0.7086459617479763,0.46857004621120385,0.5124314810619991,0.5250032998559059
276,0.41253912619603117,0.5143566873709298,0.43344171520874936,0.4608766436182966,0.48989932922470186,0.5527742449007822,0.7070836542651808,0.4675009697740718,0.5127635484913655,0.5264572686750473
277,0.4141016447256819,0.5149028354243508,0.43350067761427674,0.46013391580757806,0.4890071560535197,0.5568664409408857,0.7053916659581708,0.4665714029733363,0.513054016716967,0.5278375284139246
278,0.41581900120381227,0.5154301719147621,0.4335567808405771,0.4594129839647701,0.488082386210202,0.5610234975451915,0.7035710721985826,0.4657791192421342,0.5133037722945335,0.5291431559099816
279,0.40724138614052763,0.5174732067395335,0.43413854600493346,0.4591080344371016,0.47613467517853203,0.571528943586712,0.7059162701076257,0.45752865868404047,0.5140388399792835,0.5443224781985326
280,0.399691649225724,0.5205154716549385,0.4353028149911051,0.4587071353503921,0.46183467985824456,0.5832195976992469,0.705066027894125,0.4546408085335546,0.5148686518324335,0.5599980905439457
281,0.40331181745550154,0.5212980113302026,0.43519286875293733,0.45821713084785376,0.4611120629382645,0.5876814729250948,0.7018529476996173,0.45569473578805925,0.5145377005736999,0.5599177399810834
282,0.40147860953527836,0.5237450469981403,0.43661457115903624,0.45758190304436724,0.4500883838202554,0.597412067463597,0.6951347606862639,0.4628208359129602,0.5150372091997409,0.5684690595025512
283,0.40401525646404146,0.5250957718952627,0.4390022410608211,0.4564048689836172,0.4426266343529639,0.6050310048055245,0.6807598584212858,0.4825635305057797,0.5152206079334452,0.5698170207939393
284,0.40868284288343737,0.5258981537863991,0.43881518139150566,0.4561764483764125,0.44263027158245183,0.6089969398415525,0.6765287558582995,0.4849811804420245,0.5148237725897344,0.5681927234352426
285,0.41333967487544493,0.5266426449327708,0.4386446978888589,0.45595739159360765,0.4426551858314865,0.6129216982919893,0.6722552900200895,0.487402281657718,0.5144421778415725,0.5664961614810582
286,0.41798019570457684,0.5273299884585161,0.4384918541593573,0.45574773336785074,0.44270259877016577,0.616801289758835,0.667943844992963,0.48982246810544827,0.5140778249364748,0.5647310277975844
287,0.42594249132653095,0.5273113747896678,0.4403958841381302,0.4544774890073984,0.4439020019383588,0.619720016849351,0.6506852656753915,0.5126772244429026,0.5138755842937833,0.5560796989127704
288,0.4305045968724775,0.5280140778473013,0.44030473817476456,0.4543739657554561,0.4444018027058736,0.623027504257936,0.64628700850375,0.5151499287714144,0.5138076373288074,0.5539007623251994
289,0.4862951430964993,0.5392201124069534,0.44892577577209597,0.44794112456575974,0.49191204307052944,0.6008036477225152,0.5800766304022501,0.6056061427337976,0.5146314409271951,0.49460944499464227
290,0.5260244292851405,0.5556156185292931,0.45234972738080537,0.4452879360715137,0.5221511988902238,0.5852579162718257,0.5546934809482568,0.6358057254321334,0.5182751249079262,0.46751042510236845
291,0.5292332131000754,0.5572690337445269,0.45281620695584224,0.4454547850770812,0.5239892510464815,0.5854397080884819,0.5521146733459329,0.6360090917523056,0.5211531160182781,0.46682277390694893
292,0.5323793758532708,0.5589103971059314,0.4533385146895842,0.44563539909904404,0.5258296862154825,0.5855563278741921,0.5496220217308797,0.6360950241933983,0.5241135657674495,0.4662467382645021
293,0.6540421386190209,0.6166169273903754,0.458565098887528,0.4408231018293099,0.6320376890245732,0.5071322909883496,0.5500476558216567,0.640128893012353,0.5343169457135489,0.41941605315276337
294,0.47527176357724044,0.5274977701088543,0.4424890070027549,0.4565271775194362,0.5174235966471729,0.5920529625827291,0.6560397170703862,0.4810676096282212,0.5235850652285065,0.5467399012449293
295,0.4772143146573372,0.5271349567758439,0.4427336576520949,0.4559614672120554,0.5159272221270849,0.5963662019620303,0.6537777153525731,0.4809440859566038,0.5236004377947562,0.5472998599735981
296,0.47553827439118407,0.5269479093618464,0.4423000330116287,0.4560142197165353,0.5066550099683853,0.6056134161298464,0.6530852270450008,0.4784075130190068,0.5238879972199523,0.5530414342783058
297,0.47811217349633617,0.5266030798098471,0.44252937874839054,0.45549993875064126,0.5051534934877074,0.610039909468104,0.650388859995609,0.4787377826656383,0.5237473756540167,0.5532250600551762
298,0.47872705604479404,0.5265870734788605,0.4422460745254091,0.4554414851695249,0.49788047234454513,0.617996087117891,0.6483483375775795,0.47809389119105405,0.5238810545417802,0.5567642794494768
299,0.47813310772368706,0.5274199475857831,0.44131109383983425,0.4559084195298867,0.4836663883911417,0.6299217222547626,0.6459342634944075,0.4780919868152322,0.5244500505216692,0.5634157803423383
300,0.47475289066001836,0.5311749375210503,0.43841412756102627,0.4576371053690529,0.44766891061264624,0.652111428370604,0.6314428455888335,0.49697066398035006,0.5274103283405993,0.5732232145993912
301,0.47909434985401234,0.5309200946491585,0.4385121213194462,0.457416215495612,0.44744698879668976,0.6558371029710236,0.627163785646419,0.49902010001636865,0.5269297115961256,0.5712762941071777
302,0.4833966846582805,0.530613794419542,0.43862866880171547,0.4572059530931583,0.4472531946066757,0.6594949638720986,0.6228724648348265,0.5010620630776261,0.5264609102826051,0.5692760805820576
303,0.487654447562362,0.5302576647181123,0.43876403342336323,0.45700651677163273,0.4470887752908205,0.6630816634101824,0.6185739183648188,0.503093150581786,0.5260055068148448,0.5672266045631922
304,0.491437295544649,0.5298670304890705,0.43852948605730163,0.45689003616803175,0.4453892663857631,0.6669374190665271,0.6095728429350484,0.5120911289814016,0.5260398356982716,0.5627131337921107
305,0.49543104107548125,0.5294922411330512,0.4386020269623857,0.45676883595182904,0.44557739045106903,0.6699340574919168,0.6036239042795681,0.5165661430559384,0.5258478025570201,0.559351180000829
306,0.4994004006812626,0.5291402212696513,0.43881422808994386,0.45668358284199906,0.44589627123007775,0.6729056084460036,0.5993925264086002,0.5185369988129316,0.5255797517100487,0.5570457731071476
307,0.5032950325379989,0.5287587504281395,0.439048857803602,0.4566108555081251,0.44625144395811944,0.6757857902482578,0.5951918069685229,0.5204707341132303,0.5253400568513406,0.5547233763456142
308,0.5071119500448382,0.528350631764212,0.4393058966761007,0.4565511957400649,0.4466435088963832,0.678572416955607,0.591026598919712,0.5223651724873775,0.5251301052632673,0.5523890874403203
309,0.5108484306154354,0.5279187590168113,0.43958527091211813,0.4565051814192728,0.44707300787946475,0.6812634419310489,0.5869017026976552,0.5242182845185525,0.5249512121583794,0.550048049031853
310,0.514502015395382,0.5274661079539392,0.4398868530556845,0.4564734264847807,0.447540423086501,0.6838569592187056,0.5828218559817763,0.5260281849240201,0.5248046152728135,0.5477054361158383
311,0.5180476973357724,0.528173248410689,0.439204714622912,0.4563028496230604,0.45632186873548936,0.6809434886688004,0.5693113720820224,0.5419113008141908,0.5255514578208401,0.535487381002618
312,0.5212261012972043,0.5281372529333093,0.4396185033965067,0.4564722503989403,0.4574533083468847,0.6826438651318077,0.5656871660936027,0.5434145849414497,0.5258168173624944,0.5333088786733783
313,0.5302517037782815,0.5361084886731109,0.43933153106565,0.45592466664778997,0.48555107080337484,0.668691188667076,0.5501578821113527,0.56449136633093,0.52737750514926,0.5145585505114887
314,0.5329273197014973,0.5369389710762345,0.4399505015222912,0.4564143706638071,0.48739230277672696,0.6691768760258152,0.5474075200466175,0.5653852686090499,0.5283467764893781,0.5130701905373661
315,0.5420988366174858,0.545638628758194,0.44055336102019005,0.45642679317321855,0.506923931812434,0.6592943069691182,0.5405672886125942,0.5744046530553318,0.5300905247450262,0.5039410627229072
316,0.5445342458181068,0.5469306229891894,0.44133131663662006,0.4571135379176623,0.5089831074174109,0.6591521378298733,0.538383098796762,0.5748682382796451,0.5314697057058021,0.5030417808393308
317,0.5469105956872342,0.5482532192582074,0.4421485280103164,0.4578326248969829,0.5110477000659859,0.6589242163588825,0.5362966127718113,0.5752529295740269,0.5329006189403036,0.502245946774753
318,0.5492281656863824,0.5496059539949741,0.44300448141813703,0.45858521686200004,0.513116048024574,0.6586124002492015,0.5343082638621313,0.5755593227175971,0.5343818900761311,0.5015563432124883
319,0.5527212170899446,0.5511031434244419,0.44486767556673296,0.4602435967250882,0.5148176145777018,0.6591998335595819,0.5308935422189436,0.5751971606494146,0.5373765471565677,0.5013170217445757
320,0.5548753204427161,0.5524963354803886,0.44582405054680285,0.4610828274893971,0.5168733194389701,0.6586959679615926,0.5291553168014632,0.575309050355783,0.5389651155082108,0.5008987776414628
321,0.5569708393655991,0.5539173073560861,0.446816270950748,0.4619597182857434,0.5189273613608164,0.6581150290790126,0.5275160138077158,0.5753459394850312,0.5405974979498321,0.5005942334066581
322,0.5590078754611968,0.5553649105018524,0.4478437193545854,0.462875354040829,0.5209779851034148,0.6574592408318543,0.5259753375122864,0.5753087333695757,0.5422715599663083,0.5004047380896337
323,0.5890706649906257,0.5939559058967392,0.45245678438183623,0.46774655629402223,0.5765816570200044,0.6220407733288578,0.5232759263834077,0.5804091054503744,0.5527093139569949,0.49436672476529414
324,0.6124210482789229,0.627811252767435,0.4685811265428874,0.4848448993582496,0.6138079155413677,0.5895246118132513,0.5262254443973866,0.5676912789333323,0.573714209730401,0.5132815449193096
325,0.6129217989530448,0.6291376763150595,0.4705407498783078,0.48695845314648917,0.6149449719124664,0.5878695159239669,0.5264728908723257,0.5659241049876979,0.5758686363557708,0.5159286347984574
326,0.640040131595585,0.6626101758143615,0.47334038936350775,0.4905600358833274,0.6561275236235179,0.5516254187244106,0.5387330826267198,0.5531308605637083,0.5741389615029887,0.523771216972674
327,0.6394624854653902,0.6627691273575366,0.475501341405292,0.49297134335211523,0.6563235335261429,0.5503038684423499,0.5391576500709125,0.5510469273055171,0.5758293373015598,0.5268990980443142
328,0.6387936967005571,0.6628230329882773,0.4777006797498685,0.4954171179372602,0.6564341947441877,0.5490292232928434,0.5395861039677644,0.5489618025004575,0.5774673031814076,0.5300314626739846
329,0.6380361190089303,0.6627719057319322,0.4799369340043451,0.49789563898056843,0.6564596843286333,0.547802331929897,0.5400166844449741,0.5468790929492008,0.5790515598728374,0.5331640898402549
330,0.637192354279832,0.6626159428314237,0.4822085833663967,0.5004051074410463,0.6564003023407136,0.5466239222642599,0.5404476516360847,0.5448024075074928,0.5805809289446445,0.5362928320172293
331,0.636265247130588,0.6623555225299739,0.48451405627647526,0.5029436484107714,0.656256473937016,0.545494602968886,0.5408772864137764,0.5427353498812227,0.5820543559166781,0.5394136249865764
332,0.6352578784249766,0.6619912002959337,0.4868517301981303,0.5055093138564443,0.6560287512890696,0.5444148653318568,0.5413038911671052,0.5406815113060123,0.5834709130090866,0.5425224971246106
333,0.6341735577851875,0.6615237045231654,0.48921993154357873,0.5081000855805516,0.6557178153225008,0.5433850854447482,0.541725790633817,0.5386444631347659,0.5848298015151103,0.5456155781329328
334,0.6330158151236646,0.6609539317427919,0.4916169357613021,0.5107138783951661,0.6553244772605776,0.542405526712944,0.5421413327982294,0.5366277493574504,0.5861303537856489,0.5486891071840254
335,0.6317883912257982,0.6602829413841265,0.4940409676018632,0.5133485435003903,0.6548496799567805,0.5414763426729131,0.5425488898643601,0.5346348790780275,0.5873720348151825,0.5517394404561864
336,0.6304952274189763,0.659511950124506,0.4964902015774839,0.5160018720585652,0.6542944990009465,0.5405975801001024,0.5429468593131469,0.5326693189740574,0.5885544434201289,0.554763058035323
337,0.6328327897870976,0.6605388515690662,0.5000758269315928,0.5192753026608827,0.6600320850320313,0.5315602415672823,0.5472716894854689,0.525382605463954,0.5862314729217861,0.5604727693502299
338,0.6311975258094369,0.6591810647456489,0.5025237469425251,0.5218975744317629,0.6590383234407982,0.5310420808328796,0.5475580950487372,0.5236178365343896,0.5870908305395581,0.5633061577734365
339,0.6295268590409057,0.657735293518819,0.5049887776724281,0.5245259243821515,0.6579716657658552,0.5305784683239315,0.5478225891423695,0.5219019962459488,0.5878968868564132,0.5660955991384088
340,0.6286502573119958,0.6552851959326761,0.5082440795046382,0.527401918847173,0.6585062043861319,0.5271341829613027,0.5497196018329513,0.5178207414877933,0.5868581504960291,0.5701659619534575
341,0.6268664670858458,0.6535119589834922,0.5106966827018484,0.5299760965828425,0.6571825577702135,0.5269214858245107,0.549877647824308,0.5163141432326561,0.5874732190266955,0.5727662901004558
342,0.6250747552063095,0.6516630505520984,0.513158951738596,0.5325462229864858,0.6557958942838654,0.526762553470435,0.550006759830097,0.5148697707450894,0.5880417828701212,0.5753138354533512
343,0.6232809731633712,0.6497410573174478,0.5156287406293185,0.535109781266991,0.6543489195156238,0.5266563673260581,0.5501058952836057,0.5134899402090133,0.5885649886878189,0.5778069692666836
344,0.6214909615175507,0.64774861159241,0.5181038801272972,0.5376642494964274,0.6528444589392564,0.5266018516945783,0.5501740569383822,0.5121768292639874,0.5890440604381373,0.5802441915233167
345,0.5988987882533049,0.5511480032400283,0.5589908011839626,0.549296431936176,0.5842504810160609,0.5829575188819445,0.546446635235847,0.5124981000091119,0.6018282399501189,0.6294785257390051
346,0.6010008628557661,0.5490195530536279,0.5607379956346376,0.5491421541001053,0.5830925452832189,0.5857184128165188,0.5446832705517108,0.5140197709153271,0.6015621901847086,0.6278879421971815
347,0.6032123689271306,0.5468483716683065,0.5624997692568613,0.5489617670339999,0.5819691944865502,0.5884770009198054,0.5429015747104017,0.5155752831709153,0.6012692951163855,0.6262132437382971
348,0.6055282458308139,0.5446350176396049,0.56427523378501,0.5487548664446266,0.5808820523565119,0.5912303586210637,0.5411043735107963,0.517161795936701,0.6009494048949905,0.6244559717042538
349,0.617288109363431,0.5379153612448009,0.5723663128335369,0.5481015384194757,0.5229312971076295,0.6461860605590463,0.5169610313801893,0.5416016546910969,0.610603385538732,0.6137431591788938
350,0.6205348781838972,0.5355773627464356,0.5736244292691499,0.5471127158848618,0.5231172174257761,0.6478874813131658,0.5152302793555501,0.5429062031214155,0.6095767950419764,0.6104067815431619
351,0.6237392120447794,0.5332332938282347,0.574857123092807,0.5461236809195272,0.5233250807535005,0.6495183617458644,0.5135598429264108,0.5441901850146351,0.6085554860978903,0.6070727214379678
352,0.6268965704884871,0.5308865948062275,0.576062470341622,0.5451361304455893,0.5235539387411217,0.6510774921902109,0.5119519746414345,0.5454532967247658,0.6075418000343552,0.6037463107474469
353,0.6300025914326882,0.528540750912668,0.5772385709391861,0.5441518169969722,0.52380279158073,0.6525637651044118,0.5104088208648266,0.5466953257158015,0.6065380015219001,0.600432872170111
354,0.6330530946556848,0.5261992834372596,0.578383553286062,0.5431725470601352,0.5240705917325414,0.6539761766705456,0.5089324168289794,0.547916144474133,0.6055462672093411,0.5971377054036403
355,0.6360440844752457,0.5238657406379302,0.5794955788476214,0.5422001791515783,0.5243562477304049,0.6553138283002647,0.507524681933916,0.54911570421906,0.604568674728168,0.5938660732782296
356,0.6389717516435147,0.5215436884548948,0.5805728467260648,0.5412366216265435,0.524658628048315,0.656575928041855,0.5061874153131645,0.5502940284535154,0.603607192124912,0.5906231878975297
357,0.6418324744841478,0.5192367010628138,0.5816135982032793,0.5402838302144465,0.5249765650098109,0.6577617918825308,0.5049222916845828,0.5514512063971392,0.6026636677790049,0.5874141968467107
358,0.6044095712350407,0.5636823393898176,0.5381883304906173,0.5434954134935827,0.5281641311093669,0.6400014221821124,0.5078844907431057,0.5513302703089891,0.5965666318964117,0.5632593010506822
359,0.5919510239639956,0.5815797257592683,0.5266618947853704,0.5486702077212616,0.5452115485268983,0.6272569924417083,0.5142427265249504,0.5463908865902162,0.5970681920514089,0.5656627321028983
360,0.591636852987618,0.5823312760394007,0.5275081119005413,0.5502722531648704,0.5459585098620162,0.6261573713925996,0.514559762898341,0.5456654036846028,0.5978673544547966,0.5665434923694677
361,0.5839255486180169,0.5967695890114535,0.5206402376995074,0.5557155278355995,0.5602420216421257,0.6164526888389967,0.5200611521111219,0.5406904929354424,0.5986061126364943,0.5709811035211564
362,0.5832158991546872,0.5976960968264277,0.521800803063732,0.5578482539323874,0.5607329060739732,0.6153597858905778,0.5204984994375733,0.5397447093195209,0.599488369321015,0.5724394048832315
363,0.5824442516913501,0.5985964422491165,0.5229798942937213,0.5600373685548433,0.5611687978743023,0.6142845334801431,0.5209685639642749,0.5387914780692514,0.6003585837183246,0.5739472878711519
364,0.5816116991734848,0.5994676721831085,0.5241784951938809,0.5622817213090382,0.561549179648316,0.6132285061331993,0.521469212336653,0.5378328114263479,0.6012131763928326,0.575499965062537
365,0.5807194056083165,0.6003069118525406,0.5253975963534977,0.5645800039842179,0.5618736067786939,0.6121931696040402,0.5219983021553197,0.536870724115058,0.6020485905156338,0.5770925922177079
366,0.5797686090862818,0.6011113723664099,0.5266381874209631,0.566930750886167,0.5621417101903969,0.6111798782068951,0.5225536854982015,0.5359072315097348,0.602861306758818,0.5787202864398242
367,0.578760624607643,0.6018783578726724,0.5279012492486976,0.5693323397124398,0.5623531991612977,0.6101898724988029,0.5231332123557878,0.5349443477607312,0.6036478581591119,0.5803781443121218
368,0.5657846254537215,0.6457945499780224,0.5103987359037019,0.5860992006499007,0.6078300826477179,0.5827037814318091,0.5406449159493212,0.5165583136225883,0.5958933274806535,0.5951740312191673
369,0.5642649381013353,0.6458033343657685,0.5128516258661509,0.5893537771327325,0.6069987766759967,0.5821257341653445,0.5409199713238944,0.5154722893684258,0.5960853150465928,0.5971389766512415
370,0.5627644071378423,0.6500362436009509,0.5137749219003163,0.5937721298373101,0.6113241648370616,0.5780157552451717,0.5429865029410972,0.5123361476854704,0.5941723636158873,0.6000601821560353
371,0.562730110251509,0.6579463904346521,0.513582029248128,0.5988222059599381,0.6214938668553329,0.568736296044189,0.5469590065614766,0.5068126771466283,0.588476788347175,0.6034429875459398
372,0.5612132123360654,0.6570361508747797,0.5164141176657994,0.6020629804151143,0.6200071925968588,0.5684585447506904,0.5469557800894334,0.5060067264969873,0.5882780845987183,0.6051058737214958
373,0.5597061992948071,0.6560263820070414,0.5192666834639579,0.6052749964503615,0.6184650731239534,0.5682102732789127,0.5469323328924336,0.5052504363352791,0.5880422968538884,0.6067152973774257
374,0.5582129951592989,0.6549187159583848,0.5221372519658671,0.6084551497320396,0.6168707967327592,0.5679895617958395,0.5468879004831768,0.504545231480651,0.5877709545630475,0.6082703038381038
375,0.5567375171285396,0.6537149215710274,0.525023260091845,0.6116003677688707,0.6152277980658827,0.5677944567590152,0.5468217535075296,0.5038924350042874,0.5874656919750322,0.6097700912268544
376,0.5552836625342906,0.6524168985966308,0.5279220602594485,0.6147076165691852,0.6135396536183512,0.5676229786605949,0.5467331996958561,0.5032932651866333,0.5871282423510391,0.6112140053114731
377,0.5538552957591797,0.6510266718747109,0.5308309247859864,0.6177739071875737,0.6118100766717971,0.5674731296710891,0.5466215858917576,0.5027488327367514,0.5867604318100637,0.612601533794817
378,0.558641638570937,0.649640278728513,0.5330363811791403,0.6185902143498785,0.6185812598613989,0.5566089211600915,0.5483514413963133,0.4999809490031182,0.5789812244646759,0.6123859786062432
379,0.5576174029212801,0.6475670177669005,0.5359134496126537,0.6212644037158316,0.6165711012546377,0.5566338062610998,0.5479299852588575,0.4998729179051882,0.5785560897811226,0.6133761042881974
380,0.556653891905087,0.6454213486981392,0.5387783080824146,0.6238779109603457,0.6145516070766847,0.5566701562765343,0.5474800593086774,0.49982601043869684,0.5781275001443958,0.6143107395911231
381,0.5557542582796907,0.6432060668262146,0.5416280214661718,0.6264285934362364,0.612527625497992,0.5567160707061803,0.5470016508268998,0.49984008409957825,0.5776974613741199,0.6151902273025697
382,0.5549214722596347,0.6409240266841019,0.5444596568269994,0.6289143954869616,0.6105040525557012,0.5567696971443566,0.5464948057760102,0.4999148734406927,0.5772679533836785,0.6160149480315722
383,0.5541583111954735,0.6385781389445675,0.5472702914475793,0.6313333508983598,0.608485820274181,0.5568292358861013,0.5459596309258131,0.5000499916541128,0.5768409233754692,0.6167853125447724
384,0.5534673500052472,0.636171367613842,0.5500570210260695,0.6336835850326583,0.6064778843934934,0.5568929440978564,0.545396295889136,0.5002449325047684,0.5764182791943304,0.6175017542917675
385,0.5528509523974773,0.6337067275054526,0.552816967999823,0.6359633166389501,0.6044852117408261,0.5569591395420972,0.5448050350475255,0.5004990726075519,0.5760018828645073,0.618164722162346
386,0.5523112629204335,0.6311872819883723,0.5555472899617978,0.6381708593358991,0.6025127672825129,0.557026203848117,0.5441861493475045,0.5008116740386109,0.5755935443346444,0.6187746735164112
387,0.551850199868116,0.6286161410005623,0.5582451881332551,0.6403046227640291,0.6005655008967148,0.5570925853239608,0.5435400079483844,0.5011818872702304,0.5751950154542713,0.6193320675253076
388,0.5721886518477665,0.601168929022997,0.5697252719589609,0.6258554007166669,0.602701069903439,0.543528159722845,0.5372112912010567,0.5086619104825565,0.5775620422977993,0.6124741477847994
389,0.5728623204358506,0.5983423800990694,0.5718732180795667,0.6269635496533931,0.6013443145934859,0.5438365564656041,0.5362127427081008,0.5096168593174117,0.5776431644011654,0.612300318264251
390,0.6009383369708796,0.5523077857529795,0.6064057664928193,0.6099135570429484,0.5995704977131382,0.5415313986873183,0.5227175630050416,0.5243467776911968,0.6000723890764113,0.6064644547875422
391,0.6028792322971943,0.5497889301945419,0.6083601559916249,0.609669664901022,0.5994893578616571,0.5423282123321196,0.5216376919368556,0.52560394772961,0.6003422116126483,0.604940982144809
392,0.619907400708221,0.5235947910293727,0.6387038069941725,0.603113664786493,0.5979727931360171,0.5513562298462339,0.512072519960388,0.5350264525434119,0.6169294160078891,0.5983414412679448
393,0.6223185074038226,0.5214110875274172,0.6407673495463349,0.6019569748363466,0.5987072268285268,0.5523380399517386,0.5112120032526133,0.536220232649,0.6167782736957783,0.5958160277077778
394,0.6247522699660188,0.5192471871395509,0.642824337072049,0.6007330776841302,0.5995101365601019,0.5533015802261168,0.5103770545683813,0.5374158776583091,0.616584189277059,0.5932266166656447
395,0.6272037880076574,0.5171064677059607,0.6448735286145624,0.5994420501938241,0.6003793423735957,0.5542457290499437,0.5095695050494436,0.5386126176687591,0.6163469697277868,0.5905760518959047
396,0.6296681857559503,0.5149923682689713,0.6469136412128326,0.5980840706809114,0.601312476992453,0.555169398396627,0.5087911395237474,0.5398097699541207,0.616066543043936,0.5878673379711213
397,0.6321406235315237,0.5129083804352699,0.6489433503226825,0.5966594241937453,0.6023069942568837,0.5560715356773939,0.5080436918147586,0.54100673710563,0.6157429553935817,0.5851036373317021
398,0.6470635547411007,0.4989380213735726,0.6848082440980378,0.5868678016880883,0.5966333085998131,0.5774399016385603,0.5003218115840576,0.5479962446387447,0.627441173550876,0.564982089298195
399,0.649047891550121,0.49761849627219457,0.686380508640575,0.5845881278039003,0.5980008652469683,0.5780446586627432,0.5003221606006166,0.548799763801345,0.6262900834201495,0.5618283532369384
400,0.6509812809326961,0.4963586136481781,0.6878940392273007,0.5822827552401005,0.5993666996469394,0.5786138364374107,0.5003695882350188,0.5496051049033217,0.6251199233242876,0.5586973195936553
401,0.6445713830675402,0.5138399487680859,0.6856216512225479,0.5770367051627022,0.5849179352510897,0.5919781015639781,0.5038677547416838,0.5476738379076883,0.6204737780215116,0.5476186840510927
402,0.6454319586884977,0.5132765137770249,0.6859354350982618,0.5751507658153309,0.5858927789188585,0.5920731338079125,0.5044680873652794,0.5481017873560936,0.6192912468075803,0.5455888543210339
403,0.6462222881302468,0.5127779916564182,0.6861565644351455,0.5733064650307411,0.5868284925753076,0.5921480182484146,0.5051078986012807,0.5485390642472857,0.6181301853165968,0.5436394595839564
404,0.6469416628372333,0.5123445254618506,0.686285210028276,0.571508347771117,0.5877232315454378,0.5922044424359707,0.5057858282900956,0.5489865794424165,0.6169916343037081,0.5417725381002444
405,0.6475894834888959,0.5119761005693978,0.6863217594192186,0.5697609326829446,0.5885752297356109,0.5922441435733024,0.5065004602480252,0.5494451905196758,0.6158764261351124,0.5399899112494033
406,0.6018605369591002,0.568621958254074,0.6371622631046404,0.5875739791925721,0.5576204782241234,0.6017890375713888,0.5236277472185656,0.535220578623954,0.6054876469887064,0.5594563388041408
407,0.6008250998658882,0.5688429426088938,0.6361311557628706,0.5883100143499878,0.5573889201754771,0.6018447545161316,0.5244158536280937,0.5351847621232644,0.6050098584966428,0.5599129671697272
408,0.5929037474849775,0.5758659474153812,0.6287126820847507,0.59369934635872,0.5541215582661322,0.6028249062639264,0.527262687091098,0.5330863684042125,0.6033950881874587,0.5646939490143706
409,0.5954026340694821,0.5609755322831147,0.6313002153234502,0.5951210514905637,0.5567289364961131,0.6020259095883438,0.5317932622098795,0.5389025777587406,0.601288678440502,0.5616400365554146
410,0.5941024911453399,0.5611800279865109,0.6300120781299634,0.5967355402659161,0.5559774309290034,0.6024177590437952,0.532666006914813,0.5391983702911024,0.6007769328202298,0.5623762010427551
411,0.592775484354736,0.561375540408135,0.6287381873657029,0.5984463066357102,0.5551740068830603,0.6028427799108281,0.5335290475932849,0.5395175242447361,0.6002468845328993,0.5631332027189129
412,0.591423828684072,0.5615601912090757,0.6274831379804394,0.6002506130246665,0.5543194506162905,0.6033009584579251,0.5343808280247819,0.5398600273780529,0.599695735080677,0.5639078851935454
413,0.5900497852984428,0.5617321630041598,0.626251414380588,0.6021454209046202,0.5534146374095943,0.6037921692069838,0.5352198294914761,0.5402258175495602,0.5991207650998958,0.5646971551137681
414,0.5886556584491996,0.5618897028650788,0.6250473743598756,0.6041273977330343,0.5524605336257071,0.6043161754900174,0.5360445727027873,0.5406147846772351,0.5985193493848335,0.5654979931516306
415,0.559588773652458,0.5898060360920258,0.6028523937567376,0.6402077684061044,0.533922439137101,0.6149539013308442,0.5411452791565138,0.5350061293080756,0.5895465991763613,0.5846702159450954
416,0.5578949962885419,0.5896268036667504,0.6025349096239331,0.6430708159143559,0.5324578192874313,0.6158179924114835,0.5415727404201224,0.5353148009069759,0.5886075774693854,0.5855326761003897
417,0.5562171311596188,0.5894025981452139,0.6022793432322634,0.6459563015513101,0.530962232182678,0.6167079461567929,0.5419772956842884,0.5356471494958411,0.5876272620083313,0.5863696932123151
418,0.5545578446936474,0.5891327974322694,0.6020876077402728,0.6488586685792768,0.5294380745348803,0.617621936506301,0.5423580450250642,0.536003201872077,0.5866052746252521,0.587179723928653
419,0.5452226069050705,0.5958250604823013,0.5971319250072887,0.6619612304893188,0.5239539995361819,0.6214125382851624,0.543320340411965,0.5349705290104858,0.5819190036221309,0.5923585986273048
420,0.5213221847935374,0.6141668873334422,0.5832507926482399,0.692587345557188,0.5150138566291225,0.6297328433639228,0.5445565183916162,0.5314610011387614,0.5672142705778918,0.6036496170364016
421,0.5199296909979042,0.6132315992943009,0.5844003392520984,0.6952507930002695,0.5132132626443818,0.6308608751167875,0.544305473581058,0.5318253383007535,0.5657992728749692,0.60407015931443
422,0.5062454135659369,0.6217970503494324,0.5759452682542621,0.7102331828002553,0.5117203000360636,0.6346916564704608,0.5437386670812405,0.5304584240288763,0.5536546233538151,0.6084515132333066
423,0.5053009157393501,0.6204467240419603,0.5776878547576632,0.7123006325715704,0.5100068086042703,0.6357627992980155,0.5431201142967493,0.5308796520849142,0.5522555927648705,0.6086102944094653
424,0.5044361726990712,0.6190360136415018,0.5794654975694186,0.7142796149571289,0.5083395760655716,0.6368092306841603,0.5424771147526,0.5313279083675979,0.5508672881870069,0.6087335996215713
425,0.49679074672853607,0.6225662832171052,0.5717117063584131,0.7182000070786791,0.5129612205198296,0.636520423174143,0.5402586623412406,0.5315948748538853,0.5399426512591351,0.6095155428894511
426,0.4965666343383633,0.6207866647167715,0.5738164322778366,0.7194186871232083,0.5116583899676653,0.6373310342474457,0.5392751005405325,0.5321029510833231,0.5388678189554623,0.6094128087839177
427,0.4964317158014167,0.6189577535400529,0.5759246398370924,0.7205457513611732,0.51044231928166,0.6380967137069493,0.5382728415479335,0.5326336092079362,0.5378345521652941,0.6092802222631267
428,0.4963852662880729,0.6170820833383358,0.5780329618570091,0.7215813435219004,0.5093178938065901,0.6388152223747156,0.5372529208957277,0.5331858359423609,0.5368451326579307,0.6091182690999325
429,0.49691810729074654,0.6111108555443681,0.5856570376556978,0.7251957095396893,0.5048538549550157,0.6415087623690992,0.5346119625122759,0.5346905982788034,0.5350303430459334,0.6086950630416158
430,0.4971393521192804,0.6090976990932245,0.5877273547310107,0.7259540693238735,0.504071167134337,0.6420609017271829,0.5335667983643905,0.5353229181178358,0.5341690342081881,0.6084394303701459
431,0.49744286052558256,0.6070501176610585,0.5897840331739018,0.7266217823345787,0.5033989073776226,0.6425574982128627,0.5325089602128317,0.535971933018767,0.533359073279566,0.6081559262625121
432,0.4982760505622002,0.6045247735057521,0.5885597076358816,0.7231119283841008,0.5079083933292853,0.6401045943285635,0.5298591649486559,0.537678161603372,0.5312485115488063,0.6069711203792788
433,0.4989155214179988,0.6023849089014893,0.5905534844947935,0.7234047757983625,0.5076732344508952,0.6403689888839855,0.5287101051194618,0.5383331509169261,0.530730447839871,0.606581730498353
434,0.5230570748501838,0.5819459149634987,0.5846245582958928,0.6642366301766102,0.56190720677264,0.5983544881958939,0.5181483607553182,0.5462703695820171,0.5424484203250683,0.5935969601877686
435,0.5249439565149477,0.5800401343373922,0.5861355241292617,0.6637913431732404,0.5635795340671051,0.597682498987807,0.5169215883332354,0.5465386480098334,0.5432417015823191,0.592522960872055
436,0.5278183731896219,0.5771251480232226,0.588550553707484,0.6646963753235635,0.5655287950349419,0.597801451070701,0.5146884952370536,0.546890653112566,0.5441048336087544,0.5907491605164791
437,0.5538576443508432,0.5552953080970756,0.6117114980266487,0.6251471550487067,0.6060176488066603,0.5589582684062293,0.5114330231185953,0.5488727707621012,0.565094890846232,0.5753767940908275
438,0.5561355855030921,0.5541058692553933,0.6129401652027836,0.6241521583646066,0.6088616797750195,0.5578631192252888,0.5106210469428138,0.5487273431267374,0.5660411871526222,0.5735081917098405
439,0.5584198837079931,0.5529778885910349,0.614126631300722,0.6230782477337209,0.611788585964359,0.5567288664620151,0.5098342325896524,0.5485669581264453,0.5669716984807445,0.5715883662190279
440,0.5607071915849914,0.5519141916695478,0.6152701547369595,0.6219230432259069,0.6147930009359819,0.5555564666828319,0.5090735159042645,0.5483919986197676,0.5678843393218296,0.5696191738412154
441,0.562994210284191,0.5509175057993526,0.6163699934505752,0.6206842327962585,0.6178693745364896,0.5543469558815879,0.5083397693211567,0.5482029263878562,0.5687771440712229,0.5676026393736462
442,0.5652776927870118,0.5499904503420273,0.617425404351082,0.6193595856856993,0.6210119919039371,0.5531014495318852,0.5076337997413625,0.5480002792912466,0.5696482697976915,0.5655409544180983
443,0.567554446831548,0.5491355270832391,0.6184356428563064,0.6179469657797326,0.6242149929709356,0.5518211426906248,0.5069563466023135,0.5477846681132278,0.5704959982942085,0.5634364747880326
444,0.5698213374782598,0.5483551107077049,0.6193999625269934,0.616444344865868,0.6274723923792966,0.5505073101399016,0.5063080801491012,0.547556773108301,0.5713187374154116,0.5612917171019948
445,0.5720752893341423,0.5476514394221503,0.6203176148043507,0.6148498157300708,0.6307780997188851,0.5491613065528744,0.5056895999149048,0.5473173402754403,0.5721150217107878,0.5591093545770776
446,0.5743132884558484,0.5470266057705843,0.6211878488562216,0.6131616050326973,0.6341259400018894,0.5477845666678426,0.5051014334173469,0.5470671773769649,0.5728835123664111,0.5568922120406987
447,0.5765323839543834,0.5464825476863494,0.6220099115370367,0.6113780859047626,0.6375096742826512,0.5463786054535047,0.5045440350765169,0.5468071497248094,0.5736229964716935,0.554643260183294
448,0.5834200977668486,0.5324929880033357,0.6877333028826349,0.5277404493251745,0.6277852433049762,0.5618149881454829,0.5416521369184495,0.5206606662203749,0.5962657015326577,0.5273360016196453
449,0.5829904243226411,0.5333359160681282,0.6852067055057777,0.5254711863250273,0.627498257985637,0.5635503482698474,0.542312513097776,0.5206782856610374,0.5956578314769878,0.5277098780951018
450,0.550798654841472,0.5655873293794542,0.6400057516302382,0.5784246536021992,0.5435078927514421,0.633419152045862,0.5485785789007271,0.5152992603730912,0.5744614546742536,0.5676840922920102
451,0.5504140968176011,0.5651204088379689,0.6383140857454714,0.5802804936572895,0.5418300436889546,0.635372988448916,0.5486458409112347,0.5157797404156487,0.5733263576784573,0.5682034105388881
452,0.5500781277383001,0.5646097568941553,0.6367028177722699,0.5822379395230093,0.5401203683193748,0.6373151508999532,0.5486898847854963,0.5163019419715905,0.5721614571958071,0.5687000325607687
453,0.549792238594907,0.5640553833505056,0.6351762198007658,0.5842916249603557,0.5383817867805526,0.6392433242847454,0.5487107523594633,0.5168651478176958,0.5709668397101817,0.5691734756092605
454,0.5495578146650899,0.563457379385806,0.6337381843278709,0.5864358917799523,0.5366173533635777,0.6411552093165022,0.5487085477944809,0.5174685776567788,0.5697427248804364,0.5696233444479446
455,0.5493761305134518,0.5628159150245133,0.632392213002193,0.588664810018575,0.5348302552156537,0.6430485279114563,0.5486834376458871,0.5181113903557032,0.5684894671088424,0.5700493283560785
456,0.5492483452528307,0.5621312366026358,0.6311414070424693,0.5909721991832954,0.5330238105168177,0.6449210283739445,0.5486356507683695,0.5187926862856791,0.5672075565420108,0.5704511977492072
457,0.5282123050663582,0.5813254010290985,0.6212813567183189,0.6866408418440979,0.46480884504752334,0.6864513052061092,0.5376818225083085,0.5260602772681071,0.5349104722733466,0.5946892288017009
458,0.5287938278727715,0.5795378416151294,0.6221188129836821,0.6891947179236599,0.4635857945469741,0.687725330579434,0.5369603453182088,0.5268887246536454,0.5334946278688693,0.5944768540708366
459,0.5294364996858422,0.5777130068312497,0.6230237819031577,0.6916723344785513,0.46245038563341617,0.6889393156646416,0.5362326936493151,0.527734278569352,0.5320966250066126,0.5942379489406939
460,0.5301385283552074,0.5758530656973012,0.6239930387787572,0.694069194075498,0.46140708525055585,0.6900919458431723,0.5355000888067903,0.5285958018506498,0.5307188687057803,0.5939730264332426
461,0.5247102442570623,0.5786351414058787,0.6204551320286305,0.7315105568929233,0.45189540113320936,0.6957459095833988,0.5230373528436577,0.5371031845975521,0.5155789047408099,0.5978845713240094
462,0.5258469759199699,0.5764877566233361,0.6219228541612859,0.7322683349320614,0.4523239981863323,0.6962447458772298,0.5219793907717293,0.5378505370075842,0.5148470911672318,0.5972930777850729
463,0.5263929340129234,0.574470506723997,0.6193913923836718,0.735579123770717,0.45867703487099726,0.693695068028466,0.5166258163105284,0.5414369063867807,0.5124181741006081,0.5962951482495923
464,0.5326161655862282,0.5679622229076112,0.5986246971004113,0.7010175432001492,0.5168483927373396,0.6609132807719059,0.5028427225033062,0.550400144763459,0.5217657767570387,0.5866517135254753
465,0.5341852592064771,0.566474813878836,0.599411220097047,0.6998934711217852,0.5199767971806684,0.6600324406997375,0.5017213998423974,0.5505202596758533,0.5226236920940346,0.5854118336568671
466,0.5357582837296974,0.5650401711202658,0.6001509272752259,0.6987370433519987,0.5232205136529727,0.6590703176237325,0.5006339360367691,0.5506193648831917,0.5235227745239751,0.5841267690081003
467,0.5373327166791804,0.5636616194780785,0.6008433062382404,0.6975489143860913,0.5265735590486834,0.6580273600138856,0.499581611094596,0.5506967535776125,0.524460516183987,0.582796442861894
468,0.5389061142883629,0.562342415346657,0.601487939148382,0.6963296249693458,0.5300296371711118,0.6569040965398864,0.4985656344350389,0.550751770352376,0.5254343729107483,0.5814209107466843
469,0.5404761136645447,0.5610857369008013,0.6020845005215361,0.6950796018812209,0.5335821576219236,0.655701137174486,0.49758714174823954,0.550783812414089,0.5264417730724676,0.580000366752311
470,0.542040434370006,0.5598946742078007,0.6026327546994297,0.6937991584182467,0.537224255973798,0.6544191745596419,0.49664719207420255,0.5507923306118221,0.527480126265729,0.5785351491633176
471,0.5435968794290666,0.5587722192567973,0.6031325530182431,0.6924884955739196,0.5409488151550185,0.653058985622939,0.4957467651127755,0.5507768302833045,0.5285468318404091,0.5770257453746167
472,0.5451433357735231,0.5577212559448518,0.6035838306935917,0.6911477039104194,0.5447484879684568,0.6516214334286708,0.4948867587758442,0.5507368719191359,0.5296392872175322,0.5754727960584701
473,0.5557719943007565,0.5548138051813732,0.5976448242763878,0.6341623244545253,0.6155258606234829,0.5969604757403112,0.49225280472759886,0.5516287024353227,0.5525783842432188,0.5556849748415182
474,0.5572447373243773,0.555017038200628,0.5976212492075558,0.6326442524987185,0.6196573217217215,0.5949622072351117,0.4917999281831068,0.5510215721316591,0.5538293995850447,0.5537079110183732
475,0.5586943857296849,0.5553104284793344,0.5975555987143408,0.6310670821382833,0.6237815272473323,0.5929189602900389,0.4913808535731278,0.5503932226160115,0.5550659476795002,0.5517078317501386
476,0.5608563993220043,0.5557225211307014,0.5979557306123994,0.6247837007949778,0.6331241441724301,0.5859704690410997,0.49124499296386553,0.5495419992085268,0.5580506993007255,0.5478880722854097
477,0.5622412183243612,0.5562894972298804,0.5977837204765424,0.6230469651140361,0.6371926811778169,0.5838457137609298,0.4909248338059669,0.5488352943383595,0.5592360937044235,0.5458425499320118
478,0.570868537835904,0.5584332096389175,0.6188960337016158,0.5662259515400964,0.6975125346240554,0.5220770180145066,0.49917973363919127,0.5416611652169209,0.5795103826244109,0.5197392769058727
479,0.5718298092203845,0.5601985439245132,0.618281872587802,0.5632414731917331,0.7009800487135059,0.5205641342063618,0.49932402387604846,0.5405489862904379,0.580251658957334,0.5179716296215748
480,0.5735185775907078,0.5622664022593318,0.6272171867636295,0.5469592891466919,0.7147343383706815,0.5068231725516641,0.5034233816024718,0.5364898457652513,0.584561934435607,0.5105683042996382
481,0.5742400320049591,0.5643130455360272,0.6262768968387779,0.5432087653352523,0.717832633201771,0.5057854866078514,0.5036727850753782,0.5353457153912692,0.5851010334940845,0.5090988407670028
482,0.5749193038833349,0.5663974621351016,0.6252534558709583,0.5393265824361748,0.7208486566086657,0.504795143215222,0.5039227120334858,0.5342172120595189,0.5856072347351445,0.5076790841753694
483,0.5755559055504963,0.5685155899253795,0.6241460385789507,0.5353170025916086,0.7237805310938388,0.5038548907364391,0.5041723220267451,0.5331061593498825,0.5860807941109377,0.5063114352047637
484,0.5761494195491013,0.5706632720276854,0.6229539406939405,0.5311847040622824,0.726626610950981,0.5029674321584102,0.5044207800315011,0.532014343827553,0.5865219880011638,0.5049981760210102
485,0.5766995020496047,0.5728362674503901,0.6216765824141635,0.5269347684611932,0.7293854757589884,0.502135417340993,0.5046672586355027,0.5309435105623151,0.5869311067503326,0.5037414644542478
486,0.5772058863941651,0.5750302619923238,0.6203135114481579,0.5225726664879172,0.7320559228452282,0.5013614352211444,0.5049109401820633,0.529895358821158,0.5873084484093296,0.5025433287023164
487,0.5767958716997688,0.5768736461025911,0.6272320500381177,0.5048817564922395,0.7399210166299868,0.4951395526897753,0.5091731873805928,0.5259424057299816,0.58942226239446,0.49849202798266284
488,0.5770429682835584,0.5790970628183113,0.6254433439430983,0.49990087925222293,0.7421336492062844,0.4950519687350149,0.5094495388888618,0.5249694991527063,0.5896179774605129,0.4977282221939921
489,0.5772500622774392,0.5813138680681721,0.6235613796053436,0.4948423848720527,0.7442539061249525,0.49503727981287116,0.5097151339848285,0.5240303784111239,0.5897848234915426,0.49702972679189744
490,0.5774177630931704,0.5835196560094749,0.6215868069364847,0.4897145110186074,0.7462814451193376,0.49509696617138266,0.5099693410029179,0.523126446855607,0.5899229665153337,0.49639731070904664
491,0.5775467872586426,0.585710046578748,0.619520434220822,0.48452572604057936,0.748216036198225,0.49523238057098884,0.5102115562286829,0.5222590323208284,0.5900325388660619,0.49583160007389426
492,0.5776379609246807,0.5878806961390964,0.6173632259003737,0.4792847024984536,0.7500575494687142,0.4954447426910113,0.5104412052968262,0.5214293845329849,0.5901136364264857,0.49533307892558925
493,0.5765153334886802,0.5888164048361906,0.6190683170772922,0.4662023373209585,0.7521029348281512,0.49669793749865376,0.512926015245275,0.519039601511237,0.5903573063735613,0.49494113454359345
494,0.5764521556108273,0.5908491555390422,0.6165771669853903,0.46076770839730635,0.7535464995584936,0.49744592540593646,0.5131297085625238,0.5183306798695047,0.5903109444729379,0.4947751743968005
495,0.5763601079485625,0.5928419940733386,0.6139985332083603,0.4553242365110587,0.7548947532542222,0.49827311624880344,0.5133168489170212,0.517665380875463,0.5902367545819875,0.4946738234031705
496,0.5762408437626277,0.5947910710439049,0.6113344044674177,0.4498814575827613,0.7561476575295664,0.49917954167060613,0.5134871036454959,0.5170445240852056,0.590134552500632,0.49463664821978565
497,0.5741858142760071,0.5935353715834781,0.6125633559877922,0.43507310220768314,0.7538545404072937,0.5066303674480142,0.5164014152673817,0.5145696245197452,0.5892549026006011,0.49681173076173435
498,0.5739641668892546,0.5951930863276202,0.6095559597181416,0.4296991944185452,0.7545603105584108,0.5081917057308352,0.5165140811525896,0.5141141060337564,0.5889926401991513,0.4971404270342731
499,0.568235589851833,0.5794380796426278,0.6113818518039159,0.408725976637789,0.7116793103746195,0.5620254767440098,0.5246436760973037,0.5079629965001854,0.5790319040520125,0.5166792021855681
500,0.5683108555902086,0.5800387757249851,0.6079619030977745,0.40486822379791004,0.7104634917945825,0.5648702406220937,0.5244969979679903,0.5079101529983115,0.5782825170881487,0.5175614314053374
501,0.5693502377793592,0.5737126906116566,0.5964750136046433,0.3991468861835131,0.6784119576117731,0.59762630810616,0.5253788092415124,0.5069433097385658,0.5695921737012972,0.5292964481658644
502,0.5925237273979186,0.5361347502576642,0.5699233395003396,0.534152139666609,0.419972392492342,0.7412694911894473,0.5179079505513892,0.510003734552318,0.506646398967806,0.5832125155315709
503,0.5941081791022773,0.5331041889565299,0.5518931644937153,0.6170930218262501,0.3878170440827663,0.7610418934617328,0.505537320877879,0.517002845048371,0.49674479278062866,0.5864434459399815
504,0.5838641876286714,0.5574867983316996,0.5329934155905984,0.6220657409442172,0.5132829694136982,0.7104685753302633,0.49586019646252233,0.5223398713989637,0.5282730258008683,0.5644493532262239
505,0.5847619258233071,0.5580071496191651,0.5330755438740413,0.6205480288308693,0.5183090927584688,0.7090110681093216,0.4947605808475958,0.521879560918161,0.5296034592067671,0.562310243991946
506,0.5856268638698813,0.5586005364739157,0.5331356168114967,0.6189911292438016,0.5233085018171897,0.7074472899714164,0.4937274018617645,0.5214091526149229,0.5309283233437917,0.560142571633259
507,0.5864596326580892,0.5592676087745094,0.533173280289577,0.6173956167905132,0.5282725507132194,0.7057781373847871,0.49276102429684704,0.5209289601520798,0.5322455967741316,0.5579496667216661
508,0.587260883823095,0.5600088336335565,0.5331882280656872,0.6157621104474154,0.5331927684588273,0.7040046490036151,0.4918616835740837,0.5204393212782817,0.5335533410143418,0.5557350173110222
509,0.5880312787662888,0.5608244899237812,0.5331802016498323,0.6140912773764673,0.538060886290663,0.7021280125299293,0.4910294871321323,0.5199405961257427,0.5348497013745102,0.5535022574158232
510,0.5854703852813699,0.5854236998981065,0.5316176837085966,0.5846747411425562,0.6144710091006477,0.6463181274501945,0.49042823067722563,0.5194005596691763,0.5534298807777618,0.5340802521099451
511,0.5861127628906928,0.5872259017084153,0.5309465664527185,0.5821810765692088,0.6183477873708761,0.6436050171886584,0.4899547516330009,0.5187069057513609,0.5545676269776071,0.5318968189459639
512,0.5867275880821679,0.5890858775534076,0.5302442816894474,0.5796522925046551,0.6221101970549708,0.6408316692954217,0.4895291484527244,0.5180152845382282,0.55567410095356,0.5297389985230885
513,0.5873144549629765,0.5910009037750359,0.5295111712612298,0.5770900512212197,0.6257547804289978,0.6380017984332821,0.48915058234782743,0.5173263939280599,0.5567484940939433,0.5276109837891687
514,0.5878728899833795,0.5929680718439644,0.5287476194381658,0.5744961613539562,0.6292785204691208,0.6351192741059685,0.488818148191937,0.5166409214098988,0.5577900715727369,0.5255169275430338
515,0.5884023507256597,0.5949842940736833,0.5279540527054944,0.5718725773569915,0.6326788458409827,0.6321881164295041,0.4885308784207819,0.515959542117655,0.5587981681301522,0.5234609278361637
516,0.5850111846646049,0.620459549354149,0.5311976487276038,0.5324569617657717,0.6942773547684895,0.571050284837839,0.49103430896715317,0.5135265755965913,0.5710422151801636,0.5064508687656707
517,0.5852305823569839,0.6228441383335499,0.5296205866135024,0.5290181840502225,0.6965128379044464,0.5684259934334818,0.49097793076120355,0.5127877250283049,0.5716986389712966,0.5050787632279292
518,0.5854081800401231,0.6252259830572973,0.5280067941588142,0.5255598317089738,0.6986407677837346,0.5658290129167339,0.49094034025408023,0.5120661748976361,0.5723168653269454,0.5037788270436945
519,0.5855431126857643,0.6276003997969143,0.5263571497710667,0.5220863734063945,0.7006633497540843,0.5632639369595777,0.49092048470789995,0.5113625674531019,0.5728968044077657,0.5025532631186767
520,0.586691211416703,0.6340756290328298,0.5185886985876574,0.5141340658290424,0.7001166997733969,0.561086477051267,0.4904500310976739,0.5091026391845338,0.573879916731293,0.4998160119501443
521,0.5866627533369283,0.6363801427012332,0.5168939608225996,0.5107650926544984,0.7017438062081286,0.5585636207309961,0.49049864139327987,0.508496018637517,0.5743145864036263,0.49885966861042913
522,0.5865881346097802,0.6386561589347438,0.5151708821415808,0.507407890894976,0.7032778522161803,0.5560904263000466,0.49056214249778357,0.5079088219013094,0.574710581813046,0.49798650433338204
523,0.5822434061933616,0.6478632214991414,0.5167123255761384,0.48511898155927696,0.7280094760959491,0.5322518624005098,0.49248924154031715,0.5060066009240786,0.5768267610960941,0.49443692529281613
524,0.5818608983560309,0.6498340004965295,0.5145510243424525,0.4814779781994165,0.7291614693854882,0.530656988707994,0.4925714006226407,0.5054685380950547,0.5769900833340486,0.4941795753322892
525,0.5814321448967731,0.6517418482182809,0.5123620431526692,0.47787404183225984,0.7302511917860554,0.5291484979841379,0.49265509624657317,0.5049548862960959,0.5771150687814006,0.4940048691439595
526,0.5809576863778748,0.6535829295742405,0.5101469381843281,0.47431300354446726,0.73128240212852,0.5277291512064362,0.4927396045978515,0.5044658129578347,0.577201641331921,0.49391243502976334
527,0.5804382140915402,0.655353567966488,0.5079073193132299,0.4708006687090209,0.7322588283573913,0.5264015158427697,0.4928242328373004,0.5040014390287283,0.577249719145413,0.49390173113436436
528,0.5788180347996866,0.6574415497706582,0.5063284634918537,0.4637931355731801,0.737206904290099,0.5226334537971759,0.4932738450041095,0.5032688621506473,0.5771765046786734,0.4940841193885142
529,0.5743778194791157,0.6585155950296411,0.5063583504570274,0.44822437301295365,0.7508274605954979,0.516149294015384,0.4946430385762546,0.5017770599950476,0.5761969562555056,0.4956934380477527
530,0.5736110501384308,0.6596838466107842,0.5037507437667534,0.44470815437348854,0.7515876874316761,0.5159718074482924,0.49466548880800215,0.5014088187680483,0.5759898668343143,0.4962702602838489
531,0.5728166234985633,0.6607583776633195,0.5011241156856274,0.44127440523905453,0.7523124853701816,0.515897377789462,0.49467956465994256,0.5010673808344742,0.5757446311465563,0.4969137978794217
532,0.5627353117497991,0.6492025184877049,0.4975206039028924,0.40542795720815195,0.7734543866887111,0.5274126835657459,0.49726995813110086,0.4975070482518578,0.5678676465782282,0.509157716461096
533,0.5620767952510247,0.6491342891775378,0.4944116135739297,0.40228913005411826,0.7736906432794431,0.5291383900791389,0.49705620499676306,0.49732660537958295,0.5672177708124378,0.510405180586215
534,0.5614479687841921,0.648966879955227,0.49129476092417396,0.3992758952970267,0.773872202574038,0.5309301262653724,0.49683057886376736,0.4971728069923992,0.5665329407290423,0.5116827143107183
535,0.5602737285972743,0.6326176388890249,0.49073516699542624,0.3845185956148421,0.7731789952084877,0.5518472731485262,0.4980812503995542,0.4953853007617852,0.5583479267973912,0.5220584266966104
536,0.5601614755929458,0.6318615355035033,0.4874843254875269,0.3818817805992551,0.7726560781840627,0.5542566836034153,0.497683462790852,0.49531240234767787,0.557448112490753,0.5234285521645877
537,0.5601173334170009,0.6310186227762481,0.48423553638100114,0.3793848787562553,0.7720445850689068,0.5566874396073104,0.4972786584634756,0.49526346988934833,0.5565192220431688,0.524806914477084
538,0.5786246310553955,0.5799253207832024,0.48379845030980895,0.36396083801361456,0.709527283102004,0.6190907139125069,0.4994220943178719,0.49166403694087524,0.5301615729646028,0.5507137532697735
539,0.5803579322257011,0.5784081054220601,0.48074004734268444,0.3624691338492179,0.7063307463165791,0.6213226783622099,0.49858638539724975,0.49170397369877633,0.529019062428523,0.5516697442357035
540,0.5821757148750965,0.5768347074664325,0.4777015112372172,0.3611004920805057,0.7030071910617821,0.6235038523524564,0.497768211370408,0.4917590192857954,0.5278723580470925,0.5526052757740123
541,0.5840753970920328,0.5752068841837559,0.47468524254836936,0.3598539739513434,0.6995578220850213,0.6256336646798492,0.49696986426645773,0.49182858746912594,0.5267226568984397,0.5535195583660405
542,0.6256851243339914,0.5064739309806464,0.4379941205571091,0.4733719153865166,0.45283772172298004,0.7616168985738014,0.49191469318639613,0.49361373206282827,0.5331866242614463,0.5513290586538769
543,0.6217746922078725,0.5233198358534182,0.4374658451776601,0.47632934563500506,0.4803486829051412,0.7533831511771414,0.49050870919101003,0.49407788979882983,0.541113213482761,0.5431848603515635
544,0.6216678307495606,0.5253375825198967,0.43784379040930094,0.4761596033103542,0.4848889802701897,0.752453275860318,0.4897032892457847,0.4939333510862122,0.5421650750183516,0.5407057930408397
545,0.582262601982539,0.6809362682125435,0.4496805550309036,0.44297159355741755,0.6954649343761559,0.5453631927575797,0.48936224894926755,0.49546644447577326,0.5769942753633972,0.4981056748835917
546,0.5813981288661391,0.6824867853603801,0.4479712309133844,0.4411597567605532,0.6963109148237812,0.543364662705552,0.48933548131304405,0.495386782153974,0.5768985150649781,0.49822177105174364
547,0.58049083226775,0.6839488457381362,0.4462735444557123,0.43946063482671877,0.6971320178132526,0.5414492665456867,0.48932182247602857,0.49532974527505835,0.5767575472270312,0.4984243686427824
548,0.5795416037519749,0.6853205211401887,0.4445894836749295,0.4378779065769351,0.697931895869238,0.5396198159633256,0.4893206579509936,0.49529484102173654,0.5765714415778224,0.49871212742270127
549,0.5560725110550155,0.6656548428727002,0.45433186169484746,0.3982919777282748,0.7692609698856923,0.5324560928942246,0.49157498162204777,0.49270590645062,0.5600585734032086,0.5173875845611239
550,0.5567867013468739,0.6397357393545688,0.45512332444703457,0.38374014919126903,0.7748301319246693,0.5595838628122582,0.492318348306591,0.49139020216161294,0.5474858620980778,0.5310504008490629
551,0.5892607165013556,0.5732520788866518,0.45596733701782405,0.3675174650447608,0.70252267565131,0.626169212377407,0.49351248767191364,0.4886424291704042,0.5160578319562639,0.5585916119660668
552,0.6309646007730908,0.5204669979857758,0.451751202331087,0.3714482953545349,0.570679252993543,0.663010535289631,0.49325338180435174,0.4872368773078569,0.49487867290551335,0.5729462753758988
553,0.6337052790380281,0.5187255166506463,0.44973595458948756,0.3712895872037182,0.5657256876101343,0.6640643589934541,0.49223479827071037,0.4872689565173425,0.49428156890246305,0.572924640749979
554,0.636404390403664,0.5169522950149563,0.4477590375241127,0.371186082050575,0.5607543232713524,0.6651104379159568,0.49128428734842444,0.48730191435025416,0.49371241834376056,0.572864257340628
555,0.6390544819173365,0.5151477513783131,0.4458213186801476,0.3711356829713474,0.5557715534948197,0.6661519538204972,0.4904046073424391,0.48733548007517524,0.4931715641391915,0.5727645027875892
556,0.6416481502196533,0.5133122684713115,0.4439235684802236,0.3711362686146923,0.5507838469911293,0.6671919969787148,0.48959840125529436,0.4873694188441369,0.4926593011340305,0.5726248056956129
557,0.6441780690198271,0.5114461989619433,0.442066460248389,0.371185698426107,0.5457977306960369,0.6682335452161705,0.488868188123066,0.48740353290534166,0.49217587552493114,0.5724446528963041
558,0.6466370165205684,0.509549871381077,0.4402505705841542,0.3712818177009438,0.5408197724068671,0.6692794433926536,0.4882163546790729,0.4874376627470724,0.491721484408428,0.5722235966557743
559,0.6490179026733821,0.5076235964206384,0.43847638007600087,0.3714224624538267,0.5358565630951929,0.6703323834221266,0.4876451473848624,0.48747168817078546,0.4912962754602764,0.5719612617811748
560,0.6513137961448698,0.5056676735559964,0.4367442743425286,0.3716054640937136,0.5309146989697792,0.6713948849354013,0.4871566648664788,0.48750552929142854,0.49090034674347527,0.5716573525792322
561,0.6607835126002051,0.49083492143864127,0.43412750655186266,0.3754587721297024,0.49211111413336467,0.679975398905971,0.48678082873142575,0.4874096859195581,0.4889454495506555,0.5722444507212942
562,0.6625451476416165,0.48892074059411167,0.4327014755127077,0.37578958627944437,0.48769299313337955,0.6811416520586115,0.4864400813176801,0.48742224448266286,0.4887691435934988,0.5716260862184582
563,0.664180802502836,0.48698004229695674,0.4313162815064595,0.3761440971400758,0.48334938780574244,0.6823318938923304,0.48619370420498076,0.487434244867747,0.48862277186938613,0.5709647815775953
564,0.6718460142259727,0.4631117949093299,0.4277971285632985,0.3844670194716002,0.42909184301422265,0.6998291710961592,0.48612449108959055,0.48726001218973924,0.4893026501595073,0.5696080728755353
565,0.6723924961887754,0.4614497787627487,0.4269030424057149,0.38491625072811236,0.42639544424433773,0.7013351124927143,0.4860387791159841,0.4872356887722985,0.4895074716590934,0.5684441083541026
566,0.6669278635112635,0.43739010964420966,0.4216456783188427,0.39975311463548485,0.38790530402080237,0.7349086089801123,0.4862386671766519,0.4869454766024677,0.49878431454335903,0.5611240606293341
567,0.6660701759140749,0.43672022427609913,0.42140695010892304,0.40013128334143294,0.38850939671761264,0.7366583690622928,0.4863008122608043,0.4868831523859529,0.4994262196435132,0.5593028813564975
568,0.6650938949413794,0.4360712793259231,0.42119398906817346,0.4004938973579036,0.3892506084932336,0.738378434882411,0.4864717456290989,0.4868257285547237,0.5000787544151442,0.5574607420118912
569,0.6640040680432936,0.4354453357957819,0.42100638847076316,0.4008409524385403,0.3901258373787702,0.7400631567945332,0.48675076620256236,0.4867737727524874,0.5007403758904273,0.5556015110260206
570,0.66280606311176,0.4348444769202335,0.4208437364784117,0.4011724872306792,0.3911317295974563,0.7417067194736404,0.48713697453098187,0.4867278818622369,0.5014095525561875,0.5537291857697203
571,0.6323662264515187,0.5010046736437253,0.41124499678523946,0.4263686623157375,0.48584762929250086,0.7615023076817226,0.48731522975169156,0.4869585304177921,0.5382768262917448,0.5240064244707362
572,0.6316263771380729,0.5038182654010966,0.4115864745531849,0.4260312223643642,0.48971056763050497,0.7599996943168466,0.4875743875658746,0.48696189277334134,0.5390205101406109,0.5219908763117157
573,0.6309119711883826,0.5066691118489134,0.41194284805949033,0.4257128257328716,0.4935075974113067,0.758349808270091,0.4879043584028304,0.4869844562084924,0.5397315308858129,0.5200432225703633
574,0.6302249831313805,0.5095549749241957,0.4123147967818886,0.4254156372901926,0.4972359115771538,0.7565534262735863,0.4883033404798368,0.487026504927365,0.5404088691750147,0.5181677763891728
575,0.6295670798700946,0.5124734972526402,0.41270302416062826,0.4251418247069675,0.5008930387850618,0.7546116780568181,0.4887694661597285,0.48708830489752825,0.5410515720960458,0.516368641516433
576,0.6289396149776735,0.5154222057776301,0.4131082564921614,0.42489355437884296,0.5044768444186384,0.7525260485636668,0.4893008069696497,0.48717010298364727,0.5416587525249537,0.5146496992949858
577,0.6283436245445604,0.5183985158453521,0.41353124174024825,0.4246729872497383,0.5079855301307004,0.7502983786914921,0.4898953784964674,0.48727212609674464,0.5422295884619202,0.5130145966297048
578,0.6277798245958452,0.5213997357388294,0.4139727482657646,0.42448227454810816,0.5114176319307426,0.747930864544774,0.49055114514583054,0.48739458036051403,0.5427633223635955,0.5114667349799977
579,0.6272486100902364,0.5244230716515593,0.4144335634766838,0.42432355344988293,0.5147720168379888,0.745426055203162,0.49126602475381553,0.4875376502963179,0.543259260479488,0.5100092604181425
580,0.6257902082397412,0.5478140508933368,0.414163736383406,0.4260447773869813,0.5338424692606338,0.7287344433202971,0.49165589292956957,0.4880710396276575,0.546661707348782,0.5060717263765807
581,0.6254425747685733,0.5510240299075169,0.4146257787810025,0.42588724176706355,0.5367829194715202,0.7255490735059958,0.49240026147517796,0.4882723046276178,0.5470067675840691,0.5049674041132691
582,0.6251171401807137,0.5542325085937815,0.41511091994555305,0.42577656903093847,0.5396403429226435,0.7222554012893498,0.4931911285779064,0.4884950167346092,0.5473105523119528,0.5039639749743166
583,0.6216990031580976,0.6086432532677442,0.41426185849605973,0.42907918447807075,0.5785157371019185,0.672013269409813,0.49271507589466584,0.4900466056009076,0.5516889457343951,0.49955277264966663
584,0.6213584093327544,0.611710417519011,0.4146158297609535,0.4289088948018369,0.5805295602730028,0.6680677466225962,0.49335660385507263,0.4903460735124391,0.5517016477257884,0.49923048694371835
585,0.6209976674932266,0.6147253130815579,0.41500099674073454,0.4288137092472235,0.5824803196333016,0.6640945018574133,0.49402432558055875,0.49066611969144436,0.5516710088927886,0.49900849536061714
586,0.6206134953622662,0.6176844713476568,0.4154185362499904,0.42879585232454737,0.5843718500064521,0.6600999688879365,0.4947166034383197,0.49100636823744404,0.5515972035303326,0.4988860944006325
587,0.6202025936943967,0.6205845171051267,0.4158696167307683,0.4288574447745467,0.5862080484860457,0.6560906040869593,0.49543180849320445,0.49136641047892626,0.5514804639890272,0.4988623415481126
588,0.5940753720968103,0.6853945615041243,0.4161447394388159,0.4320619791112782,0.6495106183522222,0.5639825319584911,0.49512522330285663,0.496696008146846,0.5453102790174853,0.5073361658682916
589,0.5924128569421137,0.6862480615567754,0.4164534237368104,0.4326525705687678,0.6507997701751802,0.5616204045807474,0.4955121713180275,0.49714392488912945,0.544634046480614,0.5084527882027657
590,0.5906942843297117,0.687000891303751,0.4168150641723582,0.43336318946520275,0.6520968535586892,0.5593526616945353,0.4959026325384645,0.4975999100730007,0.5439270273746009,0.5096206613127156
591,0.5889214442785428,0.6876539928206872,0.4172305507011616,0.4341943699466112,0.6534027710450735,0.5571807997425048,0.49629629084373045,0.49806304897003634,0.5431903298121484,0.5108368729372844
592,0.5624940409793265,0.6899483784750882,0.4184899380304932,0.4358949099100263,0.7008013107156137,0.5375135834368168,0.4951647071196723,0.5005924654938663,0.5316922695218418,0.5217339929216854
593,0.5604466763035633,0.6892266881558837,0.4186328441140616,0.43680396873176597,0.7020299057991841,0.5371392278381665,0.49538015426119136,0.5009816149756109,0.5308223444324024,0.5231525416191526
594,0.5584041452636671,0.6884343047111141,0.4188373349210325,0.43784017601519554,0.7032496326740029,0.5368459116723289,0.49560283891625,0.5013685727498861,0.5299371452812409,0.524585716655536
595,0.5462747167740187,0.6795574367834363,0.41993067947224266,0.43890707146745156,0.7265066631323874,0.5403086586324443,0.4954674457491862,0.5025135091690129,0.5226750943363803,0.5313388557620762
596,0.5445523499813298,0.6782249669145606,0.4200579950768472,0.4400859397033297,0.727462198120897,0.5407746132666035,0.4956712998818514,0.5028354458835184,0.5217789244813295,0.532747086195426
597,0.5428825296652962,0.6768524386166304,0.4202491543263676,0.44138795554384574,0.7283784491310908,0.5412920640026616,0.49589065081524136,0.5031494891484032,0.5208775348016927,0.5341531255821468
598,0.5412703606190066,0.6754439115718345,0.42050421005376404,0.4428116686231107,0.7292514059829669,0.5418580255856245,0.49612660595203645,0.5034548289299019,0.5199723207655205,0.5355549976384009
599,0.6204962779994319,0.5572866902501339,0.43607003198197763,0.4303799879026391,0.6430088066265699,0.6272861044446968,0.5013227502430002,0.5021266068798017,0.4892940448972692,0.5583297477976046
600,0.6483545104137004,0.5289798101578652,0.4380010042405034,0.42610722259967687,0.5709847754064089,0.6338155009424368,0.5037740133322431,0.5005040456491063,0.4934305841099396,0.5546620336982663
601,0.6500005119818455,0.5275462650842816,0.4370976343423013,0.42618543270183074,0.5664084816302182,0.6350307227508691,0.5051033606247863,0.5004431058126457,0.4937381274548757,0.5537599905616845
602,0.6517414973299891,0.527352341423544,0.4332536113455826,0.4276254981870229,0.5611901413104579,0.6386964704538692,0.5109479803045954,0.500555205834712,0.4938301240242008,0.5510080292882166
603,0.6668335087543895,0.4837804270201527,0.43629135208586683,0.42199965935806566,0.4776919919911229,0.6593314795028997,0.5145481602639094,0.49708562188802113,0.5053872964924558,0.5412001913713201
604,0.6270970198002483,0.4957483383024128,0.4361245737177415,0.41607526174747794,0.5194934720670232,0.739839557210966,0.5096153013047019,0.5000567055327924,0.5494231825223582,0.5030400353315305
605,0.6266274279423477,0.4984041913869626,0.4367753739183424,0.41667187419716,0.5217277257684536,0.7376001489852104,0.5113430302322027,0.5008791379397788,0.5492513191859641,0.5025628950697492
606,0.6248734886377935,0.5865488160506934,0.43308208478797494,0.4219735092774442,0.572835317901969,0.6789082422499825,0.5072665500843077,0.5073817203624621,0.5514203801562676,0.5006583118265553
607,0.6235718711371043,0.6010638611300131,0.4362752915013737,0.4265061626501975,0.58166607718531,0.6604275189617844,0.5104941346348717,0.5106873454988976,0.5491906763780543,0.5028547226448834
608,0.6231916220298069,0.6035578647757156,0.4375497286485124,0.42802468532785876,0.5834603086252935,0.6562245626046497,0.5117461213574749,0.5116592337804927,0.5484283306058108,0.5036978227221206
609,0.6227681317887719,0.605983982146215,0.43886963350384267,0.42962784286927663,0.5852425038050304,0.6520132779757563,0.5130047128423852,0.5126399968879902,0.5476321333709804,0.5046266368498546
610,0.6222981551254614,0.6083401887696303,0.44023586370373247,0.43131558763358846,0.5870141912170111,0.6478003162913584,0.5142680495039831,0.5136285965279076,0.546803279144029,0.505637861228304
611,0.6217785758741704,0.6106245670234273,0.4416492389085454,0.43308775437892283,0.588776746682398,0.6435922498708744,0.5155342948727247,0.5146239785418087,0.5459430121625922,0.5067280573914322
612,0.6212064238066013,0.6128353092846304,0.44311053808445744,0.4349440613820037,0.5905313827252894,0.6393955536626565,0.5168016379697523,0.5156250749709492,0.545052625123291,0.5078936663918605
613,0.6124369021138679,0.6460115474114418,0.44211611520769084,0.4397504526959199,0.6104128301180815,0.6000638637970303,0.5151180630395015,0.5198131308343078,0.5392298318713356,0.5137869680021933
614,0.6102876117761551,0.6496044968575625,0.44363668351064284,0.4422699581628418,0.6136628004560244,0.5937104194511823,0.5158587202542938,0.5210224326720367,0.5377232268333019,0.5156871084873922
615,0.6025460853085352,0.6620174731151441,0.44427109766785694,0.4462075776660877,0.625080323338385,0.5753023634324074,0.5154626427296267,0.5235157480701761,0.5335203393150603,0.5200082608777896
616,0.6008449774994625,0.6628546403150024,0.4461626145667557,0.4487611950253541,0.6267217571837282,0.5723031764600361,0.5162694922432429,0.5244006469181245,0.5324462347991762,0.5215883530298127
617,0.5770624455174111,0.6788875343664867,0.4456547859502935,0.4557788042262205,0.6576441750390367,0.5436142025069886,0.5142596249608602,0.5291061224008733,0.5218103849198834,0.5311688674037047
618,0.5747391409921656,0.6785907794459349,0.4477031660260056,0.45863151944105257,0.6590964484358627,0.5421389515975,0.5148000265023631,0.5298200677158406,0.5207580871331073,0.5327460493771565
619,0.5678513470165893,0.6745000700508674,0.46177265812992885,0.47623888440425355,0.6580984579733513,0.5380625024410507,0.5186037917251377,0.5328590456798084,0.5176320737667869,0.5397655496191962
620,0.5639602725896069,0.6742367170370145,0.46403643605226885,0.47992207639637413,0.6611780842024495,0.5362351713606994,0.519095954080534,0.5336890534341336,0.5159416989420431,0.5418750744660326
621,0.5615348133661656,0.6736211271785785,0.46649504000294406,0.4834295606728286,0.6624273555818135,0.5351720853303549,0.5196587535049214,0.5343033052683637,0.5149137886578952,0.5434559643211017
622,0.5591098055622468,0.6729482088600747,0.469001150822327,0.48700765333201945,0.6636274653808101,0.5341966740988952,0.5202211131819402,0.5348972641048317,0.513898798453498,0.5450234722572
623,0.5320286920250845,0.664390937744847,0.47039653025222117,0.4956256113030693,0.6995491356791823,0.5425101005258096,0.5211410738165635,0.5384257862777803,0.5013985080134241,0.5551006200607163
624,0.532333261619738,0.6321062557745589,0.47828990490913165,0.5058104855619856,0.718023329289709,0.5882087700916796,0.5266534498101314,0.5401560163004938,0.4942301567235927,0.5604565047012801
625,0.5332189138338527,0.6306576077630476,0.48002044818328776,0.5084068955441468,0.7158296147357993,0.5888823798163597,0.5276941831893237,0.5402590793678791,0.4940776308061323,0.5607134361176314
626,0.5342074626765935,0.6292486415414779,0.4817681686446095,0.5110228316796223,0.7135361480704677,0.5895538132886365,0.5287847810423995,0.5403371968837712,0.493951070371059,0.5609335832411196
627,0.6392892992118712,0.5467745697876555,0.5135067799330031,0.5201213456629579,0.5507336913963217,0.6357902013110085,0.5412507599211938,0.5284252118831345,0.5225141692388927,0.5367554969264755
628,0.6406141935737626,0.5460901162181019,0.5132894829313532,0.5208121906125649,0.5471555422511885,0.6371880347599509,0.5432439993766423,0.528546587387091,0.5227913636829418,0.5354694998631905
629,0.6529038382236266,0.47798006198337395,0.5257849586346953,0.512496712219151,0.485799276583296,0.6787258067493595,0.5442370066041512,0.5206207013464941,0.54945142364556,0.5093785774966669
630,0.6520260442204451,0.47839459280151597,0.5251531810957386,0.5127892756689338,0.48508759061936113,0.6800896954750947,0.5466393927801483,0.5213669789132664,0.5492109884709112,0.508608855128709
631,0.6511078283993055,0.47883244319999035,0.5245250775245757,0.5130776531166692,0.4844206029032793,0.6813196343710776,0.5490774285096908,0.5221309358407357,0.5489304568602918,0.5079445105793183
632,0.6463993205563845,0.4747806016290068,0.5238377961776963,0.5102833567819381,0.4908206734743288,0.6903699604557418,0.5506836440435793,0.5228781874938633,0.5512235674944187,0.5050579945365556
633,0.6454151896609898,0.4755541229437512,0.5232939983730142,0.5105919673044247,0.4906681433293547,0.6907985728037978,0.5532284441396896,0.5238212374418443,0.5507392118368775,0.5048447163770506
634,0.6444219539520818,0.4763471038951091,0.5227614397724949,0.5108968176939709,0.4905480921887194,0.6910603152489249,0.5558032277921845,0.5247849455715636,0.5502141340708476,0.5047470655695608
635,0.6434228845612573,0.47715849819726414,0.5222414783826437,0.5111974535065891,0.4904597202925864,0.6911525943980255,0.558406103382915,0.525769569127484,0.5496488932109036,0.5047650038318638
636,0.6336507093947886,0.48783242846022573,0.5190348758319677,0.5022678937053708,0.5231574385504733,0.6961125408500701,0.5578745241117493,0.5298584785557154,0.5502557511848528,0.5048288102272263
637,0.6330710206416181,0.4893303719692244,0.5189754862032083,0.5028072494604161,0.5238672093940896,0.6941688150994719,0.5604976878118644,0.531184287809763,0.5493252308169402,0.5056734359908182
638,0.62935220551968,0.5098456159712911,0.5163611209642623,0.4978087762227539,0.5473186775529518,0.6832748548879641,0.5602199082170494,0.5359601177294319,0.546340123901978,0.5092187002075848
639,0.6290428837128693,0.5115691161993134,0.5167414464222212,0.49863829749973726,0.5483140789187909,0.6801025428564308,0.5627089573550023,0.5374021420999665,0.5452079680374169,0.5105604256851899
640,0.6287379277076719,0.5132729827374363,0.5171617668401259,0.4994816403799276,0.5493086896450621,0.6768151051542591,0.5651975889883282,0.5388502286900148,0.5440492350187494,0.5119883619199643
641,0.6284351193864802,0.5149553110764035,0.5176236005436489,0.500338517730483,0.5503018466675695,0.6734188226968358,0.5676833203938868,0.5403030974499495,0.5428656948311282,0.5134982283846792
642,0.6281321495605974,0.5166142192901875,0.5181284351662416,0.5012086635613106,0.5512928286065732,0.6699201624483491,0.5701636515601429,0.5417594316804919,0.5416591783159895,0.5150856093345455
643,0.6278266305050823,0.5182478510232453,0.5186777230651509,0.502091835287149,0.5522808533339967,0.6663257554720816,0.5726360649546515,0.5432178803784213,0.540431575436655,0.5167459712254768
644,0.6275161087383704,0.5198543784761952,0.5192728766724897,0.5029878158087762,0.5532650760403346,0.6626423748919976,0.5750980255906029,0.5446770608473812,0.5391848333281574,0.5184746802512101
645,0.627198077987864,0.5214320053852993,0.5199152637942547,0.5038964153962553,0.5542445878137763,0.6588769138537649,0.5775469814148724,0.5461355615741212,0.5379209541297602,0.5202670199218332
646,0.6268699922824417,0.5229789699910893,0.5206062028709157,0.504817473357977,0.5552184147409692,0.655036363571116,0.5799803640374144,0.5475919453689481,0.5366419925999835,0.5221182086073136
647,0.6249164973163787,0.541444108093432,0.5200671491455824,0.5016839099324747,0.5701646850317983,0.6378555548173587,0.5795208818500338,0.5522272075085957,0.5318117528359522,0.5273293457548278
648,0.6233550524493745,0.5542884715777203,0.5205555046228699,0.5006100963917418,0.5794742151078841,0.6242840145649776,0.5795091145573772,0.5557032920126707,0.5281195558623969,0.531402263238208
649,0.6228635764954763,0.5556198234369646,0.5219657193528159,0.50204701842961,0.5805949570804382,0.6200788426017065,0.5814591264506954,0.5570684108568323,0.526820356434537,0.5334255000405721
650,0.6223261420999519,0.5568953540357952,0.5234314317230395,0.5035092496844628,0.5816957994747772,0.6158817950008266,0.5833686662974422,0.5584156114366344,0.5255244822300197,0.5354702055299628
651,0.6217405371298661,0.5581138726485736,0.5249531230476782,0.5049966567786619,0.5827751145584082,0.6116992759676124,0.5852353928179814,0.5597435606474583,0.5242342137322599,0.5375319988331749
652,0.6122367829840456,0.6013484147201204,0.5259293194831645,0.49975047651315424,0.6108278725886014,0.5707872315143736,0.5759284034788293,0.568935953128936,0.513830598365656,0.5464449058941041
653,0.6109363227733261,0.6018960677651057,0.5283710759903495,0.5020974348711575,0.6119048784215589,0.5673390880071145,0.5769417219233929,0.5699794250478691,0.5127406862623951,0.5483270512813951
654,0.6095643951649992,0.6023676146392353,0.5308622202563323,0.5044830176191364,0.6129368034881388,0.5639770039237324,0.5778998762803602,0.5709949077577666,0.5116757402283105,0.5501970648639867
655,0.6073804596003112,0.6047027771238485,0.5334357777869109,0.5066590074294015,0.6151565651660248,0.559026284272837,0.5781274289253059,0.5723843629273483,0.5102270530086797,0.5523271992466458
656,0.6058308107690734,0.6049863248553122,0.5360600243507534,0.5091609432476275,0.6160852901092471,0.555903693285935,0.5789365537964621,0.5733300680981515,0.5092320077888483,0.5541486092625427
657,0.6042132944142722,0.6051948005096744,0.5387299394903143,0.5116994255480374,0.6169615828860361,0.5528762203393287,0.5796895969371096,0.574247305848168,0.5082682192645722,0.5559495234252989
658,0.6025296374980227,0.6053288909086704,0.5414442884926537,0.514273543803439,0.6177833886216139,0.54994578776219,0.580386430726863,0.575136074695519,0.5073375266281056,0.5577276470520789
659,0.6007818017352232,0.6053893828786113,0.544201734624963,0.5168823501059321,0.6185486899276235,0.5471140765207475,0.5810270632516574,0.5759964590513404,0.5064417261769136,0.5594808213381924
660,0.598971975779963,0.6053771615082945,0.5470008391967038,0.5195248570515884,0.6192555165177377,0.5443825295322008,0.5816116393603279,0.5768286289076756,0.505582568054339,0.561207022974681
661,0.5971025665826778,0.6052932082647534,0.5498400618734058,0.5222000355568495,0.6199019547564811,0.5417523555832905,0.5821404412651505,0.5776328391466335,0.504761753051573,0.5629043631856846
662,0.5643304684899109,0.6370659603408675,0.5553778631030442,0.5217903772219488,0.6453682158018867,0.521370674515373,0.5639287386817264,0.5900398314685928,0.5012657718736855,0.565619332740082
663,0.5619267387775695,0.63595845551959,0.5588100018001361,0.525245809093894,0.6452109841639064,0.5207345273088668,0.5639297050997065,0.5906795348798631,0.5010010759652838,0.5666361717901092
664,0.5595308621936097,0.6348084418779081,0.562241695849998,0.5287139114155504,0.644969032979075,0.5201768085247342,0.5639253322382309,0.5913116109256208,0.5007792893339449,0.5676191093209805
665,0.557147717771596,0.6336187213947431,0.5656703000456579,0.5321920930340683,0.6446422514574958,0.5196954518986102,0.5639179890703655,0.5919368688558421,0.500601083056003,0.568567444038656
666,0.5547821360376471,0.6323920930218284,0.5690931451166761,0.5356777203256683,0.6442306799570966,0.5192883353958418,0.563910043699218,0.5925560870065033,0.5004670656946286,0.5694805110390487
667,0.5524388826616938,0.6311313470821233,0.5725075417019615,0.5391681195358767,0.6437345134291474,0.5189532869876247,0.5639038533248798,0.5931700065604567,0.5003777815910216,0.5703576793505586
668,0.5501226425968633,0.6298392598435645,0.5759107843961552,0.5426605793044407,0.6431541043531875,0.5186880901679118,0.5639017541743915,0.5937793254354017,0.5003337092218089,0.5711983496204093
669,0.547838004765274,0.6285185882800967,0.579300155861478,0.546152353380335,0.6424899651514058,0.5184904892034597,0.5639060514431292,0.5943846923367722,0.5003352596280718,0.5720019519598725
670,0.5455894473451526,0.6271720650308781,0.5826729309966437,0.5496406635312886,0.6417427700746932,0.5183581941117255,0.5639190092966688,0.5949867010132438,0.5003827749215953,0.5727679439618358
671,0.5410965022910613,0.6223192743880482,0.5927083751739933,0.5601706885417365,0.6385775497274206,0.517208617635417,0.5646790508363823,0.5957771007763293,0.5001071582247182,0.5753390445488448
672,0.5389724843655783,0.6209125964167349,0.5960057088450604,0.5636252126016346,0.6375772113504274,0.5172387707912599,0.5647087494900258,0.596354115736801,0.5003134902062124,0.5760026820717354
673,0.5332420856711739,0.6205810798251015,0.5990449494277803,0.5667769337953789,0.6368856504231399,0.5200803351502361,0.5637261520720069,0.5989706750670452,0.5022460081571091,0.5754730611471358
674,0.529400448079308,0.6157914505627273,0.6087223670737486,0.577056541833723,0.6329077119328713,0.5193679535475249,0.5645909665703379,0.5997418179482616,0.5024379292507329,0.5774756032794989
675,0.527653341840007,0.6143291039268733,0.6118239376654525,0.5803847688664426,0.6314705046386204,0.5197167996944195,0.5647721800782357,0.6003291056100823,0.5029023366109302,0.5778825184053699
676,0.5259782812866596,0.6128659538514886,0.6148821746769856,0.5836807834019789,0.6299659220450731,0.5201070720734801,0.5649803844621801,0.600914912389468,0.5034120727643179,0.5782476215617514
677,0.5243777713804607,0.6114041971837083,0.6178945503049261,0.5869417044894547,0.628396390110135,0.5205363559251911,0.5652167990095069,0.6014989416020318,0.5039666514278833,0.5785705991767593
678,0.5212002296459031,0.6067186869441171,0.6270232122628677,0.5968165472990343,0.623855509701118,0.5201177187664247,0.566181259988393,0.6021536959681745,0.5046897753733327,0.5801172828392264
679,0.5198230337869008,0.605271762956936,0.6298760829338745,0.599952926502165,0.6221070774702803,0.5206426958124644,0.5664807413245843,0.6027084070141199,0.5053975687496312,0.5803266807143664
680,0.5133839255710617,0.6042752338132331,0.6259423547971064,0.5987974600202244,0.6108042628646736,0.5419712337501507,0.5688597964647755,0.6121073340662251,0.5200230372565353,0.5706448945415685
681,0.5131153424307111,0.6030470640861166,0.628094937442293,0.6012366307326958,0.6085545453699983,0.5426633043514307,0.5697825682678126,0.6127662677576478,0.5208742915872383,0.5702381352052769
682,0.5129312951774226,0.6018508641184157,0.630173182638008,0.6036058141289655,0.6062862340885798,0.5433562161667376,0.5707382331142322,0.6134087145897507,0.5217481609403799,0.5697918361358295
683,0.5128305798597947,0.6006877279240624,0.6321758955426664,0.6059035207536384,0.6040031259986605,0.5440481866732173,0.5717251396823316,0.6140327885281356,0.5226434034144939,0.5693061496706844
684,0.5128118056137447,0.5995586347904176,0.63410196989436,0.6081283702902215,0.6017090439657049,0.5447374413552983,0.5727414926523748,0.6146365704942018,0.5235587227017126,0.5687812784061834
685,0.5128734033943986,0.5984644504493348,0.6359503887427774,0.6102790946493061,0.5994078288980234,0.545422214193233,0.5737853609356877,0.6152181184661523,0.5244927697761028,0.5682174773723089
686,0.5257736275773621,0.5908882682771119,0.621117995731704,0.6061681015352299,0.5690104649852883,0.5769809652254047,0.5824679791584612,0.618040454326022,0.5496435997635585,0.5467876639529659
687,0.5402588150660195,0.5829040582623389,0.6158580497570114,0.6099114884012171,0.5463961037101703,0.5922572100695263,0.58733382031116,0.6131088672769552,0.563428861015018,0.5319615379343954
688,0.541769389608311,0.5826843235130325,0.6159998453761427,0.6106452598316895,0.5444518620274897,0.5922171306064821,0.588894429485638,0.6132594787505656,0.5636768475462838,0.5305674481520033
689,0.5432802905691727,0.5825136260215221,0.6160776836723352,0.6113432427343285,0.542574817974489,0.5921449560327869,0.590425771322448,0.6133619692200782,0.5638968389393774,0.529181262213309
690,0.5447888355074594,0.5823908298138768,0.6160918423843292,0.6120065749861258,0.5407667117223148,0.59203923965075,0.5919253340696425,0.6134163545565067,0.5640878320134822,0.5278050377826506
691,0.5462924349984863,0.5823146878385055,0.6160426185524223,0.6126363829434107,0.539029166396223,0.5918985719018496,0.5933907864408059,0.6134228659591938,0.5642488434241189,0.5264408400824824
692,0.5487504346556312,0.581660030420887,0.6156449313205687,0.613670563614128,0.5360991550188209,0.5925271277954262,0.5949062029007413,0.6127077926134373,0.5650937324776195,0.5242854288313468
693,0.5540720259356171,0.5790355107202967,0.6145165068374498,0.6162917107769232,0.5296582747985077,0.5952857849351423,0.5965096901443199,0.6096613728554466,0.5678235794607995,0.5198958670248697
694,0.5815464497006438,0.5529159214182208,0.619715323613082,0.6441362786488553,0.5013463547003056,0.6086989143005322,0.5987331052963961,0.5839001141269472,0.5798672595686059,0.50289603444448
695,0.5826817354163815,0.5549566120015207,0.6174095203731899,0.644745820941214,0.5010529965471388,0.6063662409076411,0.601438437510323,0.5850217791690996,0.5777506168327471,0.5020266919953934
696,0.5835375822576816,0.5555356220677761,0.6163872595592513,0.6455185207063316,0.5007703366420121,0.605229573615553,0.6027854685998666,0.5852022065590727,0.5766951776585216,0.501584122292163
697,0.5843536497404515,0.5561371136156367,0.6153130614060887,0.6462708857919401,0.5005521196089292,0.6040384594672628,0.6041085642044357,0.5853953073160733,0.5755908335462077,0.5012165304918429
698,0.5851302335263006,0.5567590401966418,0.6141872148403353,0.6470011607663405,0.5003971652974283,0.6027934514583293,0.6054090945626025,0.585603675962107,0.5744383111584817,0.5009242176782507
699,0.5861473422409784,0.5622864091753185,0.6084092172235012,0.6467717332667936,0.5012845878740153,0.5969341249740157,0.6100020642755918,0.5885340022095144,0.5695296692133062,0.5003618593206564
700,0.5969492117247464,0.5413975637934714,0.6124599624616031,0.66429725622726,0.5013669066552305,0.5948408837211996,0.6172862921187677,0.5799156836745004,0.5631750724858816,0.506017729426598
701,0.6012642006963463,0.5286609470814732,0.6121873923969895,0.6657351753431476,0.512935842665963,0.5860661689650304,0.6274827097493908,0.5831547023230582,0.551248984307278,0.5182354089310229
702,0.6009791747126179,0.5291992133211537,0.6108489886944248,0.6656777071218118,0.5133000236307939,0.5838602991442846,0.6294732975601322,0.5849192801004789,0.5492419497433113,0.5197825628536703
703,0.6008975971227335,0.528837062575889,0.6093445094228958,0.6647071788647899,0.5151901692251404,0.580643788881176,0.6322628050406138,0.5873118510860249,0.5459458346760319,0.5227656030872656
704,0.6013205738835787,0.5258513690654978,0.6063271910167771,0.6547886032169734,0.5274487100355724,0.5700420912757203,0.638362900054244,0.5941555049505749,0.534209106188763,0.5345319837053966
705,0.5991284965019227,0.5294076529470824,0.6045958995420889,0.634382555853247,0.5461471589792267,0.5524841287991799,0.6383673930544497,0.6018523784610517,0.5180408526970838,0.5501289855136283
706,0.5876802557658783,0.547474657723196,0.618348336933011,0.6102346544853743,0.569507761203352,0.5251256501270501,0.6193999435471379,0.6056488084345597,0.5005922866547341,0.5659254897200545
707,0.5856868437890687,0.5463612260485091,0.6199497702996278,0.6105706313332251,0.568478925169874,0.5239401876988045,0.619275419941312,0.6059915773741397,0.5001034099021435,0.5677620051249496
708,0.583668568758688,0.5452150182399907,0.6216072773148605,0.6109343649654896,0.567407552642845,0.5228384297299011,0.6190850372904109,0.6062941882553551,0.4996950594856243,0.5695647531927358
709,0.5816278030657286,0.5440375457136232,0.6233207775247604,0.6113280221575697,0.5662948528873926,0.521820310056411,0.6188303726504312,0.6065582734496949,0.4993687966900065,0.5713315195290704
710,0.5795669569881312,0.5428303797603303,0.6250900379119091,0.611753637048779,0.5651421566771342,0.520885588282899,0.6185130759241724,0.6067855327492407,0.49912605544772265,0.5730601902290741
711,0.5649027670614403,0.5556714345562092,0.6503207581090144,0.6114351476476882,0.571547217895272,0.5094903327515738,0.6013389540653529,0.6096848125058482,0.4986617405172359,0.5747969790831197
712,0.5626391022810047,0.554112997205625,0.6528979686409483,0.612858925286911,0.5700635897396917,0.5093801190383699,0.6006414503955608,0.6098161383361156,0.4992527412290734,0.5760063453662553
713,0.5525444891633382,0.5598095962377643,0.6688382231122635,0.6172704453476007,0.5702427687924861,0.5065247553534935,0.5938210017950851,0.6142000312456801,0.5036194128124791,0.5741326590900664
714,0.5503892710639916,0.5582089173996393,0.67155598377507,0.619085739054654,0.5686586247790063,0.506854917268281,0.5931856711297633,0.6145192465242016,0.5046502998257807,0.5749598204303046
715,0.542084121600111,0.5620569185187279,0.6833402270183775,0.6237885081278038,0.5671794410977944,0.5067385348877091,0.5902378951067616,0.6201683817491678,0.5108358659161039,0.5715534448507502
716,0.5401636655728149,0.5605309793359746,0.6859413631248615,0.6257287873650513,0.565592475506019,0.5073488536054355,0.589790099487648,0.6207123698979548,0.5121625724769426,0.5720337240199701
717,0.5382862846916838,0.5590270974714989,0.6885041313810896,0.6276556015808756,0.5640123757328805,0.5079947804942927,0.5893480909591907,0.6212708719330428,0.5135508382654984,0.5724646266700126
718,0.5323228273819822,0.5614084908754127,0.6958154767354969,0.6313760515909611,0.5618151414413889,0.5093828311568975,0.5890547067957359,0.6270178647022545,0.5202771181159181,0.5683920944653458
719,0.5301943729091678,0.5605756682617521,0.6985820183335999,0.6334092913102329,0.5601880459278089,0.5103217242252698,0.5889504785685241,0.628509229763011,0.5226557729267973,0.5678289303937669
720,0.5286867011806674,0.5592657009254106,0.7007753853512633,0.6352067090531764,0.558724985966701,0.5111225163985437,0.5887445864608746,0.6292417366432445,0.5242651957246148,0.5678923163461377
721,0.5272316349660271,0.5579921748197891,0.7029052833261945,0.6369650279907639,0.5572910095935605,0.5119362413055872,0.5885457058464478,0.6299732548580895,0.5259178622221723,0.5679084954153835
722,0.525829733414658,0.5567564351234034,0.7049696238123928,0.6386818745688969,0.5558892536607128,0.5127601130987225,0.5883531271914566,0.6307008049546771,0.5276113928946908,0.5678775185138458
723,0.5244814232588945,0.5555597633950949,0.7069663878663551,0.6403549202970148,0.5545228191647542,0.5135913882963883,0.5881660688857372,0.6314213201733547,0.5293433168338502,0.567799499080261
724,0.5231870021199387,0.5544033769705569,0.7088936293169015,0.6419818893949704,0.5531947637666307,0.5144273705443787,0.5879836850960984,0.6321316603491641,0.5311110768958364,0.5676746133881665
725,0.5104140498871287,0.5407281371198055,0.7300797085275776,0.6609057928388462,0.5383532087359577,0.5283619855186913,0.5834949521574911,0.6371968561735416,0.5582047534739729,0.5641291093895487
726,0.509887846523882,0.540374497996711,0.7308111857753506,0.6616171811343112,0.5380334665673768,0.5289727984934223,0.5831147183745011,0.6372240620595112,0.5602184779071679,0.563348686078213
727,0.509405414265608,0.5400700148573093,0.731455160619625,0.6622598139109722,0.5377903990506853,0.5295529724340359,0.5827236404793436,0.6371912310847854,0.5622184839482399,0.5625308179674805
728,0.5089656024226591,0.5398148593884906,0.7320110341982318,0.6628329701446026,0.537625044499487,0.5301012602857195,0.5823213584889039,0.6370968065977684,0.564201700361962,0.561676796874649
729,0.508567232078042,0.5396091545757519,0.732478305900243,0.6633360659424309,0.5375382755028132,0.530616509689939,0.5819075938238465,0.6369394415674046,0.5661651072540695,0.5607879707598916
730,0.5082091009057363,0.5394529752077406,0.7328565739421814,0.6637686556510378,0.5375307948483885,0.5310976629423136,0.5814821529790234,0.6367180085875311,0.5681057434730816,0.5598657421808388
731,0.5078899878167265,0.5393463484088155,0.7331455357502901,0.6641304323931875,0.5376031318324681,0.5315437567475791,0.5810449305995858,0.636431608977032,0.570020713781736,0.5589115666462029
732,0.5073510625696768,0.5427199501875472,0.6858448536434086,0.6414424000102956,0.5471278321874864,0.5239218088200088,0.5882812981976109,0.6311593874405966,0.6040401959191882,0.5237008311221354
733,0.5077882395410612,0.543274128270712,0.6842197842302984,0.6406852960086802,0.5484121201392443,0.5235283179578368,0.5883733157795249,0.6300894296793698,0.6045666530922176,0.5226810423712104
734,0.5082334469543869,0.5438693835345676,0.6825487313379189,0.6399055926632099,0.5497595779857172,0.5231022926521981,0.5884547003268111,0.628981205409781,0.605028018924359,0.5216790301532143
735,0.5086854838576446,0.5445040543924935,0.6808336664563596,0.6391051603304085,0.5511673993260515,0.5226447854009354,0.5885266599894924,0.6278386252004317,0.6054237994446668,0.5206963675634485
736,0.5091431885210916,0.5451764379853543,0.6790765295397707,0.6382857724800461,0.5526326511875905,0.5221569308894474,0.5885904641300899,0.6266657983880852,0.6057536098631837,0.5197346009827923
737,0.5126303893885916,0.5407778424484847,0.6393039631013318,0.6253571650488934,0.5570285084536234,0.5177107441583712,0.5912246972454769,0.6109376661058296,0.6125378590701347,0.5123389578102006
738,0.5131692034595727,0.5416679674161821,0.6373816285546966,0.6247996474333932,0.5588600631325479,0.5169256600127685,0.5916440063154382,0.6099471980170684,0.6119262570213052,0.51182680850011
739,0.5292812256125579,0.515103658248843,0.5878867995297529,0.6517989739117006,0.5537546411082316,0.5209478710179394,0.6122071742281433,0.5775593983269629,0.5919671348054889,0.5337284236127121
740,0.5301332362610305,0.5140378022914178,0.5870303131954554,0.6551193240623343,0.5542851719170153,0.5216153369919804,0.6148797529219878,0.5781217994710988,0.5868885819091528,0.5375991121522272
741,0.529849338296634,0.5147272383594934,0.5860533153344156,0.6549277773538219,0.5558167512838043,0.5212318723769331,0.6157656045897791,0.579444893571576,0.5843695325353415,0.5388664664902905
742,0.529890616940852,0.5147993598717374,0.5851197990452204,0.6556486580388851,0.5569141816082815,0.5213612330571267,0.6171799522388325,0.5807256327271139,0.5808929652128566,0.5411297958657852
743,0.5436211582093033,0.4906105203311277,0.587630282112486,0.6447912808115795,0.519489341089043,0.5606280416395688,0.6213718175326216,0.5879725929137825,0.5173289616614727,0.6049960394374777
744,0.5416907117643043,0.48987374631167163,0.58767072368154,0.6429143484058834,0.5189226330930481,0.5617172944868148,0.6202069875412294,0.5885469867371118,0.5168115569917603,0.6068749033805775
745,0.5397720199985608,0.48913246329140386,0.5877293662043347,0.6410500379448205,0.5183425422894271,0.5628396505765446,0.6189969660191623,0.5890736263063607,0.5163924036566292,0.6087089402148445
746,0.5378662968278285,0.4883884082736222,0.5878093923242863,0.6392043725785835,0.5177505880095501,0.5639926832838658,0.6177431561858481,0.5895527460139499,0.5160727773965251,0.6104961527540427
747,0.5359747254398243,0.4876433440706197,0.587913947762209,0.6373832434942435,0.517148327334737,0.5651739198748262,0.6164469830384244,0.5899846370987202,0.5158537550381874,0.6122346086458555
748,0.5340984572987075,0.4868990567306325,0.5880461255351047,0.6355923855492449,0.516537352003833,0.5663808492947551,0.6151098912047795,0.5903696432727062,0.5157362097585233,0.613922440018916
749,0.5318548102960768,0.48721337749285754,0.5962701980013058,0.6229611332494936,0.5086649003474017,0.5728536072871612,0.6043062561028931,0.5920353820780556,0.5163787926638517,0.6172385124057614
750,0.5299650640211171,0.4863750056148956,0.5971596471946106,0.6220736274896761,0.5078721608092778,0.574139171816158,0.6027599627536067,0.5920165985035292,0.5172517790835534,0.6185173901500839
751,0.5281008089896551,0.4855538754203174,0.5980938347666368,0.6212516268254465,0.5070925378502955,0.5754299344161219,0.6011883179648866,0.5919628348296565,0.518220713651782,0.6197313390180216
752,0.5262629151339546,0.4847521076684512,0.5990738543230647,0.6204973187781405,0.506328266931813,0.5767235348919862,0.5995926955677732,0.5918746648208849,0.5192840340373376,0.6208791118485708
753,0.5244522099725047,0.48397182033016883,0.6001006163791306,0.6198125614919993,0.5055815969273363,0.5780176626644162,0.5979744595752224,0.5917526398518583,0.52043996290666,0.621959530162313
754,0.5226694786084937,0.48321512487585083,0.6011748404199373,0.6191988766839726,0.5048547875877714,0.5793100634942806,0.5963349636992347,0.5915972863592436,0.5216865114567976,0.6229714837545368
755,0.5200465214343214,0.48476397108547087,0.6205219551846971,0.618620367256341,0.4999119860562399,0.5831680573958821,0.586846932279717,0.5941871142513849,0.5308882973777318,0.6177857486655728
756,0.5183827011131881,0.48408952128295,0.6222476270303948,0.6189351264033112,0.4993296853257979,0.5843949055244755,0.5852088244437652,0.5938335509620153,0.5328405962469668,0.6182744873913848
757,0.5149013882729186,0.48766743567951637,0.6529173089281181,0.628607172042147,0.498931318501526,0.5854094800687935,0.577367349032307,0.5986025859942516,0.5479739635686786,0.605181521413243
758,0.5108017208342784,0.49272192465541603,0.685668173744403,0.644041145564625,0.5045104481293755,0.5829870740839146,0.5733899456368462,0.60485136587066,0.5654345576522196,0.5866721996012361
759,0.5052100280160986,0.5008115389967588,0.7177214683173769,0.6618480664116857,0.5198929092858897,0.5741429785957086,0.57395277170015,0.6132768212985041,0.5881747509312176,0.5579246697592848
760,0.5043924844077313,0.501041085419493,0.7185053300786852,0.6618868541948628,0.5211140155010964,0.574752064319034,0.5727116777940838,0.6125924269057507,0.590231053845428,0.5569148547501274
761,0.5036021947980345,0.5013402578247207,0.7192009604440907,0.6618479884577876,0.5224196107055111,0.575325261466657,0.5714527433638886,0.611857490772901,0.5922394554793339,0.5558706355608948
762,0.502838609493325,0.5017091618809274,0.7198071225965238,0.6617308468741693,0.5238083310160553,0.5758623561533616,0.5701771260111077,0.6110718483393006,0.5941973249971879,0.5547936459290987
763,0.502101173771391,0.5021478155806209,0.720322713361449,0.6615349773172123,0.5252785997263367,0.5763631686568207,0.5688860762841681,0.6102355516640733,0.5961021783442012,0.5536855714286845
764,0.491503079301093,0.5157096143023685,0.6874014448756599,0.6454056612901593,0.57237391776789,0.5345941953175636,0.5777677430404896,0.6064283846142859,0.6287743797173896,0.5080548552688241
765,0.49147706602641894,0.516886371029539,0.6853510387684856,0.643877266041039,0.574707258671118,0.5342090108112931,0.5771202958434811,0.605127223564032,0.6288684799444544,0.5075097985857685
766,0.48940196567580385,0.5192833193752294,0.6442838650420045,0.6268127611372181,0.5901924524316681,0.5153980005953573,0.5801546650496912,0.5934644964016201,0.6314687249397867,0.5074092341348005
767,0.4895003480513735,0.5206220425869446,0.6421220171375005,0.6257341657704565,0.5924224217320198,0.514863617935544,0.5799526701245842,0.5924884162388699,0.6306206274555083,0.5075266307529638
768,0.4895962362087532,0.5219911045422524,0.6399680787406498,0.6246559121017504,0.5946190008936519,0.5143281270949591,0.5797553560733306,0.59155378959337,0.6297037542757677,0.5076798707158813
769,0.4896891673728082,0.5233881935488753,0.6378227272402013,0.6235762157012408,0.596778531606208,0.5137933445755312,0.579563445344202,0.5906644820002276,0.6287192009793382,0.5078689227175527
770,0.48977870238358057,0.5248109782628573,0.63568650269892,0.6224931692831271,0.598897548907612,0.5132611369239176,0.5793775623455176,0.5898242344210501,0.6276681008013405,0.5080936952347418
771,0.4895965103293862,0.5257439459876039,0.621063375877189,0.6188573384351299,0.6039441942922058,0.5073695767154079,0.5806412287398517,0.5854548716168646,0.6246602148743997,0.512546953315613
772,0.4896802531220844,0.5271828592067092,0.6190707979579755,0.6179499744435436,0.605897843287769,0.5069334627487054,0.5806307489280806,0.5849828638032332,0.6231998643259301,0.5130645030829971
773,0.489758012890288,0.5286358129555884,0.6170909882512706,0.6170204960089494,0.607800063707306,0.5065175009281561,0.5806230706573807,0.5845788390349447,0.6216785485791058,0.5136148551841
774,0.48982949751310956,0.5301005413308156,0.6151232526756204,0.6160659072988067,0.6096490129511611,0.5061239061680216,0.5806179834204455,0.5842450938390638,0.6200976713543934,0.5141973621727303
775,0.4898792140547085,0.5313088734043527,0.6101652478911366,0.6148960450006197,0.6120450906135723,0.5045638643059804,0.5810796770376283,0.5832487296404572,0.6175117581759173,0.5164776832667588
776,0.4915250903867525,0.5286026618286811,0.5877714153220429,0.6180803236997253,0.6162861895764286,0.5001327538034507,0.5866405832380955,0.5787571763329465,0.6029731492666797,0.5355027528709854
777,0.4914592357339701,0.5298559650870823,0.5862488423434771,0.6171249290500995,0.6178331156899024,0.500454472323985,0.5868719403293168,0.5794947243284542,0.6005673317439028,0.5366689881415098
778,0.48995866996925375,0.539392094389798,0.5651914312729414,0.6009159897917271,0.6320397009305255,0.511851275781255,0.5890251812854007,0.5925273858218252,0.5662364877760714,0.5572436786232674
779,0.4897451708807816,0.5403955021268627,0.5634794136703869,0.5985816331152429,0.6331807842901828,0.5132100928276887,0.5888071046309519,0.5940665572128709,0.5634833134448759,0.5585165470870254
780,0.4913189904974366,0.5385076953681098,0.5595019682356623,0.5988842567299728,0.6334555327609127,0.521499285210937,0.590261068920566,0.5980774690274554,0.5527444775510748,0.5675828995642646
781,0.49196708159040686,0.537925220748448,0.5570078309577351,0.5972356205627563,0.6339185335427159,0.526823034995687,0.590537475981153,0.6007843481720428,0.5466313949760954,0.5720426600054416
782,0.49513165186635516,0.5339470590894939,0.5535814371833666,0.5971290436005884,0.6316777386081177,0.5408892831310027,0.5918785935153189,0.6053795250251034,0.534292896070534,0.5820806911036178
783,0.4946333478841381,0.5344108344146726,0.5517888666207467,0.5938754717607786,0.6327392601012709,0.5431867161879318,0.5910532716706105,0.606899050446395,0.5318607374219178,0.5833546735578199
784,0.5046909025849252,0.5220018322209498,0.5481500938252503,0.5931815414925002,0.6169378362583853,0.5752544254290907,0.5922665080389445,0.6115643392602372,0.5138022031710112,0.5993658247330517
785,0.5038569989999394,0.5218969246029638,0.5465452551718869,0.5897060145304505,0.6175430816083738,0.5776599681973992,0.5908155279223567,0.6123878668545796,0.5123827490678802,0.6005304964045919
786,0.5030214394744417,0.521772365601077,0.5449350615534437,0.5862206551741679,0.6181103773727079,0.5800457001975958,0.589324438299921,0.6131601300674763,0.5110627787774102,0.6016596371163552
787,0.5021847101782777,0.5216286256755491,0.5433222177879625,0.5827321117623735,0.618638137574446,0.5824067107101181,0.5877948825458256,0.6138800817722709,0.5098451147882646,0.602752609919262
788,0.5013472893577948,0.5214661912031961,0.5417094576765751,0.5792469305189369,0.6191246671150934,0.5847380945984015,0.5862285447263126,0.6145467865578159,0.5087324223541204,0.6038088110226201
789,0.5005096469537842,0.5212855630985678,0.5400995312538246,0.5757715321526065,0.6195681681870298,0.5870349678946092,0.5846271463333195,0.6151594186806038,0.507727200684402,0.6048276671893008
790,0.5002627001985386,0.5203745254511731,0.5385136949149478,0.5723029915980032,0.6185684689423253,0.5905947157275098,0.5829608097584671,0.61568229775273,0.5065980686337465,0.6062135248272912
791,0.4862717644848239,0.5247898911631199,0.5200361977909252,0.5348408710520903,0.635789046460006,0.6013198034883402,0.5644574312237437,0.6194542305182742,0.5022836318538932,0.611994465378635
792,0.4932056478373229,0.5149769652177484,0.5211694362827938,0.5338885107279199,0.6102731323132137,0.6151408687602541,0.5614438148920872,0.61891789872807,0.5075621744161639,0.6128953349880123
793,0.49234740717489456,0.5144583413385849,0.5200502389787419,0.5314166002254429,0.6096266668585916,0.6162290321562706,0.559526206173021,0.6184956735181967,0.5085367535279705,0.6132943111675474
794,0.5318417746905253,0.4594995421637341,0.5724283030168993,0.5698987732398129,0.4827072993226794,0.6329177701375082,0.5823941821966014,0.5765345437793371,0.5905490021521774,0.5355234082276712
795,0.5308284439011424,0.45863210227313195,0.5734097470115087,0.5697335914737668,0.4843884699825601,0.6338605121180998,0.5805772781726453,0.5746325663580049,0.5925843499487269,0.5348994189803741
796,0.5298104090095342,0.45781738216685336,0.5743677891996335,0.5695203985183936,0.48617050256016964,0.6348379587993686,0.5787091416990173,0.5727288787780402,0.5945649183115969,0.5342393953218474
797,0.5287878051733997,0.4570565540740563,0.5753003947285115,0.5692587528347198,0.48805263691105644,0.6358533908481185,0.5767925831727602,0.570823795575226,0.5964880944726421,0.5335438545270632
798,0.52776077301352,0.4563507227651341,0.5762056227110834,0.5689483524119766,0.4900338220392277,0.6369098448761038,0.5748305977201109,0.5689177477426084,0.5983514369839475,0.5328133512478775
799,0.5281159348065847,0.4542351352941732,0.5820216310993567,0.571717737455888,0.49821201437578505,0.6430787092039576,0.5774687854093105,0.5636837057526937,0.6055785226641412,0.5185595967145454
800,0.5271572118695519,0.4538615340455728,0.5826908021573209,0.5710836122902972,0.5009798276325705,0.6446026275366395,0.5753066370619947,0.5617867185884431,0.6070145888157868,0.5177478970345495
801,0.5261935421301196,0.4535516856833879,0.583320914063681,0.5703991679916154,0.5038246406964727,0.6461683993841592,0.5731058206719627,0.5598934498997276,0.6083809091723008,0.516910652927223
802,0.5252250480230036,0.45330614279398784,0.5839109867207588,0.5696653384097846,0.5067424025318404,0.6477762836966792,0.5708704912319575,0.5580051932486952,0.6096766418324098,0.5160486693397103
803,0.5241254676866153,0.4548619524577067,0.5885615100236548,0.5707708768315545,0.5301432959529527,0.6575999324770706,0.5752799262836753,0.5516087919038766,0.617193530642557,0.49262274243670046
804,0.5233282136802052,0.45521978527022994,0.5885849006790209,0.5694742245898267,0.5336691778367856,0.6595990388948676,0.5728129450921727,0.5498084262898228,0.6177998254703942,0.49184677756099354
805,0.5225250993148813,0.4556469851659995,0.5885655623955647,0.5681417886278555,0.537191108177393,0.6615989007290068,0.5703280657548384,0.548028783678161,0.6183407563484956,0.49106442989811505
806,0.5217162150164908,0.4561430859119547,0.5885038473801717,0.5667755398402313,0.5407020004172388,0.6635959699388804,0.5678301397401859,0.5462722911942393,0.6188173826170599,0.4902766343696293
807,0.5209016621812047,0.4567075230281263,0.5884001726663959,0.565377474219373,0.5441946999389192,0.6655864265865408,0.5653239924178226,0.5445414253902084,0.6192308801200901,0.48948433591183155
808,0.5200815534792718,0.4573396350428902,0.5882550158905574,0.5639496081824413,0.547662007756183,0.6675661912900208,0.5628144070572968,0.5428387001229998,0.6195825342996576,0.48868848835548817
809,0.5188447835349037,0.45882158804358364,0.5879739856727781,0.5623220424984231,0.5540019633236835,0.6698950846086341,0.5607787731470184,0.5408057053219655,0.6203188348435387,0.485530999356673
810,0.518041766320543,0.4596461873402854,0.5876785315612546,0.5607898488144639,0.5573502360167102,0.6718000527280853,0.5582750004527094,0.539189808544087,0.6204928196357344,0.48476999330111736
811,0.5172335012756059,0.4605353413281809,0.5873444769784428,0.5592359296049254,0.5606419864874717,0.6736736029350926,0.555782643144812,0.5376118315215002,0.6206112456017364,0.4840103514650933
812,0.5164201395442809,0.4614879302626551,0.5869725654174262,0.5576623366244273,0.5638701777761341,0.6755107201041483,0.5533061037001054,0.5360743311534046,0.6206758119904238,0.48325302507167467
813,0.5146889987945432,0.46399581143757557,0.5860741689278669,0.5556589416201579,0.5708750853721609,0.6770168740625302,0.5512674559101236,0.5342398299104453,0.6211518527802086,0.47949461170752744
814,0.5139103708856486,0.4651505114298556,0.5855290986286268,0.5539885142569151,0.5738086566016155,0.6786414089443931,0.5488537225321247,0.5328362381944226,0.6210412016805524,0.47881794301230934
815,0.5131271134115888,0.4663631942469298,0.5849507465504535,0.552307241943816,0.5766455675880935,0.6802035219073337,0.5464691397970267,0.5314837616197401,0.6208850045743708,0.47814926024511456
816,0.512339411067864,0.4676323001755407,0.5843400205954137,0.5506170972766481,0.5793798347439904,0.6816979279625279,0.5441174053931785,0.5301846883579651,0.6206851401971378,0.47748944851835706
817,0.5115474601255634,0.4689561985853434,0.5836978389824471,0.548920035559533,0.5820057529512467,0.6831193409142742,0.5418020544125194,0.5289412037018476,0.6204434958366782,0.4768393841919721
818,0.5107514683502339,0.47033319164762116,0.5830251272776029,0.5472179938329117,0.5845179209707841,0.6844624996867462,0.5395264529779557,0.527755378742584,0.6201619589590484,0.47619993368699204
819,0.5099516548873465,0.47176151820545964,0.5823228156443157,0.54551289013829,0.5869112661099971,0.6857221950676438,0.5372937928861352,0.5266291595719628,0.6198424089514002,0.47557195230592775
820,0.4928239533183195,0.49407763707018615,0.5641913018280643,0.5391471870912461,0.5984502067346804,0.6371344003808069,0.5354712866066464,0.5269262369568701,0.6200668670999501,0.4776393153735163
821,0.49253842597171027,0.49592399253418984,0.5626768996092302,0.5370263139271777,0.5979887823917518,0.6361738232689723,0.5339176897571319,0.5266803686802302,0.6192103446636074,0.4781564090651578
822,0.4922505560365214,0.4977878122746209,0.5611594115754981,0.5349136838951762,0.5974047058993036,0.6351222726325509,0.5323990888866146,0.5265146875689597,0.6183277449088678,0.4786947213291315
823,0.49196041719236727,0.49966693383180016,0.5596392575440416,0.5328107963567109,0.5967040910745525,0.6339818955144435,0.5309160524742005,0.5264284601519567,0.6174191700960131,0.4792538530204038
824,0.4813958643192729,0.5176909520341051,0.5388267740006757,0.5232913131958726,0.5891339851682983,0.5868449626122416,0.5258594902220781,0.5311630928351012,0.6079787174406897,0.5055004593745598
825,0.48134972497292433,0.5194574625597793,0.5370874833188093,0.5209641277180529,0.5878239009682795,0.5854451140842369,0.5248198170133229,0.531839566442688,0.6065152668421774,0.5066281515572619
826,0.48130236676767413,0.5212153244436551,0.5353535450083021,0.5186506340381307,0.5865376877411612,0.5840511910327889,0.5237991378568939,0.5325744831782898,0.6050142238126156,0.5077593360084581
827,0.4812537912930004,0.5229630082886483,0.5336251534340795,0.5163537420119209,0.5852858554411371,0.582668358796742,0.522797571407597,0.5333648026211926,0.6034752910064121,0.5088930262872622
828,0.466906405723477,0.5378963040048347,0.5051796058208423,0.521826345593646,0.6346859778010087,0.5571055216271169,0.5212322915630877,0.5411145494336068,0.5645322618741171,0.5674669359883431
829,0.46704146309386224,0.5389081673802929,0.5032661329930618,0.5187495715586861,0.6364057942887055,0.5587469685200992,0.5204706671529653,0.5420999676203342,0.5620005848387629,0.5687209344776257
830,0.46698675309688603,0.5402216391226784,0.49949615323095264,0.5165359007409991,0.6455318826537908,0.5633201895923339,0.5197832746296588,0.543287387348732,0.5551377652627406,0.5735662271302082
831,0.467112396363007,0.5411309744299243,0.4976235591453344,0.5134550887520984,0.6477384909405048,0.5653023704557062,0.5190084574860375,0.5442429848759862,0.5525624094465116,0.5747192244311407
832,0.4672400266917099,0.542021700399441,0.4957706621203534,0.5104097268039598,0.65007042416894,0.5673389963725985,0.5182336682203014,0.5451938224747402,0.5499827175249052,0.5758375769758621
833,0.46736961239993974,0.5428937947969794,0.4939383400156298,0.5074050520533409,0.6525245361507623,0.5694255629529112,0.5174602388591655,0.5461375157469727,0.5474018284558805,0.5769212410555007
834,0.4675011188734143,0.5437472602008484,0.49212750398115435,0.504446169184824,0.6550970291679133,0.5715573131947193,0.5166895131581495,0.5470717651924472,0.5448229680529574,0.5779702270267592
835,0.46763450852742305,0.5445821228143456,0.4903390944626761,0.5015380337416034,0.6577834628158062,0.5737292525456805,0.5159228423535971,0.5479943595934691,0.5422494420168993,0.5789845968148875
836,0.4677697407766405,0.5453984312526665,0.4885740771106266,0.4986854364093554,0.6605787658279598,0.5759361653696518,0.5151615809393855,0.5489031789126847,0.5396846284843463,0.5799644612697769
837,0.4679067720137865,0.546196255308167,0.48683343861812367,0.495892988317349,0.6634772508477356,0.5781726327663514,0.5144070824911438,0.5497961967127354,0.5371319701229701,0.5809099773871838
838,0.46977634105775257,0.5468732823162684,0.47806593922938156,0.4977096158511409,0.7087827250939598,0.6051282858989664,0.5148254359588176,0.5491605199166648,0.5117150298689127,0.5944406526045779
839,0.47261694881894345,0.5457659752952964,0.47393096046309036,0.4971050995287263,0.7242918979334932,0.6167512139912873,0.5151661324975106,0.5477800535670586,0.5013329440945471,0.599043247263591
840,0.4753914715810152,0.5442355347795774,0.4710071189890922,0.4960079061787329,0.731317600372141,0.62305349245286,0.5154205461261623,0.5461774862312542,0.4952202994733157,0.6018183835102159
841,0.4757213671675879,0.5439516369783584,0.46953854483362134,0.49372191117027076,0.733406107407146,0.6246596959006833,0.5147178725506454,0.5458773710106797,0.49353898424057846,0.6025768970809666
842,0.4755032027627361,0.543968715041219,0.4683392455846927,0.49127085263477427,0.7350102662037483,0.6255678920031558,0.5138127642613534,0.5458635601951293,0.4925801721426027,0.602988407542682
843,0.4752873921771423,0.5439737679314011,0.46718395138252355,0.48889955842523625,0.7364782441544198,0.6263360600849285,0.5129264753255501,0.5458227870039848,0.49171516884797334,0.6033733377902993
844,0.4750741160075339,0.5439670892328402,0.46607279087494446,0.4866093594980344,0.7378028168922834,0.6269629920877059,0.5120602333972532,0.5457551191328288,0.49094563924426515,0.603732626819404
845,0.4748635507468723,0.5439489660994685,0.46500582728502804,0.48440136703438536,0.7389770945247509,0.6274480138141318,0.5112152512054535,0.5456606717962422,0.4902730676654166,0.6040671851185141
846,0.47568218289043196,0.5432681743618353,0.4637587597703677,0.48274875705162734,0.7389178228309798,0.6276327397003013,0.5108535548752666,0.5448263255665793,0.48930108399011973,0.6047745034737709
847,0.4879099226244476,0.5339773240459313,0.46227974998456517,0.4848215473417649,0.7031501253416284,0.6119073992626238,0.5156992224803723,0.5361376646309985,0.4954808565266509,0.6066268822107275
848,0.4873859921388777,0.5334638142784991,0.46175499585915164,0.4831443555327772,0.7013082745835781,0.6100446980080578,0.5146061936810732,0.5354382323293793,0.496514997818217,0.6067721090534567
849,0.5215827995876322,0.4947833756068968,0.46912734332347006,0.48606266466164233,0.5459632235748272,0.5634104102630357,0.5306770575300184,0.5101232151597253,0.5570755658573788,0.5848922001545966
850,0.5206500502861475,0.4936198055230838,0.4693935271272483,0.48506501749106745,0.5440842309534945,0.56272379051697,0.5285765563457141,0.5088526779381354,0.5591206837713751,0.5846040555857311
851,0.5303283676123978,0.4754866463321097,0.47473585692127107,0.48312763046093765,0.514859629744824,0.5873649985030303,0.5321476180578045,0.4996090708015759,0.5835470683757332,0.5593085994241357
852,0.5250304467002753,0.4738729187891517,0.47542698635213476,0.48006958343702677,0.5177901088954485,0.5888062967412836,0.5220819617491896,0.4963077667562985,0.5860515585489621,0.5618185860414359
853,0.5241827130612821,0.46726036618761696,0.4778511502182751,0.4770329291464223,0.5190546862051338,0.6111402483425724,0.5165891619477877,0.492364114268065,0.594142507901238,0.5511052264959989
854,0.5231630964670962,0.4664355625699749,0.4782045418856165,0.47625812052014843,0.5201537609750694,0.6146197905074862,0.5145562745668921,0.49163314452512724,0.5951356962492527,0.55030723770318
855,0.52213526502178,0.4656430605658343,0.478550799821727,0.4754978489531128,0.5213194062144558,0.6182597268356058,0.5126020062147337,0.49096188242337907,0.5960782076172788,0.5494819617486725
856,0.5210996610842447,0.4648833690975624,0.4788891296843641,0.47475325003921814,0.5225471050039581,0.6220515515836113,0.5107298856333384,0.49035099344830535,0.5969704207061675,0.5486297110634578
857,0.5200567367637288,0.4641569488529286,0.47921878695469605,0.4740254589235989,0.5238321005840467,0.6259860607711074,0.5089432222930139,0.4898010636316975,0.5978128294821365,0.5477508145208672
858,0.5218252360721057,0.4571564823244841,0.48196644128865634,0.4712606148528364,0.5362119733978139,0.6750627484506689,0.5080533064828101,0.4884714711190316,0.6049290491869433,0.5215772741443174
859,0.5208559594820171,0.45677017442130946,0.48216774004120583,0.47062456166159367,0.538208520796803,0.6795095804429211,0.5063652846759108,0.4882316904073191,0.6052155933537018,0.5205756215200127
860,0.5204729805254219,0.45445592872372353,0.48320956270127874,0.4689711359436101,0.5480065095985266,0.7060938960560911,0.504838965324573,0.48817313962684666,0.6068391536230464,0.5061740888510389
861,0.5195572086528174,0.4543199486715606,0.4833102233890188,0.46839603260619533,0.549913808143636,0.7102025616527151,0.5033286363870418,0.48818775093745687,0.6068789175699222,0.5051679728960854
862,0.5186358717807144,0.4542244655635274,0.4833979304966519,0.46784886034744677,0.5517539983620048,0.7142377433796738,0.5019144661339878,0.4882755351216153,0.6068928865456155,0.5041531658981522
863,0.51678831627617,0.454285073891614,0.4834462686589544,0.4669702469924755,0.5542005026735621,0.7193324829801366,0.4994172189094999,0.4885887333237364,0.6067711544090894,0.5039457635744268
864,0.5158415451881463,0.4542845650050116,0.48350651994052984,0.46651290744028273,0.5558474682683007,0.7231674844400138,0.4982991939026904,0.4888739861881557,0.6067348942976162,0.5029003207107691
865,0.5131414970370681,0.45484748653085866,0.4840443246790476,0.46464090681272346,0.5675319026373575,0.7537644844322349,0.4962919590369375,0.49090889484299965,0.6063026482934419,0.47665152641424774
866,0.5123932053361285,0.45530591583600344,0.48387835087651154,0.46424647605595104,0.5680268341826877,0.755262904442596,0.49543559374036694,0.4915414203085869,0.6061033928848412,0.47587922482721573
867,0.5001337561268502,0.4694845715814832,0.47939627908761245,0.4645172073990229,0.5451614111903602,0.7006979243073348,0.49167924614124575,0.4962123264924168,0.6050628455933625,0.46826620616624354
868,0.49994621692784963,0.4705640484335008,0.4788206056641815,0.46389553087012586,0.5436560199185139,0.6976615018138528,0.49125585997964105,0.49721533761469217,0.6049330770430645,0.46872206976750563
869,0.49975880724717725,0.4716591817472434,0.4782483060674714,0.46334057220939817,0.5422032210361439,0.694520312141191,0.4908998809830989,0.49826089347807045,0.6047859786334794,0.4691947511702671
870,0.4995715659867557,0.4727690155510833,0.4776798389857742,0.4628543735685042,0.5408146133396924,0.6912820983436553,0.4906118109761283,0.4993454039159749,0.6046197132975253,0.4696837408771844
871,0.49475549047326467,0.479562844521289,0.47528505543494,0.4634222576193958,0.5326769365655301,0.6569103108039309,0.4898171283904598,0.5009626053480919,0.6042004706738949,0.48036565493059197
872,0.4684083238515808,0.5118843791600066,0.4605122711290661,0.47174458621617266,0.638664676481676,0.5684306066738538,0.4906492621044305,0.4992427756638417,0.5668626332923531,0.5695176782768682
873,0.4688683302559394,0.5126351623746271,0.45987635672575694,0.470331344543981,0.6434242530146378,0.5691544006696249,0.4908590105761203,0.49983948735613914,0.5648979929027534,0.5706396414454646
874,0.4930882914343369,0.5004536451475058,0.45687484313517157,0.4716270812283992,0.6374957453570185,0.5491985985458004,0.501696770539049,0.48692299347724827,0.5122631336299001,0.6070275439231788
875,0.5009463281333786,0.48887791205633585,0.46060293733422697,0.4682086050763561,0.5745127650635965,0.5458109103885094,0.5013447988996117,0.4868732107220263,0.5391985835967426,0.6023826183263805
876,0.49985440679308185,0.48798144931887555,0.46108194639526917,0.46716821393700964,0.571766865200622,0.5470833080037649,0.5006606665674782,0.4868989551022829,0.5408354315322934,0.6022041377463949
877,0.4956630356717499,0.48664836321049015,0.4621165818675624,0.46457695714634917,0.5697206681610166,0.5503033979705411,0.49927445328121284,0.4870240449907269,0.5423160570536971,0.602650052878543
878,0.49459927349009414,0.4858157865240147,0.4625989768239598,0.46368438801676837,0.5670328044216163,0.5523294597018137,0.49902597234082113,0.4871313396800113,0.5439304766294747,0.6024314024812791
879,0.49482890746590663,0.4832386734424259,0.46364959303162684,0.4624447145434507,0.5562755190095238,0.5587921489916802,0.49881029974101115,0.48744027026486536,0.5506226427166917,0.6003967771444476
880,0.4937549932586978,0.4824386109534686,0.46412099978850113,0.46169755377684324,0.5540071171876577,0.5617154145032458,0.4987640137348657,0.48763994473229594,0.5521694272195542,0.6000854690586273
881,0.49268746027645915,0.48165630398553727,0.4645874269731464,0.4609967616672855,0.5518134603609419,0.5648736399850063,0.49882583029760985,0.48786925578985096,0.5536963402666454,0.5997532113957563
882,0.49162708911871866,0.4808920570680091,0.4650479268282238,0.46034259865707144,0.5496960524966729,0.568259428156573,0.4989952334845682,0.48812860566495836,0.5552020054321811,0.5993994919933004
883,0.4905746552634808,0.48014614524541993,0.4655016017170394,0.4597352826497951,0.5476560414994842,0.5718644732436237,0.49927146138295586,0.48841836660927057,0.5566851229915761,0.5990237718035198
884,0.489530927735826,0.47941881397963004,0.46594760360150883,0.45917498744338103,0.5456942212999443,0.5756795892131559,0.49965351612648606,0.4887388797411644,0.5581444718348338,0.5986254878259492
885,0.48849666777489426,0.4787102791255298,0.46638513343051363,0.4586618413468715,0.5438110357389857,0.5796947416669844,0.5001401750856231,0.48909045404359797,0.55957891110966,0.5982040561666302
886,0.4874726275031472,0.4780207269794483,0.4668134404478743,0.45819592599138353,0.5420065842151651,0.5838990832571228,0.5007300031642755,0.4894733655219356,0.5609873815917714,0.5977588752118123
887,0.49295282412572516,0.4666208366997868,0.46936093320807737,0.45652077978470756,0.52604416901763,0.6713332074557599,0.4982578926519768,0.492349519938283,0.5943678449206455,0.5641817215111424
888,0.4949260505261068,0.45872056062664585,0.469474916230657,0.45710632920750666,0.5486812472182864,0.7577853940689605,0.49400195408813996,0.4963359316094715,0.6053335892776045,0.513229799995361
889,0.49407457497153123,0.4585515380592018,0.46948963450867787,0.45732160724746934,0.5492919383371437,0.7604922154126869,0.4947426483721106,0.4975484086669192,0.6053776061604124,0.5118929024688477
890,0.4932471057535522,0.4573023946363698,0.4689518490804962,0.4582305609068168,0.5557952036995879,0.7750448014083922,0.4938188176504565,0.49974259696311113,0.6052800049253516,0.49525461547093547
891,0.49249788439301745,0.4572904737726255,0.4688816724616531,0.45853576640644106,0.5559548524416713,0.7759244103411186,0.49473812962334096,0.5011091141282777,0.6053014683522798,0.49401585846932805
892,0.4917540472632045,0.45730075520267377,0.4688032852376336,0.45888367303446076,0.5560477602444809,0.7765410839113153,0.49575017818678624,0.5025134293165688,0.6053260723484943,0.4927831507594912
893,0.4910158400106771,0.4573327588857953,0.4687169153306865,0.45927489170141295,0.5560775732264361,0.7768930548022729,0.4968545844467295,0.5039528797585321,0.6053543421014297,0.4915574409565376
894,0.49028350181960845,0.4573859900799139,0.4686228165438278,0.45970997932460295,0.5560483319079136,0.7769793596844667,0.49805094503812086,0.5054247926853975,0.605386704050508,0.49033966988123673
895,0.4887287752023107,0.4574837024680831,0.4676512944458674,0.4613522500795094,0.558250068056444,0.7732876140705232,0.4975646016714116,0.5074993949800416,0.6045564266043287,0.4755096961501195
896,0.48700699095587213,0.4583317240199229,0.4665835897046485,0.4629444821352998,0.5570866342397256,0.7585679683960079,0.49759938335777787,0.5094030886563674,0.603911601811784,0.46611089271573314
897,0.4865401777055753,0.4586410070752775,0.4663696917464866,0.4634475718416661,0.5564881101171175,0.7553696590931188,0.4990562922355019,0.5109993919737849,0.6041672971769202,0.4654822549739128
898,0.48235961138887434,0.46236807970683663,0.46400404565928205,0.466291649923765,0.5510193198708432,0.6979425811917118,0.49879843335521784,0.5125490398909315,0.6040894647998606,0.46145566600810123
899,0.47477697675264946,0.47130265836833524,0.46060380863392003,0.4687221861373834,0.568218006761218,0.5993691763542477,0.5004427706890587,0.5126176615388748,0.6045890632494945,0.4935862091536
900,0.47505092699236867,0.4718584799192844,0.46039926145545734,0.4686856288915781,0.5708521970161746,0.5962011458087128,0.5017389825405799,0.5138192976240474,0.6047965335846668,0.49489380693132884
901,0.4753323756130865,0.47241522131472474,0.4602160921255582,0.4687296842541637,0.5736930517273544,0.593133007046581,0.5030629007113829,0.5150117363697706,0.6049549879252314,0.4962046707562209
902,0.4703282448558277,0.47971313002549654,0.459295676001951,0.46812469647623756,0.6279294924793574,0.5610391886760896,0.5073142620817424,0.5135487065020341,0.5964574312879819,0.5320237242940371
903,0.4683470638949712,0.48360828736868383,0.45929440282163386,0.4668868760428945,0.6686355860340852,0.5585080499104454,0.5105509939014058,0.5127491929001042,0.5866868836425996,0.5507859697889049
904,0.46640000863956915,0.4944731843939507,0.4637733612590433,0.45447580511356606,0.7663862635047155,0.5968569107718016,0.5267429991994675,0.5086674170835265,0.4953866844069855,0.6036912720225135
905,0.4663882524137626,0.4942262893818637,0.4643375466278658,0.4534750990463588,0.7642999914456855,0.5956294905214321,0.527520333129307,0.5085431455055293,0.49495913268782765,0.6039628090446052
906,0.4663986914790157,0.49398319339528696,0.46491467304762607,0.45255737093119125,0.7620224721402908,0.5944834489768747,0.5283702225369956,0.5084039843705108,0.49457527999515083,0.6042330758503405
907,0.4664318948295749,0.49374417093196493,0.4655035165951059,0.45172282964522015,0.7595589161596055,0.5934281590327587,0.5292917677411576,0.5082507712213686,0.49423547498797543,0.6045030584170924
908,0.46648840707937417,0.49350948934388034,0.46610289078002476,0.4509715952640984,0.7569149343805348,0.5924726986924286,0.5302837997514338,0.5080843945316338,0.49393997846234733,0.6047736602010538
909,0.46656874707341484,0.4932794087008077,0.4667116471718236,0.4503036979893218,0.7540965110558383,0.5916258062346066,0.5313448804590098,0.5079057928173982,0.4936889630868141,0.6050456985115952
910,0.46667340653617967,0.4930541816779302,0.46732867589441107,0.4497190770537123,0.7511099758550556,0.590895836744382,0.5324733041156032,0.5077159536989393,0.49348251339512705,0.6053199012268072
911,0.4668028487615973,0.4928340534674694,0.4679529059932099,0.4492175796249697,0.7479619750271802,0.5902907202200747,0.5336671001239126,0.5075159129111834,0.49332062603480176,0.605596903861991
912,0.481369215543975,0.4805768168019781,0.469269832548849,0.44802019423723527,0.5083854442148458,0.6572931209352466,0.5262116879129823,0.5158950264895223,0.5680780065265096,0.5987105151578237
913,0.48063037049028445,0.47998817412576367,0.4696592678581287,0.44836013613957415,0.5071350409137689,0.6628450366747697,0.5272855882336092,0.5170720509988962,0.5689217036963223,0.598024496162327
914,0.47990750821994044,0.47941562039120283,0.4700343962909566,0.44874353877490875,0.5059321645489461,0.6683680013093851,0.5284235580276985,0.5182684709153706,0.569738290015126,0.5973119379314624
915,0.48033054755557464,0.4773734613447728,0.4698147859076667,0.4503276368974491,0.5024142012069346,0.6890786925337102,0.5272255496503565,0.5205138689983752,0.5776736311933606,0.5906852264165998
916,0.47961695544222693,0.4768389302216514,0.470123310214192,0.45086349987310415,0.5016408363929323,0.6943197181730246,0.5284928058693966,0.5218540187719286,0.5783219241164158,0.5897807224527841
917,0.47891927782248983,0.47632070497888135,0.47041610449996063,0.4514406383080344,0.5008942528711235,0.6994382460194999,0.5298233188513809,0.5232108322040372,0.578943211495971,0.5888487515815222
918,0.4847221226156709,0.4627346282632684,0.4614240298614527,0.4703411439156173,0.5512550141149738,0.7696132346340301,0.5062565578640097,0.5378469806996121,0.6092716083836327,0.48504302576461905
919,0.4842860086989925,0.4625695726874634,0.46136868040753887,0.4714065061656409,0.5514344595435466,0.7663000246004283,0.5083066072020263,0.539954446150971,0.6095694601927144,0.4839195630428503
920,0.4838571781995598,0.4624164740873444,0.4613072435347968,0.4725198033395997,0.5516600436691735,0.7627972182330647,0.5104429208338922,0.5420574444918415,0.609872705969921,0.48281550004045853
921,0.4830212544052371,0.4622437509643572,0.46131514855604894,0.4746150702495291,0.5513390500183204,0.7573849725754342,0.5152025583079544,0.5461456811052173,0.610471599871001,0.4820242078932639
922,0.4826036033117471,0.4621177032713336,0.4612385493993091,0.47587021181563977,0.5517086236058889,0.7534678835103154,0.5175855019379241,0.548219286022427,0.6107685678279486,0.48095011540335253
923,0.48219333835942646,0.46200285726423224,0.46115704070534697,0.47717002981442624,0.5521418331693084,0.749392353512976,0.5200509361197528,0.550279282428618,0.6110666102315386,0.47989724006272827
924,0.481790459085195,0.46189897416574777,0.4610710709891189,0.478513463062349,0.5526433946111412,0.7451684170395987,0.5225972417168386,0.5523235023273999,0.6113645379900174,0.47886616230261503
925,0.481394960540691,0.461805814392968,0.4609811146857844,0.47989932096630955,0.5532177289496503,0.7408062841597387,0.5252226024650112,0.554349860991701,0.6116611226897497,0.4778574314957626
926,0.48100683345755607,0.46172313803190873,0.4608876716445145,0.48132628504070024,0.5538689342234651,0.7363163006536703,0.5279249980231376,0.5563563575979791,0.611955102544576,0.4768715656376216
927,0.4772285929964344,0.46290110124101047,0.45949875723440436,0.48572146119488036,0.6060631935185928,0.6119820325982185,0.5328127565560397,0.5551650718655765,0.6129851826889183,0.47055614409298774
928,0.4773302321684202,0.4630596668951695,0.45956834396018453,0.48682857823041303,0.6094128803623822,0.6079217260822198,0.535065968109575,0.5567768745353457,0.6135827503743205,0.47118872002906115
929,0.4774397802870072,0.46322166438594203,0.45965015032605244,0.48798192572237903,0.6128763304020235,0.6039551333324049,0.5373156839653258,0.5583471803492267,0.6141461457618601,0.47184044953468823
930,0.477557264329402,0.4633870880839004,0.4597444916028545,0.48917969678769285,0.61644549492894,0.6000840634716864,0.5395587984017747,0.5598741478996174,0.6146736097933068,0.4725104719357891
931,0.47704941748291907,0.4641120825321323,0.4604060411904835,0.4895678407133325,0.6288786568353906,0.5863365513980527,0.5428122780574397,0.5601915030013729,0.6146605527700703,0.4775651152358672
932,0.47723379148244655,0.46429987982487164,0.46056049514960345,0.49078342833838073,0.6328624550236502,0.5829929966512317,0.5448983949183981,0.5615395630288367,0.6150704596721459,0.47840609527090966
933,0.4752845406041211,0.4665765421744679,0.46334548392006963,0.48794154669835904,0.6671676481877741,0.5590662007784408,0.5508111964515907,0.5583397061889103,0.6119489399114616,0.4962096712007594
934,0.47562875705766616,0.4668057187854848,0.4636442457901644,0.4890260902643676,0.6716251152055956,0.5569002397218524,0.5524385512053698,0.5592853913973371,0.6120695266689821,0.49738626467380764
935,0.4759831905528688,0.46703696978269155,0.4639604517630636,0.4901540309139105,0.6760629475095267,0.5548148065742255,0.5540390553095769,0.5601758351283098,0.6121424129794149,0.4985631996731852
936,0.4761502285178358,0.46747468690502486,0.46459561220916523,0.4908562896507462,0.6831227955525675,0.5518798576074118,0.5560169208510332,0.5605309552037133,0.6116699630096093,0.5013483163797541
937,0.4765363266569455,0.46771288912099523,0.46495757890072903,0.49204898746868064,0.6874775152953541,0.5500194983273362,0.5575289301297569,0.5612808952773762,0.6116258051453393,0.5025411026740798
938,0.47755008612128264,0.4679799633704744,0.4653914717881516,0.4950686660147011,0.6934200887073907,0.547161596087633,0.5599941821823419,0.56317953931868,0.6119709638502566,0.5032951148877485
939,0.477957310234544,0.4682228912226001,0.46579579494887347,0.49639226765568883,0.6975723077239266,0.5454464749832759,0.561452158999813,0.5637799692814031,0.6118024970867333,0.5044610708104548
940,0.4783751828581805,0.4684687080341418,0.4662181929382928,0.4977505006571533,0.7016307035077024,0.5437999329952763,0.5628803990650659,0.5643202564298054,0.6115858351651959,0.5056226285065161
941,0.4788037636997876,0.4687175681826784,0.4666587902727706,0.49914198358623824,0.7055835523612803,0.5422203530419484,0.5642788767682358,0.5647998930390296,0.6113213135047695,0.5067790994616496
942,0.47924310893307054,0.4689696313726885,0.4671177133352796,0.5005653793568864,0.7094194278345626,0.5407062722392129,0.5656477093456923,0.5652184592335547,0.6110093792874345,0.50792982268359
943,0.4792319045747408,0.46970400724338573,0.46844036277065726,0.5008189539037663,0.7177030114568942,0.5389133000631278,0.5681448254628998,0.564116974623562,0.609203881566125,0.5123433417010224
944,0.4797143126031549,0.4699704087810758,0.4689630027213323,0.5022732191041446,0.7211709148136871,0.5376370874088313,0.5693971171714899,0.56435989549779,0.6087623189809361,0.5135057568782332
945,0.48020798835450823,0.4702404642081527,0.4695044678971684,0.503757267327639,0.7244803866941897,0.536419435354163,0.5706237583089567,0.5645414957610776,0.6082767132100034,0.5146593520514628
946,0.48071297866471596,0.47051436106129835,0.47006484027731393,0.5052700665730252,0.7276219635996234,0.5352598370889793,0.5718256795818515,0.5646617679663236,0.6077479912073281,0.5158036010553162
947,0.4789643282632898,0.47322971111654116,0.4754329024156863,0.5003656282517148,0.7464669229596635,0.5386397099357393,0.5788808567394045,0.5572943600885077,0.5985891868447643,0.5318424844079159
948,0.4795780170594924,0.4735451626642456,0.4761571091619085,0.5018135177673302,0.7485072930237716,0.5379706189752468,0.5798517360031116,0.5570809670479071,0.5978478794614462,0.5330261111714819
949,0.4802048553078379,0.4738650389277902,0.4769000163629255,0.5032943651506134,0.7503266956886824,0.5373503507547425,0.5808192773572275,0.5568113503943206,0.5970757082066267,0.5341947511700531
950,0.4808448972232583,0.47418956850205923,0.4776614782581732,0.5048076118793231,0.7519204033692056,0.5367806729120704,0.5817855497395881,0.5564861497947919,0.5962740507213671,0.5353481030707753
951,0.481498190608031,0.4745189834923988,0.47844134364366625,0.5063527321052091,0.7532843501925798,0.5362635785117998,0.5827526431347942,0.5561060909276598,0.5954443264181324,0.5364858825962084
952,0.47969299288255446,0.47763685768889563,0.4852892127781994,0.5002892979987055,0.7602749257370385,0.5470459751691575,0.590445425833233,0.5479547023088995,0.5834671117625353,0.5519696184455147
953,0.4804404876356383,0.47800818383245525,0.4862254161824311,0.5017833818351025,0.7602058964450454,0.5469160706635422,0.5913742821600345,0.5473310384467532,0.5825371921504169,0.5530724370456672
954,0.48120313199003323,0.47838544118802734,0.48717762315566354,0.503312606538442,0.7598976960433742,0.546850164280148,0.5923294947597746,0.5466631847714414,0.5815941033925545,0.554156626694864
955,0.48198096975204896,0.4787688795348769,0.4881454483587548,0.5048765134244164,0.7593516937036591,0.5468520632784036,0.5933128632038375,0.5459524635873071,0.5806392415361865,0.5552220450632517
956,0.47060816810691614,0.498248588952437,0.5327996964625596,0.44700872618044163,0.5757695967959819,0.6600525428576132,0.6259629102853325,0.5488272347168415,0.5078816420287418,0.6259237732616916
957,0.4711527712088133,0.4984354864789507,0.5338987972838489,0.4474946666717345,0.5717270669925998,0.6633365870614404,0.6269931531621752,0.5494435177289605,0.508015132675658,0.6261086092619372
958,0.4717355644039225,0.49876981208293625,0.5352872066209355,0.4476432082021494,0.5641319072051032,0.6681985284740901,0.627689880594652,0.5508683930332114,0.5081602432390765,0.6266345355600802
959,0.4723155449460233,0.49897598220452655,0.5363484503825009,0.4481741012107209,0.5602198300146873,0.671713923880485,0.6286418047925406,0.5515266533027116,0.5083096134861365,0.6267617695423305
960,0.4729193452890721,0.49919608914899705,0.5373933523158947,0.44872939289830904,0.5563546520535635,0.6753045108831977,0.6295598105661431,0.5521900156993784,0.5084596661444389,0.6268685524985869
961,0.47354703437144946,0.49943005899125154,0.5384211320084689,0.4493088062331255,0.5525392152362224,0.6789594789042164,0.6304379612883315,0.5528585582763831,0.5086096881241193,0.6269545823951439
962,0.47419866230903723,0.49967780336114503,0.5394310328513925,0.4499120599577189,0.5487761473232177,0.6826676693126384,0.6312705337491253,0.5535323862118338,0.5087589846488347,0.6270195508558207
963,0.47487426010945655,0.49993921953009635,0.5404223218667208,0.4505388707712905,0.545067869279289,0.6864176231017332,0.6320520510906785,0.5542116336850405,0.5089068806462378,0.627063144534363
964,0.4761497516729136,0.5019763766177787,0.5439066686488296,0.4512652060307953,0.4994019741209084,0.7149467710022829,0.6202979014254186,0.5666124678090253,0.5151262320354112,0.628899409575688
965,0.47669252518951905,0.5021434450427992,0.5447119777508953,0.4520060591626834,0.4968344946361644,0.7187292753597635,0.6203332886474597,0.5677136822940715,0.5153082965553041,0.628599630807379
966,0.4772578828154467,0.5023247218435305,0.5454921214567998,0.4527774535956236,0.4943336883145202,0.7224367473686292,0.6203055314136484,0.5688119797979457,0.5154793095249669,0.6282766044681728
967,0.4778457560082323,0.5025199687435351,0.5462464912294106,0.45357964791836775,0.4918996544092297,0.7260571816103483,0.620213627873207,0.5699072431332602,0.5156390365343019,0.6279301848955996
968,0.47845605674323505,0.5027289323599778,0.5469744986364251,0.4544128939286021,0.48953244608228336,0.7295788569689593,0.6200570555438392,0.5709994157600499,0.5157872778772478,0.627560239233015
969,0.47908867735480926,0.5029513445830125,0.5476755752556564,0.4552774354494378,0.48723208156176534,0.7329903806029388,0.6198357808703618,0.5720885019385002,0.5159238685783153,0.6271666484700505
970,0.4797434903937484,0.5031869229814938,0.5483491726091109,0.4561735069986843,0.4849985547944762,0.736280729956086,0.6195502662372595,0.5731745664828466,0.5160486783617829,0.6267493084517357
971,0.4804203485012929,0.5034353712341461,0.5489947621294482,0.4571013323136752,0.4828318455208117,0.7394392926261357,0.6192014743779533,0.5742577341110998,0.5161616115644712,0.6263081308543011
972,0.48111908429999506,0.503696379585233,0.5496118351621514,0.4580611227357811,0.48073192870438236,0.7424559039229337,0.6187908701368886,0.575338188387593,0.5162626069929919,0.6258430441258348
973,0.48183951030174427,0.5039696253237108,0.5501999030064596,0.4590530754601347,0.4786987832547354,0.7453208819619225,0.6183204195541655,0.5764161702577358,0.5163516377263905,0.6253539943901418
974,0.48258141883325156,0.5042547732847555,0.5507584969978164,0.4600773716574337,0.47673239998777606,0.7480250601532958,0.6177925862563041,0.5774919761767907,0.5164287108650544,0.6248409463123338
975,0.4833445819792992,0.5045514763724985,0.5512871686342576,0.46113417447601973,0.4748327887750063,0.750559816962439,0.6172103251507554,0.5785659558369303,0.5164938672267787,0.6243038839248349
976,0.484128751544075,0.5048593761027529,0.5517854897488329,0.4622236269337371,0.47299998483951444,0.752917102833011,0.6165770734358852,0.5796385094992963,0.5165471809908556,0.6237428114126761
977,0.4849336590308996,0.5051781031644332,0.5522530527297886,0.4633458497102993,0.47123405416363046,0.7550894641802591,0.615896738952283,0.5807100849402217,0.5165887592910408,0.6231577538570979
978,0.48611382281530907,0.506103989783762,0.5517451661098339,0.4693145722975634,0.4645312700121253,0.763153276349963,0.6052596409941821,0.5856081373529395,0.5216575005542893,0.6206448208038777
979,0.48731977570066726,0.5068134014215834,0.5509487510569809,0.47537083374218375,0.46196097004856446,0.7680663913032338,0.595922423233678,0.5901409411544489,0.5264792178306306,0.6175006024639736
980,0.48885334637534317,0.5075305389702517,0.5490806323003024,0.4844159958429406,0.4633925203474669,0.7713383886652468,0.5831851411895899,0.5963397120517558,0.5339453125338917,0.6120403456757523
981,0.49037665678671466,0.5080174546861416,0.5469099101990796,0.49321616436377075,0.4686330641712225,0.7709044994318843,0.572731057642804,0.6022058921804136,0.540772674069713,0.6059277096469609
982,0.49234853607836887,0.5083816015445476,0.5431905590905559,0.5051600358555204,0.48077118913089245,0.7659552537306469,0.5602857511978762,0.609935032242744,0.5502512984182428,0.5964329736895664
983,0.49323362594834597,0.5086335109548944,0.5434293008738229,0.5076280116607013,0.48041470303365136,0.7623006369585826,0.5624861108381757,0.6124869115395352,0.5486128216660463,0.5948606783346779
984,0.49379369629657227,0.5087832429263764,0.5432370785471441,0.5095635282550187,0.4811899644899271,0.7598692670735823,0.5630079215010559,0.6141146289428773,0.548399289491576,0.5935000565807381
985,0.4943636443323546,0.5089389613855363,0.543009716471551,0.5115291347560869,0.48202228367922545,0.7572536970881724,0.5636487833122558,0.6157253029941435,0.5481829486252057,0.5921278812621746
986,0.49494299579565876,0.5091002318951503,0.54274738471493,0.5135230997432704,0.48291136985107175,0.7544604385812288,0.5644127577220599,0.6173189324019573,0.5479644853275673,0.5907450113401399
987,0.4955312652219795,0.5092666187371756,0.5424502954365527,0.515543592036082,0.4838568162284362,0.751496277186031,0.5653035639413748,0.6188955118568105,0.5477445808189808,0.5893523202874811
988,0.4961279563184798,0.50943768567656,0.5421187041875415,0.5175886848874639,0.4848580914615131,0.7483682400204101,0.5663245521436894,0.6204550265026373,0.5475239103030023,0.5879506954817696
989,0.4967325623545132,0.5096129967246751,0.5417529111757629,0.5196563606599376,0.48591453178621724,0.7450835632179309,0.567478678120733,0.6219974465035691,0.5473031420038932,0.5865410375996698
990,0.5026056773367406,0.5095369356315893,0.5215651537637205,0.5545068027300483,0.5578188390257655,0.6936990768331712,0.552266187716118,0.6440577775409728,0.5771032355887802,0.5494547636570472
991,0.5029492585696912,0.5095614168404725,0.5209426026157676,0.5564429369271855,0.5600616393468394,0.688905345296003,0.5552085496007013,0.6458164774706425,0.5770060849759231,0.5479111942041934
992,0.5065757010221271,0.5110202041954117,0.5227619152318745,0.5718808717133305,0.5482836734298095,0.6416992999636052,0.6112927108133073,0.6570750745865728,0.5582437711459944,0.5450004946187037
993,0.5078154787388542,0.5110738131899739,0.5174667406922668,0.577735037855816,0.561337436483986,0.6292469195619218,0.6170550525967012,0.6610827762098053,0.5623616459665803,0.5386639335560595
994,0.5082419022184934,0.5111560852989364,0.5165182283452127,0.5793978666900474,0.5631865311083651,0.6245572729624762,0.6208565416236156,0.6620010972139473,0.5623156578970894,0.5373460223658113
995,0.512621424263472,0.5110305945085691,0.4967318400215393,0.5934847895316271,0.620272398024663,0.5782857592143401,0.6322956905334894,0.6703162478541769,0.581353043596092,0.5114823846631407
996,0.512811224647031,0.5110654272290653,0.4961057606664013,0.5943818698528148,0.6217152288527047,0.5741714759407905,0.6350420607992012,0.6709973210644833,0.5815908286368977,0.5105086148800108
997,0.5129910545692355,0.5111006817342076,0.49549202707874473,0.5952341052265115,0.6230584948338138,0.5701398460705357,0.6376792673531927,0.671610448691175,0.5818370009522937,0.5095660711233736
998,0.5131605988926551,0.511136400245657,0.49489197496818915,0.5960421224704243,0.6242991755207673,0.5661937212179486,0.6402021654271891,0.6721551128580352,0.5820910546720398,0.5086555513568299
999,0.5133195525527108,0.511172634845467,0.49430693083434385,0.5968067138674624,0.6254345638215862,0.5623359439146971,0.6426059784088536,0.6726308431173441,0.5823524742665728,0.5077778347394551
1000,0.513467621043217,0.5112094473381527,0.4937382093328807,0.5975288331962625,0.6264622766881572,0.5585693553634268,0.6448863170958836,0.6730372184164637,0.58262073584703,0.5069336806247339
