time_step,site_0,site_1,site_2,site_3,site_4,site_5,site_6,site_7,site_8,site_9
0,0.0,0.0,0.0,0.0,0.0,1.0,0.0,0.0,0.0,0.0
1,0.0,0.0,0.0,3.4591717136929973e-05,0.290575261677668,0.9751223593747225,0.0001847159780796437,0.0,0.0,0.0
2,0.0,4.157843051300488e-13,3.793300177241109e-09,0.00014170454708796367,0.30349933883641184,0.9726315055544368,0.0007352770340347111,2.0256568399238738e-08,2.221142716922758e-12,0.0
3,0.0,6.733479945319735e-12,3.46855237852685e-08,0.0003263732353583888,0.3165429827573015,0.9699714841117751,0.0016459054317409048,1.817210948369685e-07,3.545163721418531e-11,2.0115176542499815e-16
4,6.036375765750177e-16,4.258409293553429e-11,1.4092518116028055e-07,0.0005936626267230679,0.3296907642698655,0.9671369265609513,0.0029103083087100635,7.244480922634386e-07,2.210067357552185e-10,5.68798138937493e-15
5,8.29448985059638e-15,1.7231769552667324e-10,3.9752037385983374e-07,0.0009486580205066053,0.3429272393231725,0.9641225580004772,0.004521697035602271,2.005356506957408e-06,8.816696057956003e-10,5.322530849159155e-14
6,5.1932188495909415e-14,5.337570343918687e-10,9.08048868786833e-07,0.0013964552709955888,0.3562369818923212,0.9609232320405513,0.006472807592673992,4.495786738943898e-06,2.6926364837236515e-09,2.9299710222944643e-13
7,2.202806649100354e-13,1.381800544404366e-09,1.8064571906804117e-06,0.0019421506485613144,0.36960461633872566,0.9575339655905589,0.008755921882952754,8.778857826902524e-06,6.873371957877571e-09,1.1759129497942874e-12
8,7.369435149810914e-13,3.1435245006325704e-09,3.258844333995933e-06,0.0025908304784432058,0.3830148491170606,0.9539499733405987,0.011362889899434347,1.554662936800021e-05,1.5419179175639648e-08,3.811603744061883e-12
9,2.0907982469848824e-12,6.485424294794651e-09,5.465225658770084e-06,0.0033475605755109395,0.3964524997254189,0.9501667017723459,0.014285152661491043,2.5597072862936858e-05,3.1371185077676216e-08,1.0577497400720232e-11
10,5.2459729477419066e-12,1.2393415059859342e-08,8.66127249655857e-06,0.004217375494671078,0.4099025307993712,0.9461798625367254,0.017513765833974272,3.983085731529994e-05,5.9123341344225957e-08,2.6075545209827154e-11
11,1.1959329643379121e-11,2.226618920774908e-08,1.3120022961004447e-05,0.005205267617908221,0.4233500772551767,0.9419854650387746,0.021039423941193024,5.924795406673329e-05,1.0476494611089353e-07,5.854682361309377e-11
12,2.5240517203002704e-11,3.802250967080971e-08,1.91535594340086e-05,0.006316176100244379,0.43678047439237305,0.93757984807379,0.02485248508704723,8.494406601586749e-05,1.7645709775647868e-07,1.2186588866995335e-10
13,5.016831848644169e-11,9.234292269739459e-08,2.7114648175987277e-05,0.008902591800603921,0.45017370571696447,0.9328897350943697,0.03333216289637156,0.00011810688653353218,4.190043714406541e-07,2.38283378846179e-10
14,1.05485990991589e-10,1.3587182127701154e-07,3.835462014809997e-05,0.010383977258909962,0.4634872100332744,0.928050292138919,0.037982685106973085,0.00016334537485186931,6.097612375279373e-07,4.932450596967697e-10
15,1.9993572920375022e-10,1.9753115473781808e-07,5.2673571179257675e-05,0.01200371863244718,0.4767384063928759,0.9229911169064364,0.04288381204263208,0.00021971740463973968,8.756131143537764e-07,9.228604472680983e-10
16,3.537200301457588e-10,2.832534364908403e-07,7.059180937860071e-05,0.013766299716499475,0.48991378499687976,0.9177102330646724,0.04802457319046787,0.0002887594665124497,1.239293896714222e-06,1.613394719275006e-09
17,5.953189965284725e-10,4.003797701439576e-07,9.267675814217064e-05,0.01567609041954223,0.503000162437074,0.9122061424754037,0.0533938061432478,0.00037208108085520195,1.7283229974563377e-06,2.684323255102842e-09
18,3.045383021435787e-08,1.0674306310520883e-06,0.0015337059796575146,0.01829432380050275,0.7711536301760507,0.7269606009814638,0.05774177821883691,0.005469304909161476,4.286262023106979e-06,1.3222432565228178e-07
19,3.189438417233721e-07,3.4919019857864848e-06,0.007639391588928391,0.02126747238124364,0.980669100549025,0.25711793975137975,0.05933817074415148,0.0252624172779275,1.2836876150378564e-05,1.3068128666224636e-06
20,3.408882720836746e-07,7.651634656734603e-06,0.007853960459081516,0.024602917803825248,0.9823314521870982,0.2462076389987052,0.06104901430022436,0.02587987117778507,2.7124139956009225e-05,1.389354047265908e-06
21,3.7558811497852156e-07,1.3625582701356638e-05,0.008095396721392471,0.028287159442726778,0.9838540868364484,0.23556492451718603,0.06272404213222453,0.026514696838157298,4.735062399509691e-05,1.5174270540064844e-06
22,4.2492148519531596e-07,2.150332282030128e-05,0.008364772471130166,0.03231947699166605,0.9852413997474885,0.22520316168535326,0.06435964386960884,0.02716654346190461,7.372222438564952e-05,1.6971398087114992e-06
23,4.914172641053724e-07,3.1385419370095865e-05,0.008663250821637632,0.036698586832858794,0.9864975506357005,0.21513526976931502,0.06595240108214014,0.027835029053090037,0.00010644778850528034,1.936585678277567e-06
24,5.782933271454112e-07,4.338380563204251e-05,0.008992085205780724,0.04142264153211754,0.9876264413370328,0.2053736899877111,0.06749908984207972,0.02851973986279964,0.00014573872392706445,2.24591490765533e-06
25,1.8827174121573906e-06,5.9763072320737036e-05,0.012402666187434531,0.046337870855439244,0.9947582794728288,0.13107175769273902,0.06836827137882708,0.03486802592509305,0.00019575582342329853,6.855401616313595e-06
26,2.5988996268408428e-06,7.979589483608857e-05,0.013713316907956493,0.05156212774993629,0.9959061899215863,0.11213283314985278,0.069119350619434,0.03701641958555813,0.00025494047909711186,9.294210214860075e-06
27,2.9130390533994743e-06,0.00010319890215655323,0.014193491403579159,0.057134273695258496,0.996083167461794,0.10655405104918528,0.06983752241892377,0.03773889534297037,0.0003227788351562458,1.0322324748064476e-05
28,3.269529715624431e-05,0.00014172473414914797,0.03785145374737046,0.06075517385554265,0.9871577126792627,0.20484655495984916,0.0685255299663902,0.06318811173887975,0.00040776561428829036,0.00010561184921338444
29,3.402157087359594e-05,0.00018874052077545668,0.03846907664471009,0.06496158444804516,0.9858218452303433,0.21438201676369242,0.06789747556942022,0.06359766562833244,0.0005064499108678749,0.00010939353886618919
30,3.5645524494191495e-05,0.00024446841924810077,0.03913849845956611,0.06944236110870629,0.9843670039097401,0.22416472087385622,0.06730545704751197,0.06397306085608426,0.0006188784024891801,0.00011381500827751788
31,9.043341024405763e-05,0.0003124582753937913,0.05581839541939696,0.07195863917093605,0.9057329942569718,0.5154616851444023,0.067218471454464,0.06836223019389526,0.0007305924676791253,0.00025983521232955334
32,9.364518574236005e-05,0.0003927105277569443,0.056453187476043803,0.07505670605688147,0.9001246711716675,0.5277081917485484,0.06744577850159204,0.06831098048876448,0.0008563080923063055,0.00026725457966559826
33,0.0001309082768240456,0.0004852187515426666,0.0628805872957669,0.07743230586454568,0.8335455122981315,0.6459350658821014,0.06838799975281443,0.06659860446057236,0.00098506558548349,0.0003532753184117827
34,0.00024364335988864936,0.0005833564146274836,0.07459521769993399,0.07811754797113153,0.6060051839993562,0.8590525585172493,0.07135995045399644,0.05669109936254073,0.001090482120265679,0.0005879304378604874
35,0.0002745570541790006,0.0006944822548279214,0.07639539946225676,0.07898028588729411,0.5467401701813648,0.8909292839570669,0.07473672416017707,0.053528462240399685,0.0011982761231518562,0.000644702046111187
36,0.0002824458171793903,0.0008217110797108653,0.07675324058141464,0.0799588280569444,0.5346695276914956,0.8965339784493194,0.0783787263526526,0.05281805965424236,0.0013154330156982632,0.0006574951694706715
37,0.000452841001261853,0.0009470399414250294,0.08137770563543449,0.0798975177544899,0.29824542169767915,0.9714566465255653,0.08420118965730933,0.036781977876433475,0.0013977960316952052,0.0009250900538389522
38,0.0005035157040645566,0.0010833800887070952,0.08162285063531054,0.07991459529914788,0.24604274036147106,0.9802385471703255,0.09039187716831343,0.032508708131344495,0.0014759723448234895,0.000993448556805431
39,0.0005162506964143413,0.0012361113826446482,0.08164561896533828,0.07995200146586683,0.2362193428997926,0.9813763027204939,0.09689993579855721,0.03161856609240547,0.0015583881600406107,0.0010085404886869612
40,0.0006850719464774117,0.0013865451048552056,0.08069794269859305,0.07984685554245269,0.13218915984658777,0.9922912619249122,0.10464506872572023,0.020270217880852946,0.0016151398094721807,0.001200963102690019
41,0.0008024358334528907,0.0015389768707050186,0.07880713803021076,0.07979560770927505,0.09445901297778589,0.9941807450154615,0.11297291955858,0.014056226335703604,0.0016575358304144652,0.0013141011350639616
42,0.0008846190249577896,0.0016976832137037576,0.07713749953329535,0.0797918427703689,0.08251321116371625,0.9941951799437996,0.1217482048635817,0.010593537395860345,0.0016918048275469614,0.0013829891350434958
43,0.0009048512879972617,0.0018704742493246755,0.07676027604074864,0.07975006534127084,0.08122825946546225,0.9936182585546073,0.13083281873567687,0.009937096818302077,0.0017257179852184395,0.0013980369299166637
44,0.0009271717405029666,0.0020574675155911382,0.07637066401378491,0.07972557932754433,0.08030004874166065,0.9929491466951899,0.14023313515274918,0.009279825645317359,0.001759167636173664,0.0014137821266934942
45,0.0011866730075725074,0.002231660558420138,0.07060478842978091,0.0802431591697272,0.09780306097339436,0.9912934356297896,0.15008058602645255,0.0033478805954101354,0.0017717529795061616,0.0015737090855548182
46,0.0019815518854577833,0.0023123082787655145,0.041739349369190944,0.08377389706041698,0.4401761724660176,0.9291402714370554,0.1584847243535581,0.01581471323907072,0.001783231180406127,0.0017779645859068323
47,0.002161772397228716,0.002364381299945963,0.03158913290200143,0.08769564372566568,0.579423484493133,0.8678175430187275,0.16593888689623307,0.029206548281387214,0.0018186216754245963,0.0017158543294862852
48,0.002178527343202877,0.002417831416298669,0.030738666759901768,0.09163179200581535,0.5904498659733493,0.8608305110123213,0.17358972677155543,0.030521033352400737,0.001861041674207368,0.0017095457204324323
49,0.0023440383204673602,0.0024499414475122852,0.020092921576057608,0.09687918740843725,0.7246760716697878,0.7628984105315809,0.1796477941916333,0.050154892848979275,0.0019531642246922464,0.0015452201317945411
50,0.002377378924443326,0.0024769821832665334,0.017819415560874192,0.1023991124031734,0.7517219230700721,0.7358480356525656,0.18575788963933793,0.055266993289683,0.00206534541197189,0.0014979972243350146
51,0.002390903301051468,0.002504748000017556,0.017064823003511316,0.10813658123211906,0.7601040688929425,0.7261282898921955,0.1919484999440528,0.05704574422222983,0.002192907865493382,0.0014827308878820143
52,0.0024054558032733783,0.0025336286257213593,0.016302042367341,0.11410583192633378,0.7682141142425293,0.7163144819433684,0.1981202202041144,0.05888321454225937,0.00233696450956962,0.001465852797107404
53,0.002420992327184873,0.0025634008878929154,0.01553337489561268,0.1203057220761347,0.7760487469381462,0.7064176972971246,0.204265367915387,0.06077962519312243,0.0024981634528429266,0.0014473960851004754
54,0.0024374663011114493,0.002593840855648265,0.014761229197294182,0.1267347272275477,0.783604999163776,0.6964493200151874,0.21037647936305048,0.06273513550166634,0.0026771660099376027,0.0014274010200675954
55,0.002454828665285469,0.002624724869305735,0.013988120191882633,0.13339094060597567,0.7908802344305013,0.6864210024909159,0.21644631565988068,0.06474984091019706,0.00287464607154739,0.0014059152350623062
56,0.002473027857322247,0.002655830606369238,0.013216667836127597,0.1402720737817697,0.7978721342419738,0.6763446342004219,0.22246786809652302,0.06682377085103908,0.003091289437087648,0.0013829939569215495
57,0.0026628360165082527,0.002681787064880982,0.004739651018164365,0.14930671374694648,0.9599787357655405,0.3203427282507683,0.21920584712969962,0.1524257061256527,0.0035621976870624716,0.00039444073786672174
58,0.0026576745290208662,0.0026891087347992062,0.005128009401993829,0.1585380260357525,0.960810088230234,0.3127489244447461,0.2208127848680991,0.15457988015884047,0.004050266079540932,0.00038075925455613663
59,0.0026514039869440934,0.00269822074655204,0.005562421370372561,0.16799698761377882,0.9614531018131225,0.30545738134368794,0.2223287376841139,0.15673969622924513,0.004577211875234319,0.0003669090791838746
60,0.0026439802594900967,0.0027093790776700002,0.006045869846852691,0.17767500063125669,0.9619084146276836,0.2984747258725542,0.22375348444360355,0.15890330968000466,0.005143489219277985,0.000353059413567447
61,0.0026353596196880638,0.0027228600593466007,0.006581392793671467,0.1875631243832957,0.9621764950223289,0.2918069725263595,0.22508699571357282,0.16106885348949307,0.005749525272589177,0.0003393925420493648
62,0.0025629122387620363,0.0027520016441456366,0.010724018067092804,0.19765271112262128,0.9672704171215226,0.25836271895036655,0.2248988524176678,0.17374846898598673,0.0064281185211905924,0.00023934905059414584
63,0.002548638778709591,0.002782634951548678,0.011575713748754941,0.20794249013807087,0.9668252845639308,0.25362247490053125,0.2256392679563281,0.175792820934423,0.007144561841513895,0.00023245250839752874
64,0.0025328425832020847,0.00281789243047666,0.01249291820567356,0.21840837588849002,0.9662091712248769,0.24922781598183433,0.22629730232201006,0.17782467623871792,0.007903586343571394,0.00022670514380593884
65,0.0025154945227136255,0.0028582065355697776,0.01347866183300254,0.22903995185397952,0.9654212819398531,0.2451800795565432,0.22687436736051367,0.17984206826904608,0.008705415436574269,0.000222348604053356
66,0.0024965680201555385,0.002904035159244428,0.014535995868249989,0.23982658024753228,0.964460686186778,0.24147995808633785,0.22737204030467742,0.18184303061730767,0.009550234443106537,0.0002196376976602354
67,0.002476039377826947,0.0029558623476154482,0.01566798674516051,0.25075742419354985,0.9633263337496544,0.23812750493537127,0.22779205990782933,0.18382559977798438,0.010438189510327893,0.00021884028823478726
68,0.0024538881184186377,0.0030141990003153367,0.016877710286621255,0.2618214702128948,0.9620170715518338,0.23512214194443998,0.2281363224144246,0.18578781784782278,0.011369386568906683,0.0002202371653156307
69,0.002430097340000496,0.003079583551842758,0.01816824574528695,0.27300755094050355,0.9605316615567232,0.23246266872059554,0.2284068773669538,0.18772773524015055,0.012343890342424054,0.00022412189199564483
70,0.0024046540848952427,0.0031525826320389985,0.019542669701269607,0.2843043680012217,0.958868799628731,0.23014727358054873,0.22860592324805432,0.18964341340972107,0.013361723409916036,0.00023080062910526343
71,0.0023775497223127292,0.0032337917032609284,0.021004049826886043,0.2957005149694759,0.9570271352428407,0.22817354608063067,0.2287358029566826,0.19153292758408302,0.014422865324137227,0.00024059193577315947
72,0.0023487803445894455,0.0033238356717925693,0.022555438529102394,0.3071845003386752,0.9550052919273333,0.22653849106089202,0.22879899911721338,0.1933943694975792,0.015527251788038961,0.0002538265462231813
73,0.0023183471768474,0.003423369471014863,0.024199866480948042,0.3187447704268525,0.9528018883209708,0.22523854412613853,0.22879812922040152,0.1952258501241828,0.016674773891855708,0.00027084712270849013
74,0.002286256999855141,0.0035330786138347337,0.025940336053798307,0.33036973214594556,0.9504155597233618,0.2242695884823831,0.22873594059530858,0.19702550240549596,0.017865277413086578,0.00029200798452703493
75,0.0022525225858412603,0.0036536797118601424,0.02777981466303575,0.34204777556339233,0.9478449800152032,0.22362697304330584,0.22861530521152726,0.19879148397035415,0.019098562181544036,0.000317674813106725
76,0.0015158058889210256,0.003941859736836056,0.08108035529355687,0.3511428881388744,0.9375841532589727,0.2704872757795437,0.22438814719140351,0.22809030248113366,0.02047277121560949,0.001570240454947797
77,0.0014795916628879196,0.004912546768734645,0.08423160726547732,0.38309046732512614,0.9283738073074048,0.27554705538164076,0.22284937423027223,0.2289924030122011,0.02472225222920746,0.0017001663077804497
78,0.001438577547578824,0.00528018064870599,0.08761241587770673,0.39368386749153844,0.9243962228624415,0.2806580140427141,0.22228720898603713,0.22980585102190795,0.02622342814477978,0.0018298649272016107
79,0.0013965920692885461,0.005675895306299965,0.09110227242754888,0.4042364190828335,0.920245934037116,0.2859530770532456,0.2217514940675562,0.2305501207404657,0.02776455674982266,0.0019683956300051413
80,0.0009198716040986029,0.006219792776738327,0.1371254891501758,0.41099264081259196,0.8997813032598699,0.3618243762602383,0.22078765648292165,0.23612678724534775,0.02933394688372994,0.003982264186184645
81,0.0006142366324470745,0.00690258760251701,0.17943905837220608,0.4157533151505136,0.8733943771894416,0.43838983652704333,0.22114997589001914,0.2357067044944331,0.0308656834508753,0.006232723329707311
82,0.003183449073656719,0.007790074456907687,0.424595465334965,0.3663136540099096,0.39650781225640386,0.9143611655763993,0.24258652544124717,0.09616015289932543,0.030945764141831738,0.029692239136917556
83,0.003299120194927099,0.008821072327626349,0.4245318555373342,0.3663083611013979,0.39318239180924314,0.9142639498234963,0.2509462198627202,0.09407240006437839,0.03114505491125997,0.029832627516424494
84,0.0034298334038412744,0.009945439358895825,0.42441009667971186,0.36630775478578687,0.39005437054733305,0.9139979066363176,0.2595220331368068,0.09194862225515886,0.03134460974822739,0.029977181840786283
85,0.003575885846413944,0.011162299425345136,0.4242289827659227,0.36631374880223994,0.38712346707866846,0.913561628364688,0.2683042332242376,0.08979313708083056,0.031543859973917364,0.030125749783291172
86,0.0037375934235232204,0.01247068617836099,0.4239873485529574,0.3663282694820493,0.3843890546390635,0.9129536761854407,0.2772828203712661,0.08761040203245594,0.03174224007198406,0.03027817523455573
87,0.003915290120026598,0.013869543579035323,0.42368407174701045,0.3663532511323819,0.3818501673383713,0.9121725945540697,0.2864475518288106,0.08540501025116252,0.03193918965070558,0.030434298442968445
88,0.004739360599080947,0.015306899457681341,0.42037951932833834,0.3673055756729108,0.37052029115724777,0.9141166483287384,0.29649194568637344,0.07261225659379311,0.03204901423383926,0.031250293911056416
89,0.004958146873317653,0.016830232624093867,0.4195575117002894,0.36747790898607013,0.3693234595165995,0.9126026095424884,0.30622851291954906,0.0705673192722977,0.03218027890114271,0.031382904128461134
90,0.01604971454555396,0.017820198785107266,0.20013987977980657,0.42453684614745474,0.6703464541647158,0.7358522982123208,0.3210781565412234,0.07333349926375388,0.03290395607451543,0.023706352336548664
91,0.015379013884149612,0.018244310857513272,0.021985134478944023,0.44715332991813705,0.9010980568506922,0.2993317002173578,0.30016915753739637,0.2783535455283775,0.0350789399095814,0.0024525533982339403
92,0.015243974511355219,0.018331424431789364,0.023003724909705578,0.4586918649949083,0.8974014997453157,0.29758533982048174,0.300127931962983,0.28040601796775516,0.03705620686458995,0.0023639169277184626
93,0.015104837874044505,0.018429955022984962,0.024136749330242496,0.47019912085963306,0.8934906818809941,0.2961024773597485,0.3000332888599845,0.28241236377051054,0.03909440929707634,0.002281164974630739
94,0.00918035137955043,0.019094326813423386,0.1247469225474973,0.4760387469508375,0.8714272406119687,0.3682096198580823,0.2919499086922109,0.32268698419833486,0.041533075725538146,0.00278938626870237
95,0.009000878037184823,0.01981396092086375,0.12903187392492954,0.48549852150168643,0.8661007964154366,0.373281604026719,0.29186301354523136,0.32277982039451153,0.043839224937517664,0.0029851287799782995
96,0.008816826967849075,0.0205774486691868,0.1334248079678902,0.49484358976213666,0.8606271897155532,0.3784351820880978,0.29184595768721916,0.3227798462651069,0.04619568993338932,0.003194875329121595
97,0.008628556709724025,0.021386209455879338,0.1379254446940184,0.5040668809144581,0.8550099893330874,0.38366047293237787,0.29190255957091366,0.3226867335027628,0.048600644111410504,0.003419168981501105
98,0.008436451799820232,0.02224167310872257,0.14253337397867036,0.51316157678666,0.8492530947533686,0.3889477044240571,0.29203650920115437,0.3225002614123265,0.05105219431425462,0.0036585557336870087
99,0.008240923375543012,0.023145278402084066,0.14724805368631277,0.5221211169135817,0.8433607342804691,0.3942872293272811,0.2922513600350935,0.3222203190270099,0.05354838308354451,0.003913583578406483
100,0.008042409761352303,0.024098471513939353,0.15206880803545283,0.5309392028705663,0.8373374617404744,0.3996695403239431,0.2925505211471589,0.3218469071738143,0.05608719102704434,0.0041848015529473495
101,0.007841377038711845,0.02510270442433948,0.15699482620362357,0.5396098018920757,0.8311881517493095,0.405085284113121,0.29293724968354723,0.32138014048249847,0.058666539293572885,0.004472758772639478
102,0.004095064663507369,0.026548546847381685,0.26458210138301075,0.5330369226394567,0.7773650142529366,0.526567962799708,0.2984948621861981,0.30198848470864376,0.061131822072481315,0.011914577401306792
103,0.003980329126971946,0.02818475382762757,0.27017882535197313,0.5389952323119296,0.770652154613211,0.5325534472733018,0.30049698243662704,0.3003857233888759,0.06349977922879406,0.012410663186665229
104,0.0024216650424667215,0.030110489922786476,0.34300337247089663,0.5297377109378224,0.7200530801140264,0.612483244233878,0.3078799314546143,0.27602738187619186,0.06565157426119857,0.019523501690669298
105,0.002250640036621987,0.03249677869350183,0.4699268773712913,0.4942431901880901,0.6012317989184464,0.7451229358729907,0.32313900711139965,0.21041209116699686,0.06697528856575997,0.03651323219532028
106,0.0024475359156766246,0.0351615532257404,0.4739471360723734,0.4952285270588733,0.5952719783898781,0.7479257461320075,0.3290378531059254,0.20755263890038472,0.06837113245965039,0.037195197709011335
107,0.029904903024902934,0.03651154729488004,0.4561864919776222,0.5041972774293437,0.5678069357247016,0.767771381800061,0.3473766398588675,0.08166817160470027,0.06743373434525274,0.06499267536166066
108,0.030345730464836032,0.03779306979845124,0.4517033848428861,0.508306049978477,0.5708266521701437,0.7623713836768141,0.35519988213328363,0.08305601955095465,0.06761163948635364,0.06473135267056748
109,0.030818094637120264,0.039142096208964264,0.4471060141403282,0.5125185777611866,0.5737462771978593,0.7568982475547116,0.36297780014901004,0.08451787401522595,0.06780729678420096,0.06445743969912786
110,0.031321744862140496,0.0405559932444989,0.44239647670200943,0.5168315713060067,0.5765612160775907,0.7513568688669663,0.3707040326206079,0.0860549941446693,0.06802172184338173,0.06417109494500997
111,0.03185641485519226,0.04203206153504805,0.43757704539246917,0.521241546833549,0.5792671124451013,0.7457523214504181,0.37837241503727154,0.08766855902709356,0.06825594810128721,0.06387250479990209
112,0.0362947107705256,0.043308525242155956,0.3752394373214057,0.5438559263619492,0.6280969348090972,0.6964288562382558,0.383911732517346,0.11200140097969422,0.06879085976742486,0.058331803549952835
113,0.03681226770255405,0.0444978491115427,0.3696680066085764,0.5493927498940885,0.6299875895040865,0.6901935592403735,0.3905524065939666,0.1143929093383746,0.06931473252434737,0.05790692316025093
114,0.03916949811679859,0.05804871777517011,0.3636883289051773,0.587267299101564,0.6121481635948705,0.6668307081389988,0.4502885819072361,0.11667830573825885,0.07451275733775782,0.05873460712074294
115,0.039996585997524266,0.05987996852949178,0.35759770799950047,0.5927599315415628,0.6129763087077893,0.6608968563129067,0.45657723215143925,0.11933463798787075,0.07515323428919404,0.05826535122963872
116,0.043113416796235364,0.06165941155477965,0.3269493262298212,0.6043179797781654,0.6265673412332131,0.64033845709127,0.46159911443445584,0.1337710516168347,0.07598263011282795,0.0550529325433158
117,0.054610602157554894,0.06319057867769184,0.20122654304900872,0.6315879282253243,0.6845483773741836,0.5557463830939051,0.4582927408114035,0.2092186018649196,0.0778208930415806,0.0398813493864921
118,0.05528736203900651,0.06408239559085949,0.195656074486427,0.6384564854519015,0.6828672439226695,0.5502033364349013,0.46190074905808537,0.21316056577162548,0.07946915193066,0.03939927906786579
119,0.06430861444466836,0.06524818579976119,0.09678403266126086,0.6543023644082189,0.7223970397758044,0.46861849484449547,0.44927937212294455,0.30405883557835683,0.08247819146249986,0.024278797544147655
120,0.06646382215155656,0.06571707612066165,0.07557787178520904,0.6631500447161011,0.7277377331193758,0.44435774994231336,0.44402330409892177,0.3359505219536228,0.08554781088610447,0.019930393013408328
121,0.06675304356716485,0.06585567112835572,0.07359857574851225,0.6710064061804697,0.7231573876759553,0.4411791572606998,0.44464217497306974,0.33970102077993214,0.08849633379670661,0.019716261441879636
122,0.06703325481658093,0.06598406089512504,0.0717702081641558,0.6787675068005632,0.7184088095995561,0.4381783275236306,0.4451633887384673,0.3434143554593765,0.0915208083084108,0.01951877698662296
123,0.06730378976789107,0.06610253912523574,0.07009835444751451,0.6864283190633379,0.7134982915852014,0.43535344118666863,0.4455893795963321,0.3470881083135481,0.09462046233876571,0.019339186801291083
124,0.06756398973724047,0.06621146378112909,0.06858846585831695,0.6939840318783247,0.708432346466179,0.43270238602231637,0.44592266335423014,0.3507199005734248,0.0977944456365099,0.019178749542583983
125,0.06781320476251251,0.06631125787268288,0.06724584784477841,0.7014300525808681,0.7032177031964912,0.4302227683114609,0.4461658328494814,0.35430739536690203,0.10104182999612041,0.01903873367056143
126,0.0688225587959286,0.06666653542664067,0.06268876965965667,0.7089934771450586,0.7018852861107889,0.4181988337132667,0.44034317603194306,0.37940380278688535,0.10479539072670488,0.016330801648464982
127,0.06895271446842191,0.06671397545350019,0.06277484004054276,0.7162763728531022,0.6961010286171005,0.41660451416170635,0.4400678465167214,0.38264879950072467,0.10838552905511875,0.01634487280430602
128,0.06906708692199257,0.06675953454874704,0.0630498892505074,0.7234267677744189,0.6901989297222018,0.4151666105188701,0.43972487870070415,0.38583212005262135,0.11204599103024258,0.016385643456045873
129,0.06916517890083185,0.06680426016379601,0.06351749069984583,0.7304410389105226,0.6841867298303805,0.4138809202008422,0.43931741958576714,0.38895180651898487,0.11577526715862398,0.01645435960257625
130,0.06751033224291567,0.06807462923885013,0.11950027070912896,0.7343376586176618,0.67961265949404,0.4096332724508581,0.4198400486383367,0.4495219730184471,0.1211631572298181,0.015423801528151568
131,0.04819184052350198,0.07083972135974112,0.4207784194695936,0.685043103720975,0.6341266353908483,0.49791874887196436,0.4102754298506636,0.47661068803266465,0.12776159695968592,0.04786356219658765
132,0.047658888477063496,0.07291240866905097,0.42796392444148773,0.6868563845321713,0.6285738196970716,0.5004496995085194,0.4113066107303131,0.47529219825594377,0.13155564866930697,0.04913127158448361
133,0.047111418976516654,0.07511154494346065,0.4351492408828249,0.6884829242108045,0.6230806669089216,0.5029220065011378,0.41244202508276334,0.47386330684126,0.13537741267884157,0.050435928449290554
134,0.04655091618431331,0.0774388063197879,0.4423296028463528,0.6899239658631515,0.6176523306164702,0.5053321249098646,0.41368153511934125,0.47232540650926735,0.13922379634755477,0.051777588310999684
135,0.045978946548793316,0.0798957642477234,0.44950022736169437,0.6911809272854288,0.6122938173862067,0.5076767061615963,0.4150247867827271,0.47068001788028463,0.14309168371205805,0.05315627740014937
136,0.023683681342730346,0.08264893653251786,0.674589549490101,0.5740271003308874,0.5478843351409061,0.6013377642051081,0.44879099199827616,0.37614804457068224,0.14580285065609072,0.10403258453487431
137,0.023585952411209834,0.08715759008900709,0.6785132001886819,0.5721340360134032,0.5449678741450851,0.6020698925277225,0.45294617689837474,0.3725738637340443,0.14796157011195127,0.10535512035316807
138,0.02351177935810454,0.09183876139498774,0.6823335858998321,0.5701973987828112,0.5421544828840031,0.6026835188643144,0.4571812686858198,0.36893376575016845,0.15011077554957625,0.10669685297443504
139,0.023463343989955466,0.09669058010682409,0.6860482252974636,0.5682215521475272,0.5394440873961677,0.6031793081088517,0.4614915764322314,0.36523159545430994,0.1522484088076111,0.10805722810776199
140,0.023442878508474322,0.10171097764507338,0.6896546908158272,0.566210864199022,0.5368364394762614,0.6035580676403584,0.4658723173017702,0.36147131741863525,0.15437243269220602,0.10943567212256124
141,0.026448379506619605,0.10479118216013916,0.7502922505768905,0.5115428762903534,0.5005194376557487,0.6428176811768485,0.5038662059596789,0.1799845195216277,0.15064335802823534,0.15664104524448702
142,0.04286501383783024,0.10942775041528675,0.692443212926841,0.5643043382680802,0.5144387121658145,0.6243130216316017,0.5127871922918263,0.14574920142130576,0.1490066672459916,0.15472609940058302
143,0.044481062338219704,0.11434905369831203,0.6883404081303133,0.5680522346097931,0.5147089030039773,0.6206988826467054,0.518384005661301,0.1451741989630306,0.1489013905178294,0.1544472690497547
144,0.04615621031146232,0.11934751642843058,0.6841105226216582,0.5718693633966822,0.5149412959440322,0.6170733634986258,0.5239038014377619,0.14467922898684143,0.1487999469928884,0.15415322832385925
145,0.04789020199183889,0.12441752270123606,0.6797548207354588,0.5757509622364764,0.5151347371416436,0.613440771037828,0.5293434165606478,0.14426632837988673,0.1487033183797471,0.15384433320977534
146,0.04968274223841757,0.1295534167987187,0.6752747671403291,0.5796921610579818,0.5152882313734144,0.6098054079441805,0.5346998386119651,0.14393743975822876,0.14861251225225416,0.15352097970597212
147,0.05153349563517054,0.1347495117636149,0.6706720337167577,0.5836879939201205,0.5154009431017612,0.6061715641323172,0.5399702047932262,0.14369440827339497,0.1485285613424011,0.1531836044337655
148,0.08327258298693654,0.1390288909757755,0.5297354809786222,0.6696353170828938,0.5434505690611255,0.5666297653780455,0.5417891037199988,0.17104421802502498,0.14815420605397897,0.1318568687368167
149,0.09042933874373008,0.14257921126413323,0.4968654494020406,0.6862494026350996,0.5473633882192811,0.5560481660777257,0.5445676101594469,0.18326958702024812,0.14886613906503202,0.12651242104148447
150,0.14401688392357848,0.14663717971778525,0.20072287094717797,0.7654776058858429,0.5939934709718038,0.4745688875557701,0.5139513374189723,0.36237798872881,0.15323720585235448,0.06478578337454785
151,0.14500261578212,0.14725944873346708,0.19626518717037517,0.7703433807180731,0.5898622551925291,0.4724755029399409,0.5142978229038326,0.3663091460663459,0.15648903294779837,0.06428427332806166
152,0.1487479942257995,0.148120914044316,0.17619189166973295,0.7769727353339138,0.5882086335264436,0.4657088674755662,0.5098016791818146,0.38676050139295576,0.16023247709325547,0.058968343215099306
153,0.1495863390326093,0.14855831218657112,0.17265220925528912,0.7816259615894268,0.5837810031991353,0.46405613431123083,0.5097273299638374,0.3905108641755975,0.163849417685523,0.05860553230038195
154,0.15097109116700183,0.14992575660181792,0.16935796706355213,0.798080078934201,0.564554955003066,0.46105652907586225,0.5124433390723369,0.393109845844649,0.17857210800779122,0.06095098829696858
155,0.15305220491674265,0.15051287077895997,0.16027202133170626,0.8027863205412178,0.5609031437262,0.45834044818753994,0.5096959931616651,0.40450773561055575,0.1826197264160548,0.058394605731479365
156,0.15805856875475502,0.15175876326325705,0.14205005248947125,0.8082528120208724,0.5589235291545318,0.4523973507672247,0.4978884477061,0.4413981639679301,0.1876719779028958,0.04937703768931134
157,0.1585075503409727,0.1519068311689724,0.1413613227285502,0.8120349148304172,0.5541842195421266,0.4518127996433951,0.4970051344285308,0.4444391340700757,0.19216650490791037,0.049542893897733364
158,0.15892630852944215,0.15204520674454608,0.14088277036703745,0.8156922126194309,0.549472647930408,0.4513115855812287,0.49607653646540384,0.4474010944544992,0.19672314368750904,0.04975932448863487
159,0.15990876076226962,0.15240204308498062,0.14062307616151215,0.822638318708813,0.5402865978740703,0.4503094457808517,0.49278250799395246,0.45641944371153637,0.20622070274549126,0.04963530167170039
160,0.16019823984195233,0.15251408277504427,0.14098988158105602,0.8259043391370977,0.5356869176792926,0.45006786041671193,0.4917142876287536,0.45908829876263646,0.21099140224774568,0.05004661100461654
161,0.16089317133951672,0.1530118648816128,0.144303681070533,0.8288114707673324,0.5312787470696203,0.44966832684981334,0.4869663829651552,0.4709531720164264,0.21620759908744858,0.0488038375211243
162,0.16101959671478858,0.15312252726055914,0.14572345219911326,0.8317652028568533,0.5267773015859778,0.4496405400226424,0.48579431538936335,0.47330678755677646,0.22119357554295938,0.04944365415234958
163,0.16110906772484518,0.15323877731923574,0.14735822969341758,0.8345876483070125,0.5223530278802154,0.449665949644309,0.48460363372584925,0.47556966799082134,0.22622413890240298,0.05014320723669022
164,0.15872394139232776,0.1554769726194144,0.19901299842480025,0.8318975464791172,0.5168466208171648,0.4524285665403508,0.467243256171769,0.514759495662103,0.2334654339808004,0.05015347007181282
165,0.1575015011689046,0.15616567123709996,0.21388319201812622,0.8325847601039711,0.5123783685847233,0.4534969666532334,0.4642570238416129,0.5199301904187922,0.239259502448177,0.052329705632624145
166,0.15699390583471534,0.15667746271640726,0.2191950530154502,0.8343442646589231,0.5083467256338584,0.4539622576344094,0.46315199158714154,0.5209859160466935,0.24479681807704315,0.053875516819110694
167,0.13767153194919038,0.16025611542514592,0.39664885599400707,0.79875702060227,0.4987750637322812,0.4663835154835874,0.4495507854037464,0.5474506772887074,0.2544113091335096,0.0829164243535388
168,0.13666631858995876,0.16210447107739123,0.4043097740036098,0.7981991254447809,0.49564705984005497,0.4669738723386938,0.4493832809873979,0.5468546548594377,0.25980658963856346,0.0853327399132436
169,0.13562984329458824,0.16406297950493073,0.4119784929642938,0.7974738859427176,0.4926497826177403,0.46753950093456753,0.4492740477349042,0.5461616915213984,0.26519510506137234,0.08780497070461507
170,0.1345642921676866,0.1661337402492769,0.4196485613735426,0.7965828812402616,0.4897850316004336,0.4680786568611224,0.4492231082946957,0.5453735834135552,0.2705734166181617,0.09033265976958292
171,0.13347196947870607,0.16831875740693078,0.4273135455659348,0.7955278179836021,0.48705434797231084,0.4685897398233623,0.4492303441825628,0.5444922353834721,0.27593811650403255,0.09291530419780973
172,0.13235529716851935,0.17061993509990794,0.4349670387625659,0.7943105311697289,0.48445901438675965,0.469071293245761,0.4492954978735351,0.5435196596656404,0.28128583196961204,0.0955523561062364
173,0.1312168140727597,0.17303907298449372,0.4426026699233395,0.7929329849216435,0.4820000554145736,0.4695220036582254,0.4494181751895805,0.5424579743607325,0.28661322928103117,0.09824322367799124
174,0.13005917485147792,0.17557786180605753,0.45021411238453474,0.7913972731698643,0.47967823861428976,0.4699406998737209,0.4495978479737638,0.5413094017106859,0.29191701755531746,0.1009872722546354
175,0.1250855118102594,0.17839978817407798,0.48117068301503413,0.780639452634866,0.4768807132183012,0.47159722582004304,0.45048180006456695,0.5389300100146409,0.29762135866603534,0.11016018116877997
176,0.09138036637653432,0.1816904527951141,0.6732722400606496,0.6725361186638014,0.4703622725036834,0.48128125321974097,0.46652878932202074,0.5068828846214748,0.30547756515335817,0.1799549616333561
177,0.09072592414743944,0.1867244505936807,0.6787679742293842,0.6682674926277309,0.469434625580214,0.48120299208547684,0.46808681145539616,0.504333857935243,0.3093089646097223,0.18302876639702784
178,0.08783715337931791,0.19186009634153628,0.6956975832993866,0.6543789213794171,0.46836376771348626,0.48157384863393976,0.4714871262567634,0.4978970780781553,0.31317176040968736,0.19181998917974996
179,0.0893946788913248,0.2147439551864588,0.6985025711953828,0.6507376777041479,0.46629767361117574,0.4801622323274999,0.47551184138289426,0.49303863768410594,0.3274503328529694,0.19557661873852772
180,0.08895987116603539,0.22067083822437308,0.7031560579850952,0.6462138955436195,0.4658707747689915,0.47988704342318045,0.4772137199925097,0.4902806851991981,0.3310366164559011,0.1987983753051478
181,0.08858212415940889,0.22674987099021487,0.707644403354694,0.6416588374163721,0.4655239535768442,0.47958069607151366,0.47893500461965904,0.48749559549397964,0.3345652405517185,0.20204014434045225
182,0.07686021167205277,0.2295887004494215,0.8504271260074364,0.46699579768463384,0.4673023004567254,0.4758250082223036,0.5269847167371781,0.3570111383127209,0.33047553546967834,0.3369603114582458
183,0.0793143256438182,0.23764659721549228,0.8495264596414012,0.46657703976573,0.4674463974513218,0.47494566191064175,0.5289131694695756,0.35464702129707537,0.3309041546154608,0.3383881025946222
184,0.08188069811145667,0.24580225685762228,0.8484722369819756,0.46631681843858597,0.4675779460072896,0.474083490488399,0.5307927600723124,0.3523296116658701,0.33129319424628756,0.3397803092528266
185,0.08455962787381287,0.25404840519103916,0.8472639985581604,0.4662140125540745,0.4676958359189968,0.47324040284845864,0.5326217205368494,0.35006092639744807,0.3316430826481366,0.34113618695846665
186,0.08735127729520337,0.2623776601569145,0.8459013783054464,0.46626721441275226,0.4677990728575126,0.4724182458796893,0.534398361479409,0.3478429037142125,0.33195429038262236,0.34245504575584357
187,0.09025566924767914,0.27078254230095783,0.8443841131006627,0.4664747353274871,0.46788677931177,0.47161880051323707,0.5361210726129555,0.3456774004484187,0.33222733027561413,0.3437362530014333
188,0.0932726844098957,0.27925548545173023,0.8427120523766686,0.46683461185163466,0.46795819530334976,0.4708437779064885,0.5377883230748677,0.34356618957804136,0.33246275737881037,0.3449792361455454
189,0.09640205893909179,0.2877888475829159,0.8408851677656,0.46734461264724747,0.4680126788780718,0.4700948157760121,0.5393986616180939,0.3415109579384844,0.33266116890214964,0.3461834854940004
190,0.09964338253140649,0.29637492184328074,0.8389035627184591,0.46800224596550044,0.4680497063775756,0.46937347489050274,0.5409507166737244,0.33951330411533875,0.3328232041148676,0.34734855694132194
191,0.10425466579567032,0.30491995004518274,0.8362675490376082,0.4697119365768981,0.4681465756975229,0.46851872580714155,0.54294442906359,0.3356336137112256,0.3326294115458836,0.3496106156788426
192,0.1077629457610619,0.3135574562511771,0.833907127692831,0.4707902891095556,0.46813415058992236,0.4678584282961566,0.5443577227521644,0.33380305113606307,0.3326899980740892,0.3506444158163369
193,0.13329794875149742,0.3209566746353148,0.8157579588030444,0.49774723665992693,0.46898811370316507,0.46529080934895345,0.5504411297983428,0.3124206623449981,0.32855231686862607,0.360259760112272
194,0.20460862024015858,0.32562394800114136,0.7293011731866494,0.6052434373314725,0.4701835233417473,0.46126535210917674,0.5530620020728593,0.3035474903236043,0.3223241339750478,0.3459241411424841
195,0.2089492335319198,0.331413347114358,0.7237783327215603,0.6100040821309844,0.46939750561177096,0.4609577652818944,0.5533568994515228,0.3042116454262958,0.32231547742783623,0.3449625703994134
196,0.21334268596823183,0.3371590921024469,0.7181646507618266,0.61474969193666,0.46861856559739345,0.4606995523200538,0.5535827960730695,0.3049202767469337,0.3223242499764784,0.3439801339169587
197,0.21778610115919178,0.34285658806845815,0.7124650495944598,0.6194740678916832,0.4678499997644499,0.460489633482778,0.5537402925880835,0.30567208224468134,0.32235176692217044,0.3429798778769987
198,0.22227657964421657,0.3485013725164449,0.7066846813912168,0.6241711293677412,0.467095165951293,0.4603268293179389,0.5538300451234527,0.3064657171501198,0.3223993306237943,0.3419649452634066
199,0.2612465708977512,0.35253291339945597,0.6428536704245457,0.6785891469955352,0.4663496422738804,0.45996018372257474,0.55062046977007,0.3210987200251601,0.3220735562244933,0.32045433874942164
200,0.2654886843308228,0.35690214548049426,0.6365020370871315,0.683027084676754,0.46549239480794785,0.45996807159982517,0.5503056648701675,0.32251615474568573,0.3226455851665814,0.31920694113827736
201,0.26975299260159524,0.36120641816769244,0.6301254646491651,0.6873841152695835,0.46467702670115507,0.4600161351810452,0.549929689744005,0.3239536910232207,0.32325329797588914,0.3179729701459127
202,0.2740367874999531,0.3654430869713451,0.6237308154266418,0.6916558572470282,0.4639075171481502,0.4601023922835499,0.5494937553723667,0.3254096092154032,0.3238975382058253,0.3167564030745746
203,0.28423492797871547,0.3693814076618166,0.6067408632093226,0.7032845069596437,0.4631477675470366,0.4602727193810708,0.5482024340571249,0.330147125725138,0.32468445471246027,0.31143892738680495
204,0.288475076259742,0.3732869197049818,0.6003211391376951,0.7072895655041986,0.46247315729943256,0.46043736463081986,0.5476111951851106,0.3317049929288938,0.3255046473154369,0.310267537676511
205,0.29272417832028164,0.37711872347147757,0.5939122184508506,0.7111932308520051,0.46185937932785337,0.46063315475065997,0.5469649025927681,0.33327290493638034,0.3263650373031429,0.3091289334991593
206,0.3541461595371447,0.3799610548592531,0.481162771648204,0.7735940860369228,0.4608992455704655,0.4615644371208639,0.5348620798563704,0.37716735077734503,0.3305506961105825,0.2622409297389159
207,0.3574494188892365,0.38197333584112836,0.4756038974355834,0.7761369336265742,0.46046596410690227,0.46184015757752206,0.5337961651107307,0.37914197648485315,0.3326457855130639,0.26152437417751234
208,0.3607305841128852,0.383925313074797,0.4701539254884088,0.778551749233348,0.46013395053675044,0.4621309982808879,0.5326934302994776,0.38108945543937484,0.3347882139013363,0.26088307251560877
209,0.36398763293822506,0.3858170170683205,0.4648188859083659,0.7808374116365737,0.4599065957473117,0.46243451880788117,0.5315557614092716,0.3830083966726226,0.3369771519519655,0.26032047620509413
210,0.36721856425375154,0.3876485643030098,0.4596046279752827,0.78299290098237,0.4597871357663317,0.46274830692727453,0.5303850491335024,0.38489746570664674,0.3392116861025695,0.2598399035484957
211,0.3704213981699598,0.3894201548246665,0.4545168067664071,0.7850172922925506,0.4597786430123712,0.4630699836515152,0.5291831863976073,0.386755386273879,0.3414908187002334,0.25944452957572306
212,0.4000154685429254,0.39249258442196344,0.4041368957683287,0.8046096519485936,0.4600483710656798,0.4632659757486342,0.5194648140935542,0.41501454951133737,0.3469099593765668,0.23428539767485992
213,0.4303417377218595,0.39719769017744877,0.3606412409479308,0.8189973929127176,0.46087994352430295,0.46298676574095987,0.5049608510635326,0.4529664248413151,0.3544771622531922,0.20440820586684535
214,0.4497577173450265,0.4049711605823248,0.35642696720798434,0.8200232921617995,0.4625520465910245,0.46184195327830413,0.4845131054045527,0.4989934781692114,0.3642684725882841,0.1759083998519968
215,0.4351280953108846,0.41314165334972547,0.4275039726435308,0.7948264670684934,0.4648396674458769,0.4600678634182802,0.46619498857150443,0.5334307320496895,0.37498544506703435,0.17021104605291232
216,0.4304713925958825,0.4144756905194249,0.4401771973222718,0.7891026026278326,0.4661782471411685,0.45991175868720924,0.46459533490985994,0.534826319566142,0.3804434548182614,0.17405052127823872
217,0.3206335064434604,0.41834500069655295,0.6557992375292304,0.658715282142044,0.4685982824872667,0.45798540656469827,0.4649662862811717,0.5298634876145665,0.3977702489551143,0.2478994914653246
218,0.3179542964949942,0.4221507695941664,0.6589511978743845,0.6542468343814121,0.4696436409878939,0.45800421548506315,0.46543887594358735,0.5279019456353191,0.40163334025870223,0.25136950053714535
219,0.3152788746488151,0.42607424863366683,0.6619486313796786,0.6497691238547584,0.47071721928607757,0.45803157488142027,0.46591747200962713,0.525923099170037,0.4054507983066442,0.254863236673472
220,0.31261356201222,0.4301153233122688,0.6647895793730486,0.6452867771191325,0.4718160385169838,0.4580685044542991,0.4664005149637844,0.5239301766742543,0.40922101407028055,0.25837867096056283
221,0.3099647541680092,0.4342737122926845,0.6674722759445817,0.6408044038193956,0.47293713971587065,0.45811603877049817,0.4668864445422957,0.521926400926801,0.4129424400600803,0.26191377160120266
222,0.30733890667466385,0.4385489603275138,0.66999514699726,0.6363265880736734,0.4740775891773629,0.45817522382909065,0.46737370320038973,0.5199149831188541,0.41661359028647554,0.26546650632448354
223,0.26837185048627354,0.44224179526624574,0.717022884966159,0.5860290942046216,0.4746982820705582,0.4590042100488031,0.47535123473012064,0.5027462310425549,0.4232464187630022,0.3034781490661597
224,0.26655260349416854,0.44777476554367357,0.7181574522788218,0.581747531279469,0.4756153829557093,0.459174522123389,0.47590632584735015,0.500590643832847,0.4262287367424356,0.30684235093063494
225,0.2648096171299891,0.45341973022508636,0.7191150237723742,0.5775217586216072,0.4765291117381281,0.4593645629689554,0.4764462065856513,0.4984517461814672,0.42915669077715557,0.31020521405049434
226,0.2631488541877691,0.4591740320950785,0.7198957630212497,0.5733556683367134,0.47743721250841364,0.45957525367491214,0.4769694290813061,0.4963323674925756,0.4320293106312631,0.3135649035324524
227,0.2615761702077584,0.46503478591787506,0.720500000633533,0.5692530114570998,0.47833750047286794,0.4598074891772093,0.4774745835779112,0.49423527225563385,0.43484567329440443,0.3169195948766337
228,0.23740273543874912,0.4711921520457501,0.7445391428711491,0.5355898453695541,0.47829765640697763,0.46151803814224096,0.4844250133979522,0.4785480635953142,0.4389716749486277,0.3477464003921911
229,0.21772774272248377,0.4784124045996879,0.7637709020063875,0.5048126216224305,0.47765324118018004,0.46394681291684514,0.4922702370893908,0.46020231220376967,0.4417680209888292,0.3806262683631965
230,0.218435522988802,0.4859022456544156,0.7622771710035794,0.5021317685257931,0.47805351308684707,0.46443295198030243,0.4925413644407825,0.4582927442825916,0.44337756846019044,0.3833348363899586
231,0.21521623074426957,0.4936802606498912,0.764900975387561,0.49331208399492554,0.47796057268191916,0.4656965168073802,0.49493808326633326,0.4515067472826577,0.4448084822815337,0.39448751992534165
232,0.2076196014661819,0.5023473895769904,0.776957402829985,0.4707718600255915,0.47498030398414115,0.4714804960950218,0.5076759172235635,0.41939758717289144,0.44250527384557925,0.4429061784079792
233,0.2111034511422158,0.510557753168095,0.7735728666040621,0.4705081382374717,0.47488081388847814,0.4722335000140191,0.5074198539434074,0.4180631862728554,0.4428218819645637,0.4444796165396741
234,0.21618465349435592,0.5186822979970944,0.7700724268960243,0.47069791350594953,0.4742171638866667,0.47387457678234535,0.5088010043306633,0.4124823551781176,0.44200066648675157,0.45150787341440546
235,0.22018847672088682,0.5267967208725618,0.7662542181317995,0.47094422244410605,0.4740381882480248,0.4746931307577398,0.508386398171531,0.41134425889608567,0.44209050281945966,0.4528188459731498
236,0.22430757514248675,0.5348560716000635,0.7623027831789878,0.47129401073579863,0.4738422653843275,0.47553331096502216,0.507923983111321,0.41026596228921575,0.4421331118478699,0.4540755724984632
237,0.25710361358956085,0.6046906671599547,0.7248021576463498,0.4714817034831585,0.47331933784829133,0.481245635187647,0.49843545068770595,0.41205305622665683,0.44521877962148265,0.451280696216418
238,0.26155108919221937,0.61209685986285,0.7200151813841412,0.4720713838968992,0.47306138448770774,0.48222764473851276,0.49768030494302373,0.4113538970758243,0.4451076199267458,0.4523830241984152
239,0.31966539006958944,0.6094761629711832,0.6886849484901509,0.5157263785832064,0.4682837724571817,0.4900684192033704,0.5059638835255361,0.3893216137758453,0.4285149049337084,0.4790936416284552
240,0.3257017186352408,0.6148085849265097,0.6832532248359471,0.5179401532538449,0.4681159383755787,0.49100627282686443,0.5046911249295359,0.38941528073298964,0.42776233917417306,0.47901545247897936
241,0.33174186174293246,0.6199666393264636,0.6777987022901153,0.5201539786487464,0.4679757663531469,0.491936193706152,0.5033880217484554,0.38954459454077156,0.4269951725177313,0.478910783415352
242,0.3406820389376547,0.6241410317484961,0.6707484733289842,0.5246121363967231,0.4677981664022965,0.49293756981111087,0.5022329454976417,0.38939723019941735,0.42559023612325675,0.47883645030528493
243,0.3467215668964222,0.6288533894819552,0.6652742270210865,0.526836104249155,0.46773554548922247,0.49383851731029726,0.50086378707569,0.3896147543722256,0.4248013387306311,0.47866197516968306
244,0.3989026978165161,0.6191887035907259,0.6343071949087586,0.562365649407293,0.46774461357753083,0.49422605064624886,0.5009024322805914,0.38919669891677294,0.4160834918803627,0.47355358455039914
245,0.40472669137607864,0.622281395374898,0.6291076002408766,0.5646417848120882,0.46805499755761154,0.4949594047649638,0.49940550263032985,0.3897325672742633,0.4154858773828388,0.4731132120261741
246,0.42145726339287526,0.6216963666686282,0.6179283548153405,0.574057034943632,0.46868562402941355,0.49513777440688694,0.4979739981331161,0.3909573408832672,0.41353316436177573,0.47044532683250373
247,0.4270978044529353,0.6242127569263436,0.6129406144534009,0.5761892300933693,0.46919067575330514,0.49578466685359196,0.49644368141335277,0.3915623438901665,0.41304428084072636,0.4700397178076306
248,0.4326847124890259,0.6265749348231224,0.6080246941042972,0.578255413621621,0.46975875677683776,0.4964023017495903,0.49490229034876804,0.39217491057722825,0.41257426010582054,0.46967270056234717
249,0.45313650207100364,0.6237256282771323,0.5952162762760199,0.5892927127188976,0.47104256301534947,0.49577106643932395,0.49333151838039613,0.39423722168752207,0.41062932395511503,0.4656567058433135
250,0.5985032913658114,0.5918789389806001,0.5264516840021246,0.6545044589180703,0.4813788519743639,0.4794202627513147,0.48720581410284314,0.42109587582633057,0.4106850869004028,0.41987432970692173
251,0.6020492822453728,0.5920420058080285,0.5242244113304247,0.6549704357519633,0.48330256377735625,0.4794863166443634,0.4858900179565973,0.42184742174062484,0.41198243270331747,0.42054443303589
252,0.6055216005462327,0.592166390833546,0.5221390241643205,0.6553318707285615,0.48530743610200466,0.4795178701511896,0.4845819580064229,0.4225711025869062,0.4133178795772543,0.42134712104622657
253,0.6089191697307044,0.5922541019370517,0.5201960333725991,0.6555887003402053,0.48739259335999474,0.47951455851782065,0.48328255006120036,0.42326650773816366,0.41469079120024527,0.42228569930628124
254,0.6096394641751789,0.5941935518207508,0.5169587857277625,0.6512682817020126,0.4970478675478733,0.48217167581336584,0.47772683829809914,0.4226180079889336,0.42028451138247974,0.4345647057107253
255,0.6127971806832008,0.5941311810363552,0.5155623123599583,0.6510924720360061,0.49948800620071515,0.4819839938996519,0.4764474022642959,0.4231676816602506,0.421678972865167,0.436185808595161
256,0.6158746363230653,0.5940382423357481,0.5143074539840602,0.6508131180496279,0.5020009488483026,0.48175905326001206,0.4751816910216949,0.4236893893020792,0.4231068390554485,0.43795462153126913
257,0.6188706109625731,0.5939165050928131,0.5131930159292069,0.6504307186958408,0.5045849413319472,0.48149701572463455,0.4739303909155239,0.42418308823945083,0.4245670549170566,0.4398719807787937
258,0.621783838018111,0.5937676607409261,0.5122175364471632,0.6499458751254011,0.5072381021948787,0.4811981206439253,0.47269414954910544,0.42464879824839535,0.4260584891498179,0.4419383238401029
259,0.7471188184032497,0.6089126698755849,0.5264194562100263,0.6373110993586113,0.5320348417389943,0.43935900412201884,0.45534653584740065,0.4719464593290203,0.46431349772556846,0.38058665400666847
260,0.7452843753527757,0.6087500730443365,0.5280901421740658,0.6343875537375088,0.5348847583701096,0.439383508378279,0.45489349825201686,0.4716699583675232,0.46710968947846276,0.38441537086597694
261,0.7388121343014625,0.606836782577075,0.5311338415389125,0.6259548118719932,0.5459101304679163,0.4401525034332115,0.45401726418394955,0.469024497764813,0.4763550794744272,0.40237979137205526
262,0.7052696892429461,0.612496052254332,0.5568194367777838,0.5976696489479104,0.5486217044773073,0.44074292082917715,0.4483325945197512,0.47546958574333614,0.48932299226535264,0.3986978162493722
263,0.58434937018183,0.6186861238548897,0.6024973896630873,0.5408713697400908,0.5399838039070851,0.46461121445477827,0.4429571140105097,0.4743697302199422,0.5119055511593698,0.42003739406728285
264,0.5801525478411695,0.6202409961698682,0.6015812405140261,0.5383467337996334,0.5409270038937962,0.4658069317098215,0.4426805153455875,0.47398392323960603,0.5139680548532141,0.42279984239737994
265,0.5760048430974898,0.6219072080613729,0.6005758635211266,0.5358939539607993,0.5418167888367984,0.467029720856332,0.44239431214955555,0.47364764053484876,0.516005310338137,0.4255414371026005
266,0.571914334970454,0.6236873773811035,0.5994836939247711,0.5335141638638561,0.542652952812784,0.4682792082125436,0.44209883133665967,0.47336208987836964,0.5180168309210202,0.42826000138270387
267,0.54177030192391,0.629661265958632,0.6048249492787734,0.5224354403773741,0.5394817921093621,0.47767030603583877,0.4416251900839787,0.4712817357618688,0.5246633969986976,0.4401739412184781
268,0.5383365207678719,0.6321972483605127,0.6031258613370556,0.5204448034413144,0.5399639578456489,0.47908031052900535,0.4412720752065338,0.47114674220468755,0.5264754200482107,0.44257695759055626
269,0.48462839644328287,0.6498284888047535,0.6118633503615849,0.5041638608638765,0.5299053074560192,0.5010443677710776,0.4417913684138217,0.4654817320381761,0.538705231594583,0.4713148489673102
270,0.4512219661383207,0.6717302209433278,0.6141951040669228,0.4963946500303443,0.5192735849103968,0.5217856503903135,0.44366490998898434,0.4589565380493431,0.5476786242326062,0.5009984976308213
271,0.45179143932128885,0.6765093650416475,0.6106266125076336,0.49583502589807266,0.5188673498943062,0.5234243289032764,0.4429738073128368,0.459249916047951,0.5483942262635121,0.5020978320511825
272,0.4409807768802803,0.7125502085870813,0.59905084474373,0.5078956341267583,0.49732461484575463,0.5577459372431653,0.45221644976483183,0.4422706706103691,0.5449782815297687,0.5559984199159927
273,0.4664251990898549,0.7089209256904089,0.5802285454101251,0.5272244980281374,0.4922042036211612,0.5637383947498459,0.4575790038720592,0.4344622691139893,0.5256396812576284,0.5645973871207348
274,0.47125445287359063,0.7114330778673076,0.5760280618296307,0.5280366596621082,0.49235275554475016,0.5644531251174505,0.4563071511704402,0.4350677071452195,0.5240974885103328,0.5639177968189292
275,0.47604009916946466,0.7137843108836104,0.5718983653028319,0.528824407066613,0.492546164874558,0.5651154643011798,0.4550512970770234,0.4356936332636457,0.522522262219589,0.5632528964023982
276,0.48077804775284627,0.7159736238340942,0.5678448522301482,0.5295854391105033,0.4927854171186019,0.5657243163558014,0.45381283525238714,0.436338171074839,0.5209161315778694,0.5626074460882402
277,0.4854644011954072,0.7180002742233358,0.5638727868320672,0.5303175347864117,0.4930714129521056,0.5662786586318912,0.45259312395817236,0.43699946067527934,0.5192812726168422,0.5619862005731164
278,0.49009546139440496,0.7198637812020536,0.559987289183449,0.5310185557133813,0.493404966464165,0.5667775438934748,0.4513934835502173,0.43767566138948955,0.5176199039151035,0.561393894964097
279,0.49466773520456214,0.7215639281150142,0.5561933234834331,0.5316864485884764,0.493786803606272,0.567220102315908,0.45021519404929006,0.4383649543666018,0.515934282210342,0.5608352305309076
280,0.49917793915492537,0.7231007643397374,0.5524956866039108,0.5323192475948341,0.4942175608438295,0.5676055433597991,0.4490594927961465,0.43906554503632034,0.5142266979360383,0.5603148603287766
281,0.5036230032373683,0.7244746063978343,0.548898996958863,0.5329150767729018,0.4946977840110346,0.5679331575168483,0.4479275721974618,0.4397756654249094,0.5124994707031053,0.5598373747425013
282,0.5080000737577774,0.7256860383235504,0.5454076837360813,0.5334721523608319,0.49522792736875976,0.5682023179235159,0.4468205775689663,0.44049357633247654,0.5107549447471016,0.5594072870035546
283,0.5403843048551403,0.6895438031157655,0.5287147126675688,0.5509223124770884,0.5026299249157459,0.5542811105088175,0.45269052236766144,0.43654723845352167,0.4836455417080147,0.5529402646882606
284,0.5978441780531697,0.6375418188032435,0.514624714933544,0.567236834302516,0.5207162777277056,0.5239415216687465,0.4593368673991013,0.43463416812826483,0.4609725787236248,0.5385971250711673
285,0.6004560228511346,0.6363145668949343,0.5138691553974546,0.566748846913517,0.5229253632361512,0.5231977004570139,0.4584686213720088,0.4348695737438052,0.4605296678075657,0.5401956403934173
286,0.6029839669341458,0.6350613542326659,0.5132441497529516,0.5661938918676982,0.5251768103518757,0.5224128047946666,0.45762266077908426,0.4350890649687463,0.4601185773333879,0.541946219210604
287,0.615703445897218,0.6273512704921742,0.5120475842998007,0.5669545451691287,0.530797011938962,0.5156702125444663,0.4578224221643686,0.43526278113107564,0.45832878370048014,0.5416686729847455
288,0.6179058095791604,0.6260932468148984,0.5118905463350034,0.5661568145442246,0.5332214269557581,0.5147872598887687,0.4570432525136477,0.4354084137950692,0.45817817141903,0.5439517401132444
289,0.6200230988556751,0.6248251105385334,0.5118520727947942,0.5652963705946976,0.5356785987737743,0.5138704283710914,0.45628472540728,0.43553772041730526,0.4580608325958769,0.5463874390974498
290,0.6220549075969692,0.6235489521312535,0.5119290955975628,0.5643746785123566,0.5381662793785874,0.512921102789753,0.4555467007824072,0.43565077763994153,0.45797702872515506,0.5489743000608179
291,0.6240007428942205,0.6222667209556861,0.5121183626503957,0.5633933217111403,0.5406821665168683,0.5119407159980325,0.454829004835402,0.43574770764966175,0.45792695631343233,0.5517103945473749
292,0.62586002336858,0.6209802237543202,0.5124164501050534,0.5623540022858905,0.5432239071167917,0.5109307456034329,0.4541314311316398,0.4358286777031052,0.4579107494138337,0.5545933388572308
293,0.627632078339485,0.6196911236951395,0.5128197750017474,0.5612585412104769,0.5457891007120131,0.5098927105764159,0.4534537417751866,0.43589389960158753,0.45792848249371215,0.5576202989680302
294,0.6801428407623842,0.6032802559309239,0.5172322753689502,0.5583417748388044,0.5657663658255548,0.47665264786690925,0.4567105571946975,0.4364791946870604,0.4629733622081964,0.5544580028999362
295,0.6808595348421566,0.6024425178431142,0.518488300065365,0.5566893067824872,0.5685036172594665,0.47576363708087954,0.45616047903680085,0.43636557496167433,0.4639308549579023,0.5585966277931219
296,0.6814594412813786,0.6016029425627316,0.5197989462647826,0.5550066983993082,0.5712316470003308,0.4748713840830575,0.4556196666370821,0.43624457609668665,0.46490724917827914,0.5628349944782294
297,0.6758024013794256,0.5985633858203426,0.5244417327854083,0.5490371016741922,0.5796237187404831,0.47584701272381297,0.4531672880324575,0.4355652768696544,0.4669795062697363,0.5813414782554198
298,0.695507495607515,0.5981016182262906,0.5291398580451123,0.5438692141201475,0.5889947258426722,0.4617269637586547,0.45350365349374494,0.4359280215995817,0.47478839924533184,0.5835441658272315
299,0.69502811232745,0.5973034642462229,0.5307263620764204,0.5420166937152323,0.5915320443775385,0.4609951802656094,0.45303060052541416,0.4357769410076718,0.4760447003241446,0.5882745503272009
300,0.694408455804632,0.5964879243280689,0.5323274346057549,0.5401655886505612,0.5940335364565074,0.4602751400657987,0.4525619714343625,0.4356297438061643,0.4773102982582217,0.5930392957863431
301,0.6936471441381283,0.5956538909872241,0.5339394942098147,0.5383193831452832,0.5964967022231098,0.4595680126634602,0.4520975357638757,0.43548763336478236,0.47858470587072166,0.5978305627328695
302,0.7014379690758112,0.5966741586543572,0.5372819039492479,0.5342162370008356,0.6018764222350406,0.4527290696310539,0.4517543209872617,0.4357228231231715,0.48487622878544917,0.6007090049482089
303,0.7000829650051174,0.5958165975391755,0.5388796573862171,0.5323877461440851,0.6041448054947743,0.45220481117322614,0.45130919355734334,0.43560994025290156,0.4862815492390533,0.6054599545244982
304,0.6985781154537616,0.5949318461356354,0.5404715774368584,0.5305820023454725,0.606361807054396,0.45170001127656584,0.4508658367689459,0.43550980965899866,0.48769118546732987,0.6102015472440799
305,0.6937877482938782,0.5925927551156991,0.5433326990991217,0.5274984471391658,0.6101353134357596,0.45182903569144917,0.4500046460529014,0.43527565718976113,0.48940042841855924,0.6201052975124688
306,0.6918951381759264,0.5916252771426429,0.5449038142268425,0.5257747842803625,0.6122133286263587,0.45135344492896534,0.4495639278109435,0.4352154167221793,0.4908020148347762,0.6248018932684409
307,0.6836534268502767,0.613705700833108,0.5504224914107666,0.5101766359921956,0.6106799455975441,0.45507231605541304,0.4407418017517824,0.4426996240616928,0.5674280085015052,0.5721761473017796
308,0.6083597633826361,0.6261352071011587,0.5391687631059006,0.5183987080020189,0.5782281715120274,0.5307599021470664,0.4301227182194408,0.44966611456451,0.6319123957822861,0.5468771724754073
309,0.6066603738056716,0.627075081804763,0.5376511018903533,0.5183020257489379,0.5772860227170306,0.5328931670785245,0.42991541406056444,0.4511123445648917,0.6329761739002833,0.5470307680630093
310,0.6050813974581384,0.6281235319883423,0.536130412508044,0.5182395778924693,0.5763312611832943,0.5350096974166625,0.42972671602415013,0.45263482393524895,0.6340063980335761,0.5471351015517825
311,0.6036255056841973,0.6292805285600016,0.5346098376919145,0.5182093276364039,0.5753662848214817,0.5371077459623194,0.4295584052067408,0.4542319651664877,0.6350013692794391,0.5471904240121783
312,0.6022949853252738,0.6305455852210498,0.5330925094525316,0.5182091991677664,0.5743934601958774,0.5391855722199076,0.4294122682383803,0.45590209297788226,0.6359593948057796,0.5471970508456421
313,0.58763796291081,0.6577893097104655,0.5214057270101076,0.5278275082372691,0.5547893043965233,0.5804737221114661,0.4258990716855268,0.45948179853293364,0.6585960896987266,0.5536232734878935
314,0.5885042988609751,0.6601436300630799,0.5195187377211345,0.5278365529421619,0.5539315603090905,0.5822082921327564,0.4258789805166949,0.4614075267267689,0.6586576446662995,0.5530322646916307
315,0.5894763817708982,0.6625497124369982,0.5176694100258037,0.5278508761398278,0.5530954489831018,0.5838964586000167,0.4258960878828408,0.4633933166759396,0.658653658243991,0.552409350568942
316,0.5917147950563058,0.66587635510496,0.5146387442205653,0.5274008470351692,0.5523452809683945,0.5854550042350812,0.42613867412292167,0.46747794052245284,0.6577977923159386,0.5504892921003256
317,0.5929027749858824,0.6683921659593601,0.5129297745369814,0.527427847448147,0.5515667346295764,0.5870199366843866,0.42627063298823725,0.46963016682055064,0.657640443842741,0.5497961794324666
318,0.6008223246760197,0.6993515023343412,0.5021242797344122,0.5354330644210399,0.5371383375109253,0.6125696147788162,0.4265669311640899,0.4720321227354092,0.6614206004146599,0.5623704237431428
319,0.6220931626844532,0.6858615173907932,0.49447432330608493,0.5434767810218275,0.5280193840513409,0.6028533944990734,0.44727519053394893,0.46387194270041265,0.5709804092879651,0.6084530278767933
320,0.6249344620778458,0.6176167335643606,0.5108338541123212,0.5321222138801548,0.5563774926669957,0.5506050917809165,0.46204680463404424,0.45659791294833774,0.5019363824988952,0.6309379763406318
321,0.6251497941797712,0.6155799531340879,0.5122798718942451,0.5308431133034769,0.5583134794251777,0.549224048768257,0.4619341990944265,0.4568988796472257,0.5001085155705804,0.6343626767145273
322,0.6251592517289698,0.6131963798784421,0.5147253839911888,0.5287145230629441,0.561152036164708,0.5482415679677973,0.46135611931630033,0.4577198687552198,0.4979713328607112,0.640871715633631
323,0.6251774357253934,0.6111920989183541,0.5163034218277971,0.5273966894779694,0.5630545593191574,0.5468388135649305,0.4612982878446786,0.45801997883001977,0.4961808633432732,0.6445734381853954
324,0.6259133761512585,0.6018837716895344,0.520975891195103,0.5235114366316299,0.5700702152510143,0.5364199128075526,0.46316093578899187,0.4571980506918158,0.4881062024828267,0.6519736331705419
325,0.6255609937369205,0.6000299599767415,0.5226943767287034,0.5221792597202987,0.571960614688339,0.5350907885515105,0.46306617080965623,0.4574149839724609,0.48665047318166216,0.656077172379851
326,0.6209428651151639,0.5930109990655187,0.5340754524015876,0.5148965261990596,0.5797035056111058,0.537385396268635,0.4600976158959913,0.46105191707942567,0.48229712452694834,0.687955632822983
327,0.6201012008577513,0.5912073477941268,0.5359114842443813,0.5136286239241755,0.5813512144730529,0.5360387507264225,0.46017840756857104,0.4613356141180714,0.48078137863105147,0.6922716235114036
328,0.6191785676469679,0.5894278180818096,0.5377491622425461,0.5123862485974222,0.5829668338398888,0.5347119696496532,0.46026401786895454,0.4616145344226863,0.47931304796589463,0.6965936045629445
329,0.6181745624692169,0.5876723129044945,0.5395853898186079,0.5111729021738685,0.5845485347501864,0.5334066738198452,0.46035355214437956,0.4618888458312254,0.4778936499408781,0.7009125054580942
330,0.6170888123787779,0.5859406371022281,0.5414172018123297,0.5099920968064247,0.5860945007414431,0.5321243999935302,0.4604461261424582,0.4621587328926346,0.4765247251324186,0.7052192597913554
331,0.6159209843713822,0.5842325019868857,0.5432417695799334,0.5088473447141977,0.5876029278210477,0.5308665975492921,0.46054086793285476,0.462424395978733,0.4752078395490512,0.7095048339325671
332,0.6146707953704698,0.5825475301567619,0.5450564054495143,0.5077421477895719,0.5890720245387535,0.529634625423258,0.46063691981191013,0.46268605036457466,0.473944586556444,0.7137602554093089
333,0.6133380222637371,0.5808852604940432,0.5468585665250489,0.5066799869839774,0.5905000121803481,0.5284297493446585,0.46073344018822904,0.46294392527858685,0.47273658843331573,0.7179766408965245
334,0.6006543858829475,0.5857104893318058,0.5570533918864197,0.49725527874012976,0.6254454034683973,0.46802465089099526,0.47056591059930303,0.45853950996837656,0.5228539396424003,0.7041017162835691
335,0.5966587364296816,0.584217950137049,0.5581463033390192,0.4977753054513533,0.6251649550517738,0.468706328865835,0.470092752216225,0.45875084338283745,0.5247352148278847,0.7059407849211713
336,0.5925739059351238,0.582676178996756,0.5592169095527062,0.49836782760121173,0.6248057138087574,0.4694085136864571,0.46961033835629373,0.45899532854558345,0.52666134869509,0.70765033122853
337,0.5884054444107227,0.5810862475667696,0.5602656289586819,0.4990320332344581,0.624368391534617,0.47012973534973435,0.4691197553040075,0.4592733484348518,0.5286324610227393,0.7092286679450475
338,0.5841591349670827,0.5794493789241335,0.5612929331045561,0.4997669429507866,0.6238538329445577,0.470868511652963,0.46862214076511166,0.45958524867818173,0.5306485916071376,0.710674365878621
339,0.5511852927529228,0.5612324256135753,0.5711810250487013,0.5044800864339349,0.617798689261729,0.47802779484847924,0.4649962410698492,0.4631166594597237,0.5298604904281223,0.7322452485679705
340,0.5465647140540655,0.5593251913755259,0.5721458535511803,0.5056750508381296,0.6168728645924861,0.47868000266834226,0.4644730757038529,0.46363796240429356,0.5320569343902753,0.7329059255624334
341,0.5419156091643694,0.5573857966989211,0.5730930060223633,0.506931869442254,0.6158777094282956,0.47933915062277593,0.4639534373522007,0.46418952425374016,0.5343032264478499,0.7334241176478306
342,0.5372449548325712,0.555415991505024,0.5740230530899604,0.5082483286609347,0.6148149483007025,0.4800038365974169,0.4634387424371557,0.4647714188864452,0.5365987756667678,0.7338003988853791
343,0.5325597993346194,0.553417580665877,0.5749365365541274,0.5096220728971129,0.613686438867854,0.48067267811257725,0.46293044384245163,0.46538369756644804,0.538942873571612,0.7340355553021252
344,0.5278672423299526,0.5513924139197062,0.5758339621712018,0.511050610506098,0.6124941705162312,0.48134431515205556,0.4624300287000217,0.46602639037801324,0.5413346912674528,0.7341305744724231
345,0.5153275561115518,0.5559019896550904,0.5702968239269003,0.5216842396754733,0.6092296172292208,0.4836740404111357,0.46030019071955663,0.4663880865711521,0.583798767341242,0.6995743475574924
346,0.5109019808264018,0.5537882395253441,0.5709473802145556,0.5232669701409066,0.6076122906266267,0.48461793873044823,0.45995601856921564,0.4672829235423932,0.5865935900289913,0.6985796270301122
347,0.5065240008016204,0.5516640243466908,0.5715845112467549,0.5248742723933216,0.6059594696425676,0.48555505324683235,0.4596314808043332,0.46821824079302865,0.5894085496274087,0.6974691757170727
348,0.5022001753920431,0.5495315884168847,0.5722083090592601,0.5265029019736215,0.6042745438397602,0.48648424490004505,0.45932838690118544,0.46919392134866006,0.5922413328418259,0.6962449963651328
349,0.4979368993162663,0.5473931106723218,0.5728187979622295,0.5281495749787888,0.6025609763057258,0.48740440822451725,0.45904854859031063,0.4702098340879265,0.5950895173821089,0.6949091635401417
350,0.4902597703207284,0.5617038482482198,0.5219581737683203,0.5645404097322853,0.586234812519203,0.5440969099979457,0.4564755627213345,0.46559162224016887,0.7421218524270599,0.5264702626587201
351,0.4909614634302753,0.5613001346128746,0.5193966187033028,0.5656842935548139,0.5847835770631156,0.5488204123175062,0.4574283966759758,0.4671881363603295,0.7476423689847406,0.5181026751171838
352,0.4907519973123914,0.5604006377136358,0.5192340701167122,0.5657409405679888,0.5839560588791174,0.5501366592366191,0.45838214809252975,0.46919899499625706,0.7488074764694851,0.5153847636918505
353,0.4906464608796924,0.5595190178872518,0.5190841280703461,0.5657576227991122,0.5832039258068177,0.5514077171898982,0.45938573204157235,0.4712863988835397,0.7498726246493267,0.5126556888266955
354,0.49064255905416115,0.5586540702456997,0.5189473763583298,0.5657333411976203,0.5825279126193056,0.5526322331275646,0.460439726474644,0.4734492466522941,0.7508358757288663,0.5099178106880982
355,0.4907377874744498,0.557804492737692,0.5188243767775967,0.5656671340835834,0.5819285033297481,0.5538088910915818,0.4615446099006121,0.47568637352579507,0.7516954194647457,0.5071735380795532
356,0.49092944377765646,0.5569688952213486,0.5187156696847318,0.5655580767687239,0.581405930406001,0.5549364162856657,0.4627007584403005,0.4779965500160969,0.7524495762792953,0.5044253279218086
357,0.4912146393272948,0.5561458089774887,0.5186217745848409,0.5654052812031035,0.5809601748708797,0.5560135794261337,0.46390844316526986,0.4803784805374633,0.7530967999301645,0.501675684406143
358,0.4915903113298993,0.55533369661307,0.5185431907436067,0.5652078956607302,0.5805909672899057,0.5570392013643514,0.4651678277367314,0.482830801953877,0.7536356797354533,0.4989271578068216
359,0.5194713914823049,0.5605773122489993,0.49493362546912406,0.5686697048843267,0.5796406518539543,0.5920719523432952,0.4715873956664742,0.480074132914651,0.7805192128745525,0.4575745622276601
360,0.5211441533136018,0.5600830151839407,0.49522436113596324,0.5675154737808377,0.5801562901572702,0.5924796155033984,0.4733832979362605,0.4827587124810984,0.7794633686125102,0.4559893029279346
361,0.5228399792289627,0.559568877018378,0.49555653752091966,0.5663192465783469,0.5807239202194264,0.5928176397733776,0.47522162025619064,0.48550781666441245,0.7782965110035064,0.4544645795144179
362,0.524555105882356,0.5590336842140192,0.4959303487237703,0.5650807429761137,0.581339978651184,0.5930860955046509,0.47710118112283106,0.48831905548737586,0.7770194417727989,0.45300313491886746
363,0.5262858214994257,0.5584763140857871,0.4963459295696777,0.5637997048190885,0.5820007704781717,0.5932852049967285,0.47902071238062316,0.49118994895624246,0.7756330626072708,0.4516076534264747
364,0.5280284735880976,0.5578957411602161,0.49680335512278334,0.5624758996039257,0.5827024833677263,0.593415347630186,0.4809788614352346,0.4941179277516516,0.77413837103959,0.450280751722729
365,0.5297794761412686,0.5572910430781362,0.497302640274433,0.5611091241658822,0.5834412021527523,0.5934770647084366,0.48297419373745387,0.49710033415655597,0.7725364563093681,0.4490249699125576
366,0.5315353163194833,0.5566614060150443,0.4978437394074243,0.5596992085276269,0.5842129235869271,0.5934710639700114,0.4850051955301074,0.5001344232371676,0.770828495234727,0.44784276255624744
367,0.5332925606046302,0.5560061295950008,0.49842654613760595,0.5582460198895909,0.5850135712645707,0.5933982237332036,0.4870702768491392,0.503217364291819,0.7690157481270048,0.4467364897672734
368,0.5350478604188142,0.5553246312764403,0.4990508931340653,0.5567494667401844,0.5858390106378747,0.5932595966353683,0.48916777476871426,0.5063462425814456,0.7670995547804177,0.4457084084175575
369,0.5367979572056422,0.5546164501909162,0.4997165520190878,0.5552095030630072,0.5866850640638371,0.5930564129297671,0.4912959568789408,0.5095180613540411,0.7650813305673483,0.4447606634957699
370,0.5385396869741886,0.5538812504185318,0.500423233348964,0.5536261326171259,0.5875475258133112,0.5927900833037723,0.49345302498359966,0.5127297441739727,0.7629625626685853,0.4438952796641518
371,0.5402699843088364,0.5531188236865588,0.5011705866766337,0.5519994132655147,0.5884221769748993,0.5924622011833075,0.49563711900410173,0.5159781375654612,0.760744806466233,0.4431141530588909
372,0.5419858858510733,0.5523290914806075,0.5019582006970744,0.5503294613259634,0.5893048001871735,0.5920745444897959,0.4978463210748013,0.5192600139778638,0.7584296821252813,0.44241904337840704
373,0.5436845332620382,0.5515121065605357,0.5027856034762213,0.5486164559180455,0.5901911941337086,0.5916290768174359,0.5000786598137537,0.5225720750785904,0.7560188713878155,0.4418115663029283
374,0.5453631756772805,0.550668053876205,0.5036522627641128,0.546860643279231,0.5910771877368415,0.5911279480004804,0.5023321147520416,0.5259109553776483,0.7535141146017462,0.4412931862875324
375,0.5470191716676551,0.5497972508810345,0.504557586392844,0.5450623410227966,0.5919586539877416,0.5905734940422007,0.5046046209039354,0.5292732261858611,0.7509172080035901,0.4408652097693444
376,0.5585195215717381,0.5479070862233512,0.5033862135788065,0.5397811653157811,0.5898960287532181,0.5933444792300003,0.5112234250247256,0.5296393942973242,0.744095696258678,0.4497868846534365
377,0.5756114805296758,0.5404878846331602,0.5051564766857621,0.5284694481682298,0.5746652203026844,0.5917622838727957,0.526141583459094,0.525357635639595,0.7138830376615652,0.5011578904504688
378,0.5762940284285563,0.5391805682848936,0.5069138403282671,0.5260868752311464,0.5750683513665978,0.5908321329419274,0.528047247464753,0.5278604415413644,0.7102982732405709,0.5034431048338007
379,0.5769262423858582,0.5378750506823283,0.5086894958972885,0.5236845545290922,0.5754196425804483,0.5899161773820839,0.5299409530689607,0.530354093143992,0.7066612215869503,0.5058143452853912
380,0.5775080929710554,0.5365735571925018,0.5104809171202824,0.5212647055042225,0.5757172971941914,0.5890190485904833,0.5318209236796111,0.5328360232945782,0.7029739192709347,0.5082679842546329
381,0.5780395962590421,0.5352782947846773,0.5122855605187425,0.518829674210601,0.5759596844434408,0.5881453881732135,0.5336854040372501,0.5353036984847933,0.6992384589680654,0.5108001871997558
382,0.5785208111145093,0.533991444674986,0.5141008707742759,0.5163819315113517,0.5761453382027847,0.5872998339421419,0.5355326621065443,0.5377546239516726,0.6954569939544192,0.5134069236044999
383,0.5789518367647656,0.5327151551369933,0.5159242861025516,0.51392407063555,0.5762729548425723,0.5864870056660946,0.537360990849853,0.5401863487339423,0.6916317426395685,0.5160839787640358
384,0.5794674944572249,0.5295953662229849,0.5193170122597595,0.5088063778888099,0.5694002569609272,0.5837957769663791,0.5425540425796346,0.5409178353328542,0.6758644413473268,0.5378794982849958
385,0.5795508824007934,0.5283420301155689,0.5211860565961789,0.5063860702089034,0.5693057336119686,0.5832223039187219,0.5441639226974442,0.5430820764581373,0.6719310411513356,0.5409474421379187
386,0.5795861665031734,0.5271122500435139,0.523048097725357,0.5039713119658005,0.569150405127001,0.5827066469279001,0.545747403213489,0.5452202629838822,0.6679675453598508,0.5440598247881525
387,0.5795737524365725,0.5259077312233539,0.524900541066981,0.5015653884904467,0.5689338269969536,0.5822528229027154,0.5473030068206023,0.5473305488599075,0.6639765799838112,0.5472113485357106
388,0.5795140727348487,0.5247300903487628,0.5267408336906269,0.4991716721785428,0.5686556763035178,0.5818647160120797,0.548829286638468,0.549411156007177,0.6599608670725869,0.5503966357634255
389,0.5794075873037932,0.5235808513370869,0.5285664695811789,0.4967936149346143,0.5683157448830713,0.5815460640397092,0.5503248270523204,0.5514603775957889,0.6559232279355923,0.5536102456234456
390,0.5434644246556709,0.521073951479003,0.538827031348297,0.48790334936696517,0.5191130508150409,0.5757493623706987,0.5763094448747949,0.5514075077227163,0.5472344918912339,0.6808955337889767
391,0.5375595012657794,0.5208954261603077,0.5404038226275653,0.48780316948237856,0.5161179310576249,0.5777561168808022,0.5775533772400506,0.5528311548468543,0.5376919979693053,0.6900189622823016
392,0.5118372218367347,0.5253076724443592,0.5429069711292902,0.4941735103394961,0.5071827688506585,0.5813562829456678,0.5840326206403135,0.5580501656465215,0.5055092197643899,0.7184272947075229
393,0.5090151688397933,0.5245846499892712,0.5438079478302236,0.4946695812637099,0.5059694175329887,0.5840202122605598,0.582789847194963,0.5586547739971688,0.5038430629584396,0.7205026081369036
394,0.5061863711017895,0.5238609888850712,0.5446765938770077,0.4952434951520514,0.504703309332986,0.586716144275129,0.5815010154995899,0.5592485586753805,0.5022581532842175,0.7224818492216947
395,0.49185157049473316,0.526649617906337,0.5459848301033542,0.5016718405757091,0.5018219382474478,0.5903378670640592,0.581734881135194,0.5622956905801691,0.493833073378869,0.7298921012110351
396,0.47350385726046734,0.5309409811254328,0.5473892771913539,0.5125067625889232,0.5004780336226791,0.593429702336537,0.5806051158541203,0.5658777485024232,0.49121003735038793,0.7327408216241412
397,0.4702499463860276,0.5298893560063528,0.5481575562058564,0.5141415860665819,0.4989206983977963,0.5962278699319422,0.5785926119829513,0.5662963409455416,0.4912402124307857,0.7335262069376894
398,0.4165363566042682,0.5267872869520487,0.5567474441703549,0.5598396947711618,0.4992102904403619,0.6047297925045265,0.5551423494288078,0.5728834206065463,0.5379423088307291,0.697827840398557
399,0.41410125113673,0.524770095057083,0.5578593410154539,0.5619919668800082,0.4981016221428035,0.6063701391453238,0.553089201839666,0.5731581937806162,0.5397469775964425,0.696426233351008
400,0.41176670525622094,0.5227206861231575,0.5589933777016503,0.5641298367070795,0.49704646572864697,0.6079355755637663,0.5510820311421958,0.573429317809719,0.5415672705890029,0.6949481830615817
401,0.40953489648641994,0.5206403361405066,0.5601492618699849,0.5662507192129839,0.4960483448349422,0.6094251600245567,0.5491246357610141,0.5736976912374394,0.5434001096578123,0.6933949057088029
402,0.40740778247282033,0.5185303398658913,0.5613265624765585,0.568352051444746,0.49511070154594544,0.6108380409214977,0.5472207207213682,0.5739642665218674,0.5452423886274719,0.6917676251702819
403,0.40214072876025975,0.5185964435463033,0.5606814879702958,0.5859776998175059,0.5331279480448947,0.590166640414371,0.5383836465272236,0.5699616494469588,0.6178887386490286,0.611941331202601
404,0.4013298519713333,0.516176467780465,0.5617174565928027,0.5870672595662633,0.5336257773412233,0.5904734012510687,0.5377631934015487,0.5707400025878794,0.6192400235261735,0.6089355302148995
405,0.4006151200348652,0.5137455592461672,0.5627521103082765,0.5880993623339145,0.5342205677493419,0.5907058122654646,0.5372230286616194,0.571553707107654,0.6205207823241049,0.6058886220218634
406,0.3999948530970362,0.5113049940468477,0.5637838017495472,0.5890727582640686,0.5349120174878091,0.5908637040390189,0.536764195551118,0.5724039593902913,0.6217289727733191,0.6028027559302195
407,0.43740593472499817,0.49791608033025064,0.541259977361124,0.5624736111788893,0.6196179266391139,0.5576518376976035,0.5462714822462373,0.5621704577639871,0.7093589861053644,0.4475029023003484
408,0.4384012644905987,0.49585389943379976,0.5414825941216969,0.5609684501472174,0.6218778474036735,0.5565945766885823,0.5477614067412735,0.5645603847854177,0.7080210680120492,0.44478079203941046
409,0.4394087402087942,0.49380339589873307,0.5416924089506977,0.5594025037034892,0.6241505608000352,0.5554854978012397,0.5492814549326928,0.5670086249762241,0.7065798052769339,0.44212630449589213
410,0.4404254324872375,0.49176589838375023,0.54188906336672,0.5577761448665663,0.6264303100927149,0.5543263734173532,0.550829125668956,0.5695129703496465,0.7050365138130622,0.43954205378545386
411,0.44144847897282213,0.48974278904534313,0.5420722262191093,0.5560898187199657,0.6287113666164557,0.5531191532953926,0.5524018417858627,0.5720710316439739,0.7033925682786243,0.4370305568091702
412,0.4424750884807899,0.48773550216188455,0.5422415945152779,0.5543440445016924,0.630988048098887,0.5518659688398091,0.5539969593529259,0.5746802402209005,0.7016493975016529,0.43459422668235137
413,0.4428732623905598,0.4780121355735939,0.5457463596862376,0.5501128014592616,0.6367268001131037,0.5467555001385744,0.5612777718715696,0.5924182873562572,0.6848234257331542,0.4327420008446935
414,0.4438397299589593,0.4760703154266507,0.5458689596805115,0.5482163837506313,0.6389197250562084,0.5452682286506612,0.5628984801291653,0.595222015384672,0.6826286540012843,0.4305607277173774
415,0.4447968132850755,0.474154800585462,0.5459736912291124,0.5462649993940518,0.6410783446973437,0.5437492759768572,0.5645275454918944,0.5980562751313422,0.6803445429423223,0.4284616027867769
416,0.4457422426031199,0.47226735881198584,0.5460604426342419,0.544259732745099,0.6431978581518284,0.5422020525946002,0.5661619864028945,0.6009173336065489,0.6779728281249519,0.4264462822937048
417,0.4466738370109367,0.47040978547085754,0.5461291405326603,0.5422017506576481,0.6452736295118402,0.54063015962806,0.5677988328974872,0.603801317905524,0.6755152766488443,0.4245162842447969
418,0.4475895057490195,0.46858389901739306,0.5461797495545518,0.5400923030401305,0.6473012000638406,0.5390373863341118,0.5694351373753894,0.6067042239010632,0.6729736851397494,0.4226729841508608
419,0.4484872491898455,0.4667915361824149,0.5462122718139343,0.537932723226896,0.6492762995779702,0.5374277065980524,0.5710679852019389,0.6096219255775087,0.6703498781046288,0.420917611144231
420,0.44936515955522344,0.4650345468753951,0.5462267462337342,0.535724428152946,0.6511948566234771,0.5358052744163214,0.5726945050861066,0.6125501849715678,0.6676457066490842,0.4192512444967073
421,0.4502214213801495,0.46331478882913163,0.546223247709405,0.5334689183210005,0.6530530078691128,0.5341744183486721,0.5743118791839984,0.6154846626822752,0.6648630475563921,0.41767481055772854
422,0.46165854287519514,0.4571391151490307,0.5407629272410859,0.5106342096079759,0.6650608693927631,0.5260341640226898,0.5823265518084747,0.6130128662206583,0.6680572537999774,0.40074622186218134
423,0.46235625929219776,0.4557600639674579,0.5405965930415199,0.5077826172438744,0.6663512942077878,0.524666961830157,0.5838464184683821,0.6158356536240552,0.6648294685200038,0.4002082375423413
424,0.46301844144804677,0.45443064511669246,0.5404199073849296,0.5048973333163567,0.667554576669249,0.5233384938541725,0.58533506546033,0.6186333321255856,0.6615368064031323,0.39976813161963326
425,0.4685683072050027,0.4509533243449012,0.5373783671814416,0.4899352950099494,0.6697898254211092,0.5209320032663967,0.5900178690287695,0.6164508698322663,0.6594820368169884,0.39651909005192565
426,0.4690539039851549,0.449899751820951,0.5371588508998247,0.48675729855717675,0.6705199334795491,0.5200087758841601,0.5913330235954629,0.6190091173311209,0.6559701404825523,0.3967886008338492
427,0.47839769738895965,0.44480659009284046,0.5304118295625221,0.45368054447786044,0.657467207619161,0.5273582116955693,0.599864546475484,0.6021698441614014,0.6486214654008692,0.40947319222220147
428,0.47843636516424065,0.4443769258409491,0.5302576725877992,0.45008465831810146,0.6571659354002972,0.5278895116538425,0.600691610954747,0.603923586187289,0.6449513156635552,0.41124777127478557
429,0.47900974274102903,0.44375110453722344,0.5293830645034888,0.4429444279631905,0.6525587125810095,0.5313485610476616,0.602376931768091,0.6023189071256025,0.6397053420582846,0.4173095806627706
430,0.4789113468976893,0.44351483483826803,0.529233729395384,0.43935139287409475,0.6519371772520987,0.532365912574761,0.6030527345523152,0.6038350821201286,0.6359845077751319,0.4193579935565233
431,0.47877566884362516,0.443338080857665,0.5290747655058391,0.43577518367076334,0.6512155948730628,0.5335192234459942,0.6036868318464406,0.6052874857183902,0.6322359628876012,0.4214541646585417
432,0.4786036663976541,0.443220228507832,0.5289050637296572,0.4322196371337122,0.6503947394808598,0.5348103828015951,0.6042790543915454,0.6066745561917476,0.6284623885882608,0.4235941635731227
433,0.4784213904402129,0.443196691976047,0.5280055486481354,0.4246712846799784,0.6420608971652931,0.5414764061676539,0.6058778313660778,0.6032751973527719,0.6219756292854027,0.4325851742557486
434,0.47324108988413377,0.4458607028795484,0.5242843712055739,0.4098410335837939,0.5905949055697645,0.5780147037519945,0.6128523074273472,0.5817923660191625,0.5983615011761825,0.4796040911576591
435,0.4725713096036974,0.44633149571538094,0.524101173083743,0.4068752725464759,0.5886556029165665,0.5815593736062129,0.6126443894340194,0.5821897214774515,0.5950128108894934,0.48239826571736444
436,0.471889480172974,0.44683791959952823,0.5238831831067503,0.403971753507534,0.5866240024048754,0.5852189990153821,0.6123818482836965,0.5825406181367347,0.591682183067963,0.48517417734169205
437,0.47119782063989313,0.4473776234289114,0.5236291203316273,0.4011339219605785,0.5845006891884941,0.5889892724768853,0.6120634706802326,0.5828452354271745,0.5883732806064997,0.48792866552565867
438,0.46052860314450383,0.4526470899394411,0.5193066517096008,0.4028005424968975,0.5290753396424588,0.6258752761924602,0.6185283855521968,0.5713367397589608,0.5641748821379875,0.5302916114632004
439,0.44849185297337607,0.45824874979247116,0.5135608970739013,0.4126075379643476,0.4782585109400355,0.6561978155460714,0.6242570350983023,0.5671259017501651,0.5426695250213105,0.5653577349605922
440,0.44768635211644664,0.45880434926557573,0.5129480406851352,0.411697911945327,0.4753799017177007,0.6611881546946722,0.622231277751562,0.5669524530102783,0.540833060500843,0.5674415588434281
441,0.4469194543964965,0.45935009854026115,0.5122902021161291,0.4108709966104095,0.47243799039314194,0.6661742382134404,0.620109927241479,0.5667512555545035,0.5390704129406508,0.5694659130182601
442,0.4438160051987956,0.4608565054096776,0.5103084948823917,0.413481722642317,0.4599317785221376,0.6755726333002697,0.6189799397905222,0.5663917056620379,0.5340430810971365,0.5770671903685014
443,0.4431566388873523,0.4613365869193897,0.5095516154504133,0.41300858699457343,0.4568916792304999,0.6805254324422343,0.6164924554103764,0.5661180976663057,0.5325943216836623,0.5788707942910707
444,0.4425478348921649,0.4617977367173192,0.5087557709935475,0.41261817059749195,0.45380017610354245,0.6854482662579274,0.6139106949447879,0.5658155538306942,0.5312269411171143,0.5806119002734794
445,0.4419922687845578,0.46223797571600556,0.5079226508254925,0.412310662803111,0.45065983519614405,0.690335664568304,0.6112363198300239,0.5654836724877764,0.529942444433514,0.5822899397279966
446,0.44149255162426804,0.46265540375059494,0.5070540553500085,0.41208609228154586,0.44747337143235716,0.6951823479169643,0.6084712461609068,0.5651220621551803,0.5287421813902985,0.5839043927893713
447,0.4410512219247427,0.4630482017612688,0.5061518891840887,0.4119443270062296,0.44424365175815755,0.6999832414407922,0.6056176451584949,0.5647303435993619,0.5276273411994906,0.5854547831406435
448,0.41327606451523735,0.4724364150111579,0.48742328741358604,0.4835222730754348,0.36585731684785444,0.7286021549652191,0.6023851037004062,0.5726610102214151,0.5103577105871313,0.6233016320119219
449,0.4085996504412382,0.4732010299808717,0.4865117084706944,0.5302042463559741,0.4138967350938358,0.7131771363189281,0.5861672759161713,0.5789167303271407,0.526684684645776,0.6026957901910556
450,0.4096216479740869,0.47208053799878,0.48713619433482847,0.5319350261225958,0.4159572614128327,0.7153178928013542,0.582153972832895,0.5784038072292592,0.5276773703371824,0.60102894203967
451,0.4106995027241554,0.47093584573381086,0.4878064449815929,0.5336366929206043,0.4181266534602437,0.7173515930713067,0.5782407718230823,0.5779020802062769,0.5286463761677036,0.5993262690798666
452,0.41183122484112933,0.4697679867825269,0.4885225976998144,0.5353083961139182,0.42040390865275,0.7192776507438685,0.5744333996178516,0.577413390542903,0.5295896494489472,0.5975892538907461
453,0.4252912105645794,0.46440561525341395,0.5059930042553913,0.5587891442308984,0.5675644077475835,0.653281385909401,0.5662311899381185,0.5917443706142848,0.563048091848082,0.5273104184767595
454,0.42650713788295375,0.4629896739217462,0.5070931961974904,0.5589224226396001,0.57135413798903,0.6524422866393456,0.5652993335811172,0.5925892768156006,0.5624687102171274,0.52496742512971
455,0.42772365466793866,0.4615875643475859,0.5082050955171932,0.5590173539093123,0.5751402717198358,0.6514927878452317,0.5644788753763226,0.5934907352375827,0.5618212910383318,0.5226557772403783
456,0.43837962170215855,0.4577039595028738,0.517562403342636,0.5490132027881198,0.6439195211871835,0.6051105808162149,0.5702278402259684,0.6039940461627207,0.5741405633729268,0.485591790351722
457,0.4457660343146887,0.4550501937150853,0.5221799750613403,0.5350419814316729,0.6817607746379835,0.5728239261412241,0.5764032750849741,0.6110652724825443,0.5796182571236265,0.4637436084693872
458,0.4465482470808627,0.4540400017534657,0.5226444634810189,0.5336210289151401,0.684380144360841,0.5703041018603796,0.5771041635266523,0.6130523700208154,0.5775136842996622,0.462346200405092
459,0.4521030590376952,0.45231727043836606,0.5251912587988783,0.5179868545450065,0.7089122075003143,0.5447965235586247,0.5829401485771418,0.6181035942358769,0.5797709406639758,0.44795511485926265
460,0.4631205031467412,0.4507784988374813,0.5260387564258496,0.4697206133757661,0.7432835553360764,0.5006915654115233,0.5945549474342732,0.6188189693509616,0.5840711852781926,0.4271133819286574
461,0.46441752217236854,0.4507047904944951,0.5250837126116301,0.45873151764879294,0.7454910928703486,0.49650510918699586,0.5962383411148393,0.6189528440230503,0.5812293545793661,0.42660389191155057
462,0.46299696701205106,0.45108187382898884,0.5220328407729482,0.4522521114228313,0.7450635668784088,0.49445092682002656,0.597547725871023,0.6298669045391895,0.5644954513205338,0.43097004495338426
463,0.46282498757389084,0.45132107993525883,0.5213828525578816,0.44956593608781176,0.7449758738071734,0.49385509312539294,0.5979107292671436,0.6315223658429661,0.5610829679010065,0.4318195996744053
464,0.4626183859316125,0.4516158982815102,0.5207174189601167,0.4469254007607125,0.744798730928061,0.4933957346437962,0.5982312022648159,0.6331180141520869,0.557641441038362,0.43271836757229726
465,0.46237813407089834,0.45196496587133117,0.5200368872119246,0.44433377737935087,0.7445348220285748,0.49307645982614656,0.598509113107596,0.6346508594425199,0.5541736378553171,0.4336632611112135
466,0.4618681404957859,0.45511296204312973,0.5162296439116237,0.3962478553711246,0.7234615963236919,0.5213237101269361,0.599044873351277,0.6069295077969385,0.5450808209482848,0.44658254074285575
467,0.4613157836589924,0.45594163014977945,0.5150890374848356,0.39334889193081674,0.7220555254324749,0.5240870899418397,0.5986377631270235,0.6072473669325478,0.5417415813548879,0.44830353496764536
468,0.458053422713468,0.4573998622755279,0.5110739746256053,0.3765913178495006,0.6913690290501429,0.5623994646249022,0.5967566276958398,0.5874756825762405,0.5330495879529608,0.4630437064239879
469,0.45750618422728395,0.45835142679361096,0.5097880284023172,0.37393586938863066,0.6892303221625112,0.5665172321666263,0.5959355558852372,0.5871844655837007,0.5301245069741302,0.46487152203453064
470,0.4569681548787704,0.4593123287313883,0.5084797777166737,0.3713705835569928,0.6869992848211474,0.5707266353794556,0.5950698115450664,0.5868400238323077,0.5272447381651276,0.4666760933329291
471,0.45644192415659696,0.46027964971411567,0.5071489674330484,0.36889744991695184,0.6846757681053504,0.5750204606128788,0.5941587267398378,0.5864430632012733,0.5244139417743288,0.4684554075717726
472,0.45593009744130697,0.4612505061844037,0.5057953892813822,0.3665182785345936,0.6822595591170784,0.5793912720997471,0.5932016190826476,0.5859943488860696,0.5216357430471859,0.47020754081038335
473,0.4554352895294806,0.46222205641773356,0.5044188836885648,0.364234696292505,0.6797503884088599,0.5838314369741712,0.5921977971919815,0.5854947011793427,0.5189137215430881,0.4719306563669617
474,0.45496011788970253,0.463191507245391,0.5030193414435482,0.3620481437936828,0.6771479384344432,0.5883331512475106,0.5911465664753006,0.5849449912238117,0.5162514003763563,0.47362300294039
475,0.4545071956712082,0.46415612046253335,0.5015967051908908,0.35995987286374237,0.6744518529705122,0.5928884666353775,0.5900472352104202,0.5843461367588607,0.5136522354300908,0.4752829124344609
476,0.45381375439458593,0.4650023888665062,0.4999593225790838,0.3576015944900216,0.6684776472918069,0.6006223172457612,0.5888100427917976,0.5821988645832966,0.5108288141922724,0.4778725026769275
477,0.45004474533946875,0.46368391837629286,0.4954413412269445,0.3552199739997037,0.6179160842582032,0.645377249508671,0.5871574171374067,0.5626994253468177,0.5052869025630023,0.4923694498552836
478,0.44946818227221835,0.46404232897293635,0.4933036702890235,0.35438152338301215,0.6060379767567357,0.65604597757063,0.5854577360206394,0.5589302165089197,0.503223403818332,0.4957932004806644
479,0.4494683696200924,0.46483757624354793,0.49170419680826016,0.3530938834919851,0.60223319123725,0.6608332106394758,0.5835389332374781,0.5577730279484742,0.5016919210835277,0.4971321789352783
480,0.4495183323291368,0.4656058339710725,0.49007799541945024,0.35189795465994395,0.5983310330522558,0.6655762278726837,0.5815473157023049,0.5565838954132248,0.5002522461224806,0.49842354551814333
481,0.44755127247962123,0.4621531994486126,0.4842519899050657,0.35876754589630555,0.5393314666083646,0.7010235739411141,0.5804651878510183,0.5409560463750485,0.4987705620074573,0.5108090749084871
482,0.4480459496363252,0.4627367778712198,0.4825510413688899,0.35816494048492653,0.5349474676298411,0.7053931808323478,0.5777002373974335,0.5395063249577922,0.4981472120659566,0.5117772140770126
483,0.4486012240282582,0.46328467243291876,0.48082567425622047,0.3576386937777192,0.5304905068033315,0.709676613659462,0.5748479668914374,0.5380307958914439,0.49761822037553416,0.5126919273424287
484,0.44887112756779474,0.4614888911704193,0.47691009917582833,0.362283567830831,0.5017054102355016,0.7240721722056396,0.5725020581908034,0.5315097373275791,0.4980298888292013,0.5176203643389337
485,0.44964970428069895,0.46091337535171195,0.4742087358334094,0.36435341727658277,0.4874527166633804,0.7316735622415399,0.5694419216450106,0.5280646441872424,0.4983949589952732,0.5198313900609673
486,0.4506042130414189,0.4612702085895822,0.47243214065920913,0.3642942675859443,0.48287404202562256,0.7354802443904608,0.5659193019144652,0.526418237502766,0.4984773707862172,0.5204164203970699
487,0.45183139966937946,0.4588111153076492,0.4681078187447277,0.37054527747366894,0.454404479666134,0.7470034300418824,0.5629190926660046,0.5205665669658964,0.5002509836915502,0.5242807494574449
488,0.45305905703377825,0.4590341233022359,0.46632735700478806,0.3707809260792284,0.44995453702068294,0.7504913281982218,0.5589351491272749,0.5188096413266937,0.5007070487791735,0.5246209785038831
489,0.4543467947078658,0.4592159500063866,0.46453548960378405,0.37106648429335626,0.4454996298018027,0.753884006994321,0.5548786605292829,0.5170300503370354,0.5012376038321548,0.5249040226955214
490,0.4561058071206429,0.45745488420235664,0.46109859101403255,0.3754891248212238,0.4273907437817464,0.7609763644505971,0.5510500210204822,0.5130332431107567,0.5031179276706622,0.5267163551256712
491,0.4575939929265815,0.4575241685236127,0.45931873618686786,0.3759661813286713,0.42314390495291765,0.7641296041568758,0.5466925423668277,0.5111725841357196,0.5038888779141524,0.526801220387838
492,0.45913741006326764,0.457551769753377,0.457534701841471,0.3764828779974437,0.41892329100603143,0.7671960248050116,0.5422814613000819,0.5092908955609309,0.5047214065755984,0.5268290785332899
493,0.4607347462422004,0.4575375088642716,0.45574835669701547,0.37703724733571065,0.4147352159824963,0.7701780094299828,0.5378232167658042,0.5073887837383219,0.5056124258512811,0.5268001165635976
494,0.46761501656620563,0.4441871450226931,0.44251479046965636,0.4055901474325681,0.3482181766335472,0.7877709567406637,0.5350994224866142,0.4953138228231856,0.5158162455431848,0.5315401467131378
495,0.47569563643258356,0.4361807326601463,0.43247192742413954,0.4253949597425626,0.33350614945280177,0.7981919823796451,0.525401164091528,0.487313766429814,0.5229247061383138,0.5297070959829575
496,0.48930274985262234,0.42333887024625433,0.4153600790707232,0.4695651251485579,0.44840462101065226,0.7846376366825631,0.5247878308345668,0.4877477632824376,0.5250143720363204,0.511295023267993
497,0.4916570424569266,0.42342704037135037,0.41520121239601443,0.47243712674177935,0.4683120806273794,0.7813350797648925,0.5209808859571395,0.4877901372490189,0.5243594874943468,0.5082033765955228
498,0.49336463226799543,0.42333203597457575,0.4153254975558592,0.4735525409752739,0.4735738246248871,0.782316247061108,0.5169598620752296,0.4867789705729364,0.5243988216869191,0.5070225205732539
499,0.4950388132193001,0.4232458577843842,0.4154823959590478,0.4746652864932104,0.47884649100373866,0.783151787047154,0.5130800761305349,0.4858135061123047,0.52438229579102,0.5058869095010351
500,0.4969599897577171,0.42353605426335644,0.41580010212639784,0.4766482903023202,0.4942258296610838,0.7799433468673447,0.509867147403435,0.4858746827648562,0.5235031748339875,0.5037126432204388
501,0.4985195497453593,0.42350354014716585,0.4160610179374975,0.47773016893287007,0.49950474219064345,0.7802797336292047,0.5064038049341627,0.4850818117429494,0.5233047217790178,0.5027166678900179
502,0.5010437684683557,0.4388055776489715,0.42700937081304635,0.47889138603099896,0.6466272167838674,0.6853034889474215,0.5140439522868531,0.503953416068051,0.5065406455496937,0.48966929048174984
503,0.501757949149286,0.4394173146088118,0.4275116365913698,0.47944124590781295,0.6501426150379765,0.6823344699745943,0.5126448798608917,0.504407158584494,0.505272950796227,0.48966783106263323
504,0.5024232029344309,0.44006535327205437,0.4280268718987744,0.48003423248873345,0.6535323085704173,0.6792390554292407,0.5113366875089317,0.5049000405217876,0.503954159633486,0.48973601319003657
505,0.5030392207118715,0.4407499182212177,0.42855513836416814,0.48067250289486463,0.6567951308201095,0.6760213135804382,0.5101162249762276,0.5054292998411637,0.5025852290262899,0.4898728009338281
506,0.5016101707914967,0.4540281482943642,0.43824524097566114,0.47398038461063047,0.7074946332369418,0.6123268470362334,0.5147188805696351,0.5159436534008334,0.49182789789500175,0.48882797640765663
507,0.501748634729307,0.4550702172029035,0.4386260351537797,0.4744524181739786,0.709294010169622,0.6082912682365612,0.5141517639900128,0.5168575989277117,0.49003297563225323,0.4894978069270357
508,0.5018367861953846,0.45614967980629373,0.4390130648074606,0.474995185271587,0.7109706395044413,0.6042156832409911,0.5136288777659028,0.5177850721544316,0.4881973331238567,0.49022057071294267
509,0.5018748738713787,0.4572658048278388,0.43940677960979824,0.4756105742211552,0.7125270060840845,0.6001072591924603,0.5131471409570961,0.5187226837839637,0.4863224373176309,0.49099368053905607
510,0.5018632123427617,0.45841779156286616,0.439807671963873,0.4763003426877965,0.7139657935223909,0.5959733178956372,0.5127035440303351,0.5196670343918354,0.48440981249503545,0.49181445132415064
511,0.5018021850184468,0.4596047711718087,0.44021627685444725,0.4770661104620157,0.7152898650753251,0.5918213170948239,0.5122951593161874,0.5206147261234855,0.4824610425919551,0.49268010939515466
512,0.5016922470225754,0.46082580817541396,0.44063317156462833,0.477909352573372,0.716502243935778,0.5876588307815621,0.5119191506371786,0.5215623742155329,0.48047777342831405,0.49358780192410007
513,0.49797949682903003,0.47377987179190545,0.4500134291424623,0.47070262834853677,0.7428977144805915,0.5388797495850266,0.514815928399942,0.5276725588564066,0.47032351552268614,0.4965709486626874
514,0.4975210929201173,0.47520585742901045,0.4502250796872842,0.4715101103250951,0.7432407682712652,0.5351145812743041,0.514614128311538,0.5286264719246137,0.4681445830660133,0.4977278916406568
515,0.49701995187128295,0.47665744668715454,0.4504443538630946,0.47241048458537693,0.7435045154855602,0.5314219923339659,0.5144178195792513,0.52956000154573,0.46594560058602386,0.49890368249364675
516,0.4951604722287498,0.48088651353797557,0.44427376504131866,0.49418327082016295,0.7251003689383543,0.5313810695497624,0.5106765776832293,0.5354639217475575,0.45152744890670793,0.5077640119807364
517,0.4944297364198271,0.4824766344664786,0.44483605416427496,0.49624782816115837,0.7250405248306376,0.5280319086126878,0.5104862823432037,0.5361418938146161,0.4492562526305478,0.5089393411208987
518,0.48392203898218,0.5039037877007594,0.46653968333645984,0.4846018619429152,0.7561790657211858,0.47617803945442744,0.5117586698094616,0.5345933433459916,0.4324602510126179,0.5163970906647358
519,0.48296888150128287,0.5054825629531619,0.46680619120783307,0.4864301041800818,0.7556029800503722,0.4749227144984531,0.5114853084480466,0.5348182520627791,0.43035296578931725,0.5175007695117331
520,0.48200856469058717,0.5070559941653056,0.4670964014603647,0.4883432765859653,0.7549985274207628,0.47383590299275363,0.5112007386299361,0.5349938604041112,0.42827544893346275,0.518575281191864
521,0.4804855676461783,0.5095951014301193,0.4686850677740303,0.4894139308012278,0.7559831219051644,0.471378111210458,0.510890629378116,0.5346419165126736,0.4255772464513814,0.519923004378626
522,0.47952015928911973,0.5111425363945898,0.46900521062451106,0.49146052872648677,0.7553129623720799,0.470759141316359,0.5105731437793886,0.5346915017961165,0.4235910875445645,0.5209235575301574
523,0.478557575095678,0.5126780320322601,0.46935295617467265,0.49358490045340314,0.7546160873596954,0.4703097091556606,0.5102446938726348,0.5346907418447138,0.4216454513960647,0.5218885609556202
524,0.47760081272754185,0.5141997324490744,0.4697295716136834,0.4957842551537882,0.7538922598498442,0.47002882588969414,0.5099055620542949,0.5346394672579726,0.41974339036054936,0.5228163689805008
525,0.47611156455569864,0.5165716044107981,0.4715259383256071,0.4971274541482985,0.7546668992886788,0.4690475229533718,0.5095216613861189,0.5338856949383137,0.4173394353559443,0.5239682836740797
526,0.4751832378422144,0.5180469336581093,0.4719452382038987,0.49943470736110335,0.7538774764787978,0.4692243240112572,0.5091498972871015,0.5337058284882892,0.4155629312908694,0.5248042076489705
527,0.47427125261528547,0.5195025413067652,0.472397113230017,0.5018076433302818,0.7530584857377858,0.4695629467634831,0.5087679131457785,0.5334760342381012,0.41384028583252813,0.5255980523558879
528,0.46478709675978946,0.5322172596253558,0.5066112783079634,0.4775611770963306,0.7779861255852644,0.4907710026779708,0.506534154057328,0.5066528719169925,0.41000224602007684,0.5289184980344552
529,0.4644626973936692,0.5331301120603743,0.5066454628243414,0.47903402522951155,0.7766124589102387,0.49382449315254373,0.5056284865612696,0.505650322187287,0.40948788681892767,0.5292172853399087
530,0.46419141741792896,0.534007411545775,0.5067120313935355,0.48055799838142926,0.7751686408781482,0.4969323347345448,0.5046990277144355,0.5046166484224728,0.409056978783126,0.5294657070248857
531,0.4761430773744512,0.5122862720209606,0.5347213216851292,0.4506660389901621,0.7153411239168821,0.598762804018661,0.5026579415839177,0.45359725264820566,0.4462971075866796,0.519669648562996
532,0.4771910118052367,0.5122688519867251,0.5341272178820895,0.4508706108486417,0.7118960743324638,0.6015626893434438,0.5000060908925533,0.45178549003722795,0.44773664185626055,0.5191543685104071
533,0.4782853421949327,0.512220993315221,0.5335432549739348,0.4511004280772948,0.7083556690036483,0.6042863101205619,0.4973010684941448,0.44996424230126664,0.44923050967914235,0.5185919812963502
534,0.47942491811127685,0.5121429619744262,0.5329692379397581,0.4513537623468205,0.7047221558250881,0.6069338074369015,0.4945453557878474,0.4481344122379317,0.4507759669346386,0.5179828223596779
535,0.48060845584273243,0.5120351075283851,0.5324049649935402,0.4516288887828819,0.7009980353027785,0.6095057677049359,0.4917416456940166,0.4462969460768163,0.4523701969163014,0.5173273023018596
536,0.4818345419518158,0.5118978590557932,0.5318502281340303,0.45192408974159115,0.6971860593043298,0.6120032128428186,0.48889283672394696,0.44445283453044476,0.4540103175735173,0.5166259111131764
537,0.48310163733796735,0.5117317209110597,0.5313048136558923,0.4522376584736438,0.6932892286746527,0.6144275884136604,0.486002026097033,0.44260311363170424,0.45569338881410354,0.5158792223567384
538,0.48440808179687506,0.5115372683498195,0.5307685026227347,0.4525679026711883,0.689310789724535,0.616780749784489,0.48307250194060375,0.44074886535011426,0.45741641983657927,0.5150878972748912
539,0.48738866633110667,0.5086956860987155,0.5308990643063832,0.4523129768961653,0.6777058510128882,0.6234450630473672,0.4802308879910634,0.4369604425010323,0.46221103397601426,0.5131469480583142
540,0.48880291039072576,0.50841777722829,0.5303434131300375,0.45262074432757393,0.6735333582523088,0.6255945689693975,0.4771307885955682,0.43507641467843805,0.46403716433680187,0.5122387858015974
541,0.4902479656037971,0.5081147907225687,0.5297946519298667,0.45293941269603716,0.6692958483104132,0.6276851479656772,0.4740040781232079,0.43319243457822554,0.4658907905594062,0.5112898152147053
542,0.5036215620242553,0.4881305306936205,0.5315599614073733,0.4519154499469988,0.6111848269237607,0.6551248621549557,0.4720164139394886,0.42061226623859155,0.4876182685182529,0.5022104022983396
543,0.5380287662679963,0.4183811843626018,0.5089351861460109,0.47348647545632505,0.48068215284151766,0.7320783623963298,0.47202264697771495,0.4035076782174832,0.5349102720533839,0.4777219101252255
544,0.5503648290719048,0.3868106405313199,0.44136946642800584,0.5138864067127555,0.53227856543124,0.7823770582523865,0.46989668978425664,0.42497605301624003,0.5276650832084752,0.4766129641882472
545,0.549587509675102,0.3923871976132774,0.424828371612189,0.5223755687047807,0.5608679076329898,0.7726442517683488,0.466807901809773,0.4337915698158749,0.5170180515503036,0.48168728963071233
546,0.5489695246576276,0.3964337685563828,0.4178707902574333,0.527143895661486,0.5738287064227775,0.7650659193762328,0.4640191240499886,0.43769091240626506,0.5112267287409974,0.4848272780178879
547,0.549124184825708,0.3973069595334185,0.4166275792787524,0.529929606821821,0.5764865969959241,0.7644309677954177,0.46133598951034227,0.43799632308988967,0.5100393589087671,0.4858466320789526
548,0.5492317499139615,0.3982089268442808,0.4153962203884407,0.5327777985118105,0.5790811398716731,0.7636344561127049,0.458779683743209,0.4383227535541959,0.5088009110556357,0.486922680616811
549,0.5426293758585639,0.4207317201642366,0.3953152228035441,0.5425882173550494,0.6192567344539197,0.7087869602086962,0.45716225778729963,0.45319502625621494,0.48243022851204803,0.5003713688749027
550,0.5412056637917423,0.4252528015095376,0.39305026648748637,0.5468583918022148,0.624774611191201,0.6976827626955794,0.45560946282923354,0.45532850101588423,0.4774466435366161,0.5033870159969818
551,0.5407884878190693,0.4266452509482208,0.39260452051189,0.5543799175817591,0.6257896121698856,0.6949316702831482,0.45281255856991476,0.45582407532164293,0.47541657665739245,0.5056377570525149
552,0.540244232659517,0.42814300960072,0.39203174831784326,0.5583262506612466,0.6271356557823661,0.6914230562192826,0.451521769143704,0.45639374336345095,0.47354505511013734,0.5071715199514757
553,0.5396496427457503,0.42965664479573534,0.39149135338126156,0.5623316419299034,0.6284022453468511,0.6878182917081759,0.4503191393491916,0.4569470894681426,0.47164727956099334,0.5087142198841261
554,0.5390053124334068,0.43118510141094873,0.39098530618610866,0.5663934214520322,0.6295898926945074,0.6841234342938488,0.4492029960761499,0.45748171507981134,0.46972538444699463,0.5102622863778614
555,0.5383119390845096,0.4327273017583434,0.39051560495945953,0.5705087699363935,0.6306990863552884,0.6803447457813169,0.4481717067225435,0.4579953310054328,0.46778158350200044,0.511812184002485
556,0.5375703247943904,0.43428214725757874,0.3900842730790006,0.5746747242408446,0.6317302833256608,0.6764886741578984,0.447223683901264,0.4584857627549671,0.4658181683984752,0.5133604224415973
557,0.5367813777788899,0.4358485201453417,0.3896933562835819,0.5788881833334983,0.6326839013137978,0.6725618346958322,0.44635738922938584,0.45895095521565454,0.4638375069295259,0.5149035661337733
558,0.5359461134075019,0.4374252852169535,0.3893449196849506,0.5831459146880933,0.6335603115094035,0.6685709903181617,0.4455713362054375,0.45938897665064454,0.46184204072064355,0.5164382434455088
559,0.5230899260215217,0.46711068948395745,0.38788094747212587,0.5884306572799309,0.6557714935696312,0.5929323259250273,0.4442575442786612,0.4633723809958315,0.4317903768795511,0.5301751791773792
560,0.5219025874385416,0.46888845940753826,0.38832017229960125,0.5931349890582468,0.6557575050153879,0.588586430322916,0.44397078508887255,0.46359379432327424,0.4298254235275698,0.5315493769687643
561,0.5206853799267879,0.4706606998512699,0.38881617834826054,0.5978627694041727,0.655670603796194,0.5842877340831444,0.4437379393632348,0.4637764926058494,0.42787893449658293,0.5328858941843431
562,0.5194407287295284,0.47242615968466695,0.38937085317648473,0.6026094291359005,0.6555104599184715,0.5800427792436382,0.4435580937709427,0.46391978704496933,0.4259538786888646,0.534182491819771
563,0.5181711593974005,0.4741835983588342,0.3899860598093101,0.6073703304929152,0.6552766097294729,0.5758578984316157,0.44343036389883106,0.46402310028872995,0.4240532274992911,0.5354370577717973
564,0.5168792927897023,0.4759317878324084,0.39066363165431944,0.6121407775620049,0.654968458790426,0.5717391964704979,0.4433538886318457,0.46408596343937886,0.422179947202494,0.5366476077581867
565,0.5155678396285849,0.47766951446011613,0.39140536729166725,0.6169160267932506,0.6545852857799205,0.5676925328791879,0.4433278243054848,0.4641080127079953,0.4203369911084924,0.5378122856062822
566,0.5072674485836355,0.49291271273609283,0.39959867781177044,0.6194824245296727,0.663217641706219,0.5330012865290852,0.4428603959539364,0.4618465749204862,0.4065906312766812,0.5433550133984995
567,0.5059100935561069,0.49460857217357146,0.4008355533977455,0.624242651409369,0.6623943518529488,0.5295916316992457,0.44301748660272827,0.46166005614408984,0.40503564926017627,0.5442816035208908
568,0.5045531215803323,0.49628480090870747,0.40214277014033767,0.6289859363528709,0.6614918462381147,0.5262995632268631,0.4432131658650106,0.4614335033236868,0.4035314819779606,0.5451534239627838
569,0.4833380183136605,0.531812843761793,0.45129429945466437,0.6162488164124571,0.6928961563510335,0.4630264276774654,0.4425827850907058,0.44589060379147505,0.3806291685469759,0.5530345505547459
570,0.482346188801984,0.5330958920699651,0.4535086228575753,0.6202590342534386,0.6910780157323959,0.4623314404427021,0.44281978753218926,0.4451898689178324,0.3803253558192592,0.5533023535635129
571,0.4814006216801613,0.5343449823464027,0.4557865698088671,0.6242210711246775,0.6891655038883611,0.4617662841901462,0.44306259849597096,0.4444595505597604,0.38009854975626356,0.5535098572935132
572,0.4730595345905501,0.5475309684605347,0.5013739766687811,0.6082759219246154,0.7072250971577188,0.4552150601003617,0.4438024764937833,0.4305751261656078,0.38204305158125446,0.5527769585161162
573,0.4709542355778921,0.5516192800269033,0.5322641944035291,0.5961039305702011,0.7138994549765288,0.46218547309452446,0.4443923026898486,0.4211747201357436,0.38994540035167086,0.5499993180761461
574,0.4709842051656187,0.5521402710803035,0.5347121080909232,0.5984783007619,0.7110092965519227,0.46366796779037744,0.4440580344065316,0.4200302791430093,0.39117285193729334,0.5494980099541606
575,0.47167290973940973,0.5526007946254864,0.5570672093350529,0.5888346489077712,0.7111748416611982,0.47329773568350136,0.44435221366045896,0.41323786580652927,0.4003294042458259,0.5460736309481855
576,0.4730288685617709,0.5520512390413987,0.5705324786350898,0.583504654619058,0.7083587049068499,0.4805812469128174,0.4441468481737924,0.4089408873614368,0.4072733655681528,0.5433067755720379
577,0.47360725209666055,0.5522027739001529,0.5728407431033726,0.5850458087311858,0.7049633980423797,0.4822965110369812,0.4433346127730907,0.40766265018249404,0.4090451514798567,0.5424113398722612
578,0.47424782960806805,0.5523283596225096,0.5751651762631281,0.5865266357589706,0.7014806193953229,0.48399434959924453,0.44248793838981976,0.40638038381535707,0.41085724790215544,0.5414616889367845
579,0.47715617376758307,0.5502390637834362,0.5911759390857526,0.5784079583957034,0.6961317871062377,0.4936328229588116,0.442263639750272,0.401620168770833,0.4204640519398352,0.5373970757667815
580,0.47804475555640447,0.5502001334631299,0.5933816898368737,0.5794865465042346,0.6924343262683189,0.49526583443372457,0.4411549115129297,0.4003075201402956,0.42245942791146307,0.5362473812756426
581,0.47898668614231327,0.5501419560704642,0.5955917060691959,0.5805048788674181,0.6886644600920773,0.4968681927544515,0.44001378315945183,0.398998697341593,0.4244801493867266,0.5350484869882746
582,0.47998056851930704,0.5500658784133902,0.5978039877933755,0.5814615834901753,0.684825151030062,0.49843893086173086,0.4388415297515691,0.3976952157274187,0.42652359649203586,0.533801387265996
583,0.4810248887305976,0.549973286847544,0.6000165159034889,0.5823553921687235,0.6809195668683292,0.49997739611936004,0.4376395451965133,0.39639862963349254,0.4285871486572485,0.5325071739863055
584,0.4827852051286848,0.5492025910023779,0.6049564354458766,0.5811324077700162,0.6760969446961802,0.5031862373210905,0.43656982980589415,0.39451737479879173,0.4323923096400169,0.5304441749144367
585,0.4853768859593132,0.5507472116328624,0.6053329971743612,0.5901521999959539,0.6626201046879759,0.50371754552091,0.4308372215266849,0.3911418890137387,0.4355791568498577,0.5268893220751353
586,0.4866588304814079,0.5506251977439823,0.607571875542424,0.5907534075418047,0.6583740812367094,0.505090802170083,0.4295637046723415,0.38991980150762473,0.43769422202445285,0.5253705084870441
587,0.4895335003264405,0.552313212196101,0.6077646623776461,0.5994177018763239,0.644292260602083,0.5051342002622294,0.4238247039201385,0.38670044194413583,0.44082517989507014,0.5212886027418464
588,0.4909715400251522,0.5522199034395711,0.6100313405871617,0.5998109836009323,0.6398157377109938,0.5064028441787669,0.4225770734579963,0.38556902818942634,0.4429324565941654,0.5196295544341348
589,0.5175289567024929,0.525203529959969,0.6752260492480718,0.5439709788702488,0.5963892369650692,0.549864110650165,0.42563554495216055,0.37613770269319113,0.48922865122119125,0.497137971841779
590,0.5354017076817374,0.49672087369927254,0.7042347099197392,0.5138064246949237,0.5636981768538001,0.5819096169791056,0.42555908313021273,0.37432310865739926,0.5179084775659402,0.48170465414539015
591,0.5362834422651096,0.49600016805315317,0.7046971054208524,0.5132873235726063,0.5615934086025415,0.583447565855602,0.4232393484326995,0.37385782321436006,0.5193255264905614,0.48036544891961724
592,0.5371370032015957,0.4953161846061083,0.7051085730093531,0.5127776821054917,0.5595463148819886,0.5850426306849689,0.420967214877332,0.3734512550062066,0.5206897892820305,0.47908120131117093
593,0.5585259706596568,0.43080492591802416,0.7033162269497445,0.5141853731952291,0.5465502112336625,0.6627596327695405,0.4176844471742646,0.3861302165340607,0.5454704171433485,0.4686129487272595
594,0.5601596549748069,0.41330636013711747,0.648084760472439,0.569311868528541,0.5807385089143219,0.6897589201875358,0.41058858368478296,0.4014473676992701,0.5267994201446831,0.48269867089632396
595,0.5596778239547967,0.41280892448489653,0.6457686095754694,0.5723794774966742,0.5813862506049935,0.6902651655293321,0.408952422297668,0.40232682978881085,0.5254778060430626,0.48440503287491304
596,0.559167683370267,0.41236934219857074,0.6433838501457528,0.5754872613341597,0.5819955673175254,0.6906845926614441,0.4074142479185349,0.4032195315100415,0.5240963882440944,0.4861562315436682
597,0.5535726371396187,0.4252476551786824,0.5724157255214865,0.6321744525444345,0.6064234195457071,0.6628586519272307,0.4004265387132557,0.41276691463291487,0.4879328792218564,0.5055711576578442
598,0.5526732237358943,0.4253473867673463,0.5695706637219645,0.6361106959253242,0.6063042982822784,0.660951273660002,0.39960793089554253,0.41360711310016834,0.48594597107839876,0.5076022978839273
599,0.5517301929153984,0.4254856390392588,0.5666832581196825,0.6400497158685374,0.6061355838497178,0.6589633982586737,0.39887920651822056,0.41443526073084014,0.48393367589359176,0.5096206391495001
600,0.5481713975240835,0.4324447325574488,0.5439504001109757,0.6569866103213973,0.6094950630358357,0.6418928619210027,0.39682116299663694,0.41634533456558015,0.47096029849101795,0.5161154835867916
601,0.5470329316829811,0.43277581891605565,0.5410564688274699,0.6610501489417996,0.6090255142631322,0.6392820900039411,0.3964107756520714,0.41708514323872475,0.4688837361164459,0.518054463179745
602,0.5458500980918453,0.43313610528168794,0.5381393496485142,0.6650967145019883,0.6085037767589705,0.6366149589140577,0.3960848828720931,0.41780592403543504,0.4668012505437772,0.5199599745526308
603,0.5395797266723096,0.4455232308157771,0.5057771223536123,0.6865785123633295,0.6110222785724893,0.6068432492640045,0.3940001055618838,0.41874359213508927,0.44794250396432633,0.5277531684800828
604,0.5381553537696395,0.4461016649008239,0.5031174010216618,0.6907327423514226,0.610092232255103,0.6035742179249134,0.39403799181003396,0.4193047238592538,0.44594738302979414,0.5294586666127212
605,0.5366920113285856,0.44669581927978147,0.5004646838994894,0.6948489074827293,0.6091031674089873,0.6002902766225884,0.3941512887604756,0.41984080350683384,0.44397241804257875,0.5311124549458167
606,0.5351914847064421,0.4473044588902012,0.4978227824057321,0.6989233459193431,0.6080542095360219,0.5969957163522203,0.3943389164909712,0.4203513652853824,0.44202094188539826,0.5327125057896454
607,0.5336556845990729,0.4479263324851029,0.4951955821737237,0.7029525568420055,0.606944470960081,0.5936947860076235,0.3945997577992799,0.4208359946867625,0.44009626059731227,0.5342569778963298
608,0.5320866413576139,0.4485601750529435,0.4925870364854712,0.7069332102937481,0.605773058887937,0.5903916800690472,0.3949326560805876,0.4212943255701666,0.4382016437388912,0.5357442148132597
609,0.5124948065144593,0.48317322734581425,0.4334421821719574,0.7407512171908921,0.6055602890913548,0.5125552864887006,0.3937549624024985,0.4158620345020695,0.40184617062641614,0.5460906855202248
610,0.491180022625485,0.5137803376590163,0.4177849972252465,0.7544143312900286,0.605254263194618,0.4508249754813674,0.3963573502867438,0.40734185399852907,0.38515696239828234,0.5499572673737212
611,0.4896565874197701,0.5146998397117183,0.41912913025017373,0.7585438322120536,0.6020598182974627,0.44862997904424845,0.3972491034476516,0.4069548032815465,0.3852420651879794,0.5503825203083496
612,0.48817609344858587,0.5155935350867941,0.42056555700506615,0.7625788247188701,0.5987446313251484,0.44653000485504185,0.39815308272472966,0.406540968504919,0.385395547133163,0.5507414328805453
613,0.4867419564228847,0.5164612877132138,0.42209459807481786,0.7665173640753545,0.5953090117764853,0.4445230756905096,0.3990673039610891,0.4061009374415257,0.38561686677465173,0.5510340600130704
614,0.4853574813469753,0.5173029906069653,0.4237164031956625,0.7703576610930197,0.5917535643690833,0.44260705392432853,0.3999898055965012,0.4056353475221539,0.3859053469337055,0.5512604802339112
615,0.4840258531413995,0.5181185657498795,0.42543094710809604,0.7740980770466136,0.5880791966777152,0.4407796533125011,0.4009186526236618,0.40514488755973593,0.3862601779031068,0.5514207924432848
616,0.48119665373740267,0.51815993216282,0.4307067294203189,0.7883990916984566,0.5724707408426448,0.4383023247783784,0.4039990752537952,0.40435644223360057,0.38775355863860733,0.5518343298656241
617,0.48007805790999925,0.5188557122766587,0.4326073319308855,0.7916749742716132,0.5683699548819148,0.436738692260319,0.4049635750903717,0.4037943666046402,0.3882957745618834,0.5517330008684317
618,0.4743024071352358,0.5271680190592842,0.4458159488030283,0.7918331863679738,0.5631767226161988,0.42658833314495453,0.40831501626955774,0.3991735189264009,0.3928808987066155,0.5496359519396518
619,0.4736270292759479,0.5277674123106423,0.4486570724486363,0.7946682477680523,0.558452346937894,0.4255526423178534,0.40915900732572585,0.39846546641631464,0.3938972971041026,0.5491978315816214
620,0.47302839770344024,0.5283413996767767,0.4515721982350988,0.7973865092393797,0.5536305993274077,0.42457522769981126,0.40998996106543534,0.3977443818660851,0.39496204001119123,0.548695125809815
621,0.4725078332415394,0.5288903608910023,0.45455886015258284,0.7999871549697495,0.5487158665858369,0.4236527822361074,0.4108065607543724,0.397011691730291,0.3960731298164024,0.5481280377964893
622,0.4720664728940325,0.5294147013177104,0.4576144224986112,0.8024694363859132,0.5437128318828829,0.42278200554545686,0.411607559605657,0.39626888377662445,0.39722851275009047,0.547496793671794
623,0.4702529227604259,0.538659233851648,0.5170738692292443,0.7745326883960466,0.5330203843700138,0.4229593168829325,0.41864700699004753,0.38844413433341135,0.423218974557322,0.536256825522178
624,0.47290149765836165,0.5396867883892938,0.5518858427641006,0.7529831515642469,0.5240908446813592,0.42798510810329354,0.4214490051787972,0.3858910879731558,0.4387621846231973,0.5286978576627152
625,0.4736769377531632,0.5398231231826853,0.555774394555757,0.7530651160241024,0.5183249905766879,0.4278462372891728,0.42158712153157574,0.3851875164255361,0.44051791413834374,0.527215551946322
626,0.4745124144641119,0.5399554196328292,0.559628102695405,0.7529926771260581,0.5125526584943829,0.4277074963664687,0.42169988732887426,0.3845137385679473,0.4422713332372299,0.5256877934040626
627,0.48926249357460494,0.531873826625804,0.6492808510004545,0.6652965783851597,0.49377742480730286,0.4508863461908222,0.4263986718748875,0.3847636315533323,0.48451770614028994,0.5040241424326433
628,0.4904363688313364,0.531675288308303,0.652012325267685,0.6630001291363613,0.4889122545100055,0.45088314101047117,0.42601389185628497,0.3845806482127347,0.486118438630704,0.5022877138458627
629,0.49163040206941166,0.5315029580352172,0.6546605956773655,0.6605828077624754,0.48411120573701805,0.4508753137500741,0.4256155026305479,0.38445522261034076,0.4876934705586201,0.5005520128736213
630,0.49284320361217115,0.5313586093955156,0.6572243480248224,0.6580470158525052,0.4793786259996813,0.4508631607286419,0.42520423178024525,0.38438837275825866,0.4892417229759412,0.4988199185074372
631,0.5154841160611622,0.5063428408296413,0.7423202497901362,0.5361699951459847,0.46049846301496733,0.4839101653851491,0.42434635378107455,0.39456583648140997,0.5306043878004423,0.4788869119630827
632,0.5274694651758722,0.4854617988587725,0.7823525582985359,0.475930754972982,0.45598606389625596,0.5056335139449637,0.4199865293203491,0.40404296748752644,0.5479681833036458,0.4741137514482208
633,0.5388594493489307,0.451509734414006,0.8168644843862508,0.4511375592101253,0.4722896502787023,0.5395598676926513,0.40705606581329756,0.4196118754089627,0.5515370500157178,0.48547234650541304
634,0.5382674489962122,0.45063977771925523,0.8167268287764695,0.45314907258655973,0.4728063696112371,0.5400852479114769,0.40641383199115905,0.4210184551433842,0.5505691624323776,0.4869108495802327
635,0.5376603768683539,0.4498655295411184,0.8165192767119017,0.4552505572090836,0.4733103160155606,0.5405948111436646,0.4058069410386728,0.4224396506820698,0.5495281595436684,0.4883978202568887
636,0.5370384797568053,0.4491876161063102,0.8162402030802672,0.4574392538569775,0.4738003665978574,0.5410868718483642,0.40523550508149736,0.4238736161362387,0.5484145085725556,0.4899292700098025
637,0.5364020175665078,0.44860649012332476,0.8158879193858699,0.45971222489568453,0.47427546343620475,0.5415597797729068,0.40469965404974007,0.4253185738755815,0.5472288471474376,0.4915011677936373
638,0.5357512637707089,0.4481224308764297,0.8154606821633686,0.46206636202827234,0.4747346139025047,0.5420119270445652,0.4041995394353424,0.42677281896979297,0.5459719894086776,0.4931094538709368
639,0.5350865058529725,0.44773554481547595,0.814956702028636,0.4644983947145795,0.4751768908024395,0.542441754919567,0.4037353376652957,0.4282347229825197,0.5446449313760063,0.4947500536231181
640,0.5344080457317698,0.4474457666345797,0.8143741533290902,0.46700489923429656,0.4756014323449433,0.5428477601636653,0.4033072530649785,0.42970273709663026,0.5432488555287,0.49641889128546524
641,0.535707279784241,0.4388957338042594,0.7916581484907326,0.5176352873944727,0.4947896489606633,0.5489416922499109,0.3920185122456861,0.4328517161305914,0.5164788673935078,0.512809748400451
642,0.5346268696592468,0.43860354589445893,0.7898382353415991,0.5214735946785477,0.49489574861575525,0.5486225579865972,0.3920502760279585,0.4341865750394833,0.514351679333222,0.5146851315445359
643,0.5331631972741163,0.43827049378345945,0.7719654629611592,0.5464073987578764,0.5010977601685708,0.5463949360655626,0.38907887948461506,0.43490408252374585,0.5008820391802162,0.5208844580497037
644,0.531943217625369,0.43808423419462067,0.7695006881982092,0.5503184494584062,0.5009190785411752,0.5457249180714692,0.38937378284537766,0.4361433031454302,0.4986053202213383,0.5226782677284798
645,0.5307073511869844,0.43796924878888305,0.7669223689088017,0.5541956375890736,0.5007028376721762,0.5450232978911471,0.3897217898843706,0.43736865379182793,0.49631447518293215,0.5244357195685868
646,0.5294561194564095,0.43792429330765303,0.7642311930615996,0.558034486129594,0.5004496491226318,0.5442909853582598,0.39012293340774595,0.43857956390429237,0.49401366826860976,0.526154279590195
647,0.5249437823816325,0.44412629685003524,0.6959691294615856,0.6221288617899547,0.5131875767761763,0.5281159546021189,0.38537735933369544,0.43498627506639764,0.45829743877252466,0.535750819490537
648,0.523420233220953,0.4440865954629155,0.6921856861088049,0.6254366219041388,0.5121179208707931,0.5266029357582754,0.38635558749729004,0.43588472784024346,0.45623371601786855,0.5371641674941938
649,0.5218841726488825,0.4440877366397207,0.688326082457235,0.6286615098675663,0.5110130059481921,0.5250839364670765,0.3873850149844019,0.43675885887569965,0.4542105788071238,0.5385224346951363
650,0.5203369067943084,0.44412830581806567,0.6843944833178768,0.6318023281698019,0.5098739976208894,0.523560781355237,0.3884647428760641,0.4376081052272169,0.45223178958587573,0.5398251737496618
651,0.5001175709101563,0.4765306594895038,0.5190773869290827,0.7492795122371281,0.5179043662955226,0.4596974567648633,0.39668844640189305,0.4217005937163586,0.4060177258490828,0.5443762419174006
652,0.49838505724373533,0.47655683125858356,0.5168101156869653,0.7514948667531773,0.5147985464645356,0.457593742740322,0.39835643025084544,0.4215968697563431,0.4058586766225903,0.5451830634622569
653,0.4966722312454116,0.4765739717474955,0.5146232893256742,0.7536610380448001,0.5116550739990045,0.45554433483771234,0.40003139128231696,0.42145823311987113,0.40576824540259887,0.5459370485601176
654,0.4949815611375279,0.47658165250584883,0.5125205986841398,0.7557809772034365,0.5084772166326764,0.453549167112567,0.40171130013583023,0.4212851374618849,0.4057458434123181,0.5466384277427356
655,0.48198102967261297,0.49212711729326536,0.4752601762525919,0.7987393134082064,0.5023929661781601,0.4259546026495604,0.4129962811902913,0.4137946648262785,0.4099991591325451,0.5431901396020146
656,0.4789746140760912,0.4907558151718075,0.47797733779379664,0.8015763769162981,0.49051458151579674,0.42309143151304696,0.41643659403571465,0.41263234082781935,0.41106032694419103,0.5447932190976452
657,0.4755776594600422,0.4934318764695989,0.4760920974090135,0.8109761924967295,0.4853693626392051,0.4177091871496747,0.42018522406701214,0.41089401047775215,0.4149879328206511,0.5434950268273753
658,0.47439462890156625,0.49341684534037583,0.47704228788975467,0.8130607451377713,0.48112190781122016,0.4162315919117596,0.42161025074064523,0.41023524477634327,0.41595292731705064,0.5435900762863786
659,0.47326384751591555,0.4933876961673212,0.4780904538122412,0.8151079074119574,0.47687670002637766,0.4148041636082645,0.4230107691205082,0.4095698422201395,0.4169509448569781,0.5436275422740455
660,0.47218661614661606,0.49334496689362906,0.479234808873297,0.8171181768620166,0.4726397904810574,0.41342531310174213,0.42438586526071387,0.4089001740588707,0.41798028236657386,0.5436072263312445
661,0.4654850062302386,0.5007137618080223,0.4902147732154641,0.83703868610186,0.4630740118834347,0.4036770537465868,0.434185822662466,0.40655277556111014,0.43701437826269557,0.5349304345984023
662,0.46486422768564534,0.500726288425081,0.4929112568983768,0.8386431693151587,0.4584156642080149,0.40250416201387085,0.4352777832514624,0.40591824524868014,0.4382529981464214,0.5344834791298207
663,0.46348910791680775,0.5050033011637985,0.6083862160877542,0.7424775102802015,0.4331513274958274,0.4053797964224084,0.456344688783471,0.4208761567642265,0.5132506527191524,0.4926985354640818
664,0.46386191703184393,0.505263935901762,0.6109055090271432,0.7396004104184154,0.4288468271283647,0.4045339413576433,0.45665640367601146,0.4213956782309261,0.514236767629489,0.49170630024116524
665,0.46425904693283315,0.5055788158910529,0.6133370083754399,0.7365755803297926,0.42463718708228726,0.4037002884351305,0.456936619606553,0.42198564362931346,0.5152130021103207,0.4907158415347742
666,0.4646801244059926,0.5059496456404019,0.6156807280666089,0.7334055351231066,0.42052551338447397,0.4028782097161042,0.45718495403163334,0.4226451992621657,0.5161784497518425,0.4897290595448249
667,0.4651247919780032,0.506378026067621,0.6179368625958506,0.7300929794070585,0.4165147123504666,0.4020670683120952,0.45740099024436026,0.42337329643604543,0.5171321090708564,0.4887478494082857
668,0.4655927097089888,0.5068654495714945,0.6201057805475731,0.7266408061306838,0.4126074881485721,0.40126621754960295,0.45758427809675684,0.42416869635068477,0.5180728835769735,0.4877740961039013
669,0.46608355683822517,0.5074132953277505,0.6221880174485516,0.7230520948749333,0.40880634089846124,0.4004750004105976,0.4577343352249959,0.4250299758830431,0.5189995825319528,0.48680966938444076
670,0.46659703327627366,0.5080228248262665,0.6241842679776399,0.7193301095838252,0.4051135652937774,0.39969274924910736,0.45785064876556797,0.4259555342412016,0.5199109224109904,0.4858564187611778
671,0.46713286093796197,0.508695177666037,0.626095377566321,0.7154782957261109,0.4015312497366011,0.39891878578196177,0.45793267754697486,0.42694360045817664,0.5208055290706936,0.4849161685651358
672,0.47284250342762996,0.5055083273593259,0.6517174989781458,0.6531723780784626,0.39403016645807093,0.40408843198414024,0.45633354929332626,0.43538243597393617,0.5353670027647385,0.4788230401148927
673,0.47342455964498237,0.5063767579249112,0.6529588721247321,0.6483994914417344,0.39117491627738443,0.4033602968103435,0.4561995972248824,0.43669710000746836,0.5360378050973984,0.47819977604793923
674,0.4932496904158589,0.4899258862461798,0.7262980017628301,0.4771602720544938,0.38288164975874067,0.42018335563943626,0.43744793044608876,0.45426973552426425,0.5598040803179702,0.48095037223916814
675,0.49347034211034096,0.4909310066034402,0.7269239750353387,0.4734732289193734,0.38187629993537303,0.41959387966500283,0.43695085801000527,0.455867408674777,0.559406413645395,0.4816495537459648
676,0.49665408097007957,0.4890440582271587,0.7392133285221071,0.45238815837652735,0.381121167870901,0.4212327423532206,0.43214075325017176,0.4585563819143964,0.559194379367291,0.48520570108254546
677,0.5025001080773202,0.4842549575690507,0.7631610585889482,0.42389857241292195,0.3816728403363696,0.4244854000828301,0.4223588712633852,0.4610619201168681,0.5558617175778002,0.4929827995251693
678,0.5024358404121638,0.4854274972642827,0.7638368165595434,0.4223471270172547,0.3813750628309091,0.42393665369313177,0.4218286216933233,0.4626258357889596,0.554605782917708,0.49427653353811624
679,0.5022739063394774,0.48807367204450486,0.765116747752025,0.41960453576297657,0.3808844521001615,0.42284301055551476,0.42076194638389336,0.4657567064943159,0.5518711124702091,0.4969559835755465
680,0.5022139221541059,0.48955824656929553,0.7656944046086979,0.4183909543753113,0.3806566579203345,0.42228480691551384,0.4201916895697538,0.4673039023776245,0.5503828971884583,0.49831553223695535
681,0.5075524147289533,0.48597293886502374,0.7851825226476784,0.4092415379099492,0.3822861803271908,0.423897288694143,0.41033029130705395,0.4676068477927484,0.5411788771406978,0.5064803482048131
682,0.5065059193958042,0.48968718571686537,0.7840301184192087,0.40995276571017975,0.3820537118242317,0.422583872548501,0.4104564597903604,0.470818493231359,0.5382535735080928,0.508817495332518
683,0.5063119163803961,0.4914212305034376,0.784325672161768,0.4102119808896376,0.38204553037060257,0.42201328232944896,0.4099853088346133,0.4723084581292427,0.536200157178,0.5103415969449211
684,0.5061233720457281,0.4932444282291307,0.7845477225414624,0.41056642538489824,0.3820430859848871,0.4214393408531309,0.4095152491566926,0.4737908797714959,0.5340923438577686,0.5118631007106936
685,0.5059408876340961,0.4951540879032282,0.784691598463779,0.411013123844825,0.3820456108870921,0.4208622430123069,0.4090474638263578,0.47526581020274894,0.5319339766049163,0.5133798386214002
686,0.5057650602357682,0.4971473860686681,0.7847526316397747,0.4115489858240538,0.3820523854696566,0.42028220870544697,0.4085831623501062,0.47673335756629626,0.5297291104470345,0.5148897594328783
687,0.5055964817833779,0.49922137480950907,0.7847261777859769,0.41217081884309,0.38206273864738133,0.41969948224841347,0.40812357597389265,0.4781936770030499,0.5274820010895552,0.5163909330184759
688,0.5054357380446817,0.5013729899901476,0.7846076379749053,0.41287534169669665,0.3820760481572953,0.41911433166486806,0.40766995281649426,0.4796469611419198,0.5251970926017809,0.5178815541179509
689,0.5052834076149495,0.503599059692266,0.7843924800415331,0.41365919794936584,0.3820917408102179,0.41852704786432104,0.4072235528610684,0.4810934302444275,0.522879004133357,0.5193599454724056
690,0.5051400609103388,0.5058963128151335,0.7840762599503768,0.4145189695555308,0.3821092926951982,0.4179379437171575,0.40678564283337876,0.48253332206892213,0.5205325157186226,0.5208245603386179
691,0.5162449172719584,0.49948434466603553,0.798757420056582,0.43237607265843514,0.38526733670111,0.41769161839076374,0.3922588556795624,0.47867823250796004,0.49600747346563123,0.529994492963948
692,0.5159000673416844,0.5014669521120667,0.7975120141020833,0.43460999376543213,0.3852898746929754,0.41707052902743674,0.3923452941112748,0.48008336897960396,0.49357311376316304,0.531485611141677
693,0.5232578325312296,0.49758824922449596,0.7943219546544278,0.4587798611904128,0.3882366416294951,0.41515021240751676,0.3860760444740637,0.477087672652845,0.4739836973364363,0.5367516174430557
694,0.5385289501219312,0.49180875845610095,0.605744019355463,0.6541121452165601,0.4087108582207463,0.38596569936240266,0.41523660011840446,0.4456434954116564,0.420195159670189,0.5388983042828202
695,0.5368956864106874,0.49158534856430675,0.6030325821563598,0.6564750671036853,0.4065606493282744,0.3853438448914057,0.4170105763182304,0.4450928013849799,0.42062043307403235,0.5406313372061496
696,0.5352726493900121,0.49135898892192237,0.600377675732472,0.6588543941095427,0.40445970770408796,0.3847661805137414,0.41875786608706783,0.44449919729225607,0.4210985900663536,0.5423290922576272
697,0.5336611866207099,0.49112992560339935,0.5977826076703243,0.661252832232335,0.4024127325783094,0.3842321124634907,0.4204779546810132,0.44386457525841766,0.4216287327644325,0.5439904192703853
698,0.5320626165723502,0.4908984266848314,0.5952505104207668,0.6636728891159274,0.40042442197111666,0.38374100713143616,0.4221703918463817,0.44319097749275427,0.4222099258918243,0.5456141673472823
699,0.5304782258298038,0.4906647818269425,0.5927843327786656,0.6661168561563459,0.3984994612423265,0.38329219353945854,0.4238347889445493,0.44248059342822443,0.42284120337870346,0.5471991853220537
700,0.5289092664751543,0.4904293018111414,0.5903868320457551,0.6685867915280781,0.3966425115363901,0.38288496582161885,0.4254708158379477,0.44173575614056776,0.42352157482349884,0.5487443225221563
701,0.5273569536506576,0.490192318029643,0.5880605669094542,0.6710845042108843,0.3948581981668068,0.3825185857093394,0.427078197556297,0.4409589380515039,0.424250031778143,0.5502484298248372
702,0.5258224633074374,0.48995418193073,0.585807891067265,0.673611539093419,0.3931510989840365,0.3821922850183782,0.4286567107635103,0.4401527459241614,0.4250255538205858,0.5517103609961379
703,0.5243069301436497,0.48971526442030255,0.5836309476230691,0.6761691632251929,0.3915257327708708,0.38190526813553877,0.4302061800469673,0.4393199151627867,0.42584711437981637,0.553128974300827
704,0.5228114457348901,0.48947595522093446,0.5815316642781934,0.6787583532833101,0.38998654770884855,0.38165671450325067,0.43172647405195774,0.4384633034326071,0.4267136862803931,0.5545031343696573
705,0.5213370568586694,0.4892366621897021,0.5795117493365518,0.6813797843149514,0.38853790995871706,0.3814457811003062,0.4332175014850892,0.4375858836195331,0.4276242469754561,0.5558317143088359
706,0.4938574708077081,0.5096818913449102,0.5751225856723932,0.8276978831545778,0.38970463060768756,0.3730812101882457,0.49467091844436467,0.45076403015286987,0.5136636481829017,0.5091999512064176
707,0.47895246737109926,0.5193280770480698,0.6101928796889464,0.765011921746265,0.3846635462005004,0.3737594599715102,0.5085968462863253,0.4738946412596415,0.5510988200377388,0.49037137289284866
708,0.47830123238765415,0.5208391889462798,0.6114780871680022,0.7616334698778094,0.3830490930899223,0.3733634303595246,0.5087792056080556,0.4752157453848789,0.5517421048853408,0.490337785265747
709,0.4776662652899216,0.5224276054818588,0.6127084552198532,0.7581355861247975,0.38155660775759165,0.3729919528481947,0.5088991805080063,0.47658805776714436,0.5523746619796186,0.49030088803080574
710,0.4770483713421522,0.5240926983054194,0.6138852101045155,0.7545213025032819,0.3801860281002966,0.3726440755446768,0.5089558993797829,0.47800752718003725,0.5529942754869719,0.49026111429798236
711,0.47606592251468854,0.5260847166535776,0.6159054241965363,0.7465147200229988,0.3788082069697739,0.37240233676799683,0.5088406443870184,0.48027511042886595,0.554664922739197,0.4899049535167483
712,0.47010630068059633,0.5315420605468921,0.637453784946097,0.6192182731180281,0.37422786262696495,0.3744430551917761,0.49585443763330633,0.49636512446270453,0.5734364239945743,0.49021262369043106
713,0.47021264029360194,0.534043535015244,0.6511775476146342,0.5492791684926522,0.3716297180864298,0.3752675906821188,0.48219338187846206,0.5008239850051682,0.5757629448624078,0.49597838544542827
714,0.48290622695418145,0.5286949259119528,0.7178046818785037,0.41419948393825906,0.36604066628416265,0.3779728200420204,0.43140602320805216,0.4950443276070119,0.5512319825024676,0.5236326729646235
715,0.49973911518915487,0.5198506463088683,0.7701084799955172,0.40396529305804646,0.3637494556519723,0.37861597194873325,0.40223006364710406,0.48352564552198196,0.5069378712076777,0.5434791906528295
716,0.5130161380932088,0.5122822630952533,0.7835472022774099,0.43276534536653133,0.36326610884441396,0.37830956653827935,0.39274915374770797,0.4749585761906056,0.4692822788304872,0.5542322259106194
717,0.5126500942859546,0.5142163502440368,0.7816190357730893,0.4346697887545252,0.3632229991896063,0.3780291445799819,0.3929161040778862,0.47623376813951684,0.4668825087646969,0.5557114144317084
718,0.512297547051962,0.5161882409333397,0.7795397771823607,0.43658565368175534,0.3631877150704965,0.37776477799155816,0.39308850745338114,0.47749154835659535,0.464553530578327,0.5571700755387768
719,0.5119586789999708,0.5181954374464796,0.777310179044951,0.4385123232166252,0.3631616646294723,0.37751654585629485,0.39326626038251283,0.4787298246391478,0.46229981306358636,0.5586085740146689
720,0.5116336566735592,0.5202354327256986,0.7749313642597289,0.4404493559030382,0.36314628969210233,0.37728450392797946,0.39344924008763543,0.47994642253240594,0.46012561459175666,0.5600273122686155
721,0.5113226299948437,0.5223057147095439,0.7724048252288997,0.4423964804133291,0.3631430621161934,0.37706868509847696,0.3936373057901119,0.4811390906997583,0.4580349718078,0.5614267226100375
722,0.511025731742543,0.524403770506171,0.7697324216203717,0.4443535891834168,0.363153480000927,0.37686909992158674,0.39383030009169845,0.4823055069403254,0.45603168930977994,0.5628072595939387
723,0.5107430770673808,0.5265270903943078,0.7669163767604741,0.4463207310646071,0.363179063767227,0.37668573719015824,0.3940280504398216,0.483443284832132,0.4541193303524853,0.5641693924770501
724,0.5104747630476104,0.5286731716448646,0.7639592726752636,0.44829810303171985,0.3632213521215764,0.37651856456341076,0.39423037066371175,0.4845499809753603,0.4523012086094275,0.5655135978226321
725,0.5102208682872112,0.5308395221574076,0.7608640438046146,0.4502860409922634,0.36328189791653737,0.3763675292414098,0.3944370625679223,0.4856231028064994,0.4505803810220212,0.5668403522903881
726,0.5099814525590988,0.5330236639069594,0.7576339694190805,0.4522850097462288,0.3633622639221906,0.3762325586836702,0.39464791756945056,0.48666011695071215,0.4489596417592744,0.5681501256463338
727,0.5097565564954596,0.5352231361978358,0.7542726647751882,0.45429559215068677,0.3634640185236217,0.3761135613689114,0.39486271836445574,0.48765845807639474,0.44744151730576565,0.5694433740257295
728,0.5521715829350494,0.5021165784063794,0.6081435326980503,0.6217211826769127,0.36333965271897295,0.3766647598245013,0.43636881974571806,0.4610751479964986,0.4440121664785329,0.5649083160174301
729,0.5510395840091321,0.5021948465570101,0.6056764793950667,0.624909302765309,0.3633553473616022,0.37712257126948934,0.4377200729539882,0.45986392252030955,0.4451187424992119,0.5665905805377749
730,0.5506764870972319,0.5015880955816809,0.5992245019631697,0.6348956997094733,0.3636294896111096,0.37757618884954547,0.44131913641122755,0.45794346887677284,0.4485082190542335,0.5671803507965618
731,0.5499705107265948,0.5013441942066617,0.5775694601394316,0.7821141557535195,0.3697908921268893,0.3763580450300472,0.5002256263421118,0.460825313540026,0.5183548686411098,0.5282995446071863
732,0.5485183720023886,0.5015430121680184,0.5785514963656102,0.7835498689596182,0.3699869658904852,0.37700573150643313,0.5013970994673977,0.46060163495852424,0.5195267177867315,0.5289677821319156
733,0.5470682567189805,0.5017802014850471,0.5795360575618957,0.7848915616989324,0.3703207992411964,0.3776868091435881,0.5025213081365184,0.4604747798686887,0.5207237789471147,0.529594973749311
734,0.5337760472842905,0.5125596661378585,0.6030770078063098,0.7946804218036351,0.3745800897748704,0.37720360146864595,0.5243824096311366,0.4793462614419486,0.5556320281037308,0.509053024129265
735,0.5277762087071789,0.5175942648373886,0.6102647133992408,0.7824911618982212,0.3762246771473523,0.37745556241826084,0.5285721652658101,0.4868887951843335,0.56549693910503,0.5046705219814099
736,0.5265263372886884,0.5189278055181962,0.6111435571922752,0.7802370347170074,0.37683590254306376,0.37804342826365855,0.5288370989433643,0.4881673147377528,0.566387985654648,0.504881166247452
737,0.48995434019727324,0.5485972472166026,0.6376989842198302,0.5597935837127417,0.38294717488724084,0.3770468687987915,0.5016639811315763,0.518050801631971,0.5947156051957018,0.5100873038804268
738,0.4894777241899301,0.551784704626332,0.6379194238402063,0.5546624135891512,0.3833947053763559,0.37716531326798186,0.5002824891758917,0.5193540034239795,0.5936283230326987,0.5106886073993209
739,0.4890074487325257,0.555049109628012,0.6381136181449356,0.5495610923951105,0.3838899628823486,0.3773028498797986,0.4988413353778986,0.5206429710908351,0.5924657084358517,0.5112806821318473
740,0.48854461099986857,0.5583865882640243,0.6382790528145854,0.544492872624072,0.38443087792397884,0.37745887596494254,0.49734232421844454,0.5219166715179503,0.5912285212123292,0.5118628143442155
741,0.4808774054898587,0.5671580084458985,0.6571727582630679,0.4597579864059179,0.38509274526323845,0.37788817726208734,0.4654401065175984,0.5189588294242639,0.5750774027983043,0.5272727155153535
742,0.48075955113465846,0.5708887735633816,0.6571876392020285,0.4557794014519418,0.3855238099311606,0.37791846791172606,0.46373616755135777,0.5200777326378735,0.5727972302542352,0.5280005236643188
743,0.48065509911312704,0.5746711270982794,0.6571275241931799,0.4518703350978551,0.38597428845600085,0.37796271381551116,0.46200272103862927,0.5211943463341133,0.5704652808730839,0.5287116803972906
744,0.48056490182093425,0.5785005524353581,0.6569872772433074,0.4480312262029041,0.3864427101076853,0.37802050337110527,0.460241905763608,0.5223096659991915,0.5680860299551482,0.5294059211762528
745,0.4886309832030253,0.5767124605789777,0.7107974650027882,0.39609767066721235,0.3829772942855663,0.3803014981757826,0.4099148995598374,0.506337645039971,0.5077150612965844,0.5563567100680222
746,0.48895295444629894,0.5801688499153264,0.7091495613712533,0.39525726640715786,0.3831512946708348,0.3802962043167365,0.40885161642468687,0.5077079123459483,0.5049455661369515,0.557379408040351
747,0.48929088437177426,0.5836369681863279,0.7073359309195804,0.3944643662276873,0.38332624306306784,0.3803008103103401,0.40779114801326993,0.509087061835876,0.5022324851024542,0.5583892055794661
748,0.5052627188672558,0.5753571037655949,0.7195215877033795,0.4148050661887483,0.37914479277972896,0.3819864611084222,0.3986640242111871,0.5022434355042024,0.4683618893939119,0.5686906122124077
749,0.505579890823414,0.5781642918271349,0.7163069563812137,0.41532881236670166,0.3792628847205606,0.3821019265021093,0.3981773061294924,0.503503514035672,0.4664640414808582,0.5700019205889272
750,0.5232285748073905,0.5669773566555084,0.706245194167876,0.44702817920961624,0.3748400954906266,0.3835689245320992,0.40124723778152266,0.4978224618563627,0.4462809946769468,0.5762576526644054
751,0.523375016492341,0.5690553056318469,0.7021305969546112,0.44845280737361737,0.3750214019423276,0.38385034039907645,0.40120974494474626,0.498560280237687,0.4453917166164771,0.5778744417759936
752,0.5388495237790691,0.5647178327426084,0.6175904759342213,0.5279070806706906,0.38305503992682344,0.3958191239245242,0.41891493541698693,0.47666379028280254,0.44257229690973815,0.6092620292530014
753,0.538575101558696,0.5656306288667071,0.6136468684395889,0.5306779925141155,0.38421545467000984,0.3964069547529223,0.4191181532219511,0.47552371137141247,0.4437992663473672,0.6107885021937778
754,0.538296951556537,0.5665139030184753,0.6097591189329525,0.5334707182180033,0.3854334986391268,0.3969949586145632,0.41931635250571175,0.4743214160591,0.4450990537782147,0.6122750751293973
755,0.5380149377379737,0.567367180742019,0.6059311290525679,0.5362819790521841,0.3867093677539378,0.39758264529625453,0.41950968165445984,0.4730593092576493,0.44647022699676503,0.613720169567455
756,0.5377289304736732,0.5681900269826429,0.6021666024821035,0.5391082825646272,0.3880432020929182,0.3981695596802071,0.4196982560205507,0.47173996515919664,0.44791138003464315,0.6151222274272657
757,0.5374388070838108,0.5689820463596776,0.59846904014735,0.5419459310356841,0.3894350882542067,0.39875528382321146,0.4198821560776896,0.4703661193836722,0.44942113851180443,0.6164797154829217
758,0.5371444523772242,0.5697428834186253,0.5948417362378022,0.5447910310064039,0.39088506180387084,0.3993394389111926,0.4200614258006748,0.46894066051394145,0.45099816438854934,0.6177911297604596
759,0.5368457591837481,0.5704722228601793,0.5912877750489721,0.5476395038398674,0.3923931097855445,0.3999216870748085,0.42023607128335055,0.46746662105852216,0.4526411601008922,0.6190549998680553
760,0.5365426288780174,0.5711697897434707,0.5878100286375761,0.5504870972695908,0.3939591732649658,0.40050173305187287,0.4204060596070952,0.46594716788434143,0.45434887206565283,0.6202698932388675
761,0.6007772253945752,0.500988757857204,0.5764858716785248,0.7060190779983502,0.37795032700520736,0.3946355373964354,0.508799072033832,0.4736081269514042,0.5931022909599897,0.5344306376418496
762,0.5998622387856858,0.5009429079239082,0.577140349410763,0.7055385172732628,0.3813496184034568,0.3968676616149198,0.5095077965559623,0.4735098637401906,0.5948951135402504,0.5347786742016032
763,0.5989270920772234,0.5009505770554507,0.5777882863956115,0.7049212960176536,0.38481909346479615,0.3991195028507804,0.510139523048524,0.4735221946936145,0.5967056732775322,0.5351004181443765
764,0.5979724121646032,0.5010125168963161,0.5784284372587662,0.704167805106234,0.3883558256983179,0.4013898128119918,0.5106936575986738,0.47364309153709977,0.5985323162118894,0.5353956823878154
765,0.5969988533560588,0.5011293758268913,0.5790596690315367,0.7032786813166153,0.39195678669664963,0.40367732138093804,0.5111697036951162,0.4738702890975938,0.6003732500519032,0.5356643063998947
766,0.5960070976120488,0.5013016971467992,0.5796809574274462,0.7022548063718742,0.39561884923388674,0.4059807364960147,0.5115672679766402,0.4742012988688821,0.6022265483514155,0.5359061556590953
767,0.5949978547283419,0.5015299175739433,0.5802913826233175,0.7010973051851476,0.39933879057295674,0.4082987440849704,0.5118860657446492,0.47463342327817865,0.6040901553526531,0.5361211211166766
768,0.5948813397902968,0.5013500446760975,0.594718119508741,0.6866395755180059,0.4057767141451056,0.41283893030554525,0.5191035243269699,0.4876658220905818,0.6283253225211127,0.5214900219374997
769,0.5939595911465877,0.5021825019276922,0.5951749851312229,0.6839552957843664,0.4093967870167016,0.41523029113195054,0.5188319297226801,0.4887118765298005,0.6297278132858253,0.521617817374001
770,0.5930214219472675,0.5030838255438368,0.595611156717121,0.6811748732076301,0.4130459005288637,0.4176281888347322,0.5184785750485191,0.48982903377886705,0.631106827852765,0.5217279929770752
771,0.5920675940401074,0.5040532708683315,0.5960267958917485,0.6783018843142694,0.4167204028178371,0.4200310016505823,0.5180444960328863,0.4910131499763992,0.6324594540433497,0.5218203786819969
772,0.5910988991141459,0.5050899675319204,0.596422076913764,0.6753400366783044,0.4204166114868892,0.42243709765861387,0.517530863214365,0.49226006937089056,0.6337827770978928,0.5218948207084774
773,0.5901161585241493,0.5061929224756673,0.5967971788771892,0.6722931598899688,0.42413081996446633,0.42484483693278696,0.5169389826973346,0.4935656413555053,0.6350738908543233,0.5219511820731907
774,0.5675105197463801,0.533095801053761,0.6161286163614537,0.5525346977333758,0.4452419050849916,0.44308359114411694,0.49111633624703677,0.5129728610312845,0.6527167513683315,0.521920300697197
775,0.5482363896238507,0.5564924197697363,0.6223704166647673,0.47835046372384804,0.46136351284418975,0.458369262511298,0.46365133849940104,0.5103755648486868,0.6281324941030088,0.5434242291434317
776,0.5481691788574236,0.559652037798156,0.6217170292497295,0.47469975086925636,0.4630962749684311,0.45989115025989047,0.461785596188555,0.5116242267413038,0.6255109417990754,0.5437427881759639
777,0.5115497179653262,0.6004311687169263,0.6446858959942369,0.4223367872033089,0.4879843962895124,0.4863150668214583,0.4178524110750652,0.48474081886707177,0.5001686584527981,0.608790807168271
778,0.5102302890478977,0.6048591191516068,0.6380643443249984,0.4511428726595698,0.4851460459268532,0.4849995999924836,0.4184582798608014,0.4722142636400923,0.44802633776001943,0.6297968576904993
779,0.5105140924019471,0.6075825755934143,0.633865393749423,0.4509552328911238,0.4857069023661447,0.48535404175801816,0.41691998582362283,0.4729514108471115,0.44620957931708116,0.6308314506864525
780,0.5107953745044088,0.6102935562541011,0.6295862425740031,0.4508071541409363,0.48625313208156573,0.48567127147714495,0.41538572719838585,0.4736511327548736,0.4445090317613793,0.6318356629506686
781,0.5110736300033887,0.6129899562097993,0.62523188246767,0.45069811436495455,0.486783411683864,0.48594991543075194,0.41385695498998093,0.47431068550545813,0.4429253531685108,0.6328085929110746
782,0.5113483599877743,0.6156696955633747,0.6208074296978576,0.45062745376537244,0.48729640643457545,0.4861886384117304,0.4123351088934392,0.47492741814952216,0.44145899800339566,0.6337493295675564
783,0.5119377746242354,0.617905378514406,0.6148472551010304,0.45427113071224484,0.4867953082274605,0.48542892402328147,0.41167623016054294,0.47440933336251495,0.4376552491299341,0.6357775563465364
784,0.514355531112973,0.6177795264291998,0.6031049040286881,0.4699042202907563,0.4824415046676923,0.4808342373869318,0.4144779285426358,0.4705178813519041,0.4295343994326071,0.6401936448221259
785,0.5354871899345923,0.5958176017832895,0.5610299845468184,0.535578559899866,0.45812350300643817,0.45660424912256736,0.4385948720700728,0.4544150852710318,0.43721029438091896,0.6408436219455754
786,0.5352156982700793,0.5964747258225527,0.5573963346650028,0.5371903397640149,0.45911742346297113,0.45671379186127,0.43808010726087926,0.4532475785044838,0.438549456206225,0.6420743469444758
787,0.5349321508505084,0.5970919475925914,0.5538351413638066,0.5387792316433238,0.46012670357626956,0.4567958364489573,0.4375678459397376,0.4520482521327435,0.43996646222204044,0.6432499082578614
788,0.5346366220434053,0.5976692490384176,0.5503488942816499,0.5403409102631983,0.4611516797502046,0.45685088398080465,0.4370578507606175,0.45081956205803225,0.44146047033746266,0.6443692140244001
789,0.5343292056591653,0.5982066599434747,0.5469399159349448,0.5418710435169322,0.4621927632823501,0.4568795428237428,0.43654983539048875,0.4495640344763054,0.44303065405004954,0.6454312399647594
790,0.5609420105665093,0.5669254129661305,0.5241405411864879,0.5927710503631264,0.4433450263556125,0.43624952212182366,0.46233173001059047,0.4432562136872063,0.4940914294866499,0.6224553846218127
791,0.560245297037813,0.5664933203424979,0.5226423478759458,0.5940899186452677,0.44575176219026946,0.4371609609301238,0.46243251702394195,0.441924658193076,0.4965333323946022,0.6232567989859158
792,0.573724884777979,0.5490925021013193,0.5205415390236502,0.6142917748074254,0.4414355282204675,0.43121058843159793,0.475104382540758,0.4428433397183155,0.5304285002751609,0.6054259748408652
793,0.6050965945106326,0.5090984642843153,0.5432830592403558,0.6332264098482797,0.4363563046541397,0.42698427087044405,0.501189515362723,0.46163482311494586,0.616283690573073,0.548906778725404
794,0.6042104641300918,0.5088690553887772,0.5438872229230801,0.6315326596864985,0.4407039463056375,0.4298468370247645,0.500964425726454,0.4621097097119062,0.6184411927317585,0.5490189337845746
795,0.6002777506635983,0.5098510496644121,0.5438260308229683,0.6269564595822177,0.45386444933972775,0.43823663057255985,0.49937079304771365,0.46249113023195104,0.6208621452307646,0.552107640915656
796,0.6008716228433385,0.5078404370744279,0.5472969691354785,0.6229589499622221,0.4581336236427744,0.44134544670255016,0.4993392627650263,0.46566971834777166,0.6290745685356536,0.5476941113541106
797,0.5998995750766013,0.5078826376721854,0.5479176928367043,0.6207000560783689,0.46247726469106887,0.44419934134970335,0.4987358705234552,0.46660504931650426,0.6311308968111677,0.547642537021517
798,0.5989107219392141,0.507974739242965,0.5485364404864818,0.6183534167673628,0.46680747495756725,0.447041411319369,0.49806570796049454,0.46761879836745884,0.6331647779256696,0.5475605746094575
799,0.59790598983885,0.5081164890352965,0.5491520802479459,0.6159233928227641,0.4711202561419108,0.4498694747068335,0.4973307664340182,0.4687080539335472,0.6351735245366678,0.5474482921691243
800,0.5968863346456199,0.50830754263502,0.549763503032067,0.6134144663529926,0.4754116016386887,0.4526813291343454,0.49653318156179,0.4698698725010701,0.6371544371807776,0.547305781473988
801,0.5944498853665382,0.5092595212415307,0.5500091389042291,0.609223841580524,0.4839237605262818,0.45810611069122903,0.4949805035703818,0.4715489309564286,0.6390415273703015,0.5484275597090528
802,0.5933784432385683,0.5095680481085638,0.550603961228857,0.6065480547588643,0.48814353885321365,0.4608482613295935,0.49402574989943526,0.47289400569383944,0.6409684476221506,0.5482006735160235
803,0.5922961397773427,0.5099231705532572,0.5511911446012768,0.6038097449909883,0.49232785720492045,0.463566265007355,0.4930177098343951,0.4743005818505731,0.6428585495265476,0.5479434167338909
804,0.5912040746996011,0.5103241611541909,0.5517696330907805,0.6010138191714157,0.4964727602626951,0.4662578898496721,0.4919591492035736,0.47576572721646776,0.644709175645391,0.547656004152948
805,0.5906150270616899,0.5101729507830064,0.5542324874445556,0.5957127435525857,0.500544640929567,0.46925206775378075,0.4899873815115999,0.4789679109696951,0.6503879837082875,0.5443196577696549
806,0.5895383828913605,0.5107160161864803,0.5547790428356404,0.5927526993944248,0.5045495982101635,0.47188847741329304,0.488811733818392,0.4805617046566304,0.6520506445104212,0.5439631186745524
807,0.5867503338678088,0.5139831069021419,0.5813726486799963,0.5304209348677308,0.5117342848608569,0.48992464904901856,0.46315828787848595,0.5006480772534403,0.6902795118239975,0.5140216635269517
808,0.5843435627818632,0.5183531596929706,0.584534296294338,0.5154861944715492,0.5164300030244178,0.4973115915171029,0.45666513309531254,0.5033637748790554,0.6899008536850391,0.5138011027524562
809,0.5840828642063497,0.5201130600614797,0.5843813318933703,0.5124185000069481,0.5186797688089216,0.49942016400206524,0.45522132066969573,0.5050444152453656,0.6888181030560772,0.5136276597397709
810,0.5838160383514142,0.5219198216824739,0.5841865090926185,0.509411433720794,0.5208658588172209,0.501496579431416,0.4537841748762603,0.5067603642873506,0.6876546975301897,0.5134476517192239
811,0.5835434691753083,0.5237719253247589,0.5839484964688428,0.5064675026559065,0.5229892690105038,0.5035414147840873,0.45235702006706224,0.5085105295128293,0.6864125241487848,0.5132614340286096
812,0.5832655441628668,0.5256678396657849,0.5836659909531206,0.5035890999917982,0.5250511370554819,0.5055553459188562,0.4509431751690741,0.5102938524147683,0.6850936227907561,0.5130693883091473
813,0.5829826531329925,0.5276060248265139,0.583337724389825,0.5007785033327202,0.5270527358097508,0.5075391440348804,0.4495459495601368,0.5121093039792906,0.6837001789263295,0.5128719221466294
814,0.5572025424391839,0.5692435546685229,0.5923440574235763,0.4511537901543452,0.56965620534726,0.5756165719857168,0.42759338533219343,0.503549977860468,0.6232080000204694,0.5597167465962447
815,0.5575973061507169,0.5720249480364522,0.5905045344404727,0.44983068347252647,0.5712029285289373,0.5775958702994225,0.42642864224517346,0.5051455236596575,0.6198143292591406,0.5603010374651712
816,0.5573805045293867,0.5758183151981987,0.5885404234027938,0.44848486773912327,0.5739258256216919,0.5812124866557117,0.42538251534167354,0.5063007355612201,0.6142160850892572,0.5625325686735307
817,0.5577505090305459,0.5786629931309071,0.586521677292814,0.4473183558496754,0.5754757270920442,0.5831905673587707,0.42427964499329324,0.5079515104231599,0.6108332351611471,0.5631045548348077
818,0.5581044664200651,0.5815338236022536,0.5844330108377169,0.4462166366518647,0.5770254652449869,0.5851659168512477,0.42321219971976914,0.5096316408834031,0.6074702084020486,0.5636614703573636
819,0.5584418758007748,0.5844290575992486,0.5822757873341868,0.44517936019275134,0.5785740612190943,0.5871367643449524,0.4221823540640593,0.511338544176537,0.6041308792408941,0.5642029813778975
820,0.5478439550561125,0.6052310558946719,0.5752030809315264,0.4529692004749378,0.5995130169471866,0.6148440281264246,0.42932636393952084,0.5032047834120204,0.556538978546848,0.5963624144763856
821,0.5481506071621762,0.6080334811140617,0.5722998933611274,0.4523991083800944,0.6008740316076862,0.6164815758607401,0.4283046873328333,0.5045472418990333,0.5533764735301621,0.5971287022961962
822,0.542584036559711,0.6194848834534653,0.5627197838932517,0.46470883036556065,0.6084909287193823,0.625999133874013,0.43762296896302244,0.4973161064567859,0.5197017141051634,0.6178884011584819
823,0.5427694146857852,0.6219889170359459,0.5594367258076401,0.46436025807190734,0.6094364967507739,0.6270537335257422,0.436600426709796,0.49823726750334557,0.5169914822550814,0.6187341081556225
824,0.5384085877686482,0.6232780489420813,0.5238961557744408,0.5155124891450007,0.5856650152275751,0.5944929459594774,0.47589413588631707,0.46648764004325594,0.44875165961284424,0.657117929333306
825,0.5380599708581673,0.6241200270693141,0.5207873549080724,0.5152984110919188,0.5852702108238099,0.5936184328184247,0.4748487514859842,0.46599519677927026,0.44797727889711547,0.6581863491086297
826,0.5446081048040572,0.6091062202704498,0.5006686802700532,0.5388479711709151,0.5579565683069236,0.5546202828748948,0.492616138339355,0.4500898752459555,0.4422860821055725,0.6615669369738063
827,0.5439136652053776,0.6090008993790248,0.4984163458065122,0.5384530247582641,0.5576153982184332,0.5534398667471444,0.49167230239285625,0.4492771239278726,0.4427798325331181,0.6626211544170376
828,0.5432003580074385,0.6088621458254456,0.4962486113628256,0.5380078888663261,0.557254839223755,0.5522083039166065,0.4907203437663399,0.44847022728443076,0.4433460372487835,0.6636185042779025
829,0.5424688316900192,0.6086907735960413,0.4941662296392474,0.5375113916754118,0.5568785447729612,0.5509295074867231,0.48975943405668015,0.4476703918956034,0.44398457566651944,0.6645587938624663
830,0.5493514378901708,0.5947408643749028,0.4852113162490087,0.5476122996113484,0.5411729450474446,0.5251251334988558,0.498216666832524,0.4411958939432648,0.45685895826723766,0.659270136764166
831,0.5698121316455075,0.5628518527642913,0.4807289733652544,0.5576458970963213,0.5255386424298509,0.491041349422872,0.5087665147981655,0.43993648689883874,0.5069613771828018,0.6346973277894475
832,0.5685614896464299,0.5618549373425379,0.4806073733213027,0.5562292787014241,0.5276625637956,0.4920046569394645,0.507715620357952,0.44002770015465015,0.5092892346889148,0.6353537074497065
833,0.5690786124282715,0.5585120665510708,0.4809937408467741,0.5548268937722703,0.5294937563089317,0.4915121031001828,0.5069188746516435,0.4408381701537879,0.5164475201639829,0.6332980953025621
834,0.5869635045215963,0.5335307510624494,0.49099345636030506,0.5476326983763893,0.5324614783331788,0.48380450971158817,0.5037569262644086,0.45311252312628386,0.5748759696864086,0.6000040368195768
835,0.5855728089905451,0.5327987407490268,0.49162731041958246,0.5455464287236095,0.5358019790678211,0.48629256152758016,0.5023606162980598,0.4542759526635398,0.5771769512514859,0.6001723518234989
836,0.5970683942640264,0.5163312298710203,0.505602065892219,0.529762661909988,0.540193713153969,0.487720333870388,0.4909830466809035,0.4699869010698511,0.6245606172318954,0.567669427492705
837,0.595760757645337,0.5160799469027969,0.5063482186529095,0.5274504355398548,0.5434399577911432,0.4905532602210807,0.48939950901833923,0.4718407254942198,0.6261346534978258,0.5674388843998082
838,0.5944370808856436,0.5158631815023821,0.5070846012870268,0.5251488917802357,0.5466080075772055,0.49333388303253894,0.4877976906772641,0.473752933027605,0.6276634691087071,0.56717219473307
839,0.5930988110008314,0.5156802453322079,0.5078092459835092,0.522862735549199,0.5496946737523882,0.49605904865441175,0.4861818170548108,0.4757212394915596,0.629145633044708,0.5668695293590854
840,0.5917474262719858,0.5155304217374138,0.5085202286216105,0.5205966118874555,0.5526968964203659,0.49872568228098757,0.48455618541705814,0.4777433687960495,0.6305797729386248,0.566531086107826
841,0.5903844336240617,0.5154129697352374,0.5092156710694629,0.5183550967375042,0.5556117554949969,0.501330799596946,0.48292515630157395,0.4798170562717369,0.6319645784199955,0.5661570901635652
842,0.5898278916520658,0.5143064202645445,0.5113011205833962,0.5143246576396693,0.558216570969946,0.5039187618085167,0.4796081559595336,0.4834710855273349,0.637379899129413,0.56223215916276
843,0.5884767636272732,0.5143011166655853,0.5119394691583595,0.512161480335348,0.5608830003768555,0.5063694757184456,0.47799384575444553,0.4856755493566056,0.6385593628796029,0.561758932234646
844,0.5871191423874071,0.5143262480119538,0.5125550179446938,0.5100394633742125,0.5634515239131017,0.5087478234056285,0.4763901587520505,0.4879242097198634,0.6396839798061358,0.5612523783997859
845,0.5891323682707886,0.510063332037211,0.522121992640695,0.49515084846123614,0.5624547790850085,0.5119412511220252,0.4621120000433174,0.49965723805197343,0.6644157805545766,0.5374405104771184
846,0.5880522521836891,0.5105023056739932,0.5224537813812349,0.49336053842476346,0.5642622421729806,0.5138789654552635,0.4607584395913029,0.5021285266515001,0.6646385766658229,0.5367340570791305
847,0.5869730340407397,0.510971738121665,0.5227482545272917,0.49164229883578253,0.5659667661835761,0.5157375501945234,0.4594466240927282,0.5046343743958317,0.6647970790310518,0.5360069663311648
848,0.5858959908356696,0.511470877250716,0.523004409956304,0.48999891146842783,0.5675693104905574,0.5175172708732807,0.4581807651297941,0.5071726508942282,0.6648915951399993,0.5352599446455907
849,0.5806384356628049,0.5217570876908543,0.537646886049411,0.4637661777787918,0.5686002995244903,0.5460047451868857,0.4334808103192064,0.5219282220478751,0.6840525462895654,0.5042346805629108
850,0.5738797479007847,0.539881395760295,0.5383670419409381,0.4599572796927252,0.5915699944218273,0.5884815574651844,0.4335309073518183,0.5232674649109719,0.6671920351470458,0.51659138678468
851,0.5741428564788563,0.54184838358491,0.5370562666467913,0.4600479823352477,0.5930017891716683,0.5907914927436738,0.43359208367253715,0.5254129071953846,0.6645818168042195,0.5168615002424181
852,0.5743964342708988,0.5438416768116572,0.53571361413643,0.4602141883055192,0.5944531266202804,0.5931341129348395,0.4337276611551268,0.5275770045321388,0.6619673137199938,0.5171441393016504
853,0.5746400318633148,0.5458601757517751,0.5343408358992296,0.46045428940126876,0.5959229963225918,0.5955077486992894,0.43393927601545124,0.5297568673921335,0.6593510184900265,0.5174393987400935
854,0.5748731902351272,0.5479027445707508,0.5329397796131566,0.4607665614410729,0.5974101169408987,0.5979104547190366,0.43422844964531737,0.5319495786929457,0.6567353288072039,0.5177473603836703
855,0.5750954409826146,0.5499682112029305,0.5315123864709237,0.46114916823315855,0.5989129411590061,0.6003400110155913,0.43459658272456875,0.5341521993947379,0.6541225448483124,0.5180680932834296
856,0.5753063065993481,0.5520553673666851,0.5300606882809502,0.4616001659413208,0.6004296620028488,0.6027939256387712,0.4350449495052987,0.5363617741765065,0.6515148671198592,0.5184016539432971
857,0.5755053008137188,0.5541629686853294,0.5285868043492825,0.4621175078383506,0.601958220547941,0.60526943874186,0.43557469229928547,0.5385753371717846,0.6489143947577658,0.5187480865962718
858,0.5756919289858191,0.5562897349183851,0.527092938148827,0.46269904943486817,0.6034963149865988,0.607763528052055,0.43618681619962746,0.5407899177430504,0.6463231242737635,0.5191074235264648
859,0.5570499257082562,0.6038298190312082,0.5124147464871784,0.4873057326408298,0.665910903950104,0.6963003439493293,0.4831237575146587,0.5202904282636167,0.5723502011354302,0.5937832335911084
860,0.5535044284891542,0.6105817765961442,0.5066444272470713,0.4938356925911516,0.6679197541189417,0.699220326479111,0.49439568758901825,0.5136300550471168,0.5520388973687159,0.6101275514675902
861,0.5532714324043898,0.6118869886051418,0.5050127709904934,0.49402021841747495,0.6680184970683114,0.699586344780026,0.4945165630893116,0.5138751130178216,0.5496831502688216,0.611281410357795
862,0.5530164011612784,0.6131646500763771,0.5034345837042655,0.4941995369304805,0.6680004170341666,0.6997926669373166,0.4946696468110187,0.5141040449644575,0.5473687004839095,0.6123977712490339
863,0.5523451268528727,0.6148612086061889,0.5015017435141553,0.4949861448067271,0.6674441922530778,0.6992684931106081,0.496076407669048,0.5134867620210696,0.5431818028616012,0.6149780319939683
864,0.5520298467270657,0.6160440946668675,0.5000512793106776,0.49512475313480403,0.6671336720558241,0.6990617590532899,0.49626441051276005,0.513645343711663,0.5409722656619919,0.6160151101864506
865,0.5516931655600745,0.6171970704628769,0.4986615288185675,0.4952535061298886,0.6667062269218091,0.6986894142991399,0.4964806900987931,0.5137853629623637,0.5388056013691285,0.6170112800075478
866,0.5513352715917398,0.6183195881339484,0.49733437711605166,0.4953713239472811,0.6661628285295642,0.6981509769778341,0.49672419165888393,0.5139060697488728,0.5366822087772412,0.6179658208130788
867,0.5417030385420223,0.6140915715398387,0.48374221501259507,0.5106362423177326,0.6055471975773523,0.6112427847794691,0.535850281191556,0.4822371176883832,0.4787177047614021,0.6520772692882386
868,0.5540199503479927,0.5771871323919245,0.4795230484162398,0.508911591569403,0.5638237217151184,0.5284693492845313,0.5414435147189548,0.4703161957328626,0.48736729226843295,0.6454698539027145
869,0.585102876082671,0.5311049404757645,0.48757853539844903,0.491736254120049,0.5748941806839751,0.5103898409779271,0.5104711657757255,0.49221202198398784,0.5654167473558931,0.6009699263970568
870,0.5856260299997383,0.5274153705812064,0.48923179501377545,0.48894727178314923,0.5774005242621868,0.5131310900911387,0.5050934954729224,0.49658204974114284,0.5728203467380208,0.5967852770797091
871,0.5840358735994009,0.5263777555996668,0.49005460860831057,0.4876019780525368,0.579134582134536,0.5159164313700186,0.5028656079955647,0.49876274921574115,0.5740144560186896,0.5968924622934236
872,0.5824234183682455,0.5253616259540532,0.49085717111462585,0.48632161635667176,0.5807814400885483,0.5186484194616094,0.5006502743915695,0.5009845800325335,0.5751808878852509,0.5969649692004605
873,0.5913201254422712,0.5110155788676478,0.49636469685065704,0.4774583320455962,0.5802146943645934,0.5204750038399057,0.47523590645531516,0.5192753975465384,0.6153628339333657,0.5630018821944968
874,0.5898506862210805,0.5105374512651419,0.49678004480156446,0.4769130890907273,0.5809929584253832,0.5226249245593436,0.47356245096117516,0.5221334520305762,0.6156926873488734,0.562573485023331
875,0.5898239700167287,0.5081367161449258,0.4980239911797476,0.47517467668609825,0.5797026598630214,0.5243617972258943,0.4667107042254077,0.5283534368260913,0.6236687102008803,0.553797691767799
876,0.5884165879658013,0.5078552712521051,0.4982557110800113,0.47497059197978264,0.5801392337519052,0.5261599107725426,0.46535014399011054,0.5313385665645066,0.6236984038421337,0.5532321547658091
877,0.5870045001903514,0.5076028527973991,0.49844442780432224,0.47485957766618175,0.5804859908554878,0.5278627944134391,0.4640693847411486,0.534338194384306,0.6236859157219602,0.552644655788027
878,0.5855893442025343,0.5073793971505095,0.49858975436150754,0.4748420380127177,0.5807453567896856,0.5294711151595143,0.46287260273900416,0.5373495090343439,0.6236317250036377,0.5520357480620502
879,0.5841727489679216,0.5071848447963809,0.4986914117720514,0.4749181655799148,0.5809199168082271,0.5309857680610589,0.4617638459212464,0.5403697113245539,0.623536341566605,0.5514060090119982
880,0.5827563306176918,0.5070191385542578,0.4987492286445135,0.47508794059878773,0.5810124059359061,0.5324078704431406,0.46074702431246317,0.5433960153387969,0.6234003042014858,0.5507560400600195
881,0.581495562423101,0.5067024338787964,0.4988058400025667,0.4753086288982865,0.5805537836240551,0.5336767534900569,0.4590166539710999,0.5469273979659397,0.6245986238151144,0.5484051066365064
882,0.5801056698294454,0.5066237220761444,0.4987550471422018,0.47569760447103604,0.5804764054027381,0.5348914933544325,0.45824293642333896,0.549966254327369,0.6243426043607557,0.5477024000946877
883,0.5787210064952819,0.5065739221841632,0.4986606657323353,0.4761786223189449,0.5803284368798535,0.5360203188564927,0.45757295806197873,0.5530024506957967,0.6240478133617532,0.546982240650891
884,0.5777856062631148,0.5080433333254153,0.497854535063996,0.478897751546157,0.573317581206769,0.5406298268295091,0.44880225903255166,0.5615250676533247,0.6436446085855642,0.5171878848942649
885,0.576900253906992,0.5086266875193451,0.4973238796532297,0.4801014686060004,0.5732304764697017,0.5414990300484956,0.4493300761377649,0.56453092928464,0.6425770733829748,0.5163502468626865
886,0.5747493576241578,0.5143250637157357,0.4957907645161417,0.48423896041871917,0.5750300858184715,0.5526879601076378,0.45126361606997395,0.5678324923493941,0.6484597404530228,0.5024413000146181
887,0.574199745838366,0.5153047433564466,0.49504350646544887,0.4858191626200076,0.5753891717074988,0.5538558795982605,0.45258100644593285,0.570641891060263,0.646988302989726,0.501755665476678
888,0.5733582162550543,0.517512756805893,0.4940805645240916,0.48804317737450403,0.5768709509256722,0.55765108708815,0.4548912888994704,0.5731692872244062,0.6462455080514808,0.49950329123541337
889,0.5728755495471581,0.5185924640034314,0.4932812501720286,0.4897583358636446,0.5773591447653655,0.5589331004528495,0.45651706634830386,0.5758812311397723,0.6446902250793582,0.4988942449131988
890,0.5722396446499296,0.5203680445304645,0.49236066563381914,0.49184044680300737,0.5785760742494828,0.5617081470162952,0.4588691333928725,0.5783459396489607,0.6434399482252409,0.4976170588647935
891,0.5717968636404789,0.5215157013884488,0.49153271262629095,0.49365613623176363,0.5791512697787186,0.5630761292563965,0.46075446571648504,0.580964987599741,0.6418338139375185,0.4970748464533994
892,0.5713619061512503,0.5226839968103739,0.49069740793857625,0.4955109375829591,0.579745903595098,0.5644668880108499,0.46274785831377524,0.5835443857815181,0.6402148317163179,0.4965573363650757
893,0.5709345294089314,0.5238718542308053,0.4898570330855891,0.4974011866461638,0.5803588438805738,0.5658800147790268,0.46484773527078044,0.5860814623183249,0.6385839486115958,0.4960655045972708
894,0.5705144523145531,0.5250781509869521,0.48901392097132784,0.49932319681358794,0.5809887062637299,0.5673148204478713,0.46705228867005566,0.5885735956469611,0.6369420684999143,0.49560030530538796
895,0.5677155930709141,0.5375049270047617,0.4870746301359727,0.5055573026045597,0.5971260063659278,0.5943393808981439,0.48413714521652296,0.5847838172901142,0.6369849948723706,0.49143962177272404
896,0.5675273340015199,0.5389177582109295,0.48629509672059584,0.5075108458936003,0.5982835677254698,0.5963464829106688,0.48685750835920144,0.5867868669145273,0.6351447639609248,0.49140850838360267
897,0.5673370371905798,0.540334274992296,0.48553704653154245,0.5094713514142597,0.5994328402999065,0.5983611527045297,0.48965392844560435,0.5887380341670455,0.6333025064314975,0.4914137333615462
898,0.5561727790043098,0.5836056264194889,0.491167726879096,0.5167462535378472,0.6688771568861129,0.6942219866076886,0.5681533980091129,0.5528490652116484,0.608330476862834,0.5321383691430295
899,0.5558367382075411,0.5843330336407264,0.4913642549523776,0.5177011712913391,0.6691130132166584,0.6952835265153062,0.5701162005755938,0.5530028916888675,0.6063917451028369,0.533631719591371
900,0.5554802116745196,0.5850259084880753,0.49162906013254626,0.5186315900572785,0.6692191083777432,0.6961863695950851,0.5720676533190718,0.5531297124646741,0.6044627505985878,0.5351373808145566
901,0.5551033216500024,0.5856838165231542,0.49196261826756243,0.5195369175401606,0.6691949291402589,0.6969272156579903,0.5740051356848476,0.5532292822478023,0.6025436604811227,0.5366538865275192
902,0.5547062208386427,0.5863063600153439,0.4923652853643847,0.5204166665100761,0.6690404742003737,0.6975033824695055,0.5759260387544465,0.5533014218077729,0.6006346293785505,0.5381797691811577
903,0.5507904458737389,0.5925324644962596,0.49750172839843404,0.5182444209022334,0.6695498502671696,0.6991504202591918,0.5937712343415591,0.543439928832872,0.586362390815226,0.5559905716458882
904,0.550189439763666,0.5927007967427124,0.4982982280861167,0.5186990975423154,0.6685570886431351,0.6984935696643578,0.595053548658637,0.5431844483315225,0.5845526969848404,0.5576368255985442
905,0.5495717922556849,0.5928327115514547,0.4991619294146498,0.5191293015709696,0.6674505067032905,0.697669018452945,0.5962996989672227,0.5429137933410859,0.5827544850271009,0.5592755608002622
906,0.5489380006561002,0.5929283438919949,0.5000919512212789,0.5195354221695505,0.6662344458256444,0.6966799645085775,0.5975078719032197,0.5426283107294904,0.5809679531890879,0.5609052685724734
907,0.5482885845118985,0.5929878574537474,0.5010872896373146,0.5199179162793813,0.664913670712687,0.6955302829233726,0.5986763226646221,0.5423283897256811,0.5791933049729583,0.5625244760194771
908,0.5476240848440741,0.5930114437889734,0.5021468195894189,0.5202773033626941,0.6634933466019859,0.694224513297047,0.5998033799107811,0.5420144604740831,0.5774307507380889,0.5641317489078672
909,0.5411989329749252,0.5955973340993727,0.5141203088804489,0.50990134227311,0.6408097367867585,0.664182915390337,0.6200224659445362,0.5284424571782971,0.5502617908673106,0.5898857056363819
910,0.5402484010845363,0.5948901480790514,0.5155859647423864,0.5096061865877975,0.638949115588721,0.6616944756681551,0.6198883429045922,0.5279573900813165,0.5488080181912496,0.5913585333359224
911,0.5392926089914692,0.5941552144659962,0.5170950512132778,0.5093007146357702,0.6370687972369121,0.6591442937514266,0.6196969108834277,0.5274802138502672,0.5473700707426498,0.5928006981958985
912,0.5365699628062273,0.5920597287986102,0.5230835024324052,0.5035387471121648,0.6231909558307309,0.6393733442211835,0.6236301382965889,0.5238499844317897,0.5351461567792144,0.602039856235562
913,0.5355203085214314,0.5910307906777499,0.5247151737298398,0.5030103537606578,0.6214954731471303,0.6367967419663428,0.622831886394385,0.5234411721937773,0.533915051939334,0.6033244245175109
914,0.5344704169470065,0.5899803922814508,0.5263739498085006,0.5024832208382535,0.6198237518961357,0.6342309217554406,0.6219744900166994,0.5230483093586513,0.5327019327197104,0.6045734445165242
915,0.5334210683297025,0.5889092759002784,0.5280571252205682,0.5019591394407024,0.6181815826142929,0.6316865796957357,0.6210586736531634,0.5226718045697245,0.5315071232860797,0.6057864818784316
916,0.5323730478115337,0.5878181839844834,0.5297619884046241,0.5014399063673283,0.6165744998266951,0.6291743717894082,0.6200852630073518,0.522312046826845,0.5303309513537865,0.6069631755371835
917,0.5313271450176709,0.5867078596297187,0.5314858286386158,0.5009273218052706,0.6150077535437193,0.6267048695025447,0.61905518262599,0.5219694047241883,0.5291737475891203,0.6081032371678685
918,0.5301633762017677,0.5728102665034545,0.5445231668613875,0.4828076068060962,0.5866188609994172,0.5762840498309568,0.6129504041616911,0.5252761809028625,0.5017770979640064,0.6225215300811985
919,0.5289322649661752,0.5711005664734093,0.5460507582667037,0.4821319900284524,0.5866131399757509,0.5762557577102567,0.610370963014318,0.525544912817652,0.5014425701880729,0.6232830403115519
920,0.5263195508093286,0.568273793414405,0.5488401694941711,0.4813467355166667,0.5869964645157711,0.5775478694337096,0.6057416409129768,0.525689942080371,0.501292232518515,0.6245303965433399
921,0.5260804288972935,0.563504885246569,0.5512450841222972,0.4790665602080048,0.5862386265730318,0.5740343351934519,0.5994710258355859,0.5285777544995288,0.4991746641232045,0.6259142636119935
922,0.5248528293422658,0.5617347239359445,0.5526403853022919,0.4786659020827104,0.5864839372166132,0.5749445657035184,0.5965976235376305,0.5290443707938719,0.4990226800754503,0.6265323226344524
923,0.5236326474657669,0.5599647442474908,0.5540110160701782,0.47833243042483864,0.5867393021983427,0.5759863370344539,0.5936977577252767,0.5295318709109729,0.4988877293756302,0.627124403387635
924,0.5224207113681717,0.5581957964838945,0.5553555765090824,0.47806866487513494,0.5870005431095554,0.577157921153305,0.5907749209503078,0.5300394067367156,0.49876967978987097,0.627691034261432
925,0.5227912158617432,0.5527818955918496,0.5570560991063886,0.47720662432788513,0.5884574052815524,0.5773818124356284,0.5824659852319073,0.5344041887026381,0.4984202311684889,0.6282741106624877
926,0.5215654297752805,0.5509662526200766,0.5582413509188605,0.4772338076696031,0.5887734808573636,0.5792929335073945,0.5793618694317303,0.5351002345810967,0.4984845927464135,0.6287568820460363
927,0.5282556250091317,0.5353644779325283,0.5564060856417548,0.4829849596091577,0.5993367916065954,0.5866576704346673,0.5530598657363099,0.5514596559476748,0.5102902369795438,0.624574719647949
928,0.5269534813039334,0.5335014250991778,0.5571321207892332,0.4839010360873651,0.5990452246268654,0.5895428165034376,0.5498516288055332,0.5526967585000228,0.5107155749686642,0.6248846031887016
929,0.5256571106309458,0.5316529740663727,0.5578189409907549,0.4849192474683326,0.5986531174092024,0.5924128445871002,0.5466827271510044,0.5539368439673119,0.5111418701427339,0.6251775917181878
930,0.5243675956766288,0.5298202815562415,0.5584662232463987,0.48603964728379395,0.5981583017649216,0.5952608268664908,0.5435580405522152,0.5551784461776154,0.5115687803940853,0.6254538138303051
931,0.523086029486344,0.5280045154014924,0.5590736941707196,0.48726206068494304,0.5975588656196256,0.5980798895602989,0.5404824355510737,0.5564201169877931,0.5119959694349121,0.6257133799632976
932,0.5261043691375632,0.5199982098781541,0.5552085889759334,0.49655557851659243,0.600416162566542,0.6039335141952463,0.5263504346960172,0.5647781632895549,0.5241521481167919,0.6206785616427918
933,0.5248161168163656,0.5182739454013732,0.5555324582489652,0.4983390932418263,0.5991191348090219,0.6063922447302008,0.523651213113964,0.5662176102459642,0.5246040727960348,0.6207884852995573
934,0.5235374180114569,0.5165735251943302,0.5558139331830833,0.5002144196960975,0.5977155714233353,0.6087640701194938,0.5210343701701954,0.5676479821424761,0.5250487938903662,0.6208809411416456
935,0.5222693868814775,0.5148981034878529,0.5560529085167385,0.5021790954612925,0.5962068675743316,0.6110442874529827,0.5185045236797505,0.5690678339135878,0.5254860647567198,0.6209558483621714
936,0.5210131274015791,0.5132488175917858,0.5562492988007125,0.5042303915678995,0.5945946982280292,0.6132284591753074,0.5160661909257448,0.5704757538873939,0.525915649213935,0.6210131110386882
937,0.5197697302119095,0.5116267840665386,0.5564030353926597,0.5063653137273344,0.5928810133633764,0.6153124232226964,0.5137237780312898,0.5718703645506584,0.5263373215136633,0.62105261842212
938,0.5185402695260676,0.510033094917771,0.5565140637674157,0.508580604412635,0.5910680319446842,0.617292301835848,0.5114815693199286,0.5732503231807982,0.5267508663029562,0.6210742452989653
939,0.5173258001122528,0.5084688138364417,0.5565823411662509,0.5108727458129626,0.589158234683976,0.6191645090243392,0.5093437166933867,0.5746143223476894,0.5271560785788832,0.6210778524253328
940,0.5161273543594114,0.5069349725060625,0.5566078346058869,0.5132379636846333,0.5871543556291646,0.6209257566654616,0.5073142290567755,0.5759610902887223,0.5275527636355437,0.6210632870311668
941,0.516397447657024,0.5035140656364142,0.5536327529792914,0.5203746826932567,0.585249134286014,0.6224129769083795,0.5026274560896852,0.5791006903731603,0.5335623010199706,0.6180299193881746
942,0.5152337423043677,0.502092721180427,0.5534893122241704,0.5229485179503669,0.582953328660605,0.6236983981213597,0.5010342506439825,0.5804678932651558,0.5339247766733883,0.6179048328000959
943,0.518445526078815,0.49523111791372537,0.541598408935472,0.5407539492868857,0.579157274530249,0.6199993990370889,0.4942515792989715,0.5856304486452222,0.5539509713630566,0.6051348762425885
944,0.5182722496507197,0.49297248503620567,0.5380710412573844,0.5467434750993507,0.576151021727032,0.6184129495312636,0.49318976080901344,0.5875910896460037,0.558808001352765,0.6011680575669431
945,0.514202365167576,0.48895803415730854,0.5355625508249222,0.557566527940077,0.5666359777381204,0.6175693167693845,0.4931019377065162,0.5936373212161618,0.559297678424505,0.598791977137441
946,0.5096121663315099,0.48624672158596155,0.5359464682608792,0.5650072317303222,0.5570395250119684,0.6176078444041143,0.494214340320136,0.5991292297549928,0.5550622340524809,0.5999515270055582
947,0.5107144121677797,0.4834534809062704,0.5240594507127492,0.5752487086093734,0.5558871133816661,0.6104434896778855,0.49934350364167357,0.5983158960627704,0.5683292805111618,0.5874226116680964
948,0.5096685267604049,0.4802230305442869,0.5068195825856672,0.5886363175641252,0.555908675767458,0.5985111461696665,0.5156406346968253,0.5984319454799785,0.5825492213277195,0.5663163779916618
949,0.5089621104750995,0.4799062719060445,0.5057941835706173,0.5900449609608829,0.5551374072023065,0.5973660288333894,0.517999085968933,0.5995000970592709,0.5822298147010435,0.5651534326174332
950,0.5097505138084024,0.48023557609638373,0.4857460106190565,0.5914850535072189,0.5816597694312787,0.5933356092097033,0.5470613144661092,0.5800905181530693,0.6050293301646309,0.5277723408700404
951,0.5081434517339443,0.4840831445124288,0.4847289667833855,0.5849427853703375,0.6255013431437775,0.6074044501969171,0.5765348120400099,0.5542939680964117,0.6184121482653351,0.49617907154177526
952,0.5063072919159738,0.48699104580910135,0.4926811003793366,0.5799474002966813,0.6499221767754869,0.6192167127558351,0.5907773375422478,0.5412525838902598,0.6214302063981193,0.485923815134975
953,0.49059013520526146,0.5049880301314341,0.5700832715631039,0.5113104653491617,0.6767918393570428,0.6424094760211615,0.6217599697473922,0.5154824020228376,0.6029548382487506,0.5278770749667224
954,0.4903093579064417,0.5041384868650238,0.5717555318616516,0.512041038032367,0.673795088170681,0.6407689205893669,0.6210153734087134,0.5154609140786259,0.6022800838936685,0.5295391228644545
955,0.48857190498200237,0.49710580106877195,0.5826153641577393,0.5196132854389819,0.6513344067238885,0.6295349861496514,0.6135352672950204,0.5148505990243386,0.5979107400331225,0.5412320116529206
956,0.48842912854823317,0.4963322911675655,0.5838585571405935,0.52055331592718,0.648129014270195,0.6282031049200982,0.6126320721483114,0.5148849443923028,0.5971243856824141,0.5428676722075024
957,0.4856653116096232,0.4977979157340654,0.592403406260939,0.4990439015020163,0.612539932526488,0.6171728281557496,0.60446358911823,0.528779467515811,0.5759105209749051,0.570139088612542
958,0.485528859745339,0.496841258403021,0.5931133743317568,0.4997294331893683,0.6100721194486822,0.6170007903289462,0.6027943964985832,0.5289398171251375,0.5751753745080062,0.571612471925225
959,0.4850507732180478,0.4961981085029078,0.5945265239245491,0.4972513363645528,0.6023075311350649,0.6160434373292307,0.5991787415790931,0.5320785374260222,0.570298497182258,0.5771931015854062
960,0.48495667278655685,0.49525860695163676,0.5950990849317844,0.49796337783616135,0.6000878713674404,0.6163483075461693,0.5973768408189162,0.5322676821147118,0.5695646768594779,0.5785735543657192
961,0.4848888701257753,0.4943468212128766,0.5956361033039929,0.4986989571310326,0.5979178663728203,0.6167873163466596,0.5955728856964593,0.5324583375324258,0.5688228008451498,0.5799291695892164
962,0.48484798603082774,0.4934641182601645,0.5961398334431331,0.49945795640140794,0.5957971193156988,0.6173609040193645,0.5937680695597318,0.532650261079064,0.5680730622123512,0.5812594614969202
963,0.48483463171094116,0.49261184263005664,0.5966126122990227,0.500240337866868,0.5937248788465126,0.6180689631219811,0.5919635532089937,0.532843214886543,0.5673156633449554,0.5825639828473382
964,0.48484940735488297,0.4917913132983992,0.5970568478787543,0.5010461495040066,0.5917000563998195,0.6189108417143383,0.5901604660221985,0.5330369660840392,0.5665508158989173,0.5838423242678261
965,0.4848929006831094,0.4910038205734971,0.5974750073042091,0.5018755300574896,0.5897212451971297,0.6198853489357029,0.5883599072868781,0.5332312870420424,0.5657787407435052,0.5850941135097938
966,0.4849656854925495,0.49025062302238304,0.5978696044659789,0.5027287133217517,0.5877867408231972,0.6209907628733142,0.5865629477260212,0.5334259555951084,0.5649996678826276,0.586319014612441
967,0.48506832020008006,0.48953294444651696,0.5982431873248989,0.5036060316468077,0.5858945632370853,0.6222248406587446,0.5847706312041709,0.5336207552432691,0.5642138363564376,0.587516726980015
968,0.48520134639082735,0.4888519709232651,0.5985983249151243,0.504507918626244,0.5840424800727201,0.62358483071879,0.5829839765987621,0.5338154753321384,0.5634214941234514,0.5886869843779013
969,0.48379274161459423,0.4899098393766402,0.6052555309250177,0.5065481315233693,0.5590276679028268,0.6432661251641106,0.5567294025368732,0.5612185496349856,0.5240031272237152,0.6149109962865565
970,0.4839318474481253,0.48918497842155445,0.605652347257778,0.508373171831457,0.5576832472706776,0.6459422695700898,0.5542657217482407,0.5616008033588177,0.5234974382375149,0.615496162668791
971,0.48410875067187414,0.48851040231567017,0.6060581233654457,0.510281846507361,0.5562918712670528,0.6486301282331449,0.5518378752386309,0.561971098685249,0.5229945541419498,0.6160586902742319
972,0.48399319808735963,0.4883001375842303,0.61028867157544,0.5239074416960575,0.5530293383265298,0.6596717155208329,0.5391662927366042,0.5709106548561589,0.5116543420637497,0.6218020569253596
973,0.48421219049631814,0.4877199621184428,0.6107381183902446,0.5264981079057099,0.5513376952578501,0.6622103432220807,0.5367862602264967,0.5713112734633031,0.5113037150833395,0.622159600922618
974,0.48447025172114133,0.4871942203653788,0.6111925999715702,0.52917527525061,0.5495815372988434,0.664696622383429,0.5344659909889912,0.5716953579011128,0.5109580255248657,0.6224981673772872
975,0.4847673351848861,0.48672345210331236,0.6116512789600108,0.5319371398385222,0.5477616659309547,0.6671241660768418,0.5322084283141665,0.5720626534843901,0.5106173257357252,0.6228178738386403
976,0.4851033551209476,0.4863081144715981,0.6121131097840646,0.5347816420090834,0.5458791919748768,0.6694868091863451,0.5300164956069893,0.5724129220244595,0.5102816682508152,0.6231188188867745
977,0.4854781865904999,0.4859485817498857,0.6125768410334085,0.537706462294819,0.5439355325225125,0.671778624924018,0.5278930903778952,0.5727459413147248,0.509951105745954,0.623401081762576
978,0.4858916656109285,0.4856451454490965,0.6130410190074977,0.5407090182900316,0.5419324062764936,0.673993939952463,0.5258410779827293,0.573061504591718,0.509625690989924,0.6236647220999311
979,0.4849047348515393,0.48728471343477164,0.6136027954506296,0.6154532848347327,0.5547986756954629,0.6725698346481586,0.5011714793361425,0.588669937797677,0.5095746117477631,0.6259023677878139
980,0.48442389357927995,0.4879524654391528,0.5730996443284361,0.6327696013149032,0.5824667407843068,0.6306951513871889,0.511920668375424,0.5839821146481309,0.5516984537450703,0.6036266592123445
981,0.48446546678683106,0.4880624408626125,0.5683076698708028,0.6322852969723766,0.5848558262256007,0.626328328257702,0.5148919779293121,0.5836771054480553,0.554856251709286,0.6003227891695343
982,0.4845457937194379,0.48818985532906356,0.5666261716002624,0.6322266206061848,0.5848626191053923,0.624604149048013,0.5165417640670209,0.5842004343532002,0.555025143899696,0.5991528896494094
983,0.48562622536985267,0.4866340193811101,0.5495645383592566,0.5844412372524382,0.7006784121341046,0.5941969997271926,0.5900258148396273,0.51381940157032,0.6249126204913269,0.48568961696296953
984,0.48563108078051165,0.4868216720977344,0.5504740785865432,0.5862104414915662,0.6980377274996925,0.5928829916809093,0.5912975168984891,0.5140830625547139,0.6246010698839725,0.4853717027911163
985,0.48564251781668405,0.4870188914719119,0.5513701570903099,0.5880662627316255,0.6952170687532538,0.591552286921806,0.5925459786086897,0.5143413279198413,0.6242696339829558,0.48509210139457165
986,0.48566064572346046,0.487225912837255,0.552251309169495,0.5900082142004729,0.6922274137551204,0.5902096241240602,0.5937710015462317,0.5145941453072074,0.6239181162679419,0.4848506036504394
987,0.4856855956172256,0.48744296532046516,0.5531161030577855,0.5920353791791425,0.6890800209426978,0.5888598961575731,0.5949724349604176,0.5148414793095738,0.6235463216045829,0.4846469445920972
988,0.4861686133907143,0.4870836194845714,0.56335161017969,0.5932069226849573,0.6825031382086676,0.5899235134658767,0.5984990496900604,0.5097926930026349,0.6233530069254853,0.4844310752844974
989,0.48624827926993525,0.4873001032241246,0.5641437254886711,0.5956565902384041,0.6787630567643985,0.5886623623230962,0.5994405445877076,0.5099835475814868,0.6229200453351966,0.48458669352385597
990,0.4864112881854132,0.4874330940537766,0.56620097729788,0.5979916685697213,0.6741636066548984,0.587793775108424,0.600629725074706,0.5094948150997133,0.6224196045084814,0.4850241924899381
991,0.4912164223381639,0.4817962646265958,0.5950550787286033,0.5339124343800626,0.5775138324084932,0.625226889435394,0.5892329108963551,0.5274564286338747,0.5813172369589531,0.5636238797804299
992,0.491883265168519,0.481836479377215,0.594885134147852,0.5346280829847575,0.5754557751420792,0.6272372039500578,0.5880140254748819,0.5276486810726702,0.5806516521814751,0.5647397295646597
993,0.4932283955471197,0.48118952771564655,0.6065265093393019,0.5346476315750148,0.5465315582327686,0.6621765016572256,0.5534979348072917,0.5674536764653754,0.5303128541474206,0.6065211955138625
994,0.49413185403772575,0.4812982250886917,0.607333613402767,0.5367475066987147,0.5449656845731883,0.664528494199134,0.5512559387561543,0.5678210439987498,0.5298567691618749,0.6069386101611585
995,0.500294802359936,0.48324941598381727,0.6085867561645483,0.5440913098237521,0.5362192015716493,0.6744213611637303,0.5439006765599352,0.5649233032212306,0.5336804992165215,0.6052886214715086
996,0.501418895625773,0.4837852694663272,0.6095883904666544,0.5464681756696519,0.534479743497308,0.6764926911535679,0.541903018261037,0.5651657153100463,0.5331994174812198,0.6056329721826301
997,0.501950907902591,0.48467306966367135,0.6291925732985069,0.5824814534991285,0.5332777400993917,0.6841062402270753,0.5203970766489513,0.5803142090293483,0.5110213287411025,0.6171410764051156
998,0.503158292188069,0.4853674612120411,0.6301053096516582,0.5858422999375439,0.5314786326227391,0.6850055595132322,0.5185921495478687,0.5805851607418661,0.5107366793396224,0.6171169924366334
999,0.5070834468120953,0.4877025741465908,0.6308949022869764,0.5920063008551293,0.5254134464379737,0.6874109678500886,0.5153684239853326,0.5800924575740979,0.5116866782925652,0.6161334152822963
1000,0.5084022609073843,0.4886236895437468,0.6317407556367642,0.5954370673787983,0.5236302278643781,0.6879983209549029,0.5138260408332006,0.5802771054270066,0.5114074079124994,0.6160532990748013
