time_step,site_0,site_1,site_2,site_3,site_4,site_5,site_6,site_7,site_8,site_9
0,0.0,0.0,0.0,0.0,0.0,1.0,0.0,0.0,0.0,0.0
1,0.0,0.0,0.0,6.141917958410244e-06,0.013954935175631586,0.9999507825831345,0.0008708383013196565,0.0,0.0,0.0
2,0.0,7.728113941526035e-11,7.047453756360692e-07,7.287082257779818e-05,0.316429483831227,0.9699951419240014,0.0017989707924603868,9.994219533858516e-05,1.0959761281002304e-08,0.0
3,2.7553071020272426e-12,1.1545602266432905e-09,5.8390906604903975e-06,0.00028680061268415393,0.5582468574747782,0.8875350280457052,0.0028751011591750812,0.00030782059517685576,8.250044291231259e-08,3.848164021136185e-10
4,1.2586250817557797e-10,5.827354767777683e-07,2.1798393187999917e-05,0.027858768110169213,0.7169839584576285,0.7803117211064416,0.043520464785378535,0.000588547413103449,1.6591808783971562e-05,3.4027524212830466e-09
5,3.0891152191218714e-10,6.887507674133871e-07,4.1020803724941205e-05,0.03128332828579844,0.7275551487313673,0.7706651425385173,0.04787910412244998,0.000697578166281294,1.8890274043703824e-05,1.0132673814680721e-08
6,6.64115898364141e-10,8.386805927487255e-07,6.807075972284173e-05,0.03493295773747389,0.7378783638790936,0.7608340937139427,0.05237702435458721,0.0008219486555988073,2.155448549565433e-05,2.131313612587992e-08
7,1.2459296604794585e-09,1.0447113352655504e-06,0.00010412523454280759,0.0388103055879869,0.7479475836057784,0.7508264322717972,0.05700407000246747,0.0009629873431794685,2.4636364256536933e-05,3.781284060130268e-08
8,2.6159776825614742e-08,1.9146319007244338e-06,0.001215398294371898,0.0433010104147253,0.8524868912193793,0.6189045954424967,0.06105244086186557,0.003655624052515063,3.121385913380804e-05,6.628586232355412e-07
9,3.1463457093495575e-08,3.1281293552386753e-06,0.001370366706259903,0.04805729356510844,0.859615242571588,0.6068874043530204,0.06516282928019212,0.003965750549621412,3.889516872154368e-05,7.603589321147713e-07
10,3.984461658955526e-08,6.692874027194898e-06,0.0015436802072633742,0.058336662075083756,0.8663111468646505,0.5946493778870054,0.07360148701653246,0.004299171654648386,5.76107365905447e-05,8.772116361865877e-07
11,5.2178754064280696e-08,9.135473284519672e-06,0.00174687389029482,0.06385727891484336,0.8728196925464238,0.5825800146003987,0.07791616157688432,0.0046685096082931775,6.881354167355548e-05,1.030899603105463e-06
12,6.85853739449201e-08,1.21458771282011e-05,0.001972855751103078,0.06964111210953944,0.8790465516668196,0.5704823401515092,0.08226031509051693,0.005064002889038279,8.153171516585853e-05,1.2130180021292555e-06
13,9.01587622948778e-08,1.5808541818672212e-05,0.0022234526031114817,0.07568729794693771,0.8849918933155102,0.5583703421735675,0.08662571653923853,0.005486653862937232,9.590583392267635e-05,1.4280300975133614e-06
14,1.27900093088228e-07,3.667331888461327e-05,0.002500569584649043,0.10224681228588119,0.8896531435458876,0.5455363603325297,0.1046652201802717,0.005937443824442299,0.0001681234987337475,1.6815031945162328e-06
15,1.777877315873948e-07,4.3685271367959705e-05,0.002844002505274008,0.10946001029083274,0.8948019568797092,0.5336429282333217,0.10929479183372426,0.006453816683338911,0.00019020920371361146,2.0480688059127455e-06
16,3.106121015710673e-07,5.233308580775988e-05,0.003624171627613447,0.11695271846364949,0.9047973339451854,0.5101958753576867,0.11381828174352022,0.0075735353331475444,0.00021564709621481044,2.9471489507015097e-06
17,4.032103715974931e-07,6.233456682122012e-05,0.004064009172978267,0.12468762914612701,0.9091861533190463,0.4983858498895735,0.11831843629863771,0.008177878475417224,0.00024374405200322627,3.492264312300277e-06
18,5.179989775021389e-07,7.385347914426525e-05,0.004544417130130966,0.13266017469365315,0.9132959698938384,0.4866552785195614,0.12278640117310921,0.008816887833024409,0.00027470779783092243,4.122197843896327e-06
19,6.592125718018384e-07,8.706804304602851e-05,0.005067869224115128,0.14086595681373087,0.9171283193981556,0.4750185548710972,0.1272154010254807,0.009491400954736618,0.0003087564399913701,4.84771745537863e-06
20,8.317213062431145e-07,0.00010217176111576875,0.0056369012166800165,0.14930017683888117,0.9206848576591632,0.46348998468103614,0.13159888735849018,0.010202210301572775,0.0003461185611925152,5.680663161255566e-06
21,1.0411037700852723e-06,0.00011937423216665488,0.006254108031434127,0.15795764234173412,0.923967343381232,0.45208374883263797,0.13593054264664536,0.010950060233206266,0.00038703329130855297,6.634024804603743e-06
22,1.2937259042588157e-06,0.00013890197570202151,0.0069221406710758444,0.16683277473518632,0.9269776216725757,0.44081386666201827,0.1402042838798353,0.011735644119290796,0.0004317503514229071,7.722023064123341e-06
23,1.5968261797417015e-06,0.00016099926530383348,0.007643702927124921,0.17591961784005206,0.9297176084010315,0.4296941596770902,0.14441426554672468,0.012559601582063469,0.0004805300701361247,8.960193727376532e-06
24,1.9586073221221865e-06,0.0001859289692238695,0.00842154788305551,0.18521184739904067,0.9321892754543571,0.4187382158257148,0.14855488208287537,0.013422515876291619,0.0005336433711755893,1.0365475196379658e-05
25,2.3883348681481324e-06,0.00021397339639077383,0.009258474212229981,0.19470278151238513,0.9343946369743504,0.40795935444679116,0.15262076980956676,0.014324911412333847,0.0005913717314208499,1.1956299185644172e-05
26,2.8964428340136204e-06,0.00024543514597194266,0.010157322272550512,0.20438539196699343,0.936335736627705,0.3973705920344919,0.15660680839008717,0.015267251427754081,0.0006540071085286389,1.3752684557586582e-05
27,3.494646777163942e-06,0.00028063795856555465,0.011120970000289604,0.2142523164276571,0.9380146359697794,0.3869846089417263,0.16050812183087834,0.016249935812590155,0.0007218518374238069,1.5776334233902548e-05
28,4.196064524993514e-06,0.0003199275670267173,0.012152328606114234,0.22429587145561602,0.9394334039505553,0.3768137171442504,0.16432007905533189,0.017273299093009436,0.0007952184949974464,1.8050735105583845e-05
29,5.015344841839862e-06,0.00036367254486982195,0.013254338076897139,0.23450806631667637,0.9405941076048476,0.3668698291816697,0.16803829407823997,0.018337608577706197,0.0008744297324378168,2.0601260855716295e-05
30,5.968804299080665e-06,0.0004122651501257055,0.014429962487500789,0.2448806175381193,0.9414988039615033,0.35716442838591256,0.1716586258089414,0.01944306267099591,0.000959818074702794,2.345527759699786e-05
31,0.0003063683925995558,0.0005377229330372209,0.20746934542437434,0.23703133215172517,0.8986112049791791,0.48669734590065394,0.1636229163431223,0.15545541150379494,0.0011006987418109195,0.0007444243266503226
32,0.00031236914814054877,0.0007100118634887288,0.2093502343338945,0.2410193751969705,0.8937634908877886,0.4969678008053786,0.16207028151749908,0.15642000299636866,0.0012750753868452458,0.0007553127818282981
33,0.00032035439474890947,0.0009300038486142933,0.21129203540623903,0.24506750305817235,0.8887409525484322,0.5072322577867344,0.1606335282788696,0.15730158945037734,0.001483017786189147,0.0007686199842943079
34,0.0003491154844208142,0.0011973302338968937,0.21718820535275823,0.24842199804688445,0.8741458606394427,0.5376930305628551,0.15925817786638427,0.15959868769233648,0.0017208998565996947,0.0008153493441092532
35,0.0006676010314812965,0.0014798645357705067,0.25490215452626036,0.2443378557714882,0.6970805923530925,0.7732513901155867,0.15929401625376982,0.1655039501002605,0.0019243455730785402,0.0012670922741179187
36,0.0006843586047683146,0.0018190804560753342,0.25579445732193373,0.24557275218362118,0.6883135956240025,0.7805667889576443,0.16017086723416574,0.16519158035081627,0.0021616955546790244,0.0012867602217602784
37,0.0007044414429805396,0.0022156027149221567,0.25671448170109984,0.24682212829575373,0.6794625393874199,0.7876893808003063,0.16132698558342556,0.1647668424018792,0.002432526908106404,0.0013096994197355884
38,0.0007279699764582071,0.002669554242519459,0.25766100975070727,0.2480830323374191,0.6705356011497777,0.794615666468999,0.16276685901239946,0.16422974471207785,0.0027364260524380384,0.001335978859783795
39,0.0007550822767447777,0.003181034475427855,0.2586328011092415,0.24935258170068555,0.6615411637603361,0.8013424116585693,0.16449450093470594,0.16358047242394247,0.0030729106371915225,0.0013656758351023954
40,0.0007887868283607693,0.004378587997168107,0.2596273140390835,0.25216691686001796,0.652224464236964,0.8076513823470777,0.1686480655775389,0.16281865118806743,0.0038459007404285828,0.0014003595851995942
41,0.0008270758012595604,0.005064691634588151,0.2607188264796028,0.25353362537212565,0.6431269251371877,0.8139296852770264,0.1711546232883535,0.1618672998941997,0.004281374232609963,0.001440654168286443
42,0.0029885910574194573,0.006192583261785189,0.25974394183066063,0.25270042679809823,0.29395795598269236,0.959891022573915,0.19027697129035417,0.09426438549396647,0.004717516587681385,0.0033296045917038924
43,0.0030589074600783435,0.006834636622615452,0.2585823728056901,0.25240807509563223,0.2894185801464233,0.9599690143233204,0.1979689593644535,0.09229452519939622,0.004958264779907365,0.0033787375350012566
44,0.0031362641300259502,0.007526794709758967,0.2573937303635655,0.25213214895780944,0.28510385749511924,0.9599043113571072,0.2059705250576361,0.0902544432114495,0.005211265021090395,0.0034318986686567425
45,0.003220824289959392,0.008268186518460788,0.2561774119509424,0.25187353813357893,0.2810154200696248,0.9596947173324392,0.21427204408055303,0.08814808162462985,0.005475635167020928,0.0034891125579956084
46,0.004939177830864149,0.008878747359647337,0.22286032864321834,0.25701353295675655,0.25254219722271765,0.9636743797071234,0.22539734695143887,0.04777621397138188,0.005621104397413,0.004502624266348453
47,0.005040019624218381,0.009522051869926475,0.22076220116269854,0.2575927229426063,0.2538801129309502,0.9620431960740444,0.23534399243489548,0.045939262307494934,0.005766272274118467,0.004557922031188292
48,0.005148862703147827,0.010202184775908873,0.21862507500245948,0.25822519143394784,0.2554185250179411,0.9602680215734162,0.24550162486817284,0.044085606040067296,0.005913504187594224,0.004616519158418185
49,0.005265821382664774,0.010917973412514752,0.21644931039398516,0.25891231738444487,0.2571515661976697,0.9583446962127122,0.2558569362118779,0.04222031308647741,0.0060621454034915315,0.004678391963157441
50,0.005957995429154251,0.01161062785747383,0.20272052089040518,0.2614405048799613,0.2728546582614371,0.9536886561917871,0.26668864108540724,0.031627536720670556,0.006180662724059339,0.004999008940714702
51,0.0060913693427006805,0.01233119170802072,0.20031610857098808,0.26260772247020725,0.2761425112217027,0.9511698091696934,0.2774988344287778,0.029980317238895292,0.006296073182242205,0.005063692046334285
52,0.006233146133014135,0.013080741007349836,0.19787427822963408,0.2638430288249996,0.27957908097860035,0.9484884929805032,0.288447465855262,0.028348127489342633,0.0064098946769610985,0.005131244841913532
53,0.006790185671520826,0.013820054774132083,0.18783720846842428,0.2662476097064926,0.29574335513530087,0.943043396771173,0.2995994230133912,0.022242906289508098,0.0065044670253986804,0.005359099818550257
54,0.007949154992291657,0.014490227735299652,0.16673600677476436,0.270409982948786,0.33756748261042246,0.9311132535721917,0.3108010554042301,0.01275954174487943,0.006560732342577272,0.005773364543493326
55,0.013687883308038499,0.014654629723123355,0.04791605855185033,0.28466652050986435,0.7027955383665555,0.7417769381779197,0.3182167188257702,0.046179664437716386,0.00666424913307866,0.006636949065224668
56,0.01331973151459426,0.014817307667837466,0.03243771349754223,0.2955916767706289,0.9328687218740594,0.3341674481640088,0.30670186229735696,0.2186146144460356,0.0072912179949490815,0.003919364796695515
57,0.013225869379108843,0.014937969585130615,0.033951668999755234,0.30626485585603636,0.9318620207475022,0.329563971732328,0.3076060979142392,0.2216263007405412,0.007903426265513505,0.003854034682042369
58,0.01312669609058812,0.01507138676575672,0.035552531509476445,0.3170208848161096,0.9306486185581879,0.3252698320640201,0.3084039272338719,0.22462652782529322,0.008575847488462664,0.0037850288314793708
59,0.008217793235314434,0.015688021637139705,0.12627790236489064,0.32214920308256056,0.9271374076193868,0.33165808460402835,0.2941271507684593,0.3067276285499399,0.009662502407574125,0.0011914013096056108
60,0.008055254522695883,0.016327121154961603,0.12945078800724213,0.33102597339755085,0.9240241777803317,0.33603630033373566,0.2933329148376744,0.30804930731321467,0.010798692791470055,0.0011384382828473303
61,0.007886345942687324,0.017006435240456273,0.132709197895389,0.3399144764959759,0.920759863602985,0.34060703209204274,0.29256214885426235,0.3092853349643232,0.012009579522890316,0.0010851211155096668
62,0.007711289201444636,0.01772699871319067,0.13605334032416072,0.3488062217998201,0.9173438613177114,0.34535986266124585,0.29182018525576164,0.31043401510952345,0.013294638182820229,0.0010318027813935756
63,0.007530324501892897,0.018489855130601425,0.13948335141994322,0.35769280155169597,0.9137757804918949,0.3502842629687673,0.2911123362522892,0.3114937345798751,0.014653245131541684,0.0009788598966587085
64,0.007343711028488758,0.019296055774670313,0.14299929272254996,0.36656590385170984,0.9100554590966626,0.35536961681217305,0.2904438831212484,0.31246296608028973,0.01608467753801448,0.0009266923630861174
65,0.006586379411969052,0.020204202785600988,0.1575351056579521,0.3741873317477956,0.9015118679063394,0.37695149603604144,0.289393731172388,0.3156572923198499,0.017605767477525368,0.0007164174333818034
66,0.0012089205183739794,0.0217631604960896,0.2919406013801499,0.36046592527912985,0.7729379266530488,0.6379620193319738,0.29470941437722636,0.29893540561189985,0.019128144472368772,0.001416623804080889
67,0.0005190404681889633,0.023623398978064723,0.35963539164432207,0.34756705296146834,0.6076713174715245,0.7977253827730009,0.30935441831160215,0.24162305575086704,0.02034566875957161,0.004848487232638404
68,0.0006257014030006947,0.031985637347140605,0.36140926002103296,0.35482707767733096,0.5985378027355466,0.7977816452414104,0.3307109885708466,0.23873561875558114,0.02570568052777954,0.005029166527754766
69,0.0006955988850963486,0.034259797991367025,0.36344057354446024,0.35627671195266086,0.5912077485211497,0.8010184704150776,0.3367697764206516,0.2355645828825431,0.027137522756589667,0.005236415356769021
70,0.004765037882543549,0.036538982502729266,0.3962555624222617,0.34755326281613974,0.4246735062245734,0.8839592214405779,0.3554967808945781,0.144392987581089,0.027966244596979228,0.012062938778925638
71,0.005052436892548562,0.03893649887800083,0.3965039721089364,0.34760259805711935,0.4197100528516708,0.8835866170773694,0.3644871298302107,0.14099676249001022,0.02886956856789962,0.012362246417275246
72,0.005358125604529863,0.04140279103188257,0.3967112463110278,0.34764062185045674,0.4149125549565598,0.8830043806065393,0.3736353551458989,0.13756406390923584,0.029771147734286532,0.012671681452696995
73,0.005682788212967259,0.0439362888020323,0.3968763018164417,0.3476684262853541,0.41028277344687014,0.8822117605638845,0.38293109080660154,0.13410089898796576,0.030669260298892432,0.012991300577099104
74,0.006027119480334346,0.04653536561537085,0.39699809557447563,0.34768713618825714,0.4058221584500168,0.8812080708435601,0.39236381022798456,0.1306134428219313,0.0315621915940419,0.013321154023387894
75,0.006391823603447514,0.04919833985365987,0.3970756266035579,0.34769790604868517,0.4015318505913685,0.8799927021876027,0.40192285263694133,0.12710803266204926,0.032448237792309036,0.01366128519068911
76,0.006777613044713225,0.051923476298191294,0.3971079378828852,0.34770191690850805,0.3974126830869236,0.8785651341421927,0.4115974494715472,0.12359116160857427,0.03332570962327002,0.014011730284990458
77,0.007185207329491819,0.054708987651308674,0.3970941182249044,0.3477003732202138,0.393465184628366,0.8769249474016034,0.42137675072013225,0.12006947178449058,0.03419293609062706,0.014372517976656674
78,0.012220491014452182,0.05737578244099947,0.39288860025488853,0.3487440062030953,0.3583963809798163,0.8848127426581732,0.433797837977216,0.08171697591257256,0.03470550085750887,0.018590479046478633
79,0.012773759453865564,0.0601149671211633,0.39204532822739213,0.34882301010594596,0.3565778869016082,0.881870177550029,0.44429364848213687,0.07889387152041519,0.03526594845971952,0.018986879463469056
80,0.013352609239773173,0.06290244378684072,0.39114587455712857,0.3489194413563794,0.35492720204928674,0.8787269358802617,0.4548289049057717,0.0761182422762443,0.03580743983604714,0.019391830343548796
81,0.013957618002738507,0.06573608715387445,0.39018997344247575,0.3490346430623179,0.3534412796395979,0.8753832632249213,0.4653925064461868,0.07339711928862891,0.03632896063454265,0.019805235397384872
82,0.014589358269118159,0.0686137335511711,0.38917742686672985,0.3491699334427902,0.35211685039208285,0.8718396235060092,0.4759734832059015,0.07073758345023401,0.03682954493762168,0.02022699053251203
83,0.015248396142812988,0.0715331831603968,0.38810810619993746,0.3493266025653513,0.35095043398761305,0.8680967125942066,0.4865610176024972,0.06814675419326961,0.03730827827239446,0.020656983900774445
84,0.015935289975910993,0.07449220230529491,0.38698195374138034,0.34950590914715685,0.3499383508183416,0.864155471255793,0.49714446478355767,0.06563177787734023,0.03776430057358478,0.021095095975096703
85,0.016650589030594024,0.0774885257868407,0.38579898419782194,0.349709077426371,0.3490767339863094,0.8600170973644113,0.5077133719843708,0.06319981583023043,0.0381968090948604,0.02154119965633374
86,0.020044828516359216,0.08041787817314137,0.37952266442786486,0.3513944958949726,0.3470060194411867,0.8560273788821502,0.5185947968655183,0.052599241921870904,0.03847576489614951,0.02353234696886895
87,0.020860625727399447,0.08338727906622946,0.3779930778182595,0.3517908563566213,0.34704918187677253,0.8512769775370403,0.5291611518346183,0.050799759987273437,0.03876052443157249,0.023996008355644232
88,0.021706473073091637,0.08638419602822091,0.3764061230869614,0.3522209327566237,0.3472194583718634,0.846340599708876,0.5396722031232843,0.04911502208390272,0.039020316705546704,0.024466291810421443
89,0.022582791071922983,0.08940626342525705,0.3747623083023183,0.35268569248952863,0.34751179272567545,0.8412208304111544,0.5501186524592916,0.04755175508436511,0.039254846860188354,0.024943016698483415
90,0.02348998259331154,0.09245109893942369,0.37306222419234114,0.35318604338378096,0.34792103730807805,0.8359205731261963,0.5604914869977325,0.046116612100036286,0.0394638933704934,0.025425997191031564
91,0.024428431599683737,0.09551630613840732,0.37130654502700444,0.35372283131580906,0.34844196598852456,0.8304430546912815,0.5707819897024627,0.04481615929959079,0.039647310260415104,0.02591504266440428
92,0.025398501902911028,0.09859947706041525,0.36949602939091725,0.35429683795897426,0.34906928693328826,0.8247918289257276,0.5809817484034956,0.0436568626561038,0.03980502923371642,0.02640995813164601
93,0.026400535937866055,0.10169819481045805,0.36763152084088285,0.3549087786723593,0.34979765523889705,0.8189707789700142,0.5910826635263922,0.042645074657966214,0.03993706171558785,0.026910544706341112
94,0.03586933187391639,0.10448925517818501,0.34789350893449716,0.3604036913745937,0.3645691883482766,0.8088332967796092,0.6009980268059425,0.0406493808931859,0.039810893996903664,0.03076581105125211
95,0.03702929850643256,0.10732176542714188,0.34551953466727625,0.36156731594165015,0.3665483973260049,0.802381060624322,0.6107274521259413,0.04128146573088386,0.03971838238362252,0.031271377318398755
96,0.03822059394744459,0.11015633814973466,0.34309666908762937,0.3627817743587268,0.3685779032046983,0.7957925503461145,0.620317070233759,0.04209073752934171,0.03960771499650811,0.03177953803328948
97,0.0394432558834106,0.11299067667207038,0.34062654771930473,0.36404711551922925,0.3706518518756632,0.7890737059643693,0.6297607236350155,0.04308145686508879,0.03947985779169384,0.03229006213889294
98,0.04145058406158826,0.12747616628495453,0.3373298321044693,0.36835964132980176,0.37188466401598635,0.7566873329212197,0.6750552213098828,0.04426886630864936,0.03876047438866905,0.03359307220224869
99,0.08457969628515195,0.12867610802364574,0.2440814765825345,0.38926523030521576,0.4874678453521939,0.7058237241951324,0.6735195884740298,0.17922192202611115,0.03891739254728792,0.04145269834829723
100,0.08621411333981253,0.13181742390128312,0.2409502371351299,0.3959347548517896,0.48983489752328296,0.6933008611249991,0.6860957368067913,0.18533459459954787,0.03861524788216273,0.04218819897254166
101,0.09281412625646482,0.13312799571511838,0.2263877830949206,0.4015251881669773,0.5093042459281774,0.6780586561456005,0.6883231734749441,0.2175997471419898,0.038731594017629864,0.04275564805135711
102,0.09427634709866735,0.13447428333677755,0.22343069995924494,0.4054671023183911,0.5122509358036721,0.6709897777972649,0.6933359530652584,0.22431584453649733,0.03878933780499856,0.04312818148111151
103,0.09594485099400396,0.13713078881775131,0.22038672255875447,0.41304959694893006,0.5139280395660625,0.6590258162304065,0.7037742149227435,0.2311448558375439,0.039042510464676244,0.043897726435145314
104,0.09744932390880973,0.13842393744833373,0.21745110662773157,0.41707652058054234,0.5165196867563745,0.6521074410535291,0.7082472900885742,0.2381380640993109,0.03928187299587545,0.04425786460809272
105,0.09916959988067878,0.1409650672124662,0.21444072849020834,0.4248226486767262,0.5177646786166827,0.640398852159629,0.7177144444817347,0.2452323303996092,0.039907321365303686,0.045070332237414926
106,0.10071060023842478,0.14219758716940034,0.21154917493288353,0.42891192850073734,0.5199996589662977,0.633683480605112,0.7216453823725509,0.252480520552799,0.04034569021180389,0.045419613541040106
107,0.1022586083651307,0.1433946493795322,0.20868964520698746,0.4330364647048648,0.5221083225351206,0.6270631988393551,0.7253548745314448,0.25982591396028576,0.04086371315133724,0.0457643357724473
108,0.10381264392640466,0.14455559636590437,0.20586593886822777,0.4371930597923674,0.5240900723802359,0.6205448889047097,0.7288431554604301,0.26726363643947226,0.04146448564820318,0.04610487676465328
109,0.12734177207447422,0.14491677310667916,0.1626083367089916,0.4469468153634493,0.5812482275558543,0.5805367642361147,0.6978968140869545,0.41360328117055184,0.044110730654243216,0.041985037776660745
110,0.13823703627643166,0.14518592881328893,0.14724918915457205,0.4538061827169084,0.6086274412025514,0.5567893009775421,0.6712683885597303,0.4952468540268586,0.046876139543745844,0.038943932247002044
111,0.1455182969733406,0.14808407560741352,0.2014595853977829,0.4539582758590075,0.6719113069290614,0.5002270096656534,0.5114468304774883,0.7431320775158664,0.055556988763493576,0.021149755812873587
112,0.1395211914620143,0.14933266952566682,0.2245024074565355,0.456450046483262,0.6669030122785895,0.5031583212455065,0.5023656942666886,0.7521033717111274,0.060033734863767,0.019807268738716608
113,0.1386430532036271,0.15016976337273613,0.2275233074474355,0.46149245232716474,0.664234371826805,0.5037849159081855,0.5016522671034462,0.7526234713183851,0.06424781661479327,0.019907552860368258
114,0.13772021101520532,0.15106008750931993,0.23059864376037903,0.46647054177805736,0.6614981376025375,0.5044487281067819,0.501060347643767,0.7530113265419182,0.06865498050761018,0.02002767231605961
115,0.13675316910414614,0.15200465055462054,0.2337273662653523,0.4713815068867814,0.6586980547787433,0.5051453189741197,0.5005924910388392,0.7532657032303753,0.07325097584119213,0.02016871574657398
116,0.13574248923092946,0.15300442933912645,0.23690835942388877,0.47622263773876233,0.6558379069383334,0.5058703149224505,0.500250987820287,0.7533853947532445,0.07803130216915545,0.020331806615916513
117,0.08287587654188346,0.15746458430216792,0.37683815093052014,0.4501634513235851,0.5918518199665075,0.5578808507573125,0.566397945633037,0.6803630767737822,0.08430813548851643,0.02458254593544235
118,0.08144336064663994,0.16036842405997787,0.3798877710079328,0.45226287008058796,0.5883637949919893,0.5581097106055755,0.5709039385808318,0.6761562903661404,0.08874929416135706,0.024994168948106667
119,0.07999103007637916,0.16335108014562197,0.3829223992094009,0.4542981449162739,0.584901922141475,0.5582531221007463,0.5755143766174164,0.6718007045256471,0.09329447023970867,0.0254382421574528
120,0.0785208750539727,0.16641167101444956,0.3859402307831917,0.4562692421617491,0.5814688398546265,0.5583104258994434,0.5802231076810533,0.6672976523836524,0.09793757974969494,0.02591540546779693
121,0.07703495341043157,0.16954924941991265,0.38893947048063426,0.4581762010373952,0.5780671070497024,0.5582811405000745,0.5850238211966834,0.6626486916476843,0.10267245785346246,0.026426299292685574
122,0.07553538954243141,0.1727628032354879,0.3919183348370068,0.460019132094985,0.5746991994914264,0.5581649618418018,0.5899100654705459,0.6578556142139482,0.10749287001075762,0.026971562852986075
123,0.07402437325350508,0.17605125635207733,0.3948750544518015,0.461798215583016,0.5713675063619688,0.5579617627608532,0.5948752653644236,0.6529204552789216,0.11239252311139455,0.02755183246627634
124,0.07250415847502438,0.1794134696480226,0.3978078762647105,0.46351369973973494,0.5680743270459202,0.5576715923032071,0.5999127401800058,0.6478455018872897,0.11736507654722367,0.02816773983102728
125,0.07097706186323748,0.18284824202873662,0.4007150658236313,0.4651658990182736,0.5648218681391376,0.5572946748916272,0.6050157216829629,0.6426333008551676,0.12240415319299332,0.028819910308992825
126,0.06944546126879575,0.18635431153283952,0.40359490954098287,0.46675519224832296,0.5616122406904246,0.5568314093441629,0.6101773721957934,0.6372866660095748,0.12750335026639945,0.029508961209135345
127,0.06791179407539943,0.18993035650158144,0.4064457169346089,0.46828202073874153,0.5584474576838765,0.5562823677402275,0.6153908026882049,0.6318086846874162,0.13265625003865084,0.030235500076318474
128,0.06637855540441225,0.1935749968082487,0.4092658228495315,0.46974688632544753,0.5553294317687963,0.5556482941296633,0.6206490907940032,0.6262027234399479,0.13785643036801715,0.031000122987897682
129,0.02802573011778754,0.19606975730607507,0.5139804900848822,0.4301027740469983,0.4362785651965113,0.6180457274559945,0.7684648506135592,0.1933747058242241,0.13566573751957073,0.10621588064207325
130,0.029318699387822535,0.2012540300756855,0.512865954071508,0.430249882622548,0.4355253871544672,0.6127199222345523,0.7739648206106248,0.18867830652972511,0.1364822776332197,0.10740211145559295
131,0.030677080153256864,0.206447820718185,0.5116823961580086,0.4304150463572214,0.4348256884567155,0.6073535404351789,0.7793412292105073,0.18413653963029855,0.1372498764526513,0.1085949401146804
132,0.04368839466022959,0.21101578786214445,0.4999151776831092,0.4352695242066668,0.4293987830774653,0.6039295932239386,0.7881750814804138,0.142853715599014,0.13577752714514785,0.12109667043508898
133,0.04562214846723714,0.21595274891283953,0.4979812113847972,0.4357826982702943,0.4292400455780851,0.5981046068832003,0.7931941567540829,0.14055101316448176,0.13595289729153104,0.12220519534384316
134,0.04762219821332506,0.22087760918913982,0.4959868694287273,0.4363188953869327,0.42911158868166044,0.5922807922749115,0.7980769757105943,0.13845624485830335,0.13608664124443504,0.12331085106252564
135,0.04968861399285209,0.22578709738618724,0.49393396583588367,0.43687757160383034,0.4290109157912172,0.5864655531558163,0.802822811618491,0.1365744833449546,0.13617953703856656,0.12441307299041242
136,0.22105791142732775,0.22076251435233632,0.24994036167104863,0.5090138837885397,0.5329227509509235,0.5269086541985818,0.6824048251818385,0.5827195626123802,0.13367577003263947,0.11482051416132615
137,0.2361459746719318,0.22259604473044525,0.2124007274683235,0.518909901992736,0.5712316949283771,0.49843582663188446,0.5502908137530103,0.7548579553919235,0.14333368082696,0.07383657264887798
138,0.23588223778006842,0.222726332017025,0.21264969840924486,0.5230755437052498,0.5699698494954338,0.49745990670893037,0.5473713275935889,0.7575005909251483,0.14888701009045083,0.07357430617671314
139,0.2355764478955451,0.2228709851789491,0.2129724841809913,0.5271943248988661,0.5686430696756679,0.49656574968271494,0.5444843287273012,0.7600049695949893,0.15464177089851797,0.07332167106527554
140,0.23522828138434723,0.22303104308096108,0.21336977194723208,0.531263649426913,0.5672547415739589,0.4957502317795618,0.5416347095152749,0.7623691461598439,0.16059339432069,0.07308097412970638
141,0.23483744480090904,0.22320754289204434,0.21384216918426058,0.5352809857030769,0.5658082954725666,0.49501018724223017,0.5388272407533596,0.7645912312704072,0.16673702235804766,0.07285456590039287
142,0.19763622886244867,0.22950503569641784,0.2685504827300338,0.5303168699373677,0.5667463888439123,0.4928649531024767,0.4920771116622959,0.802555889030769,0.1787784315137838,0.04055480557987892
143,0.19590998737448903,0.2306867819855301,0.271158656654057,0.5335197241760341,0.5645549009945092,0.4930867550562293,0.492618573844497,0.8013480618137182,0.18625601230803665,0.0408383065390801
144,0.16724406138860035,0.23448427360022067,0.316469739248283,0.5275491087740697,0.5550921470413809,0.49861416955940213,0.5140096631336444,0.7835632182244776,0.19569501473598847,0.03687751560391599
145,0.1651565053340915,0.23643715189709055,0.31954335999159084,0.5299940001714102,0.5527874059758516,0.4987689660845786,0.5165165988748526,0.7807883056870081,0.20326770136237982,0.03754935401462443
146,0.16286570029824685,0.2575354249756589,0.3202784695729399,0.5615852220244885,0.5345435717009939,0.49545612096572106,0.5217455327251241,0.7651480540194733,0.29027050309083385,0.04668793587873232
147,0.1605471199384839,0.2596131600345636,0.32325441202024374,0.5635208526669818,0.5325289978442905,0.4954618206112494,0.5244254856382503,0.7615012337311109,0.2986170623092711,0.047692992390722305
148,0.15821371849156932,0.26174186044624587,0.3262384821481117,0.5653751963568221,0.5305455664690494,0.4954455092739032,0.52718707731176,0.7577195132868236,0.30696454090719816,0.048761109238130484
149,0.15586801093401173,0.2639212354657231,0.3292288959489402,0.5671483857688502,0.5285951044475419,0.49540700127757886,0.5300255867220514,0.7538054145464262,0.31530498512359256,0.049893622457444844
150,0.1534432196018081,0.2745351484016205,0.33110589103844623,0.5783149734471198,0.5209621939064983,0.49387011131028175,0.5340391742037036,0.7419957253903161,0.3566061612635889,0.05508849117173097
151,0.055184806712712885,0.28025716730807176,0.5424869268278573,0.5020408738943,0.4869855889532518,0.5147401860978243,0.726554611993057,0.47807825360619455,0.3657392299325331,0.20151704738522883
152,0.055793624861296715,0.28575473600905477,0.543926126677363,0.5013697637404544,0.4861385542891672,0.5128324693504746,0.7303132306426796,0.47236521775490237,0.3689656864711641,0.20502229457151558
153,0.0565092452046956,0.2912800388233174,0.5452775579883457,0.5006886570474601,0.4853388662779517,0.5109324874152877,0.733974945032886,0.46673878080378567,0.3720821682516395,0.20855239168785564
154,0.05850450539533099,0.2966149674670358,0.5593156389695136,0.4931341448891752,0.48208279486615097,0.5105461219667196,0.748569885331818,0.43350269797243784,0.37388762832190553,0.23351987654956555
155,0.059877115335458655,0.3023196202407261,0.5601538028753438,0.49244302741400064,0.48147444817494245,0.5085032561417573,0.7518456825700692,0.42849737903771895,0.3762087388040805,0.23705181154882082
156,0.06136823495591435,0.3080376859829267,0.5609025708219278,0.4917550406483461,0.48090553639497613,0.5064864218146763,0.7550142285299182,0.4236208393773511,0.3784192490465189,0.24059263006036266
157,0.0629795155599893,0.3137660287033386,0.5615623641471871,0.49107158167213827,0.4803744321854448,0.5044996314577502,0.7580739827960752,0.4188796103709532,0.38051864183080125,0.2441402566569656
158,0.09766401440160356,0.317446934512686,0.5890335101888159,0.47485136619199664,0.47405903838380037,0.5059550091935217,0.7832148061830315,0.3414900436118117,0.3723992653194207,0.32972303223754956
159,0.10108197681501363,0.323089203863232,0.5881554297085493,0.4746741779601061,0.4739065126047981,0.503589806233252,0.7852677847187536,0.34003500532471304,0.3723674338344195,0.33250713264808035
160,0.14470643149637816,0.32573914921669733,0.5837929788729764,0.47688886850576745,0.47260844160209037,0.5019828386008822,0.7871647906918563,0.33685015975115984,0.36297212824007735,0.3735174241832924
161,0.14887844714021536,0.3307351282546222,0.5819337258030861,0.47731720686311674,0.47260619827216743,0.49964878207215163,0.7884359257679592,0.33810851510022716,0.3621922694895385,0.3752861329237653
162,0.15314238619823184,0.335691307923415,0.5800096199093127,0.4777737253893684,0.4726072216698944,0.49740179746866503,0.789590901433872,0.3395345325559311,0.3613854017255695,0.3769802843784374
163,0.1574955022395594,0.3406050257556494,0.5780228905972181,0.47825733934572423,0.47261076554263004,0.4952443724936593,0.7906296652059674,0.3411259133235691,0.3605549242493552,0.3785992309383407
164,0.3558588617209157,0.32625759944780575,0.39350357389873175,0.5611823960490864,0.48477202514837353,0.4863837333899623,0.6160624870903139,0.6791831161452853,0.3582861320282092,0.30265230534365195
165,0.3572033207901865,0.3267851443960376,0.39072342842726127,0.5629848716862377,0.4843957608420122,0.48551553084882265,0.6129848388145483,0.6819988612635067,0.3629042124946823,0.30073864387316496
166,0.3638636598919294,0.3320659979180776,0.32923903511984304,0.5816618214646333,0.4886151906803307,0.48199127678964065,0.522339055494596,0.7630964395175809,0.3822158051906842,0.2121920633121493
167,0.3633578687248485,0.33216992137984586,0.3279011696076337,0.5832398042673905,0.4879929444907151,0.4816940210625907,0.5198873038709279,0.7630824379231977,0.38949427825982563,0.2106157726835586
168,0.3069201908467031,0.34528833226612554,0.3164955196431325,0.5873528927623823,0.4897362909393316,0.47996106367923114,0.4830850240077597,0.7845870577945776,0.40730389718988436,0.11287497297069429
169,0.3044043344116768,0.34599727496262817,0.3174810967557153,0.5883610422336071,0.48896810151131936,0.4799605272936235,0.4838093030984988,0.781408003167781,0.4159891611884044,0.11288724169254759
170,0.275489882705359,0.35003866224732694,0.3312719503806904,0.5860524809830124,0.48817012241185137,0.47996850924496076,0.4978316449598884,0.768597267882631,0.42541959777086524,0.09828496581699663
171,0.27260244279956947,0.3511660996320747,0.3328260909957865,0.5867380095727522,0.4874521108061117,0.47995702163551496,0.4996246978871935,0.7645042536071156,0.4339653352875482,0.09902134550424632
172,0.15120726352920413,0.3619745625426163,0.4375968726498691,0.5546088256883749,0.48379717071241074,0.4809174926272538,0.6252965197910875,0.648209306770444,0.4488054746537141,0.13692672085549926
173,0.1491172324109179,0.36530276678222734,0.4397421497917194,0.5541612360679207,0.48330865452602767,0.4805921898644901,0.628845156228976,0.642290065890535,0.45491401311474733,0.1402185373101762
174,0.14709530257867293,0.3686641443288289,0.4418386539709792,0.5536758873333625,0.4828542857514942,0.4802855676647718,0.6323331849757522,0.6363740801324087,0.46090131759635533,0.1435761394239113
175,0.10274151792497865,0.3703940830323051,0.5639526056453359,0.49570761204323044,0.4790759989198498,0.48187031512877077,0.7527214214476923,0.4403739165382143,0.4585895149036114,0.34376975393130976
176,0.10532130990927607,0.37584101328066755,0.5640960296940047,0.4949488968461919,0.4789368615661903,0.48111883614186246,0.7544371486480876,0.4370804881469178,0.4597277953169169,0.34776018364662215
177,0.10804439842991369,0.3812766282177335,0.5641565187851749,0.4942065593589292,0.47881357997245044,0.480434709015042,0.7560373596467082,0.4339580597595248,0.4607565340238152,0.3517233453457656
178,0.11091054461429489,0.3866979287527113,0.5641353114000213,0.49348140632637044,0.47870500707807817,0.47982006798193144,0.7575216739765421,0.43100959886542534,0.46167645620298714,0.3556564669501524
179,0.11391927409407092,0.3921019005514397,0.5640337257109193,0.4927741763712466,0.4786100424606725,0.4792769159229643,0.7588897953160605,0.42823774884694144,0.46248837862518977,0.3595567913903747
180,0.11706987599705516,0.3974855163257643,0.5638531581356069,0.49208554013359435,0.47852763426339,0.4788071195749092,0.7601415067871193,0.4256448250297938,0.46319321078145553,0.36342158229079863
181,0.161227901691321,0.39951822464709935,0.5818123540487036,0.48078907067904175,0.4779318116476152,0.4787425986129256,0.7696128747817573,0.3985046988434227,0.44895836426866376,0.4423139833490359
182,0.16606899772971576,0.4046395890495742,0.5805562304217635,0.48061781469229314,0.4779181286053584,0.47833629338119377,0.7698102557062252,0.398848937714005,0.4481264838907255,0.4449207140660858
183,0.17101531428008399,0.4097096183052976,0.5792368354123617,0.48047157015384284,0.4779098758052609,0.47801467102311834,0.7698991396264576,0.39935725720273657,0.44723721404683975,0.4474392295675077
184,0.17606305500026423,0.4147256449695122,0.5778563959815395,0.4803498150996431,0.47790668749479537,0.4777782009728973,0.7698798743662543,0.40002706343637073,0.4462935406246226,0.44986817172228666
185,0.18120827430214573,0.41968505095705755,0.5764171985758849,0.480251970037344,0.4779082629107913,0.4776271861828294,0.7697528473667653,0.4008555227588444,0.44529855450442246,0.452206357488326
186,0.1864468866960348,0.424585271072998,0.5749215866804994,0.4801774003884823,0.4779143658814754,0.4775617631167679,0.7695184856636331,0.40183957110779767,0.4442554509675074,0.454452785080878
187,0.22361022183144846,0.42601986264263964,0.5719826108714229,0.48127031938027687,0.47786949294933023,0.47763636604031556,0.7625673907221787,0.4182637884976209,0.43425248489998813,0.4770318391210092
188,0.3992947363832792,0.4099344814367907,0.5026030134744689,0.5198354512157367,0.4776810435459081,0.47788091624470375,0.6578126856326469,0.6076095231815505,0.41874744033637024,0.4537744319362676
189,0.40279727342621563,0.41153411392289585,0.5000387704272067,0.5206828986461026,0.4777598884076935,0.4778768131752066,0.6548861341240423,0.6108650950259342,0.42091384190033326,0.45190437212475626
190,0.470349499423849,0.4144108767758707,0.4316595290444269,0.5505478065090231,0.4778117434746712,0.47786722848238905,0.5497943904877991,0.720604210109685,0.4476950492075259,0.3548767601506875
191,0.4713972300356986,0.41492142789232017,0.42985689966422513,0.5510707398810702,0.47793941467280876,0.477864257068866,0.5469330155723608,0.7210317912463516,0.45348140153271127,0.3528414200688163
192,0.4788281430970443,0.4197025353325621,0.40953293287147785,0.5585690061374244,0.4780860705300307,0.47783409485982603,0.51614474007057,0.7424214223147466,0.4689545619822907,0.3126680423406452
193,0.47896356718174626,0.420051333757036,0.4082388815224645,0.5588482315703656,0.47825951492659496,0.47783990326215126,0.5138970537659114,0.7415550878443962,0.4757790850550233,0.3110395049542932
194,0.4790571155407422,0.42040365928618906,0.4069937303319363,0.5590794151753893,0.4784554157702641,0.47785210391865424,0.511715809592239,0.7405356182587142,0.48268297608538563,0.3094855341719028
195,0.4791084336813447,0.42075967867568526,0.405797826243913,0.5592621802899173,0.47867413870677933,0.47786976976018986,0.5096022701619257,0.7393636139539609,0.4896579202589377,0.30801185856922053
196,0.47911715904065816,0.4211195396454929,0.40465146047648076,0.5593961899472032,0.4789159971479424,0.47789203045806833,0.5075575512319528,0.7380398456328002,0.49669547105336237,0.306623964828158
197,0.4759100571489254,0.42710374884984803,0.39151856670708063,0.5637023429760247,0.47920276118824245,0.47785114034226206,0.48976939891646,0.7465467439847406,0.5107438437444883,0.2713029939928565
198,0.47508733983674467,0.42741767946643805,0.390906918059993,0.5635827431514688,0.47949402409072595,0.4778663286288609,0.48853595012327333,0.7441168069247842,0.5182550452679713,0.27059084692636526
199,0.47421545969639806,0.4277371591725151,0.39034283352099886,0.5634140608522801,0.4798084525569999,0.47788279526455396,0.4873806857816314,0.7415440116639275,0.5257672987759625,0.2699824880045712
200,0.4732942984082129,0.428062159767772,0.3898259784600158,0.5631963340207091,0.48014592493475167,0.4779002757055248,0.4863030351732005,0.7388306897138878,0.5332715892300148,0.2694809489230231
201,0.4723237574453046,0.42839263912362574,0.38935597260146376,0.5629296393371087,0.4805062630067511,0.47791856504276126,0.4853022838137,0.7359793864296087,0.5407589577459172,0.2690889575160034
202,0.37031276689165865,0.45009116223752943,0.3964423961911046,0.5599018038664448,0.4798681065702767,0.4783877971860693,0.5221609169011101,0.7033379625128465,0.5484600462179958,0.19297776459916235
203,0.36696370008132917,0.451023109156324,0.397702288979481,0.5589609591174038,0.48017652270612626,0.4786067656245385,0.5242743548156497,0.6980324982372983,0.5548375961997059,0.19562906639308655
204,0.36048158301199745,0.45213279069078777,0.4001146522362714,0.5575793497520403,0.4804412500334302,0.47888182953108566,0.5286781474057412,0.6909596325577183,0.5607896994520413,0.19895614406519185
205,0.33180635119336177,0.453967856232134,0.4117418038782681,0.5528037518914689,0.4802452065729258,0.47948653872118996,0.5503304355056302,0.6702766605440862,0.5643826309984872,0.21107522017136643
206,0.3285392617491407,0.4552423954723168,0.4131033428480868,0.5517208656558795,0.48054406618944867,0.479869887603267,0.5526338020315893,0.6648264491552738,0.5698918395159128,0.21447110383482335
207,0.31590504950390863,0.45665979816041646,0.41874126778094745,0.5490084847207268,0.4805877666552275,0.48045566672572304,0.5625149051813558,0.6531018429757897,0.5742821351728096,0.22369274831743013
208,0.3128034278538999,0.4580880004755187,0.42008769238592064,0.547873770751273,0.48088081498799534,0.4809421701665935,0.5647670601915474,0.64771098182695,0.5793489972184342,0.22738630512328953
209,0.30975263624872124,0.45953724458493744,0.4214151639766158,0.5467225814227056,0.4811757067289629,0.48146646809204857,0.5669694156281966,0.6423616507088071,0.5842790135647667,0.23114281986935697
210,0.3067580775044263,0.4610074007647058,0.4227229217626936,0.545556211033842,0.48147128285733054,0.4820297814589636,0.5691185790740213,0.6370613509666009,0.5890716219116209,0.23496077545529653
211,0.30382516227005313,0.462498280299267,0.42401024354847766,0.5443759502883287,0.48176639470528,0.482633284163021,0.5712112816037895,0.6318174912391109,0.5937264549586142,0.23883862891288252
212,0.30095929711929936,0.464009632193247,0.425276445577069,0.5431830846905443,0.48205990642113483,0.48327809917591746,0.5732443809460319,0.6266373683225691,0.5982433307239943,0.24277481356378108
213,0.29816587233340985,0.4655411400189181,0.426520882299598,0.5419788929531788,0.48235069736921793,0.4839652947855733,0.5752148643891627,0.621528148258151,0.6026222425373158,0.2467677409651249
214,0.29545024941067505,0.4670924189205868,0.42774294607371255,0.5407646454195945,0.4826376644625625,0.48469588094895544,0.5771198514426654,0.6164968477179603,0.6068633487559237,0.2508158026333305
215,0.24075333039122296,0.4682771937094476,0.46193418433028494,0.526258890134613,0.4789572842077289,0.48810416271279694,0.6266913156245857,0.5657657553428507,0.6020855165682819,0.339720198883861
216,0.24800718377477848,0.4858499549821919,0.4593268895451822,0.5219428458114365,0.48132540945536273,0.4961255462154759,0.6233424511659105,0.551929106803925,0.6216014053840492,0.34646370875546384
217,0.24783918376339814,0.4882239953120682,0.46010189144924557,0.5208094762550248,0.48143647237226556,0.49756829648230644,0.6240923016837211,0.5487424807332256,0.6237962927109201,0.3514518397834536
218,0.24783279641948722,0.49060366891826407,0.46084025603264667,0.5196863057093474,0.4815344612762172,0.49906483821625314,0.6247398509469696,0.5457151354303721,0.625875367393649,0.35645140861883967
219,0.24799020219525816,0.49298703831044877,0.4615422839303329,0.5185742172743221,0.4816188683893229,0.5006148260218148,0.6252847623643163,0.5428490962186092,0.6278394370247873,0.3614599080539056
220,0.250004429715306,0.49772763299553446,0.4616649954484255,0.5168716830386464,0.4821003268333577,0.5036396113294618,0.624743046679177,0.5390169903076849,0.6320253105084261,0.3666133812366355
221,0.25054042784813735,0.5000719334094473,0.46227620281766096,0.5157866494394925,0.4821452436756493,0.5053330867037119,0.6250154211430293,0.5365794381118001,0.6337093911786537,0.3716084891591242
222,0.2512451114919668,0.5024122181214055,0.4628530423871991,0.5147155637932354,0.4821747733469341,0.5070777679686415,0.62518540924385,0.5343073165395541,0.6352809161263896,0.37660422686807454
223,0.251193824059365,0.5047877150200982,0.4644742142397276,0.5132175104415899,0.48178754966679527,0.5091351919783254,0.6263697599422365,0.5309947880427448,0.6360764065625222,0.3865809828866164
224,0.2488096578199855,0.5073601029589462,0.47138193087810853,0.5095690072862548,0.4794050557975587,0.5125398933713465,0.6320375171440544,0.5226938409225855,0.6332007802461727,0.42259026268426697
225,0.25089475999528893,0.5098920466161704,0.47173696931888015,0.508633218795899,0.47937312675754484,0.5145088569843688,0.6316489831394945,0.5213732744661806,0.6340167570442936,0.4276682383731923
226,0.25314847974226123,0.5124026514183231,0.4720572252672948,0.5077151570998454,0.47932741978029436,0.516522219713312,0.6311615504582292,0.5202143380089371,0.6347266353854184,0.43271872399323197
227,0.25556904619666776,0.514889262259944,0.4723434127810468,0.5068152554219033,0.4792679497918487,0.5185785314193019,0.6305764427130517,0.5192150240179394,0.6353309348435532,0.43773849816585547
228,0.2581543556698338,0.5173491932794274,0.47259626803442534,0.5059339077985616,0.479194777847715,0.520676249467262,0.629895011313156,0.5183730204024241,0.6358301631516444,0.4427243138617137
229,0.2669894156866078,0.5193780261793337,0.48505180284709415,0.5002472623698346,0.47421738082059955,0.5259345418314313,0.6339536058057224,0.5111420050427312,0.6247175484183501,0.5168033251610318
230,0.2767085365173159,0.5213427335327083,0.48954714140233613,0.4978241353668598,0.4727293186752315,0.5290434133453541,0.6330217728551774,0.5103825206941168,0.6191496410833691,0.5472565435129484
231,0.3779389738485992,0.5055121534782641,0.5201248305850644,0.48605782635840544,0.4746198246862109,0.5301377681459382,0.6067233110347613,0.5342165587899835,0.5621618999368457,0.7038909168842448
232,0.3865565212081291,0.5070178182700591,0.5196179614583735,0.48583537927720044,0.47535959671424377,0.5315218331730466,0.6034918431822998,0.5371766488486923,0.5589982367393678,0.7053660241120457
233,0.42665440766959223,0.5023125135814056,0.5219827233538932,0.48475959402785007,0.48113218637874483,0.5297647835360642,0.5879115752854899,0.5530106508516237,0.5445961840074105,0.7110972132856874
234,0.43466732501216926,0.5035554509561234,0.5211211719080475,0.4846800025353609,0.4822332683311203,0.530689893858733,0.5845139582865113,0.5559127587999291,0.5424566208682046,0.7092037338566345
235,0.43969865019011506,0.5052499002388708,0.5201045061978365,0.4846384413816854,0.4828328193554668,0.5318987097226358,0.5823019509743111,0.557523399288106,0.5412446244427621,0.7072803083897599
236,0.44468432021803805,0.5069086415118127,0.5190921042935477,0.4845926626919811,0.4834504808090502,0.5330834650979371,0.580094762841064,0.5590857005982929,0.5401036052275839,0.7051846076791876
237,0.5696203783961756,0.5388569010198173,0.46863170107413465,0.5000242993566552,0.544200755421736,0.4943580551241177,0.5133694367247962,0.6063714142952633,0.6815589260093149,0.3992447017170293
238,0.5659474282143422,0.5379135990349624,0.4700607331411671,0.49756246601201015,0.5457476371032141,0.494633013940217,0.5135984328638424,0.5993366319287279,0.6904529924095427,0.40099629933656705
239,0.5545739190054022,0.5387475326598425,0.46811353928802607,0.49726414315019535,0.5461252074491233,0.4949771092151963,0.5164012637505088,0.5935008725242785,0.6988557663734504,0.3881505534168454
240,0.5514740174651614,0.5383808695067623,0.4686380447299957,0.49608353542291733,0.5467799219118238,0.4952465659410996,0.5168478199194801,0.5897545845211702,0.703414706460566,0.3879670344438618
241,0.5483460613040446,0.5380091011267307,0.4691897972696891,0.49489470039637046,0.5474066211937405,0.4955475735345925,0.5172873338697617,0.5860447933553833,0.7078543782298119,0.3879053738000136
242,0.4941930878611063,0.5380223772350755,0.4656686420114697,0.4911135967013587,0.5450867000164568,0.5018397663567373,0.5301879226823134,0.5607309484452567,0.728633345276145,0.3589071856853001
243,0.49058398564657096,0.5375855969839126,0.46647462874928436,0.4898230999891686,0.5453173290039764,0.5026953498501708,0.530552836222905,0.5576461936329717,0.7314897561680568,0.3602880742384779
244,0.4869953650167163,0.5371475044015086,0.4672928095171303,0.4885362768041811,0.5455100991273192,0.5035925799093275,0.5308789376425372,0.5546703676029042,0.734201989735508,0.3617392162268941
245,0.4834310138901611,0.5367077199557664,0.46812204486934816,0.48725402673611723,0.545664431966409,0.5045314624215249,0.5311648443446789,0.5518077523221142,0.7367699730523812,0.3632571900199574
246,0.4798947532402216,0.5362658054357753,0.4689611913013584,0.48597723962918027,0.5457797932664655,0.5055119264337901,0.5314092838969159,0.5490623985655172,0.7391938360808349,0.36483851542104123
247,0.4312708991337527,0.5360107101610567,0.4629841130291145,0.4880592001104627,0.5318877507521267,0.5159531194093121,0.5426412981712379,0.5392894408806346,0.7254710904506243,0.35717400215565936
248,0.36290649218530296,0.5346198515138407,0.4569056756176076,0.493376228250783,0.49690227328405934,0.5396952696252445,0.5598595476455343,0.5260294698398612,0.6790035297655288,0.42986227567721114
249,0.3855264603748698,0.524251824503145,0.4726316684766633,0.4982285951837694,0.4607016785097122,0.5625063365766831,0.5568910050429153,0.5244933248083902,0.6172771331986602,0.7165493793542445
250,0.39106897168549765,0.5253331541389895,0.472484961904636,0.4981422462140944,0.4609904038218781,0.5641676986183184,0.5552901852911112,0.5260300336608386,0.6158604682928587,0.7190524613611461
251,0.4197661863855823,0.518246475060753,0.4793126781284402,0.497807801620235,0.4641379906372767,0.564142752798133,0.5477429171032444,0.531240733967601,0.598611839078396,0.7604466076304485
252,0.42543272138301613,0.5192316330849127,0.47902375074810616,0.4978072927531791,0.4646992448004553,0.5654066260296333,0.5461945640731629,0.5327263008147743,0.5967882541829445,0.7608103745099041
253,0.4641927816926479,0.531579957259471,0.4728285629651521,0.4980088391263337,0.467041001268573,0.5774458430794941,0.536222147464392,0.543752934591745,0.5886803840773736,0.7454773982120224
254,0.4697970476487863,0.5321924397957372,0.4725324275927109,0.49798546878386796,0.46758475100890595,0.5785366298268875,0.5348209031724056,0.5451608121993038,0.5865535591164632,0.7446239213286524
255,0.5009693103199782,0.5216216700804119,0.4798673902513354,0.49656660013168896,0.47867641769761116,0.5735211716317962,0.5275249712739435,0.5497774317241247,0.5626700591842294,0.7490004682305201
256,0.5862284702423421,0.5330756738114119,0.49777099635518157,0.48571042231639133,0.5341630581166222,0.5419040043936357,0.5223296189824171,0.5493602892737397,0.5749735396501101,0.6508299863992665
257,0.5879287106310911,0.5343071915294055,0.4980592212680124,0.4855309521065362,0.5353216339565805,0.5413539538878671,0.5220627666136595,0.5480206292034905,0.5774597725888015,0.6466533549837589
258,0.5895864642841673,0.5355465824257744,0.49838857416279075,0.48534406406218394,0.536465789536985,0.5407995736872503,0.5218206547541419,0.5466332989302501,0.5800411719453431,0.6426088220861712
259,0.5912018877197416,0.5367933046581721,0.4987593208028354,0.4851503164944087,0.5375945756680215,0.5402424074889974,0.5216022546564153,0.5452009195009979,0.5827148152078689,0.6387083684299486
260,0.5927750735097405,0.5380467687970407,0.4991716860182004,0.4849502825608381,0.5387070566074104,0.5396839901607211,0.5214064981616869,0.5437262133234071,0.5854774928828848,0.634963405315604
261,0.5943060445441961,0.5393063388197977,0.4996258535511693,0.48474454941020617,0.5398023110719858,0.5391258439565755,0.521232280034435,0.5422120013332882,0.5883257093081407,0.6313847356383042
262,0.5971530830949946,0.5417417573708312,0.5004413930242319,0.48413859399780945,0.5420281282434072,0.5378707829766824,0.5213125666442819,0.5404211194520183,0.5932875315414177,0.6258961715027173
263,0.5985371016791533,0.5430058762497431,0.500995559904468,0.483918026114626,0.5430803193896201,0.5373172663599888,0.5211841849897301,0.5388051928003057,0.5963667840713424,0.6227571251433869
264,0.5998785561783365,0.5442730449632104,0.5015920859388623,0.48369367495505133,0.5441121452194656,0.5367693634391092,0.5210731521420569,0.5371602428837801,0.5995162246297396,0.6198149171810151
265,0.603610474856285,0.5481484131226494,0.5028894607162243,0.4826087012196948,0.5473073614540209,0.5349160211317019,0.5215361627554607,0.5349238135548353,0.6072000798096236,0.6134434784559394
266,0.608181459529836,0.5535376228188009,0.5045547515871004,0.4810655889464372,0.5514336095715355,0.5324893513131727,0.5223513490228988,0.5322845261791552,0.6176256215685848,0.6060288989887674
267,0.6090764918024527,0.5547558951396663,0.5053584927166795,0.4808123605559581,0.5523584854136844,0.5319886411603718,0.5223002754057546,0.5304540027826772,0.6212072490704555,0.6041616176009672
268,0.6099257697154316,0.5559684979891815,0.5062050322433366,0.48055850220959084,0.5532575725036125,0.5315028983604874,0.5222579458047365,0.5286166922136893,0.6248184915805272,0.6025189226755451
269,0.6107284498871646,0.5571743837637616,0.5070940542498226,0.480304697341958,0.554130128804453,0.531033291561276,0.5222230200599101,0.5267764162235821,0.6284531176821937,0.6011037948154948
270,0.6114836145122653,0.5583724867739788,0.5080251993342537,0.4800516332219936,0.5549754367799546,0.5305809350078953,0.522194149829038,0.5249370458100987,0.6321047393842527,0.599918390848322
271,0.6190831354018808,0.6214358470841098,0.5143375231356966,0.4656953220412524,0.5796458834748992,0.513364826776085,0.5367818323117184,0.5107734014178333,0.7238515079787495,0.5424135820750965
272,0.6064418017038538,0.6228895812828077,0.5143543203921106,0.4657200998545245,0.577812596785126,0.5141594933934265,0.5379577635499586,0.5091690807921513,0.7243361180889789,0.5340232612379656
273,0.6034416032267976,0.622130725415233,0.5159539897667246,0.4653001876085948,0.5777586030666647,0.5147948215830859,0.5375848617755433,0.5083142806239537,0.7249758815733688,0.5359803095352772
274,0.6004261027914379,0.6213466941530309,0.5175779066259654,0.46489398288167216,0.5776630698206848,0.5154623586545294,0.5371754526818433,0.5075921471274012,0.7254899706321909,0.5379563255715263
275,0.5973994812065107,0.6205380602743539,0.5192242417386158,0.4645019405631235,0.577526149712951,0.516161353270467,0.5367291865606129,0.5070037591335554,0.7258803608403405,0.539946339692167
276,0.5943660148205203,0.6197053436385237,0.5208911401716692,0.4641244995015951,0.5773480470076108,0.5168910019394989,0.5362458119947645,0.5065498760960442,0.7261492212829104,0.5419454818306805
277,0.5913300648689128,0.6188490083841095,0.5225767242659878,0.46376208199907276,0.5771290177680325,0.51765045161808,0.5357251805273336,0.5062309355442915,0.7262989051743794,0.5439489966142498
278,0.5882960663108652,0.6179694605266782,0.5242790967145662,0.46341509333825376,0.5768693699946211,0.5184388023616686,0.5351672512538466,0.5060470515910217,0.7263319400630572,0.5459522576040365
279,0.5852685161984064,0.6170670459768242,0.5259963437381723,0.4630839213443501,0.5765694636968106,0.5192551100100306,0.534572095309005,0.5059980145071026,0.7262510176559274,0.5479507806218393
280,0.5822519616231778,0.6161420489971082,0.5277265383524269,0.4627689359822957,0.5762297108963675,0.5200983888916128,0.5339399002176987,0.5060832913722749,0.7260589833002848,0.549940236120029
281,0.5740468498391273,0.6147542328270021,0.5286559005555744,0.46315616042313806,0.5732269692398142,0.5221651477699222,0.5327940733995824,0.5073807229188142,0.7212547307809218,0.5486569082462692
282,0.5710923213154661,0.6137307533658548,0.5303890377624112,0.46287800928182676,0.5727680862834127,0.5231288900618231,0.5320450133971378,0.5078853000787685,0.7206524809722199,0.5505768920617231
283,0.5479120796671139,0.6063266144038262,0.5343299521237701,0.4649809756813026,0.5621442422123154,0.5317265350526268,0.5263824890603181,0.5157780438594155,0.7012641999331716,0.5514205923390042
284,0.5365832602077178,0.6010225681238615,0.5326454664457312,0.4692734269310481,0.5519171037947075,0.5378968337550298,0.5221743508015529,0.5210423869679653,0.6832361593630463,0.551614278784874
285,0.5349152133454853,0.5998355324008032,0.5341915255655993,0.46915037660837894,0.5511958849716148,0.5392030949470106,0.521103046347958,0.5228297674353631,0.6820415085939849,0.553229090266241
286,0.5333674282307073,0.5986294973901557,0.535726365746963,0.4690459083636355,0.5504536180522888,0.5405157054154095,0.5200155194674343,0.5247038663549646,0.6808357204942075,0.5548056752151247
287,0.53194243737605,0.5974032342602477,0.5372484168370805,0.4689599855829367,0.5496914486344642,0.541833322255342,0.518914524798557,0.5266589851281067,0.6796209646044266,0.556343768259254
288,0.5306424762810734,0.5961554783934973,0.538756141753858,0.4688925547096441,0.5489105501384921,0.5431545884540899,0.5178029431439868,0.5286893058940175,0.6783992397436908,0.5578431775040525
289,0.5294694769291481,0.594884939399946,0.540248039298346,0.46884354561049246,0.5481121217652648,0.5444781334595875,0.5166837769586279,0.5307889120119574,0.6771723713310189,0.5593037765591764
290,0.523376725126142,0.5849394537775359,0.5335306255349179,0.480880156478719,0.5279017486431699,0.5565218707437555,0.5085826081706627,0.5389863835492714,0.6481466496322275,0.5714293921352613
291,0.5238534217950549,0.5836624492824424,0.5347098560381824,0.4809411991712685,0.5272528741022697,0.5578495244372896,0.5075856773291497,0.5413147258306164,0.6474360147091641,0.5729217204257365
292,0.5259043976816034,0.577158090400507,0.5300132511944692,0.489210883995721,0.5159867778668181,0.5652711991975108,0.5033469701064939,0.545977262902184,0.6348130480970241,0.5876289930817539
293,0.5274767586079948,0.5758226668795777,0.5309642497851359,0.4893419434677396,0.5155099972464262,0.5665011192228806,0.50254215848649,0.5483157179204413,0.6344446520850267,0.5890808644391221
294,0.5291825672307577,0.5744481854429623,0.5318912301956606,0.48948542585627947,0.5150398277967636,0.5677084520129319,0.5017755178182449,0.550655140384769,0.6340762557286206,0.5904799282580001
295,0.5375254470819746,0.5655723057057815,0.5237033119048062,0.5015267514209106,0.5018291158927078,0.5764442404985768,0.49856907892986196,0.5542034416946682,0.6233796667241558,0.6162805479398101
296,0.540416181913479,0.5641056811607499,0.5243091186059052,0.5017421450949101,0.5016821819291659,0.5774027514109318,0.49817448382035645,0.5563771524381652,0.6232605242895863,0.6174552628024301
297,0.5434047564813401,0.5625973347159638,0.524889110330851,0.501965234204178,0.5015502464294185,0.5783249082257154,0.4978380889487054,0.5585253097681557,0.623107333145003,0.6185468259921479
298,0.5464849515073704,0.5610474722426027,0.5254427609464535,0.5021957183175509,0.5014337284643293,0.579209321126547,0.49756251558467995,0.5606439839588278,0.6229162399526894,0.619552990714831
299,0.5894929966605411,0.5135984215956582,0.4734546256302522,0.5530631863968686,0.49287949643874585,0.5846886721625046,0.5304657390889336,0.5309791912984725,0.5926614377263568,0.7216137546367611
300,0.5936295913288997,0.5127571870794787,0.4727936811296407,0.5538334336421051,0.4976600940379182,0.5817061748501626,0.534012833606648,0.52813687076735,0.5881085063477386,0.7140536466032038
301,0.5971034846363573,0.5126854439100491,0.47270018589272106,0.5540633323349634,0.49912925917958345,0.5804431459823607,0.5348681453821937,0.5280366700178827,0.586389189907164,0.7097342703403077
302,0.6005404142183897,0.5128184146482995,0.4726459584355988,0.5544214939752728,0.5040773975222357,0.5773880988365001,0.5384495408191219,0.5248691294279376,0.5820854245882132,0.7009226655953132
303,0.6037385012338672,0.5129794381343085,0.4726833495238103,0.5546255928703029,0.5054908232010589,0.5760987153341462,0.5392876743262885,0.5246001637254483,0.5805084745945558,0.6964793755532119
304,0.6068817867774213,0.5131822301328718,0.4727466918589957,0.5548227692086732,0.5068794558730514,0.5748174978039194,0.5401348940432555,0.5243037233960693,0.5789513460831482,0.6920443825262638
305,0.6099691159032768,0.5134276475059893,0.47283674872735676,0.5550136354484391,0.5082420395048791,0.5735472962941469,0.5409894947434329,0.5239811850286779,0.5774185882983897,0.6876293072233416
306,0.6024810592586161,0.559830329027309,0.5002636967442808,0.5360875267740528,0.5597464226408476,0.5524826492849961,0.5639024084689954,0.49437533953342666,0.5944587400048057,0.6283614649029629
307,0.5971799530872894,0.5853218509329688,0.516722549609355,0.5227323410634795,0.5761205476227446,0.5462371236914936,0.5653130001745745,0.49198032331804653,0.6247269170157923,0.6206095459203103
308,0.5964862108388849,0.5859918120008573,0.5188335528183455,0.522785961946449,0.5762763315947178,0.5461345333299867,0.5648905306144169,0.4919724132020028,0.6267435842769079,0.6208975632634041
309,0.5957425498893937,0.5866308110751042,0.5209862094956288,0.5228383567494411,0.576380064840119,0.5460907462755277,0.5644382428500557,0.4920427538509464,0.6287251321737618,0.6213478248636758
310,0.5949491370641887,0.5872379253916801,0.5231785552711015,0.5228899675340842,0.5764319522037242,0.5461046830649411,0.5639549535400301,0.49219328864121625,0.6306670273827204,0.6219557300476966
311,0.5941062011914366,0.5878122607079808,0.5254085567014537,0.5229412076953516,0.5764322490383457,0.5461751268039126,0.5634395056378676,0.49242581920349543,0.6325647627406736,0.6227162201734379
312,0.593214037337994,0.5883529520931042,0.5276741139663823,0.522992461153489,0.5763812613195487,0.5463007281531777,0.5628907738217713,0.49274199979679095,0.634413871747847,0.6236238026077102
313,0.5704569407753161,0.625564675570784,0.5540617469474526,0.49250108491962,0.5868733718148245,0.5422058934904551,0.5525147985502744,0.5069807872018204,0.6877002233561239,0.6301381816374799
314,0.5681109252004148,0.6248869585855656,0.5564938797422916,0.4925634108805257,0.5862322985401742,0.5428259620689103,0.5512864950851646,0.508699117749531,0.6880377810939226,0.6319499976958465
315,0.5657579366863176,0.6241624326486319,0.5589238684540835,0.4926288543169599,0.5855504602787229,0.5434665665060183,0.5500194045659218,0.5105100325641099,0.6882594312100314,0.6337672869080582
316,0.5625927651890328,0.6241637103097571,0.5619395044756915,0.49175124417407523,0.584749142077536,0.5440457897753664,0.548123505423855,0.5131365059177163,0.6893581899061774,0.6355466526518406
317,0.5602159705291629,0.6233104903217956,0.564347108331246,0.49182583128444596,0.583978893639665,0.5447259300409623,0.5467641029265349,0.5151608338429745,0.6892828813538991,0.637336529473091
318,0.537965017237036,0.6310010229564252,0.577364783993268,0.4733271143094358,0.5704518448438195,0.5444533220020306,0.5230461206926762,0.5403543207371725,0.6892507905129136,0.6236218069641456
319,0.5327082764486084,0.62231802741591,0.5799044667060209,0.47525992218451474,0.5555317346952788,0.5463707388003959,0.506852536610484,0.555263103178193,0.6662368661531035,0.6065007356157343
320,0.5319196938045355,0.6203525754690159,0.5814827100319765,0.4755826856204863,0.5548325487326621,0.5470130187504192,0.5054824115523338,0.5581149335417794,0.6645177857904461,0.6066931892452551
321,0.5557384240752038,0.5870382350582946,0.5695774910759224,0.5099968590358452,0.526335200444381,0.5554545542382967,0.4896647345052836,0.5710744919056585,0.621947294436696,0.5980852303901075
322,0.560102807954455,0.5827885226540898,0.5690621190829867,0.5128804377933558,0.5254476454856553,0.556185562079459,0.4897882895610577,0.573233896470455,0.620619536561461,0.5992290190956379
323,0.6041713543434553,0.5403631417572624,0.533494318891193,0.558104228655037,0.5122477508904392,0.5638157167356178,0.5087600124714208,0.5642130276504774,0.6181369697313991,0.6433356620565486
324,0.6080654577701613,0.5383110396421028,0.5333291144465211,0.5583501235592413,0.5136665773099504,0.5630113691685391,0.51022946052227,0.5653443257851279,0.6175194601775068,0.641650093173434
325,0.6119587955317445,0.5362578869995476,0.5331390877295341,0.5585903921246135,0.5150933301110124,0.5621688425194946,0.5117544483248978,0.5664289866075696,0.6167929805444738,0.6398434941329834
326,0.6308341846073701,0.5124467338604408,0.5029349930118407,0.577785600390806,0.5163869012465061,0.561521587092409,0.5391943640515472,0.5473384627405934,0.6111318907090978,0.6583785924408209
327,0.6344436208018287,0.5113011959776317,0.5024051500428348,0.577910220397335,0.5180725798436223,0.560123350841054,0.5408623236156723,0.5476527738390234,0.609247270242132,0.6549450551520817
328,0.6380060555562671,0.5101983217380841,0.5018686524053337,0.578032000029896,0.5197398087256743,0.5587254194638721,0.5425411960660589,0.5479382914891596,0.6072913310070976,0.6514489739101638
329,0.6415188095751034,0.5091405558721676,0.5013261224604696,0.5781515459660609,0.521387015447992,0.5573308696042362,0.5442286392155549,0.5481959702164744,0.6052688303917017,0.647898200881715
330,0.6449793353823295,0.5081302908114151,0.5007782135766409,0.578269454910312,0.5230126559551104,0.5559428275307634,0.545922302618718,0.5484267883784497,0.6031846694574559,0.6443006924693809
331,0.6483852125076666,0.507169860185338,0.5002256104598118,0.5783863114395996,0.5246152155349041,0.5545644624581398,0.5476198327913486,0.5486317420404186,0.601043868855669,0.6406644812041662
332,0.6517341422604233,0.5062615324426802,0.49966902941054697,0.5785026858470727,0.5261932096963948,0.553198979551271,0.5493188783262993,0.5488118391012561,0.5988515446071729,0.636997647363599
333,0.6550239421464374,0.5054075046203113,0.4991092185030652,0.5786191319915337,0.5277451849778255,0.5518496126311917,0.5510170948856414,0.5489680936948685,0.596612883867888,0.6333082904460037
334,0.6581658479137279,0.50438474354383,0.49765413634244743,0.5790972359515252,0.5292607247068869,0.5506220918120323,0.5537060703476503,0.548118524967291,0.5937369216913979,0.6297064308444695
335,0.6612998324501679,0.503698437494158,0.49709769171653223,0.5792166603818854,0.5307493004969308,0.5493172215894808,0.555375241045473,0.5482086587941204,0.5914231161652757,0.6259919495776677
336,0.6643685258017206,0.5030729664148013,0.49654166788101856,0.5793378145261145,0.5322070177891622,0.5480400825853012,0.5570354651883808,0.5482786268592376,0.5890816484279011,0.6222829350022165
337,0.6673701893189552,0.5025100916687713,0.49598696410800075,0.5794611666129682,0.5336325674363086,0.5467939500308097,0.5586845058877564,0.5483294243747103,0.5867177192106534,0.618587281635856
338,0.6703031650158884,0.5020114731925579,0.49543451022460117,0.5795871570498088,0.5350246751170568,0.5455820823782781,0.5603201575801551,0.5483620295392452,0.5843364722236097,0.6149127490658535
339,0.6731658691069264,0.5015786648556977,0.4948852661436558,0.5797161964651544,0.5363821018607903,0.5444077126005338,0.5619402497121637,0.5483774001792269,0.5819429726300105,0.6112669353840533
340,0.6759567856106923,0.5012131101097247,0.4943402212863359,0.5798486638179943,0.5377036445627712,0.5432740393869908,0.5635426501834773,0.54837647077328,0.5795421863381761,0.6076572514257258
341,0.6538656995252128,0.5265818252502512,0.4822839204339209,0.5825113480533476,0.5370970090005387,0.5536628103137682,0.5856380896679082,0.5158309529389002,0.5627219847263437,0.606182576054936
342,0.6551091655079302,0.5278573917195797,0.48269451742291786,0.5827696682242537,0.537777057647258,0.553322790069465,0.5861697353482463,0.5154994994766584,0.5616842305524762,0.6042050756108203
343,0.6562749294213724,0.5291702125943569,0.48315537936312175,0.583030182916351,0.5384067757628824,0.5530708717008247,0.58666291189334,0.5151859314011813,0.5606936601370929,0.6023619398360894
344,0.6573618918534005,0.5305186443008393,0.4836673182560436,0.5832928834396854,0.5389857682681157,0.5529078556431946,0.5871165778858646,0.5148917612683428,0.5597499044641817,0.6006542584972705
345,0.65836896750255,0.5319009776013383,0.4842310957403454,0.5835577051147195,0.5395136902708462,0.5528343311318024,0.5875297060720078,0.5146184770484885,0.5588523577220541,0.5990826300938146
346,0.6592950890177116,0.5333154410356067,0.48484742009095033,0.5838245270291893,0.5399902480486469,0.5528506739505405,0.5879012822960292,0.5143675404852646,0.55800018463303,0.5976471667779863
347,0.6601392112081759,0.5347602044478652,0.4855169432606169,0.5840931720203099,0.5404152001380722,0.5529570448809408,0.5882303045388466,0.5141403854738043,0.5571923289548336,0.5963475011991032
348,0.6609003155945607,0.5362333825878316,0.48624025797625237,0.5843634068858996,0.5407883585293387,0.5531533888625961,0.5885157820798893,0.5139384164527597,0.5564275231012639,0.5951827952227183
349,0.6127790210071615,0.5962833288155263,0.505734171429804,0.5738329193197892,0.5393509652795696,0.5734557643956883,0.5857022474931904,0.5003339532892841,0.5682670395130694,0.6130815385376305
350,0.6116996814127108,0.5977278562538632,0.5078487846951869,0.5740986317335717,0.5390062895980565,0.5745091928934475,0.5849301354369595,0.5009502175345975,0.5685972302711199,0.6137947501632522
351,0.6105456049948305,0.599134623586183,0.5100230053719811,0.5743544241225483,0.5386176068623562,0.5756241051286836,0.5841087709851961,0.5016356092238453,0.5689068043953563,0.6145844194555921
352,0.5618894080366504,0.6484310946282661,0.5367713536421403,0.5567225136579182,0.5397407183060012,0.5882795605907682,0.5703257411165905,0.5097320894771089,0.5903851295662803,0.6315679546969992
353,0.5595231264807975,0.6488205180529595,0.5396136356959184,0.556859276313161,0.5390204450575516,0.5895527957778469,0.568665964429134,0.5116380663910276,0.590418803286142,0.632751234584279
354,0.5339021939623103,0.6686862277642316,0.5548506459344044,0.5450502117400092,0.5399247114379907,0.5925030033231696,0.5570841148308872,0.5228802325019508,0.6006167413703631,0.6374823201090825
355,0.5312507058172331,0.6683318038926497,0.5577532026331776,0.5451041233180164,0.5391703593985587,0.5936194415976471,0.5549702118261238,0.5254448823749303,0.600144357033625,0.6384080588103905
356,0.5015572285972483,0.6869877956579649,0.5758002143742736,0.5263586147514221,0.541753754787067,0.5900814842534631,0.5345344393945926,0.5450647554656728,0.6096259340584279,0.6342485687384716
357,0.49323242306483367,0.6891924799806776,0.5823941581607605,0.5205671231646269,0.5426171662745014,0.5873279445617564,0.5253673787540025,0.5537916024673948,0.6102344775048121,0.6300046774539203
358,0.4911439200913448,0.6875490779451158,0.5848209840654338,0.5205486723818956,0.5421836521665918,0.5877799604896169,0.5227115427283556,0.5569680763172934,0.6089157466874527,0.6299643885445186
359,0.4891344860009639,0.6858242109987256,0.5872089010335856,0.5205169753630707,0.5417655042467254,0.5881882005266323,0.5200344225622149,0.5601414415666198,0.6075712346663864,0.6298680360835033
360,0.48434171974742013,0.6855014738826383,0.5921669300406482,0.5160904301678034,0.5427411438334828,0.5847494288720396,0.5115537965457223,0.5675887518187827,0.6070107246064035,0.6246467172781569
361,0.49918470257615427,0.6703082526221111,0.6040822689251889,0.5045338757066051,0.5556392005763927,0.548656003442874,0.4775664984034571,0.5893065711661974,0.6035154371928317,0.5768332761005388
362,0.517518840583687,0.6553013326855834,0.6058736121326719,0.5091017716946042,0.5617679754479435,0.5348220735634589,0.47199085280767916,0.5934737860956449,0.6013006005419066,0.5601985714205576
363,0.5737953419829354,0.6117200544410596,0.6014606734930216,0.5331866918528549,0.5757808944445612,0.5065003252143253,0.4795654976170993,0.5936284626739977,0.6012208977017734,0.5329655156072588
364,0.5769732721394066,0.608502614232834,0.601930653912774,0.5331979088076669,0.577514952834838,0.5052656151806891,0.4804134117067072,0.5945693152236183,0.600375398820775,0.530936244437211
365,0.5801852239675365,0.6052519277258028,0.6023732037106646,0.5332103315218096,0.5792573591479145,0.5040016491291605,0.4813543854173245,0.5954399476702041,0.5994751107265784,0.5288629350158821
366,0.5834256471098088,0.6019719214241193,0.602788435705675,0.5332241839049524,0.5810067088605171,0.5027094576112611,0.4823880872775952,0.5962425153052029,0.598518544722544,0.5267468608633205
367,0.5866890442398298,0.5986666934284188,0.6031764734205979,0.5332396909769397,0.5827615830910255,0.5013901428960896,0.48351396518142875,0.5969793580077565,0.5975044379582867,0.5245894333505613
368,0.5899699830414346,0.5953405042069998,0.6035374484907675,0.5332570782372307,0.5845205506010079,0.5000448814350094,0.48473124570762594,0.5976529841196331,0.5964317551056944,0.5223922032884903
369,0.6310697963375045,0.5579605178133766,0.591979478235916,0.5561000961084422,0.5929234181070272,0.4870360625555644,0.5107137720414956,0.5923569916534895,0.5977796651999415,0.5132607203046163
370,0.634444758154865,0.5549576218617019,0.5918748797986317,0.5560066593023383,0.5949147920672373,0.4856084609912303,0.5128754738684296,0.5927455221742178,0.5962088353585259,0.5106227519483205
371,0.6377874164058529,0.5519784629856073,0.5917411861012988,0.5559165085434737,0.5968903924952472,0.48417904779243526,0.515087128572645,0.5931034349411344,0.5945627188290247,0.5079597428822799
372,0.6410937045547278,0.5490276758379407,0.5915782913944427,0.5558300305634958,0.5988485792656594,0.4827503282999049,0.5173457106716021,0.5934333641803778,0.5928431414306384,0.5052753115714034
373,0.6443596998761751,0.5461099031805839,0.5913860896469529,0.5557476011123286,0.6007877273278247,0.48132489467812195,0.5196480851035432,0.5937379195722723,0.5910521338938183,0.502573190627407
374,0.64758162440711,0.5432297827265031,0.5911644747402217,0.5556695835807485,0.6027062277416201,0.4799054234916696,0.5219910159318859,0.594019672209282,0.5891919186402802,0.4998572167509457
375,0.6507558452297865,0.5403919339303607,0.5909133407780968,0.5555963276261867,0.6046024886475899,0.47849467286559805,0.5243711753973731,0.5942811410450409,0.5872648960117749,0.49713132014345535
376,0.6538788741223694,0.5376009447816718,0.5906325825136549,0.5555281678065089,0.6064749361765506,0.4770954792245384,0.5267851532803791,0.5945247798950432,0.585273630029903,0.4943995134401494
377,0.688882059209933,0.4987043793995445,0.552879623595535,0.5896252939474872,0.6046315802541697,0.48323623330323523,0.5819581774727485,0.5732095373670014,0.5788700015745973,0.4980885698309474
378,0.6909279135507749,0.4977914547565723,0.5518182570635592,0.5895007735914295,0.6063597713852147,0.4825174349779978,0.5840138553859527,0.573246279690588,0.5763769063681194,0.4955767822505053
379,0.6928907814049443,0.49696685932985984,0.5507360093245898,0.5893849410858543,0.6080377326703377,0.4818779614909486,0.5860301262797809,0.5732808368810549,0.5738650122569261,0.4931218553382796
380,0.6951327811797636,0.4956866273846303,0.5358336806285049,0.5967121242761873,0.6038380267907055,0.4911847547672424,0.5997100323029781,0.562606400702719,0.5675620225797243,0.49728688242362573
381,0.6964976275828314,0.4956947836385232,0.5346484803939189,0.5966441467826445,0.6052568357878377,0.49107500602128357,0.6012410794451283,0.5625278904223888,0.5651145703713134,0.49527342064933777
382,0.6977726505766256,0.49578887359763046,0.5334578717148261,0.5965856975679912,0.6066162812991849,0.49106973591172964,0.6027199680625285,0.5624492689488272,0.5626718963044738,0.4933396245309419
383,0.7117798996198933,0.49452734876873394,0.5331882535569545,0.5893053368763773,0.6269668762367381,0.48125213948079726,0.608741380906729,0.572871365058145,0.5395483328171748,0.467534557111487
384,0.7153676307375895,0.4947900269147785,0.5320643141957968,0.586998177381368,0.6327073025107103,0.47997771425927416,0.6111119728729139,0.5759977005904456,0.530808807042879,0.46028395109986453
385,0.7068400843368328,0.5067388038179604,0.517620951153516,0.5947896764543494,0.6206579436814141,0.5035661853436012,0.6180267325591975,0.5644376293454484,0.5247931143471238,0.4699981726414279
386,0.7065330886580324,0.5081068538074462,0.5164949608556706,0.5948371363662762,0.6208971984242638,0.5053737532648863,0.6185836205550185,0.5643172796540872,0.522635752923146,0.4694768474506365
387,0.7061267323888442,0.5095399049801577,0.515389501147831,0.5948830501756804,0.6210650720888896,0.5072932432703472,0.6190790546748289,0.5641904650491716,0.5205055820960909,0.46904040885724246
388,0.7056212349220459,0.5110355638988171,0.5143063639688966,0.5949263790810755,0.6211615520920055,0.5093229765265498,0.6195129676500711,0.5640568093307777,0.5184027427252833,0.468687263941761
389,0.7050169114895432,0.5125913627290741,0.5132473314664447,0.5949660505659261,0.6211867299126855,0.5114610362679985,0.6198853152784017,0.5639159540171426,0.5163272982937133,0.46841566362366294
390,0.6846309555222119,0.5369689113399975,0.5018016239444716,0.6009804209740662,0.6024390110535677,0.5430937760822739,0.6174383819967482,0.5496332494635493,0.5100405796664481,0.4816287144377365
391,0.6831777914800355,0.5390741120391322,0.5011519346294033,0.6009993280150265,0.6020333500571291,0.5457975301537908,0.6171516777729564,0.5493359009193216,0.508284137406508,0.4818224020519901
392,0.6731931497732504,0.5502383099312034,0.4981664637218515,0.6024206191644323,0.5945875649305351,0.5586608252296889,0.6142843337943612,0.544434376565943,0.5050908332485543,0.48658646361197605
393,0.6713585375485582,0.5524639133637249,0.4977752005357115,0.6023949527555155,0.5939707150765354,0.5616126849192755,0.6137181835455044,0.5441259490258201,0.5034666760864253,0.486964956484983
394,0.48400058648809696,0.6919060974122151,0.5228654212081658,0.5888762759177764,0.5032028695361407,0.6686638449002696,0.5374982884709991,0.523747439976023,0.4847376706515976,0.5321945649960885
395,0.48123392039218355,0.6921932928425075,0.525149988102982,0.5881970730534043,0.5027210105341879,0.6709376339733218,0.5342600591352676,0.525196461967945,0.4841001365257728,0.5323363788471522
396,0.47852930127817117,0.6923758628762736,0.5274891613238558,0.5874867178869476,0.5022697079642932,0.6731614059933835,0.5309408599470959,0.5266705297913313,0.48348068084905027,0.5324493182585056
397,0.475890004372666,0.6924530939560352,0.5298792754909702,0.5867454733242605,0.501850955137926,0.6753314838380432,0.5275410037901634,0.5281662506723445,0.48288085035712885,0.5325328771437838
398,0.4733191529836098,0.6924243707542062,0.5323165915117877,0.585973641795107,0.5014667187595692,0.6774443573636185,0.524061084386567,0.5296801763134287,0.48230217871285264,0.5325866235443387
399,0.4588360418625863,0.6980593028661822,0.5403614642692243,0.5807321541108951,0.5001060306960471,0.6805502926388448,0.5131369277147754,0.5350972866998353,0.481552399441908,0.5323037615459068
400,0.45666348897941517,0.6975466205867403,0.5429102034153654,0.579860681354798,0.49998118713219086,0.6823124109916446,0.5092782753398978,0.5367257544381286,0.4810737225331418,0.5321937921681239
401,0.45457718248315293,0.6969252242509957,0.5454858456583243,0.5789619487270985,0.4999004434111929,0.6840024257924331,0.5053473521698677,0.5383520349468801,0.4806218554294347,0.532052637624739
402,0.43806659168258744,0.7026025231758082,0.5567880204498954,0.5698531098353617,0.5018830960575823,0.6837531945179682,0.48876371123699364,0.5468634293609422,0.4807162382093203,0.5296208322628534
403,0.43750140614973143,0.6911014829478017,0.567158219214857,0.5691002020088709,0.501788366436268,0.6922433561155739,0.47081071145563336,0.5518363613336656,0.4785058717406842,0.5291423480264272
404,0.6619707758564778,0.5389290741962997,0.5900866046357056,0.5487545117730619,0.6941435111659652,0.3863999002275096,0.5046831320433642,0.5701021831592226,0.5275630654395663,0.4251811438246522
405,0.6751094098060852,0.5249625810149133,0.5826488035941784,0.5553403791628984,0.6978931202848182,0.38134513097032674,0.5246518661993644,0.567823217362293,0.5259880369199815,0.4244512643702556
406,0.6768094246188648,0.5233317759198682,0.5815768618338287,0.5546007880469255,0.6999260123431419,0.3812239351880466,0.5270556548307648,0.5674686872988183,0.5241853365763087,0.42378778515153787
407,0.6851919769354583,0.5099786563665107,0.5240638949185354,0.5963206415388006,0.6674729459788146,0.46776628124241193,0.6095305707033153,0.5385414901206939,0.5100632469992903,0.4566373758382261
408,0.6841065562747752,0.5111726896062868,0.5230574371932502,0.5959104950866513,0.6678439332556677,0.47129621733977906,0.6098847056911281,0.5384570986572854,0.508289930498244,0.4573973737561416
409,0.6829424411136796,0.5124039978671799,0.5220832850005208,0.5955079358035708,0.6681099526002552,0.4749213763566067,0.6101720701533307,0.5383880620524073,0.5065269406289248,0.45821566082785686
410,0.6817012854849844,0.5136702488969468,0.5211428825422805,0.5951114798070338,0.6682711166494208,0.4786372443169929,0.6103926391589636,0.5383338596414063,0.5047744913562944,0.4590901159182312
411,0.6803848423237487,0.5149691018455589,0.520237619692079,0.5947196114866551,0.6683277195411765,0.4824391415995902,0.610546413360134,0.5382939513643679,0.503032821813363,0.4600185817463722
412,0.6789949616830661,0.5162982112944214,0.5193688282907832,0.5943307909712118,0.6682802430392416,0.48632223729646096,0.6106334184284476,0.5382677808098035,0.5013022031011183,0.46099887261492417
413,0.6775335886252684,0.5176552311206407,0.5185377785859754,0.5939434617103148,0.6681293622572884,0.490281564108813,0.6106537047362149,0.5382547781398899,0.4995829448319455,0.46202878189074326
414,0.6760027607836953,0.5190378181916677,0.5177456758284757,0.5935560581379704,0.6678759509347113,0.4943120337175255,0.6106073472860172,0.5382543628873251,0.4978754013734014,0.4631060892016039
415,0.6744046055922709,0.520443635886925,0.5169936570387884,0.5931670133847287,0.6675210862165792,0.49840845256370614,0.6104944458902823,0.5382659466149653,0.4961799777512753,0.464228567316043
416,0.6496208306297525,0.545873000987103,0.5085369053074991,0.5987456372527457,0.6392196818375775,0.5537791543780812,0.6051066475170224,0.5291953491927534,0.48756253507404224,0.47860970339164555
417,0.6473772681010919,0.5475671662146967,0.5084297833229827,0.5983037673779777,0.6382307868243614,0.5580618880028538,0.6042160982558541,0.529212617616548,0.4860556461812644,0.47979814249791236
418,0.6167942261409856,0.5760875380250016,0.5064301992422854,0.6005121031379976,0.6072753333529648,0.60861928666198,0.5895019159353344,0.5227646712532739,0.478096600617449,0.49175686246573835
419,0.5049434750504603,0.6562380868411496,0.5272868376570747,0.5890485663785751,0.5210347820377191,0.712581722786457,0.5145206156964146,0.5229782234754824,0.4632994660860325,0.5116900995629337
420,0.5025623724873388,0.6563979302686807,0.5293879343005113,0.5878460403271389,0.5204213475035249,0.7151004896459956,0.5109317560455666,0.5235532690988299,0.46302864205040273,0.5119524779151737
421,0.4977422514407097,0.6578220501994941,0.5323698155350156,0.5859502339201846,0.5185936855789791,0.7187459680893585,0.5052004660843568,0.5245884309495392,0.46273048110494697,0.5122589921937967
422,0.43107546323652396,0.6849945372199886,0.573066814003114,0.5431408691058129,0.5268323570438554,0.7087497298606688,0.4171802613634781,0.5516710663915599,0.47204274143932556,0.49792342400057166
423,0.5048999850876696,0.6482086017437858,0.5979353741481787,0.5092108644031048,0.6389069203733924,0.5642835323872408,0.3865026208282426,0.5611052061312318,0.49687861646882364,0.4568058308228175
424,0.5077534908571694,0.6453912516027848,0.5980714168680635,0.5082777365656193,0.6418722082347967,0.561196514930795,0.3845511399095798,0.5598091391375785,0.4969894188219163,0.4555748344571028
425,0.5106141988989507,0.6425708705120452,0.5981775789563133,0.5073777828012995,0.6448237381269034,0.5580426488912323,0.3827189908328979,0.5584629997705962,0.49708313330323217,0.45436655601587317
426,0.513478377596483,0.6397514977147815,0.5982549708082731,0.5065118000290803,0.6477597634289388,0.5548247665747355,0.3810068419430673,0.5570699935016074,0.4971588405939523,0.4531839025705685
427,0.5163423277588519,0.6369371509744989,0.5983047566008426,0.5056805361789277,0.6506785522993053,0.5515458196579829,0.3794151130951897,0.5556333381048016,0.4972156623390909,0.4520298126117869
428,0.5192023859818303,0.6341318149163803,0.5983281500068015,0.5048846885343218,0.6535783868829133,0.5482088769356804,0.37794397705415733,0.5541562501348252,0.4972527586809888,0.4509072493540503
429,0.5220549278048426,0.631339429423724,0.5983264097842097,0.5041249021861134,0.656457562416941,0.5448171217631714,0.3765933617009249,0.5526419317975225,0.49726932560515075,0.4498191937690102
430,0.5248963706796622,0.6285638781413796,0.5983008352581551,0.5034017686026766,0.6593143862490277,0.5413738491862006,0.3753629530266704,0.551093558266504,0.4972645921307475,0.4487686373740777
431,0.5277231767676831,0.6258089771379449,0.5982527617124729,0.5027158243209439,0.6621471767826874,0.5378824627512611,0.37425219889259603,0.5495142654949337,0.49723781737856604,0.4477585748049852
432,0.5305318555834112,0.6230784637780372,0.5981835557092288,0.5020675497625354,0.6649542623653797,0.5343464709913894,0.37326031352984795,0.5479071385684429,0.49718828754944444,0.44679199620212945
433,0.5935317460945072,0.586348747789736,0.5941852453158852,0.5091142408641558,0.7114770148162488,0.4401316744860063,0.40725915369995613,0.5448691933545697,0.5021832710607123,0.43282539222774674
434,0.6163121554248318,0.5698412620527299,0.5897770175880148,0.5149023305166128,0.7256213105110251,0.4077799304771793,0.4275723417931496,0.542617858190492,0.5021001149094226,0.42987742113049954
435,0.6404265176713739,0.5495852357848944,0.5818640894213274,0.5248839266480638,0.738266172359076,0.3760339654108432,0.4574835663261292,0.5398519847957626,0.5006283087423273,0.4289778965226719
436,0.6417245493497776,0.5481907247318504,0.5807975489714466,0.5242717505219049,0.740314675821573,0.37507968486375987,0.4594747934759155,0.5388246397329431,0.4994975627129476,0.4296524591812375
437,0.6429308676002402,0.5468633012929446,0.5797192747676753,0.5237024753039672,0.7422748499550834,0.37423750946562856,0.4614535422254081,0.5378269587828202,0.4983448677919455,0.4304236611373785
438,0.6424445975072182,0.5462667160355429,0.5769715361964637,0.5177947119755717,0.7487955035865288,0.37783956954701614,0.46175569077657463,0.5335490954229262,0.49324045842200986,0.43502518026178427
439,0.6598188632285579,0.515157098375597,0.5414826137810863,0.5569284330715727,0.7407419286907331,0.39241036479277974,0.5413695310626188,0.519824740270411,0.47580686710948866,0.45228761171689186
440,0.6586049467341641,0.5156248059341104,0.5400321228429733,0.5562785907115775,0.7408612254630659,0.3961250902657328,0.5422058580132202,0.5193921962999795,0.47419065991161585,0.4546139283569445
441,0.6573228971712655,0.5161354503038139,0.5385936183613301,0.5556447963631436,0.7408476500759003,0.3999473771350191,0.5429757447636872,0.5189776734542763,0.4725686476991086,0.4569962287284209
442,0.6541379845782239,0.5170262900470873,0.5343627732718015,0.5576427691026635,0.7373540396329846,0.412129429453122,0.5470723575122913,0.516732175381174,0.46929385680328123,0.4611863517322767
443,0.6503586824107931,0.518531412744231,0.5302400180022787,0.5594948274274103,0.7331801498285259,0.425558111761458,0.5504344636385359,0.514414501029874,0.4659804020072657,0.4654483431425952
444,0.6486926188938249,0.5193630215724748,0.5288800437073988,0.5588385868621842,0.7325567011137694,0.43004937276115734,0.5507407773826407,0.514058131613911,0.46436558851700094,0.4680040615342067
445,0.6469782872646491,0.520224760744931,0.5275426053183626,0.5581897898203093,0.7318059507304839,0.4346155274708368,0.550983591811092,0.5137163037239469,0.46275299851734425,0.47059702770068684
446,0.6434353833216141,0.5220558621638798,0.5252775257710329,0.5547912325697114,0.7318181402306413,0.441838823198857,0.5499513143027654,0.5140212758197461,0.4591426327284811,0.47748122134669196
447,0.6416045338633222,0.5229610239697989,0.5240205988349261,0.5541920423621447,0.7306409108015737,0.4465653799434355,0.5500335011549625,0.5137358052949664,0.45753433463147786,0.48020581972125914
448,0.6397373389629526,0.5238890153339594,0.5227900344674791,0.5535985110672129,0.7293445094458582,0.45134493385493757,0.550054192194176,0.513462759426918,0.45593235640148816,0.48295771615735544
449,0.620422514745733,0.5362784630889902,0.5115409713029235,0.5622453649589703,0.7006714044442786,0.5152770554507764,0.5541337828643175,0.5033100881785435,0.44578776172858586,0.49294310673070046
450,0.6182954277247396,0.5376136351593426,0.510594753683056,0.5614374548726792,0.698802455265531,0.5204463443384497,0.5533828729043303,0.5030024288862149,0.4444314288316887,0.49555843285392004
451,0.6106522798330895,0.5432887254596636,0.5076261622356032,0.5624585434795643,0.6884075102005164,0.5430100684790319,0.5517945636151556,0.499951293485745,0.4413075989895659,0.4997407779255122
452,0.6085114813584511,0.5446987532229117,0.5068429688670502,0.5615739378903605,0.6863459862998043,0.5481630880280589,0.5507698454309726,0.4996432567826613,0.4401061429683404,0.5022693572421782
453,0.5884201947211185,0.5613374305001944,0.501900980029191,0.5644025561345191,0.656815371416379,0.6066245723779207,0.5429471817419431,0.4914762790397521,0.4355056821555805,0.5082767765913119
454,0.5863601934477798,0.5628500076075759,0.5014807536537615,0.5633178477528537,0.654689246266158,0.6115149417614347,0.541317299832002,0.49111969908114844,0.43474528348426617,0.5104605475366442
455,0.5843287680003533,0.5643393037824215,0.5011105977929177,0.5622178180779576,0.652545628740702,0.6163617852751548,0.5396436358745071,0.49077101380109656,0.43404020592796866,0.5126171998959987
456,0.5795920119361594,0.5661213599667594,0.5003690516216499,0.5535555078621635,0.6509897798392051,0.62269379690912,0.5324414697302399,0.49160244107390166,0.4304421111350607,0.5265798690088885
457,0.5134944414023681,0.6205720391444145,0.5087959276752619,0.5443106260160852,0.558166682142074,0.785989941102709,0.46784879629591136,0.47735430979548843,0.45567309063322115,0.5211556956963216
458,0.5632218711647382,0.5938706123344594,0.5522398306430758,0.4920265455934352,0.6925420081657283,0.5502028628587503,0.38666184065490533,0.49066097563528505,0.5311406588937481,0.47187926793678137
459,0.5640163402266056,0.5934395648859812,0.5475651806384708,0.4926725758909941,0.6945876136189758,0.5475268759240662,0.3729383087752785,0.474442147832144,0.5358010225849441,0.47363410316986926
460,0.5655303207033173,0.5927724251411933,0.5468429835374011,0.4929755621762582,0.6969903281034903,0.5435298334342661,0.37127805429968247,0.47189428024540064,0.5361924909869935,0.47412591007763477
461,0.6050989899077301,0.573605182509852,0.5437516208525796,0.49653014353802705,0.7525381901091283,0.44863964017945784,0.3930771189160603,0.47408972194121657,0.5188026189245474,0.48317683648990284
462,0.6056687552337167,0.5732315661647034,0.5427967815508042,0.4970761390975984,0.7542181967207925,0.4462010632948648,0.3930912191060868,0.4722168434963307,0.5182533365957196,0.48503513380936963
463,0.6061631459634903,0.5728802527741964,0.5418549293220678,0.49768818737826576,0.7558018458027644,0.4438426091892006,0.3931313141264657,0.470387056144453,0.5176361890136835,0.486987504804504
464,0.6231788293040248,0.5595996377231136,0.5369054041059423,0.5037672483449285,0.7761540617060609,0.40054581613881424,0.4145044868497612,0.4715128968597694,0.4970798150123932,0.5000747041580142
465,0.6312118435156431,0.5398414014242768,0.5257700910389845,0.517186373627551,0.7747500133529935,0.3809280831096401,0.4541043418516095,0.4719088202650463,0.45587534566098337,0.5240509593191796
466,0.629669203183172,0.5398937272205063,0.5247849554997704,0.5173522748731063,0.7735732104532397,0.38372593977257746,0.4547622802899748,0.47132715675428527,0.45418392696138976,0.5275394971626065
467,0.6280860288170368,0.5399556239502076,0.5238242048034695,0.5175559302034828,0.7722443280336359,0.3866008714131527,0.4553723151453339,0.47077631920962737,0.45246354302013886,0.5310586908860475
468,0.6264653557518787,0.5400263076166811,0.522888512467404,0.5177963785104187,0.7707651550922808,0.3895489942674559,0.4559347693182782,0.4702554875729484,0.45071581931775734,0.534605234648162
469,0.624810250249765,0.5401050514577558,0.5219785092096761,0.5180726790667822,0.7691378325666375,0.3925663890525039,0.4564500404542277,0.46976382646987563,0.4489424861815982,0.538175784808421
470,0.6231238021011847,0.5401911856384095,0.5210947820831324,0.5183839145145916,0.7673648549147054,0.39564911429736477,0.4569185982899858,0.46930048833958227,0.44714537751068173,0.5417669634964297
471,0.6166864300822693,0.5413846322024681,0.5183032096580064,0.5193488599820816,0.7613694242523262,0.4061523837518252,0.45645994752980373,0.46776613681515944,0.4429622665245567,0.5548301924073822
472,0.6149149616911295,0.5414741873617267,0.5175505219850681,0.5198752690274095,0.7590017552779668,0.409349600707583,0.45673968908355667,0.4674102793770238,0.44106092275517383,0.5584757801448007
473,0.6131276057825422,0.5415676172163231,0.5168267505289258,0.5204327088526711,0.7565059998323366,0.4125923992021493,0.45697705945919004,0.46707859174350835,0.43914510558692105,0.5621244502124021
474,0.6113274268906794,0.5416646019570471,0.51613220133265,0.5210203844537913,0.7538867609316603,0.4158770375819762,0.4571728909559764,0.46677017871612175,0.4372172486785005,0.5657726641672927
475,0.6095174621828371,0.5417648699616356,0.5154671330751627,0.5216375340828758,0.7511489698280532,0.4191998387281475,0.45732806966089007,0.46648415144029665,0.43527987077802516,0.569416872692662
476,0.6077007141831812,0.5418681954843563,0.5148317569635048,0.5222834290639967,0.7482978764201154,0.4225572007589457,0.45744353292124373,0.46621962932219624,0.43333557140042717,0.5730535188284646
477,0.5897790845846326,0.5414200953406577,0.5118450776369526,0.5268333726702747,0.6874879241446877,0.5180238692922714,0.4724809546124397,0.45862459176379405,0.3952719984542419,0.5907130059345923
478,0.559246655146631,0.5697043936698253,0.513133920822417,0.5239065756790869,0.6161699851454375,0.7153589046994583,0.45917709871440543,0.43478859940137643,0.42459284869318853,0.5817518639304459
479,0.54005229289848,0.5891258306617454,0.515899058435316,0.5175733561884323,0.5853707747407926,0.7995580897881579,0.43626278387564865,0.4213339594720539,0.4815967298682182,0.558610566133364
480,0.5443456621174422,0.5908666575259404,0.5225544105612719,0.5064490397615403,0.6361609577361466,0.6245910918544144,0.38684020350527315,0.4238725121829849,0.5971562851668638,0.4901396318834388
481,0.5637396133487905,0.5857680656518411,0.5207775712370819,0.5087181401099898,0.6853658478671671,0.5496159016332175,0.38564457791454915,0.42793686902217737,0.5874285628525644,0.4969634100017611
482,0.578389790958666,0.580951872441878,0.5187316652827919,0.5117489593969811,0.7208502830369888,0.49962097507690084,0.3885853011796256,0.4311163962671461,0.5700534040302575,0.5096525857891074
483,0.5785161926422558,0.5810955694402828,0.5178265034549597,0.513469476054842,0.722038277308056,0.4966658332096823,0.3873301305054518,0.4291886556629858,0.5693357490801282,0.5117758126196731
484,0.6052843721381075,0.5538573831230628,0.5137954789764635,0.5207461315793094,0.7638537464364871,0.40570095010987905,0.4205668348949272,0.4436284669708929,0.46068462352341444,0.5734972750080688
485,0.6036055496828898,0.5537465403928313,0.5132878435168622,0.5220048575244497,0.7614925667399125,0.4074155009208567,0.4207445212218887,0.44306527139825186,0.4584890637993659,0.577251089303225
486,0.6019077426984946,0.5536289740084266,0.5128142722192005,0.5232976673847982,0.7589866050442742,0.409182230232067,0.4208969388717128,0.44253342009321583,0.456259492351347,0.5810090367949184
487,0.6001940129341387,0.5535046078110216,0.5123750793459354,0.5246231980769168,0.7563396588004004,0.41099810222114214,0.42102455607705197,0.4420318776697404,0.4539984708794554,0.5847672575931249
488,0.5984674175710066,0.5533734256269249,0.5119705260915821,0.5259801106327813,0.7535558920946168,0.41286012091564955,0.4211278909357626,0.44155960878474176,0.4517086575884159,0.5885218768782379
489,0.5967310018375823,0.5532354692883354,0.5116008204159225,0.5273670896922055,0.7506398281939632,0.4147653406112776,0.4212075085719849,0.44111558053895245,0.4493928032181916,0.592269009324386
490,0.594987791694678,0.5530908364272206,0.5112661169820089,0.5287828426246344,0.7475963406017998,0.41671087582491145,0.42126401833142263,0.44069876471710984,0.4470537467505537,0.5960047635035652
491,0.5923800181664256,0.5477277996678319,0.5125596450146148,0.5292328631687099,0.7300237180750194,0.4264168360478059,0.4272184316201368,0.4412409197585093,0.4202183546190758,0.6097679770902793
492,0.5901796059945167,0.5464667552820601,0.5129262935301647,0.5299597997821741,0.7218002087827322,0.4331147660805019,0.4285846774230945,0.44097953026176495,0.4121331036097,0.6156213280173063
493,0.588451525129753,0.5464278076214009,0.5127523144380087,0.5310267197689101,0.7181320569460475,0.43611421934801187,0.42847198423929245,0.44074577587858055,0.41009112490180377,0.6190982210531938
494,0.5867455136964027,0.5463928048839611,0.5126074170046607,0.5321157702175883,0.7144129807696694,0.4391308969777068,0.42833748964665885,0.44052858482830104,0.40806950023585653,0.6225250432061009
495,0.584177976639555,0.544507705237885,0.5141662512756351,0.5318784529784257,0.7007235248859726,0.4530774741999216,0.4304019905546873,0.44000262687333114,0.39580182784200946,0.6296154560704021
496,0.5825956765751004,0.544579801913213,0.5140820818456551,0.5328087039916062,0.6970177799487102,0.45645016285996143,0.4301400754893582,0.43982376197069356,0.39409651210478924,0.6327786075061583
497,0.5810460741815928,0.5446607042010067,0.5140226003480514,0.5337586087618156,0.6933091391679697,0.4598315175412069,0.4298610949084496,0.4396573630298033,0.3924337618558365,0.6358727876118757
498,0.5795306910786616,0.544750591259014,0.5139871942710085,0.5347276988357262,0.6896053536099874,0.4632202243773399,0.42956636140917626,0.4395029291268846,0.39081655468457666,0.6388947683338859
499,0.5780509290404864,0.5448496220477989,0.5139752204983998,0.5357154820102696,0.6859141275692091,0.46661508602947355,0.42925720485592594,0.43935997533758797,0.3892478265844502,0.6418413853197054
500,0.5766080703977844,0.5449579324161031,0.5139860069228014,0.5367214388883779,0.6822430936008865,0.47001501746713403,0.42893497083677345,0.43922803318852477,0.3877304652075951,0.6447095424351074
501,0.5752032789755962,0.5450756323812652,0.5140188541092544,0.5377450195580862,0.6785997876354468,0.4734190410812723,0.42860101910217335,0.4391066511047353,0.38626730321679964,0.6474962163446653
502,0.5738376015594364,0.5452028036167159,0.5140730370056594,0.5387856404232413,0.6749916242794789,0.4768262811632236,0.4282567219817442,0.43899539485593286,0.38486111175546195,0.6501984611497911
503,0.5725119698795287,0.5453394971571965,0.5141478066956247,0.5398426812133251,0.671425872408194,0.4802359577869529,0.4279034627754673,0.43889384800394055,0.38351459405568905,0.6528134130770213
504,0.571227203100059,0.5454857313309283,0.5142423921895217,0.540915482199005,0.6679096311538388,0.4836473801351261,0.42754263411606386,0.4388016123533224,0.38223037920399194,0.6553382952081491
505,0.5699840107976207,0.5456414899265074,0.5143560022494263,0.5420033416389205,0.6644498063935471,0.4870599393125202,0.4271756362997951,0.43871830840677606,0.38101101608326565,0.6577704222425401
506,0.568782996410347,0.545806720600831,0.5144878272436105,0.5431055134820055,0.6610530878387211,0.4904731006930232,0.4268038755834582,0.43864357582641933,0.3798589675089246,0.6601072052808358
507,0.567815149188888,0.5451553001468733,0.517899255535824,0.5412261978515651,0.6499218325370388,0.510719847085028,0.4271557340084525,0.4380279845767007,0.374216610929151,0.6637678574676987
508,0.567078014196095,0.5450177138669265,0.5215321299885576,0.5388530321173789,0.64059923897963,0.533741898861022,0.427177372613071,0.4369450536799947,0.37215947633911617,0.6660326207406697
509,0.5653224591077523,0.5459955122417939,0.5211447895823411,0.5408609331882961,0.6370454004542514,0.5380086436692981,0.4259284611614851,0.4368119002303059,0.3720187503843768,0.6689910480881501
510,0.564521560596466,0.5464544937031837,0.5212775246274789,0.5416221238840722,0.6349133002951485,0.5418270505175132,0.42536403895328195,0.4366779569482849,0.3720536391666031,0.6703227205875005
511,0.563758626415933,0.5469229024427597,0.5214169016810062,0.5423926729885075,0.6328944306902455,0.5456417891837111,0.4248090974320659,0.43655025306133544,0.37217774564299744,0.6715399686827476
512,0.5630332904464366,0.5473999097054004,0.5215620892841021,0.5431718169751235,0.6309907864126176,0.5494521554019461,0.4242652122405342,0.43642881084643487,0.37239173080934634,0.6726416514552628
513,0.5623451617388581,0.5478846488493796,0.5217122618759431,0.5439587488445222,0.629203957179867,0.5532573986085851,0.42373394967071687,0.4363136752157136,0.3726961165690066,0.6736267760825184
514,0.5616938320386787,0.5483762176435467,0.5218666015569999,0.5447526198271726,0.6275351240662315,0.5570567142885837,0.42321686416989857,0.43620491427399505,0.3730912845749776,0.6744945016627032
515,0.5610788832517535,0.5488736807546326,0.5220242998285474,0.5455525414175425,0.625985057501362,0.5608492366957695,0.42271549580911116,0.4361026198549053,0.3735774754070882,0.6752441428169902
516,0.5604998948077601,0.5493760724083242,0.5221845593050923,0.5463575877321006,0.624554116869411,0.5646340319934776,0.4222313677224878,0.4360069080307812,0.37415478808243113,0.6758751730480095
517,0.5608472594443213,0.5495827686128076,0.5258414783461803,0.5436415832569869,0.6218928196194258,0.5868531112152249,0.42171231911149604,0.4353295787301773,0.37920868243084915,0.6748472087294505
518,0.5603959974530199,0.5501897909061302,0.5259530347465061,0.5442709330003587,0.6210962634171022,0.5907171825993142,0.42116239835457253,0.4351766690497737,0.38034404681348843,0.6749907799877892
519,0.5614298569852997,0.550300668155954,0.5318420732661787,0.5388627532831055,0.6210049722177818,0.625460611708286,0.4204094209785149,0.4336407457797186,0.3936919957289031,0.6707987573631652
520,0.5611074658390549,0.5510500747344225,0.5318502207509412,0.5392198343413419,0.6209495220500915,0.6293541205200404,0.4197247877630005,0.43337490370044884,0.395560839536755,0.6703115794586468
521,0.5621414085016786,0.5511552682961706,0.5376521688048611,0.5332670995724572,0.6239946381820877,0.6640479384114787,0.41875284609667435,0.4312005198189117,0.41496783188167763,0.6634113952300533
522,0.5619162092365878,0.5520144118040423,0.5375346963950437,0.5333856443738156,0.6244387296677271,0.6678051125313492,0.4179303154693092,0.4308126903471442,0.4174648502455007,0.6623229178734966
523,0.5617131609211855,0.5528646242581559,0.537406088263937,0.5335106272713519,0.624928756371043,0.6715137625143537,0.41714801012861236,0.4304388134770939,0.4200262973304772,0.6611328936229846
524,0.5615327587324795,0.553704397391649,0.5372660574492966,0.5336419710787269,0.6254592685477051,0.6751708109409741,0.4164075244656738,0.43007965741435045,0.4226494003818356,0.6598435421721344
525,0.5613755811801648,0.5545322534301101,0.5371143484497439,0.5337796115513627,0.6260247428562894,0.6787731338551395,0.4157104034000637,0.4297360130972735,0.42533130891783577,0.6584572417213894
526,0.5612422890211635,0.5553467486529637,0.5369507380929142,0.5339234994193749,0.6266196055522383,0.6823175678104828,0.41505813945115166,0.42940869335168247,0.428069100028282,0.6569765256380641
527,0.561133623525558,0.5561464767621779,0.5367750363616799,0.5340736022955768,0.627238255804635,0.6858009173705149,0.41445216993256334,0.42909853193676556,0.43085978372864486,0.655404078659726
528,0.5618224633448563,0.556086925179671,0.5393586828431527,0.5310515741195381,0.630377623640568,0.7027938197290629,0.4136859444885579,0.4280795929719299,0.44511390352040303,0.6493392574095982
529,0.5617871989435704,0.5568891510304558,0.5391061994622485,0.5311166752807467,0.6310474109060633,0.7059962329970829,0.4130725035152393,0.427733052853968,0.44815292148279284,0.6474354652317332
530,0.5617790348808801,0.5576718253211013,0.5388402641611173,0.5311911492377697,0.6317098861738553,0.7091196531264583,0.412511468958332,0.42740815258397996,0.4512277534828769,0.645455246149364
531,0.5617991171705071,0.5584337253570631,0.538560901932312,0.5312752252206957,0.6323598623663815,0.7121608620749318,0.4120040776206914,0.42710586925106575,0.45433503451351465,0.6434020331065075
532,0.5618486452898828,0.5591736821568807,0.538268174801536,0.5313691517476565,0.6329922933362178,0.7151166788258416,0.4115514974182705,0.42682719170723865,0.45747137408259203,0.6412793743265272
533,0.5619288659497864,0.5598905821455372,0.537962182320507,0.5314731966476814,0.6336022941121366,0.7179839689574973,0.4111548254373652,0.4265731187674598,0.4606333615995202,0.6390909265017153
534,0.5620410663791561,0.5605833685780885,0.5376430620054039,0.5315876468654245,0.6341851603658004,0.7207596542375813,0.4108150861539166,0.4263446573155755,0.4638175716816832,0.6368404476437685
535,0.5621865671584898,0.5612510426918297,0.5373109897184614,0.531712808043799,0.6347363870162577,0.7234407221927055,0.41053322981599816,0.42614282032015993,0.4670205693701711,0.634531789617626
536,0.562366714637948,0.5618926645869279,0.5369661799903357,0.5318490038820373,0.6352516858934514,0.726024235603401,0.4103101309899156,0.42596862476466385,0.47023891524489175,0.6321688903827094
537,0.5625828729787177,0.5625073538370426,0.5366088862808671,0.5319965752681448,0.6357270023862456,0.7285073418750917,0.41014658726963305,0.42582308949660175,0.473469170429868,0.6297557659669867
538,0.5674580953169398,0.5563530819461023,0.5452867039780992,0.5214290772881397,0.6425525484584983,0.7590048419857895,0.40923553165697685,0.4243514075373847,0.5250115939049725,0.6059851866354837
539,0.567892426431334,0.5569689906211219,0.5447820807626476,0.5214096435659265,0.6424258078735341,0.760199523107948,0.40879183034223165,0.42400306820400724,0.5283008166770863,0.6032307258443323
540,0.5683672572411822,0.5575571862884191,0.544264554660007,0.5214181078841619,0.6422299435730954,0.761268696025742,0.408414623077978,0.4236948451175351,0.5315616252762023,0.6004699500276168
541,0.5688835359641743,0.5581170756678138,0.543734757677056,0.5214551013163764,0.6419650156480842,0.7622114162020832,0.40810451804317505,0.42342786198303173,0.5347907392560537,0.5977071481369179
542,0.5694421311109524,0.5586481137599302,0.5431933608242973,0.5215212173285221,0.6416314156730311,0.7630269264030795,0.40786204223064854,0.4232032140385985,0.5379849436773456,0.5949465926359815
543,0.5700438236361659,0.5591498025053793,0.5426410739081133,0.5216170081960547,0.6412298625485894,0.7637146587883499,0.40768764110967465,0.423021965149078,0.5411410918522451,0.5921925308955799
544,0.5804364070747017,0.548819050601952,0.5524537077791588,0.5097152447250592,0.6350041371723055,0.74875975744996,0.40704124768244604,0.4189899146732191,0.6074109265316068,0.5536495139086757
545,0.5812800955712072,0.5492864816139649,0.5518535055197449,0.5099214787549886,0.6338744153517915,0.7473151688857712,0.40638013380988347,0.41849077508248445,0.6098022733153962,0.551248279389946
546,0.5821503213557148,0.5497276376043922,0.5512440590829614,0.5101788060587203,0.6327279984212778,0.7457615478502448,0.4057891826300565,0.4180494293461361,0.6121141623933419,0.5489117691294418
547,0.5830459506859819,0.5501420570060382,0.5506263915034673,0.51048697478798,0.631569388802218,0.7441016640224646,0.40526875334917556,0.41766671660173865,0.614344583941725,0.5466431936577946
548,0.5995736371156944,0.5479045456744919,0.5540363744761094,0.5073805693324518,0.6177819333019511,0.5728634280753673,0.40697382544137023,0.3966192484371282,0.6535124744392795,0.5084240687587147
549,0.59920114744541,0.548014493368759,0.5538328676476484,0.5086554898635599,0.6182152740490297,0.5694674855311899,0.40570521479183047,0.39555464783925964,0.653080537469473,0.5092792857528748
550,0.5987789352803417,0.5480953793744389,0.5536232177062169,0.5100028856938402,0.6186661954491856,0.5660668651292405,0.40448914456481705,0.3945583481029051,0.6525432754039816,0.5102550752841957
551,0.5983066317731635,0.5481469674188362,0.5534082459016947,0.5114211653429394,0.6191302405632698,0.5626629811030852,0.4033260822076106,0.3936300991919327,0.6519007115243436,0.5113504871087583
552,0.5974591739095448,0.5493108366384146,0.5518393795295079,0.5146559963669,0.6232504865300083,0.5436476995722545,0.40256655161971044,0.3904115044201717,0.6455468812472293,0.5158620738572728
553,0.5966593651621004,0.5492562063006681,0.5516818664663599,0.5163213602857836,0.6237858832875971,0.5403243004709413,0.4014934522899814,0.3895634276462084,0.6444544934666067,0.5175319254215638
554,0.5908860314833441,0.5542734806850623,0.5444042330199276,0.5272378224687235,0.6445530934820929,0.48911883707934695,0.4017177044947142,0.3802564812903526,0.6085037240412726,0.5421095181653427
555,0.5794356156436151,0.5599747388149768,0.5360708400731958,0.5404837471397235,0.6655614715185529,0.456447198654292,0.40171805964414714,0.3721015069733046,0.557126265420721,0.5761880939642512
556,0.5771851827205411,0.5595906039825213,0.53639906672358,0.5431665900129479,0.6642455490988212,0.4543858885633743,0.40110369587313655,0.3712383455104217,0.5543257039278554,0.5798549466821293
557,0.5682952161758663,0.5627258592713823,0.5316826090396904,0.5526122223157404,0.6702906135266713,0.4426923333515315,0.4007743520830302,0.36725688951851265,0.518128656128933,0.6024021053443841
558,0.5411442000078722,0.580379261537689,0.5180532993865792,0.5725741970278898,0.6407777248303655,0.4654374968964859,0.39820077647583296,0.3662303035529581,0.37797429320897996,0.6625761289695519
559,0.5399490686216071,0.580519711968869,0.5183993979345052,0.5752275861027728,0.6371496000249769,0.4672456743060315,0.39928964024479513,0.3662105591505779,0.3769000134564577,0.6640833642930144
560,0.5388276894221413,0.580644508295533,0.5187302526511965,0.5778884680832344,0.633561304651746,0.4690641029134133,0.40040665879115767,0.3662094315489771,0.37587840889713486,0.6654639055932228
561,0.5377801529978912,0.5807527704491796,0.5190451972784,0.5805529252465209,0.6300167579491968,0.4708921135256318,0.4015516718190434,0.3662268469964037,0.3749109449634463,0.6667164618557704
562,0.5368065170140733,0.5808436372861563,0.5193436043133263,0.583216975233314,0.6265196135256307,0.4727289427542204,0.4027244739453518,0.36626276595291307,0.37399901077074416,0.667839955994408
563,0.5359012470530882,0.5817657599045208,0.5194899443554563,0.5854178782234887,0.6190734624235217,0.4845482910085933,0.4032925051076773,0.36777016018601605,0.36904771203050646,0.6694584212887013
564,0.5352094992741178,0.5818823847783885,0.5197037647670569,0.5879053182126253,0.6160275467005264,0.4867021124132125,0.4046276270193776,0.36793974034119337,0.3686446652521901,0.6699977745715808
565,0.5345893622262037,0.5819779953580683,0.5198994047156879,0.590374688630094,0.6130478697659194,0.48885840262018776,0.4059911111552653,0.368128617949553,0.36830357199683655,0.6704062609010655
566,0.5354246144788782,0.5831625514627147,0.5207983363015042,0.5974999382477861,0.597550655836904,0.5290054277173492,0.41243739589307377,0.3745930012001088,0.3711933076393809,0.6659368913895598
567,0.5365958635497077,0.5825390095549032,0.5211816871255008,0.5981090267099545,0.5957091474054663,0.5398710867732142,0.4135238170071329,0.37663122080269523,0.374702369709729,0.6637997229609961
568,0.5597593101332395,0.5588819688672308,0.5456954285684431,0.5638405410530593,0.6156610732277716,0.6764877424247541,0.40432233144687824,0.40517802459972896,0.48873819707045074,0.6243989211604245
569,0.5606793252108786,0.559290205343396,0.5453866187464504,0.5641698061478472,0.6153979089930856,0.6781266186299747,0.40606400686217664,0.40656847248408484,0.491896181445995,0.6216169174489417
570,0.5835901037678668,0.5411570070440804,0.571133299159768,0.533984645406208,0.6163335499234199,0.7075416060343641,0.4076373131591858,0.43100623711985825,0.6057366659964648,0.5634550531135069
571,0.5848845216561945,0.5414550572505572,0.5707965503507104,0.534443267379679,0.6149794246318159,0.706318111753333,0.4089960195303575,0.4327232079495652,0.6076605005101421,0.5611042562204193
572,0.5862037041826185,0.5417235921329143,0.5704493456395785,0.5349374705411899,0.6136129793983519,0.704996682367649,0.4104013557880804,0.4344946249068296,0.6094884340949398,0.5588225999823292
573,0.587545859714246,0.5419620726050273,0.5700924580106841,0.5354666133976583,0.612238967462662,0.7035802237799982,0.4118525681785467,0.4363193721737173,0.6112193403737927,0.5566123373196984
574,0.5889091005784304,0.5421699913514103,0.5697266916073545,0.5360299309384872,0.6108621180328472,0.702071708371799,0.41334886005168775,0.4381962427542277,0.6128521907762027,0.5544756045749709
575,0.6016264051880579,0.5329398535904508,0.5808935733582377,0.5231819919327495,0.602901138994854,0.6684298700132628,0.4154853740935572,0.44826872630012093,0.6454003595664292,0.5318895344883665
576,0.6082422874198015,0.5297147257813393,0.5864517874697706,0.51612071402239,0.5972036524671205,0.6280745164413336,0.41928882712630167,0.4533086528159913,0.6554570304642239,0.5205534939256954
577,0.6086293709595078,0.5295664705915692,0.5863732024816046,0.5170106120320326,0.5966525304201451,0.6252959652083757,0.4201386364835874,0.4547573229599636,0.6551700102779341,0.5201927641680134
578,0.6104057475828277,0.529099233685604,0.5878427358793337,0.5154651642094445,0.5955737683532538,0.6001519288771264,0.4233567605461718,0.4568461475864405,0.653497116971186,0.5183084370463898
579,0.6103298510921957,0.5288161974425898,0.5878347099022431,0.5165135014068857,0.5953789203722407,0.5972698444356493,0.42415235409794205,0.4581777742103639,0.6526493437845425,0.5186380906443137
580,0.610413840815155,0.5289905101103691,0.588284236295498,0.5167041995714807,0.5963468458929696,0.5748056587087002,0.4275744742117932,0.45938200320505096,0.6467260275874379,0.5202981823332665
581,0.6098849566624698,0.528589790231354,0.5883447978930139,0.5179289930086391,0.5963783080736614,0.5718767317683787,0.42834954138611475,0.460591066982548,0.6453864830697095,0.5212707439882145
582,0.6093038438537719,0.5281647543233473,0.588394557901253,0.5191940848559978,0.5964240262108264,0.5689358509439058,0.42917129386524455,0.4618293411477117,0.643948405029241,0.5223522225855712
583,0.6086708083914772,0.5277159024221775,0.588434425156874,0.5204987748425994,0.5964797624495962,0.5659830243986309,0.43003956634398316,0.4630949624096908,0.6424126344567062,0.5235410665945261
584,0.6079862543078569,0.5272437744928615,0.5884653409341197,0.5218424352513757,0.5965411635416485,0.5630181825666949,0.43095416423850513,0.4643860493012038,0.6407801022885642,0.5248355962219942
585,0.6072506818098815,0.52674895007334,0.5884882758077301,0.5232245146367098,0.5966037789560569,0.5600411855045018,0.43191486332789486,0.4657007062673589,0.6390518316557863,0.5262340061613318
586,0.6054736830722517,0.5272806682799654,0.5877648578251039,0.5261496552862296,0.6008299214491045,0.5360485968741506,0.4371351348867853,0.4662195774847965,0.6251306406213696,0.533895892872508
587,0.6042516628248964,0.5266873320804307,0.5879006665237905,0.5277811087190077,0.6008457066950772,0.5330334404091294,0.43807408443004414,0.46732155164359834,0.6229326157833361,0.5359285598966643
588,0.6029850737140908,0.5260758905063826,0.5880305634429838,0.5294598435956518,0.6008214758564954,0.5300022535389309,0.4390562310816923,0.4684383297878676,0.620647161744013,0.5380522218241728
589,0.5916279868482184,0.5231040094144281,0.5886443571491778,0.5432605273606754,0.6015249722830442,0.49897135329615927,0.44793361855004304,0.47297423102259695,0.5950726606819438,0.5590685931727449
590,0.5899085099152702,0.522380501847814,0.5888239105220495,0.5454558108214907,0.6008791959767319,0.49579630336666247,0.44912311545604744,0.4739686392049626,0.5920912558476252,0.561948730634209
591,0.588164912091059,0.5216481993225205,0.5890023395842283,0.5477069347184372,0.6001443824830732,0.49260057113736405,0.45034957081293014,0.4749625159782588,0.5890423644125786,0.5648874188671957
592,0.5677431696091237,0.5374524948324148,0.5802476572158176,0.5864654516353877,0.6220341156656616,0.4307550753634938,0.4736537295121308,0.45567659607266475,0.4818596928802833,0.6212502930164209
593,0.5653047154913007,0.5370046273083662,0.5807624621599079,0.5899419510040967,0.6187993183662445,0.4278181842504431,0.47437655234718457,0.45539239779895757,0.4785896677281118,0.6246950286266352
594,0.5629041058276867,0.5365600042750556,0.5812549434973963,0.5934691383018933,0.6154496544493326,0.4248823583719653,0.47509895398895946,0.45509093790466437,0.4753162396053619,0.6281114099852262
595,0.560543510841784,0.5361190755465904,0.5817244509508741,0.5970435662061259,0.611988476480239,0.4219494937614454,0.47581942553878787,0.4547715691017761,0.47204277834264674,0.6314951461071355
596,0.5582250104434409,0.5356822887073457,0.5821703215196652,0.6006615981294327,0.6084192845289577,0.41902150951864536,0.47653643728382916,0.4544336818169811,0.46877268923961907,0.6348420176125659
597,0.5559505956064218,0.535250089567801,0.5825918802849512,0.6043194110590625,0.6047457132377783,0.41610034157608555,0.4772484415284627,0.4540767055110771,0.465509407049869,0.6381478836890193
598,0.5420157968876189,0.5478788039337995,0.5753519963572702,0.626304633266954,0.6014515777145767,0.40948810212725434,0.479368968132098,0.4351576645024618,0.41581594222690227,0.6608861640613082
599,0.5232573146031352,0.5686362857629275,0.5598552711683508,0.6290455998724813,0.5833516356556854,0.45483541209180306,0.4633680631799219,0.40766505393303476,0.398832592166139,0.6682514225854791
600,0.5189394898640881,0.5739633845722242,0.5563615303647655,0.6131017647934158,0.5718127250744781,0.5071693361285231,0.4487825546644297,0.4044826773733735,0.4360039916385976,0.6530649263460787
601,0.5187760734640627,0.5748614326536727,0.5556992104541593,0.6135695676447213,0.5693488042890967,0.5087479551033557,0.44995372329193845,0.40560483637902806,0.43782942992309687,0.651984413629296
602,0.5192146812726148,0.5752761987291964,0.5561179442753188,0.6060458195886576,0.5648889375852754,0.5306418925762353,0.44515947803729305,0.40821723998853476,0.4592897650124225,0.6420762920875799
603,0.519440564629973,0.5761824149963991,0.5553776500682677,0.6061823151863116,0.5627477063894394,0.5322012261852537,0.44663897654115575,0.4099127899477865,0.46140569609553034,0.6404535048496004
604,0.5197454676696812,0.5770604240403525,0.5546173637833768,0.606265907040293,0.5606102142444543,0.5336874690468957,0.4481411793389239,0.41166545246824754,0.4635128984898796,0.6387625921036766
605,0.5201299558290662,0.5779089840523983,0.5538381111086799,0.6062985761539412,0.5584762095977073,0.5350983176289659,0.4496667941516302,0.41347550504360275,0.4656091332325356,0.6370064233955397
606,0.5380624439391851,0.5598122333009163,0.577841310787226,0.5677610274150339,0.5505779447331643,0.6120526144082314,0.42276803114405254,0.4367554958754573,0.5779502227895625,0.5782810024011846
607,0.5393992389024513,0.5605321360169837,0.5770743824115849,0.5680483586763608,0.5490626155230179,0.6120768091102441,0.4254124026817868,0.44054215579256517,0.5795544309969137,0.5758006378886292
608,0.5483687566206936,0.5531768912581482,0.5861352364251459,0.5589100932962007,0.5461023702782062,0.6211513354943002,0.4216229663645923,0.45202661256548515,0.6079309083404524,0.5571415507813465
609,0.5498347590545415,0.5537102996052501,0.5853287378676229,0.5594638083749676,0.5446947116470497,0.6204472656619543,0.4244148446761517,0.45608553252449074,0.6088552065220847,0.554925654642736
610,0.5741973851332698,0.5298194854283723,0.606651095121792,0.5357064999970153,0.5408694788509798,0.6076548110564067,0.41979898350965394,0.48197650326102875,0.6574745268260556,0.5212108956926674
611,0.5751515824002442,0.5297793787828265,0.6058456322618799,0.5366221623283643,0.5400578878374179,0.6056484871354221,0.4224363663487673,0.48575643866687607,0.6565771702509391,0.5204563528310354
612,0.5900175882273266,0.5130003150144803,0.6097454997242983,0.5236531820191258,0.5454526694968987,0.548369689952081,0.44492150645722495,0.5103834979282829,0.6493820973590081,0.5245943801474798
613,0.5905486596276562,0.5105313482175752,0.6082814752320767,0.5257188256925402,0.5491291711860257,0.5253668923302912,0.4586418714263419,0.5184414250851375,0.6343579537023761,0.5347547969554087
614,0.5896457185461896,0.5098302154333458,0.608003059887588,0.5270709739775907,0.5487314707640335,0.5226266766989246,0.46091777088117375,0.5206851217648161,0.6316095354344797,0.5366866622301064
615,0.5887087663079706,0.5091238255755324,0.6077239428070129,0.5284521430301444,0.5483076087874178,0.5198736696106001,0.4632277382532458,0.5229040944532422,0.6287882855887815,0.5387013982125374
616,0.5877634445348243,0.508297601292409,0.6073179874779098,0.5302500516647966,0.5483425018421687,0.5150805659699746,0.4669284545287936,0.5255930079154535,0.6242316740828842,0.5419575014195729
617,0.5866871095353056,0.5072667392737844,0.6065637654321994,0.5337623869218796,0.5498844562670914,0.5042564030131066,0.4750072010948745,0.5296007265644922,0.6140213755558181,0.5491548749010255
618,0.5854593921564772,0.5065306129756685,0.6064061635514881,0.5354017879520742,0.5492376406720488,0.5014148751574118,0.4773730309027402,0.5315444629730811,0.6109057450197815,0.5516043210329474
619,0.5842055195704913,0.5057969226620054,0.6062550034310157,0.5370838541078246,0.5485432457093673,0.49856389987972194,0.4797703324578275,0.5334604795906471,0.6077355011737192,0.5541172422510972
620,0.582926771519757,0.5050670188718105,0.6061116090808629,0.538809929852554,0.5477991131228839,0.49570444898155186,0.48219842099638777,0.5353479015062974,0.6045143441471552,0.5566900535802999
621,0.5815670523256438,0.5042471656514472,0.6057788696796085,0.5421847702117363,0.5481029850030589,0.48896234724837484,0.48789075132253723,0.5380779476627345,0.5970751452452326,0.5621401735062321
622,0.5801733224540871,0.5035270372388113,0.6057025083071482,0.5440811454268449,0.5471826617923804,0.4860696408850323,0.4903578563032373,0.5398271273454218,0.5937422917587468,0.5648834809837137
623,0.5787602596536244,0.5028158506636179,0.6056369949801381,0.5460284512402255,0.5462036556480698,0.483172531466847,0.4928525655794617,0.5415459923929995,0.5903726772074168,0.5676727133317059
624,0.5758936340737705,0.5014813613227971,0.605605604093326,0.5490533596197221,0.5435067273552955,0.4792392938968606,0.49614595442329834,0.5444642717862961,0.5857809352839323,0.5718775350975479
625,0.5744618127142336,0.500804343729349,0.6055531025087597,0.5511178247690052,0.5423847305519347,0.4763461823016552,0.4987293591471997,0.546127979855874,0.5823297032354304,0.5747588559673866
626,0.5730150823058876,0.5001413252111824,0.6055147236602977,0.5532361301715295,0.5412009931187388,0.47345424947672454,0.5013369898163441,0.5477586656885574,0.5788575999365411,0.5776723549921196
627,0.5715547080825839,0.49949369335783456,0.6054909679198979,0.5554091483110046,0.539954755970444,0.4705651873352265,0.5039677453753426,0.5493558058824528,0.5753691202969552,0.5806142177398589
628,0.5688972494578792,0.49969991148246873,0.6059249304925923,0.5784551908326009,0.5465155876327621,0.4423291748917164,0.5343776176678963,0.5554280772175472,0.5357695930174519,0.6059115813543217
629,0.5477145845623934,0.5245081863034343,0.6045313059938194,0.6468038567521168,0.5566378458210699,0.4005259069029175,0.577561539513627,0.5337013727393523,0.44189374097169754,0.6556434515874121
630,0.509223143772159,0.5674215646165575,0.5682335191645718,0.6143635565271811,0.5318926721327011,0.48125023833893277,0.5028033691155281,0.4788858194361113,0.5038171768692105,0.6250581881675775
631,0.5239774544656728,0.551162119984139,0.6033267651171993,0.5510449158243548,0.502317426343758,0.5720148278186712,0.4317943561444764,0.5113554241810888,0.6439049585953386,0.5196262652569137
632,0.5249719088041931,0.551927804473703,0.6019476163999408,0.551649357372423,0.501249767525812,0.570981252303176,0.4345773609784371,0.5162796034689395,0.6429409881443283,0.5183784456176147
633,0.5259829973303385,0.5526638204876122,0.6005250700020874,0.5522546589364148,0.5002256061271302,0.5698858379529864,0.43738170361821244,0.5211707463266851,0.6418801585061806,0.5172002751996763
634,0.5270096848380569,0.5533694408756129,0.5990607385683456,0.5528584374376265,0.4992462122470845,0.568731103515063,0.44020522607013135,0.5260238461127366,0.640724390539672,0.5160923974010908
635,0.5280509129323203,0.554043975959895,0.5975563638755899,0.5534582886004797,0.49831269254041904,0.5675195475237231,0.4430456852460139,0.5308339570303485,0.6394757304232552,0.5150553546343175
636,0.5343386233607313,0.5490302390246636,0.5998376022658011,0.5500660996115876,0.4972108937714871,0.5653866186288058,0.44279147430220406,0.5374483834878431,0.6430327660082675,0.5104524529673838
637,0.5353504401986913,0.5494988870341604,0.5982294960125562,0.5506906025286747,0.49653020239893747,0.5638836804535,0.4457175977191907,0.542015687063791,0.6412913561945237,0.5098831827546654
638,0.5363649744957835,0.5499370738342223,0.5965912384655402,0.5512972533098884,0.49589537596557864,0.5623384370489956,0.4486478892149474,0.5465146052796974,0.6394673846638721,0.5093912057256523
639,0.5375518510269837,0.5516527335104117,0.5927850987045624,0.5529955271750756,0.49467749156810775,0.5594972859081573,0.4547837180595845,0.5551860218504587,0.635222988209972,0.5088146084587429
640,0.5385806547356881,0.5520190395356533,0.5910695753002342,0.5535367771331512,0.49415866970023653,0.5578601180193393,0.4577095703899983,0.5594869272313374,0.6332081226557453,0.5085050571579879
641,0.5396089168272873,0.5523530646355802,0.5893338662085512,0.5540526444639314,0.49368497282939505,0.5561883586882418,0.4606310083573873,0.5637049187570283,0.6311223999823269,0.5082705086515522
642,0.5406355084152852,0.5526545148940913,0.5875808605864453,0.5545412717262905,0.4932557338370163,0.5544841154929252,0.4635457184527959,0.5678364253396371,0.6289691606061594,0.5081103320328362
643,0.5425874123890521,0.5518844690430582,0.5862300682138225,0.5544600604695072,0.49303611679420456,0.5522672709482783,0.4662864176364282,0.5718305848263897,0.6268975392342463,0.5080644228285472
644,0.5905437873895305,0.4880049836116002,0.606576759337801,0.5685899577941385,0.5349134759235683,0.44755047912528684,0.6025816067060232,0.6050437207949417,0.5298691535055208,0.5905120466136657
645,0.5881351803024277,0.4882472011908049,0.6083919378150295,0.5749686521243782,0.5344711473517201,0.44208362210627616,0.6117099514278403,0.6073771395734053,0.522286691143066,0.5964285349306655
646,0.5861098920769571,0.4879825258445998,0.6089553068233771,0.5775547080082278,0.5326228879720127,0.4398726668019822,0.6143254445794006,0.608117185144133,0.5197866724787542,0.5992193006995488
647,0.5838863485434833,0.4880233762501279,0.6099306721874481,0.5816196026973383,0.5310977706634831,0.43674998100250517,0.6189617145527941,0.6092479020505812,0.5157175366811968,0.6030134409155403
648,0.5818213794472267,0.4878607014248479,0.6104777998705339,0.584345938682822,0.529113066866318,0.4346666133808513,0.6214841855737747,0.6098947251552205,0.5133444194530223,0.6057966285458003
649,0.5797505081163049,0.4877403110536163,0.6110127615899148,0.587121270566036,0.5270821348345838,0.43264539093365384,0.6239732756948053,0.6105078138682409,0.5110258241087797,0.6085711688460289
650,0.5774680022076331,0.4879716090634208,0.6119388736511008,0.5914715531341292,0.5253368472897446,0.42982213677043535,0.6283829207037196,0.611433845141496,0.5072116340608601,0.6122844091998431
651,0.5753694134091969,0.48795902555066417,0.6124376952596301,0.5943611839111191,0.5231819131851092,0.4279477221272088,0.6307516035098439,0.6119463184619663,0.5050469282789976,0.6150236473933446
652,0.5707748286644622,0.4918344484067199,0.6159975684920783,0.6112008315129073,0.5233640732709702,0.4198162580357271,0.6478260204718899,0.6138243467441401,0.49048952336233703,0.6251376173599136
653,0.5685333664900739,0.4921097591836837,0.6163235728855831,0.6142668763285429,0.5208255277020528,0.41824964012135657,0.6496018239193672,0.6139695116662641,0.48880600375215166,0.6277107155874508
654,0.5663000450062119,0.49242961483921716,0.6166124710962746,0.6173430244891416,0.5182571888808775,0.41676263797621677,0.6513095108798568,0.6140716115575937,0.48719543895575884,0.6302495905749188
655,0.5640761191070583,0.4927940720166707,0.6168624050982989,0.6204248945094175,0.5156613339863229,0.41535666127799087,0.6529467011196348,0.6141297272887852,0.48566002558974236,0.6327514028354699
656,0.56186283155173,0.4932031287365428,0.6170715448187067,0.6235080337945542,0.5130402685969511,0.41403299252178544,0.6545111042592622,0.6141429716144343,0.4842018206785572,0.635213394851145
657,0.5596614153297654,0.4936567245245561,0.6172380958450122,0.62658793319996,0.5103963258479725,0.4127927860308426,0.6560005279510572,0.6141104963068224,0.4828227362665485,0.6376328937223711
658,0.5556526805997111,0.4941650633606224,0.6172817240036043,0.6312118677583499,0.5048913770617132,0.41099848786785625,0.6576819960279982,0.614078219857692,0.4813328018046685,0.6417561657178278
659,0.553503171098779,0.4947306853511679,0.6173375114967761,0.634271324169402,0.5022203937232201,0.40999339451089084,0.6590043070587868,0.6139389770244903,0.4801549519301464,0.6440575379363933
660,0.5513696442623873,0.49534045186738923,0.6173450527960048,0.6373120046617254,0.499535212828498,0.4090749493126043,0.6602455093381385,0.6137513176802307,0.47906267609557446,0.646307275814012
661,0.5492533052529481,0.4959940556855327,0.6173027789608244,0.6403293327506419,0.49683828445881373,0.4082437242608484,0.6614039179353853,0.6135146444823126,0.47805717555386434,0.6485031270302132
662,0.5463990455949429,0.4977738281544633,0.617296684986525,0.6461730399429991,0.4943679450896079,0.4068401137070794,0.6640740072877931,0.6125974593002418,0.4754968385311557,0.6515383606609955
663,0.5409875222057628,0.49913067452278104,0.6165887117125852,0.652040171251419,0.48590798110835803,0.40579719282951027,0.6651236314000517,0.6120569710921198,0.4749158706557097,0.6567169693667002
664,0.5389759551042017,0.4999963773150383,0.61627712180497,0.6548748294437418,0.4831912708952378,0.4054073863324636,0.665844686284335,0.6115687763498284,0.4743510575898536,0.6586149579849605
665,0.5261779326553171,0.5145914290329299,0.6081550950552164,0.6740797877954872,0.48071045480659713,0.4040930754017817,0.6604376194491113,0.5931553618551603,0.47275854755133856,0.6603924905847307
666,0.5242754271658797,0.5158686888264343,0.6069746163498548,0.6754883844852881,0.47768429546802804,0.40425988862744244,0.6593445571230392,0.5920739547285002,0.47336411850498644,0.6613226795274889
667,0.5133930377826297,0.5273412454322602,0.593146136511092,0.6680924849007203,0.47270662884966663,0.40965000720131894,0.6318642566720083,0.5724457463852971,0.4910812660394361,0.6518620097820856
668,0.5118244831254712,0.528787412012576,0.5915899885437401,0.6681452410577932,0.46976326826745174,0.4101118895643228,0.6298630842803813,0.5715900322585962,0.49219413866623907,0.6519380923954249
669,0.5068187161645262,0.5338565694837862,0.5844323678487607,0.6598806678365862,0.46567809808751437,0.413756497464124,0.6137282175756577,0.564089010561674,0.5040791568398145,0.6451244937273013
670,0.5055143352154586,0.5353258050104239,0.5828409810261308,0.6593377080993558,0.4629207014747336,0.41433259503795844,0.6115475084498061,0.5636092099145017,0.5052750645832497,0.6447691921837918
671,0.5042723229507251,0.5367898234102773,0.5812444431939712,0.6587171235022887,0.460232797199564,0.4149491056242095,0.6093537766754241,0.5631801560253863,0.5064726070278909,0.644350985424768
672,0.5030937847251657,0.5382469640106621,0.579645016698855,0.6580218415349098,0.45761717695485676,0.4156044949596998,0.6071517924525014,0.5628053076689854,0.5076695594827524,0.6438705959534723
673,0.5019797834746921,0.5396956050799844,0.5780449545519407,0.6572548930998079,0.4550765947338546,0.4162972376633099,0.6049462481400528,0.5624880672336664,0.5088637115990479,0.643328808350443
674,0.5009313375005225,0.5411341657243887,0.5764464949838292,0.6564193976318433,0.4526137589102815,0.4170258172203025,0.6027417396912578,0.5622317673580284,0.5100528717464909,0.6427264675891459
675,0.49994941821433214,0.5425611075961917,0.5748518560352637,0.6555185479402236,0.45023132407944727,0.41778872575348386,0.6005427483941663,0.5620396575345896,0.5112348712911973,0.6420644773198458
676,0.4990349478566156,0.5439749364126036,0.5732632302011987,0.6545555948470335,0.447931882708982,0.41858446361235874,0.5983536230083099,0.5619148907399726,0.5124075687654213,0.6413437981253484
677,0.498188797200893,0.5453742032840283,0.5716827791456397,0.6535338316968591,0.44571795664973757,0.4194115388128269,0.5961785623867806,0.5618605101517837,0.5135688539201009,0.6405654457519447
678,0.4974117832566138,0.5467575058520304,0.5701126285044399,0.6524565788128014,0.4435919885589472,0.4202684663610521,0.5940215986720626,0.5618794360129742,0.5147166516519467,0.6397304893185844
679,0.49670466698378735,0.5481234892378624,0.5685548627930065,0.6513271679744805,0.4415563332889481,0.4211537674958935,0.5918865811521695,0.5619744527047636,0.5158489257976054,0.6388400495070227
680,0.4919437382497516,0.5526102216258204,0.5620752783331225,0.6123312912419503,0.43813896622931753,0.4283040345573425,0.5487728747253674,0.5608491604538252,0.5574219875984846,0.6071516246132725
681,0.4919815890262456,0.5537912173520823,0.5611173901293289,0.6105778292973878,0.43673083913989863,0.4289228354410761,0.5474258426958871,0.5629404687905577,0.55802740138219,0.6054693027156408
682,0.4920842383233994,0.5549434275824333,0.5601838101254982,0.6088133122367685,0.4354257081197375,0.4295457214519182,0.5461320363754754,0.5651307740134802,0.558574957560353,0.6037627178191303
683,0.49225145174224605,0.5560659160320947,0.5592744871443511,0.6070396270337737,0.43422427182615775,0.4301718570705614,0.5448919267460709,0.5674187042935673,0.5590638572317435,0.6020336734216407
684,0.4924829316529954,0.5571577994661269,0.5583892870023246,0.6052584802478157,0.4331270593397183,0.4308004192788416,0.5437056831319285,0.5698026153139749,0.5594933984589991,0.6002839806731418
685,0.4927783171791265,0.5582182467466293,0.5575279944944801,0.6034713937064924,0.4321344265812061,0.4314305973519212,0.5425731743124282,0.5722805907445314,0.5598629774329288,0.5985154560035977
686,0.49313718429870984,0.559246477737098,0.5566903156400349,0.601679701214852,0.43124655337281154,0.43206159294890395,0.541493971097898,0.5748504437403852,0.5601720895103297,0.5967299187615787
687,0.4935590460656572,0.5602417620729503,0.5558758801774896,0.5998845463026417,0.43046344116512186,0.43269262051299096,0.5404673503667924,0.5775097194724854,0.5604203301277445,0.5949291888661737
688,0.49404335295309826,0.561203417807682,0.5550842442973604,0.598086881015498,0.42978491144740766,0.4333229079887897,0.5394923005551472,0.5802556986928111,0.560607395593573,0.5931150844748402
689,0.49458949332052693,0.5621308099444665,0.5543148935995648,0.5962874657507501,0.42921060485436496,0.43395169786077753,0.5385675285817447,0.5830854023324389,0.560733083760867,0.5912894196698047
690,0.4951967940058405,0.5630233488633544,0.553567246261651,0.5944868701332721,0.42873998097811705,0.4345782485132821,0.5376914681849603,0.585995597125654,0.5607972945830274,0.5894540021656572
691,0.49586452104283313,0.5638804886545065,0.5528406564032359,0.5926854749215986,0.42837231888985194,0.43520183590866585,0.5368622896398804,0.5889828022483962,0.560800030554468,0.587610631040765
692,0.49659188050415826,0.5647017253681257,0.5521344176312782,0.5908834749293672,0.4281067183710177,0.4358217555767132,0.5360779108169468,0.5920432969544441,0.5607413970381171,0.5857610944951698
693,0.5089088174841527,0.5602727698360148,0.5668141703856171,0.5515506875135319,0.432767358632932,0.4365376235174726,0.5153126859530407,0.6251294126962852,0.5864400846340374,0.5503129563556953
694,0.5101772088936006,0.5606815356437006,0.566419851858043,0.5495354614953656,0.43323500142520344,0.4366906876573122,0.5151706204064692,0.6293678430387964,0.5852693454677388,0.5484665255773166
695,0.5114759972198591,0.5610552014590556,0.5660079899025593,0.5475026193576467,0.43377503357246716,0.43683437827173144,0.5150250752004686,0.6335933228557983,0.584032655030203,0.5466522367438291
696,0.5319758881494332,0.5438418371522363,0.5947978907408441,0.5060661344037276,0.4410205049016408,0.4341314135099055,0.49947873384034946,0.6489863166834269,0.6082443478109881,0.5160619096442588
697,0.5332529375517661,0.5437590726059098,0.5941539220518127,0.5036192123978865,0.44178103477444935,0.4338812617394023,0.499570318183897,0.6530479977547167,0.6059268153435567,0.5148194434155771
698,0.5493800892004458,0.5271516612825192,0.6089587807404768,0.47349809690029626,0.4456526788186726,0.43203536857496416,0.4945279558908584,0.6496800443656311,0.6134926136189086,0.5008939574077232
699,0.55182984244696,0.5248451442156854,0.6090662636685075,0.4680850102443859,0.4465480494074994,0.4316378221199692,0.4949084434651583,0.6513062818706642,0.6111572791891619,0.4996589101351683
700,0.5526732643584934,0.5244048305316902,0.6079490547204224,0.4654952333681018,0.4472379016385012,0.4313847832453051,0.49533062987217485,0.6542379921727551,0.6081758640457597,0.49938690673990754
701,0.5534924919947021,0.5239573111461281,0.6067792947124783,0.46289467308478616,0.4479234700684137,0.4311573936443901,0.4957513345962843,0.6570421655757336,0.6051757427298926,0.49918881141857013
702,0.5542872250894189,0.5235032103184555,0.6055591919747487,0.46028605562237956,0.44860232747497963,0.4309576572240825,0.4961728988541517,0.6597189089731134,0.6021624608481585,0.499062951760623
703,0.5550571865787546,0.523043135797623,0.6042910557418285,0.45767224930396533,0.44927210890903096,0.43078756524285905,0.4965977562185924,0.6622686192530416,0.5991416251515818,0.49900758254343625
704,0.5558021216109911,0.5225776776195881,0.6029772853966217,0.4550562554701672,0.44993051375643794,0.4306490908651093,0.4970284227434537,0.6646919743539631,0.5961188927217568,0.49902089057685967
705,0.5565217965510865,0.5221074069910199,0.6016203594399199,0.4524411986480204,0.450575307481154,0.4305441836060096,0.4974674864611939,0.6669899232187191,0.5930999596615755,0.49910099959305
706,0.5572159979844423,0.5216328752613456,0.6002228242365919,0.4498303160182188,0.4512043230669068,0.4304747636954355,0.4979175962987737,0.6691636746965451,0.5900905493162811,0.4992459751642005
707,0.5578845317244333,0.5211546129849783,0.5987872825899812,0.44722694623616055,0.45181546217713,0.4304427163907237,0.49838145046102883,0.6712146854476002,0.5870964000537413,0.49945382963101265
708,0.5615653177380263,0.5163757652042034,0.5984609782485854,0.43993628696071635,0.4521576131574116,0.43057335755244425,0.5010270104581404,0.668055339381149,0.5840049956307908,0.4998370242484686
709,0.5620800776029524,0.5158539482271318,0.5969715344645072,0.4374868712523282,0.45265587006552277,0.43068743149576794,0.5017203087043416,0.6696961859081001,0.5810628928701143,0.5003037654339644
710,0.5825387195718312,0.48029257317618146,0.5935203466425089,0.4602447938924429,0.43002036995402565,0.44279257589519455,0.6439405581119232,0.6244652287425329,0.551289643275213,0.5369797848651778
711,0.5814662690286685,0.48026740592305645,0.5935965717906628,0.46196751324804836,0.42951092159789245,0.44480573350090413,0.6467634249923758,0.6246325473780072,0.5498798370230651,0.5389774751184064
712,0.5803670236581993,0.4802873109176295,0.5936775917512798,0.4637588631409802,0.4289805063069701,0.4469104206926754,0.6495330987030932,0.624754449932692,0.5485614228499297,0.5409855164868453
713,0.5792411237422985,0.4803527403803552,0.5937622376012419,0.46561638786584497,0.4284305737519916,0.449105713326913,0.6522449855521516,0.6248299649239828,0.5473365528657246,0.5430007926918912
714,0.5764331494007207,0.4837252503537809,0.5934205942138037,0.4913037246873576,0.42155994303280614,0.454364513356121,0.6869005621079602,0.6255593944528195,0.5395484387672085,0.5534284796766681
715,0.5750571077393596,0.48410882892479273,0.5936298308766944,0.4937140482377956,0.4209570088494689,0.45704657410353305,0.6889729400851837,0.6253020369830647,0.538887383063086,0.5554441429406318
716,0.5736578801229703,0.4845373941168004,0.5938251392109406,0.4961579382176467,0.4203529402451106,0.45981596354807175,0.6909408030107955,0.6249873704708225,0.5383189866307623,0.5574501540498741
717,0.5722357606597955,0.4850108831960253,0.5940046221646389,0.4986318769598242,0.4197501330685452,0.46267099346764534,0.6928006289145443,0.6246139882141042,0.5378436552359377,0.5594438853866586
718,0.549288968348326,0.5187451664361641,0.5768626076866519,0.6007872060777032,0.40062899885014785,0.47355065940028035,0.7534870569232037,0.6152238368949875,0.5181546413349927,0.5815352936897037
719,0.5473694413610363,0.5199848138666897,0.5761408612678731,0.6024974999677513,0.400688231109275,0.47720251905365496,0.7514872290370459,0.6136766382197786,0.5188890712826016,0.5827325903139186
720,0.5454549174561902,0.5212359331470426,0.5753714188430736,0.6041531062641703,0.400825023866374,0.4809119570788486,0.7493783506375064,0.612091237662557,0.5196599314665664,0.5838927553041495
721,0.5435465855975395,0.5224975725689522,0.5745547463025219,0.6057536283193958,0.4010420382708717,0.48467543576154026,0.7471653431791329,0.6104706156187549,0.520465300646115,0.585014771072069
722,0.541645671767354,0.5237687740659223,0.5736914159489732,0.6072987965520971,0.4013418430450011,0.48848932632165193,0.7448532713665652,0.608817908552829,0.5213032063594067,0.5860976892751051
723,0.5397534374252989,0.5250485743540427,0.5727821066741894,0.608788464005707,0.40172690302837577,0.49234990856612104,0.7424473229418818,0.6071364002100138,0.5221716300996257,0.5871406302012134
724,0.5354513143322932,0.5290719370674146,0.5687643647709837,0.6147453229157417,0.40220590732722067,0.4962264753428266,0.7376907475127013,0.60367545668065,0.522536636049616,0.5882239485687888
725,0.5335911162946656,0.5303766896720034,0.5676774411717807,0.6159658015195308,0.40286015410041576,0.5001466319254178,0.7349554399958615,0.601968692711991,0.5234710768710465,0.5890962007457928
726,0.5317465020905351,0.5316841275154383,0.566550421078852,0.6171317718705294,0.4036095555548146,0.5040986538204998,0.7321528123556879,0.6002520564890373,0.5244251956572624,0.5899264104224206
727,0.5249091895474257,0.5380336340071549,0.5585273906557316,0.6252122326392023,0.40565876889702784,0.5075396454204765,0.7222915337751923,0.5952486910156689,0.5248782401722525,0.5900275355263968
728,0.5231542106464184,0.5393417677823688,0.5571810908594903,0.6259595419918234,0.4067990616808686,0.5114510109538014,0.7191935127609919,0.5936669652972955,0.5258454987066068,0.5905894505347883
729,0.4991758479471013,0.5592315053005145,0.5237658767295996,0.6325537400687776,0.4271344098195298,0.5071326382102119,0.66262481937518,0.5893880307508652,0.5312670705484391,0.5786561817914502
730,0.4980850044760481,0.5603194148897596,0.5223004452813015,0.6320172478058597,0.42923724255306367,0.5101598211941303,0.6599040097236332,0.5896220014837471,0.5316778706681848,0.5783414006899852
731,0.49704334923692567,0.5613799001141785,0.5208616236226805,0.6314646347691332,0.43143820217805334,0.5131644844220279,0.6572343984988319,0.5899544943655058,0.5320582255179194,0.5780017839550321
732,0.49605163381378803,0.5624124891171314,0.5194510769722744,0.6308963258747087,0.433734797335518,0.5161428186446004,0.6546167618304201,0.5903864385576512,0.5324074383906825,0.5776381609962551
733,0.4951105649722624,0.5634167435575034,0.5180704032819551,0.6303126159059793,0.4361243466270006,0.5190910602443949,0.6520515229205074,0.5909184598067624,0.532724866632163,0.5772513851841867
734,0.48850765573740657,0.568584186613274,0.5192580845856186,0.5886318738783044,0.48982513838389535,0.49886582026508575,0.5864056724313934,0.6477032884723346,0.552104788111581,0.5473989774623758
735,0.4888460751203231,0.569021867399286,0.5189676285354354,0.5870074497579123,0.49235719095847846,0.5000653847805137,0.585166941096774,0.651254562594291,0.5507663777498341,0.5466756376390076
736,0.4892222592323169,0.5694289094095156,0.5187012931999733,0.5853473080663641,0.49492180723621815,0.5012413632158574,0.5839151413318522,0.6548333418728007,0.5493844626153571,0.5459696178451781
737,0.4896355764736837,0.5698054190468667,0.5184574726367535,0.5836497500516683,0.4975152866524397,0.5023939111512161,0.5826465639558199,0.6584330075328557,0.5479607782838192,0.5452814694669306
738,0.490085375525042,0.570151509550436,0.5182345447522055,0.581913173112242,0.5001339794672569,0.5035233270574612,0.5813576063135549,0.6620469021752508,0.5464971459752231,0.5446116982040963
739,0.49057098650985725,0.5704672994158564,0.5180308760712103,0.5801360846631888,0.5027742963890826,0.5046300534161946,0.5800447953843224,0.6656683515225448,0.5449954722054274,0.5439607635747746
740,0.49109172215968533,0.5707529108743016,0.5178448263865784,0.5783171155062526,0.5054327176550955,0.5057146771366096,0.5787048102345137,0.6692906860613307,0.543457748284684,0.5433290785244987
741,0.49164687897880927,0.5710084684352708,0.517674753272533,0.5764550326357795,0.5081058015210029,0.5067779292396194,0.5773345036979157,0.6729072624841778,0.5418860496491473,0.5427170091407476
742,0.49223573840498525,0.5712340974979345,0.5175190164472908,0.5745487514160053,0.5107901921160433,0.5078206837835509,0.5759309231707618,0.6765114848358708,0.5402825350115051,0.5421248744731713
743,0.4928575679631066,0.5714299230354849,0.5173759819709312,0.572597347068333,0.5134826266230776,0.5088439560098932,0.5744913304132211,0.68009682527036,0.5386494453171832,0.5415529464595786
744,0.4935116224086483,0.5715960683565743,0.5172440262658555,0.5706000654108678,0.5161799417477833,0.5098488996920353,0.5730132202539329,0.6836568443270652,0.5369891024930049,0.5410014499574289
745,0.4941971448578751,0.5717326539475535,0.5171215399483481,0.5685563327964047,0.5188790794453821,0.5108368036746056,0.5714943380997082,0.6871852106378976,0.535303907975715,0.540470562880244
746,0.49491336790189155,0.57183979639886,0.5170069314609573,0.5664657651992222,0.521577091877977,0.5118090875959075,0.5699326961585968,0.6906757199795397,0.5335963410084487,0.5399604164380782
747,0.4956595147017268,0.5719176074184916,0.5168986304966662,0.5643281764054133,0.5242711455803831,0.5127672967909722,0.5683265882909987,0.6941223135890808,0.5318689566939416,0.5394710954808256
748,0.4964348000617914,0.5719661929351407,0.5167950912071191,0.5621435852661171,0.5269585248173472,0.5137130963779566,0.5666746034105504,0.6975190956651511,0.5301243837941922,0.5390026389428797
749,0.49723843147916413,0.5719856522931301,0.516694795188445,0.559912221977779,0.5296366341201455,0.5146482645358772,0.5649756373638877,0.7008603499810756,0.5283653222672111,0.5385550403873277
750,0.4980696101663323,0.5719760775409221,0.5165962542395437,0.5576345333585382,0.5323029999957782,0.5155746849870536,0.5632289032262231,0.7041405555413531,0.5265945405326009,0.5381282486475853
751,0.4989275320451521,0.5719375528145388,0.5164980128890002,0.5553111870949021,0.5349552718072613,0.5164943387030281,0.5614339399577836,0.7073544012178716,0.5248148724588461,0.537722168564069
752,0.49981138870997366,0.5718701538168477,0.5163986506881143,0.5529430749380623,0.5375912218288231,0.5174092948581208,0.5595906193746211,0.7104967993077113,0.5230292140664751,0.5373366618132414
753,0.5007203683580269,0.5717739473932472,0.5162967842688038,0.550531314834466,0.5402087444851285,0.518321701060166,0.5576991513959738,0.7135628979601076,0.521240519942573,0.5369715478260743
754,0.5016536566853687,0.5716489912038938,0.5161910691664513,0.5480772519805691,0.5428058547889423,0.5192337728932684,0.5557600875392744,0.716548092426113,0.5194517993635654,0.5366266047927284
755,0.502610437746843,0.5714953334922095,0.5160802014089872,0.5455824587970195,0.5453806859968294,0.5201477828126088,0.5537743226429336,0.7194480350907173,0.5176661121246692,0.5363015707499927
756,0.5050939597069629,0.5701824698950196,0.5183370845562831,0.5397796610949602,0.5509740019908104,0.5205362421117764,0.5498577594249864,0.724612292011478,0.5162284860125591,0.5354156874512684
757,0.5261272963602317,0.5534417017519574,0.5447047836653086,0.4965050604311622,0.5805716028835155,0.5193818016844,0.5333733515443435,0.7372520741375282,0.519374059188072,0.5286402481373664
758,0.5282194851342117,0.5519756613035315,0.5454650204433852,0.49129837423722006,0.5830702757341995,0.5204312729351168,0.531080538333769,0.7385513273351608,0.517512298741811,0.5283131980298349
759,0.529310958738394,0.5513919877217965,0.5450492440112098,0.4880672425871593,0.5846086786610644,0.5214608240836208,0.5291423133172657,0.7399477152703369,0.5154161760638425,0.5283174402295425
760,0.5303981599522618,0.5507888689387063,0.5446002774643555,0.4848438280094221,0.5860963168740184,0.5225273359906085,0.5272222126767249,0.7412314350367712,0.5133655100074213,0.5283437002708411
761,0.5314806135549779,0.5501664680335039,0.5441179708964738,0.4816329675131113,0.5875318750992741,0.5236309044283646,0.5253252904251743,0.742403409741928,0.5113644261458543,0.5283907427517759
762,0.5325578627131093,0.5495249366328062,0.5436022331566024,0.4784395648129033,0.5889140533953149,0.5247714502255159,0.5234566167726072,0.743464773750951,0.5094170042706575,0.5284573202454443
763,0.5336294683595628,0.548864415393937,0.5430530281590948,0.4752685737374148,0.5902415623242282,0.5259487149367402,0.5216212564340067,0.7444168583273717,0.5075272678176244,0.5285421763478674
764,0.5346950085450144,0.5481850345373106,0.5424703711310179,0.4721249814006704,0.5915131184489454,0.5271622573570675,0.5198242468847356,0.7452611766475689,0.5056991731801127,0.5286440486759969
765,0.5357540777656205,0.54748691442418,0.5418543248216334,0.4690137912138419,0.5927274402060738,0.5284114509212351,0.5180705766692046,0.7459994082771733,0.5039365989485802,0.528761671807178
766,0.5378347612890979,0.5456930594504535,0.542124496487786,0.46400722386297116,0.5944837644376483,0.5300258356786387,0.5164805687383304,0.7458431444978875,0.5024988091299987,0.5286679905270957
767,0.5388713066230715,0.544946612545766,0.5414299582881766,0.46098464211447626,0.5955318385941272,0.5313505206169459,0.5148799417213563,0.7463301938188357,0.5008849000684854,0.5288210109272751
768,0.5398995238652374,0.5441822585186175,0.540702350529268,0.45801153507326375,0.5965176381871837,0.5327072074588668,0.5133395931268953,0.7467184255054791,0.49934847867787596,0.5289860261314743
769,0.5548690804234778,0.5267270880518661,0.5502570757716869,0.42986494990519475,0.5995160864826877,0.5397266418546328,0.5216294000636472,0.729267713908354,0.5023751402861052,0.525711663030329
770,0.5557071965256303,0.5258093321039233,0.5493550555110371,0.4273768022087588,0.5996292657538497,0.541176353682266,0.5211780611701539,0.7289494089940488,0.5012020310935633,0.5259876799768051
771,0.5565275512944098,0.5248825633861475,0.5484228866736502,0.42497807069015653,0.5996602581565921,0.5426378445410203,0.520818801747919,0.7285610009726093,0.5001248704249251,0.5262725798518425
772,0.5573300543773789,0.523947031418383,0.5474611133440282,0.42267229147081475,0.5996079039469449,0.5441082584629162,0.5205528135173025,0.7281048079396367,0.49914614349261915,0.526564988503012
773,0.5825905398637791,0.4823188847487561,0.5572797747676014,0.3863718557148971,0.5577503278482381,0.5534850036654936,0.5984167805881049,0.659069956301046,0.5150609161076501,0.5157584830736881
774,0.5827293584520508,0.4815338704100618,0.5565322477734036,0.38620748683025186,0.5558288016289296,0.554965171806325,0.6003182195866431,0.6576711935438876,0.5151265047867213,0.5162425673814698
775,0.5828395246484168,0.48076436581249127,0.5557691461438182,0.3861443504989056,0.5538309236709421,0.5564404838539975,0.602211791725459,0.6562303361685602,0.5152846270443832,0.5167355874594501
776,0.5829212120583233,0.48001065359706774,0.5549906975187784,0.386180962652167,0.5517592712618025,0.5579107916148718,0.604091495192263,0.654747058572516,0.5155348594337921,0.5172362336256442
777,0.5829745923968672,0.4792729824238725,0.5541971010125899,0.38631564590744666,0.5496166215439056,0.5593761693906286,0.6059513591535346,0.6532209654594665,0.5158765642024501,0.5177432416004085
778,0.5829998358583085,0.47855156711470864,0.5533885283175138,0.38654653623728463,0.5474059510454011,0.5608369172677059,0.6077854651592488,0.6516516011097176,0.5163088905321882,0.5182553928405855
779,0.5829971115336217,0.4778465888523825,0.5525651250421678,0.38687159013273026,0.5451304344678307,0.562293563080393,0.609587968158602,0.6500384591799583,0.5168307764607573,0.5187715146875282
780,0.5829665878713143,0.4771581954357642,0.551727012271473,0.38728859222080064,0.5427934427019473,0.5637468630146889,0.6113531170342512,0.6483809929736184,0.5174409514840231,0.5192904803362554
781,0.5829084331766496,0.47648650158966777,0.5508742883337996,0.3877951632944139,0.5403985400468438,0.5651978008270878,0.6130752745656388,0.6466786261204468,0.5181379398348624,0.5198112086336055
782,0.5828228161443743,0.4758315893284712,0.5500070307600274,0.3883887687121153,0.5379494806115462,0.5666475856598043,0.6147489367355007,0.6449307636017835,0.51892006443197,0.5203326637138826
783,0.5827099064200014,0.4751935083722899,0.5491252984183412,0.3890667271241216,0.535450203882396,0.568097648441439,0.6163687512975863,0.6431368030562032,0.5197854514889043,0.5208538544809991
784,0.586928158462569,0.464648032850766,0.5457096219706272,0.39723980121098396,0.49758979056228364,0.5685761197511168,0.6621250633422536,0.6088034230874015,0.5307144729422051,0.5153042437269568
785,0.5859031150246139,0.46447504594145506,0.5446658354036941,0.39933420187691737,0.495177961196756,0.5727700108174597,0.6609990696578575,0.6062545954727873,0.5325991114152833,0.5168094760436538
786,0.5854545385770885,0.4641791567096558,0.5439678450828499,0.40081688561439965,0.4928013212920751,0.574857514109267,0.6616810701456495,0.6038553236579253,0.5339338346491063,0.5173589132333496
787,0.5849783531861783,0.4639024959193221,0.5432570895228525,0.40233649779811087,0.49044098445880274,0.5769907907854157,0.6622296859229687,0.6014075154368642,0.535317225892054,0.5179077069106195
788,0.5844748027146323,0.46364477704781437,0.5425335723022363,0.4038896483220654,0.48810241943107147,0.5791727657251814,0.662643167433031,0.5989117219195468,0.5367463098401388,0.5184550839178084
789,0.5725296650194549,0.48638951317848156,0.5059369642519242,0.4799406534528326,0.42485180512243775,0.5889896218761681,0.738941482471527,0.5059395064310744,0.555594024879088,0.5042621809998719
790,0.570717897081435,0.48829182022353224,0.5049594559640379,0.48261025587193734,0.4271496991078909,0.5947947395429204,0.7349600397020106,0.5031036324684603,0.5562852803113559,0.5047026028368736
791,0.5688662920766026,0.49020714208331123,0.503998555375572,0.4851881718177216,0.429707810077584,0.6006491310210571,0.7307606931178736,0.5005019818437496,0.556900623354764,0.5051531467488878
792,0.567625946955824,0.49097638134903054,0.5039601170229608,0.48620127323190643,0.4321153601866315,0.606459083237285,0.726582246287498,0.498554627867912,0.5576159561990858,0.5056124857763035
793,0.5663732140638956,0.49173757944464613,0.5039274703726274,0.48717018406300866,0.4345996664379858,0.6122790737208522,0.7223340734981032,0.4966826981994227,0.5583034395746119,0.506073944253927
794,0.5651088144532143,0.49249017792171257,0.5039011336940059,0.4880945395013981,0.4371571129904506,0.6181010059014871,0.7180231005421495,0.4948891635258775,0.5589621958553805,0.5065370261894167
795,0.5638334778183354,0.4932336311854201,0.5038816096152267,0.4889740038178424,0.43978383350260547,0.6239165103983266,0.7136560771090134,0.4931768078087251,0.5595913872678357,0.507001246150174
796,0.5625479419392669,0.49396740703204434,0.5038693835802607,0.48980827162205764,0.44247572530779544,0.6297169655741695,0.7092395611598011,0.49154821819557504,0.5601902159151704,0.507466129193762
797,0.5605847074780336,0.4958087894010872,0.5030018545845724,0.49200248862413326,0.44590028039270874,0.635546437614011,0.7044378010216522,0.48991062035316646,0.5605281018580136,0.5079332171804752
798,0.5586385434461388,0.4961305619251458,0.5038826812795443,0.4920064122099297,0.45090888661677386,0.6469349246863747,0.6957723252026271,0.487202748153797,0.5617604033220641,0.5088495221389038
799,0.5573199576123493,0.4968205044956189,0.5039049322889342,0.49265746113062947,0.4538154614537537,0.6525861577254327,0.6912179228538957,0.48593235938070956,0.5622307963532971,0.5093126948687661
800,0.5559949563353183,0.4974983228511562,0.5039365905664032,0.4932623115429085,0.45676371871946353,0.6581763113161212,0.6866435472153138,0.48475538766246035,0.5626674604819722,0.5097743253412368
801,0.5546643124472316,0.49816357453068916,0.5039780081567599,0.49382087928180574,0.4597484996122754,0.6636957759741589,0.6820543768711965,0.48367307207055094,0.5630698333826571,0.5102339999605096
802,0.5533288021285377,0.49881583323332324,0.5040295105683043,0.4943331255422322,0.46276453800409045,0.6691348805009029,0.6774553384137557,0.48268640893161907,0.5634373909930017,0.5106913151926681
803,0.5519892041350237,0.4994546890810379,0.504091395695638,0.4947990597861968,0.4658064821529015,0.6744839245961572,0.6728511049221504,0.48179614907517804,0.5637696471104953,0.5111458775164529
804,0.5506462990083698,0.5000797488503379,0.5041639328195375,0.4952187427996049,0.46886891695816046,0.6797332124178861,0.668246096140849,0.4810027960751259,0.564066152961955,0.5115973033764531
805,0.5450058552026356,0.5069817780959257,0.49972291214241876,0.5032487640051475,0.47863717838277525,0.6829548081848433,0.660736502286015,0.4838593239882464,0.5620318422379258,0.5122660489050109
806,0.5436674476710824,0.5075775824607068,0.49988077259094094,0.5034134187917085,0.4818694618842007,0.6875776360914476,0.6562396154088647,0.4837043951612407,0.5620601854709628,0.5126776331427597
807,0.5423313590343095,0.5081561923297637,0.5000519418388234,0.5035336366777703,0.4850863305468832,0.6920497893886343,0.6517601312477369,0.48364730949841755,0.5620509790684246,0.513084891070634
808,0.5409983501180768,0.5087173481612023,0.5002364305010227,0.5036098662689941,0.4882825373683743,0.6963628698628088,0.6473006928910264,0.48368664426590413,0.5620040856504315,0.513487524480573
809,0.5138092429041398,0.540204831993315,0.48377456946931185,0.536616484135557,0.541271951962414,0.6563567122632901,0.6178318112599093,0.5339954059683018,0.538931920076481,0.5214680839162386
810,0.5128069928841494,0.540561650841158,0.4842847185982968,0.5358297592008381,0.5438909972920503,0.6574094024760484,0.6143398078212587,0.5361518709170726,0.5377628675661611,0.5217635172706131
811,0.5118240551302773,0.5408958909347968,0.48480837371486973,0.5350123025784587,0.5464301179162877,0.6582994544850818,0.610861368700612,0.5383446224428061,0.536562061609515,0.522053318050812
812,0.5108608544872131,0.5412076053746899,0.48534446171815915,0.5341662139476314,0.5488894449961788,0.6590286973589412,0.6073968398262864,0.5405681407780318,0.5353304020813039,0.5223372867457234
813,0.5099178001368195,0.541496853196965,0.4858918894858303,0.5332937619111789,0.5512694474626446,0.6595994310578202,0.603946694535178,0.5428169193397832,0.5340688360686117,0.5226152223611901
814,0.5089952853240173,0.5417636991403795,0.486449546315495,0.5323973821732888,0.5535709264278493,0.6600144210181615,0.6005115455505303,0.5450854825800229,0.5327783583059965,0.522886922458124
815,0.5080936870894452,0.5420082134437043,0.4870163063733714,0.5314796749333477,0.5557950079084144,0.6602768906840473,0.5970921557142848,0.5473684033313719,0.5314600114873436,0.5231521832075754
816,0.501507337042652,0.5477621634447917,0.48614502764270007,0.5358686628886558,0.5736252748065406,0.6437591554789616,0.5853321978793067,0.5657559492541853,0.5223074851550996,0.5268305153692471
817,0.5007842106918017,0.5479005913061901,0.486747356045516,0.534775502751695,0.5755250759173688,0.643384815717486,0.5821469914782358,0.5681716323478955,0.5207256139538013,0.5270847375872146
818,0.4969524340657096,0.5508843930308476,0.48687319076398594,0.5363211132258413,0.5882475646740329,0.6330321430499276,0.5735177838871992,0.5801191487335865,0.5141182045114786,0.5296075237683819
819,0.4963826537761857,0.5504618290797327,0.4881588186047258,0.5335005834372125,0.5893406423339465,0.6335989230056233,0.5685776461643851,0.5830203817758187,0.5116495370987254,0.529627937342329
820,0.4958262550084042,0.5504837186133189,0.4887593070235678,0.5323545998983671,0.5909664787449456,0.6328554597064592,0.565562878635118,0.5853182665352311,0.5099147094642603,0.5298549913773423
821,0.48957205760370115,0.5552820366645891,0.4888777178451094,0.5355286362975741,0.6226761697406334,0.6128623544033773,0.5495167824718237,0.6066264213047837,0.49628299712717094,0.535599739816698
822,0.48927854877253263,0.5551677469145021,0.4894120441561649,0.5343179792286098,0.6241774896238289,0.6123329891591601,0.5468850382269685,0.6086301874829676,0.49434539807103195,0.5358317309334389
823,0.48900887383303343,0.5550339838009974,0.48993326276958155,0.5331446643073781,0.6256610666783864,0.6118239524972782,0.5442907770521491,0.6105670393877097,0.4924144492214575,0.5360526582861602
824,0.48699112397406835,0.5561732390443408,0.4904015798331824,0.5330375305390593,0.64443258316961,0.6055609446858305,0.5357575838371,0.6194783501759327,0.48498691618312423,0.5388688991927314
825,0.48554305506560946,0.5567019324396828,0.49107345068752895,0.5321383455714555,0.673554844587033,0.6012219069458798,0.5256527164700641,0.6289002254071685,0.4756391588448087,0.5426169713265936
826,0.48558350100231196,0.5563944435876388,0.4914031611149079,0.5311359968945889,0.674989817898167,0.6016942206362772,0.5237322350984973,0.6301730771583328,0.47370021904728,0.5428425322397072
827,0.4951275976325642,0.5462085937351487,0.4952997849788878,0.5172718423332975,0.7695018978230916,0.6193897798139028,0.5131353976089208,0.6309196335107694,0.45767728414481407,0.5500302724376295
828,0.495517344753252,0.5456222949255042,0.495137457665924,0.516928664933212,0.7696267521433696,0.6208716563969682,0.5127263216135634,0.6308657486070244,0.4563848356391042,0.55032147585826
829,0.5033250149054748,0.5374308475797146,0.4968651262622185,0.5086422296796465,0.7801432780923584,0.6291898766561866,0.5189721533237698,0.6207734717111418,0.45704543900338207,0.5498212103359678
830,0.5037291746986713,0.5367653098459305,0.4965051562588581,0.5088093022561945,0.7791048385796383,0.6300876098127595,0.5189864035162576,0.6202308107944168,0.45628558659392876,0.550081246887152
831,0.5366767857086083,0.4961295574830719,0.505791282107993,0.4749451156441104,0.6785763126255492,0.6209090878046276,0.5741861346072658,0.5492374720613321,0.4909426428957295,0.5333866103291472
832,0.539130533750204,0.4920343755764801,0.5062403455604496,0.4735485391362354,0.6592878980527773,0.6187163387028967,0.5784010845051542,0.539868203628482,0.4961692471100513,0.53146026637857
833,0.5391207772327296,0.4914613179814581,0.5057408201687548,0.47487773575329256,0.6548859275729089,0.6179829911487542,0.5770935456728772,0.5378255796582018,0.4971902804293842,0.5316907716443281
834,0.5390932319821482,0.4908934443899506,0.5052320159359394,0.4762519582051594,0.6504570974661682,0.6173254348602237,0.5757298702311826,0.5357727999701665,0.49826241134656635,0.5319077289791998
835,0.5532813135375426,0.4675589971154117,0.5122480647588789,0.4612877425456,0.5324247286909511,0.6468012881984753,0.6106713923990097,0.47011961264232693,0.5403112731099751,0.5106240234020462
836,0.5527750125758872,0.4674224678133303,0.5122143198923275,0.4622728786304421,0.5305680190286457,0.6504597242492197,0.606782078647109,0.46814705349736313,0.5415429051538841,0.5109421430696165
837,0.5482345942307242,0.4689289909768187,0.5170620045232822,0.46258803125312864,0.5159148684797751,0.7399414617146836,0.5873293352415536,0.4434316458529156,0.5619003279892905,0.5034043504214559
838,0.5473990431519645,0.4690452669597443,0.5174647638760292,0.4626014887815172,0.5167571651668386,0.7458303836542106,0.5826580974194303,0.4430338896612418,0.5624055984113618,0.5038418046651715
839,0.5465545142477596,0.4691585956383507,0.5178735235550073,0.4625701163985563,0.5176212862208287,0.7516663817505963,0.5780266209299798,0.44271533954962855,0.5628789388505142,0.5042845276607215
840,0.5455435675219236,0.46958641424545666,0.5184068635926884,0.46255912963522167,0.5190331025296225,0.7593899146963534,0.5734157718891967,0.4426176866681494,0.5635667689267013,0.5045341949857678
841,0.5446772500342155,0.4696985304703471,0.5188385029760452,0.46241478989671825,0.5199761660165061,0.765026573860351,0.5688687163546562,0.44250241303574717,0.5639437545687398,0.5049866135867641
842,0.5419055024930022,0.473410952536864,0.5202540150347577,0.46334097978199107,0.5271613539324342,0.7834612073568125,0.5633963284046485,0.4458317158215042,0.5651582627060237,0.5042405948844519
843,0.540989018872344,0.4735469141791093,0.5207886273448511,0.46291582662139485,0.528384596965333,0.7880728221588622,0.5589558406367181,0.4462751987011237,0.5651766900230835,0.5046918287772066
844,0.5400701516242683,0.4736766942246077,0.5213255055890339,0.46245731054031103,0.5295816677041896,0.7924936270981218,0.5545737890028503,0.4467866008251348,0.565159515396751,0.5051448533182022
845,0.5391494914571858,0.4738002351380085,0.5218641594819047,0.4619670894376972,0.5307500982613634,0.7967127186624205,0.5502525062832427,0.44736366234935554,0.5651066831102636,0.505599214627387
846,0.5222353863780169,0.499138056532292,0.5226558539629513,0.47871688420076347,0.559250139069988,0.7471292654813778,0.530106996868356,0.4846525409610219,0.5458504616720261,0.5112572538493962
847,0.5213912944398862,0.4991773282101327,0.5233662629983947,0.47794948976451085,0.5599554638243867,0.7456357294207282,0.5265545881952022,0.4863948050870608,0.5445535391638809,0.5115342305521865
848,0.519457042981268,0.5007285483661732,0.5238399903898644,0.47864058173975493,0.5621211952914787,0.7372913018107835,0.5218141521288577,0.4904411531444928,0.5414161083790654,0.5124787409924983
849,0.5186565634121846,0.5007318230256881,0.5245216753028542,0.47796082105516835,0.5627141313377257,0.7352167008860513,0.5184566360963232,0.49219836514439835,0.5400203045294915,0.5127227016726885
850,0.5178722156507102,0.5007220523850255,0.5251876456293514,0.47732698364990467,0.5632728996685995,0.7329648192732735,0.5151728998006503,0.4939467017143002,0.5386027203681818,0.5129549613820779
851,0.5171043617643186,0.5006993995552504,0.5258371530872603,0.4767432882691727,0.5638024540168111,0.730543278762623,0.5119660542196878,0.4956828571074734,0.5371644653117484,0.5131751716590476
852,0.5163533463462134,0.500664034474046,0.5264694751298028,0.47621394350816526,0.5643078536486011,0.7279600876984756,0.5088392615129745,0.49740366629688526,0.5357066770314356,0.5133829955634904
853,0.5068329942346295,0.5116148180656069,0.523264303730898,0.4884683715080723,0.5826064730106683,0.6645664388708449,0.4952977794186246,0.5142521395039715,0.5179486445461885,0.5197585619081972
854,0.4970138837400315,0.5215428857212805,0.5173560669697503,0.5028804542148492,0.6190313435409325,0.6059722533996751,0.4828774674084434,0.5279466152224312,0.49769409268252107,0.5272398012595444
855,0.4966389059602466,0.5212818443549058,0.5177478790163295,0.5031815363249444,0.6199136970512524,0.6035315728567797,0.4813533250238904,0.529237655678176,0.4957355183584021,0.5272252908723439
856,0.496286181874772,0.521008538074192,0.5181092612444704,0.5035962341247201,0.6208241296257359,0.6011496447510694,0.47992747495811955,0.5304798543122936,0.4937850587746323,0.5271904238144484
857,0.4959556347722984,0.520723252296826,0.5184397294890161,0.5041276041000057,0.6217636585568188,0.5988300656511919,0.4786019477681286,0.5316723726309586,0.49184463417319946,0.5271349609928273
858,0.49564716584677754,0.5204262762649592,0.5187388571152819,0.5047784803612704,0.6227329234836367,0.5965760473517788,0.4773785946566075,0.532814498100548,0.4899161671655591,0.5270586780418866
859,0.49536065400134965,0.5201179031915335,0.5190062754617257,0.5055514637913969,0.6237321768010792,0.5943904081405567,0.4762590765047956,0.5339056375797875,0.4880015787864491,0.5269613657737574
860,0.4950959556797976,0.519798430411798,0.5192416741977394,0.506448911896928,0.6247612758787217,0.5922755658836347,0.4752448536753403,0.5349453105220179,0.48610278446965793,0.5268428306234018
861,0.49485290472726895,0.5194681595399077,0.5194448015985529,0.507472929403028,0.6258196771331496,0.5902335329562539,0.47433717664413977,0.5359331419996121,0.48422168996075216,0.5267028950878433
862,0.4946313122819699,0.5191273966305356,0.5196154647392484,0.5086253596292205,0.6269064319885929,0.5882659130370457,0.4735370775152481,0.5368688556022881,0.4823601871821726,0.5265413981588074
863,0.4944309666994227,0.5187764523454578,0.5197535296098508,0.5099077766795934,0.6280201847520724,0.5863738997744747,0.4728453624676712,0.5377522662604757,0.48052015006639665,0.526358195748031
864,0.49425163351082296,0.518415642125106,0.5198589211534351,0.5113214784776983,0.6291591724204226,0.5845582773247925,0.47226260517741997,0.5385832730440331,0.4787034303731093,0.5261531611044902
865,0.4888057180377762,0.5223518510459293,0.5099057049896771,0.5237312025571377,0.6743890081752361,0.5668058000450833,0.4711497007422636,0.5397722067245334,0.4660524933512418,0.5301491309507564
866,0.48877852735913874,0.5219233660301228,0.5098512397097563,0.5256850607852017,0.6755105942106796,0.5661531484977043,0.4713461082269904,0.5402167974750747,0.464395569386934,0.5298489431871565
867,0.4887693634493217,0.5214868962637534,0.5097651541689279,0.5277674231707453,0.6766072100558641,0.5655525935251983,0.4716344018684209,0.5406127935050752,0.4627759969562596,0.5295255383559261
868,0.4887778009275917,0.521042814112618,0.5096477187904476,0.5299773327961281,0.6776737333219268,0.5650000372535294,0.4720130445835831,0.5409604979596749,0.4611953957018771,0.5291788628669415
869,0.4888033950502533,0.5205914971173297,0.5094992669799645,0.5323135355689234,0.6787047932875536,0.564491185632081,0.47248029377709416,0.541260240465412,0.45965532627397865,0.5288088845925693
870,0.4888456820449255,0.5201333281712173,0.5093201946181997,0.5347744824621474,0.6796947911540533,0.5640215714205299,0.47303420727808476,0.5415123727710656,0.4581572865194799,0.5284155933320972
871,0.4889041794844686,0.5196686957024035,0.5091109594803028,0.5373583327172531,0.6806379215624726,0.5635865778300083,0.473672650111479,0.5417172647636915,0.45670270782365846,0.5279990012533385
872,0.4889783867004874,0.5191979938600902,0.5088720805823683,0.5400629579941688,0.6815281952817431,0.5631814626999554,0.4743933020620767,0.5418753008772762,0.4552929516183083,0.5275591433099545
873,0.4890677852361691,0.5187216227050306,0.5086041374554738,0.5428859474488712,0.6823594629716274,0.5628013830895846,0.47519366598575713,0.541986876908316,0.45392930606974913,0.5270960776330228
874,0.48571934519505977,0.519775015337947,0.49631808567195046,0.5541240555840489,0.7247838974952455,0.5656501363208086,0.48234229543864404,0.5363375610498512,0.4476687762532023,0.5283544282516857
875,0.48589521825720294,0.5192872220480304,0.4959857314197952,0.5572528882481563,0.7247283965466245,0.565511952274575,0.4835029212626877,0.5360872966710429,0.446639424663819,0.5278161553956552
876,0.482404709563127,0.5169540723246315,0.4736403991096661,0.5719779532898696,0.7841509772816647,0.5800249839135927,0.5073228158082674,0.509809834527841,0.44734717724315076,0.5256656380499363
877,0.48266723730693184,0.5165769698189895,0.4734683676988415,0.5749942145185708,0.780975199802087,0.5784809192496224,0.5080428914349505,0.5088831422509674,0.44716653271096385,0.5251099513819978
878,0.4829294886409918,0.5162024177992841,0.4732948012160083,0.5780393408828929,0.7776345450315698,0.5768646235873527,0.508751398846051,0.507935970336305,0.4470326411771391,0.5245369223936222
879,0.483424082063989,0.5143706373634005,0.47117343054564664,0.5818249666717141,0.7717094052898965,0.5750436829357047,0.5147433050744636,0.4992011525200068,0.4503203891175886,0.522278694183626
880,0.48368103557363923,0.5140576093983733,0.47109827286495093,0.5847593461455188,0.7674767953770121,0.5729739825821869,0.5151195444393749,0.4981294261804216,0.4504450510518933,0.5216993909546886
881,0.48605242904861906,0.5090245259470648,0.4733414791934215,0.5864863088241957,0.7326560728721722,0.5654605054762951,0.5263302789095252,0.47750865679034693,0.4625002185597149,0.5153313963183482
882,0.48626863758353744,0.5088960179406914,0.4735675207614632,0.5889511056433517,0.7274414775400575,0.5632712442156619,0.525778359870286,0.4763671137459254,0.46303127065216515,0.5148238500087874
883,0.48647672677034537,0.5087761430895877,0.4738080792466279,0.591390904629522,0.7221621216048444,0.5611851886100861,0.5252122054885147,0.4752400505094078,0.46358667859707964,0.514309305122301
884,0.4866763801538286,0.5086653232587397,0.4740637037111126,0.5938024920869727,0.7168240163070485,0.5592124007290843,0.5246331882053227,0.4741294002343697,0.46416518563967885,0.5137883557291167
885,0.4884700981771133,0.5059501145322509,0.47940464747585676,0.5941095382362455,0.6888227184077408,0.5564367861977261,0.5274029837848987,0.46471935352127924,0.4718033141225326,0.5098626265945021
886,0.4895550480770619,0.504592961236308,0.48322655767242656,0.5947890344440526,0.6716439830117865,0.5558146644976748,0.5276486389628867,0.4599254220432691,0.47618959263148625,0.5076127042629107
887,0.4894602446429668,0.5055211383953804,0.48297022441398696,0.6011017320115818,0.662122264236577,0.5535472980847568,0.5234529911118129,0.45910792842819437,0.47656605448467254,0.5072184571180233
888,0.4895673007484881,0.5056057185933613,0.4835137386197691,0.6029194085678158,0.6569478255847339,0.5533571703475519,0.5223096962149081,0.4583078187416794,0.47731888760907715,0.5067730331145296
889,0.4896635134027351,0.5057029646324165,0.48407546697808357,0.6046853705422961,0.6517993804454132,0.5533887448437194,0.5211703295038304,0.45755082851411216,0.4780759879534288,0.5063294026242415
890,0.48974877944897943,0.5058131817443164,0.48465550880959335,0.6063980469108294,0.6466825793794917,0.5536447753828664,0.5200357338121244,0.45683875044977934,0.47883601589268343,0.5058881410037989
891,0.4898230112633771,0.5059366668257405,0.48525393561833524,0.6080559974005655,0.6416030207425963,0.5541271873708878,0.5189065959186465,0.4561733409969671,0.47959763879576073,0.5054498145905824
892,0.4898861369223865,0.5060737080792512,0.48587079001284816,0.6096579118754344,0.6365662439584565,0.5548370702476569,0.5177834447737063,0.4555563162297706,0.4803595334105716,0.5050149792425929
893,0.4899381003578621,0.5062245846499095,0.48650608469914214,0.6112026092575374,0.6315777230756736,0.5557746733140817,0.5166666508737101,0.4549893477694538,0.48112038822984204,0.504584178911081
894,0.48997886149997016,0.5063895662578819,0.48715980154937855,0.6126890359967572,0.6266428606092015,0.5569394049457604,0.5155564267820645,0.4544740587585082,0.48187890583480597,0.5041579442502964
895,0.4900083964080553,0.5065689128274111,0.4878318907499621,0.6141162641027097,0.6217669816657383,0.5583298351753355,0.5144528287869125,0.4540120199002751,0.4826338052139276,0.5037367912685641
896,0.49002669738957666,0.5067628741125535,0.4885222700325798,0.6154834887549891,0.6169553283502719,0.5599437016106794,0.5133557596791961,0.45360474557668856,0.48338382405393004,0.5033212200247725
897,0.490033773107223,0.5069716893201301,0.4892308239915322,0.6167900255094213,0.6122130544491501,0.5617779186413985,0.5122649726275987,0.4532536900563389,0.48412772100050666,0.5029117133741875
898,0.48961097581916646,0.5082636566626875,0.489024578183683,0.6211535600707849,0.6030962614154166,0.5652477253682463,0.5094511762078042,0.45343420529514533,0.48443887738008073,0.5025837592111316
899,0.4895788874000181,0.5084990223547233,0.4897603514618527,0.622294241568445,0.5984962850153793,0.5677167582757477,0.5084823099149524,0.4532636850344193,0.48515838283585755,0.502178598363241
900,0.4913847051193424,0.5061018753081762,0.5029808058007651,0.6192682165729033,0.5762140709143992,0.5880201651660899,0.5042936327487284,0.45035111167005,0.4941102551699691,0.4979198154054402
901,0.4913108439036581,0.5065300741432845,0.5039303971988289,0.6199082714848351,0.5727149136751917,0.5916897755843082,0.5028670413582549,0.45058688815132775,0.49472236807040415,0.4976406335741316
902,0.4912272969657562,0.5069747102479844,0.5048918949242632,0.6204867756182698,0.5693274783420349,0.5955201184725237,0.5014439922850363,0.4508915110990722,0.4953152940487682,0.4973718012891458
903,0.491134283162744,0.5074358403723217,0.5058646746430412,0.6210041064584289,0.566054734206517,0.5995000866249834,0.5000234162761499,0.4512654008454133,0.4958882235020729,0.49711351747959
904,0.49069394811379397,0.5086961283797803,0.5062428731588908,0.6224052609342198,0.5611322561610389,0.6054558800230875,0.49786358830904043,0.452271904465763,0.4961185561645594,0.49703392634421073
905,0.4905749720574286,0.5091887458846927,0.5072298299827874,0.6227845933899624,0.5581091664503489,0.6097523199501594,0.49649450985270177,0.452820838775271,0.49664179934149294,0.4967960791599285
906,0.49044735701469705,0.5096979317860808,0.5082261429687115,0.6231045791429778,0.5552112932125123,0.6141534016356912,0.49512279478594645,0.45343949891640145,0.4971428317553394,0.49656919192113863
907,0.4955459230582434,0.5046307761533988,0.5430316966262488,0.6087937529219929,0.5476989006107686,0.6685845778294368,0.4749054279823867,0.4575162923180243,0.5115948419978995,0.4893536736792538
908,0.4954120483832069,0.5054920372796577,0.5441764808122463,0.6081672553764498,0.5470531698116496,0.6734211983646943,0.4726071531358155,0.45893191435773356,0.5116718879341497,0.4893545987620782
909,0.5005115859624029,0.5018369928176659,0.5717391061569747,0.5896142018021603,0.5627707817705736,0.7133015100417205,0.45070883783828203,0.4665746745677007,0.5190900545394838,0.48510657728045814
910,0.5004130556981219,0.5029041556085444,0.5727454044888675,0.5882888072924949,0.5633900560564751,0.7171079752491769,0.4478507802424552,0.46856271257641136,0.5187389953750602,0.4852380498017387
911,0.5003187095528911,0.5039837062006074,0.573722873393779,0.5869349808398697,0.5640720606969216,0.7207669478846147,0.44501409998467595,0.47059815307790487,0.5183605902346505,0.4853767450898864
912,0.5002291688005318,0.5050750685800912,0.5746709290724714,0.5855544802565895,0.564815876378841,0.7242673293225922,0.44220015758381737,0.4726785030996044,0.517955593772367,0.4855221940789534
913,0.5001450597562179,0.5061776431941777,0.5755890380062352,0.5841490679333154,0.5656206615932815,0.7275985424229349,0.4394104320997148,0.47480123813343805,0.5175248064938822,0.48567391927247705
914,0.49725167504495404,0.5183560012505349,0.5754900645598116,0.5775628177883445,0.5662102823433556,0.746825644297307,0.4252987248233476,0.4919164673691949,0.511374159772352,0.4882918210534377
915,0.496145645764578,0.5226055113167286,0.5746440034476252,0.5758955897322964,0.5662128998231878,0.7514635172780798,0.42242462985973817,0.4975079548838025,0.5091801389764236,0.4892778464831622
916,0.5006278288792977,0.5216378083388435,0.5859973814343842,0.5620065394215515,0.585019052019205,0.7501962705445181,0.40145127005534165,0.5081264759721444,0.509832712479163,0.487951261252641
917,0.5007071400267228,0.5228179422763719,0.5864407988796427,0.5603969450213045,0.5867289251707632,0.7499558387129265,0.39927626903077784,0.5105882072875843,0.5091211314529732,0.488135009470639
918,0.5008020169302878,0.5239968713932571,0.5868525106091803,0.5587926308436154,0.5884912338102956,0.7494649597492739,0.39716467243087933,0.5130501368540966,0.5084023909489592,0.4883169870977235
919,0.5009130075333892,0.5251736855247484,0.5872328848676384,0.5571955123827337,0.5903055806409709,0.748724443705088,0.39511938865704666,0.5155097880667241,0.5076778865685118,0.48849677613737735
920,0.501040644264715,0.5263474638948635,0.5875823344843074,0.5556075148349602,0.5921715220926791,0.7477357181437019,0.3931433199009448,0.5179647179754895,0.5069490296135383,0.4886739735329422
921,0.5011854427682929,0.5275172762604344,0.5879013149359241,0.5540305736783233,0.5940885588927033,0.7465008107296706,0.3912393488429813,0.5204125195037049,0.5062172446620468,0.48884819218992986
922,0.501347900634914,0.5286821840972321,0.5881903222720188,0.5524666352048534,0.5960561267630244,0.7450223300668761,0.389410325112529,0.5228508235282207,0.50548396707665,0.4890190619617625
923,0.5015284961381311,0.5298412418272308,0.5884498909102658,0.5509176569908115,0.5980735873038338,0.7433034449136052,0.3876590515922847,0.5252773008259604,0.5047506404497146,0.4891862305981175
924,0.5129360832754362,0.5228240878841803,0.6000178716885222,0.5286527824419014,0.6299096757831155,0.6934729231845229,0.35666343940049156,0.5367012044525439,0.5055826547717923,0.48612944935476
925,0.5256090608303943,0.5149601543977973,0.6064790556615903,0.5085062029376143,0.655564999248664,0.6131454733487689,0.33336001749540906,0.5451036678917492,0.5044590854849526,0.4832195415984482
926,0.5261163263470954,0.5158061567592906,0.6064393713248414,0.5075817752370037,0.657329110049877,0.6077234309140561,0.3327094622751204,0.5472347134542498,0.5034984135970739,0.48313836240280866
927,0.5263927880059276,0.518044364047422,0.606102261028085,0.5069585749784523,0.6596389687077222,0.6021123970128504,0.3326281127563317,0.5511087892164245,0.50169836775727,0.4831322733080543
928,0.5269609176764486,0.5188644610195232,0.6059942426145086,0.5063436856648322,0.6614038797829197,0.5965458449266008,0.33225635840518397,0.5530985452876828,0.5008222182290565,0.4830293883191329
929,0.5275512333236773,0.5196690970718864,0.6058645545007765,0.5058503102797335,0.6631570584151782,0.5909298252937408,0.3319916650989327,0.555033850873612,0.49997528988375745,0.48291628760725075
930,0.5281635449609059,0.5204575022536713,0.6057141339804757,0.5054806476831818,0.6648965262540697,0.5852716535111433,0.3318337644661267,0.5569133283475328,0.499158576085763,0.48279323278803904
931,0.5287976231371901,0.521228920115751,0.6055438900415144,0.5052367430963297,0.6666201576193788,0.5795785677102897,0.3317822113793124,0.5587356736953433,0.4983730099817258,0.48266052099974677
932,0.5489097819012251,0.5077329482887487,0.6041889874063191,0.4991425816782699,0.6919385846563811,0.44457503872750875,0.33222178871740643,0.5603222424973939,0.4968244310913351,0.4777139723712724
933,0.5496380880587252,0.5080281388843092,0.6039989331904525,0.5008041168574383,0.6927146448348005,0.43957296924520844,0.3334504867820907,0.5615400066295276,0.4961805550653959,0.4772979872525403
934,0.567155629418227,0.4998158422068363,0.5875889243549228,0.5347859049324112,0.733417210291105,0.3379388415390776,0.3993138045762436,0.5437029420135726,0.4914420602324265,0.47378278089713277
935,0.5676514305382455,0.4995884539204242,0.5872334604252477,0.5389785133493136,0.7320636854946914,0.3366318638665595,0.4020313902554827,0.5437136803671031,0.4911348040542332,0.47301777254485716
936,0.5681415307329906,0.49936024820661623,0.5868498509405733,0.5432849206306763,0.730576898530224,0.33542951853720354,0.40479376806609546,0.5436525251455763,0.49086148669412283,0.4722544596151717
937,0.5688830642476768,0.4994378901192312,0.5840691266796815,0.5513737801554947,0.7320720976925211,0.3358152071235581,0.415107092794197,0.5409689147681968,0.4902837264696583,0.471498473788841
938,0.5692785713081289,0.500253395717068,0.5783025322988321,0.5631850737859189,0.735690196407342,0.3420758806683519,0.4335230091468157,0.5351498337625175,0.4894558462151322,0.4708391883711998
939,0.5696176739813087,0.5000040111652494,0.57778924210871,0.5678298344585528,0.7331926943953208,0.34197726536302736,0.43653585170236003,0.5346444722686814,0.4893302682232798,0.47006095348641624
940,0.5498881383614727,0.5203600658875549,0.5306262596947492,0.6058528079032973,0.7207535536446086,0.47201876354293737,0.5360816524517789,0.49154495847338886,0.48461104012982403,0.47439403549696857
941,0.543991221988727,0.5247864093313773,0.5239222997608748,0.6108824882809666,0.7043741017700484,0.4978727328088199,0.548406020525534,0.4853152473679953,0.4839512759188244,0.4750990428465565
942,0.5363965271553568,0.5302038021188452,0.5172919182745593,0.6149096173302628,0.6826724325319813,0.5274341935505489,0.5598870547506519,0.4792018472725414,0.4832198197292469,0.47622213349442216
943,0.5357683915684379,0.5306359879520935,0.5170057746961055,0.6169734389905226,0.6768397359401408,0.5307896689094015,0.5618299098043816,0.4784053340864147,0.48329339052844267,0.47576434034181403
944,0.5351157250257685,0.531089412134212,0.5167182777802577,0.6189561384118414,0.6709822101099576,0.5342039498863336,0.5637151754368824,0.4776243818460673,0.4833640672335919,0.475328073807555
945,0.5352216195448308,0.5310255989287996,0.5173755759076124,0.6243936529672913,0.6584053992241375,0.5372315514652112,0.5670627263750169,0.47658853815299396,0.48376587109294833,0.4736355632222643
946,0.5344971530744906,0.5315239673570669,0.5170520580992239,0.6261565034579545,0.6525142488847236,0.5407501029430162,0.5687773745499471,0.4758376677011389,0.4838212100880156,0.4732685253308311
947,0.5337488127031405,0.5320440143652979,0.5167299221902762,0.6278353179606713,0.646627689149072,0.5442939287056731,0.5704178598179999,0.4751125302059408,0.4838698811004593,0.47292447068835847
948,0.5272229036451185,0.5365106283051432,0.5131569901268109,0.6290053501190881,0.6277500608688688,0.5658559598682489,0.5755786428599015,0.47202364754873744,0.48337549725481127,0.4739311900256603
949,0.48029656079081623,0.5643421724537176,0.5291183705899196,0.6228437616693296,0.5233864735289018,0.6759048674250258,0.5551235767345307,0.48330903295088273,0.47933698616615367,0.4851477260664579
950,0.4798625108845361,0.5751787927547423,0.521760648272875,0.6246498233888869,0.5109158288235417,0.692535043547079,0.5595137216882269,0.4865129470732615,0.47791794624903616,0.4841624548688448
951,0.4789087847848479,0.5766820784897704,0.5219862962449717,0.6246182358139888,0.5089653545066004,0.694747221358514,0.5583378797386668,0.48774991683278524,0.4776670210771491,0.48431500849556064
952,0.477960807583082,0.5781924110414728,0.5222023924110888,0.6245694590260888,0.5072023406362659,0.6967711616921065,0.5571103515117122,0.4890264864391055,0.4774089510418717,0.4844735454637846
953,0.4770197999372086,0.579708809659594,0.5224086088994574,0.6245041927381761,0.5056287168335383,0.6986025913361621,0.5558354651126883,0.4903415114187155,0.4771444317775835,0.4846373707688661
954,0.47608699137299076,0.5812302778323434,0.5226046294118517,0.6244230241646204,0.5042460694465969,0.7002377934386496,0.5545177764208956,0.4916937421361149,0.4768742029431617,0.4848057855218023
955,0.47516361861861056,0.5827558041900226,0.5227901503673348,0.6243264260552921,0.5030556323433889,0.7016736084049625,0.5531620494619233,0.4930818248666444,0.4765990474157653,0.48497808853108604
956,0.4742509238906229,0.5842843634267818,0.5229648820192379,0.6242147554066944,0.502058278589312,0.7029074326786178,0.5517732357073114,0.4945043032411637,0.4763197903679007,0.4851535778811105
957,0.4733501531335621,0.5858149172400767,0.5231285495404191,0.6240882528549584,0.5012545130670693,0.703937215464698,0.550356452403059,0.49595962006975586,0.47603729822413776,0.4853315525043688
958,0.4705542522048975,0.5890337739178435,0.6056815751729367,0.5889623784022538,0.5809907545410715,0.6256743345692936,0.40147941561288614,0.5699276321233125,0.4738589395047911,0.49019382425966723
959,0.49065246361106124,0.5799376227593264,0.6213480132155045,0.5630957941938901,0.6276195230984598,0.5543076191092889,0.3496375327185911,0.5823688570853378,0.4756220577703707,0.487182288478508
960,0.4916743511178462,0.581580241602854,0.6206337002514721,0.5614843623597607,0.6308887897860267,0.5497164078642003,0.34860365728421244,0.5833269746773617,0.47569669879363574,0.48710863124926124
961,0.4927310215875361,0.5831917919551295,0.619892045726658,0.5599066751207867,0.6341044689137484,0.5450652839302786,0.34763545114083705,0.5842314364673405,0.47582484640043754,0.4870242706354099
962,0.49382222383229935,0.584770750722271,0.6191246150176272,0.5583660205981736,0.6372617383347305,0.5403605287722578,0.34673286203540304,0.5850820713153891,0.4760066388363702,0.4869298105622711
963,0.4949476493976831,0.586315631368408,0.618332935334419,0.5568657244191504,0.6403558770631116,0.5356084313996533,0.34589571596713103,0.5858787755995072,0.4762420906920492,0.48682590542258547
964,0.49610693221994695,0.5878249870547807,0.6175184916838872,0.555409139744465,0.6433822721236363,0.5308152762749937,0.34512372043795336,0.5866215109483031,0.47653109182132003,0.48671326032984463
965,0.5124329478251061,0.5798792162053249,0.6204355650647541,0.541454600693061,0.6659423731387415,0.48130889557245415,0.32481182891557947,0.5895345258445761,0.47888681129158844,0.48337719981226307
966,0.5282419016529077,0.571336312957373,0.621275412569028,0.5309504078075206,0.6825737767795423,0.4366131104883002,0.312868833151496,0.590746149547766,0.48142849937626764,0.4799082526808635
967,0.571323629252237,0.5392662776086669,0.6199423431896818,0.5193325216780708,0.7090332575517194,0.3358100863543367,0.31842351881931114,0.5893798120220358,0.48841947554806325,0.46910139747822277
968,0.5725790161816677,0.5396761061700566,0.6194560163680232,0.520831867032774,0.7085897540266349,0.33330877959247646,0.31998059838536097,0.5898377557164634,0.4893139351167625,0.46890791900726675
969,0.5738322690122497,0.5400634707576762,0.6189564205865975,0.5224975601464769,0.7080056986283567,0.3309231602688098,0.32159713139315743,0.5902434436754335,0.4902487243869064,0.4687332685339379
970,0.5750821704961508,0.540428231123252,0.6184428335705952,0.5243275330291748,0.7072809569694155,0.3286547711007952,0.3232722252847434,0.5905960310726249,0.4912213305817646,0.46857911085854737
971,0.5763274874875368,0.5407702865740387,0.6179144757005319,0.5263193585773402,0.7064155032519291,0.3265049940190905,0.3250049429517495,0.5908946674137848,0.4922291844156011,0.4684471309685125
972,0.5830395120857553,0.5360257324759542,0.6166978165408928,0.5306094927436832,0.7066677535316489,0.317332992141632,0.334058120428593,0.5903812767638768,0.4941502956380547,0.466784559225419
973,0.5841983080065389,0.5362463994652636,0.6161558673916709,0.5332151332335935,0.7052446618869233,0.3158460471706185,0.3361333121670343,0.5905486636390512,0.4952255811923351,0.46672582340157903
974,0.5853457052062288,0.5364474186235728,0.6155945099573045,0.5359691684790341,0.7036823647688597,0.31448316149755706,0.33826121492979827,0.5906569156028175,0.4963259488769358,0.4666968313604752
975,0.5864804598159925,0.5366289195933469,0.6150127734850898,0.5388670790063104,0.7019814961947384,0.3132445848697666,0.34044057868745153,0.5907051397126474,0.4974486743502648,0.46669929643006186
976,0.5871079860108848,0.5396762408057986,0.6136119551034395,0.5465304550161088,0.6958181129446698,0.31225427297357317,0.3427522765876079,0.5910324448559773,0.5005365440456615,0.46766348530235374
977,0.5882252847093461,0.5398158628294109,0.6129362321356262,0.5498318211818888,0.6936994809992013,0.31129962453155985,0.34501758581750697,0.5908479216932372,0.5017265085121925,0.46778542433878934
978,0.594640397877447,0.5347183236443471,0.6111214653540504,0.5573604565662071,0.6917302195795163,0.3078597699986518,0.3570481647469411,0.5893082836654737,0.5036086130417874,0.4664938703542859
979,0.5956242101562025,0.5347527823927619,0.6103965216207642,0.5611090645044507,0.6890990991072885,0.3075718032437714,0.3596056881503217,0.5889625932057507,0.5047998465735931,0.4667509050579055
980,0.5965851060149353,0.5347714313684974,0.6096438436732532,0.5649570008023417,0.686338677159094,0.30740459335843573,0.3622027319848108,0.5885506641741501,0.5059936321285949,0.4670523158873008
981,0.5975218976684373,0.5347746919003318,0.6088627057368889,0.5688975110943075,0.6834507055786452,0.30735688135248856,0.3648375651149299,0.5880720228325708,0.5071874135286281,0.46739965912256914
982,0.6182225620507174,0.5125193856957804,0.5989056126313708,0.5969477595543562,0.6753672875437753,0.3274013209518555,0.42895988340164976,0.5759351130521778,0.5097542290683142,0.46337662182683936
983,0.6185160359161419,0.5123538124523612,0.5979666995316771,0.601341279162744,0.6712647952641383,0.3294233352973062,0.4322856974024662,0.5749938848680629,0.5107846000081225,0.4641650983734128
984,0.6187711545447205,0.5121926255370461,0.5969974972653823,0.605739671405236,0.6670667194120096,0.33152955885231256,0.43561549313229736,0.5739818669452207,0.5118017213238902,0.46500911183533356
985,0.61898733942012,0.5120363460718473,0.595998444175246,0.6101356183784602,0.6627768350058658,0.33371630998550683,0.4389465544824171,0.5728999201587659,0.5128037766284961,0.4659092729907702
986,0.6191640503963036,0.5118854882354886,0.5949700814687895,0.6145219215079029,0.6583990973169508,0.33597982342447513,0.44227615652471236,0.5717490592235948,0.5137890192587699,0.4668661141924545
987,0.6224016951642298,0.5046465058225039,0.5812139320778356,0.6475388210823864,0.6227450878650128,0.3801982585336551,0.49451575362144623,0.552922455403409,0.5179447753107288,0.4746409132711206
988,0.6219663714001187,0.5046593291071493,0.5800203860956432,0.651200543110424,0.6177207883235845,0.3833274150523949,0.4976364366437697,0.5511985162331606,0.5186558187438584,0.47614295638318643
989,0.6214888793917298,0.5046887175799246,0.5788135342954777,0.6547804272890188,0.612672165993792,0.3864741331312996,0.5007156032420602,0.5494305634524974,0.5193388946432812,0.47769769929395905
990,0.6209694619471078,0.5047349293136836,0.5775950385272935,0.6582745323710171,0.6076054360474094,0.3896340627083335,0.5037509359909024,0.5476216516647597,0.5199931015020914,0.4793044094294265
991,0.6204084186730726,0.5047982013660661,0.5763666259999394,0.661679206998587,0.6025269406444107,0.3928029088927171,0.5067402253063661,0.5457749678862046,0.5206175992981368,0.4809622637129191
992,0.6194344660541505,0.5030667626124762,0.5662466901849921,0.6668701361693219,0.5872479247782372,0.4309093750825239,0.5383540224547596,0.5288912812056712,0.5184472270853505,0.4853457112698499
993,0.5755244630934246,0.5454473307333241,0.5578221956190247,0.6299857984252315,0.5170907444826035,0.5874238775692776,0.5988726647884091,0.4781585456818087,0.5025346380929454,0.5101844210547821
994,0.5738051098381746,0.5476541285018799,0.55787118299118,0.6294095207373835,0.514726476824059,0.5887741632798351,0.598553416805302,0.4780161892090826,0.5024324881445881,0.5116157975274104
995,0.5720821285047869,0.5498989866750941,0.5579055731491783,0.6287896745841111,0.5125225729732088,0.590011302091881,0.5981761578447187,0.47792163192252557,0.5023284244493277,0.5130307169257228
996,0.570357804794708,0.5521801865609275,0.5579242141949181,0.6281277534969028,0.5104808792258644,0.591134660224689,0.5977442094227136,0.47787533169027147,0.5022234669138103,0.5144275772214183
997,0.5686344325894841,0.5544959677267486,0.5579259568001619,0.6274251707694143,0.5086029064127404,0.5921438754890156,0.5972610398572619,0.4778776344797519,0.5021186750810682,0.515804797337135
998,0.564122960902954,0.559500219195034,0.5595568521496144,0.6245365930867249,0.5052405713678062,0.5959070441459244,0.5959616622780595,0.4783244326796028,0.5016459939362626,0.5179950882581826
999,0.5624196928828519,0.5619460089936112,0.5595167361560011,0.623704336966549,0.5038444884177817,0.5965795976416552,0.5953160244710651,0.4785050126853633,0.501551933063723,0.5192804728140631
1000,0.5607259303417135,0.5644198705408711,0.5594528551518818,0.6228369659084506,0.5026139393665796,0.597138012259531,0.5946332520028172,0.4787325811214382,0.5014635655857871,0.5205403403371182
