time_step,site_0,site_1,site_2,site_3,site_4,site_5,site_6,site_7,site_8,site_9
0,0.0,0.0,0.0,0.0,0.0,1.0,0.0,0.0,0.0,0.0
1,0.0,0.0,0.0,6.007193459156136e-07,0.005470602224047408,0.9999924856332598,0.00021870384656746592,0.0,0.0,0.0
2,0.0,7.191975191704602e-15,6.587372151707972e-11,2.906444455074457e-06,0.007869491271571341,0.9999842654937535,0.0008740242996229117,2.3983995104811533e-08,2.630039395554456e-12,0.0
3,0.0,2.1804347865377347e-12,1.7676056820949193e-08,1.3774155079846355e-05,0.036485785083569505,0.9996600289402298,0.0019530729776819728,5.3817324577017905e-06,6.7135967958808e-10,1.4091734517272477e-14
4,2.338333685712772e-16,1.0727413079855447e-11,2.9508992919910054e-08,3.448349429610441e-05,0.04220782750436008,0.999541976915419,0.003457196753109284,7.739327258483094e-06,3.0292399308630816e-09,1.519164515510893e-13
5,2.413265007567117e-15,3.268426974319568e-11,5.4396796992775926e-08,6.700771832253686e-05,0.04831824152610832,0.9993945330047088,0.005382464888299383,1.1539661936907789e-05,8.208414323587667e-09,9.327988917269026e-13
6,8.017174877114241e-13,4.243477450671359e-10,2.0334916920438564e-06,0.00015787106865037948,0.1705369406341216,0.9920196684617816,0.007607311434760705,0.0001980347503162631,5.629542895216261e-08,2.013481101210632e-10
7,1.3103938877058372e-12,1.3605042241978039e-09,2.423133611907267e-06,0.00029266845760722566,0.18151196513024068,0.9908923378053527,0.01021022659888096,0.0002242141813210836,1.5508411809458837e-07,2.778546702412742e-10
8,2.531852753281635e-11,5.12325033277089e-09,1.1080602802510094e-05,0.0005304694958175552,0.3026319470223638,0.9727606028273754,0.013017490525241622,0.0006424840806729048,4.3229678342025143e-07,3.3295941880106783e-09
9,3.497560433341148e-11,1.1846700196950947e-08,1.2724831497657907e-05,0.0008480044707051934,0.31561145105848154,0.9701012172952781,0.016155658893743246,0.0007028930127248628,8.725086306281752e-07,4.16764661301388e-09
10,5.231692094986893e-11,2.2285542951510694e-08,1.4973347863977104e-05,0.0012501762852784408,0.3286832966071389,0.9672644311832365,0.019615967785028547,0.0007736214720808868,1.49928664913645e-06,5.521888642618811e-09
11,8.123919084892141e-11,3.746721116544182e-08,1.7953613978808254e-05,0.0017418979490181055,0.3418319831431766,0.9642445145714744,0.023389325767888942,0.0008556735215275204,2.340441045150857e-06,7.586153223093359e-09
12,6.9371845359756925e-09,1.5459928483762492e-07,0.00039981233398146205,0.0026724414793988555,0.8041625268030186,0.689060546601151,0.025915216152216137,0.007262021409251918,5.59225558741856e-06,4.5175006616345717e-07
13,7.81727896153271e-09,3.6520101745147115e-07,0.00041998146391992113,0.003852712152428809,0.8131024991684044,0.677523093238464,0.028580928788105118,0.007507359297880565,1.0519286382437911e-05,4.84177260105942e-07
14,9.263369247476797e-09,6.778163412712782e-07,0.0004454563487955656,0.005288047756197054,0.8217864722005668,0.6658336271039348,0.03136584882335984,0.007772621406205121,1.7207834003917095e-05,5.313775704794591e-07
15,8.320426165620367e-08,1.428595125580481e-06,0.0013761239248680941,0.007102118230252346,0.9568174779591982,0.37209935513807446,0.033010139732000975,0.014952199470583996,2.8573466961181384e-05,2.8284022871467656e-06
16,9.459901344448204e-08,3.893126266766063e-06,0.0014353921985842276,0.011759989538444803,0.9600816016163929,0.3591937262060884,0.03649596448673793,0.015297011959535797,6.149654796572973e-05,3.0096788553104213e-06
17,1.1045397308453043e-07,5.645332962601985e-06,0.0015169725894099353,0.014605188658263173,0.9631478426809773,0.34648501437346535,0.03828796927232916,0.015674846145196028,8.321207039260254e-05,3.2934222115320103e-06
18,1.3095463822451578e-07,7.794481633080806e-06,0.001611524792712076,0.017796825005813078,0.9660217747160347,0.3339202457780843,0.04008879340750107,0.016069745826329133,0.00010863072228106334,3.6412172170150446e-06
19,1.569692153351824e-07,1.0379857965439859e-05,0.0017200238583277153,0.02133595399889896,0.9687076846092335,0.3215147820985637,0.041893207028585046,0.016481660496096413,0.0001378808393994242,4.06118352450375e-06
20,2.1792765940146973e-06,1.6499430129421422e-05,0.007691356817845477,0.024900939896568886,0.999254616384649,0.04746493745754752,0.04188813862150667,0.03091722033421655,0.00017867766347979305,3.502719181434499e-05
21,2.3242356620727924e-06,2.440609005300853e-05,0.007933480818905695,0.028860865899152342,0.9992483668328906,0.0454838402890826,0.042015601223080755,0.031302922460235486,0.00022632574785467417,3.652521403693539e-05
22,3.5047455939200952e-06,3.5033850080265906e-05,0.009886363875284456,0.03302061387443142,0.999230515214719,0.04341041257951403,0.04189510414154376,0.033884139655414015,0.00028133623447171844,4.950210183914195e-05
23,3.778170961758595e-06,4.800028315474888e-05,0.010204680851682257,0.03755555070492161,0.9991163851339412,0.04479397021163684,0.04178526171977659,0.03423004438556608,0.0003437813540749209,5.176633402239454e-05
24,4.113973421586943e-06,6.342793148118356e-05,0.010556553751500778,0.04245225732614014,0.9989718929033717,0.04661188434839403,0.041650964192276714,0.0345676874758606,0.000413729456989516,5.43675996118852e-05
25,4.518386196258216e-06,8.145006257487254e-05,0.010943255002364208,0.04770411604080149,0.9987931205707608,0.048859465728299294,0.04149427427026791,0.03489626103225312,0.0004912404269310572,5.732725191842474e-05
26,4.998662741762401e-06,0.00010221315353498863,0.011366145645700581,0.053303971217984976,0.9985757195144216,0.051531330466735435,0.04131741083176856,0.03521495875672549,0.0005763650903574982,6.066884153949651e-05
27,1.1195617980309868e-05,0.00012996895679353223,0.016755632978558862,0.058777711784755084,0.9960896316064697,0.10642088081803905,0.04095293116468531,0.0382364355576769,0.0006689533544483734,0.00010694958750513717
28,1.9529538123194902e-05,0.0002498170934924477,0.02195257361256775,0.07591828424434897,0.9893147941657053,0.18204301878274784,0.040167703020854297,0.03994309270681376,0.0009905676756256359,0.00015687016706558907
29,2.122095347682639e-05,0.00029997748250564746,0.022676699515356478,0.08225127355850871,0.9879768142126097,0.19184301528226588,0.03999078503924852,0.0400422163321979,0.001114333409185117,0.00016451778659657716
30,2.3152229416883587e-05,0.00035585282224940667,0.02345004180674822,0.08884378885719747,0.9865097150862694,0.20187405518662957,0.0398626149266716,0.040115673382787584,0.0012460739876091682,0.00017287827161983105
31,2.534526187126556e-05,0.00041771948084949503,0.024274008451749537,0.09568539284940694,0.9849064788286227,0.21212160176875391,0.03978812091209371,0.0401628821432288,0.0013856937098985784,0.00018198839057223474
32,2.7824203792632834e-05,0.000485870995220494,0.02515004865808079,0.10276538638670134,0.983160196377026,0.22257095664003174,0.0397722683125497,0.04018330539931506,0.0015330805061000213,0.00019188683535384068
33,9.883124126723119e-05,0.0005816453497587307,0.04749620720339274,0.10795769111116339,0.916541697627529,0.4861232539843062,0.0405506160080565,0.03813286536877944,0.0016678730699124088,0.0004759332282561092
34,0.00010423470953124525,0.0006882659333354056,0.048620685781802044,0.11369022503920889,0.9111427111994137,0.4985954450149402,0.041449020603244714,0.03791883271299992,0.0018091316483946538,0.0004918571241868969
35,0.00011033258479037333,0.0008064220178276884,0.0498005865276335,0.11956159712663578,0.9055275243168158,0.5109867850309417,0.04251101688600639,0.03766780767881476,0.001956619533913332,0.0005088840392114023
36,0.00015423996040685753,0.0009430308156103567,0.05851266071774578,0.12476711629805762,0.8628642377818331,0.5957386410739078,0.044092891436383085,0.035520907032632054,0.0021000702833233477,0.0006388548506559447
37,0.00016282116783931363,0.001093191437825728,0.05981759411444443,0.13028048755674518,0.8556185088152058,0.6074014822867438,0.04584088872555894,0.035158148963890315,0.002248733686889191,0.0006593200852277166
38,0.0001723780357069285,0.0012575195181621847,0.061177503558864414,0.13588441817871905,0.848167329900851,0.6188969881626581,0.04779428282331917,0.034758270155780854,0.0024023186887389314,0.0006810145835243754
39,0.0001829710531448507,0.0014364383232825383,0.06259273834305669,0.1415697920402605,0.8405149853109042,0.6302157243578377,0.049957648379239855,0.0343218826032329,0.002560526240626513,0.0007039691646781618
40,0.00019466555487436592,0.0016303847425012516,0.06406362549293158,0.14732755645012124,0.832666317804203,0.6413487059179341,0.05233528206666795,0.03384970752000114,0.002723040214049803,0.0007282148818292451
41,0.00020753184506666508,0.0018398089943949957,0.06559046687685423,0.15314873680333393,0.8246267234349149,0.6522873982560294,0.05493118986729329,0.033342577012165114,0.002889527953994809,0.0007537829000096358
42,0.00022164532275567358,0.0020651743110326123,0.06717353635821866,0.15902445064335197,0.8164021441803763,0.6630237165999653,0.05774907487491842,0.03280143561163797,0.00305964089008746,0.000780704369781631
43,0.0002370866085109376,0.002306956599098998,0.06881307699930352,0.16494592111111417,0.8079990584196569,0.6735500239656534,0.06079232566371702,0.032227341663989245,0.0032330152049486914,0.0008090102970064557
44,0.0003310947129703409,0.0025777479945233712,0.07905621256261296,0.17001073290468116,0.75685424403463,0.7335313324490212,0.06446127325269159,0.028600920378936003,0.0033941992825195933,0.0009893164889705867
45,0.0003518111403514925,0.0028669779475360897,0.0808247041032063,0.1754204670348215,0.7473178349404909,0.7427688968152578,0.06833086324790023,0.0279693659234777,0.0035571769211864817,0.001022161573457234
46,0.00037432957616659085,0.003175669406127162,0.08264649081534524,0.180837644530652,0.7376550815667703,0.7517573459354316,0.07245045080741833,0.027310338712304073,0.00372156872525747,0.0010564557905008997
47,0.00039875704525397013,0.0035043323792251575,0.08452141335521246,0.1862547693608328,0.7278760674494095,0.7604924262615479,0.07682145600159974,0.026625524077286987,0.003886973899915473,0.0010922211791214282
48,0.00047217608651410213,0.0038596759870613015,0.09031473612516078,0.1912503754477825,0.699069847233459,0.7857603281785852,0.0816109866853718,0.02451901089725887,0.004045427144067122,0.0012029540103735625
49,0.0005021652448313751,0.004236368139840327,0.09229883847829201,0.19640549583343483,0.6888623452045715,0.7936012716645006,0.08664028864057215,0.02380217256042909,0.004203761494427948,0.001242482667718223
50,0.000534523222893757,0.0046352817112997385,0.0943334262795649,0.20153494703044228,0.6785866189156605,0.8011756130150987,0.09192793620729106,0.023066485736899504,0.00436158138473007,0.0012835161002263762
51,0.0005693842647825799,0.005056948516175356,0.09641805192423915,0.20663226449206568,0.6682545378317011,0.8084811022106884,0.09747342987565652,0.022314185949477327,0.004518466635488174,0.0013260680692398703
52,0.0006068893289140476,0.005501905056166295,0.0985522170887547,0.21169118143468346,0.6578781992742381,0.8155157920588944,0.10327584191420737,0.021547631389416,0.004673992744545184,0.001370150712030329
53,0.0006471861832061746,0.005970691801948077,0.10073537157981398,0.2167056337544369,0.6474698964890926,0.8222780219813086,0.10933381492846442,0.02076930206679977,0.0048277321470041,0.0014157744256711716
54,0.0006904294958903079,0.006463852451229148,0.10296691230480218,0.2216697643937419,0.6370420859945731,0.8287664017042553,0.1156455614882456,0.019981798729386744,0.004979255520915054,0.0014629477541518656
55,0.0009606749219947163,0.007566047141160805,0.11667468520281772,0.22978965363052564,0.576503093440522,0.8649950914581628,0.1297138923524241,0.015501354911395083,0.005227865177518484,0.0017534323296983466
56,0.001019030805357847,0.0081555923522693,0.11904220731449143,0.23406891905765043,0.5660107375815782,0.869930122351683,0.13707730122262193,0.014784872708958636,0.005348940587305231,0.001806989531023076
57,0.0010813046188560681,0.008773153162431121,0.12144996393213973,0.238272089081834,0.5555859501517292,0.8745934532585806,0.14468743539394183,0.014074589033614658,0.005465718211712347,0.0018619935544869927
58,0.0011476911321279492,0.009419250053239262,0.12389689380279086,0.24239500850545276,0.5452414918473137,0.8789854119427983,0.15253974984303947,0.013373764073282467,0.005577830950097704,0.0019184342200815642
59,0.002402344224359114,0.010159681518430278,0.1653153070717491,0.24145858923406166,0.3886204445632392,0.9401962450068502,0.16153898770783495,0.0059529042569505305,0.005601266281382063,0.0028773831316590347
60,0.0025019798908544936,0.010925000641927687,0.16766718106500736,0.24357901180802327,0.3800384683613449,0.9417336488513619,0.1707362920506967,0.005810068778814351,0.005617310590904534,0.002940911300221389
61,0.002897907570586484,0.011733670075692329,0.17701645652385167,0.24461471057800216,0.3487837769010646,0.9492138377504132,0.18026207824612178,0.005616205984138991,0.005614683619806524,0.003177414995617147
62,0.004002905012855052,0.012588033470803863,0.19905982570488193,0.24329225194389772,0.28552365885084824,0.9624817088372946,0.19017063237699214,0.00793991181008844,0.005573341123318667,0.0037469622968680353
63,0.004137385549334521,0.013473396927245333,0.20112734238078384,0.2440673651730753,0.2803539783853953,0.9623059691943333,0.2002838288179125,0.008407798418050637,0.005526058644917049,0.003810400193624271
64,0.008254307254371995,0.014301701394444243,0.24692856921992976,0.23758734924526143,0.257965343029278,0.9653010824767339,0.2093795659909205,0.04138045292209812,0.0054605059602880965,0.0051332665987714335
65,0.008415029967147714,0.015139272234948957,0.24777832379474382,0.23717487117376848,0.26158301755615926,0.9634283700429106,0.21899371961176917,0.04305622526435546,0.005388173911143127,0.005175909721499801
66,0.008586029654482987,0.016021333111661037,0.24856301057698232,0.23677334548162923,0.2654653385884586,0.9614121513570221,0.22872929323359967,0.044814169232701165,0.005325906118145136,0.005216329331543964
67,0.008767481679456837,0.01694752199571787,0.2492811767047241,0.2363873061160601,0.269602537255745,0.959249062654518,0.2385753609044014,0.0466563502448485,0.005274456792571834,0.005254482139313321
68,0.009658220886369534,0.017887070664430606,0.25209424491061655,0.2357241261576087,0.2937018954185593,0.953087064162486,0.24802042554189502,0.056615528768692636,0.005250300722445721,0.005343520863286434
69,0.009859863584658794,0.018863553483868784,0.25248121941126506,0.23546618122304713,0.29921796618850743,0.9504004209872103,0.2577545449465673,0.05875706535331725,0.0052362696518918886,0.005372932665610985
70,0.010072640496041937,0.01988249114468828,0.2527927245999287,0.23525347432374016,0.3049274973677562,0.9475561923135378,0.267558952858421,0.060988309692687225,0.005238029258730986,0.005399813252050974
71,0.0190526249805484,0.020269606305194702,0.2014131708097635,0.24620910730616966,0.7424610833138289,0.7164725789086109,0.2612275301280038,0.2023582358642762,0.0057398069614483386,0.003929774857896173
72,0.01916196490132907,0.02061054922459613,0.19932082335162,0.25056765810488235,0.7490338766404769,0.7080532033186103,0.26505663489690584,0.20476429333465468,0.006187662817393102,0.003902482515634118
73,0.02066070474358223,0.02071227170780983,0.149270597462983,0.26223858025102975,0.8686768330782728,0.5314426120855501,0.2609827791105184,0.24878893092338975,0.006909221928249765,0.0026733837459413452
74,0.020699677964085256,0.02081358569877604,0.1466743320116165,0.2693386824766315,0.8717174440269628,0.5224869789771711,0.2626578204143004,0.2504926702631089,0.007646457552318028,0.0026373250526681574
75,0.020857299812965864,0.02078027322262364,0.10454371749322042,0.2809544046296048,0.9205710737703154,0.39341805918795314,0.2598507051115964,0.27219198047941773,0.008591130881309004,0.0016846663954787247
76,0.02058538723956095,0.0206980099959879,0.08438906095759131,0.29150723265031514,0.933726273077338,0.34019373739550884,0.25909693326708777,0.27844795800066247,0.009614826308092052,0.0012956127732390737
77,0.020539680872078813,0.020620422782376923,0.08192914201988308,0.30135040403858576,0.9333084991147063,0.33427734405414256,0.2593087460389508,0.27901501392463407,0.010685516693632465,0.001275499392518923
78,0.019928173534737935,0.020510544626566644,0.0588278308146724,0.31275795386901595,0.9418588402407684,0.28687922004089006,0.25877959501776093,0.2820405280354817,0.011876358488964898,0.0009016755149517209
79,0.018615337326349853,0.02039519213141374,0.035483703553283334,0.3245551382391221,0.9447755398399282,0.2593327169951007,0.2594571139452817,0.27806506306149564,0.013137733356682767,0.0007227301908888522
80,0.018492403492086897,0.020285294209815598,0.03406280156441668,0.3359215451187624,0.9423302977781307,0.25892184545028385,0.25955800988475425,0.27737800821377334,0.014418195752661478,0.0007507126942586148
81,0.018369671146409867,0.020180064336222204,0.032673635771450237,0.3473898039416116,0.9396994165061262,0.258741261097106,0.2596816922268437,0.27664002475544536,0.015755157027568356,0.0007848647381203184
82,0.018247027139446422,0.020079549222321063,0.03132127697389823,0.35894708134141007,0.936880516024475,0.2587858838569516,0.25983017537187614,0.2758505724448377,0.01714734529971033,0.0008255478569560456
83,0.018128571922650154,0.019214188402287644,0.03002614414792646,0.47616790634344097,0.9002361545743444,0.2590133479629432,0.2602108913208368,0.27481038357742177,0.033965469288065084,0.0013614675662952963
84,0.018033946630355447,0.01914057182464947,0.028503584595780285,0.48789176401163076,0.8956227371824037,0.25929788452077646,0.26039718421520347,0.27391026658234224,0.03592883113981342,0.0014542043293823887
85,0.017939179542121802,0.019071608682570247,0.02706454298468295,0.49958424326709383,0.8908002372553356,0.25976695322799437,0.2606112914880647,0.2729612532745073,0.037934013148020085,0.0015577250792943224
86,0.017844134336404808,0.019007374145777533,0.025715054212792066,0.5112340112389838,0.8857692753489963,0.26041442680051924,0.2608548747781676,0.271963299914631,0.039979228784558014,0.0016725784700175096
87,0.017748678720064453,0.018947975651185705,0.024461142884402983,0.5228300013072884,0.8805308117147015,0.2612340001969981,0.26112956415464866,0.2709164355480237,0.04206265085931896,0.0017993179674360405
88,0.016112960405998713,0.018969998032190807,0.02005020558366125,0.5342288955000745,0.8691828293804327,0.2926298777830725,0.26485153906329895,0.25225050124176523,0.044212965768508534,0.0034780248791966384
89,0.01602008883472888,0.019225242650590817,0.020713011551469297,0.5895293663771104,0.8401311034101925,0.2955255317433268,0.26870165112636696,0.2503470849160504,0.05460270102474588,0.00405179385102546
90,0.015886453644347927,0.019285290198473068,0.021510353350185446,0.6002482738397648,0.8332772714034422,0.2987676920704431,0.26974210860365383,0.24855375860048473,0.05677902769362905,0.00435078222645256
91,0.015750975234686364,0.0193575886395995,0.022459179462156968,0.6108180961085208,0.8262562409110158,0.3020805944930492,0.2708417583837183,0.2467148861858429,0.058971071110673096,0.004666506800356019
92,0.01561367738167429,0.019442953944788167,0.023563620511651267,0.6212316622189885,0.8190734348716426,0.3054565388512149,0.27200142925860604,0.24483172225357683,0.06117669994115683,0.00499938713000577
93,0.01139125049769719,0.019933073313117076,0.09934923676552997,0.62758654393705,0.7785449616800266,0.4280585788362335,0.2817626672275187,0.19113068930427046,0.06329657466702794,0.014857173252578938
94,0.01124874554574779,0.020523726847626995,0.10410120420549535,0.6359583271053774,0.7708124529083202,0.4333854467512369,0.28481491636045797,0.18869597812051855,0.06499190425760673,0.015438771317417914
95,0.01016479451314266,0.021267392970131877,0.13507849612200196,0.6419358514851216,0.7519142620040724,0.46803640385758694,0.2896605218775319,0.1741483051653509,0.0666274109258022,0.018842593358757005
96,0.010029428266806991,0.022073078950612116,0.14061691994247857,0.6493399062582026,0.7440844966298303,0.4732414973752166,0.2933114661502141,0.17165879184217292,0.06816591803825418,0.019487031593526907
97,0.008559426820467321,0.023107144326790407,0.18835403839566833,0.6518363049781496,0.7182629209682604,0.5188701878649596,0.29923151972826784,0.15216535064663855,0.06959688449717678,0.024573740179860155
98,0.0033065153545747284,0.0253208594301506,0.47283779338052984,0.5891654708643739,0.5701460856933785,0.7236992876938958,0.3113759679129811,0.07481254847615389,0.07001477327973041,0.05390213513496996
99,0.0034013256339852052,0.027659144850859494,0.4787213802828286,0.5893739138348512,0.5650108186355784,0.7254380209564781,0.3187528171389175,0.07392953153073993,0.07022183182012465,0.05451196418634809
100,0.00375183863270852,0.030476260540061962,0.5719022146978218,0.548131082716986,0.5141226868137977,0.7681850945805467,0.326956327450133,0.06798938888961949,0.07000851893389452,0.06396886151275467
101,0.003983258613513649,0.033360012892232074,0.5761993594820852,0.5467627754262366,0.511325257100829,0.7680780398554591,0.3349714515734861,0.06824013782897291,0.06995249071554233,0.06439271525878185
102,0.004237772400901862,0.036388137932137674,0.5804079768574307,0.5453276748773381,0.5087155382858428,0.7677822088319662,0.34302872213096247,0.06856802426403337,0.06988702388308032,0.06480308646570836
103,0.00451630159646052,0.03956015338603823,0.5845253210117484,0.5438307988889516,0.5062918621272698,0.7672997091309243,0.35112147880775196,0.06897590143506258,0.0698128621949311,0.06519951027140998
104,0.006058154168101124,0.043033374457391374,0.6209846654806811,0.5226438089213743,0.49288638684193964,0.7754567416555942,0.3589745510768431,0.07677622081024846,0.06956642369708282,0.06844459671166214
105,0.006456754712405447,0.04656560153479838,0.6240119838688875,0.520928004500926,0.49191582444863396,0.7739732576791383,0.3670954295531,0.07794225672491376,0.06945393401763533,0.0686976026229256
106,0.00709312744764064,0.050258798633379856,0.6298385906105625,0.5173073107564923,0.49055403681059956,0.7727594767838971,0.37515198814340595,0.08051149888284412,0.06932909603915696,0.06914577153707704
107,0.007560448504293027,0.05408272141440983,0.6325430050204258,0.5156052029350687,0.49001220470079665,0.7708853315794229,0.38325611100785206,0.08192501805914318,0.06922462560987894,0.06934832266835338
108,0.008059628872389294,0.058048171659407885,0.6351326510629797,0.5139150455522455,0.4896181126644549,0.7688540046818291,0.3913488746558471,0.08343236509198128,0.06912577151634933,0.0695314566902027
109,0.00859159770123063,0.062153095283092284,0.6376057013970103,0.5122419553837663,0.4893668263290048,0.7666684845596061,0.3994238890149808,0.0850353138396769,0.06903376148826045,0.06969493360928966
110,0.009450412579231095,0.0707530755277794,0.6398029344523675,0.5105976541189446,0.48924828552940564,0.7618463501169968,0.41560040438551143,0.08674423777715548,0.0688872590707148,0.06985389668553327
111,0.010074567761741518,0.07526109376751854,0.6420148092544681,0.5089723819804783,0.489294704796519,0.7592733391994976,0.4236114507927541,0.08857220472423978,0.06881688795449481,0.06997001151958514
112,0.010735041223143239,0.07989886562219538,0.644104175236059,0.5073794952551723,0.48946617137959825,0.7565575482276014,0.4315814115312263,0.0905023476403809,0.06875746106941082,0.07006603635640145
113,0.011432812998730939,0.08466355943767886,0.6460694997492485,0.5058237471108239,0.4897571633325737,0.7537026589035667,0.4395043315018886,0.09253603435473556,0.06871035682155144,0.070141861148741
114,0.016944330613449694,0.0897376169374505,0.6632909961265091,0.49334083447987276,0.49788720800118175,0.7450195377149537,0.4455418881296803,0.11995247119425805,0.06862377458330252,0.06978480722877319
115,0.017854770699628538,0.09468037296279579,0.6640387370513893,0.4924747044836857,0.49917907031629827,0.7414383375228132,0.45291792517937735,0.12288504687431162,0.06874199157712976,0.0697014152506328
116,0.01880745921324535,0.09973568217677622,0.6646531146112284,0.49169718726683176,0.5005340674477248,0.7377513857483379,0.46021790938892604,0.12591545862119188,0.06888956929743346,0.06959634873562763
117,0.021753439074916132,0.13228251006104344,0.6633477721845495,0.4904316560003245,0.5023763033545803,0.7192257618027309,0.5041823703871097,0.12903678200438523,0.07024662556214306,0.06977438781345617
118,0.022936480134008806,0.13809709027605302,0.6634706545602246,0.48992272808022147,0.5037934422370994,0.7150719218024847,0.5111214982944975,0.13242815237133213,0.07052283816356687,0.06957456447300439
119,0.024167366186990547,0.1439946386478049,0.6634568535162673,0.4895101933241917,0.5052467646273049,0.7108392635442724,0.5179536117832857,0.13592272813191325,0.07083477329148297,0.06935593426576284
120,0.02544687754112467,0.14997055047468733,0.663306074121042,0.4891963021693183,0.5067306868326104,0.7065330780890556,0.5246747187449191,0.13952003834052215,0.07118410697160142,0.06911899433297165
121,0.02677577344527677,0.15602013349741067,0.663018129931746,0.4889830880719083,0.5082397210806969,0.7021587508370706,0.5312809917800972,0.1432194839067204,0.07157252329978459,0.06886429180455879
122,0.02815479040989029,0.16213861487296077,0.6625929469737403,0.4888723639673614,0.5097684843659901,0.6977217537509192,0.5377687692574905,0.14702033727817077,0.072001712542762,0.06859242475502458
123,0.029584640559121144,0.1683211482762588,0.662030567778536,0.48886571925603406,0.5113117067619705,0.6932276370900171,0.5441345560403251,0.15092174234761505,0.07247336918574511,0.06830404311603466
124,0.03106601001895628,0.17456282111215277,0.6613311554610632,0.48896451732673313,0.5128642392014332,0.68868202068521,0.5503750238959958,0.15492271458523377,0.07298918992849883,0.0679998495417524
125,0.03259955734496718,0.18085866182008623,0.660494997815594,0.4891698936275901,0.5144210607289015,0.684090584784747,0.5564870116045346,0.15902214139715362,0.07355087163155365,0.06768060022283083
126,0.051237994326906434,0.18731371629288834,0.6481385698473818,0.4981896927289385,0.5400699597948839,0.6589830506675523,0.5548107463767,0.22352636265213893,0.07438428643985956,0.060716465112670745
127,0.053159937047749746,0.19324534584781278,0.6459996318188069,0.49982563894903204,0.5416884278034422,0.6542336655268347,0.5596187708881177,0.22849354510578468,0.0755086472342048,0.0603407554070351
128,0.05513339391278332,0.19920141338358036,0.6437290235958533,0.5015811709643783,0.5432556349609378,0.6494876786109014,0.5642854425080338,0.23352373252637437,0.07670243285829041,0.05995723211557201
129,0.0571584955952344,0.20517693973344892,0.6413282629014719,0.5034546023471098,0.5447682282886417,0.6447504706047197,0.5688092339328603,0.23861443466559518,0.07796713121055708,0.05956724266404496
130,0.09086284211629965,0.21077022640998375,0.596755025540776,0.5335409639014708,0.5815290465607855,0.6050183691738369,0.5548941412528147,0.3349035507975858,0.07989505673392516,0.04801964780151252
131,0.0946309934733936,0.24150547438898146,0.5893739161563412,0.5456734296688935,0.5758046706759291,0.5895457206458373,0.5763328387072861,0.33967211853621887,0.0936577336249994,0.049846162501841575
132,0.09717764880642628,0.2467304046929575,0.585227826767294,0.5494195874758391,0.5762753682694428,0.5853704684582404,0.57861610870134,0.3450728698934561,0.09616033033668182,0.04955998892750899
133,0.13083929378427958,0.2508815262919347,0.5313257594116594,0.580555805000215,0.598873915887378,0.5556660166582975,0.5603889228889528,0.42059646705762394,0.09944998496211213,0.04010706092042121
134,0.1335078699046904,0.2550639388525269,0.5264696666012341,0.5851902329564618,0.5984491839477452,0.5521167883150653,0.5612626682396665,0.4256059193139439,0.10278085400727584,0.04009446216987791
135,0.2601927276050674,0.2502951341983858,0.2630611924135317,0.673008199683262,0.6509832985942052,0.47315523439842494,0.4736971906173034,0.6171831925728417,0.11075171072785625,0.0324070231691873
136,0.2610208541205809,0.250490528978448,0.260661559449622,0.6785424516652829,0.6467900239113004,0.47313937802002487,0.4735202914066492,0.6171728219794748,0.11559601853437174,0.03371218347679521
137,0.2618151603199409,0.2506600109774759,0.2583662264993025,0.683988609484503,0.6425438056772492,0.47317033274364506,0.47339772286941806,0.6170528010222152,0.12053345435489599,0.03509510197687977
138,0.26257473214558646,0.25080447558732527,0.2561791861077715,0.6893432538436572,0.638250149668478,0.47324464183856285,0.4733307557964525,0.6168228473336391,0.12556008295990814,0.03655643072798857
139,0.2632986885654282,0.2509248771786823,0.25410430279671403,0.6946031486666194,0.6339146453083527,0.4733588835796713,0.47332051822890886,0.6164827718155556,0.13067188386466408,0.03809675562702654
140,0.26398618391699435,0.25102222877049746,0.25214530566974236,0.6997652393771187,0.629542956948407,0.473509678514859,0.47336799368797805,0.6160324818360049,0.13586475689185476,0.03971659387971524
141,0.25938989842911975,0.2507170111543829,0.2580131106159867,0.7029773521889697,0.6084757032454656,0.4992696733026962,0.5040947845856061,0.5630085520264535,0.143638377917799,0.07202183401582087
142,0.2584704270066784,0.2510707257327017,0.26029100245086273,0.7068031691093634,0.6037316260252307,0.5000230604469035,0.5064472760488157,0.5597014590839514,0.14780730344695378,0.07394970202628251
143,0.2574996741774974,0.25145978761488064,0.2626754166098437,0.7104944602234352,0.5990364992846566,0.5007355223813603,0.5088604686021794,0.5562966766025998,0.15201169639248635,0.07594666341742284
144,0.2564784555770436,0.2518861009445575,0.2651650535327907,0.7140503901183792,0.5943955036476558,0.501405519415502,0.5113314677742108,0.5527964517018131,0.1562475872846682,0.07801177253266708
145,0.06129376884266413,0.26384252631109373,0.6711331065389355,0.5412046890304045,0.5019726480763153,0.6068055852623795,0.6216154677521718,0.15742623648212184,0.15898253987326408,0.16539259613517152
146,0.06069775747260517,0.27073172021690395,0.6726220808550999,0.539260689462619,0.5014674651508285,0.6039958166848446,0.6266161009622732,0.1556933047706321,0.1588722170032183,0.16520332437756569
147,0.03834523373383257,0.278868045176601,0.7153548479420252,0.5003428703739063,0.5046751535380594,0.5978454357314764,0.6306375133790004,0.16193775606091973,0.15630153222146478,0.14953169097426172
148,0.03944415628220071,0.2866657171973326,0.7141363355665156,0.500134835491537,0.5051910291940397,0.5943160494489537,0.6349842113464732,0.1641245376370173,0.15656919393668922,0.14864693162955278
149,0.04061077487466222,0.29448878346658136,0.7127771202603396,0.5000186993205706,0.5057106605073279,0.590794536394523,0.6392134784061173,0.16641921632705975,0.15686962136577173,0.14774200936911247
150,0.04184615932176017,0.30233092927230343,0.7112783268582933,0.4999944044379107,0.5062310215092529,0.5872859751234797,0.6433237701933344,0.16882108974078494,0.15720421496517217,0.14681785764562272
151,0.04315132134015219,0.31018585019533546,0.7096412515778924,0.500061695130213,0.5067492063836833,0.5837953813487926,0.6473136531786529,0.17132932210920127,0.15757437557405216,0.1458754734345897
152,0.044527212575690825,0.31804726142857276,0.7078673656188665,0.5002201198609564,0.5072624328129892,0.5803276986805688,0.6511818024590191,0.17394294518139797,0.15798150270177924,0.1449159181462931
153,0.04597472279754823,0.32590890698485975,0.7059583184707643,0.5004690341841628,0.5077680449811369,0.576887789450616,0.6549269995039149,0.17666085935887357,0.15842699277751895,0.14394031845446464
154,0.04749467826744378,0.3337645687720621,0.7039159408999663,0.5008076040931303,0.5082635162421176,0.5734804256541559,0.658548129872977,0.17948183506478713,0.15891223736328186,0.1429498670354185
155,0.04908784028716614,0.34160807551423905,0.7017422475880466,0.501234809791015,0.5087464514623622,0.5701102800404284,0.6620441809212132,0.1824045143449252,0.15943862133189823,0.1419458232112555
156,0.05075490392669533,0.34943331149831625,0.6994394393941418,0.5017494498686058,0.5092145890461477,0.5667819173834642,0.6654142395071876,0.18542741269656898,0.16000752101149052,0.14092951349068
157,0.052496496934326425,0.3572342251262354,0.6970099052149055,0.5023501458732136,0.5096658026532289,0.5634997859636365,0.6686574897187658,0.18854892112085217,0.1606203022981102,0.1399023320008955
158,0.05431317882928524,0.36500483725320093,0.6944562234166879,0.5030353472512705,0.5100981026181312,0.5602682092898578,0.6717732106301849,0.19176730839362718,0.16127831873831594,0.13886574080401232
159,0.08332665024960913,0.3724876536555541,0.668900841271117,0.5248113784005807,0.5215097863404593,0.545905448743843,0.6629053073484288,0.27178933968188723,0.16115644523941405,0.11605640409783356
160,0.12067507515708722,0.41621043194892954,0.6274726507234316,0.5542624756828084,0.5248683383204071,0.5242749896198514,0.6635748867466813,0.3393695804769053,0.17824700314949082,0.10380201014302676
161,0.22974572830548304,0.416136820061498,0.5336246404253914,0.6173684452559389,0.5379253220549377,0.5071854756923221,0.6103115675211971,0.5046895689919916,0.18120103948416033,0.07294892329648765
162,0.23395473222707588,0.41967860264896095,0.5289796124674767,0.6208591170284786,0.5367770360242673,0.5060177504544743,0.6089363518179554,0.5093551488754321,0.18582552306398292,0.07357354052154583
163,0.3442599435754629,0.41198653615046527,0.4357480363902017,0.6672576509623644,0.5421183605535551,0.49719567704361795,0.5444589550183053,0.6284868641363915,0.19237708479818053,0.06641922338148532
164,0.3477977245927776,0.4131561164986753,0.4323770900006029,0.6704481242961163,0.5402249278460933,0.49691357895372507,0.5424809458581578,0.6310396826380148,0.1983367875371795,0.0684616850309537
165,0.35130478741710186,0.41424342751925114,0.42910335991947895,0.6735647462961022,0.5383291228760171,0.4966791196110155,0.5405129417674067,0.6334658259560625,0.20438353431705386,0.07061476800651231
166,0.35827332520955335,0.41475882456521884,0.4232308195980261,0.67768216996751,0.5365061638041577,0.4964023290103176,0.5365197037232247,0.6387265737139071,0.21061525950574508,0.07314846035491272
167,0.36166551536007335,0.41562108073137416,0.4202368729711487,0.6806228973631336,0.5345995862237461,0.4962738913810301,0.5346029700050049,0.6408155739071446,0.21684608042993905,0.07556904249507364
168,0.3650187592289978,0.4164052715129905,0.4173527799754389,0.6834819520132751,0.5327031186175173,0.49618357103917493,0.5327087392665252,0.642775032885908,0.22315160653610497,0.0781037617331927
169,0.36833087298225836,0.4171124590378518,0.4145819031021511,0.686257239786043,0.5308205177702424,0.49612867941085986,0.5308400403632502,0.6446043705782775,0.22952768646520474,0.08075330494284547
170,0.3715996881044432,0.4177437781215931,0.4119274226215967,0.6889467802368991,0.5289555109334755,0.49610655527759545,0.5289997975536527,0.6463031157682949,0.23597007389744382,0.08351820203379674
171,0.3748230548409076,0.4183004352496928,0.4093923304920574,0.6915487045677781,0.5271117883592893,0.49611457042884527,0.527190826247715,0.6478709077683079,0.24247443269844637,0.08639882221585443
172,0.3779988457662129,0.4187837075763987,0.4069794247176365,0.6940612534174556,0.5252929958368531,0.4961501350942836,0.5254158289914619,0.6493074980759629,0.24903634227370894,0.0893953706421561
173,0.3811249594768628,0.41919494193995904,0.4046913041728956,0.6964827745085296,0.5235027272526981,0.4962107031497048,0.5236773916980095,0.6506127520089537,0.2556513031260475,0.09250788545077904
174,0.3935124440000738,0.4179211395694048,0.39700460301632473,0.7008262702656571,0.5216152447639938,0.4964503140893998,0.5172736119523391,0.6580457199467482,0.2627078031385128,0.09800880444938953
175,0.39637319574224744,0.4180461132205656,0.39524627024005293,0.7029731709349655,0.5198726509171367,0.49657849793718634,0.5157364331291886,0.6588632067351922,0.26943879378649765,0.10148704316460182
176,0.3991736164692996,0.41810925059783816,0.3936200288282535,0.7050237616545015,0.5181720358623618,0.4967208951105792,0.5142486950220572,0.6595499269047812,0.2762060602331438,0.10507952394287395
177,0.401911817462262,0.41811229744920714,0.3921272509168208,0.706976905120697,0.5165166394874819,0.49687527118121727,0.5128122419958702,0.6601063476688706,0.28300478326449646,0.10878537237965032
178,0.40458596522149715,0.41805706119006575,0.3907690924558596,0.7088315545971909,0.5149096063264733,0.4970394644511066,0.5114287797161002,0.660533057993335,0.2898301024579423,0.1126035410639235
179,0.40719428607407804,0.4179454099646507,0.3895464920082548,0.7105867512989468,0.5133539789270287,0.4972113893810453,0.5100998735391109,0.6608307699752163,0.2966771229782212,0.11653280994085492
180,0.40973507085242533,0.4177792716921835,0.3884601700756901,0.7122416218236005,0.5118526914192698,0.49738903977496113,0.5088269472159981,0.6610003201276073,0.30354092250590137,0.12057178716762733
181,0.41220667963375,0.41756063309198366,0.3875106289513194,0.7137953756493366,0.5104085633068965,0.4975704917217422,0.5076112819121854,0.6610426705588026,0.3104165582874782,0.12471891046752685
182,0.42445723279962744,0.41512781902614626,0.3840174942791398,0.716114252704457,0.5086949376686709,0.4981600354869223,0.5027273903882693,0.6655867898083825,0.31790947197375985,0.13448132461192885
183,0.4265513708631074,0.4146947368886747,0.3837356798864728,0.717323780390321,0.5073835485981296,0.4983416279971939,0.5018428234028052,0.6651146567591828,0.3247524603513787,0.1389929621379085
184,0.4285669638867991,0.4142243143639963,0.38358701417273194,0.7184302156404836,0.5061397499773991,0.4985186282077262,0.5010224506762296,0.6645211294896247,0.3315883436465377,0.14360337219996996
185,0.43050288802830444,0.4137189078939811,0.3835706380723156,0.7194331944866335,0.5049656600936163,0.49868964162493556,0.5002666141699182,0.6638078452619323,0.3384122188408432,0.1483100988486856
186,0.4323581272006433,0.41318092198957207,0.3836854934010508,0.7203324225010351,0.5038632496302982,0.4988533714899411,0.49957551111389464,0.6629765710746149,0.34521920970719666,0.1531105405500331
187,0.4480643496472366,0.40876843107545335,0.38746749405926795,0.7196748733739473,0.5022405426778507,0.49975346469272136,0.4963971785906597,0.6650888926438105,0.35335361336513416,0.17352659756403982
188,0.44926235686633054,0.40811187226718443,0.3885840633658297,0.7200629940271811,0.5013453247507319,0.4998591167824355,0.49630096564474113,0.6635680544886698,0.3598891465961544,0.17869916007746284
189,0.45037076778650864,0.4074495431076412,0.389812028283324,0.720348188928209,0.500529214361856,0.4999506378117435,0.49627043381450137,0.6619424088148688,0.3663872447423607,0.18394680841666644
190,0.4503180337498168,0.4057577896644786,0.3922516642537897,0.7223121288201503,0.4977667587135506,0.5000114958704377,0.49633182417706245,0.6531145150380252,0.39778895578487433,0.20188809707721486
191,0.4602980770206987,0.40036622248170733,0.4219502058732078,0.7110265077013315,0.4971295462773037,0.5004472920378082,0.5035142039415442,0.642519412891255,0.40669004639214484,0.24732992027852044
192,0.4601713463183941,0.4000324860867576,0.42461398534785805,0.710156172717518,0.49698417782438603,0.5003529441363277,0.5044582791710419,0.6398011908031515,0.4122527220727135,0.2529802923918243
193,0.459961054539323,0.3997428038699379,0.42733211062353915,0.7091921428042235,0.49691655870534157,0.5002444844463345,0.5054458600100808,0.6370174344586029,0.4177448832493699,0.25866195383733376
194,0.4596696558791459,0.39949996447182495,0.43010062690795675,0.7081355777271984,0.49692568366548445,0.5001226912547584,0.5064743940384981,0.6341719948797616,0.4231637223081271,0.2643712459714209
195,0.4592998043871573,0.3993067197974782,0.43291555378047786,0.7069877090778715,0.49701040494720167,0.4999884281782684,0.5075412716734584,0.6312688143724392,0.42850656291311556,0.2701045223902106
196,0.4588543517577435,0.3991657799677797,0.4357728921743521,0.7057498405251627,0.49716943634146277,0.49984264145786544,0.5086438322056969,0.6283119214951198,0.43377086308492574,0.2758581563548057
197,0.45833634450612887,0.39907980813840205,0.43866863122494615,0.7044233480088716,0.4974013575332179,0.49968635711444853,0.509779369834581,0.6253054257089193,0.43895421798748907,0.2816285480637947
198,0.4577490205198069,0.3990514151965225,0.44159875496900086,0.7030096798611074,0.49770461872397537,0.49952067796815536,0.5109451396870748,0.6222535117157928,0.4440543624151661,0.2874121317441842
199,0.45709580497915625,0.3990831543465364,0.44455924888105525,0.7015103568425637,0.4980775455140849,0.49934678052437426,0.5121383638062572,0.6191604334937792,0.44906917297238785,0.29320538253247397
200,0.45431652854169113,0.3991179235176446,0.4565797611617425,0.6958871061310608,0.49864770497814953,0.49902331706709097,0.5166942435050365,0.611770364214467,0.4545273697711413,0.30880898347536795
201,0.45342468300046906,0.3994417956335976,0.45968053176327567,0.6941122694467092,0.4991664940961592,0.49882651218740975,0.5180257826032096,0.6085506848690082,0.4591880891834931,0.3145403252987908
202,0.45248181898562884,0.39983925223848477,0.4627901855305234,0.6922598599854379,0.4997466742306371,0.4986270689251212,0.519371850800693,0.6053080582879427,0.4637602116362892,0.3202681249038469
203,0.4514923322919943,0.4003124007063366,0.46590481938625755,0.6903318225975911,0.5003860378978785,0.49842650942736205,0.5207295524705027,0.6020469641173245,0.46824240175989473,0.3259892316944458
204,0.45046077184526684,0.4008632505501359,0.4690205724706258,0.6883301715580453,0.5010822887523739,0.4982264072984026,0.5220959960239085,0.59877190946825,0.47263346587593674,0.3317005683139006
205,0.44939183081385564,0.4014937075911289,0.4721336310474349,0.6862569894682266,0.5018330477490353,0.49802838359903323,0.5234682992907485,0.5954874212252987,0.47693235168563947,0.33739913497888485
206,0.44324175373455005,0.4028494599563935,0.48842363902448377,0.6776300726824406,0.5028489015821482,0.4975854127711141,0.5298974349937896,0.5854606368943878,0.4818498256402523,0.35698071146844235
207,0.442024572954209,0.40391184873343106,0.491555300539443,0.6753001198410965,0.503694422456551,0.49740133212705834,0.5313364472695088,0.5821535373137634,0.48572691494666237,0.36251373851867114
208,0.4415961311819247,0.4081070351069368,0.4938284455302076,0.6706319960919083,0.5073610746708315,0.4969309121661616,0.5331194537063348,0.5742875950708528,0.500026525360457,0.3739515328940706
209,0.43395617863012537,0.4106253345443106,0.510099419932729,0.6610567375599926,0.5085523943948506,0.4966289654372443,0.5395630928667124,0.5640488399363712,0.5042440330514208,0.39358407147622815
210,0.4327291096495549,0.41231664002797047,0.513023526420095,0.6583855386487563,0.5096069630474674,0.49653915386746517,0.5409100405178057,0.5608857788503703,0.5075222615551886,0.39890128224269994
211,0.4315215388038498,0.41410412571807276,0.5159000411944442,0.6556722178390983,0.5106868181404424,0.49647115938719455,0.542231075179857,0.5577616849200342,0.5107122405920317,0.4041808161189633
212,0.43033917881144224,0.4159878555386896,0.5187260830723662,0.652919589746092,0.5117891364030956,0.4964268394831609,0.543523784112468,0.5546806493314178,0.5138144191407582,0.4094207997867861
213,0.4291877283868436,0.41796771721091924,0.5214988655323272,0.6501305017009129,0.5129110945720173,0.49640803929511484,0.5447858214551237,0.5516466770110616,0.5168293433093717,0.41461944347203966
214,0.41479573034814854,0.4233871374108168,0.547166012623816,0.6337465625625011,0.5139089369812865,0.4965559510985456,0.5546784252522243,0.5360511955323586,0.5214851075618201,0.44531892846885146
215,0.36855817615041536,0.49648405252150374,0.6311675853778809,0.5504004530960771,0.5189297823934831,0.5064212500991463,0.5860033131765288,0.4732598137157309,0.5488193501560173,0.5728237468020627
216,0.36396636771467905,0.5033626437583926,0.6367131626065625,0.543182491351678,0.5184322728575234,0.5084708589935145,0.5878574418387079,0.4687108532409973,0.5521027009360405,0.5843070641355846
217,0.36529432565537967,0.5085044425884063,0.6363791326070847,0.5410350828884904,0.5187572257587507,0.50957403692061,0.5875938626972531,0.46806143540824696,0.5529678520235357,0.5867043635687602
218,0.34361752565885884,0.5208061286947555,0.656982837152762,0.5193079859070671,0.5138836141136067,0.5165383478208272,0.5940061053213106,0.4541829590711484,0.5651261836760297,0.6247379051572975
219,0.3460046662331192,0.5261692946273312,0.6555788747854575,0.5179336502364705,0.513890306381387,0.517910862667083,0.5931710854907056,0.4543626852278622,0.5655128831247487,0.625865813942363
220,0.3323794823118273,0.5359556428027171,0.6658318416494251,0.5047745677070737,0.5046684795790394,0.529247228174608,0.5934658172183461,0.45189321760481643,0.5774497922699372,0.646361402431319
221,0.33601217479863793,0.5408008517032449,0.6629189587422913,0.5049339364560651,0.5044117230030397,0.5307643581332583,0.5918873548611475,0.45306219950416526,0.5771450527476033,0.6449771580861065
222,0.3397208922583406,0.5455664626933188,0.6599334650964451,0.5051422783057048,0.504149542084701,0.5322967200257102,0.5902736145353287,0.4542641898746226,0.576810732058081,0.6434811404138889
223,0.38889404498402363,0.5486743067702996,0.6242476163406407,0.5368638811601472,0.49948760818630444,0.5382448375540663,0.5731413198127411,0.4891314613146599,0.5636086268055183,0.5723470814931466
224,0.3927771680846219,0.5519127161463799,0.6205240484257444,0.5381969437928161,0.499590528061179,0.5393958185256409,0.571196949224869,0.49028682769599996,0.5634436266558459,0.5690510675506246
225,0.39667335849125074,0.5550764732786696,0.616813964358551,0.5395135302533791,0.49972885493531016,0.5405268187200241,0.5692553524727754,0.4914113054413701,0.5633068182378981,0.5657483152151986
226,0.4665760451151417,0.5582217297797525,0.5703061553418582,0.5771355608343955,0.5045084761778028,0.5367432667364953,0.5503855177867013,0.5261597187184874,0.5506157036428703,0.4866069269893175
227,0.521042116313274,0.5592801751558534,0.5336125989275865,0.6032593757280887,0.5116136107161767,0.5306163781559382,0.5356575148371259,0.5492506641613637,0.548440062894873,0.4363776938833592
228,0.5219978996279458,0.5623191110256066,0.5299079362838632,0.6022034555774827,0.5146426742378566,0.5322861422881243,0.5325944261276182,0.5455124109388026,0.5555200385374599,0.44006022731356625
229,0.5270844179644988,0.5630638893990574,0.5258009803493292,0.6038716125484901,0.5165435224186671,0.5319269927319916,0.5304983608441386,0.546061595938052,0.5580143608460834,0.4375050649125074
230,0.52919445746547,0.5638548058153029,0.5236186767990445,0.6041727229060566,0.5180334845613787,0.5320492472997402,0.5291159664088699,0.5454248229589228,0.5605477020011275,0.4375342531364773
231,0.5312440662006223,0.5645909725518298,0.5215428596018163,0.604393584356195,0.5195841854994364,0.5321344546029406,0.5277725442525353,0.5447303646728366,0.5631422837879116,0.43772628240358136
232,0.5332316821188947,0.5652724333636747,0.5195746067394063,0.6045338542520304,0.5211949580890012,0.5321826742600626,0.5264684358494345,0.5439801841119782,0.5657963206933798,0.43808298428240566
233,0.6030672844616621,0.5538902352915437,0.4798170376122786,0.6293288037320551,0.540516357700842,0.5121792855723032,0.5108381199428847,0.5640244735145034,0.5798262780489147,0.40097582859884157
234,0.6167782818499382,0.5312134427355569,0.4754500797795951,0.6299298194072784,0.5554114764503494,0.4961117069386502,0.5060727849346783,0.5636788352048624,0.5845718494067329,0.40991411121199267
235,0.6150366618419734,0.5301874704985244,0.47654638309934444,0.6277005063526921,0.557625725690483,0.4958738931974107,0.5061098770419444,0.5613246536381745,0.5881304574912785,0.4157345915843963
236,0.613253540460324,0.5291726716820351,0.4776706326446089,0.6254264356717965,0.5598403354267606,0.49564788716229785,0.506157506089634,0.5589862504465088,0.5915857991223893,0.4215365463885245
237,0.6114337451234626,0.5281714687477275,0.4788197078339644,0.6231099651184062,0.5620524864952616,0.49543529326854535,0.5062140621302047,0.5566676724749303,0.5949358361300702,0.4273141456549242
238,0.4789461703282328,0.5424774194256875,0.587727371889639,0.5456854357538639,0.5421827989959829,0.5225356861527031,0.5383919143758582,0.5014196410262372,0.5872494391022964,0.6026074191323515
239,0.45366844196905676,0.5588093514175944,0.6051587884103267,0.5291848259788164,0.5323271183204552,0.5357553147388486,0.5440641084167707,0.49181435890954267,0.6017235384345305,0.6490304376389685
240,0.4553555300524378,0.5631355825729918,0.6040224062146816,0.5277644194446065,0.5322308710725839,0.5374780027835485,0.5431840608697049,0.4922004525716482,0.6023012679249855,0.6505856279384852
241,0.4571889222344612,0.5674576615733594,0.602804539574165,0.5263970071080778,0.5321016928601557,0.5392268119320583,0.5422638261867964,0.4926664152765703,0.602834727596023,0.6520387104314856
242,0.44664439032444947,0.5778473707110209,0.6084015879036172,0.5190292138437709,0.5255496259798494,0.5480166598645085,0.5438456092014767,0.48945416407588943,0.6114245836847769,0.6737780719757016
243,0.4492801794092224,0.5822160612000379,0.6066447183194869,0.5180673259341753,0.5252429620665363,0.5498460522765193,0.5426668137431637,0.4903112713809255,0.6116168388819595,0.6743542183927281
244,0.45204008167872917,0.5865425517438003,0.6048199985364315,0.5171556638182601,0.5249125933780905,0.551688084230494,0.541457704405307,0.4912320403797517,0.6117592219742518,0.6748144568338535
245,0.44940133208137656,0.593161377885631,0.605246912973634,0.514139587427869,0.5210627331173006,0.5572200861247885,0.5412057986577643,0.4908683737693942,0.6156527275877962,0.6832805156755819
246,0.44241790385851043,0.6002835650582127,0.6057113210833137,0.5108341293123835,0.5130986767571962,0.5666667968858151,0.5414402882174308,0.4901656077719934,0.622093752029153,0.6944813699163331
247,0.44493008665920547,0.5988920824812235,0.5924559906050226,0.5192481517583815,0.5023338809686164,0.5775101767640801,0.5396119196799011,0.49536503011563876,0.617283833675079,0.6668488193049306
248,0.4609112187431823,0.5979663799537676,0.5800195905148419,0.5278797346754229,0.5033767481105828,0.5772978196325204,0.5365850358743255,0.5008812481370039,0.6082838974340053,0.6361621968426218
249,0.4646869925007621,0.6001060876387178,0.5772147797848667,0.5284429123074453,0.5037908089703645,0.5781744499756134,0.5350284652368917,0.5018314453907218,0.6073997341071012,0.6326785413854294
250,0.4684421789492479,0.6021692861317508,0.5744678376212432,0.5289836512734379,0.5042482837234789,0.5790050533105887,0.5335011431911658,0.5027625004289733,0.6065463738964902,0.6292089436411127
251,0.49772709539687665,0.6005203775248801,0.5578014092081135,0.5415203899374934,0.5108758959088859,0.5733786402682265,0.5303645828269541,0.5097135495317247,0.5961470003787604,0.5860607687836187
252,0.5009759351172898,0.6019858020120764,0.5555502856834281,0.5419109137073119,0.5118899005057973,0.5737589886832318,0.5290489817129447,0.5101645384758902,0.5959945298086299,0.5832479176664498
253,0.504180008955299,0.6033927741184145,0.5533906820329226,0.5422580382817263,0.5129557710687306,0.5740903959611671,0.5277705414562816,0.5105865928729888,0.5959088021009868,0.5805393881367135
254,0.5073371143231166,0.60474197155085,0.551325195555125,0.5425608438302256,0.5140735462785841,0.5743727861688527,0.5265298668409549,0.5109800410309744,0.5958920065130247,0.5779425740523387
255,0.5104451209892055,0.6060340920399794,0.5493561962311123,0.5428184999139366,0.5152431744502969,0.5746061659908925,0.5253274851332275,0.5113452698751784,0.59594604832017,0.5754645798909068
256,0.6504087567331717,0.5714751485393209,0.5109904393519771,0.573034668548164,0.5887413542969209,0.48958274138953994,0.5147401445202354,0.5298139162020766,0.6018096540729309,0.5057927571077105
257,0.6474631722074703,0.5706603570755829,0.5119611798334722,0.5708070466380584,0.5903278103042526,0.4899519590577891,0.5144904936251135,0.5284853881813653,0.6033516394391354,0.5107850432885654
258,0.6419475307512647,0.5694398606688487,0.5135871334965029,0.5651087359160291,0.5951594941805286,0.4908549030436581,0.513831919222852,0.5251682434538223,0.6088843641901217,0.5239088382593245
259,0.6391596064997427,0.5686914701613063,0.5145009532660401,0.5629342173382238,0.5966101301815269,0.49131991628556315,0.5135251037294601,0.5240602273526126,0.6101618081078343,0.5286646058107134
260,0.636432144775171,0.5679872735629611,0.5153908052617016,0.56077818267378,0.5980102769387912,0.4918231315693084,0.513202413826771,0.5230225514369935,0.611361451710018,0.5333349891176687
261,0.6216534713109593,0.5645561154759777,0.5208401315114797,0.5551084420104604,0.5969821065161537,0.4954951906018395,0.5119842402824266,0.5212212670882881,0.6067817147678628,0.5430873646737218
262,0.6193673414328873,0.5644117715557558,0.5215090942952467,0.5530514428089268,0.5980446905596168,0.496301211344576,0.5115948459330537,0.5205544104778915,0.6076723362100196,0.5472084349955149
263,0.6068620826490667,0.563914269225197,0.5262843034333484,0.5478782305649942,0.5957526697835202,0.5016768256083661,0.510396883266925,0.519402158717043,0.6039817724390324,0.5566202095054706
264,0.6052039133370511,0.5643638367562279,0.5266992944993684,0.545963054562858,0.5964971317081963,0.5027584948822271,0.5099240175999924,0.5191129716790625,0.6046650253173349,0.560205765263808
265,0.6036904236190475,0.5648828990220678,0.5270727611170973,0.5440858974938336,0.5971853019948342,0.5038806614952764,0.5094287656559233,0.5189066750974621,0.6052982578847075,0.5636964866335683
266,0.5417340847804301,0.6115184165355046,0.557621866666954,0.5206236397763007,0.5408720269514101,0.5767747761590472,0.5066842245805345,0.5155837592363592,0.6311228300500855,0.6708488809964588
267,0.5448311776680389,0.6146574187651751,0.5560180200236237,0.5199503213810253,0.5402803236429659,0.5786719849522883,0.5056140040800691,0.5171382888587954,0.6312490755305111,0.6709210821625545
268,0.5519463247102346,0.620111927098551,0.5525240870204043,0.5188497306009257,0.5400794973164212,0.5813410665494007,0.5034270609093878,0.5204380772530303,0.630289408653986,0.6689787719072181
269,0.5552909514982514,0.6230953411737981,0.5508723174883168,0.5182542808764047,0.5394480348555939,0.5832078547771344,0.502373326919586,0.5221138894838452,0.6302609215212707,0.6687513882894217
270,0.5587193266735023,0.6260156559845985,0.5492030589830091,0.517689011980824,0.5388047560934888,0.5850582324143561,0.5013274362953785,0.5238287244400057,0.6301713382043207,0.668402541093584
271,0.5826005077672131,0.6395723353718457,0.5385937509871179,0.5151299848388528,0.5399083515468754,0.5904412813010147,0.49509205843510373,0.534897453452446,0.6239651732386751,0.6575524401930838
272,0.5659814349720378,0.6343799526698,0.5344081269464018,0.5166286656480735,0.5083460992177191,0.6183187285010157,0.5048142581284294,0.5300039142025939,0.6448609372554566,0.6742677138366879
273,0.5691384476229415,0.6351896824226694,0.532830182830756,0.5165472407650775,0.5084096726851672,0.6189518777009786,0.504214107935491,0.5315090724427757,0.6432818450661761,0.6710729764458606
274,0.5722310247842659,0.6359243935526774,0.5313201006859406,0.5164558352978825,0.5085049713771741,0.6195281037841082,0.5036610909515811,0.5330053552216538,0.6416728231641281,0.6678293192650684
275,0.5752559820294285,0.6365859314909891,0.529880765641031,0.5163536825009029,0.508632498407996,0.6200471970272181,0.503155862665588,0.5344916192456277,0.6400376911512115,0.6645442716290354
276,0.5782103338692081,0.6371762534824562,0.5285149034731073,0.5162400678497965,0.5087927048246952,0.6205090427764407,0.5026989854219902,0.5359667685806606,0.638380282705502,0.661225499352527
277,0.5796440953415304,0.6267060949904923,0.5245984368916264,0.5181338798415694,0.5124354010658746,0.6152129697614976,0.5116006623853933,0.5311902854954361,0.6297075701776612,0.640116203574004
278,0.6056953696833427,0.624141617485929,0.5192068154923931,0.5218854658374376,0.536947000092956,0.5908536487189777,0.5290575110622117,0.5199644168955199,0.6144059147340875,0.6021958747249696
279,0.6067199057576211,0.6244684653139949,0.5193133566139523,0.521403296475976,0.5386349191747435,0.5901918969520663,0.5289504888081817,0.5200937568147415,0.6140688835995818,0.601216288276543
280,0.6132776522018042,0.6262950529024655,0.5190697726755691,0.5213197616736788,0.5450058763276342,0.5849575042765173,0.5312284976024226,0.5184728578771906,0.612972359731482,0.5970952729952406
281,0.6168589754327559,0.6274694943219205,0.5192947948521228,0.5209162050255516,0.5492584895061012,0.5818413744328397,0.5323228300368881,0.5175880320040546,0.6127198806605332,0.5955060869527581
282,0.6173387638277593,0.6277186242351395,0.5198429230452282,0.52028752371111,0.551146780623479,0.5810637874217842,0.5322647565274744,0.5175208571947567,0.6128238707162451,0.5956263808599697
283,0.6177273741893637,0.6279401897455755,0.5204793770488352,0.5196375453083902,0.553052905162832,0.5802697451783295,0.5322253115405038,0.5174464840000074,0.612978628044591,0.5959192838908038
284,0.6237419377518107,0.6300907042111762,0.5210478284085567,0.5191441093867475,0.5600642270751482,0.5744858107874854,0.5345417287548221,0.5154963223458537,0.6134324204439324,0.5950265025991034
285,0.664402579735522,0.6451820918695719,0.5209722842632192,0.5194862980733856,0.5974956828447076,0.5358898224434284,0.5471747193871797,0.504510056505711,0.6238474080592709,0.599917110490533
286,0.6625665679504705,0.644494303732383,0.5222994994092064,0.518485078223992,0.5995011999667367,0.5353004866733322,0.5468585236452606,0.5039196495615582,0.6248565629144778,0.6035895863495259
287,0.6606257679526384,0.6437322493415094,0.5236700034570057,0.517490037366424,0.6014791182805874,0.5347295594822216,0.5465372696493896,0.5033540470725686,0.6258413349591971,0.6073465071482756
288,0.6585824455534073,0.6428956865685274,0.5250806969290482,0.5165033866466298,0.6034272777367845,0.5341781727100978,0.5462103438822791,0.5028150696974899,0.6267984154242118,0.6111808267648413
289,0.6647519974224203,0.6295386341970589,0.5239061674049229,0.5178524831387633,0.6284787763849095,0.4990362384159721,0.5459274896084503,0.5014956970786782,0.6321205506985976,0.6256816427535302
290,0.6612254465944895,0.6275633893863902,0.524993758960613,0.5168777686800912,0.6294183619480661,0.4994057821540534,0.5451502142163069,0.501441135407639,0.6321607157801024,0.6297494365998295
291,0.6577176638685958,0.6255651723087847,0.5260768951377243,0.51594160947308,0.6302968035086218,0.4998081627256615,0.5443556300525533,0.5014475353449958,0.6321422475796182,0.6337455860761875
292,0.654236235407381,0.6235479289650238,0.5271542261302334,0.5150451314554185,0.6311137251707407,0.5002429459331111,0.5435439495419404,0.5015152319510082,0.6320660720291567,0.6376661675763968
293,0.6507886673666335,0.6215155991223614,0.5282244747720916,0.5141893765965418,0.6318688526418446,0.5007096396062227,0.5427154239776917,0.50164443924851,0.6319332384001397,0.641507490761468
294,0.6444612350416371,0.6182344113076479,0.5305019849002744,0.5124422187560516,0.6331951019850274,0.5019861634288906,0.5413308156431684,0.5018002586041216,0.6318844277968345,0.6492527079333849
295,0.6411329810980986,0.6161662199775625,0.5315663760130221,0.5117090795276775,0.6337935977563334,0.5025192786824727,0.540461370623537,0.5020912481104065,0.6316084870302636,0.6528814846418284
296,0.6370871135869229,0.6124819872020257,0.5322400431802852,0.5114017280221954,0.6341977050844148,0.5027346665374886,0.5388732350306489,0.5030814784649013,0.6304563848472238,0.655580713216475
297,0.633952039708769,0.6104524131124127,0.5332345030202764,0.5107677191463688,0.6346143407753188,0.5033771146538047,0.5379597175533725,0.5035399902192194,0.6300432037531238,0.6589285624885375
298,0.6305646265769111,0.6076440699514903,0.5339936978994063,0.5104047836365446,0.6348196669723573,0.5039829366117539,0.5366408782574525,0.5044168286142141,0.6291327473838402,0.6616203509911383
299,0.6270433891750407,0.6041273828013994,0.534452585290161,0.5103626924951281,0.6346734435989213,0.5047367788488415,0.5348608775819739,0.5057814859066847,0.6276646038697724,0.6634170796626386
300,0.6243157824655877,0.602227812204173,0.5353281136037806,0.5098816938265625,0.6348266366342514,0.505533754263619,0.5338910542775199,0.5064885496710395,0.62708610801844,0.6663061417190246
301,0.620330395915862,0.5863813603539525,0.5251828361326534,0.5191846452268297,0.6144277613830398,0.5342732527874814,0.5110969675100172,0.5310304783970544,0.6108450170246137,0.6409475716051265
302,0.6210895455452667,0.5863938141332914,0.5251092603776715,0.5190268382426634,0.6137575801974509,0.5357865083793184,0.5101746689552128,0.5327969801674226,0.6105654759986117,0.641401364924328
303,0.6472605315072703,0.6121182557015833,0.5067195309397816,0.536740984786284,0.5683494338097117,0.6053683832200062,0.4886758722813895,0.5507755596147336,0.6467540521655251,0.6148065794984873
304,0.581082125999582,0.6217015968889618,0.523616428223607,0.5200804129124502,0.5535661612974302,0.6023761014397173,0.534666559190176,0.5147910936855482,0.6323158423324907,0.6092450233984104
305,0.5800794780843345,0.6213865552644006,0.5252412369283539,0.5191968739855808,0.5551429638937246,0.601398589254059,0.5349582813764082,0.5153871222106144,0.6309827131554135,0.6095060819250712
306,0.5605471123559279,0.6167420948635538,0.5506776648896192,0.5069335993603302,0.5861078537003699,0.5817266711690358,0.5413036991616978,0.5142064785576898,0.6167349896907244,0.6404443535882695
307,0.5581726438943488,0.6155734021242281,0.552838791181107,0.5062972316751964,0.5875219835964769,0.5812073087518447,0.5413224759310388,0.5148768888233634,0.6162768100200046,0.6433227129611312
308,0.5560084835321605,0.6167257364691286,0.5584673307960669,0.5019609692275523,0.6011341853826999,0.5713790793442898,0.5449248141721781,0.512460487747109,0.6149536425793599,0.664228165271802
309,0.5531308562886165,0.6151306700055563,0.5606240007430526,0.501575282915683,0.6023606607143543,0.5711354476389798,0.5446932081026413,0.5131385404473818,0.6146813335808294,0.6677673441913629
310,0.5502108987967979,0.613473756265575,0.5627845262554345,0.5012313017652889,0.6035423824696188,0.5709270845203788,0.5444468104565662,0.5138491714322765,0.6143887280073622,0.671352013852153
311,0.5596622154013944,0.6044339907239425,0.562829677049232,0.5032853825893703,0.6339875704792285,0.5363286065119097,0.5488089001209254,0.5130656018026046,0.6192331404649521,0.7230829243269252
312,0.5697633172054059,0.5870132540318591,0.5515695411720838,0.5169814443925417,0.6301625301251607,0.5304198756964951,0.5421703147508778,0.5202819899440612,0.6141192921614924,0.7046207285193216
313,0.5633272248145207,0.5817823524510328,0.5550464083762727,0.5172644448381888,0.6289738479525969,0.5331762950175576,0.5395353980094266,0.5240072705337593,0.611238828739106,0.7103782606957872
314,0.5618167798723871,0.5796360969379891,0.5557737453378696,0.5178545672550008,0.6282889916861306,0.5341080646478003,0.5384204441229886,0.5254992373826955,0.6101788220455644,0.7111486926323566
315,0.560437729834559,0.5775157502140204,0.5564786696377118,0.5184681551161767,0.6275813659049659,0.5350331106814837,0.5373086475182076,0.5270171029669756,0.6091373863305344,0.7118156984591659
316,0.5591906179782156,0.5754224277168261,0.5571609250273382,0.5191037058055014,0.6268536673870617,0.5359501339264338,0.5362020877040786,0.5285585058877894,0.6081172869136418,0.712380370817134
317,0.5665419099152295,0.5686700842349878,0.5513044456771847,0.526020004353589,0.6221794301711182,0.5387912942090611,0.5316716627281372,0.5328611170013432,0.6075014683794829,0.6956120891405297
318,0.5661517337866365,0.5669631906918264,0.5516980447587455,0.5265854966291812,0.6214137171857129,0.5397591152691162,0.5306930463489059,0.5345106630648216,0.6068247778544578,0.6954606465959099
319,0.5658924495183179,0.5652878564188937,0.5520711188039384,0.5271604446925434,0.6206501015388028,0.5407115712596579,0.5297334995644493,0.5361733705333951,0.6061872922753807,0.6952184788573798
320,0.5657614533210725,0.5636439167209828,0.552423796351242,0.5277433057009314,0.6198913891766271,0.5416475420774924,0.5287955057053377,0.5378468615809846,0.6055901481535672,0.6948868033539586
321,0.5657557650857746,0.5620310948082411,0.552756229088882,0.5283325310798558,0.6191403609498646,0.5425659370845352,0.5278815787338108,0.5395287969288497,0.6050343050855048,0.6944668073722156
322,0.5819258420113357,0.5556058824535132,0.5415612447273511,0.5390475500596279,0.6120656923611303,0.5515201775639155,0.521896084160022,0.5444785241427492,0.6115404613939603,0.6608144035895375
323,0.6107708718884826,0.5523010697964044,0.5185003026873184,0.5582315365082081,0.5986959319270473,0.5808622593328582,0.5148881501199474,0.549898056352986,0.6428208238678905,0.5962069141125422
324,0.6126497641079645,0.5520121484773235,0.518194342252394,0.5577959029010635,0.5988529007759021,0.5815192825382137,0.5153234648421905,0.5519001547538954,0.6435557214134319,0.5937088252193597
325,0.6145479976638601,0.5517196730112826,0.5179046742595924,0.5573373753942459,0.5990553873084257,0.5821293586623876,0.5158165928604697,0.553915062519365,0.6442448611625528,0.5911350879012438
326,0.5923722075337067,0.5673259204675267,0.5038673816482977,0.5684262148707429,0.5589896734312263,0.6284908618414178,0.5311437424335466,0.5431888368127138,0.7152974544340588,0.5302724168911768
327,0.5926490527238845,0.5672385823909324,0.5048877904140148,0.5667546365358548,0.5598626212362643,0.6273317493913079,0.5329181344423248,0.5453742802667916,0.7126693936767888,0.5273678937867516
328,0.5758304049550423,0.5714875680496136,0.5117317387673347,0.5605585172761954,0.5548538339187136,0.6238809069292516,0.5392349656729089,0.5427437293473488,0.7027831832956078,0.5290666974269231
329,0.5755199526528773,0.571333785333577,0.5131227925639289,0.5588701769575032,0.555668850716452,0.6226596907668358,0.5408762444194044,0.5448065183700253,0.6997157172410123,0.5270505117418961
330,0.5172069818527469,0.5897637934669591,0.5418759193460201,0.5335153389637675,0.559140868562064,0.6064996289275575,0.5553572962219204,0.5314475462988768,0.6444810105740877,0.5781778914593663
331,0.4952539017293614,0.5977200970364309,0.557652773621573,0.5200683534429742,0.5754568238644294,0.5983684294101074,0.5601901362811611,0.5290966669061027,0.6164478469772244,0.6279448313003877
332,0.48581052432361216,0.59945995176088,0.5732423702280701,0.5087699200770668,0.6070895521223131,0.5819113258411012,0.5614675891070108,0.5343548183320951,0.5924414922424696,0.715041824224722
333,0.4830104308843638,0.5968090007511658,0.5752102025088494,0.5094203352691724,0.6070800097534507,0.5827877959848848,0.5602196771820234,0.5358453736873281,0.5911106403395072,0.7181388906180077
334,0.48027172183569955,0.594121290475571,0.5771701835916399,0.5101167804189226,0.6070185535917344,0.5836709584205012,0.5589518523944533,0.5373627540049354,0.589740062206904,0.7211671088984724
335,0.4775986215301127,0.5913994421416207,0.5791210171511553,0.5108587065061164,0.6069059507535233,0.5845582196608445,0.5576647443902185,0.5389057661617942,0.5883310136919561,0.724122732000208
336,0.47499522858151516,0.5886460649702966,0.5810614043513221,0.5116454568214408,0.6067430802542633,0.5854469960041454,0.556359064455043,0.5404731620322172,0.5868849486857499,0.7270022077843828
337,0.4748919414788586,0.5845473195776562,0.5830825091153184,0.5128193272056586,0.6090295777087039,0.5834707681043075,0.5542347915731575,0.5436060209527048,0.5843315460876691,0.7365015828945882
338,0.4725905144507522,0.5816933074189833,0.5849051282627713,0.5137847327810783,0.6086715878367333,0.5843432636377548,0.5528223148543036,0.5452433706874027,0.5828032593044431,0.738955659742039
339,0.4703790806765893,0.5788214242005829,0.5867111394154946,0.5147885884046072,0.6082699088498934,0.5852044320262246,0.5513970454831411,0.5468984727173635,0.581248805352814,0.7413165282845263
340,0.48339000829551054,0.5686352480879586,0.5843741811865518,0.5207323374843794,0.6124683335310145,0.5746297189400067,0.5458668126179003,0.5539872726143426,0.5796870746057954,0.7508014371670368
341,0.5122356748351189,0.5526124608246284,0.5711175188309535,0.5342206443735112,0.6116796180778381,0.5620763431153476,0.5384046215437098,0.5600952543063148,0.5870515472908701,0.7247028760555995
342,0.5123286886549598,0.5502907621778994,0.5716942307506694,0.5351476993606563,0.6110633637889459,0.5626013270342927,0.5372432194761957,0.5616777610357794,0.5863365352779911,0.724043821582999
343,0.5125277372111047,0.5479914831726931,0.5722433754970272,0.5360657512611079,0.610474164091537,0.5630906785484749,0.5361162354338225,0.5632424637578864,0.5856748984304314,0.7232956222268913
344,0.5401802903251833,0.5350455220841376,0.5557928722742942,0.5487217419801351,0.6095003715402089,0.5596793075989179,0.5322298383451479,0.5645334761927906,0.6023134173651992,0.675939690100562
345,0.5412958141468157,0.5333273318742947,0.5558083235058369,0.5490719484188492,0.6094624814906981,0.5599916773798762,0.5318071879007794,0.5659564849463145,0.6025627553745702,0.6739825420432264
346,0.5760388599532699,0.5193927353892642,0.5285126585170781,0.56658487278779,0.6120918398848635,0.5700695719388507,0.534246746969543,0.5620195018857098,0.6443645897945072,0.585657989956946
347,0.5775882025448675,0.5184935976394744,0.5282276910420527,0.5658513220438449,0.6131061504360339,0.5699931951979473,0.5351375112647203,0.5635233939576336,0.6452472518363596,0.5823911696459362
348,0.579128784459931,0.517610567269402,0.5279560910314702,0.5650818049379784,0.614175565776667,0.5698669877978435,0.5360927325785787,0.5650316078308395,0.646083866079063,0.5790691218097382
349,0.5806556464718844,0.5167443028672342,0.5276985813275117,0.5642764357084292,0.6152980345155423,0.5696908581793373,0.5371127254937014,0.5665446879651982,0.6468699188807011,0.5756934480228136
350,0.5821639863479069,0.5158955442048819,0.5274558475415126,0.5634353638344868,0.6164713397026755,0.5694647926781379,0.5381976569147463,0.5680632729068428,0.6476010186407074,0.5722658846666057
351,0.5905708926069316,0.512093251143516,0.5151373290786286,0.5697972968665432,0.6194813282366098,0.5813344544841915,0.5475343174607881,0.563826815657238,0.6784583419729423,0.5186423868245958
352,0.5916657047635292,0.5117111211612236,0.5150944615866796,0.5682873408395945,0.6210193247334472,0.5806531085371812,0.5493866885268421,0.5656816663623158,0.6784766932253,0.5147976640444109
353,0.5926537266525752,0.5113505075305669,0.5146370648163993,0.5670134697643551,0.6225261309418737,0.5805785356343919,0.5518081205196592,0.5672362210877946,0.6798048555841946,0.5086808790656242
354,0.5685314371442199,0.5212090729360015,0.5094173518998522,0.568832881429904,0.6083714675917209,0.5990473397583631,0.5721680140488128,0.5551113243791392,0.712618956446772,0.45797738745662137
355,0.572309820385166,0.5201730178989642,0.5122279745746415,0.5581095375857754,0.6168735694661309,0.5914495022711155,0.58153298523045,0.5689331021754429,0.6994586402974875,0.44530797312571885
356,0.571956995943533,0.5204492506597759,0.5129507188990964,0.5558460006955138,0.6178142610516586,0.5902901459159653,0.5837228575656647,0.5714594684080935,0.6967819019350008,0.4426637256061353
357,0.5715453787747687,0.5207406449431636,0.5136928297006743,0.553577717168372,0.6186999193164878,0.5891538275183816,0.5858958936698596,0.5740137474618362,0.6939959022916085,0.4401048527312665
358,0.5710752171612866,0.5210468108201296,0.5144527086329866,0.5513072589683219,0.6195286296021425,0.5880446521828337,0.588049672259372,0.5765935276308924,0.6911040701701545,0.43763516299593236
359,0.5705468124691815,0.5213672893934356,0.5152287654499705,0.5490372517317903,0.6202986129358251,0.5869667253707938,0.5901817905696474,0.5791962538187205,0.6881099101085116,0.4352582706110837
360,0.5699605148859167,0.5217015533105106,0.5160194224230821,0.5467703709676421,0.6210082260560905,0.5859241415215373,0.5922898684262139,0.5818192296008335,0.6850169907358372,0.4329775825023228
361,0.5143237867724749,0.5487279926160717,0.527764384378222,0.5360563522487225,0.5849718312133666,0.6014407520001878,0.5984352971829808,0.5698437103878895,0.666830798250555,0.4628287261429384
362,0.4795895343548681,0.5641094218445618,0.5361707193897074,0.5294627891201313,0.5659503208081622,0.6118746276832678,0.5972101357547194,0.5646780079905874,0.6442163231018401,0.5009841469699252
363,0.47746350474537413,0.5637431461463823,0.5374036664422682,0.5283084474981248,0.5654931552195207,0.612836858960981,0.5975820799029798,0.5663211506703959,0.6409686905136066,0.5028590261453689
364,0.41029139683890586,0.5899063456002941,0.557581886479931,0.5241093111144275,0.5485640849474771,0.6440171600875062,0.5855259138556244,0.5719389102598627,0.563277575751009,0.6510693331211727
365,0.4085876293504094,0.587611231106571,0.5591786290549164,0.5249680060346943,0.5479413086240501,0.6462934945464561,0.5835230826618862,0.5735224237138649,0.5612162646107928,0.6537394904200794
366,0.4069704013450627,0.5852687782443756,0.5607892281850415,0.5258593322809001,0.547294654662862,0.6485554834825786,0.5814731216955589,0.5751126597391877,0.5591503188509898,0.6563456336032287
367,0.41866576409253936,0.5782362270045449,0.5625988003094559,0.532804017118776,0.5599970293788024,0.6435336684241857,0.5730250290994627,0.5892539838692592,0.5396456433697426,0.6959983946235215
368,0.4184540146444779,0.575495956129904,0.564024934540178,0.5340174173583452,0.5595374184726187,0.645097492414887,0.5703167414787975,0.5910109394794018,0.5381373010196953,0.6971347035717798
369,0.42698540500025506,0.5697024187281708,0.5639476998252257,0.5371110880267125,0.5640930956671089,0.6408491789712435,0.5656479552459871,0.5954318617406967,0.5360482689778775,0.7011562025218855
370,0.4527721486909439,0.557609477758555,0.5593075754836084,0.5423622509099842,0.5769569835503842,0.6240239582141223,0.5586462023151157,0.6007270014480296,0.5402938226583883,0.6965986557533365
371,0.45393497352412876,0.5549294828914356,0.5602653399918276,0.5432638072893717,0.5771037706413097,0.6245752977281059,0.5561308863577826,0.6021648326507969,0.5395959415161504,0.696070496499857
372,0.5204569958149574,0.5240764175943552,0.5398926096474755,0.5501278057498293,0.6136323713251619,0.5765399498375791,0.5514933365062058,0.5989949173713307,0.5785749580151083,0.6312895879126521
373,0.5223743744216903,0.5220167235130413,0.5401084955913601,0.5498453053694212,0.6151466002066329,0.5759531411616862,0.5506848400672575,0.5997734339048124,0.5788463784415955,0.6287036678222371
374,0.5242934093004091,0.519975783907831,0.5403167749853457,0.5495286448420741,0.6167302436647256,0.5753030421871765,0.5499644213906574,0.6005092511658287,0.5791296500294455,0.6260668630029372
375,0.5262093991607604,0.5179550522114963,0.5405175357164653,0.5491775625979611,0.6183819009369466,0.5745898889288674,0.549334466165895,0.6012036932091862,0.57942164524828,0.6233808869032196
376,0.5297403846351364,0.5150983786207688,0.540089781185337,0.5488286520878042,0.6213399947778175,0.5724892721491036,0.5491102614342551,0.6015380174920829,0.5812662069768796,0.6179288200463853
377,0.5637402483051552,0.49382705884309414,0.5257914539430566,0.5484052230810489,0.6536355628586876,0.5453988035203781,0.5641149995768048,0.5935751254057238,0.6223637881091408,0.5368974148210526
378,0.5443609605421916,0.4999833318482839,0.5168243572324202,0.5427723636150129,0.6574420394531585,0.5608780722544224,0.6172891943116628,0.5741397918217137,0.6793911356800735,0.40666908537752805
379,0.49608221465213803,0.5262059388609869,0.5245463714530791,0.5350399803854594,0.6140857663597319,0.5925085034305098,0.6188054435097713,0.5655406104801718,0.665814337803505,0.4348723903707692
380,0.4944265035384378,0.5265101046397245,0.5251008735669075,0.5328328929941079,0.613678830769247,0.5933099320111034,0.6196486313078348,0.5676197067469432,0.6624259429055703,0.43576507405830806
381,0.4927418224832115,0.5267831494824124,0.5256591305986853,0.5306738611033626,0.6131957112340463,0.5942206058655994,0.6204334261563502,0.5696896868463457,0.6589895909540975,0.43675699117450206
382,0.4910296667131125,0.5270237160861709,0.5262209717865426,0.5285659420564365,0.6126367077767501,0.5952405475384412,0.6211587983892549,0.5717475053159407,0.6555075491283346,0.4378452590724044
383,0.48978791715401976,0.5240923044102052,0.5275856805132652,0.5192079525731909,0.6167177998601192,0.5954052207149849,0.6260658359848114,0.5832134098107884,0.6410133843294191,0.4356351013557478
384,0.48801291529622526,0.5242294293642739,0.5281319941869284,0.5173036810924907,0.6158317399923096,0.5968623424944822,0.6265807630567866,0.58524997979794,0.6372881633472139,0.4369857583757515
385,0.4862175240285011,0.5243303544490399,0.5286798563205336,0.5154671461522468,0.6148703543727007,0.5984243699721074,0.6270310013529368,0.587256065825115,0.6335289863749366,0.4384159850186446
386,0.4805522455938086,0.526267437786811,0.5299652181146328,0.5135338725955305,0.6096368620889095,0.603662364274914,0.626161340012331,0.5885412213195785,0.6278383877127133,0.4445254581026462
387,0.4612025603207162,0.5343316419030684,0.5338317921531638,0.5117202229219141,0.5892989664326982,0.621960060388804,0.6195885936584642,0.5873635674539315,0.6142992956311965,0.4686922049909185
388,0.45919003661592794,0.5314208000786194,0.5350860306490302,0.5084379478209596,0.5890902217597922,0.6254304648309755,0.6205730898602068,0.5924963783106902,0.605426716953444,0.46998984293906243
389,0.4572491837079904,0.5309758410712476,0.5357455332612743,0.507453644696551,0.5874771695350375,0.6279430445963102,0.620239856262522,0.5939453533205385,0.60163889835341,0.47218231870167576
390,0.45531631339080497,0.5304822945949207,0.5364123053549961,0.50654764043119,0.5858020641878162,0.6305254758193612,0.6198382923803478,0.5953428548817897,0.5978458883976304,0.47440352721963547
391,0.453394006004721,0.5299399483982434,0.5370864426565513,0.5057203757045168,0.5840659609942478,0.6331731805176211,0.6193682468865802,0.5966871848501974,0.5940504954183979,0.47664881722295516
392,0.4514848764578313,0.5293486524980375,0.5377680082587372,0.5049721064657734,0.58226996921912,0.6358814082579046,0.6188296279326875,0.5979767724856614,0.5902555988012672,0.47891354832625543
393,0.43463999742785275,0.534726733080959,0.5411351019372211,0.5059288305564755,0.5623559986471135,0.654639171563133,0.6093422932455155,0.5963152059941079,0.5763736717560288,0.5023650967855241
394,0.43281609683675276,0.5337632277701357,0.5419153348817983,0.5057087364275881,0.5603372028624576,0.6576381469234535,0.6083206497998982,0.5972109479346794,0.5727688205054439,0.5047709485558288
395,0.4316846892165038,0.520422807335928,0.5461690933850923,0.503187406880447,0.5590356838800041,0.6677491703447714,0.6077493360492923,0.6057826464611831,0.5531391137849797,0.5055865196528011
396,0.42171993413791004,0.5221685992350851,0.5483045287732862,0.5053214117851933,0.5448141565416978,0.6808900359199564,0.599364325737078,0.6043430200079054,0.5434267166084409,0.5197828978376839
397,0.4203208374551297,0.5207880930376907,0.5491364976854977,0.505681593235704,0.5424093021812167,0.6839047427055014,0.5977683420493346,0.6047402633903909,0.5400885951469155,0.5219005804045608
398,0.41898085933162893,0.5193617055796849,0.5499725828771483,0.5060983511873549,0.5399764544333356,0.6868946374493979,0.5961100017263704,0.6050836708323637,0.5368017281987015,0.5239713970285259
399,0.4080072574686773,0.5169176393467642,0.5534501553464511,0.510504301805399,0.5215569253764268,0.7045636054399185,0.5828444910616732,0.6033438230736514,0.5218041697897758,0.5406721907066012
400,0.4070830161328809,0.5151730270912919,0.5543153185399469,0.511252913900697,0.5191198927783026,0.7073344732094032,0.5807488379555482,0.6033635464164419,0.5189685666414213,0.5424140684831895
401,0.37801883272185965,0.5207322619856984,0.549304762457217,0.5292814444798223,0.47895688497773775,0.7365115646260086,0.5394943968795896,0.5947202866378104,0.4906967655572101,0.5866494233695413
402,0.3784990408772074,0.5183781666507705,0.550009308138342,0.5302141933072632,0.4779869026055962,0.7384303331006543,0.5362563547200254,0.5946538770168572,0.48954474708099144,0.5871685356926799
403,0.3771574013455656,0.5162498566871117,0.5467163581321525,0.5345399285492864,0.4775677953679273,0.7396845277453272,0.5271897591782319,0.5942695411213683,0.48605073466051124,0.591703133482481
404,0.378138647924466,0.5137966684460145,0.5473007200810822,0.5353062653914066,0.4773145314628565,0.7411942031549079,0.5237002820380172,0.5943255448607965,0.4854746310523973,0.5917405840609236
405,0.3792122727839253,0.5113209693651312,0.5478672070032371,0.5360412217189284,0.4771691239842175,0.742601996874381,0.5201846299051989,0.5943847374761705,0.48500066310782486,0.5916895315713177
406,0.38037632308508784,0.5088240420735067,0.5484146335940768,0.5367435287076816,0.47713526182182253,0.7439075363681469,0.5166470452625638,0.5944461495556572,0.48462871778332256,0.5915505077944011
407,0.3816286899466731,0.5063072077758101,0.5489418318135924,0.5374119763336951,0.4772164938925141,0.7451106134983159,0.513091885196661,0.5945087251084529,0.4843584554183249,0.5913241395708525
408,0.38296711503807007,0.5037718290929991,0.549447654472237,0.5380454137349098,0.477416214623693,0.7462111731585263,0.5095236121760692,0.5945713255451215,0.4841893089887819,0.5910111478395086
409,0.3843891975749799,0.5012193128393944,0.5499309787415028,0.5386427493536943,0.4777376495940759,0.7472093013893589,0.5059467842928842,0.5946327339993259,0.4841204842779174,0.5906123468847598
410,0.3905511849914226,0.49119056433821784,0.5540078375834059,0.5396551557837963,0.4769395616926725,0.7524074783496641,0.4939462483289195,0.5945677742507645,0.48445814717776836,0.5885864352211978
411,0.40884539023689226,0.46606023403222224,0.5647916533335733,0.5408475264016082,0.47502103201115947,0.7625434668765858,0.4681742714187512,0.5928911029716175,0.488187860657138,0.5821543627414371
412,0.4109457366313615,0.4633789867154869,0.56510498748381,0.541178214165549,0.4761934759194743,0.7624569501353118,0.46501598616313783,0.5927174650451562,0.48896292685058074,0.5810371228868547
413,0.42737936343812666,0.45342497517742003,0.5174877526749491,0.54495690903992,0.584325072921166,0.687463044226407,0.45687687924584214,0.5922928501848598,0.5147873093018702,0.5374856728683154
414,0.4296842562272123,0.45145294811043757,0.5167304464151461,0.5436522370890724,0.5888720644808914,0.6857928463966239,0.45467131847482245,0.5919754999077971,0.5165223405715575,0.5352997039498933
415,0.47263010807546285,0.4532246493251123,0.45280393700580024,0.5340377943102121,0.7598099493939398,0.47399181219338005,0.5307365460162516,0.547141611197305,0.5701169395980825,0.4261660072903059
416,0.4803867359003214,0.4575571364868017,0.44937444769898727,0.5269195278725052,0.7763797017625866,0.4425537114590583,0.5507477713681105,0.5342424938149855,0.5759349104251162,0.4109781852026605
417,0.48085083804886486,0.4582437398738112,0.4483137688922433,0.5217652043587521,0.7796249194303876,0.44067599835298465,0.5519644787577332,0.533672720385233,0.5756629837701692,0.41064583013440004
418,0.48127526786066127,0.4589654587979314,0.4472440424918984,0.5165973004090212,0.7827769562600805,0.4388542670725216,0.5532057354574866,0.5331474751959997,0.5753078676882168,0.4103960227925569
419,0.4816601890379384,0.4597206087458697,0.44616513799651886,0.5114223062665344,0.7858358777991915,0.43709316573495444,0.5544701266787805,0.5326700102994433,0.5748698874642668,0.41022869196876094
420,0.487419136416355,0.4720115596979116,0.4549122245739185,0.49795636201852644,0.7836726509109596,0.44080336478904564,0.5962376541116151,0.5212318057085054,0.5740950919080602,0.4099755355485479
421,0.48704846143257147,0.47290748642991154,0.4541056587999117,0.4927595060185641,0.7851100502613511,0.4421527298809893,0.5974527949802518,0.5222485769338223,0.5724272621671568,0.4112869500256884
422,0.486659516072813,0.4737924600160076,0.4532973098922257,0.4876469955943946,0.7864490377598363,0.44362115814391834,0.5986422238762356,0.5233433748324018,0.5706967982556208,0.41264893007567116
423,0.4862535622446344,0.4746645844827632,0.4524873824214474,0.48262537111196785,0.7876902192636662,0.4452083629778996,0.5998049711008301,0.5245154376541741,0.5689055472446185,0.4140588742250181
424,0.4858319097878177,0.4755219940508542,0.4516760706047229,0.47770096283837016,0.7888341356486464,0.4469137950772304,0.6009400620696644,0.5257638057562761,0.5670554352297101,0.41551412580030933
425,0.4853959158702542,0.47636285537848255,0.4508635558591019,0.4728798757253402,0.7898812535784838,0.4487366397957326,0.6020465190802923,0.5270873250988007,0.5651484670182882,0.4170119799572898
426,0.4849469841669771,0.4771853696892111,0.45005000456342414,0.468167975144962,0.7908319572646617,0.4506758153265326,0.6031233631758944,0.5284846514883512,0.5631867258462715,0.41854969073029746
427,0.48448656381448385,0.4779877747843153,0.4492355660424037,0.46357087362636357,0.791686541268449,0.452729971719089,0.6041696160984736,0.5299542555459344,0.5611723731050527,0.4201244780730024
428,0.4833235776356855,0.47989419811124284,0.44565106063184384,0.45076959467797917,0.7959663848083232,0.4545689556703129,0.6052438744228639,0.5337590343179522,0.5555671337830907,0.423211796886902
429,0.48285144363593596,0.48063828459659,0.44480945854109344,0.446600967266127,0.7965606102452403,0.4568897957542414,0.6062147707768887,0.5354347337593979,0.5534080178249404,0.4248643379013091
430,0.4823734599761238,0.4813559052666386,0.44396671178619745,0.442568759753434,0.7970605787678043,0.45931906393569866,0.6071519655754276,0.5371756634966925,0.551205471166304,0.42654310415323937
431,0.48189126169323987,0.4820454968851639,0.44312287419265056,0.43867709950235284,0.7974660362092071,0.4618542189110313,0.6080544248885628,0.5389794646166888,0.5489620407514592,0.42824526295421345
432,0.4668420288578911,0.4762259828149072,0.4653329476770969,0.44029851838853645,0.6958589622908716,0.6212190592189003,0.6162598308039017,0.5719128440903838,0.5247225391475883,0.48531384520276544
433,0.46415101556481303,0.4734871501610866,0.46765994987321235,0.4407154769228203,0.6733095658015175,0.6456400692777422,0.6113999083172207,0.5764814755177786,0.5193444730761106,0.4946136336623392
434,0.4641171800661252,0.47277547827308347,0.4674794502115137,0.4397078809952833,0.6699075164396577,0.6492610836444564,0.6102559140849586,0.5778690904710969,0.5171725957211866,0.49614477981529465
435,0.46414234092519785,0.47201462803135874,0.46730344639445504,0.43881146483562766,0.6664070930735091,0.6528025749806248,0.6090805977931462,0.5792258959643313,0.5150582677401383,0.497622308672606
436,0.4642276326522432,0.47120478685970546,0.4671307560962059,0.43802369060565455,0.6628107582047054,0.6562595917921662,0.6078755017192741,0.5805509086586104,0.5130046213858421,0.4990448875058091
437,0.4643740693940504,0.47034619338101047,0.46696016580224764,0.4373418861661782,0.6591211748730119,0.6596274453493345,0.6066422023671589,0.5818432595071779,0.5110147132222773,0.500411270916392
438,0.4645825407810859,0.46943913760883754,0.4667904358139758,0.43676325759563767,0.6553412124541821,0.6629017226623651,0.6053823086905123,0.583102194428484,0.5090915156167668,0.5017202997331
439,0.46485380812738114,0.46848396121910085,0.46662030535806504,0.43628490172492973,0.6514739516337809,0.666078298378792,0.6040974602191986,0.5843270745296593,0.5072379082702132,0.5029708998770007
440,0.4492143913299714,0.42479440981577676,0.4595758025725065,0.4641958157600735,0.41060941697430414,0.8060259080494554,0.49213053350177893,0.5803177496930502,0.4935619453997205,0.5478588807342035
441,0.451473614851976,0.42310482708646513,0.4595086134668356,0.4643574446317106,0.4103360259471998,0.8068584158941778,0.488636625594814,0.5794401692386583,0.49464157036808365,0.5466525905790713
442,0.45375860839961774,0.4214133917487585,0.4594290061560557,0.4644879204064231,0.41023359388702557,0.8076206068958984,0.48517573565614425,0.5785557560383118,0.4957929940616057,0.5453850311903827
443,0.4560660347087859,0.4197220315368372,0.4593364296404542,0.4645866110991843,0.41030378296005854,0.8083146171156578,0.48175275865618106,0.5776638427505008,0.49701185967211914,0.5440584838400327
444,0.45839253647908185,0.4180327163938259,0.4592303615335772,0.4646529307454013,0.41054791816678815,0.8089424932928396,0.47837255020888547,0.5767637233014348,0.49829371797452987,0.5426753334494749
445,0.4607347438039216,0.416347456548276,0.4591103088674584,0.46468633818121124,0.4109669801732299,0.8095061756662727,0.4750399134738763,0.5758546582550138,0.49963404174854503,0.5412380685483859
446,0.46308928145013045,0.4146683003554745,0.4589758087936413,0.46468633586152797,0.41156159927105346,0.8100074816467951,0.47175958614152247,0.5749358802762207,0.5010282404113543,0.5397492809395098
447,0.4654527759609025,0.41299733190261106,0.45882642918238586,0.46465246873034405,0.412332050508577,0.810448090432755,0.46853622755239505,0.5740065996626132,0.5024716747968317,0.5382116650400262
448,0.4701930868635991,0.4100144968212099,0.459149161088714,0.464371823045544,0.4137321072262931,0.8110206409040666,0.4633984120268343,0.5722961665327994,0.5052494135283203,0.5355668829018985
449,0.47244460757172824,0.40568951283818777,0.44383046889260575,0.46468464246292934,0.4533931978167592,0.803884358171584,0.4462507846509769,0.5676310729509082,0.5116599918808512,0.5186026106459546
450,0.4746426677232062,0.404567048077769,0.4434200928959822,0.4638623299859542,0.45715527259261424,0.80384538023434,0.44319257827596875,0.5665708039786879,0.5133645565973514,0.5167092151485094
451,0.47681021090049,0.4034811680824827,0.4429963513277277,0.4630000405464681,0.46104317172055165,0.8037216100804264,0.44022015703070394,0.56547956958359,0.5150620253685056,0.5148106131675267
452,0.47894467025122267,0.4024337473371325,0.4425592552961071,0.46209818695975646,0.4650515369639254,0.8035113579644855,0.4373372141597311,0.5643562568449868,0.5167482496446117,0.5129105930719063
453,0.48104355233044155,0.4014266324709069,0.4421088397281636,0.4611572313138012,0.4691747995750258,0.8032127961827852,0.43454724272217105,0.5631998521925301,0.5184192312698412,0.511012972925291
454,0.48310443911761525,0.4004616377300053,0.4416451635363109,0.4601776866990048,0.47340719762277356,0.8028239676806321,0.43185352709596936,0.5620094457209918,0.5200711318362216,0.5091215926860241
455,0.48512498974771256,0.3995405404190239,0.44116830978090743,0.45916011896528164,0.4777427940341347,0.802342795894173,0.4292591352088349,0.5607842350205547,0.5217002812130619,0.5072403060239672
456,0.48020448537644556,0.44255120734348274,0.40152020169485625,0.4473197990743201,0.7076621370030317,0.6165716522164477,0.47113847613065885,0.5338903206608985,0.525173471708267,0.46095413127082807
457,0.48061866939596076,0.4436497020417012,0.4003486488095994,0.44364922987473954,0.7117443682561752,0.6128048858438401,0.4702432312368203,0.5320838867781827,0.5258625109306987,0.4607672899474816
458,0.4809781199473208,0.44478883319252677,0.39917289640352055,0.439984795407729,0.715761887863687,0.6089467607982172,0.4694141717019655,0.5302530438912192,0.5264896731378125,0.46064867583579444
459,0.48128300545375813,0.445967098641276,0.3979936009173237,0.4363315352325391,0.7197145360437542,0.6050014479943076,0.4686505764987504,0.5284008981080993,0.5270547546650767,0.460598477516685
460,0.48048503397074765,0.45492370396104054,0.3946841412568464,0.43124972081426366,0.7418805984635436,0.5708266202202791,0.47635385612944375,0.5215244617796894,0.5265592749579318,0.45929323401030314
461,0.48053132246884284,0.45628789015127635,0.39344149290487884,0.42740030806270435,0.7454009104996512,0.5667479556464021,0.47595726534229676,0.5196797199102626,0.5268747331270341,0.4596166641197836
462,0.48052735838953886,0.457679629579547,0.39219867549725795,0.4235885607688702,0.74886058945414,0.562624109960545,0.47561441773977253,0.5178334114248605,0.5271279672835008,0.46000429994379566
463,0.480473790671196,0.4590969492900706,0.3909565566441231,0.41982017890124956,0.7522610417070384,0.5584608913223794,0.47532386830501516,0.5159888975317527,0.5273192101010066,0.46045522690708035
464,0.4803713386933182,0.46053783304568624,0.3897160437363254,0.4161008602086376,0.7556038034651936,0.5542642947096065,0.47508406804733666,0.5141495197774643,0.5274487561080395,0.46096838520736383
465,0.480220793359781,0.4620002246873073,0.3884780834450972,0.41243628631703894,0.7588905223443583,0.5500404890074149,0.4748933702242632,0.5123185880597223,0.5275169562367261,0.46154257404220295
466,0.47438788865280124,0.5052050978039367,0.38380445675393327,0.4033110294143838,0.8272197155726599,0.41898334212263344,0.5219637605200367,0.48487202244935046,0.5137806485479487,0.4756409464489364
467,0.47332155830797024,0.5175720100209319,0.3849029949613794,0.3981996728683337,0.8413733138167814,0.41436774160432155,0.5405381616944253,0.47817158613081717,0.5047586263149264,0.48890742546602395
468,0.47403640827736554,0.5204468477042941,0.3881918750092935,0.39482077202547844,0.8389431667521088,0.45313602459933006,0.5535030039918776,0.4791297372323808,0.4960615083605868,0.5035569183202488
469,0.47375194143020144,0.5207504867022358,0.38708974877158814,0.3916327453821873,0.8392862399989306,0.4572107065136163,0.5540270744602547,0.47982604383722577,0.49493696868367226,0.5051463325669558
470,0.4735122828325563,0.5209922999405093,0.38601175584514047,0.38861693879750187,0.8395234063957281,0.46135031418100153,0.5545268166060896,0.4805712848698101,0.49380672180185453,0.5067077116790385
471,0.47331967357563687,0.5211714311613018,0.3849579566101126,0.38577466993599857,0.8396518533376685,0.4655486585614978,0.5550026139741054,0.4813642145751966,0.4926730712366279,0.5082400341233743
472,0.47317627190476974,0.5212871006235762,0.38392839251708055,0.38310694663212186,0.8396687215235961,0.46979943548869874,0.5554548799887765,0.48220352964384416,0.49153835299744125,0.5097423306375352
473,0.4730841459156689,0.5213386048590359,0.3829230883086578,0.3806144741256375,0.839571123627798,0.47409624362455727,0.5558840573978721,0.4830878746370648,0.49040493186679474,0.5112136819644142
474,0.4735083659538157,0.5203776983043844,0.38245123006069986,0.37854211957305683,0.8368683694932202,0.48538492795862875,0.5570025528222832,0.48498704578187063,0.4886607743496224,0.5140618279049156
475,0.4733098515304113,0.5209680807543583,0.3792757069674761,0.3725164786853647,0.837846377712026,0.4917228506369631,0.5574073826665157,0.48695913571196203,0.4859034708629797,0.5167866357710771
476,0.47770587743427395,0.5107057691255154,0.3806485240849595,0.3728126894989061,0.8128091529210225,0.5419082899321768,0.5593290404197288,0.4963601269823144,0.4829866037254484,0.5255690990079112
477,0.4850006777199594,0.491230986382773,0.3821389301972186,0.37448245300030986,0.7586063613578948,0.6082941192402616,0.5557238000395489,0.5100102916443632,0.4837377778789321,0.5346623709501847
478,0.4867411296789497,0.48847201673826857,0.38170729559046146,0.37410414386061785,0.7502927266040169,0.6161363150823916,0.5548584547769564,0.5119631596179752,0.48371323048826764,0.5358306395707689
479,0.5032729591928468,0.43676887215256416,0.38221660659607043,0.37888687374911456,0.5845939040157776,0.7241789061286611,0.5276259806989637,0.5359937867187724,0.49994738468552197,0.5444465190202239
480,0.5055341944040104,0.43490893556377896,0.38201069894015593,0.3790320943612545,0.5787733926139732,0.7253889386017013,0.5264380617850508,0.536151383884205,0.5009452234713752,0.5441029593715409
481,0.5078332588819368,0.4330214616456467,0.3818134092769249,0.3792307819082062,0.5729617218213179,0.7264752635356088,0.5253037232838489,0.5362962789387602,0.5020105717832928,0.543696940565939
482,0.5101669736263096,0.4311084815466942,0.3816238838565457,0.3794804497448819,0.5671662928980787,0.7274416743691984,0.5242255441095945,0.5364291074347506,0.5031412018875951,0.5432289473540507
483,0.5125320772235634,0.42917208217297376,0.38144128277350997,0.3797786255074637,0.5613945150449787,0.7282921641234937,0.5232060186036632,0.5365505300690023,0.5043347599387125,0.5426995530343537
484,0.5149252344195168,0.42721440451857673,0.3812647810799008,0.3801228527676375,0.5556537859303174,0.7290309022650803,0.522247549223375,0.5366612310523757,0.5055887731234954,0.5421094250558766
485,0.5173430448034486,0.4252376418463617,0.3810935697872029,0.3805106924370105,0.549951471979981,0.7296622110509909,0.5213524393785887,0.5367619164903124,0.5069006572230489,0.541459330539208
486,0.5346732770425904,0.3647422421077784,0.3679375478071815,0.3808466452781329,0.3887416234457418,0.8338409669078866,0.45015561970561396,0.5479974186954049,0.545786798197212,0.5054371058928322
487,0.5364530408182887,0.3647655252483278,0.3677784640114506,0.3803610354370121,0.3910065488685568,0.8345014165851805,0.44814662766998853,0.5464461786541058,0.5472945306694602,0.5036385467795705
488,0.5381702052826879,0.36484042964793495,0.36761097376430435,0.37985415459842553,0.3933997426719939,0.8351059803309614,0.4462428485748591,0.5448799953985984,0.5487629972800695,0.5018660309578968
489,0.5398229988942893,0.3649677939801642,0.36743504307266134,0.379326668481422,0.39591703084564833,0.8356516522961619,0.44444638283963595,0.5432992002535425,0.5501899651347465,0.5001236927572015
490,0.5318415677627547,0.39266923215887783,0.3625493879649183,0.3757594293042449,0.4932725105339151,0.8164544236648685,0.44175551830167176,0.5335652283782812,0.5466814553243821,0.48325857361877983
491,0.5313330001480756,0.39713054539111825,0.36191449782762775,0.3742073304107479,0.506310579405012,0.8110715370243586,0.4407730591599612,0.5307227928731075,0.5467287837755563,0.4819157310664789
492,0.531743817827639,0.3986652756372466,0.36148878367978327,0.37284423493112595,0.5108588919217555,0.8097289033023479,0.43905156286430547,0.5286909177889313,0.5474753872058924,0.4812487384387679
493,0.5320818752170323,0.40024172968875,0.36105987662466504,0.37149650286452507,0.5154186889326604,0.8082318036749031,0.43742072487525957,0.5266399604994418,0.5481706605027524,0.4806558214415107
494,0.5323470983120299,0.4018586755511802,0.3606286085056566,0.3701670224940719,0.5199874673145283,0.8065788973305305,0.4358807822125876,0.5245715981602473,0.5488149011663457,0.48013832769917975
495,0.5325394937191748,0.403514810456298,0.3601958575472536,0.3688587062452189,0.5245628919756319,0.8047691074399507,0.4344317864521307,0.5224875785873602,0.5494085341424112,0.47969741080446354
496,0.5326591492336192,0.4052087627172682,0.3597625480476535,0.36757448460980413,0.5291427950084889,0.8028016330838346,0.43307360797819133,0.5203897138105695,0.5499521019816693,0.47933402642572653
497,0.5327062344399713,0.4069390937209398,0.3593296499840636,0.36631729995266904,0.5337251738251096,0.8006759602211223,0.43180594071206985,0.5182798734845839,0.5504462547876418,0.47904892905165625
498,0.5326810013334684,0.40870430005127883,0.35889817852884437,0.36509010022614874,0.5383081882928986,0.7983918716382967,0.43062830728556,0.5161599781900631,0.5508917400108018,0.47884266939547226
499,0.5325837849578147,0.4105028157376438,0.3584691934745673,0.3638958326183223,0.542890156894717,0.7959494558249026,0.4295400646268872,0.5140319926562569,0.5512893921466953,0.47871559247821466
500,0.48784922252951535,0.5219489260445803,0.35619748013541896,0.36119644605054546,0.7592619433023978,0.5231310119611183,0.47836339675602857,0.4773980932489429,0.504423560853649,0.5158757253228949
501,0.4866186947916463,0.5236766103440971,0.3555189999922924,0.3594488013720365,0.7623246434196629,0.5197013571497364,0.47806189796432597,0.4756973373959422,0.5040353563958551,0.5172234731470088
502,0.4853902160215359,0.5253589303331381,0.35487365794288744,0.3578538006541769,0.7653987496294452,0.5163422133462062,0.47776861825249506,0.47403477332034416,0.5036081448915065,0.5185659276380882
503,0.48416669527994965,0.5269939819384865,0.35426286714747124,0.356414035568606,0.7684830591125696,0.5130586355338069,0.47748263181677303,0.4724119308000965,0.5031423030786755,0.5199012175203263
504,0.4829510667409498,0.5285799161293941,0.35368804976729984,0.3551318470502006,0.7715760353004052,0.5098554975556251,0.4772030346642952,0.4708302358427532,0.5026382318630035,0.5212275325352869
505,0.4817462832970181,0.53011494027978,0.3531506355905155,0.35400932535846785,0.7746758067941777,0.5067374786187355,0.4769289472146796,0.4692910087377552,0.5020963575085033,0.5225431280193104
506,0.4805553099416478,0.5315973194349753,0.3526520605362814,0.35304831089702715,0.7777801680320233,0.5037090505060968,0.4766595167687033,0.4677954625268513,0.5015171329629127,0.5238463290817678
507,0.4793811169491979,0.533025377487002,0.35219376502801664,0.35225039575674716,0.7808865817036724,0.5007744655479829,0.4763939198390689,0.4663447018865713,0.5009010392978175,0.5251355343671319
508,0.47566012917313283,0.5401628864108039,0.3518295853109529,0.3517746955406407,0.7973303058760344,0.4810176229971162,0.4802633416566547,0.4620862753171869,0.4947138140112716,0.5307379664038707
509,0.47462343943972896,0.5413069898779951,0.35147043677851025,0.35132255987554667,0.8002804442869865,0.4789438970987892,0.48008018495365107,0.4608688923559117,0.49397691574485886,0.5319641309085643
510,0.4697455940314005,0.5524225252688624,0.3512430140430316,0.3514556453765379,0.8351224457014146,0.4491636547680863,0.4897966209152049,0.45330230605784116,0.47811767645771974,0.5437944369337353
511,0.47123003458513674,0.5536260635339124,0.35112644311206254,0.35177357453933655,0.86232006735665,0.4533935200112248,0.4989864279164595,0.44788881074388864,0.46191244138771065,0.5549393358808422
512,0.4714496938206198,0.5532849850429952,0.35107441484335133,0.3519565343044534,0.8632443712456784,0.45613359774355194,0.4991636999665916,0.4477411358051801,0.46120521618368965,0.5558149247540302
513,0.4717489125533587,0.5528653940640333,0.3510749335411634,0.35231464959649994,0.8640539041126974,0.4589484995191444,0.4993368059452806,0.4476318862646611,0.4605042157019846,0.5566623337089815
514,0.4721284919758676,0.552367360208747,0.3511283786673053,0.3528461481808612,0.8647437330790183,0.4618330653105157,0.499506569488555,0.4475603849137344,0.45981115158439584,0.557481696581334
515,0.47399942288085517,0.5499065468359693,0.35122310114250516,0.35352611034848214,0.8662934815202599,0.47007857401327124,0.5005527978071433,0.4474457367543344,0.4575646153262237,0.559445318692641
516,0.47467441414637723,0.5491298279675211,0.3514014601910456,0.35439937157592605,0.8664182214781019,0.47335214996145497,0.5007426736144452,0.44751448634400204,0.45696141686826813,0.560187647958145
517,0.4812232330598727,0.5394671794021201,0.35161058869860556,0.35519565899294653,0.8624031450080808,0.49803848658165495,0.5024990383877345,0.44854137795752813,0.4539282040385433,0.5636550659546522
518,0.4824563679961228,0.5381897931095219,0.3519464417290407,0.3563738577858389,0.8612027627857146,0.5019041520366961,0.502753286529405,0.4488336877724041,0.45363212278799125,0.5642780327271194
519,0.483768773127474,0.5368395426285959,0.3523327950228883,0.3577026617059721,0.8598450311338308,0.5057595506650404,0.5030181146168808,0.44915068517682144,0.45336890923461737,0.5648717598754973
520,0.48515904765538587,0.5354174785152634,0.3527694352406166,0.359179048631276,0.8583285018843978,0.509599576144418,0.5032947823166797,0.44949168101022147,0.45313991791230224,0.5654358419307985
521,0.5031055164813885,0.5043129633479817,0.35363250086418985,0.3596020655696629,0.8138124865534025,0.5687596911421718,0.5022671894740754,0.45623457896572045,0.4593108961934678,0.5682301692490187
522,0.508281857397063,0.49634957355103815,0.3543561034922413,0.3609477666143396,0.7987804902705137,0.5821882757995878,0.501973929589101,0.4581537125923138,0.46216034005571777,0.5685555077501347
523,0.5106113800985611,0.49415293990598214,0.35499657176176935,0.36259858821114666,0.7943464087890468,0.5856451782734331,0.5023890642561814,0.45864223692400574,0.46290681008236473,0.5687660032933348
524,0.5129867467901741,0.4919095455325979,0.3556735901290932,0.36435268523945896,0.7897887788247115,0.5890036204993164,0.5028454175563175,0.45913854907369134,0.46370476861685095,0.5689318029786232
525,0.5154044054052329,0.4896216999085805,0.35638622231687495,0.3662064142739661,0.7851121633241147,0.5922625705057475,0.5033443789861133,0.4596426027240706,0.4645537637977773,0.5690517624455409
526,0.5588587504859439,0.3848950418292688,0.36311071847103227,0.36386349327015965,0.5140498034213007,0.7324931171047122,0.4782898354751029,0.4899552339871073,0.5315622909277368,0.5480230654390094
527,0.5698046042955568,0.355068085294285,0.3681028696355588,0.36384492745183883,0.40008568947019507,0.8015874963441941,0.4592395481702884,0.5018539228395579,0.565009333387073,0.5187263566577626
528,0.5716833305632341,0.3548692299601867,0.36827822241336255,0.3641684305388574,0.3979132210945445,0.8024776036636145,0.4592075461204105,0.5007676140214166,0.5665814213852687,0.5168041404434933
529,0.5734891378584868,0.3547394862296519,0.3684418650733158,0.3644894191974909,0.39586334128206524,0.8033310041224629,0.4592955612748154,0.49969236513539494,0.5681100284910748,0.514892650331469
530,0.5752203015510859,0.3546797107260711,0.3685935994247979,0.3648075342872713,0.39393584833111406,0.8041455780245198,0.4595037908491841,0.4986293242126392,0.5695941410048699,0.5129964194312622
531,0.5750616835601498,0.3597833898087279,0.3705491909995794,0.3656257685682145,0.384943725780406,0.8293793292643954,0.4527182149543825,0.5014833367676307,0.5773806215612801,0.4978792385910874
532,0.5839417667115925,0.36156502536256,0.36955052346211725,0.36665929273689674,0.38129592744927865,0.8232757048147838,0.46077109444236936,0.48947627415453215,0.5831333407576882,0.49160383022027976
533,0.5377926978549643,0.48149096138771164,0.37087161860556345,0.3710900573531919,0.5613594282486859,0.7561435255937128,0.45263438749091545,0.4971354404858723,0.5615976834776409,0.5032907469080112
534,0.5362733096265476,0.48395436055800733,0.3708051061438732,0.37172923818729803,0.5653312670555398,0.7524692986753885,0.452424710508705,0.49555180936697435,0.5614197050283698,0.5044915013749826
535,0.5243220443872272,0.507201333143798,0.3699172831883911,0.37252224270866996,0.6046282846364092,0.7110652685185297,0.45430485057478454,0.4921975464795552,0.5519633834366071,0.5159862716409284
536,0.4840505647871212,0.5766735778999849,0.36459661520287207,0.37120696533680214,0.7556948382254259,0.5300373718563554,0.4708025488047256,0.47359926598362195,0.49252330677329675,0.563135632970745
537,0.48315792231818716,0.5772255655540662,0.3653178307261301,0.37319706095298966,0.7591987127031428,0.527591189691874,0.47036334513031375,0.47236581864823957,0.4917028985213371,0.5640395243956354
538,0.4811314141227399,0.5764636664919978,0.37032698849710943,0.3856746157268818,0.7641563431646241,0.5273827427923204,0.4665402179392036,0.46851021219129413,0.4935580611845558,0.5649680298281444
539,0.4805121600190005,0.5766988653222705,0.371343358327544,0.38840318195032314,0.7674794999253054,0.5250496284780576,0.46609991668425416,0.4674232509778756,0.4926660397048327,0.5657402139304544
540,0.4783742655204278,0.5795223970974179,0.37058160523630396,0.3883011419892956,0.8127988613585386,0.4922806161749465,0.47144059909439334,0.45939648172876174,0.46851649269990175,0.5767286286216876
541,0.4786510351599397,0.5788619678658344,0.37203951944947455,0.3915872000637408,0.814796289719531,0.491882798442023,0.47119734795386004,0.45858527345677613,0.46767055824065484,0.5772156407643436
542,0.47923723164764764,0.5778042972340376,0.3735126472791171,0.3947973451453789,0.8187645577536423,0.49072604641921524,0.4712901348568038,0.45738443669893886,0.4655577843171602,0.5781431261095915
543,0.4837937232930037,0.5709649947802087,0.37514161120543377,0.39621551044769054,0.8372496625245683,0.48853886245472755,0.4741033931030856,0.4526930662877798,0.45381263845018505,0.5822897474647684
544,0.48486177189761803,0.5695958122020578,0.3769606392497995,0.39999209252118706,0.8377442271520283,0.48951444850804365,0.47409173444139985,0.4521139233501378,0.45318856562020055,0.5826328980558332
545,0.48601406019974935,0.5681499188860816,0.37883836419198613,0.40388848017890133,0.8380725450576934,0.49054836959738823,0.47409608957819793,0.4515557987558401,0.45258261553002815,0.5829550898068323
546,0.48724854755811164,0.5666287317921032,0.38077387640506216,0.407901038567326,0.8382314396826314,0.4916373311409633,0.4741172485658887,0.45101830373932894,0.4519958433711345,0.5832563759564258
547,0.48856300354167087,0.5650337528232349,0.3827661600241121,0.4120260246246385,0.8382180840763359,0.4927780416654806,0.47415599315276324,0.4505010518581839,0.4514292815733334,0.5835367412391689
548,0.4940539126018998,0.5601135104824948,0.394988386331774,0.4401872470868609,0.8311955973100413,0.49680070825962597,0.4734198356539092,0.4492541779393275,0.4520253019052278,0.5834998713245444
549,0.5377842880343893,0.48106981898193696,0.4168975701971148,0.4340876214622046,0.7778064586945052,0.576954813751808,0.4789580667658974,0.4417658875166735,0.4594465715085585,0.5849851003964092
550,0.5404870847754911,0.47831135566805927,0.41910206110994064,0.43794680069128705,0.7730208631206731,0.5796062534486035,0.4801122281871822,0.44176621742530203,0.46056575348907974,0.5848544507305733
551,0.5431843413398083,0.47554491182065983,0.42131074958295767,0.44182542208147646,0.76816552554877,0.582208351629052,0.4813221786214092,0.44177453679999,0.4617182740988227,0.5846725359908899
552,0.5458718435719172,0.4727741641229714,0.42352203102168384,0.44571840019658604,0.7632455983245584,0.584760459664416,0.4825881152533096,0.44179138338273555,0.46290292380520415,0.5844378571977715
553,0.5535765984434416,0.4679293803360769,0.43005824461513986,0.46211961625788966,0.7532046068983413,0.5873044419999581,0.48811130139407954,0.4418333071374608,0.46411692243845587,0.5839446821191528
554,0.557785532289727,0.46446573157144816,0.4337249815163223,0.4704268802835708,0.7463332204334565,0.589599263268288,0.49110370407153314,0.4418989130022839,0.46534264303325457,0.5833302762166613
555,0.5740713941286227,0.4291991483016025,0.4520786187599953,0.4710462508008692,0.677708959838396,0.6311500394749069,0.49193518493774957,0.4443051324214568,0.4915709310349298,0.5742914411590558
556,0.576412555622158,0.42684719483763195,0.45400496890126424,0.47416309918458555,0.6723990634336927,0.6331166232762506,0.49387153012315604,0.4444972203359992,0.4932462281773846,0.5732803351951363
557,0.578696737655345,0.42454682056484677,0.45592176095543385,0.4772431516376148,0.6671091117152947,0.63502344066396,0.4958682336634418,0.444706437644909,0.494927720642771,0.572208578901713
558,0.5809212805050551,0.42230165562373606,0.4578288286578215,0.4802832698731174,0.6618431368899701,0.6368702013830819,0.49792419695079765,0.44493376942543417,0.49661365856350675,0.5710772541720681
559,0.5830836598572834,0.4201152674468288,0.4597260906859072,0.4832804698643721,0.6566050609564189,0.6386565681594493,0.5000382188268947,0.4451802143145984,0.49830230975209144,0.5698876478978064
560,0.5851814898336323,0.41799115349313043,0.4616135492533194,0.4862319279395506,0.65139869165204,0.6403821532678642,0.5022089981029038,0.44544678254704,0.4999919626604408,0.5686412514762206
561,0.5897542656051408,0.40912964831513965,0.4694540541743479,0.4884537005773539,0.6267291377905665,0.652744547555114,0.5037074091830084,0.4473864184555583,0.5099044237368238,0.5631957945290186
562,0.5916211885117657,0.40734910154671927,0.4712323810455654,0.4910393460083109,0.621735724154205,0.6542591421060658,0.5060427356495119,0.4477299651269953,0.5116263176933241,0.5617290321510446
563,0.5934148681865239,0.4056475510107721,0.4730029875814018,0.4935738020373735,0.6167927663744435,0.6557091426742888,0.5084317770187279,0.4480980621055279,0.5133389502865398,0.5602162494864406
564,0.5903013211030537,0.414835884641626,0.5385364135069576,0.5035032316539724,0.4808909036660388,0.7580065917794534,0.49301090534134195,0.4814746423505971,0.5810896013663134,0.5038825263613866
565,0.5904274624040543,0.41586660047925456,0.5393913794277104,0.5046159590802383,0.47887723321152686,0.7580347902173832,0.495011610946452,0.4818038635294538,0.5819949492208016,0.5025141989037392
566,0.5736552503775176,0.4557639769736071,0.5505674581772091,0.5124856854745394,0.483468012270213,0.7754423499871769,0.4878481501382761,0.4968698067673227,0.5903321303095924,0.4898765821070585
567,0.5614006572260222,0.48142934558346157,0.5499663370439547,0.5161338489308698,0.4978712930749899,0.7725859126042889,0.4848844289728498,0.5037212842609848,0.5901353581833468,0.4890364508788926
568,0.5603281630572514,0.48331806997947235,0.5498339263984118,0.5172742172032557,0.49788855102884094,0.770968111237348,0.4860843492897004,0.5037505529934372,0.5902348852769105,0.48916426346082287
569,0.5592075767814995,0.4852303981997468,0.5496506361009716,0.5184008382256842,0.4979684775165203,0.7692487158845676,0.4873210901147896,0.503816144547626,0.5903078491648407,0.48936426593370513
570,0.524996805648869,0.5463873719574475,0.5254832591132952,0.5188488453065873,0.5608727566732296,0.7211056456057428,0.4796403031566923,0.5165391808528663,0.5750668452043193,0.5077234870818592
571,0.5235700973813139,0.5478239337682155,0.5247217605323707,0.5201837311362171,0.5625933153158297,0.7181965902466192,0.48010122222609003,0.5162445354564263,0.5746332710403669,0.5088302258324329
572,0.5221497575719982,0.5492176009053585,0.5239355269698523,0.5215026365636157,0.5643526890787485,0.7152387047831658,0.48058515001748286,0.5159790799789081,0.5741849698318343,0.5099600855375788
573,0.5207380245045734,0.5505658393427703,0.5231278377229216,0.522804538262311,0.5661477365333389,0.7122351304086205,0.4810913216655926,0.5157424968602894,0.5737226061460274,0.5111110268592777
574,0.5193371173013707,0.5518662189023945,0.5223022167042061,0.5240886389269099,0.5679751111449093,0.709189008296507,0.48161897268553805,0.5155344270613134,0.5732468122940685,0.5122810116375518
575,0.5179492312330636,0.553116420330911,0.5214624251359036,0.5253543773556488,0.5698312721079017,0.7061034721367622,0.482167339577186,0.5153544709753527,0.5727581882486397,0.5134680086350686
576,0.4968787724096119,0.5846027344509905,0.4856088653881628,0.518858768787761,0.6342709590307578,0.6351759914391142,0.47940673450299176,0.519578512227444,0.5454589320353516,0.5414398697855507
577,0.4921967058514746,0.590511280057798,0.47377108269409446,0.518600000641815,0.6578146553992275,0.6078715210151564,0.47954756724014963,0.5189344861990295,0.5331601246732945,0.5516082621003908
578,0.4918092635929619,0.5901823124204839,0.47403072530002943,0.5212025305922277,0.6599857591772974,0.6049513409101369,0.47958256107965,0.5184040297554512,0.532276974723254,0.5525502917880962
579,0.48967234027095685,0.592520369906414,0.4592724798468986,0.5212131717086281,0.6918114240984933,0.5695566254504265,0.48076829263322507,0.516064034842088,0.5129997027307804,0.5655541660056373
580,0.4899497714936027,0.5914602344071413,0.46038620427926247,0.5247339374393623,0.6933406454906232,0.5671395124358277,0.4807658296544629,0.5154375122532754,0.5120578691243711,0.5662078412991711
581,0.4903014185927149,0.5903218439973483,0.46158252829746316,0.5283148643310374,0.6947317003186776,0.564760955055759,0.4807758501530166,0.5148214209441366,0.5111220283329313,0.5668297175919458
582,0.4908565813530903,0.5889235332287615,0.46183967094775896,0.5318367404145081,0.6982205938753208,0.5601081878300088,0.480951198169093,0.5139855987487452,0.5086562871322129,0.5683012885792551
583,0.4913968755078781,0.5875896793857495,0.4632689843024893,0.5356158953810884,0.6992664240424054,0.557851637087558,0.48098592832298653,0.5133798859578966,0.5077343438236678,0.5688412646894052
584,0.49200751922052066,0.5861832071986801,0.46478470054784554,0.5394583533922602,0.7001600257430518,0.5556344617980228,0.4810334007133494,0.5127829051020514,0.5068209616385448,0.5693498797715458
585,0.4926868713397008,0.5847061287527429,0.4663874788503586,0.5433646824373194,0.7008982898871582,0.5534566038605555,0.48109367999743124,0.5121941966527199,0.5059167938647726,0.5698273288942933
586,0.49343316068991866,0.5831605744990925,0.46807766916969684,0.547335362641433,0.7014784480312153,0.551317939135934,0.4811668236502142,0.5116133000884598,0.5050224827527022,0.5702738235369094
587,0.4942444921321988,0.5815487892094093,0.4698552990906943,0.5513707677660328,0.701898080178916,0.5492182817688143,0.4812528811362466,0.5110397553219255,0.5041386590935915,0.5706895885700541
588,0.50829179965816,0.559872536758398,0.4715330144533096,0.572774097234844,0.7266681164397766,0.5174492770059725,0.4857479417508274,0.5031066754793179,0.47764119836053537,0.5825940107579864
589,0.5099701085282687,0.5574512381636563,0.4744853636191047,0.5782319227898296,0.7249799947289368,0.516338485074384,0.4859989136595071,0.5024368498201399,0.4769901941904058,0.5826300353297837
590,0.5116843611657551,0.5549959675843232,0.477472609512292,0.5837244634833969,0.7231219308364856,0.5152596973660408,0.4862644224971964,0.5017683809340258,0.4763624708906757,0.5826388708758596
591,0.5134310897732647,0.5525100672560163,0.4804900678593941,0.589247484609238,0.7210966226756426,0.514211894474989,0.4865443664401421,0.5011011191722746,0.4757584380591928,0.5826204156780418
592,0.5152068111496624,0.5499969297416462,0.48353283609010894,0.5947965168591393,0.7189070855213113,0.5131940597653473,0.48683862011466494,0.5004349364702732,0.4751784736911049,0.5825745422468986
593,0.5170080364262313,0.5474599930237818,0.486595808297503,0.6003668565001086,0.716556640908998,0.5122051814928191,0.48714703422575006,0.49976972722137286,0.4746229234920576,0.5825010985574192
594,0.5188312806709553,0.5449027355317132,0.4896736916766618,0.6059535669152716,0.7140489047490941,0.5112442547226408,0.4874694352520072,0.4991054091034088,0.47409210023879783,0.5823999095132109
595,0.5206730723274859,0.5423286711169636,0.49276102439807684,0.6115514815407699,0.711387774720806,0.5103102830487501,0.4878056252086307,0.4984419238556119,0.4735862831899791,0.5822707786283591
596,0.5225299624565574,0.5397413439908234,0.4958521948631925,0.6171552082227555,0.7085774170115856,0.509402280120128,0.48815538147975396,0.49777923800370283,0.47310571754981035,0.5821134899150351
597,0.524398533748916,0.5371443236372229,0.4989414622807947,0.6227591350101951,0.7056222524691318,0.5085192709813502,0.48851845672135136,0.49711734353100123,0.47265061398702096,0.5819278099639533
598,0.5262754092802574,0.5345411997139591,0.5020229784943154,0.628357437390605,0.7025269422338384,0.5076602932353828,0.4888945788355779,0.4964562584934229,0.47222114821142697,0.581713490203874
599,0.5281572609801778,0.5319355769548627,0.5050908109817147,0.6339440869671322,0.6992963729200476,0.5068243980375441,0.48928345101717763,0.4957960275762928,0.47181746061019353,0.5814702693255395
600,0.5300408177887904,0.5293310700850545,0.5081389669414569,0.6395128615665278,0.6959356414144845,0.5060106509303407,0.48968475187230825,0.4951367225909487,0.4714396559456802,0.5811978758546598
601,0.5331535610133192,0.5254396842135949,0.5139023705505514,0.6503417808434693,0.6883679812960624,0.5047834531265063,0.49025104575567724,0.49423682127769614,0.47154057984133046,0.5801969320894035
602,0.5525199495763795,0.48549281701685715,0.528760338033599,0.6467264508814534,0.6832435973610119,0.5121081410241843,0.49829415076507044,0.4806381170785627,0.46254196056528696,0.584810714407273
603,0.5621792537312849,0.465561292707054,0.5429559106987217,0.6332143498183357,0.663713095820242,0.5314594548654704,0.5026289376468002,0.4729794122592256,0.4718452329273912,0.5820408903693105
604,0.5674867374641052,0.4553082919853057,0.5576351398766828,0.6220093362703698,0.6435040455040988,0.5500562601499088,0.5054386278779772,0.468628610645965,0.48440261516416155,0.5772752248407094
605,0.5694789358962594,0.45116870047761454,0.6104585419009989,0.6038837137621389,0.594565415241777,0.5994258505160461,0.5077035150361001,0.4641192960530376,0.5223425148369282,0.5588317759161824
606,0.5633693411494074,0.4636422606673664,0.6650364486085056,0.6095856033004999,0.5593105602226824,0.6355959672550249,0.5071464904006082,0.46661375731056526,0.550815219431335,0.5379458508292497
607,0.5640588240319687,0.4633249836433482,0.6681772993010974,0.6109524600758399,0.556596178780488,0.6360983319072434,0.5090474430844959,0.4674785865306635,0.5516889084620201,0.5362927039438334
608,0.5101075787925844,0.5689930973651904,0.5342829268287316,0.6317941920114872,0.6266910570051434,0.5528587961844041,0.4856447888932278,0.5145528127524744,0.5218404351443217,0.5470967741854167
609,0.5113274666569987,0.5668594291715503,0.5348621102545951,0.6343458061859012,0.6252285930007772,0.5509201249133511,0.4860036543326896,0.5142611383729684,0.5211309112422414,0.5473153137221148
610,0.5125697152534351,0.5646914177939896,0.5355627186974727,0.6369755953378073,0.6236602662506019,0.5490071559158544,0.48637508181844025,0.5139695496167408,0.5204371845724348,0.5475038060527501
611,0.5138319092114549,0.5624928682083954,0.5363851210003618,0.639686326870132,0.6219875881148522,0.547119774383878,0.48675890152687284,0.5136775602350676,0.5197595744175395,0.5476623383952605
612,0.5151116367825662,0.5602676705966932,0.5373291387437665,0.642480424030395,0.620212344768997,0.5452578472725382,0.4871549292390175,0.5133846975333025,0.5190983763418837,0.5477910218165487
613,0.5191391659227452,0.553741364467354,0.5343587445303468,0.6517792396819709,0.6238568966465069,0.5356505877307423,0.4885774474723685,0.5124905684580916,0.5124491146886054,0.5523138167766217
614,0.520537619315058,0.551379620109222,0.5359992512474561,0.6552282859383998,0.6216420511159741,0.5339253273190164,0.4889860972008156,0.5121222517003171,0.5118394767072844,0.5523122504196932
615,0.5270554941272724,0.5400302302379906,0.5345662336048548,0.6715956996545271,0.627861296086438,0.5202832432481292,0.4915507291328402,0.5100911138711185,0.5009002157388658,0.5593846922457342
616,0.5285855394938354,0.5375620064510468,0.5370009112780962,0.6759319016576011,0.6249990255035839,0.5187772483932701,0.491975468433514,0.5096060327912681,0.5003849235042507,0.5592046103862209
617,0.5301111748871274,0.5351052150422357,0.539485749417319,0.6803176172939501,0.6220450266088894,0.5172952056586314,0.49240916575495386,0.5091175425378074,0.49989066075997574,0.5589946895714406
618,0.5316300219214601,0.5326638464271137,0.5420137070718741,0.684748716015217,0.6190040445915246,0.5158367419258472,0.4928514530448774,0.5086255208256404,0.4994175091998391,0.5587551506148678
619,0.5331397780014664,0.530241846704584,0.544577414164928,0.6892206616283332,0.6158809802973896,0.514401491944524,0.49330194469278843,0.5081298707077513,0.498965524131488,0.5584862228079382
620,0.5543413277644431,0.48265282580514923,0.5555796133408766,0.7088434099251203,0.6264479442677371,0.49486423150695996,0.5049969852465953,0.49228431887175167,0.47075311903104294,0.5758350681560548
621,0.5559352819270218,0.48075971462498135,0.5566816180437784,0.7120809307347944,0.6218634441243275,0.49449099620957004,0.5056012670103982,0.4917172638851499,0.4710055193584396,0.5751547316093615
622,0.5574922260134979,0.47893107427449266,0.5576728253204071,0.7151308647897919,0.6172815204131862,0.49412824362269925,0.5062054999782809,0.49115761475478,0.47127712127684535,0.5744425980564787
623,0.5590107356922932,0.4771700548690647,0.5585558348751412,0.7179894677900458,0.6127072425658258,0.4937751668838579,0.5068090421042908,0.49060608866495614,0.471567236999139,0.5736986165421564
624,0.5604894951946134,0.4754797559644437,0.5593337873069314,0.7206534108324035,0.6081455837448589,0.49343096518769103,0.5074112500794234,0.4900634203086305,0.4718751558673943,0.5729227893939182
625,0.5619272972819491,0.47386322134714,0.5600103612783793,0.7231197939131702,0.6036014155834091,0.49309484493063477,0.5080114804910429,0.4895303606184142,0.4722001456176094,0.572115173988206
626,0.5606760889627369,0.47156353628583975,0.5941076747176907,0.6399010912939727,0.5760919129285851,0.5278206341112285,0.5104368190375843,0.47730061646038524,0.49939041227479053,0.5622996381683097
627,0.561701230174697,0.4707451916650176,0.595725107664897,0.6393079256025268,0.572677322915676,0.5281670935507246,0.5113380129201776,0.4775444798618446,0.5001965460976795,0.5610588321000824
628,0.5626784438991549,0.47003824475206096,0.597493439361189,0.6386480357951029,0.5693176263809067,0.5284919104965216,0.5122403392342918,0.47781665600782075,0.5009915515940425,0.5597928250348698
629,0.5619641205754196,0.4721133088612594,0.6084989036572358,0.6321445491623735,0.563030055632514,0.5332653921378185,0.5127158263582099,0.4778183735265362,0.5060063539947803,0.5564394223051035
630,0.5627858782614253,0.47168274781629693,0.6109769340669702,0.6314323048244305,0.5599346221364448,0.5335597372801199,0.5136538690314597,0.4782402665406511,0.506774734703586,0.5550956040783098
631,0.563558368891042,0.47137317918676463,0.6136250209033237,0.6306884996564334,0.5568981811872814,0.533827055438272,0.5145928869510485,0.47869265492536034,0.5075270519248173,0.5537329690074575
632,0.5642812826070386,0.47118632765094587,0.6164442894538459,0.6299185429674686,0.5539224038163203,0.5340666313325615,0.515532550550471,0.4791758788240057,0.5082625663210026,0.5523530533608583
633,0.5649543860889685,0.47112362025303406,0.6194351542186112,0.6291276991212167,0.5510089213659626,0.5342778139876438,0.5164725366542975,0.47969024323846615,0.5089805663927528,0.5509574327776372
634,0.5655775226653259,0.47118617953516834,0.6225973028100418,0.6283210634036022,0.5481593210808092,0.5344600181177751,0.5174125278333048,0.4802360168107208,0.5096803690440419,0.5495477181877014
635,0.5661506123811694,0.47137481775011497,0.6259296827178139,0.627503538894553,0.5453751415511572,0.5346127253112198,0.5183522116986812,0.4808134306540954,0.5103613201013388,0.5481255516616275
636,0.5666736520197099,0.47169003218829164,0.6294304910411797,0.626679814465958,0.542657868042526,0.5347354850127884,0.5192912801405114,0.48142267723776955,0.5110227947884838,0.5466926022060367
637,0.567146715075944,0.4721320016479454,0.6330971672785957,0.6258543440223236,0.5400089277457971,0.5348279153044864,0.5202294285161555,0.4820639093280971,0.5116641981592298,0.545250561519948
638,0.5675699516800647,0.47270058407225707,0.6369263892515523,0.6250313270943869,0.5374296849832668,0.5348897034852659,0.5211663547945052,0.48273723899025994,0.5122849654893862,0.5438011397274883
639,0.5679435884680155,0.473395315371945,0.6409140722259684,0.6242146908890809,0.5349214364063664,0.5349206064518552,0.5221017586624793,0.4834427366537494,0.5128845626305292,0.5423460611021638
640,0.5682679283962483,0.4742154094465968,0.6450553712804811,0.6234080738917344,0.5324854062209855,0.5349204508835428,0.5230353406004071,0.48418043024510526,0.5134624863272265,0.5408870597976587
641,0.5685433504974158,0.47515975941253663,0.6493446869565943,0.6226148111083619,0.5301227414762716,0.5348891332346936,0.5239668009332409,0.484950304391284,0.5140182644997063,0.5394258755998403
642,0.5687703095734747,0.47622694003950555,0.6537756742108376,0.621837921027286,0.527834507452419,0.5348266195395629,0.5248958388647682,0.48575229969694844,0.5145514564938724,0.537964249714297
643,0.5689493358224068,0.4774152113928659,0.6583412546741235,0.6210800943703128,0.5256216831823961,0.5347329450347565,0.5258221515021773,0.4865863120988694,0.5150616533005046,0.5365039206033455
644,0.5690810343945781,0.47872252367246426,0.6630336322082406,0.6203436846941698,0.5234851571417013,0.5346082136053671,0.526745432878499,0.48745219230053843,0.5155484777454532,0.5350466198860045
645,0.5691660848745319,0.4801465232336761,0.6678443117340744,0.6196307008930393,0.521425723139136,0.5344525970614256,0.5276653729805039,0.4883497452899427,0.5160115846525193,0.533594068313922
646,0.5525568327575937,0.5109331969953212,0.7420715285327512,0.6149801364283184,0.511136095686332,0.5464926858633495,0.5229498039896638,0.49391634140893537,0.5322907295709951,0.5205724140375569
647,0.5522465805370085,0.5124778130128401,0.7474814498408062,0.6152667212997377,0.5098125922595433,0.5461192170257081,0.523962471873126,0.4952670347311018,0.5325186503595188,0.5192570408097461
648,0.5519032011187891,0.5141052727594243,0.7528389705274565,0.6155709466578788,0.5085526374653244,0.5457153555073525,0.524971752191426,0.49664259363194463,0.5327184983958813,0.5179637660993739
649,0.551527791366799,0.5158112055922219,0.7581280784114152,0.6158896185870355,0.5073563535296727,0.5452818982068159,0.5259772443498631,0.4980421771303465,0.5328904389232824,0.5166938659113868
650,0.551121504865134,0.5175910684425737,0.763332712595274,0.616219339179035,0.5062237640310022,0.5448196902996615,0.5269785386983994,0.4994649054746532,0.5330346691398589,0.5154485657274871
651,0.5442816099083198,0.5297570137388166,0.7877799072041349,0.6184074692755226,0.5033510799097639,0.5470098115994563,0.5256298122869731,0.5033571888577131,0.5373162753097063,0.5106996500051721
652,0.5437405419176795,0.5315254795020613,0.7922877815960127,0.6189373602221461,0.5024921830570414,0.5464324093613461,0.5266354099815622,0.504909464374884,0.5373318346288637,0.5095951899801392
653,0.5431774026311943,0.5333423055516922,0.7966089527694754,0.6194523008081366,0.5016905006154738,0.545830674385883,0.5276352162223465,0.506478673121235,0.5373208090812269,0.5085212645593525
654,0.5425935633021074,0.5352024997911626,0.8007285515248099,0.6199480002367332,0.5009456124629604,0.5452057017915984,0.5286287752593657,0.5080636953405995,0.5372836440610533,0.5074786850023439
655,0.5419904362728543,0.5371010347030922,0.8046321927039145,0.6204201855338551,0.500257006793747,0.5445586174459103,0.5296156238725445,0.509663384789566,0.5372208128245707,0.5064682040676174
656,0.5328342570301843,0.5521825672932518,0.8240595502012428,0.6231681571994018,0.49823407898786765,0.5459828195062719,0.5271300770320625,0.5150837652264261,0.5412262307050001,0.5017151528801603
657,0.5331227901012561,0.5542561172598743,0.8281289324501595,0.6241560827677304,0.4970710609412432,0.5423320494668529,0.5322989876086093,0.5203662198612122,0.5390455527786172,0.49988635379826335
658,0.5324179022673265,0.5560570250307632,0.8296254158327393,0.6244046945909106,0.49677049365969467,0.5415424564800185,0.5332341308655083,0.5220576970878045,0.5387857853108814,0.49917466617636724
659,0.5317089055122688,0.5578542323438423,0.8307979600297553,0.6245929983472208,0.49651514549712117,0.5407414396694769,0.5341588037516155,0.5237519096148797,0.5385058088426762,0.4984989344428619
660,0.500322505808948,0.6002846669420567,0.7014889691928852,0.6175866093841407,0.5051208896739106,0.5304988468023997,0.5148504494604551,0.5517610318754328,0.5387624491426628,0.49672148624800183
661,0.5014138730708964,0.5937758408783544,0.6629156285678625,0.6218834138459036,0.5050955285980238,0.5255638288478898,0.5162193638575275,0.5566282279255461,0.5349307954851044,0.49989825179840075
662,0.501628142810531,0.5919819768460858,0.6569840165493303,0.6226619571982552,0.5044290792934526,0.5247570074719519,0.516794939557215,0.5575565834760632,0.5342848898993184,0.5004245847090631
663,0.5018753610828653,0.5901422470400667,0.6511244696168522,0.6235086268227312,0.5037678496384493,0.5239777720611473,0.5173638377917433,0.5584584756936888,0.5336539565281924,0.5009583356645705
664,0.5021546194424686,0.5882602893477181,0.6453550167378447,0.6244285978074936,0.5031130436468648,0.5232265447340708,0.5179261358369067,0.5593334481120885,0.5330392242362803,0.5014986831594344
665,0.5024649648083488,0.586339880462405,0.6396933098050092,0.6254267332100012,0.50246590195565,0.5225037202080545,0.518481909245377,0.5601810652300699,0.5324418933571692,0.502044823798586
666,0.5028054019196242,0.5843849204045743,0.6341565531858523,0.626507552172616,0.5018276986207377,0.5218096661760526,0.5190312310167402,0.5610009122706447,0.5318631339211334,0.5025959726117644
667,0.503174895849338,0.5823994166911339,0.6287614350467616,0.6276751994754988,0.5011997378202749,0.5211447236886356,0.5195741707810627,0.561792594920781,0.5313040839228145,0.50315136332173
668,0.5033121175107163,0.5763508508662399,0.6184638284517168,0.6289506231037156,0.4981967728332586,0.5196442729403208,0.5215486973907222,0.5639300355202778,0.5305884505135795,0.5041401250322927
669,0.5066280187686796,0.5707605736044284,0.598597878268171,0.6384288115431023,0.4987386034583073,0.5177789540215627,0.5224751300669229,0.5658609867550366,0.5278931316902736,0.5068072746516739
670,0.5071852296171602,0.568606578734124,0.5946765430086413,0.6403406722890568,0.49815285327592834,0.5173054215595217,0.522979896858648,0.5664343042528903,0.5274867912082875,0.5073836834068779
671,0.5111781733018305,0.5620733225784281,0.5793655070508221,0.6529755728994237,0.4985739265834909,0.5155721160059498,0.5243686454832204,0.5679971985715453,0.5247482102261,0.5101965084706601
672,0.5118615243349474,0.5597600282844919,0.5767670841132534,0.6554655309109747,0.4979128654612156,0.5151937921971768,0.5248588906832393,0.5684047096294477,0.5244331584908507,0.5107854271032409
673,0.5163710018077378,0.5524787934615562,0.5663747077214217,0.6708771180799197,0.49821056149550097,0.5136186332029272,0.5266980000655632,0.5695904205580622,0.5217219787479516,0.5136639227232416
674,0.5382889699975046,0.5199969453379912,0.5529115216705109,0.7460725661963495,0.5029017178918425,0.5063562454543606,0.5386201535462308,0.571401027565255,0.5090151109320253,0.525687955697539
675,0.5393785917939301,0.5173175347092069,0.5548370021842499,0.7495274636078217,0.5016545727672924,0.5062833386622607,0.5390429932414732,0.5711284460750569,0.5090481065822031,0.5261786343202607
676,0.5404602850452811,0.5146933389039089,0.5568585334429014,0.7529214357819433,0.5004612606519898,0.5062434073178447,0.539454455470128,0.5708285352478886,0.5091138678980837,0.5266579558479417
677,0.5415321846566843,0.512128218357114,0.5589647744485564,0.7562463378827258,0.49932446249639967,0.5062359043190201,0.5398541972242714,0.570501393998322,0.5092124680667974,0.5271255342426291
678,0.5425924618097304,0.509625928559861,0.5611440890430158,0.7594940490548612,0.4982467910345968,0.5062602750153175,0.5402418737192878,0.5701471436563046,0.5093439322091498,0.5275809942219897
679,0.5436393263898571,0.5071901152247453,0.5633845973461892,0.7626565066308314,0.4972307860599151,0.5063159582808722,0.5406171392537014,0.5697659287447103,0.5095082374611426,0.5280239715431354
680,0.5446710292807512,0.5048243098194878,0.5656742282208125,0.7657257403500428,0.4962789097506065,0.5064023875489736,0.5409796480846425,0.5693579177565187,0.5097053131439928,0.528454113293858
681,0.5591979343519543,0.4807263782904988,0.579844576601691,0.7981028205476424,0.49523595886046085,0.504004426250127,0.5508503139249272,0.5643547741446797,0.5055003630589743,0.534694738903727
682,0.5601463064827089,0.4791049210885737,0.5815491275991544,0.7992710155902572,0.4944750947703567,0.5042900470700348,0.5510460451586946,0.5636089449169421,0.505953792047331,0.5349290719931868
683,0.5644639616270105,0.47207328748098215,0.5835434317936757,0.7988459647746494,0.49515890590134176,0.5031882817267278,0.5554874089728811,0.560448408032616,0.5045679733775343,0.5369030522732559
684,0.5653311628566652,0.47096221237591496,0.5844154315409557,0.798851621983349,0.4945226015936712,0.5035319191742934,0.5555847561039569,0.5595878968492441,0.5051096708368094,0.5370265288124486
685,0.5675260702379811,0.46778883982803143,0.5839770312808162,0.7926679239629719,0.4948647776683445,0.5030335032863619,0.558027681372034,0.5569174976546939,0.5048854197526085,0.5379342472956766
686,0.5682565366780091,0.4683042091389908,0.5722988802940058,0.7099590759973456,0.500036303847611,0.4979807136997265,0.5669426982443195,0.5430771383195605,0.50540165637463,0.5394473394866329
687,0.5687844256815426,0.46915893689584004,0.571836623296168,0.7075798986017822,0.4996819576644795,0.4983215440190871,0.5667210239520061,0.5422666351023477,0.5059550287389197,0.5391394075774952
688,0.5692646242871584,0.47014509954829653,0.5714113230452033,0.7051774974791246,0.49943909278623394,0.4986752390145976,0.5664764267068151,0.5414703822053129,0.5065096358182783,0.5388212877233587
689,0.5696966969544415,0.4712618376005762,0.5710319523858064,0.702759622950987,0.49930760025311743,0.49904127842060636,0.5662091681928508,0.5406894492049518,0.5070648843831824,0.5384930960837115
690,0.5700802817161352,0.4725079983058857,0.5707072881492852,0.700333798868309,0.4992871487978405,0.4994191678726748,0.5659195144890854,0.5399248953509925,0.5076201840822792,0.5381549578091382
691,0.5704150918066525,0.47388213501032805,0.5704458696999745,0.6979072905215731,0.4993771847046343,0.4998084393088691,0.5656077348384423,0.5391777672193094,0.5081749481617481,0.537807006977439
692,0.5657332734146441,0.4839503426490063,0.5771508036230463,0.6614451370819319,0.5017354207219711,0.4983454011357398,0.5655333502677362,0.5345127476844209,0.510725549269636,0.5364458355182438
693,0.5744402110964468,0.5044941963149091,0.5737711204324552,0.675770890295631,0.5132280600675607,0.5076803618093637,0.5588321167102439,0.5315133500477847,0.5147222568831735,0.5315573822397505
694,0.5590825855574816,0.5298368025335544,0.6092784235912384,0.6339067776505412,0.5191968727753252,0.5058231884388795,0.5557479033922638,0.5290353858348941,0.5188285284296947,0.5284687342259243
695,0.5574740986310193,0.5345476502004856,0.6154761834269259,0.630721754456346,0.5211525220567638,0.5061810952782826,0.5548447811697497,0.5289629553690276,0.5193968995180078,0.5277146006422511
696,0.5569049697097413,0.5377633000741849,0.6189158926230846,0.629752802421034,0.5229037738943093,0.5066810951559861,0.5541383192867925,0.529008899279762,0.5196744717575414,0.5271405754807174
697,0.5563084220187776,0.5409963099661534,0.6224621458147593,0.6288224112381815,0.5247067457664846,0.5071904388233637,0.5534137032714457,0.5290902838391407,0.5199372646883343,0.5265648038717317
698,0.5556861545810362,0.5442404184184968,0.6261062473686209,0.6279253149108207,0.5265577861913189,0.5077093129229998,0.5526710898831582,0.5292069487466027,0.5201850754187368,0.5259876200937688
699,0.5516305197714794,0.5520874758679222,0.6401159121760686,0.6217292560931277,0.5291976578066624,0.5079285222215155,0.5511095313978707,0.529464660049436,0.5211878382654458,0.5248386372432188
700,0.50827549095728,0.6101820472241722,0.8172155845389346,0.5972128771690359,0.5324129361642296,0.5098085630281093,0.5343041268735464,0.5404670175992444,0.5329195383420895,0.5168180834869761
701,0.5131717892083161,0.6101715912317028,0.8080514232473055,0.5907705067325121,0.5228767886964849,0.5164011857665167,0.5244096810830124,0.5500360346515516,0.5340283782081654,0.5159785236982226
702,0.528163971859577,0.5937273075233087,0.7462566607278547,0.5879432836909538,0.5151714779459147,0.5213085006373215,0.5208384938592938,0.5538598481869403,0.5313161961187509,0.5175261518467805
703,0.5295776640365388,0.5908403720163665,0.7363105170174739,0.5875234476594824,0.5155466918755433,0.5221943943146858,0.5201383248199312,0.5549569750621884,0.53024824409219,0.51817316315015
704,0.5421735892875359,0.5739641007767213,0.686868373425444,0.5959876464357958,0.5107308209041845,0.5256114302284107,0.5194821868451978,0.5563697948713906,0.5273776761222633,0.5200155402653662
705,0.5913845966500257,0.493153913773542,0.570975763829561,0.7290875370201044,0.4961285416139349,0.5343518667504952,0.5342716449783594,0.551995353451399,0.5170754565662684,0.527046088013427
706,0.5965812535193519,0.4810150402312932,0.5664485197376801,0.7557666486482415,0.49764777518236075,0.5356514258060414,0.5379108381887129,0.5502220350184174,0.5160629676270144,0.5287042102625232
707,0.6043459801734297,0.4643583251364266,0.5620566789515213,0.7989552734400496,0.5014316509850358,0.5357191358381818,0.5474005886401058,0.5451344808030966,0.5148905751707212,0.5305034525114641
708,0.6014076385159972,0.47117342214528063,0.5545663689056023,0.7830063301306502,0.5125829221535978,0.5315076949309644,0.5578995790358633,0.5358419230012966,0.51642949653519,0.5298989755262611
709,0.6009867272383529,0.47257196121043255,0.5536031937061301,0.7801135381376786,0.5154155956599886,0.532521077990011,0.5571432370681776,0.5350153316618665,0.5171738337244313,0.5301566407143885
710,0.600507870905818,0.4740915990406986,0.5525897005724109,0.777166206870445,0.518317338243637,0.5335269208633476,0.5563723076521159,0.5341928206308733,0.5179317924932199,0.5303999891080747
711,0.5999712287682508,0.4757294036226493,0.5515308289837555,0.7741700712864159,0.5212826885416121,0.5345248276779754,0.5555873107055225,0.5333753293369263,0.5187027179757396,0.5306285620139488
712,0.541301272352318,0.5630942539800773,0.6421102962341787,0.6202172309866664,0.5483489308040344,0.5262353201327206,0.549968881532423,0.5263180541006826,0.529566360685986,0.5212518330941146
713,0.5405633195445501,0.5660509457721293,0.645775668314786,0.6198561468970158,0.5506673162135727,0.5270067490611953,0.5489855770962307,0.5265700215051657,0.5297195616654964,0.5208339711558457
714,0.5398156018428077,0.5689780432624528,0.6494706839725345,0.6194790476743673,0.5529986019956722,0.5277875995620744,0.547984594425651,0.5268602277140403,0.5298542584227312,0.5204153828719398
715,0.5242267261708845,0.5888661105867821,0.7043932050374327,0.6054171859379325,0.5590934143538984,0.5292799102866177,0.5422358902692402,0.5301373823617982,0.531948515309548,0.5187672863124018
716,0.5236677024486507,0.5912166508552398,0.708417761049441,0.6048322275172179,0.5612808268305784,0.530087488513011,0.5411760582339166,0.5308185899428938,0.5318035684281261,0.5183624961178069
717,0.523117278516402,0.5935069940283788,0.7123273113177527,0.6041507870248712,0.5634717076954023,0.5309063023889079,0.5400995236763706,0.5315315818205182,0.5316377269519243,0.5179629424839849
718,0.5225771479511513,0.5957338333481053,0.7161091863254466,0.6033666619902426,0.56566385086809,0.5317363643280836,0.5390069640272798,0.5322750148363968,0.5314512137734428,0.5175689360241734
719,0.5067382083713626,0.6175163147864423,0.7981298000952434,0.5897419739152878,0.5680698532907179,0.5381734675605835,0.526615378924998,0.5426722181909224,0.5328446463476806,0.517719099433701
720,0.5114031852028404,0.6188939287724718,0.805702429016636,0.5796350304006433,0.5626912429342075,0.5435920534097513,0.5189857291762251,0.5496390319871689,0.5313426696745448,0.5198239009475921
721,0.5209681643020021,0.6127569435354188,0.7842491240207976,0.5724740652717086,0.5565110871651129,0.5471534256373718,0.514932493757082,0.553389286926605,0.5290309096692036,0.5219744616869431
722,0.5215227676676462,0.6118587826358586,0.7794420836263873,0.5698459503121772,0.5574962520590302,0.5478679007539088,0.5139585200897263,0.5544896307721869,0.5280471587945222,0.5224362608905596
723,0.5220853146921084,0.6109548007087355,0.7744467023587287,0.5672501707839409,0.5584531581302159,0.548570490601299,0.5129921609876934,0.5555744340199862,0.5270636113349241,0.5229154805971034
724,0.52265524578262,0.6100485455793982,0.769280524806177,0.5646939846975908,0.5593802740592442,0.5492606279683623,0.51203440344257,0.5566426052721538,0.5260818861023034,0.5234114341173175
725,0.5232320024795922,0.6091435438076677,0.7639614349071873,0.5621844786318441,0.5602761091539407,0.5499377819721586,0.5110862144895082,0.557693095605773,0.5251036220245099,0.5239234235587411
726,0.5441819021214483,0.5906998812087947,0.7081412334558459,0.5669856851293359,0.5462572873650297,0.5540608671216981,0.5089637998527458,0.5596292693542325,0.5211396327592838,0.5272299375441017
727,0.5539495852711651,0.5790798233781586,0.6805351622422983,0.5763093918192955,0.5404228269126872,0.5561234136527113,0.5090576458984822,0.5597828755880369,0.5190532120617498,0.52895603269568
728,0.5864278744016092,0.5298913364404099,0.6120073721034128,0.6533129178861476,0.5205208778367582,0.5623547959110584,0.518805896353732,0.5535158191932803,0.5152190022455247,0.5314176316751708
729,0.5864684170590418,0.5275789275589428,0.6101763933188046,0.6557760537100895,0.5220668957905801,0.5633777796754292,0.5183986833214401,0.5534945341020278,0.5149923488598834,0.5325302263371819
730,0.5966224088045988,0.5050138859693575,0.5952414340602084,0.7029514718274936,0.5187957431565637,0.5665109394272203,0.525596499566246,0.5485319075148446,0.5150137792137861,0.5329473733772276
731,0.6021808803052242,0.4901933954262896,0.5884744540489807,0.7367076524574255,0.5194620701954631,0.5688254382456712,0.5317630658315541,0.5438508833227803,0.5161210859372353,0.5328762887227325
732,0.6019052056514917,0.4885594525930197,0.5884710841027505,0.7374898095447315,0.522474525071533,0.5702087797265106,0.5312652312071173,0.5433355918744096,0.5164848618016984,0.5339394346905124
733,0.601590685064492,0.4870356194627213,0.5884993757593098,0.7380983593610052,0.5255851799709026,0.5715872934724001,0.530759943786766,0.542801731526554,0.5168880715885622,0.5349928570792943
734,0.6012367945531641,0.485623117488178,0.5885516631020636,0.738531206627247,0.5287924389176217,0.5729604924415655,0.5302475361060458,0.5422497379259376,0.5173307625835307,0.5360352681677248
735,0.6008430459340155,0.48432299123710404,0.5886203288287349,0.7387866956420711,0.5320944335365984,0.574327837783384,0.5297283453628155,0.5416800702893939,0.5178129173639895,0.5370654169781154
736,0.6004089889406086,0.4831361085875171,0.5886978359134404,0.7388636130362479,0.5354890161151273,0.5756887373606353,0.5292027128142621,0.5410932114998123,0.5183344532764056,0.5380820904817715
737,0.599934213351294,0.4820631612327826,0.5887767582453343,0.7387611886167859,0.5389737534029014,0.5770425446671525,0.5286709831897038,0.5404896681539596,0.5188952220604871,0.5390841146618931
738,0.5994183511274767,0.48110466548830255,0.5888498101270004,0.7384790943130791,0.5425459212164303,0.578388558159863,0.5281335041252607,0.539869970559172,0.5194950096236467,0.5400703554330305
739,0.5988610785542454,0.48026096339149144,0.5889098745234385,0.7380174412475284,0.5462024999120186,0.5797260210220345,0.5275906256263568,0.5392346726760047,0.5201335359688086,0.5410397194167402
740,0.5996456036307068,0.4766910989589743,0.5857842302414888,0.7515967449984927,0.550888614391746,0.5809716384803995,0.531954300480031,0.5348421872091714,0.523763813772359,0.5392375036528276
741,0.5965515723085427,0.4826174937839813,0.5735961014033407,0.7548864929602118,0.5582147402804226,0.5791573473945317,0.542288540323589,0.5249163771786103,0.533058117965901,0.5319175638339899
742,0.5956903417836696,0.483655256052951,0.5722727510822645,0.7516168270259265,0.5624538444428877,0.5805050211219249,0.5414204485053875,0.5239864027008033,0.5340552314038691,0.5325308251540608
743,0.5947835840843292,0.4847974367617001,0.5708772569057948,0.7482812912133026,0.5666910636621281,0.5818202987719173,0.5405420387632252,0.5230629481761836,0.5350658227718412,0.5331251849434583
744,0.5817698723777328,0.5092342465867874,0.5583955109213341,0.7129748816250099,0.5739675954698799,0.5767442431868736,0.5467394148174035,0.5150185173613683,0.544838906519659,0.5241534604147026
745,0.5806541418338542,0.5114969707682165,0.5568640354706514,0.7100547589434913,0.5775152907897891,0.5778401005815041,0.5456540010653519,0.5142151742607618,0.5457483264642179,0.5244472685786234
746,0.570048854582167,0.5285845119548293,0.5567289514145989,0.6857655118128105,0.5828641133186541,0.5761877867680099,0.5462391142393911,0.5113065571625994,0.5503057779755574,0.5202280239788207
747,0.568830417997944,0.5311965408747292,0.5558016315610123,0.6837231374469075,0.5858704530933317,0.5771724081307948,0.5450725111923459,0.5107004352678817,0.551069633491816,0.5203684826615903
748,0.567580607807795,0.5338351477583,0.5549301510233934,0.6817318345500492,0.5887895220719557,0.5781314149277853,0.5438978829189235,0.5101298938342432,0.5518217662644842,0.520493656517422
749,0.5663006554974848,0.5364956679912138,0.5541163672268733,0.6797882794208294,0.5916159482208971,0.5790654019445759,0.5427162561490234,0.5095952999829324,0.5525616700437445,0.5206034008960758
750,0.5508017967145131,0.5568271766411901,0.5673193221485406,0.6562287166281879,0.5971892139883612,0.579029673232624,0.5413837811795349,0.5087147126811579,0.5567057453616254,0.5160522220595944
751,0.5495318121136387,0.5594838745856677,0.5676198273863242,0.6553185514595697,0.599478067765839,0.5799628593768036,0.5401567402595229,0.5084802343635992,0.5572132265768649,0.5160292346261632
752,0.5412613036144444,0.5695293909896741,0.5786359883060874,0.6462445246739167,0.6036299732412514,0.5816921619175028,0.5382403612055654,0.5087720723272748,0.5588223728631574,0.514359662763453
753,0.5400338664329541,0.5720400312684466,0.5795136748413786,0.6456550990309704,0.6056760693561394,0.5826602537830716,0.5370022936737342,0.5087363772486987,0.5591874351887229,0.5142886919413421
754,0.5388009234097095,0.5745128533586737,0.5804411057619969,0.6450356687234489,0.6076452975563477,0.583625806252287,0.5357632881707808,0.5087432123552192,0.5595315576102072,0.5142092364770995
755,0.5249790812362811,0.5883032680513466,0.6070720768843728,0.632959020452114,0.6144628200892933,0.5887623820863191,0.5322200850364953,0.5108595572948824,0.561054000285778,0.5122517683503972
756,0.5239526490074502,0.5903774065416232,0.6086634891954054,0.6324604823041557,0.6163401658012624,0.589866969394497,0.5309983433378438,0.5111532456256377,0.5611559829862955,0.5121572254650549
757,0.5229360081090153,0.5923927131822564,0.6102503304691398,0.6318663367143429,0.6181703374720374,0.5909775934532596,0.529781378989087,0.5114868479316981,0.5612339601293914,0.5120602939482072
758,0.5208708125873793,0.5951891057224927,0.6144155796901406,0.6302850492514481,0.6205232961976983,0.5926749563899469,0.5282925391581675,0.5121231354003652,0.5613313468303281,0.5118850414545764
759,0.5158952422637971,0.6001060599523935,0.6265277757548722,0.6260665467943015,0.6247137809395864,0.5964254270913378,0.5258994207728711,0.5136911807603866,0.5614098382462456,0.5116443868853623
760,0.5150523748616224,0.6017600566441873,0.6281445099927109,0.6250631606408976,0.6265163387116395,0.59762338325826,0.5247273998479592,0.5142159505222115,0.5613248930341908,0.5115681918645509
761,0.5142295747469431,0.60334801099348,0.6297094717184543,0.6239303565512629,0.6282904997188266,0.5988282827448973,0.5235681037481602,0.514774274267149,0.5612149807953762,0.5114938054728746
762,0.513428364864566,0.6048693398881151,0.6312168904217723,0.6226657976151125,0.6300383098386901,0.6000399590393714,0.5224233670951441,0.5153646521372762,0.5610801623442953,0.5114216381724245
763,0.512650247204926,0.6063236784508733,0.6326612890220347,0.6212677684249108,0.6317619101660924,0.6012581623404106,0.5212950453420404,0.5159855565914562,0.5609205105600263,0.5113521057802971
764,0.5118966996890961,0.6077108776554964,0.6340375035027956,0.6197351816160469,0.6334635191521595,0.6024825556790173,0.5201850112582912,0.5166354363086638,0.5607361106712844,0.5112856289786647
765,0.5111691730830388,0.6090310010645953,0.6353407006780999,0.6180675814797999,0.6351454141849079,0.6037127113965647,0.51909515124835,0.5173127200607794,0.5605270605747034,0.5112226328058785
766,0.5104690879514933,0.6102843207053373,0.6365663940288893,0.6162651446564228,0.6368099127107087,0.604948108011748,0.5180273615164007,0.5180158205423192,0.5602934711846537,0.5111635461289266
767,0.501113196242915,0.6177075667666334,0.6761160821791257,0.5973582549170338,0.6518077070009588,0.62255463922408,0.5108468726595861,0.5245778476241126,0.5579098295407058,0.5140730550766435
768,0.5010885395673826,0.6193782741017911,0.6921479220229919,0.5853271857598575,0.6589855837629707,0.6320602405374861,0.506951199237367,0.5282800766260015,0.5552165718849088,0.517335958879712
769,0.5600123928796761,0.5841878349011115,0.6886109139353043,0.5459217978345012,0.6246283646443997,0.6353529168729389,0.49857017183090646,0.5358775219739379,0.5293728857401361,0.5485151276103815
770,0.5603830937412375,0.5830416423999888,0.6856888341961374,0.5442885003804331,0.6246673128515864,0.6348689635980301,0.49827261271597195,0.5364570220583934,0.5282411764682196,0.5500198948299138
771,0.5607298686345743,0.5819328848469434,0.6827925584575328,0.5427385461148245,0.6246340982637401,0.6343529878858253,0.49801389652145805,0.5370276295814624,0.527110115502326,0.5515350115333387
772,0.561052654673139,0.5808629261200782,0.6799290926838917,0.5412725294665182,0.6245303889787448,0.6338081268974023,0.4977941724819134,0.5375887599736332,0.5259814762266294,0.5530586130918499
773,0.5613514302978132,0.5798329797704637,0.677105052848987,0.5398907404923672,0.6243581385864436,0.6332376128715577,0.4976135259624882,0.5381398637716844,0.5248570629175671,0.5545888348683748
774,0.5654320034902476,0.5749686442861163,0.6708062636182428,0.5403177623268722,0.619970077050726,0.6307682917403602,0.4978237038462516,0.5383429818326219,0.5222889796410393,0.5574024618065327
775,0.5848687636756447,0.5496170411673093,0.6478293104661159,0.5579327674339538,0.5991737608568402,0.6216254524437793,0.5011581873781307,0.5356175973955263,0.5143607325787658,0.564270530610329
776,0.5846941673143011,0.5483403705138068,0.6458617372887593,0.5580060734020638,0.5990720710798569,0.6213478676543629,0.5010324796081522,0.5358502686481811,0.5135644654522548,0.5658902657953108
777,0.5844901432467693,0.5471183445980542,0.6439786592172396,0.5581027403068981,0.5989916087146939,0.6210988997921284,0.5009370749690314,0.5360716082091794,0.5127940375636235,0.5674982669415068
778,0.5842570387399006,0.545951330942072,0.6421801345650608,0.5582193170546836,0.5989373540584733,0.6208814355152252,0.5008716667512993,0.5362815747566111,0.5120511548388285,0.5690926299528388
779,0.5709097693154248,0.5504771376787436,0.6343255409396508,0.5440817075583988,0.6061386200032377,0.6212200164676076,0.500492260126401,0.5403974960776479,0.5073547967239909,0.5842969572213622
780,0.564862854947914,0.5536987566214726,0.6310509429004686,0.5385231841928773,0.6083491344319147,0.6212056506767691,0.5022006985722374,0.5419220937545413,0.5054547474411897,0.5906352737984294
781,0.564431726237076,0.5535828176244798,0.6300967863090979,0.538496400921376,0.6082547266553907,0.6211352256447653,0.5027150025115518,0.542155982187182,0.5049863280158938,0.5918671079030017
782,0.5639833197823514,0.5535060242919286,0.6292037945346247,0.5384897194857826,0.6082191022590532,0.6211129727051636,0.5032531089602078,0.5423780063341336,0.5045666797053995,0.5930655909853288
783,0.5635184170104796,0.5534668762697245,0.628368172608771,0.5385010480031536,0.608246875208759,0.6211395118071095,0.5038137633036696,0.5425883631749794,0.5041971377496928,0.5942300326246004
784,0.5696561646644188,0.5456766205325896,0.6248477394198616,0.5490553277345701,0.6062157280401438,0.6224302094853965,0.5048853538518789,0.5421907890684906,0.5041488808877411,0.5947182061488736
785,0.5690946892491713,0.5455913473471237,0.6242099925963569,0.5491686987245709,0.6069354293850986,0.6228883806695605,0.5054038550791701,0.5422646999819767,0.5041256686766793,0.5957563050795139
786,0.5746133472092055,0.536672324563326,0.6196538419572313,0.5627177828426386,0.61024589794807,0.6281286321252452,0.5072242048615491,0.5412229761380336,0.5068936362481811,0.5957057669569915
787,0.573951930986135,0.5365864707489564,0.6190790393046876,0.5627051802424824,0.6119815855938413,0.6290645853256898,0.5076483618499759,0.5411509571512712,0.5072986582634083,0.5965732883913294
788,0.5732766337286137,0.5365329636973926,0.6185048730053735,0.5626628848438718,0.6138236779748789,0.6300323212670708,0.5080784013846331,0.5410741561770731,0.5077557610752946,0.5974056096993756
789,0.5725880835410788,0.5365106051412551,0.6179272439515213,0.5625913905976778,0.6157707902964727,0.6310284871621697,0.5085132200380147,0.5409931115563338,0.5082648012659008,0.5982027368282918
790,0.5718869160599414,0.5365181967872827,0.6173421807881971,0.5624913523433794,0.6178210721499598,0.6320495209254521,0.5089517150504699,0.5409083728522016,0.5088255425086039,0.5989647375166812
791,0.5768915736384832,0.5289590590785027,0.612258089721351,0.5755158937505431,0.6251740294660163,0.6393575517113934,0.5100755432932996,0.5399002887240489,0.5151595387024386,0.5959266580357363
792,0.5810785387576105,0.5222461921681468,0.6055501422436204,0.5877548122776698,0.6339302926015273,0.6469601122245742,0.511300365088606,0.5384975769637914,0.5233491008041044,0.5917045656069013
793,0.5689663146420181,0.5294091569314876,0.602533630645569,0.5701084415982097,0.6579580779625651,0.6516926935880769,0.5123203681866796,0.5370291877833647,0.5251705766141421,0.6011197225620156
794,0.5795126529563096,0.5175767970910741,0.5768198170941965,0.597455056552693,0.6728297466848356,0.6616212100997534,0.5120823373260556,0.536297316449517,0.5553478688809856,0.5815858031143579
795,0.5786323129575448,0.5179785709978506,0.5750541024349763,0.5962660342577468,0.6757938314634067,0.6620634308736488,0.5117306631672848,0.5360274533491525,0.5566664044616146,0.5817044827593535
796,0.5800245685249112,0.5167662278006516,0.5641244098919229,0.6013829964475055,0.6768322557898396,0.6606396643445968,0.5115669384797434,0.5353438527654247,0.566983847982316,0.5738819034955701
797,0.5793834360160415,0.5171390440221735,0.5609190470784388,0.6009072646002769,0.6785799293360188,0.6602510855240468,0.5110872651513939,0.5350464488502742,0.5694401390396898,0.5726914729659215
798,0.5808642820609767,0.5177592868764243,0.5408148364286093,0.6087194999421833,0.668395988085436,0.6501230406665451,0.5114043831410506,0.533762863864676,0.5866983004308047,0.5545809902162733
799,0.5799035773425815,0.5184601126061903,0.539021241068291,0.6073943894120332,0.6691595644040969,0.6497332765720243,0.5106482697152773,0.5336055892356496,0.5875216104978611,0.5544095015929121
800,0.578927142656504,0.5191731666800756,0.5372550840388937,0.6060554572327886,0.6697251251641289,0.6492753130063148,0.5098986442172573,0.5334865884052801,0.5883191517823713,0.5542230680203154
801,0.5779745910571751,0.5200704801931021,0.5343640918750058,0.6052087299996883,0.6687995454435552,0.6477787701520864,0.5092207842198093,0.533344080042177,0.5900898205143381,0.5526517501537463
802,0.5762660587504826,0.5240465527169458,0.5207011615046164,0.6087259059164948,0.652195440661515,0.6353775867799936,0.5095787731820342,0.5323872911797853,0.6011320458879246,0.535888940929757
803,0.5752454758872486,0.5248606123893658,0.5193763454952111,0.6073692095958846,0.6514353393039122,0.6348488278286851,0.5087908372343297,0.532427622278456,0.6015116206804414,0.5355707258249922
804,0.5687095661461232,0.5338984642363199,0.5087075405909237,0.6098331687397072,0.6290126170158536,0.6230439374649469,0.5111855080689436,0.530153382301183,0.6120039085554709,0.5120704117291149
805,0.5677132980782718,0.5347290701728847,0.5081837051972197,0.6083637350467692,0.6279618213468654,0.6230774368533212,0.510554243353043,0.5303543872820017,0.6119305924740828,0.5117616678095611
806,0.5667076611303012,0.535550882149759,0.5077113041747361,0.6068213309503951,0.6268559815403936,0.6231235166640753,0.5099701693232461,0.5305947015597617,0.6118404442068828,0.5114578189402592
807,0.5656933482522002,0.5363632708727345,0.5072890284952043,0.6052055055968749,0.6257028181935813,0.6231840579534152,0.5094364827594466,0.5308723204998813,0.6117345564418946,0.5111590684121724
808,0.5646710615912838,0.5371656604272484,0.5069155005284304,0.6035161637752614,0.6245102232789179,0.623260752195841,0.5089563623520156,0.5311851674401519,0.6116140020640242,0.5108656185511107
809,0.5636415108324005,0.5379575284197672,0.5065892814416342,0.6017535695305496,0.6232862264153942,0.6233550873748375,0.5085329606208253,0.5315311000764258,0.6114798307605058,0.5105776709845619
810,0.5626054115339576,0.5387384058903946,0.5063088784553043,0.5999183480117123,0.6220389604104994,0.6234683348801934,0.5081693957031528,0.5319079169916547,0.6113330657608539,0.5102954268936335
811,0.5610609784174265,0.5400112203087541,0.506169026344881,0.5980068635463289,0.6203893888737918,0.6237104010581643,0.5080985799864928,0.532136041934623,0.611476404618894,0.5091079850068043
812,0.5600212835734272,0.5407660117005795,0.5060066149095029,0.5960167359893477,0.6191852685986724,0.623905912965433,0.5078830468726759,0.5325672613223775,0.6112949685812564,0.5088475579847229
813,0.5589773078535415,0.5415087825374347,0.5058845474427366,0.5939573193532417,0.6179871259113936,0.6241222140610732,0.5077371652612018,0.5330222838911494,0.6111040885951716,0.508594187349019
814,0.5579297583448692,0.5422393103029401,0.505801147584243,0.5918307881624549,0.6168029743263113,0.6243593992865565,0.5076638166354884,0.5334987221699659,0.6109046320650141,0.5083480748396602
815,0.5568793394421183,0.5429574213987095,0.5057547216966716,0.5896396621824361,0.6156407341768767,0.6246172953602334,0.50766580415336,0.5339941651475549,0.6106974242590146,0.5081094218950739
816,0.5535487953418493,0.5456566206280765,0.5069324646913224,0.5868774803852516,0.6150092333503164,0.6268365354087754,0.5089206652540524,0.5335137005755709,0.6114553893618914,0.5048866659188813
817,0.5438613485986058,0.5530352025271162,0.5141245578687599,0.5808007794673694,0.625149338410064,0.6416373638213068,0.5141038169964807,0.5296078084232334,0.6130423462273709,0.49903200755042626
818,0.5430071058288911,0.5536609926851481,0.514519784911414,0.5781749043868795,0.6258318980650895,0.6423538383354251,0.514853076099901,0.530047077307996,0.6126891375027641,0.4991509128860088
819,0.5421522775501082,0.5542812474269644,0.5149286123605169,0.5755076860353355,0.6265936471538021,0.643040880851851,0.51569484958468,0.5304926465944416,0.6123297845266341,0.49929015922377445
820,0.5412971962563744,0.5548964720764175,0.515349340930811,0.572805049963421,0.6274357088064173,0.6436943227212036,0.5166306729386301,0.5309421951498193,0.6119642945976124,0.49944974506949646
821,0.5404421870718783,0.5555071746897955,0.515780318378207,0.5700730968848848,0.6283587915900236,0.6443098719296931,0.517661932865857,0.5313934483110794,0.6115926203743198,0.49962964914328206
822,0.5395875677440386,0.5561138624618568,0.5162199399168342,0.5673180795632714,0.6293631830782165,0.6448831290571405,0.5187898619277114,0.5318441845600759,0.611214661568102,0.49982983022613914
823,0.5387336486908947,0.5567170381767068,0.5166666483303863,0.5645463793900929,0.630448745287408,0.6454096041459669,0.5200155335587382,0.5322922419468444,0.6108302668391173,0.5000502270217791
824,0.5338747690383823,0.5599047285210843,0.5175036606588457,0.5361103166281552,0.6315188137723927,0.6364316059584643,0.535966904703269,0.5428866634045499,0.6053001656820015,0.5029201581208456
825,0.5143338559752512,0.5734860249160444,0.5349127828304029,0.5172160798885896,0.698645038173914,0.6745267944299356,0.5636492207086676,0.5161210342767384,0.6007494774747242,0.5215492736432391
826,0.5138377660791505,0.5740896520682334,0.5351224826927338,0.5154694605857312,0.7004689303178337,0.6721879446864018,0.5668421015553061,0.5161876072332312,0.5999927726150873,0.522649593236292
827,0.5133392507531052,0.5746998093869992,0.5353152301195241,0.513828883848884,0.702194987216573,0.6697172346525487,0.5700960017356667,0.5162473154858872,0.5992094309680058,0.5237644926726023
828,0.5128384827607858,0.5753161306916573,0.5354903136680622,0.5122976014856309,0.703817619349474,0.6671178413750615,0.5734079310185204,0.5163003383878884,0.5983991040349061,0.5248929217013887
829,0.5091848106990271,0.5785128504574428,0.5400298131973357,0.5060748506380228,0.7121690509747768,0.6641827387880179,0.5847745871289812,0.5072397474468924,0.5904825663447698,0.5404285333294654
830,0.5087662577152776,0.5791190009733491,0.5400070053306598,0.5051983485335049,0.7125366667004538,0.6606007388360946,0.5882346823946125,0.5073206212668042,0.5894283020055326,0.54179739404585
831,0.5083428938295813,0.5797289890920572,0.539964272506273,0.5044399030627249,0.7127576452830134,0.6569545911823544,0.5917228229493889,0.5074066451265824,0.5883447213137578,0.543168467164824
832,0.5097329047073812,0.5799741262006274,0.5427817535119758,0.5005754924194589,0.6884571874184205,0.6303167208799996,0.6022660037507259,0.49933427177773715,0.5663562820135161,0.570115487612626
833,0.5093231034747681,0.5804405862171794,0.5423864125049135,0.5007572460382755,0.6866587769071625,0.6269689106869595,0.6054326237428002,0.499689969191246,0.5649767984135449,0.5715543716830859
834,0.5089072818474296,0.5809039210082151,0.5419728823067568,0.5010385066019951,0.6847712769197923,0.6237257966970782,0.608583025632812,0.5000681591752748,0.563578875562509,0.5729743200814537
835,0.5084861251341104,0.5813633793500697,0.5415408068724356,0.5014179829508425,0.6828008623448347,0.620594867987312,0.6117132448061384,0.5004696528415464,0.562163622470563,0.5743742233402342
836,0.5080603356556419,0.5818182156847691,0.5410898757482089,0.5018942484573062,0.6807538347251421,0.6175832131155303,0.614819341924916,0.5008952625952702,0.560732194164204,0.575753024562798
837,0.5076306314434262,0.5822676924066443,0.5406198272580878,0.502465745766832,0.6786365929715608,0.614697494510432,0.6178974107647831,0.5013457986849236,0.559285790004671,0.577109721262063
838,0.5179428367514386,0.5745010273289904,0.5355287116182685,0.5082825905566017,0.6355051497753514,0.5991102851371037,0.6137720591714775,0.5103206783047148,0.530099914105791,0.5953880278438999
839,0.5260355268115801,0.566997058734768,0.5306085685548698,0.5137469817340748,0.6217555505557213,0.6068515373676378,0.6059461977165066,0.522052638324984,0.515946176413464,0.6012989861966538
840,0.5505481848974756,0.5416210251062707,0.5168240807803188,0.5273631906931534,0.6380617443277631,0.6743967162264957,0.5675549002396938,0.5620165940050644,0.5023910750201603,0.6039208067036548
841,0.5497625241124732,0.5412721175143554,0.5159734918811008,0.5278027417789659,0.6398945921452264,0.6785111827182082,0.5672323078297143,0.5636789044997007,0.5020439686032954,0.6045564285869818
842,0.5554737856560297,0.5339374984083922,0.5118623626474688,0.5311239088428397,0.6530473861930256,0.7038742116656905,0.55372245775758,0.5769016184736669,0.5048019438890634,0.6034766420157996
843,0.5546031918208207,0.5335637468310085,0.5111286520658963,0.5312819370337024,0.6550134054844363,0.7074535932391978,0.5529525291126309,0.5786855926211384,0.5046246948024232,0.6040748600036151
844,0.5537220740884365,0.5331909434701876,0.5104191112610602,0.5314295165518178,0.6569288201897208,0.7109071152530695,0.5521599898887687,0.5804840781528019,0.5044698069483017,0.6046595949757826
845,0.5528311044867945,0.5328191096436679,0.5097339396238175,0.5315663559802107,0.6587849878938947,0.7142236211412101,0.5513468057384284,0.5822959116659819,0.5043379397451068,0.6052310674208633
846,0.5744349788884416,0.5097425941260367,0.5025244435668889,0.5364511322661458,0.6602352778407945,0.723639594899948,0.49358365318897496,0.6286730218670146,0.5544063329923739,0.5763861269115029
847,0.5731793146191745,0.5095781434152962,0.5025961942813886,0.5350352805643982,0.6589653016020041,0.722063136594863,0.49245780966486097,0.6305497461615233,0.5541796792902748,0.5767091161676056
848,0.5719113158150158,0.5094158726777025,0.5026921194883849,0.5336163772492062,0.6575816091220077,0.7203637812453838,0.4914160530416036,0.6324008679141327,0.553971247362962,0.5770198201425976
849,0.5651374480739761,0.5174972749506084,0.5123879666631721,0.5234157401066937,0.6105282220553635,0.6203228682956969,0.5044132997450222,0.62610777606887,0.5945861620782605,0.5259555620773702
850,0.5638669918068765,0.5176771752056661,0.5129704710523051,0.5214572687793216,0.6098786741624832,0.6186432041499995,0.5056296914608857,0.6271060320457654,0.5941299986414368,0.5258044942676839
851,0.5625968667534998,0.5178590881403005,0.5135498595103783,0.5195578675858228,0.6093119609522495,0.6169553593520947,0.5069790351739386,0.628036132065591,0.5936960886525855,0.5256490325394374
852,0.5613278925628806,0.5180430561765401,0.5141247793417307,0.5177222256683114,0.6088314627972258,0.6152585629911644,0.5084617420996547,0.6288957735666443,0.5932847964909963,0.5254888648047142
853,0.5600608734647994,0.5182291101702725,0.514693918289358,0.5159549268460797,0.608440124566267,0.6135518144513209,0.5100779496417034,0.6296827986041837,0.592896403842328,0.5253236996748403
854,0.5449298543152599,0.5324285335086242,0.521789158685874,0.5083325743527682,0.6347587506977799,0.5933677057654707,0.5515517460603256,0.5983342755151969,0.6043231254751228,0.5050465807757448
855,0.5207698183115088,0.5540508843491286,0.5271190031647051,0.5028922628831246,0.7007519369345995,0.6089662869328435,0.6150827595884383,0.5378764636363066,0.6061371971863829,0.5116884607826997
856,0.5201715479120854,0.5544842837347629,0.5273329714228969,0.5027934212996159,0.7016468526151394,0.6053647718474778,0.6192159658852003,0.5371659270150494,0.6055559507110982,0.5124615342166112
857,0.5195749533140125,0.5549174646133906,0.5275190490388432,0.5028210934534525,0.7024096841073838,0.6016632282806668,0.6233778752586137,0.5364331262374328,0.6049523332352916,0.5132477734055291
858,0.5076712669815223,0.5655566806775426,0.5249510671000358,0.5059913359146279,0.7059993455925357,0.599583802764778,0.6555382284900635,0.5017205451994728,0.5920808327467366,0.5397236495374077
859,0.5072663933778285,0.5658979464699295,0.5248157963454598,0.5069656194943644,0.704412306357651,0.5954063830339813,0.6593867174495637,0.5013148026814367,0.5910282768061765,0.540938780993524
860,0.5068616120635635,0.5662334125869641,0.5246570959664768,0.5080443057560451,0.7026938893412294,0.5912814880115129,0.6631976149885459,0.5009323499111755,0.5899463944600958,0.5421513521327309
861,0.5064573469567178,0.5665626286490449,0.5244752348251959,0.5092252195993061,0.70084818393838,0.5872176910783861,0.6669667090906674,0.5005751305863227,0.588835447245265,0.5433602540745707
862,0.5057586682856844,0.5671556837281664,0.5239965546717534,0.5107848508470322,0.6978613594215124,0.5831339830278995,0.6713828812222162,0.49937150208186043,0.5868667504341483,0.5457207964607256
863,0.5053618723206234,0.5674640693411306,0.5237602258746014,0.5121824598867687,0.6957124353699949,0.5792726813670575,0.6750238892030757,0.49910181651655783,0.5856839947825241,0.5469253280305423
864,0.5047784842743235,0.5678078701136873,0.5236464223035338,0.5161932872573781,0.6909461200963509,0.5679258257594171,0.684300463351038,0.5000821663037857,0.583751332979691,0.5482153122508979
865,0.5030050658727715,0.569336847533578,0.5213747835876136,0.5198686494532245,0.6822552846534605,0.5655612950409122,0.6906996893675262,0.49642196964386437,0.5778101912171829,0.5549638712057343
866,0.5026381643586632,0.5695768706726051,0.5210165070947117,0.521741783610089,0.67948897923819,0.562476625590127,0.6939051760468118,0.49645251257070006,0.5764605015514479,0.5561255600902139
867,0.5021593170459677,0.5698116532926645,0.5207088684042036,0.5252600001853762,0.6751216142863471,0.5562088480952107,0.6996219093053453,0.4971271475694386,0.5747107549412345,0.5573305744396814
868,0.5018018679285964,0.5700295790541446,0.5203090839650448,0.5273358364665963,0.6721803630764851,0.5534513692441982,0.7026254570895447,0.4972533400306849,0.5733049343715131,0.5584495532699928
869,0.5014503290364386,0.5702365705685397,0.5198950631238863,0.5294763294958789,0.6691793303365793,0.5508394741962267,0.7055425983462171,0.4974282375231475,0.5718785711780119,0.5595529729543776
870,0.501105219044087,0.5704323313077997,0.519467827735029,0.5316778098416802,0.666123863202016,0.5483763642802789,0.7083705931030926,0.4976533351721646,0.5704326912529111,0.5606401315646099
871,0.49905119163677786,0.5721212154236854,0.5129228165511668,0.539685971983273,0.6454363705539773,0.558143908200889,0.7126617178171308,0.4981847090778892,0.5553725769265478,0.5732857157764844
872,0.49877790080189477,0.5721703851967157,0.5124610862112675,0.5419677592161308,0.6423378278763419,0.5573773720850149,0.7147035354451661,0.49908467431714154,0.5538491866456636,0.5742827303188134
873,0.4985130229437649,0.5722070610439219,0.5119980550954106,0.5442787046777178,0.6392458104342088,0.5567837357593628,0.716635319859583,0.500041255762333,0.552319140178573,0.5752584940365641
874,0.498257037529051,0.5722311734636099,0.5115348448123125,0.5466150197687437,0.636164106842097,0.5563597739312309,0.7184555042485579,0.5010546988045078,0.5507837874630779,0.5762127216083246
875,0.49801041640799076,0.572242667676671,0.5110725923949158,0.548972896500505,0.6330962343145154,0.5561017108864827,0.7201627086894785,0.5021251376886026,0.5492445006854539,0.5771451681723536
876,0.49777362295187383,0.5722415034626465,0.5106124469095186,0.5513485137934715,0.630045435117072,0.5560052412415998,0.7217557415826314,0.5032525928779218,0.5477026724046155,0.5780556284711746
877,0.5168869270399772,0.5549291180979351,0.49963988870238785,0.5622638989818658,0.5964377400421081,0.6745983710844163,0.6395275277829322,0.5960391271867508,0.4980852399298166,0.6002128200850597
878,0.5305292946671667,0.5411638413289094,0.5057184957975699,0.5573604229420532,0.605145203739795,0.7156757872553139,0.5795605709407563,0.6406778132518544,0.49712633812381907,0.5999073883818351
879,0.5300957206990827,0.5405320951032773,0.5060580556223221,0.5574408437443228,0.6053577488325265,0.7180026219325318,0.5768348383049599,0.6432829112750187,0.4965850505362657,0.6004828776860376
880,0.5370839666035365,0.5325489193583205,0.5115871074681805,0.552591228156535,0.610993985211721,0.7300009950189055,0.5415053258756224,0.6654043824815521,0.5009676288578907,0.5987564954360438
881,0.5372687162976801,0.5311760429815837,0.5126536649514629,0.5517088634950976,0.6116485527381711,0.7315831568568089,0.5352189449140351,0.6697818440663699,0.5012144491941652,0.5990054605916137
882,0.5367145499297505,0.5305367986914189,0.5131649622070871,0.5513211991060368,0.611765215396283,0.732415028470887,0.532123084813118,0.6723360837381019,0.5008415568914558,0.5995531267010796
883,0.5361561703471128,0.5299034284930633,0.5136891901426296,0.5509112524070541,0.6118411389701804,0.7330586587962364,0.5290290063102616,0.6748664157402673,0.5005145173006889,0.6000924418129009
884,0.5355940419595444,0.5292765325906836,0.5142251165753905,0.5504807907064047,0.6118768967353386,0.7335135756690877,0.525942665647148,0.6773709948707364,0.5002351908897501,0.6006226606750799
885,0.5350286360582761,0.5286567108503718,0.5147715006598427,0.5500316488883734,0.6118734102057792,0.7337799306049937,0.5228700795156782,0.6798480020756075,0.5000054071439599,0.6011430241979512
886,0.5440150145765869,0.5181668521431102,0.525250910110288,0.5400512900475326,0.6161248013215034,0.722309279338072,0.4760878448872695,0.7038326129843759,0.5143123115018172,0.5946816657265753
887,0.5432983272605403,0.5176068604108258,0.5258875934768518,0.5392228902686713,0.6159820306494652,0.720954598750399,0.4733098728801718,0.7062257605468474,0.5141956822772223,0.5950922322008805
888,0.542577852498476,0.517059712430967,0.5265213066653027,0.5384011157442684,0.6158223446069001,0.7194556426572939,0.47061225000606594,0.7085787343684694,0.514137178342809,0.5954891137909142
889,0.541854159077734,0.516525991978793,0.5271506890569533,0.537588490811706,0.6156494082331827,0.7178170903194441,0.46800086458827206,0.7108894704150623,0.5141384614208842,0.5958713526079958
890,0.5575556684620432,0.49834946559127036,0.5572740659417617,0.5059711868674296,0.6265386145262493,0.5766070298122893,0.44795312775876633,0.7257802534421683,0.5773190401127459,0.5440323515766343
891,0.5564975407226299,0.49851907015351676,0.560056967537301,0.5026269752622011,0.6328479232317061,0.5516219013042662,0.466723527699724,0.7206999360926246,0.5848940584536869,0.5338690877524704
892,0.55557837720908,0.49854942692379217,0.5603275843277259,0.5022946357958061,0.6339457673229782,0.5486020018149628,0.46917786692710434,0.7218029462982511,0.584853945958543,0.5335544125435431
893,0.5546606345432924,0.4985989010880939,0.5605572617869359,0.5020638127594425,0.6350513069002985,0.5455421476956842,0.4717899020681848,0.7227759546864873,0.5848608065218847,0.5332337195987303
894,0.55374475036733,0.4986673502783952,0.5607456756107468,0.501935608327186,0.6361607100780382,0.5424417547434751,0.4745578748524104,0.72361636741531,0.5849138766236309,0.5329067468441939
895,0.5511512153538174,0.5007867325209232,0.5615509303018646,0.5011364087277408,0.6475693135602091,0.5137474511399426,0.5111140974882922,0.7074957624325491,0.5941584327154777,0.5201561503566107
896,0.55029385729216,0.500979453125287,0.5615475694250768,0.5015641543699421,0.6486368573606311,0.5104286629421593,0.5149594239155515,0.7074810160738295,0.5942547388325795,0.5198071072993806
897,0.5494405207672584,0.5011875964015051,0.5615018863410633,0.5021047614205106,0.6496610625362808,0.5070570269264196,0.5189276265305717,0.7073230045850767,0.5943819462897277,0.5194569545755875
898,0.5485915556638062,0.501410749354696,0.5614141674685167,0.5027580734331154,0.6506370865249427,0.5036327987078711,0.5230148599545401,0.7070210807060812,0.5945385746791374,0.5191055909439268
899,0.5477473067434877,0.5016484675076589,0.5612847830231741,0.5035237590900569,0.6515601157380722,0.5001564184874027,0.5272170667928819,0.706574888546628,0.594723069590003,0.518752935544968
900,0.5469081136842059,0.5019002760702138,0.5611141867517919,0.5044013145368648,0.6524253815797812,0.4966285209260383,0.5315299869514083,0.7059843657205299,0.5949338090890827,0.518398927652746
901,0.5460743111061396,0.5021656711714336,0.5609029155391619,0.5053900660166687,0.6532281761650923,0.4930499442121036,0.535949167507025,0.705249744798922,0.595169110310092,0.5180435263923524
902,0.5452462285828473,0.5024441211492146,0.5606515888839393,0.5064891727846621,0.6539638676745131,0.48942173826166174,0.5404699730970416,0.7043715540748492,0.5954272361237621,0.5176867104265597
903,0.544424190635896,0.5027350678915878,0.5603609082392244,0.507697630282776,0.6546279152851627,0.4857451719970017,0.5450875967890745,0.7033506176327722,0.5957064018604639,0.5173284776143819
904,0.5436085167116887,0.5030379282241652,0.5600316562140283,0.5090142735545682,0.6552158836219798,0.48202173965250805,0.5497970713916062,0.702188054718217,0.5960047820573534,0.5169688446442886
905,0.5427995211394189,0.5033520953381388,0.5596646956320093,0.510437780880388,0.6557234566761693,0.47825316606212726,0.5545932811635605,0.700885278404389,0.5963205172022333,0.5166078466446443
906,0.5419975130693077,0.5036769402533092,0.5592609684441776,0.5119666776130317,0.6561464511419066,0.4744414108877448,0.5594709738797111,0.6994439935542845,0.5966517204466707,0.5162455367737382
907,0.5412027963905066,0.504011813310691,0.5588214944926037,0.5135993401943753,0.6564808291263402,0.47058867175313596,0.564424773207397,0.6978661940784964,0.5969964842613865,0.5158819857915946
908,0.5232886700436156,0.5227718711319881,0.5343653322453447,0.5423903321568465,0.6814635360712108,0.44325699661197593,0.7251700210118605,0.5508862506323291,0.6098401054692739,0.5017256061514178
909,0.5229462092670659,0.5230112539154277,0.5339469426639948,0.5452578211937976,0.6789654871430068,0.43934515042458794,0.7293961203793708,0.5483009070651248,0.6093494838453004,0.501959509925552
910,0.5226127162827396,0.5232431456692894,0.5335224691873884,0.5481865485609417,0.6763378977154727,0.43551654121878064,0.7335549804816799,0.5457213873223945,0.6088276789055761,0.502202541712893
911,0.5142552918539778,0.5314995574332948,0.5221797849475136,0.5625033792711379,0.6647256773251574,0.4542622100799356,0.7721996077659521,0.4946305886246977,0.5991130852726181,0.514083647152991
912,0.514115649332814,0.5315716896533994,0.5219688943984638,0.5655135741493915,0.6610651842208406,0.45172858199057453,0.7751289023579058,0.4930897638858768,0.598106974606732,0.5146470862672815
913,0.5139846038568856,0.5316333659285523,0.5217665536501241,0.5685428724825078,0.6573297507108796,0.44935301157359775,0.77795166298198,0.49162483533225604,0.5970692606026069,0.5152144331750846
914,0.5053699174122803,0.5397038687461163,0.5117175581495221,0.5829452820139577,0.6225872993985577,0.5012214574369874,0.7949503232302636,0.47204534333322234,0.5697209772143236,0.5419804160903091
915,0.5019265103870829,0.5423331095689912,0.5114279007095378,0.5886514603511152,0.5871771701766839,0.5591404195145174,0.7785940359319246,0.5055769684615874,0.5386559132983073,0.5664612189634856
916,0.5020666013715354,0.5419933993449465,0.5120260762536398,0.5902638125053168,0.5839830860899928,0.5612574131599068,0.7777536798826185,0.5081924742009143,0.5371570315144806,0.5673387849217644
917,0.5022120191234659,0.5416513832468327,0.5126419382880834,0.5918195874970518,0.5808257275107522,0.5634249512282903,0.776769377441797,0.5108693529115548,0.5356697098094444,0.5682016330857607
918,0.5023627249380794,0.5413075601150016,0.5132751428039593,0.5933169597174399,0.577705679298475,0.5656322371763131,0.7756432419912603,0.5136043423121099,0.5341957775326903,0.5690491892471821
919,0.5021713423586135,0.5412778143426671,0.5144932220342764,0.5938261189813708,0.5712344366654778,0.576486676052146,0.7689064304763554,0.5246745921866491,0.5283899161106421,0.5729721876665249
920,0.5023323601447246,0.5409167746054404,0.5152024945883081,0.5950748345301919,0.5683223844114977,0.5788244663095428,0.7673000046287859,0.5276556837056186,0.5269822022466918,0.5737877578461443
921,0.5024982667722782,0.540556483799996,0.515926860328668,0.5962608447574596,0.5654505168402617,0.5811561337126688,0.7655602403935409,0.5306753857821642,0.5255974252456189,0.5745856464844208
922,0.5032817055820613,0.5392561432402211,0.5176383852367753,0.6003019906306287,0.5591117655483575,0.5825987396578381,0.7637191012610164,0.5338676356371395,0.5243837249872283,0.574931987125265
923,0.5034681813603948,0.5389115791686615,0.5183902608976081,0.6013142946359192,0.5563177564647673,0.5848070129798397,0.7616088344333211,0.5369376595815613,0.5230780360953383,0.5756564718979663
924,0.5029232376850181,0.5391020501240227,0.5360854190835138,0.5821958185433046,0.5315415878394228,0.6470380819097011,0.6643396560430375,0.6417198106955535,0.4863374200157523,0.5980714947745268
925,0.5030162944914671,0.5387359915838196,0.5370934841814756,0.5820127445409081,0.5302225803193855,0.6481984381015526,0.6602285296993897,0.6447585419432871,0.48580442192364115,0.5986794774266857
926,0.5031115183032037,0.538385813002516,0.5380942787601741,0.5817937742225242,0.5289549566096264,0.6492203926587936,0.656053116257305,0.647736399419293,0.48534520949368204,0.5992625040326871
927,0.5032089096736002,0.5380522603812613,0.5390865782797319,0.5815405726580156,0.527740100643035,0.6501022359600582,0.6518198151338781,0.6506507266165543,0.4849617426978936,0.5998200691723614
928,0.5039132314498425,0.5371122077538598,0.5460709783770938,0.5750490022249451,0.5250032211387027,0.6554930045079534,0.616118800391068,0.6751482674285679,0.47999406381439264,0.6027959813300539
929,0.5039696779968574,0.536835681786983,0.5470260919168604,0.5745926078675755,0.5242388607041971,0.6556894686290548,0.6115334381377233,0.6776876040484917,0.4799760814640165,0.603273659551527
930,0.5040278147263106,0.536580639101566,0.5479634563956104,0.5741171525717504,0.5235337297311281,0.6557460644730124,0.6069293559275315,0.6801501974792943,0.4800461986521737,0.6037239667320163
931,0.5111280292099374,0.5294436612310814,0.5816663568435781,0.5405885347185257,0.53806257456695,0.6236327780988526,0.4339633776663496,0.7531854932582783,0.4852069272017446,0.6015980183909594
932,0.5145294383529957,0.5259689539272752,0.5909156985824691,0.5303524056276453,0.5508042433507319,0.5956459594505759,0.3897461010088199,0.7658233977500458,0.4973645787057968,0.5960343033625751
933,0.5161085929181486,0.5242919813749719,0.5945583935147548,0.525806473105345,0.5589305294062382,0.577967607931847,0.3732962656279615,0.7710004757937565,0.505668018973173,0.5922781406696748
934,0.5224538119492443,0.5180727867881105,0.6013046529436863,0.5160867040903572,0.5860575504722779,0.5148733333530903,0.3632828590238144,0.7777061087030204,0.5358880818686284,0.5747237805374217
935,0.5328542994195626,0.5077030880003912,0.5905160030041179,0.5261448430577733,0.629619353498587,0.39649226667656545,0.5118161129907968,0.7380515879670607,0.5927480759247926,0.527877997997763
936,0.5324722092070677,0.5081806506844738,0.5895007873670709,0.5280201046100657,0.6286797463265622,0.393252845551331,0.5167768402810652,0.737279854071201,0.5936651985611048,0.5274108067994028
937,0.5320970012680352,0.5086720931008899,0.5884470750413893,0.5299879465323692,0.6276233973612797,0.39003182525122215,0.521802523076027,0.7363296997624372,0.5945922279553462,0.5269464186844864
938,0.5335157161888517,0.5071934887124064,0.5742204523606853,0.5506439259279258,0.6327515640363333,0.36419487296747016,0.6204341716681864,0.6766372902524952,0.6081663933675555,0.5107846007086168
939,0.5332820965397299,0.5075953138863595,0.5731576588630224,0.5535141994967759,0.6302543163087712,0.361566736393372,0.6253574313892662,0.6739672203213817,0.608572201760962,0.5104892957679475
940,0.5330567700130092,0.5079995066531302,0.5720761986844568,0.556457313386466,0.6276529811920827,0.3590230452076969,0.630255968149776,0.6711706271200376,0.608960023239573,0.5102047194622212
941,0.5328397733225814,0.5084053090535958,0.5709777341700479,0.559469686128026,0.6249500476308331,0.3565686050514387,0.6351259207814298,0.6682530440139701,0.6093283280740514,0.5099310472586106
942,0.532631139901063,0.5088119573044799,0.5698639489790905,0.5625475885310111,0.6221480733416378,0.35420812311308597,0.6399635356025426,0.6652203294188679,0.6096756428866279,0.5096684494943479
943,0.5324308997455013,0.5092186832934541,0.5687365467021214,0.5656871490772188,0.6192496768528789,0.3519461948634956,0.6447651702151775,0.6620786513502889,0.6100005533060182,0.5094170907852661
944,0.5275018344656129,0.513726002967946,0.5333438943770594,0.6151130607803105,0.5919129987543384,0.4264045382501419,0.7894635413873731,0.4817582086275557,0.5910165125936112,0.5211430317375801
945,0.5276802792638543,0.513620678072961,0.5332900224752692,0.6178527528433798,0.5877762496258495,0.42755233955524047,0.7899757937836266,0.4806820766644753,0.5897913277718886,0.5215908806252291
946,0.5278645047153044,0.5135088191960072,0.5332548781391877,0.6205366538247814,0.5836356218686284,0.4288135039454235,0.7903811277809158,0.4797257471718563,0.5885417043592804,0.5220352256347752
947,0.5280543847318678,0.51339061751316,0.5332390402001669,0.6231607153766523,0.5794935105044504,0.4301830345061676,0.7906818066247708,0.4788913323766296,0.5872686201232737,0.5224754212998493
948,0.5263538331772667,0.5151616146642543,0.5309156604368607,0.626733206551797,0.56683467054512,0.4567433125776243,0.7968757508214803,0.47195817910405335,0.5762851643217335,0.5315364426762056
949,0.5265886745746735,0.514976505425294,0.5311741820531111,0.6288013705734532,0.5628199780028807,0.45860912401757437,0.7963330264601293,0.472365952234467,0.574857549427186,0.5320175550439247
950,0.5268278218350795,0.5147884784219017,0.531453368064057,0.6307892474440809,0.5588229413949125,0.46053804284226313,0.795694355827752,0.4728966027160939,0.5734193470547347,0.5324874543274232
951,0.5270711340417366,0.5145979380893194,0.531753383787027,0.6326942857097079,0.5548459867450128,0.46252409871293465,0.7949627410522961,0.47354910781757537,0.571972046683244,0.532945473165671
952,0.5266122509046608,0.5151174004275948,0.5318436586289913,0.6339016269542933,0.5478733245922957,0.4726728456076123,0.7949423763331286,0.47553415485025424,0.5670026380262972,0.5364578047165591
953,0.5243400237751769,0.5174871571113214,0.5330506778125217,0.6312187518500167,0.5335509328417213,0.5007852931969463,0.7926249473953908,0.48877460094605063,0.5531653138392727,0.5474805320445694
954,0.5246188520389083,0.517257767025156,0.5337332135634091,0.6321633831867877,0.5299985484500529,0.502897037273653,0.7908388425290237,0.49099222374384427,0.551723086890309,0.5479091237062457
955,0.5235202221487557,0.5184455273005458,0.5358398140143477,0.629537074860408,0.5212131800568147,0.5166940706162527,0.7858503975461312,0.5037393419257972,0.543941329651397,0.553597213159757
956,0.5310418766559116,0.5124326112781317,0.541936877108741,0.643165579499098,0.493091155543371,0.5198568348914088,0.7616431759305735,0.5114977681031129,0.5416354133791358,0.5452875844167125
957,0.5313408151737317,0.5123224530449277,0.5426617184175093,0.6431508530052388,0.4902744469742367,0.5217613378404541,0.759367601177662,0.5141224790445657,0.5405166838924532,0.545376435873782
958,0.5316404158746566,0.5122237088549662,0.5433984779358237,0.6430496081975166,0.4875479087917131,0.5236340393538838,0.7570611247494962,0.5167821480374996,0.539434283758331,0.5454402651411654
959,0.5319405072494451,0.5121370176653749,0.544146517546316,0.642863335760513,0.4849156163244187,0.5254749283766988,0.7547261126821123,0.5194718156076906,0.5383901830501018,0.5454788069083237
960,0.5322409153650195,0.5120630178916389,0.5449051675250937,0.6425936390413717,0.48238164773550085,0.5272842840750787,0.7523647946487588,0.5221865225229051,0.5373863298310497,0.5454918240874885
961,0.5325414638172702,0.5120023463730299,0.5456737265217734,0.6422422246564673,0.4799500675674843,0.5290626607662902,0.7499792603611418,0.5249213247281382,0.536424645665433,0.5454791085290313
962,0.5328419736805537,0.5119556373096372,0.5464514615846999,0.6418108928610916,0.4776249095268812,0.5308108714895268,0.7475714567266769,0.5276713081182445,0.5355070210169801,0.5454404817249245
963,0.5331422634539721,0.5119235211723161,0.547237608236433,0.6413015277338114,0.47541015861057867,0.5325299703290938,0.7451431857702653,0.5304316030889081,0.5346353105461578,0.5453757955004984
964,0.533442149004607,0.5119066235870131,0.548031370604524,0.6407160872281117,0.4733097326812481,0.5342212336069553,0.7426961033254613,0.533197398807812,0.5338113283186503,0.5452849326947499
965,0.5301392564270386,0.5156127384513007,0.5542539134854495,0.6282742389924365,0.4661071128932229,0.5422021188143207,0.7354173621062756,0.5591547653680624,0.5253281393712421,0.5516797920245136
966,0.525983285510009,0.5201733707424183,0.5635595644187398,0.612343584588918,0.46164006617240044,0.5474847722998785,0.7191124763490219,0.5887265930690103,0.516918478185712,0.5580964425951135
967,0.5262436322647607,0.5203469380352398,0.5646004727941883,0.6109127587330789,0.4611624385626939,0.5484808652909788,0.7156216978958306,0.5911851623908363,0.5168689428148997,0.5578460697155981
968,0.5265006502127023,0.5205466320433153,0.5656249350494368,0.6094415382926173,0.46082375101828116,0.5494539091733662,0.7121111824291182,0.5935707833421265,0.516900689556455,0.5575670296016791
969,0.5267541570049799,0.5207729210845136,0.5666314730376752,0.6079316968417613,0.46062465967332983,0.5504061966986302,0.7085827565735029,0.5958816596715276,0.5170145295435687,0.5572596032569779
970,0.5068204946205295,0.539756933792845,0.6159138241840494,0.5400622057828814,0.4835990727383281,0.5329698466117085,0.5608589731387253,0.6682066763827932,0.4997194584331819,0.5712077987846216
971,0.5069421366989898,0.5403767837216412,0.6162962581702186,0.5380567718787395,0.4855901095451265,0.5327984968585983,0.5559584732295573,0.6686831955640009,0.5014575970369346,0.5708250844774981
972,0.5028923571318966,0.5445292474868281,0.6274945359512886,0.5217614289017551,0.4988868974421079,0.5204061027525808,0.5055119058216371,0.6761890200813849,0.5036123408863599,0.570634256470134
973,0.49883614905645773,0.5486306470248823,0.6385563498700321,0.5039086459154963,0.5173014146147143,0.4976286359353827,0.4474523242309412,0.6848003112681613,0.5101344551910582,0.5683087531766391
974,0.4976147107522732,0.5504937300873852,0.6420448054659821,0.4947972573210471,0.5304574195460462,0.47605260401941146,0.4197729641146242,0.6936964261047746,0.5190999291575507,0.5648404926448791
975,0.49763723198958754,0.551390171174583,0.6410823025798225,0.49340094483312413,0.5315129879886871,0.47478546083652157,0.4181277810789792,0.695237684229961,0.5215866165730173,0.5645540688419683
976,0.4976407543350941,0.5523277867327236,0.6401035647187284,0.4918369016312113,0.5332660488748286,0.4718562218884127,0.41578865557221834,0.6974397750212852,0.5247285336795362,0.5639760893271667
977,0.49876417834707387,0.5524966284739738,0.6369000441279992,0.4918548933930892,0.5429376571325832,0.4481561545805146,0.41682322744912503,0.708868837839915,0.5367222565751397,0.5592735110641571
978,0.5002959558021106,0.5523382113251996,0.6326288705991281,0.4949746363798805,0.5461567004077965,0.4365742640788137,0.42724931242361086,0.7151161763477009,0.5442805228415685,0.5567026827709309
979,0.5003240111895895,0.5532827573766221,0.6310361897206416,0.4948932890205115,0.5458400957909261,0.4352231847152164,0.4286052883741658,0.7167488129727949,0.5465985627105839,0.556558142624541
980,0.500355137984101,0.5542401329579821,0.6293784381227583,0.4949221153920852,0.5454581794905826,0.4338822630694573,0.43006566751176567,0.718273164208797,0.5489281828533452,0.5564211564850131
981,0.5036409165634246,0.5528221964532424,0.6212595564549351,0.5053507253802917,0.5477313987234678,0.4206622844618167,0.4558326450635521,0.7224307696978592,0.5584964186064215,0.5531597028894161
982,0.5040915917968036,0.5534522363809158,0.6186702395278798,0.5074576859483297,0.5469596119805026,0.4186369953466961,0.4611392840635636,0.7233277439277547,0.5612836776404623,0.5528274344809408
983,0.5113483929160614,0.5488592167479288,0.6040609384686967,0.5314219284078585,0.5471304489164763,0.4077752467128565,0.51161463311918,0.7163644789957929,0.5729255654028151,0.548815317363345
984,0.5114627052050708,0.5496501917234384,0.6021062859235771,0.5333964106025602,0.5454601824401998,0.40759754280937094,0.514826066249239,0.715868268096035,0.5745003324671045,0.5489371829279593
985,0.5316365440425238,0.5328764552632881,0.5697172957863066,0.5951737997971486,0.5378527121121931,0.41905880171577686,0.6164421837551998,0.6463879718820615,0.5864183534073482,0.5436036010374086
986,0.5318759700474376,0.5332346589042316,0.5680201282656233,0.5982856737091238,0.5351323265157377,0.4210841718820886,0.6187547118463175,0.6434868352472833,0.5867859804478218,0.5439214834148925
987,0.5396843708837816,0.525893201869315,0.5561394235943661,0.6213234218594463,0.5264946693605334,0.4366733069770159,0.6474900405929392,0.6020305613937945,0.5863190665078329,0.5433974516460367
988,0.5399780621429283,0.5260478509404328,0.5546826258664408,0.6243473947412745,0.523388840183414,0.4395317658448966,0.6489407360798087,0.5989203026555252,0.5861802758943537,0.5437308380025676
989,0.540282202100319,0.5261887227107912,0.5532300493489057,0.6273420278008902,0.5202491504127497,0.44248128877160703,0.6503289280215846,0.5958170383724047,0.5860070492584569,0.5440665796377786
990,0.5405967081389031,0.5263154528084351,0.5517836130927074,0.6303013571109725,0.5170759898542993,0.4455205349391491,0.651656228266418,0.5927280531016708,0.5857993104252093,0.5444042559523499
991,0.5409214932364722,0.5264276925549871,0.5503452883430849,0.6332195631269716,0.513869949585348,0.44864811368988894,0.652924231645374,0.589660548746847,0.5855570265598122,0.5447434368274793
992,0.5448183637764261,0.522653629396847,0.5446179406727992,0.6436243973198761,0.5059678818796585,0.45910705772327787,0.6643834224913855,0.5678772073547048,0.5836816204918563,0.5451280915421673
993,0.5537033245888612,0.5125197116925264,0.5351912124628202,0.6587889627262129,0.48684455795729464,0.4830186734583443,0.6895309135761677,0.5214542180858931,0.5757211386120206,0.5463923444933196
994,0.5540828814140237,0.5123055335122014,0.5345989257480467,0.6604581066483765,0.48330831081770864,0.4869049108487803,0.6893950600563549,0.520057590840678,0.5747379870992758,0.5465786535324008
995,0.5544699566401802,0.5120820497744945,0.5340401137567027,0.6620292888561987,0.47978696462542164,0.4908375540353303,0.6892226593503026,0.5187761293845762,0.5737358882738252,0.5467497310599284
996,0.5548382655715,0.5124251003694813,0.5329637702572214,0.6658853199384787,0.4714799381115727,0.500948676415847,0.6860185457794603,0.5189545385897315,0.5716827150297005,0.5470478807178408
997,0.5552551449908171,0.5121818213055593,0.5324680199675311,0.6671683505614003,0.4680380102407338,0.5050478984521523,0.6857976779070596,0.5179599668110206,0.570648443474272,0.5471756598325771
998,0.5556792317863566,0.5119295628397593,0.5320113318579733,0.6683468975387328,0.46462895730794684,0.5091889647893452,0.6855430277033814,0.5170849126915275,0.5695988796953736,0.5472870607420854
999,0.5618067377049296,0.5063521282628826,0.531532032548789,0.6711034998341757,0.43315331943063456,0.5529520545689594,0.6849511839626805,0.5117389749298952,0.556274425014887,0.5470521125767348
1000,0.5647413683678061,0.5027015722184818,0.5363046313513051,0.6608776952492249,0.4228038134270831,0.5607656191669189,0.6947877927591082,0.5136673880940237,0.5509343830064761,0.5463920351694889
