time_step,site_0,site_1,site_2,site_3,site_4,site_5,site_6,site_7,site_8,site_9
0,0.0,0.0,0.0,0.0,0.0,1.0,0.0,0.0,0.0,0.0
1,0.0,0.0,0.0,2.4049868958326533e-08,0.00021930450021981926,0.9999999759527681,0.0002192804529879832,0.0,0.0,0.0
2,0.0,2.8894447474052703e-16,2.637266290377844e-12,2.1640397928394774e-07,0.0008769054369506374,0.9999996154341066,0.0008767131645516352,2.4047231691148466e-08,2.636977345903104e-12,0.0
3,0.0,7.215376078379998e-15,4.218727412245867e-11,8.653310412564832e-07,0.0019717937936333217,0.9999980547357076,0.001971145467045748,2.163644289388848e-07,4.218034528340202e-11,2.8856437108128735e-16
4,0.0,6.48406157715131e-14,2.6358886776002266e-10,2.402612945507264e-06,0.003502242712305854,0.999993859079181,0.0035007079031197873,8.651096320405279e-07,2.63531182707178e-10,7.20303619706901e-15
5,0.0,3.5319644203804397e-13,1.053929888265367e-09,5.402779914506246e-06,0.005465812088701927,0.9999850296964868,0.005462819341670888,2.4018225468676136e-06,1.0536409389962893e-09,6.470411733146933e-14
6,0.0,1.4134543646418365e-12,3.2260474288896357e-09,1.058208209451323e-05,0.00785935508611193,0.9999690136971523,0.007854194006589968,5.400607513479713e-06,3.224986419958908e-09,3.5262970191768033e-13
7,0.0,4.5795614716063275e-12,8.253760202535215e-09,1.8797197817785044e-05,0.010679026542710763,0.9999427166771493,0.01067085039105124,1.0577053347441321e-05,8.250593327544456e-09,1.4118796198089085e-12
8,9.917332140505164e-16,1.271751763688378e-11,1.8558110452484972e-08,3.104367884270729e-05,0.01392029323973345,0.9999025180117638,0.0139081220228106,1.878689039910328e-05,1.854997224276175e-08,4.576098056725331e-12
9,7.031095966967005e-15,3.138819882806544e-11,3.7843851581067e-08,4.845413299728132e-05,0.01757794599072896,0.9998442887625627,0.017560670038862455,3.102438526565079e-05,3.782518010145576e-08,1.270934207404009e-11
10,5.0031044554938874e-14,8.395836514155382e-11,1.1572229503299869e-07,7.491720304828493e-05,0.026125523512272045,0.9997090138725444,0.021615235925019523,6.966345309240661e-05,7.941643114430079e-08,5.831217253185002e-11
11,1.3496805729102684e-13,1.8687548944086657e-10,1.8550615791053957e-07,0.00011029049050609183,0.031003640174378264,0.9995837240654976,0.02607057738711909,9.774316282081838e-05,1.4840137529404316e-07,1.1205090446932762e-10
12,3.3113727619084275e-13,3.734956912336876e-10,2.9216128334979013e-07,0.00015623978399329505,0.036272813731221945,0.9994221972104155,0.030919322260384033,0.00013405073584093493,2.563589469990666e-07,2.1364290119128563e-10
13,7.485594545201674e-13,6.942199719229624e-10,4.5050359466389667e-07,0.00021455616354671618,0.041924797237962004,0.9992183046692327,0.03615349996913145,0.00018010567553392715,4.1814881486703373e-07,3.9657192951113835e-10
14,1.5805662214340093e-12,1.22292174602484e-09,6.794599784453205e-07,0.0002871526675662199,0.04795076876012096,0.998965550551101,0.04176456228360738,0.00023755290595063076,6.524772154665745e-07,7.117671996967822e-10
15,3.152827727842752e-12,2.0650510435204853e-09,1.0027295755751508e-06,0.00037606070289894543,0.05434135423956834,0.9986571041241034,0.04774340581712119,0.0003081595673805238,9.825048382291585e-07,1.2339780955472397e-09
16,5.9940456215257584e-12,3.367671692881586e-09,1.4494851359209518e-06,0.00048342620005659587,0.061086651664902736,0.998285833968441,0.054080395832455296,0.0003938115591286342,1.4364950652714606e-06,2.0697257935151608e-09
17,1.0934569129022655e-11,5.331696826482621e-09,2.0551125341547745e-06,0.0006115055159131883,0.06817625645524951,0.9978443437157365,0.06076539126748805,0.0004965098316644502,2.0485007517994274e-06,3.3670664423078963e-09
18,1.924324597327313e-11,8.22660690378384e-09,2.861986439456933e-06,0.0007626610866257662,0.07559928796236906,0.9973250092120514,0.0677877708858235,0.0006183664306335475,2.8590876164179987e-06,5.327410924020724e-09
19,3.2811137760777136e-11,1.2407936195284255e-08,3.920280010260467e-06,0.0009393568339326093,0.08334441699227568,0.9967200169359032,0.07513646045451643,0.0007616002955824844,3.916092208197275e-06,8.219663975777553e-09
20,5.439447672640843e-11,1.833783661008132e-08,5.288806391981641e-06,0.001144153328453634,0.09139989424434933,0.9960214034970643,0.08279996084772989,0.000928532816640031,5.2754123051342365e-06,1.2396955844441636e-08
21,1.6216182197063707e-10,6.059324437782336e-08,7.035889683491937e-06,0.002216673216173757,0.09975282601043339,0.9937694671560358,0.11656272804924911,0.001121583118713281,1.3635394263251413e-05,1.8316385107796196e-08
22,2.4568183800171936e-10,7.780458322855703e-08,9.878250508250837e-06,0.002553158264407431,0.10829048675180636,0.9926758597913977,0.12573090767270753,0.001374914023522272,1.663375527238942e-05,3.023284580905504e-08
23,3.7032379657717154e-10,1.0061620156134532e-07,1.3463625252685711e-05,0.0029282637410246214,0.11709108441513284,0.991451964142918,0.13514768747082648,0.0016654526740166426,2.0276868934300798e-05,4.684852687912758e-08
24,1.0112941930043624e-09,1.4360192263840505e-07,3.507567031164632e-05,0.0033932642967286725,0.15493757663427693,0.9878337432731561,0.14466959657954165,0.0031662763330198383,2.5890006719622577e-05,1.6350974921293956e-07
25,2.013621600931343e-09,2.1117470769742486e-07,5.98720532445202e-05,0.003942990978867708,0.18585342692787607,0.9839929327338887,0.15429991726118708,0.004655778902388372,3.3605732343776e-05,3.173700817947985e-07
26,2.7618736420953736e-09,2.9912322313208636e-07,7.03765762492837e-05,0.00455157888873133,0.19656122070790769,0.9819042582139698,0.16412121046851919,0.00523383304379335,4.288264840308025e-05,3.889898930503361e-07
27,3.781669660554469e-09,4.1163276296945806e-07,8.260310962768725e-05,0.005222418250360965,0.20742434556783493,0.9796360272768954,0.17411775941831115,0.005865339343780994,5.393091059702827e-05,4.786450074618238e-07
28,5.151174853536535e-09,5.535835695053344e-07,9.677877593225664e-05,0.005958920616374195,0.21842824652941462,0.9771817150059859,0.1842755387177033,0.0065532744536940775,6.697964492029238e-05,5.90220174229767e-07
29,6.9683615966625225e-09,7.306394793769833e-07,0.00011315224432528103,0.0067645108982955495,0.22955836614157502,0.9745351746412957,0.1945804853298738,0.007300640853973974,8.227786745315697e-05,7.282909725035702e-07
30,9.354955431249016e-09,9.493433414144226e-07,0.00013199479447475584,0.007642619603452936,0.24080017458553069,0.9716906728189265,0.20501852811445337,0.008110459874742343,0.00010009539820022596,8.982111153725538e-07
31,1.2461013894669462e-08,1.2172205189087252e-06,0.0001536013688803471,0.008596674952891709,0.25213919906682625,0.968642923194589,0.21557561675738907,0.008985764593631295,0.00012072376589631287,1.1062069541403543e-06
32,1.6470211324758638e-08,1.5428907900071012e-06,0.00017829161023334147,0.009630094894944988,0.2635610524058203,0.9653871183040769,0.2262377500026563,0.009929592623484597,0.0001444771006764461,1.359479452131578e-06
33,2.160591145607756e-08,1.9361889503836544e-06,0.00020641088039764636,0.010746279029847636,0.2750514607428762,0.961918959521691,0.23699100310257992,0.01094497880319645,0.0001716930114831266,1.666313891533766e-06
34,2.813811140826388e-08,2.408294405851712e-06,0.00023833125758008337,0.011948600461501039,0.28659629027960165,0.958234684986481,0.24782155440820253,0.012034947805591332,0.00020273344507351529,2.0361975621328668e-06
35,3.639134761886686e-08,2.9718700234722633e-06,0.0002744525082425776,0.013240397593186036,0.2981815729828437,0.9543310953757471,0.25871571102611535,0.013202506676854204,0.00023798552346369247,2.4799456644941927e-06
36,4.675366578636896e-08,3.6412104992364734e-06,0.0003152030303124336,0.014624965884691936,0.30979353118380715,0.9502055774151669,0.269659933473431,0.014450637322623937,0.00027786235665750207,3.00983565626163e-06
37,5.968675332883553e-08,4.432400475742609e-06,0.00036104076423978666,0.016105549588943724,0.3214186010105491,0.9458561250254016,0.2806408592680686,0.01578228895641566,0.0003228038274937712,3.6397502446116796e-06
38,7.573734765842018e-08,5.363482626778465e-06,0.0004124540684631103,0.017685333486796524,0.33304345459819573,0.941281358015898,0.29164532539724597,0.01720037052657888,0.0003732773454591331,4.38532921794739e-06
39,9.555003196164352e-08,6.454635898503529e-06,0.0004699625558504924,0.019367434639193534,0.344655021027506,0.9364805382478426,0.3026603896129598,0.018707743138488907,0.00042977856631832857,5.264130285211552e-06
40,1.198815485713479e-07,7.728364085499426e-06,0.0005341178877108368,0.021154894176371352,0.35624050594883294,0.9314535831997222,0.3136733505093043,0.020307212489134478,0.000492832074438948,6.295799084286559e-06
41,1.4961675165657333e-07,9.209694881576892e-06,0.0006055045219859784,0.023050669144208735,0.3677874098550568,0.9262010768807633,0.32467176634264333,0.022001521331665844,0.0005629920247026469,7.502248485452735e-06
42,1.8578633747617648e-07,1.0926389529137951e-05,0.0006847404122694053,0.025057624428182795,0.3792835449736724,0.9207242780494753,0.3356434725619131,0.023793341987839316,0.0006408427409278979,8.907847304650671e-06
43,3.1590469415155203e-07,1.3270842746990252e-05,0.0010666482670286409,0.02727973532606791,0.4252154366902102,0.9047476846477372,0.3461823321486423,0.03175969663961176,0.0007368977575472535,1.624702926254977e-05
44,3.836715830854147e-07,1.5980704472884456e-05,0.0011798214217132153,0.029626278894844687,0.4365964463159437,0.8984633142020859,0.3567430762167549,0.03395252505915717,0.0008432071003987685,1.8582566323056412e-05
45,4.648136084031511e-07,1.909934887019846e-05,0.0013037497549802115,0.032099695933244216,0.44786727653399705,0.8919688792272057,0.3672348003826483,0.03625013929845423,0.0009605066379928423,2.1253433562396574e-05
46,5.615365667129256e-07,2.2673647646225225e-05,0.0014392266648945297,0.034702402935788364,0.4590177920626723,0.8852694214677859,0.37764709276327646,0.03865451248677624,0.0010895638276287947,2.4300486090269952e-05
47,6.763600802309975e-07,2.6754764356738644e-05,0.0015870832708926377,0.037436669703652135,0.470038258166225,0.8783706434084233,0.3879698854520925,0.041167505845613656,0.0012311778570467048,2.776854944843939e-05
48,8.121532590393786e-07,3.1398439614065786e-05,0.0017481887279682433,0.04030461211744789,0.4809193462375703,0.8712788960582275,0.3981934624940574,0.0437908625115076,0.0013861797497511392,3.170668232144245e-05
49,9.721735353175766e-07,3.6665287147059116e-05,0.0019234504637309414,0.04330818517141464,0.4916521379732795,0.8640011641670835,0.40830846658638664,0.04652620156084859,0.0015554324044375627,3.616844822898668e-05
50,1.261517208029137e-06,4.902123344596843e-05,0.0021138141981787784,0.04969163328015777,0.5021472646882811,0.8533481386234784,0.4283721504437846,0.04937483327073023,0.0019344134893154944,4.1213521115425456e-05
51,1.4997743299452682e-06,5.621450631190396e-05,0.002327641186825437,0.05307216498955497,0.5124433054744403,0.8456547129202682,0.4382340331864711,0.052379068560971576,0.0021454083097775557,4.7223894880166434e-05
52,1.7774082576851382e-06,6.427998494598183e-05,0.0025592558352354857,0.0565922451591233,0.5225651748285938,0.8378042864665186,0.44795530534583033,0.05550124790248101,0.002373783952232371,5.399146598389695e-05
53,2.1000159762824005e-06,7.330412499921092e-05,0.002809747352853961,0.06025296219258308,0.5325057648252606,0.8298064323050899,0.4575282983333192,0.05874242166886145,0.002620540781099757,6.159414022269261e-05
54,2.4738622737344597e-06,8.338010183102971e-05,0.0030802426203018905,0.06405521303134175,0.5422583748894073,0.8216712341162984,0.4669457206755437,0.06210348584465778,0.0028867103577511553,7.011594678821646e-05
55,2.905944178700342e-06,9.460817443300926e-05,0.003371905828758997,0.06799969852082172,0.5518167081336632,0.8134092569046475,0.47620065698424646,0.06558517764775754,0.0031733550249429783,7.964736144442913e-05
56,3.4040600983319438e-06,0.00010709605808188666,0.003685938023895777,0.07208691918023484,0.5611748666661235,0.8050315158717316,0.48528656592673597,0.06918807147416194,0.0034815674100769946,9.028563676359649e-05
57,3.976883873599366e-06,0.00012095930528042855,0.004023576552487538,0.0763171713910618,0.5703273459347249,0.79654944361109,0.4941972772521327,0.07291257517845456,0.0038124698458197625,0.00010213513902173168
58,4.634043971141524e-06,0.00013632169450488937,0.004386094410008272,0.08069054401837554,0.5792690281771269,0.7879748557671435,0.5029269879317007,0.0767589267024374,0.004167213706764865,0.00011530769132050106
59,5.386208032143447e-06,0.00015331562623833742,0.004774799487676252,0.08520691547793328,0.5879951750474846,0.7793199153058898,0.5114702574740712,0.08072719106348639,0.004546978660980795,0.00012992292246979896
60,6.698076130207151e-06,0.000191908067736476,0.005191031998476911,0.09462976715916421,0.5962651972317325,0.7667629813077643,0.528296998973927,0.08481616188062682,0.005375710041390813,0.00014611695119391463
61,7.739436671381158e-06,0.00021372989466901326,0.005648220796343309,0.09953248772657315,0.604414887603815,0.7579715789815801,0.5363900082994981,0.0890660369659211,0.005826325174190976,0.00016477670317220275
62,8.922736140130844e-06,0.0002377065923292697,0.006136683947735237,0.1045742487971008,0.612336344565709,0.7491443285967365,0.544279057487861,0.09343824053359798,0.006306082261679647,0.0001853787935858445
63,1.0264511768284934e-05,0.0002640139919318169,0.0066578852149520515,0.10975390343051816,0.6200263790267942,0.7402944754898863,0.5519602925196154,0.09793208330901391,0.006816269536966165,0.00020808301190324818
64,1.1782911082031599e-05,0.00029283888053403915,0.007213316774086851,0.11507008924746868,0.627482129527224,0.7314353985273899,0.5594301849394715,0.10254669110734284,0.007358198310346636,0.00023305890810956575
65,1.3497816673654695e-05,0.00032437943216250545,0.007804497752324335,0.12052122872776619,0.6347010516053132,0.722580569224922,0.5666855231771072,0.10728100426770243,0.007933201678636993,0.000260486163278488
66,1.5430977955906702e-05,0.00035884564088202773,0.008432972660234926,0.12610553000062186,0.6416809069095315,0.7137435106873606,0.5737234035407014,0.11213377750406286,0.008542633145836143,0.00029055496151538223
67,1.760615010179618e-05,0.00039645975494161887,0.00910030971942508,0.13182098812680318,0.6484197521290526,0.704937756533785,0.5805412209508622,0.1171035801750649,0.009187865155523242,0.0003234663625408095
68,2.0049240370140232e-05,0.0004374567110984752,0.009808099086159913,0.13766538687112345,0.6549159278152524,0.6961768099708362,0.5871366594815834,0.12218879697356166,0.009870287535616359,0.00035943267415607956
69,2.278846200680109e-05,0.00048208456818160916,0.010557950971829785,0.1436363009620234,0.6611680471646684,0.687474103175405,0.5935076827733957,0.1273876290353586,0.01059130585634039,0.00039867782379861917
70,2.5854495907286078e-05,0.0005306049389252534,0.011351493661402737,0.14973109883338748,0.6671749848316572,0.6788429571446163,0.5996525243820897,0.13269809546528627,0.011352339702485973,0.00044143772836890445
71,2.928066021709436e-05,0.0005832934190674634,0.01219037143127474,0.15594694584211166,0.6729358658363415,0.6702965421673533,0.6055696781242396,0.1381180352773901,0.012154820861273476,0.0004879606614813047
72,3.310308803735853e-05,0.0006404400126771225,0.01307624236820953,0.16228080795334401,0.6784500546305664,0.6618478390672762,0.6112578884783464,0.14364510974468422,0.01300019142737559,0.0005385076172641001
73,3.736091339337262e-05,0.0007023495526412602,0.01401077609134136,0.16872945588372715,0.6837171443812682,0.6535096013622259,0.6167161410976769,0.1492768051525716,0.013889901826893087,0.0005933526698076408
74,4.209646561269315e-05,0.0007693421152146112,0.01499565137950229,0.1752894696914261,0.6887369465272054,0.6452943184793897,0.62194365348788,0.1550104359487283,0.014825408762323222,0.0006527833273343781
75,4.7355472247626546e-05,0.0008417534275046544,0.01603255370642604,0.18195724380021583,0.6935094806611736,0.6372141801593924,0.626939865899227,0.1608431482809439,0.015808173080807147,0.0007171008801404211
76,5.31872706640594e-05,0.0009199352667381563,0.017123172686674914,0.18872899244342192,0.6980349647858496,0.6292810421758152,0.6317044324798246,0.16677192391314527,0.016839657568191124,0.0007866207413354282
77,5.964502840473012e-05,0.0010042558501295038,0.018269199435430972,0.19560075551210696,0.7023138059871696,0.6215063934894494,0.6362372127325047,0.1727935845086047,0.017921324671685144,0.0008616727793860445
78,6.678597242016494e-05,0.0010951002141470379,0.01947232384559192,0.20256840479052474,0.7063465915647847,0.6139013249489684,0.6405382633142159,0.1789047962681275,0.019054634154153094,0.0009426016414479697
79,7.46716272445987e-05,0.0011928705819511376,0.02073423178590701,0.20962765056058977,0.7101340806545507,0.606476499641626,0.6446078302127421,0.18510207490988692,0.0202410406833164,0.0010297670664529638
80,8.336806217725077e-05,0.001297986717757242,0.02205660222418841,0.21677404855587534,0.7136771963733639,0.599242124989183,0.6484463413314183,0.19138179097646257,0.021481991359401716,0.0011235441868999135
81,9.294614751132885e-05,0.0014108862668581962,0.023441104279925334,0.2240030072445339,0.7169770185119002,0.5922079266755478,0.6520543995083158,0.1977401754536151,0.022778923185007807,0.00122432381828351
82,0.00010348181983406546,0.0015320250800235364,0.024889394210924613,0.23130979541946634,0.7200347767959534,0.5853831244835426,0.6554327759919844,0.20417332568435234,0.024133260481209614,0.0013325127350801104
83,0.00011505635640106035,0.001661877520978726,0.026403112338887435,0.2386895500731053,0.7228518447322327,0.5787764101090248,0.6585824043915461,0.21067721156093266,0.025546412254155982,0.0014485339321983846
84,0.00013428065850164177,0.0019452032446165347,0.027983749106800116,0.25366229117281924,0.7242650142965836,0.5696002708336372,0.6651895924950676,0.2172262527963758,0.028530558501570064,0.0015730543458760573
85,0.00014882272768920957,0.0020995864972817185,0.029659291749321,0.2612232064334238,0.7264577528748317,0.5635732123247753,0.6678038561437056,0.2238669368405775,0.030103032309831322,0.0017098011550031227
86,0.0001647344490116186,0.0022644329727109927,0.031406395930628654,0.2688370290773746,0.7284155742321904,0.5577899994697318,0.6701937228538987,0.23056519742373585,0.03173860363730512,0.0018560478416490833
87,0.00018212468609333108,0.0024403017624298052,0.033226607157309636,0.2764983894947866,0.7301404616105466,0.5522567297935538,0.6723607750561749,0.23731653785545387,0.033438566516753906,0.0020122945965635923
88,0.00020110931243322763,0.00262777192315048,0.035121436444674296,0.2842018368076011,0.7316345219389149,0.5469788885790778,0.6743067307259317,0.24411636943223897,0.03520418522523441,0.0021790588571773493
89,0.00022181154316900222,0.0028274426476460105,0.03709235694534353,0.2919418479931235,0.732899983553645,0.5419613405254584,0.6760334405078872,0.2509600189444388,0.03703669148016264,0.002356875443174337
90,0.00024436227519284413,0.0030399334084812157,0.039140800563296003,0.2997128370930281,0.7339391944567719,0.537208323589449,0.6775428853225739,0.2578427363173746,0.03893728162365047,0.0025462966693629743
91,0.00028143800510047555,0.0034991194032755564,0.041267770994223504,0.3153772186288901,0.7331376956219984,0.5307728148043006,0.6811959178857427,0.2647161579699805,0.042919303737965236,0.0027484066649363513
92,0.0003233573841712774,0.004002720852499239,0.04350396974008113,0.33112214303511606,0.7318520883229759,0.5249155804106036,0.6843198614757068,0.27160403030094904,0.04712587624606949,0.00296861876128988
93,0.00035459563655094897,0.004274109427899644,0.04585229795238576,0.33898354437608347,0.7319429177594525,0.5212485906144098,0.6850459060694049,0.2785546452788665,0.0493211574563628,0.0032074276398145053
94,0.0003884645091464901,0.004561541915969188,0.04828600453804822,0.34684339936344166,0.7318213003540767,0.5178574635808555,0.6855661722240516,0.28552334938807983,0.05158865914043469,0.003461032340706951
95,0.0004251479785495777,0.00486575523528399,0.05080623744663197,0.3546959392853745,0.7314903904671353,0.5147426703983163,0.6858833146300997,0.29250512307262627,0.0539292813372761,0.003730094060731262
96,0.00046484029497215624,0.005187507040850361,0.05341407793429801,0.36253540281178226,0.730953467851273,0.5119040719048817,0.6860001085534534,0.2994949201923687,0.056343870905518505,0.004015291289496152
97,0.0005077463783804631,0.005527575617164676,0.05611053725485178,0.3703560448497056,0.7302139389358058,0.5093409287774469,0.6859194504772551,0.3064876759856581,0.05883321890042947,0.00431731969273698
98,0.0005540822199133084,0.0058867597320566255,0.058896553409499806,0.37815214524250534,0.7292753382986783,0.5070519133860614,0.685644358981349,0.31347831498648104,0.06139805799367813,0.004636891963987606
99,0.0006294203897320034,0.006654937748721158,0.06177175932661315,0.3937669007035523,0.7259338736533999,0.5041943972088708,0.6861345289612435,0.32036937886194067,0.06672528950400933,0.004975981859340595
100,0.0006851601198202312,0.007066149064619629,0.06476956367136777,0.4014835080123073,0.7244778831810547,0.5025803836970266,0.6854180439030688,0.32731207347496677,0.06948708088867168,0.005340221984875398
101,0.0007451786975784177,0.007499305085736098,0.06786044109291982,0.40915413559759267,0.722836693868467,0.5012312426618204,0.6845183890343564,0.334236620603738,0.07232572147690691,0.005724744503854542
102,0.0008424085875135467,0.008422159358487622,0.07104310774376205,0.42448803363413223,0.7185822483061537,0.4997262561575838,0.6839085924821423,0.34101740804360897,0.07820277240776918,0.00613205055778042
103,0.0009140492646727044,0.008914557181410944,0.07435145948596274,0.43202377354662774,0.7164614170540979,0.49902121095915936,0.6825962074874146,0.34785393689104294,0.08123977501031124,0.006567745549979987
104,0.0009909743140373744,0.009431933943394701,0.07775546758476022,0.43949303377734517,0.714171334376888,0.49856547920503097,0.6811132175318966,0.3546565376559334,0.08435405125302634,0.0070266779473451505
105,0.001073501864693633,0.009975234007966405,0.08125541170277271,0.44689061251403506,0.711716754936382,0.49835363989072995,0.6794635494191194,0.36142032868441837,0.0875457590947956,0.0075096903633239615
106,0.0011619648656052916,0.01054541940103727,0.08485147055898355,0.4542114048435373,0.709102577881035,0.49837985531828577,0.6776512605525951,0.3681404796017239,0.09081497997196344,0.008017639191745496
107,0.0012567115038833385,0.011143469232486655,0.08854371964889174,0.4614504087263973,0.7063338471996996,0.49863789531143005,0.6756805400128222,0.37481221789435687,0.0941617170546551,0.008551394088310687
108,0.0013581056203779047,0.011770379067645689,0.09233212911709017,0.4686027306430542,0.7034157517222424,0.4991211620760513,0.6735557094074761,0.3814308352804616,0.0975858936109515,0.009111837413249106
109,0.0014665271216081786,0.012427160248101593,0.09621656178951968,0.4756635909063355,0.700353624727437,0.49982271559317726,0.6712812234539789,0.387991693857756,0.1010873514842503,0.00969986363475861
110,0.00158237238700047,0.013114839161325461,0.10019677137234075,0.4826283286365949,0.697152943121007,0.5007352994323231,0.668861670255352,0.3944902320195751,0.10466584968893448,0.010316378692906086
111,0.0017060546703593902,0.013834456458710561,0.1042724008240236,0.4894924063973651,0.6938193261494792,0.5018513668741195,0.666301771232332,0.4009219701307002,0.10832106312924453,0.010962299323732112
112,0.0018380044944520167,0.01458706622169852,0.10844298090688426,0.4962514144909574,0.6903585336184263,0.5031631072327407,0.6636063806769325,0.4072825159558035,0.11205258144599264,0.011638552343369874
113,0.0019786700375398238,0.015373735075761829,0.11270792892390608,0.5029010749149541,0.6867764635868514,0.5046624722707538,0.6607804848951632,0.4135675698345073,0.11585990799550529,0.012346073892057531
114,0.002128517510648544,0.01619554125210802,0.11706654764626469,0.5094372449819892,0.6830791495128063,0.506341202601562,0.6578292009092529,0.41977292959820284,0.1197424589648845,0.013085808637996181
115,0.0022880315243218406,0.01705357359707086,0.1215180244365273,0.5158559206066926,0.6792727568288528,0.5081908539776646,0.6547577746926381,0.4258944952249343,0.12369956262738561,0.01385870894108031
116,0.002457715443560994,0.017948930529255534,0.1260614305720373,0.5221532392649826,0.6753635789295781,0.5102028233663671,0.65157157891395,0.43192827322979777,0.12773045874139075,0.014665733976604305
117,0.0026380917296098495,0.018882718944613446,0.13069572077249714,0.5283254826322943,0.6713580325572277,0.5123683747184767,0.6482761101694987,0.4378703807894114,0.131834298096123,0.015507848819128412
118,0.0028297022672023,0.019856053069729384,0.1354197329352659,0.5343690789084895,0.6672626525752625,0.5146786643396796,0.644876985686973,0.4437170496001105,0.1360101422069069,0.016386023486769454
119,0.003033108675848391,0.020870053263718515,0.1402321880813506,0.5402806048384634,0.663084086123694,0.5171247657789123,0.6413799394865705,0.44946462947059573,0.14025696316241595,0.017301231946264883
120,0.0032488926036956995,0.021925844769245226,0.1451316905145341,0.5460567874384782,0.6588290861539241,0.5196976941528705,0.6377908179892106,0.45510959165076287,0.14457364362598135,0.01825445107924515
121,0.003477656002463905,0.023024556413294137,0.15011672819552063,0.5516945054393374,0.6545045043449059,0.5223884298309814,0.6341155750650962,0.46064853189944915,0.14895897699265334,0.01924665961023679
122,0.0037200213819141644,0.02416731925844465,0.1551856733324146,0.5571907904583774,0.6501172834063569,0.5251879414105266,0.6303602665194584,0.4660781732947537,0.15341166770331813,0.020278836997008085
123,0.003976632042279724,0.025355265205524245,0.1603367831882575,0.5625428279131278,0.6456744487788046,0.5280872079172415,0.6265310440159779,0.47139536879147076,0.15793033171677026,0.021351962283960878
124,0.004248152283051532,0.02658952554863982,0.16556820110577058,0.5677479576901863,0.6411830997441064,0.5310772401724673,0.62263414844197,0.4765971035310144,0.16251349714024288,0.022467012919363597
125,0.005003969254447994,0.02927448910740467,0.18167598382225755,0.5769697882717751,0.6306029351495127,0.5389698531710875,0.6123517046008061,0.4921374634086507,0.1719301779025434,0.02601042314662095
126,0.005333416053377494,0.030677764737869647,0.18718550023331942,0.581637160651797,0.6260131111154474,0.542209448441757,0.6082544475382468,0.4969281309972288,0.1767235129482494,0.02728382583322621
127,0.0056810277147114575,0.03213271831594037,0.19276428985072994,0.5861483792825721,0.6214058956143075,0.5455004405402233,0.604119530533525,0.5015903653435224,0.18157470640339352,0.028603231253432247
128,0.006047587174919359,0.03364045589434718,0.19840988782422506,0.5905016289337202,0.616788558212032,0.5488343525728836,0.5999535935192202,0.5061219087166792,0.18648182695142015,0.02996958223243573
129,0.006433899040869635,0.03520207205523614,0.20411972896565872,0.5946952485958693,0.6121683734166626,0.5522028548425122,0.5957633088912215,0.5105206454612893,0.19144286200390936,0.03138381181210935
130,0.0068407895678376995,0.03681864814077199,0.209891150358425,0.5987277308643482,0.6075526083453161,0.5555977787110334,0.5915553710202446,0.5147846026351742,0.19645571948622562,0.032846841839586395
131,0.007269106599234528,0.038491250450463976,0.21572139415736377,0.602597721203519,0.6029485100571917,0.5590111293715002,0.5873364853779539,0.5189119504710373,0.2015182297721104,0.034359581529845175
132,0.007719719466282194,0.04022092840749593,0.22160761057368805,0.6063040171065182,0.5983632925963045,0.5624350975273619,0.5831133573128271,0.5229010026721314,0.20662814776385185,0.035922926003986846
133,0.008193518845866188,0.04200871269647567,0.22754686103893998,0.6098455671648072,0.5938041237898242,0.5658620699826789,0.5788926805133058,0.5267502165522122,0.2117831551142845,0.037537754805001045
134,0.008691416574802964,0.04385561337514468,0.2335361215414895,0.613221470061464,0.5892781118498053,0.569284639152288,0.5746811251979671,0.5304581930299969,0.21698086258648783,0.039204930392906824
135,0.009737863822679702,0.0496391374323153,0.23947868161295544,0.6244076927646492,0.5795316297904983,0.5759516414259035,0.5661788769161348,0.5325576204074361,0.23283531963348383,0.04097302953314088
136,0.010312692089601406,0.051676054853312704,0.24557123836473396,0.6273098770464592,0.5751362716346511,0.5793149288369187,0.5620483490246461,0.5357969203330251,0.23815309678320853,0.04278999771626437
137,0.010915477601742319,0.05377501373406593,0.25170367672807803,0.6300431262226901,0.5708043839211207,0.5826460907352113,0.557951223414063,0.5388925447688626,0.24350117624549517,0.04466329872229179
138,0.011547232247266665,0.05593687638357082,0.25787261424846614,0.6326072513264293,0.5665426440641281,0.5859388594962525,0.5538937929610735,0.5418438320395425,0.24887684763231552,0.0465936967648465
139,0.012208986936587058,0.05816247376242473,0.2640746027617788,0.6350022048150725,0.562357584012393,0.5891872086399159,0.5498822554875997,0.5446502616973813,0.2542773491131531,0.048581928856181
140,0.012901791063714547,0.06045260352511183,0.27030613272453347,0.6372280793174134,0.5582555766690008,0.5923853554112128,0.5459227015263244,0.5473114538090753,0.2596998705882326,0.05062870319809957
141,0.013626711911019253,0.06280802805962188,0.2765636376575267,0.6392851064019792,0.5542428225454952,0.5955277625173471,0.5420211021758662,0.5498271681630204,0.2651415569489489,0.05273469757183183
142,0.014384833995993114,0.06522947252791815,0.28284349869298664,0.6411736553733344,0.5503253367038737,0.5986091390661193,0.5381832970931572,0.5521973034039963,0.270599511418811,0.0549005577296018
143,0.015177258358679564,0.06771762291087048,0.2891420492150799,0.6428942321018866,0.5465089360392227,0.6016244407530342,0.5344149826703102,0.5544218961013526,0.2760707989680457,0.057126895790716274
144,0.016005101788516676,0.07027312406136085,0.2954555795834329,0.6444474778914984,0.5427992269544876,0.6045688693463811,0.5307217004426791,0.5565011197561889,0.2815524497948682,0.05941428864506237
145,0.016869495989428905,0.07289657776935468,0.30178034192916364,0.6458341683880003,0.5392015934774037,0.607437871521196,0.5271088257740759,0.5584352837524159,0.2870414628663193,0.06176327636697666
146,0.01777158668210066,0.07558854084281637,0.3081125550127897,0.647055212530424,0.5357211858678322,0.6102271370941799,0.5235815568640372,0.5602248322558726,0.29253480951146715,0.064174360642508
147,0.01871253264247017,0.0783495232084159,0.31444840913330757,0.64811165154553,0.5323629097617503,0.6129325967125111,0.5201449041207729,0.561870343064994,0.29802943705972845,0.0666480032131582
148,0.019693504675596638,0.08117998603604812,0.32078407107768864,0.6490046579849552,0.5291314158959026,0.6155504190499975,0.5168036799419615,0.5633725264158362,0.3035222725170194,0.06918462433923486
149,0.020715684524176162,0.08408033989124096,0.327115689100031,0.6497355348030671,0.5260310904546415,0.6180770075641034,0.5135624889438125,0.5647322237435222,0.309010226272432,0.07178460128600606
150,0.022356660174113422,0.08712869640270308,0.33990017272304746,0.6487616646932489,0.5217332926285135,0.6216885902446584,0.5091243968486732,0.5682712756429298,0.31438479845339995,0.07709622224160209
151,0.023487739099545917,0.09020125247964739,0.34621524954044053,0.6490738010381728,0.5189748746892602,0.6239751560188195,0.5061503704735113,0.5692993696728756,0.31984522297229745,0.07986289599222918
152,0.024664223619288626,0.09334532181636683,0.3525113996957833,0.6492300291746554,0.5163596034875164,0.6261598196440594,0.5032915554438152,0.5701880971310244,0.3252909232540383,0.08269336920501541
153,0.026484504835193472,0.09976102579502638,0.3586190067085536,0.6507711382667616,0.51266422106093,0.6292637969684152,0.49900225323500386,0.5696823612240177,0.33626363139355264,0.08565476853379764
154,0.02777914047986087,0.10308887743780644,0.3648405455230976,0.6505673136247867,0.5104233656097295,0.6311806135844469,0.4964481303919566,0.5702088513053523,0.34166116747436115,0.08863808435578804
155,0.029123461374770183,0.10648791221987647,0.37103094901840833,0.6502141291524253,0.508336184656677,0.6329872538993402,0.49401987588533824,0.5706022244469013,0.34703205767043155,0.09168609030054987
156,0.03127287434243549,0.11005356865251788,0.3835297171350757,0.6479229825092515,0.5055157952570852,0.6354450364083686,0.49083090717242794,0.5724108062193799,0.352207310814494,0.09787439951782408
157,0.03274740626982281,0.11362603220927911,0.38963496463043373,0.6471858439190883,0.5038162076608531,0.6369707223803395,0.48872732852685846,0.572499010990762,0.35749621677807514,0.10109083351847332
158,0.03427587787125892,0.11726987717689953,0.39569459487781494,0.6463087536015167,0.5022749082703134,0.6383806336778983,0.4867584625975661,0.5724601787821354,0.36274873602816815,0.10437107464638626
159,0.035859497333512916,0.12098481854664914,0.40170490635923983,0.6452944921509088,0.5008927824050842,0.6396735563324227,0.4849260210692627,0.5722965291338711,0.36796184927677467,0.10771490429114064
160,0.0374994645739462,0.12477050091786529,0.4076622408105349,0.6441459602318612,0.49967039705179533,0.6408484539904756,0.4832314346612125,0.5720103935168573,0.37313256575290393,0.11112204577552683
161,0.039196969275431266,0.12862649742764418,0.4135629875817614,0.6428661773839844,0.49860800208760075,0.6419044633954067,0.4816758521124151,0.5716042134328556,0.3782579266864405,0.11459216348261568
162,0.04095318886432203,0.1325523087703684,0.41940358789210896,0.6414582807245822,0.49770553235096127,0.6428408900363254,0.48026013991889144,0.5710805384343747,0.38333500873226883,0.11812486205286345
163,0.042769286433689414,0.136547362310997,0.4251805389732263,0.6399255235357311,0.49696261054763535,0.6436572039853888,0.47898488282012,0.5704420240578085,0.3883609273300483,0.12171968565439849
164,0.0446464086142843,0.1406110112959444,0.4308903980954404,0.6382712737222829,0.49637855097632116,0.6443530359409478,0.4778503850285141,0.5696914296634549,0.39333283999533336,0.12537611732957035
165,0.04658568339593484,0.14474253416526472,0.43652978647187096,0.6364990121274048,0.49595236405504667,0.6449281734906894,0.4768566721927638,0.5688316161759239,0.39824794953807424,0.1290935784207784
166,0.04858821790233881,0.14894113396974437,0.44209539303595763,0.6346123306925403,0.4956827616261713,0.6453825576055254,0.4760034940828654,0.5678655437184678,0.4031035072048523,0.13287142807852062
167,0.053716131316312414,0.16590842257765442,0.44645552307015035,0.6324665263832359,0.49569114390744473,0.6463570045835065,0.4742702627092643,0.562088470120389,0.422919352763354,0.13709627201866567
168,0.05594245671263028,0.17034058206920344,0.4517075471632794,0.6302656213037081,0.4959697481469,0.6463842299385861,0.47390830848284743,0.560729111936626,0.42755232361878903,0.14105648722306693
169,0.058236784884963234,0.17483282687930782,0.45687509330285103,0.6279647822266792,0.4963981714207359,0.646292003991711,0.47368052962223717,0.5592810361951521,0.43211145286805847,0.14507557839722215
170,0.061752450286607585,0.18384962929528875,0.4614947027116494,0.6251776842855734,0.4972955038593695,0.6460822682987251,0.47358327072762807,0.5561194177302432,0.44135575879944544,0.14930300446700664
171,0.0642163745059284,0.18848552120988044,0.4664255005000727,0.6226629411911928,0.4980901655781821,0.6456926978615819,0.4736856615466511,0.5544516071392461,0.44572133677627146,0.15345432648855692
172,0.06675150888461646,0.19317602226937552,0.47126318671785494,0.6200617820532887,0.4990245829236416,0.6451867744441766,0.47391453728387267,0.5527089360882816,0.45000410212437714,0.15766161945815477
173,0.07191873763588531,0.20722758830905347,0.47491371057055476,0.6160213732320917,0.5012038955501839,0.6441810198757153,0.4748800115814763,0.5475873392813908,0.46319522823083864,0.1622668459531767
174,0.07465918562669199,0.21206482453551265,0.47942782926633914,0.6132201177596877,0.5025439669267604,0.6433290445680322,0.4754787034321564,0.545621205822948,0.46721869656162934,0.16661027747692714
175,0.07747394085006862,0.21694858015492607,0.48384127627000767,0.6103480896446645,0.5040095260931103,0.642366203126212,0.47619129019447115,0.5435982301581893,0.4711496639813091,0.17100618167012646
176,0.08036362326961177,0.22187707406239407,0.4881518774604888,0.6074098264440265,0.5055961586114954,0.6412942243296136,0.47701443380692443,0.5415225554639513,0.47498627868129684,0.17545313112220537
177,0.08332879823205752,0.22684846005952047,0.49235756162502614,0.6044099351046841,0.507299280186548,0.640114964198413,0.4779446288619538,0.5393983700125504,0.4787267739861263,0.17994963476027334
178,0.08636997407378447,0.23186082819434023,0.49645636238246327,0.6013530874251973,0.5091141495866935,0.6388304052371538,0.47897821294625453,0.5372299020913223,0.4823694699880936,0.18449413881705004
179,0.08948759976134998,0.23691220622938408,0.5004464199722843,0.5982440152600728,0.5110358817275368,0.6374426556990673,0.4801113771875219,0.5350214147662182,0.4859127750953895,0.18908502791792609
180,0.0926820625728281,0.2420005612377872,0.504325982911395,0.5950875054677133,0.5130594608686904,0.6359539488429002,0.4813401769686497,0.5327772004942949,0.4893551874956449,0.1937206262877118
181,0.09595368582684946,0.24712380132708406,0.5080934095208655,0.591888394604608,0.5151797538760731,0.6343666421536664,0.4826605427706262,0.5305015755908853,0.49269529653692234,0.1983991990774037
182,0.09930272666635885,0.2522797774900557,0.5117471693251012,0.5886515633697815,0.5173915235024392,0.6326832164985491,0.4840682911057699,0.5281988745581936,0.4959317840282519,0.20311895381105682
183,0.1027293739042002,0.2574662855817294,0.5152858443261006,0.585381930804996,0.519689441639889,0.6309062751893278,0.4855591355035425,0.525873444282963,0.49906342546186067,0.20787804195261644
184,0.10623374593771741,0.2626810684213395,0.5187081301556185,0.5820844482576585,0.5220681024992893,0.6290385429230401,0.4871286975119346,0.5235296381118194,0.5020890911592546,0.2126745605923031
185,0.10981588873960979,0.2679218180177811,0.5220128371081918,0.5787640931148577,0.5245220356729385,0.6270828645731849,0.48877251767834323,0.5211718098137925,0.5050077473432986,0.21750655425190255
186,0.1134757739323144,0.27318617791679706,0.5251988910580878,0.5754258623183754,0.5270457190383874,0.6250422038045811,0.4904860664749652,0.5188043074404,0.5078184571384019,0.2223720168080349
187,0.11721329695319328,0.27847174566785216,0.5282653342632749,0.5720747656719268,0.529633591463093,0.6229196414860175,0.4922647551349633,0.5164314670945368,0.5105203815008372,0.22726889353222615
188,0.12102827531778977,0.28377607540834277,0.5312113260595878,0.568715818953288,0.5322800652715365,0.6207183738761077,0.4941039463670392,0.5140576066202549,0.5131127800811356,0.232195083246322
189,0.12492044698837171,0.2890966805625111,0.5340361434482227,0.5653540368452634,0.5349795384384977,0.6184417105591609,0.4959989649175752,0.5116870192262781,0.5155950120203704,0.23714844059150986
190,0.12888946885491193,0.29443103665212983,0.536739181579673,0.5619944257007596,0.5377264064744359,0.6160930721095398,0.49794510795112057,0.5093239670568536,0.5179665366819882,0.24212677840893868
191,0.13487488287256566,0.3049536003113348,0.53831819893004,0.5571046374599511,0.5416697632559316,0.6127200503327056,0.5013668372417508,0.5056083117420691,0.5231246976199961,0.24740906444677793
192,0.1430447829072626,0.32066090792137447,0.538579344332109,0.5506387918906112,0.5468411851502704,0.6081806699311658,0.5064115475084179,0.5006512952617437,0.5306821202541177,0.2530225324469197
193,0.1473238007085376,0.32599550871124616,0.5406788821265665,0.5473720702495566,0.5497431766816164,0.6055452238877557,0.5085397157613181,0.4983758547356457,0.5325657768073463,0.2580510670126407
194,0.15634177913060018,0.33166305649610694,0.5487321818901697,0.5408572476840858,0.5561908217024438,0.5995608297072507,0.5118955262631972,0.4941586979314257,0.5326988548332654,0.2726197432109981
195,0.1608604109868705,0.33700072714307755,0.5505072665070757,0.5376692295248265,0.5591262026964129,0.596788975545125,0.5140737199241909,0.49199140287626036,0.5342308110818,0.2777099726255097
196,0.16544967084807322,0.34232872210350335,0.5521613251179354,0.5345231150985125,0.5620633611709135,0.5939782048351882,0.5162627273373939,0.48986700552208534,0.5356508432248669,0.28280630137259133
197,0.17010839715585116,0.3476443264087143,0.5536948874613975,0.5314234321417743,0.5649971782270449,0.5911328168368156,0.5184580550369658,0.48778915641198656,0.5369593798966075,0.28790628215067937
198,0.17483533979073948,0.3529448234879329,0.5551086005980059,0.5283746211942587,0.5679226316623005,0.5882571773498554,0.5206552750911809,0.4857614061312077,0.5381569541198286,0.293007455793636
199,0.1796291603028954,0.3582274989461639,0.5564032283678451,0.5253810279558915,0.5708348027408565,0.5853557123994972,0.5228500318835324,0.4837871993787706,0.5392442033645137,0.29810735469343824
200,0.184488432326958,0.3634896443908861,0.5575796507665919,0.522446895739392,0.5737288824499962,0.5824329015691004,0.5250380485123088,0.48186986919908836,0.5402218695441586,0.3032035062863307
201,0.18941164218441592,0.3687285613008203,0.5586388632400623,0.5195763580420242,0.5766001772441255,0.5794932709918069,0.5272151328067788,0.48001263139094275,0.5410907989478007,0.3082934365965413
202,0.19439718967636238,0.37394156492984204,0.5595819758970579,0.516773431260517,0.5794441142803224,0.5765413860143157,0.5293771829600421,0.478218579110891,0.5418519421052931,0.3133746738313887
203,0.1994433890690047,0.37912598823883753,0.560410212639976,0.514042007572866,0.582256246151771,0.5735818435486252,0.5315201927804272,0.4764906776877412,0.5425063535830361,0.31844475202132483
204,0.20454847027375705,0.3842791858481337,0.5611249102123398,0.5113858480104667,0.5850322551276774,0.570619264129949,0.5336402565650764,0.47483175966427615,0.543055191707071,0.32350121469821985
205,0.20971058022317177,0.3893985380028913,0.5617275171620854,0.5088085757435696,0.5877679569104537,0.567658283701248,0.5357335736009884,0.4732445200818264,0.5434997182101229,0.32854161860491815
206,0.21492778444338503,0.394481454543694,0.5622195927191381,0.5063136696025584,0.5904593039229676,0.5647035451469979,0.5377964523003635,0.4717315120226724,0.5438412977989106,0.3335635374288749
207,0.22019806882313947,0.39952537887435124,0.5626028055855085,0.5039044578568871,0.5931023881405337,0.5617596896008034,0.5398253139785201,0.4702951424245243,0.5440813976377492,0.3385645655524263
208,0.22551934157881962,0.40452779191880583,0.5628789326358551,0.5015841122728021,0.5956934434840643,0.5588313475533637,0.5418166962839742,0.46893766818057453,0.5442215867442399,0.3435423218120487
209,0.23088943541429646,0.4094862160588621,0.5630498575261964,0.4993556424700996,0.5982288477923734,0.5559231297890138,0.5437672562914959,0.4676611925377466,0.5442635352925972,0.3484944532587321
210,0.23630610987370698,0.4143982190443264,0.5631175692082108,0.4972218905972757,0.6007051243930496,0.5530396181806158,0.5456737732700133,0.46646766180487603,0.544209013819994,0.35341863891140807
211,0.2417670538846409,0.41926141786703897,0.5630841603463161,0.4951855263433517,0.6031189432925342,0.5501853563739668,0.5475331511381947,0.46535886238158,0.5440598923310996,0.35831259349519357
212,0.24726988848850312,0.42407348259015926,0.5629518256345432,0.4932490423035719,0.6054671220071495,0.5473648403940905,0.5493424206213514,0.46433641811756093,0.5438181392958767,0.36317407115603095
213,0.252812169754147,0.428832140124016,0.5627228600100289,0.4914147497149673,0.6077466260576849,0.5445825092067846,0.5510987411239912,0.4634017880110298,0.5434858205355845,0.3680008691431822
214,0.25839139187017096,0.43353517793972696,0.562399656759797,0.48968477457649495,0.6099545691508946,0.5418427352696296,0.5527994023328764,0.46255626425380625,0.543065097991852,0.37279083145086744
215,0.2640049904105716,0.43818044771178855,0.5619847055174095,0.48806105416714246,0.6120882130717944,0.539149815107285,0.5544418255658939,0.4618009706295364,0.5425582283736933,0.3775418524102607
216,0.26965034576775293,0.44276586888078845,0.5614805901459728,0.48654533397396843,0.6141449673110108,0.536507959946313,0.5560235648822827,0.46113686127026904,0.541967561677298,0.38225188022293505
217,0.2806816255173352,0.45608778675533296,0.5578562869115409,0.4835413507266309,0.6171662716683771,0.531879037721856,0.5601443794437376,0.46019688744133364,0.5420577591906987,0.3877534131822773
218,0.2863905258546302,0.4604618084134072,0.5570764229205388,0.4823652373663291,0.6189822767768682,0.5294053278543511,0.5615363761416766,0.459821337858176,0.541242780841925,0.39231999300262
219,0.2921206492891936,0.4647664837964063,0.5562209237139937,0.48130034878055244,0.6207131771283739,0.5269984206278368,0.5628585114883691,0.4595406388809317,0.54035263448142,0.39684021658963187
220,0.2978691630819038,0.46900012798022644,0.5552928483738555,0.48034741317404195,0.6223571050419685,0.5246619739723816,0.5641090086660779,0.4593548979738026,0.5393900704473358,0.40131235817755806
221,0.30363320274161737,0.4731611454766415,0.5542953330731918,0.47950696114820807,0.6239123336797648,0.5223995077461618,0.565286226878168,0.45926405016993477,0.5383579219996307,0.4057347625769783
222,0.3094098763954331,0.47724803300094426,0.5532315879454708,0.4787793257687218,0.6253772755139846,0.5202143957459873,0.5663886612090396,0.45926785935939746,0.5372591029301035,0.4101058480084186
223,0.315196269254307,0.4812593820864752,0.5521048938124297,0.47816464307285056,0.6267504807128232,0.5181098580498417,0.5674149423667608,0.45936591994208953,0.5360966050105284,0.41442410881024544
224,0.3209894481622667,0.4851938815379058,0.5509185987684911,0.47766285301428957,0.6280306354651336,0.5160889537216767,0.568363836321143,0.45955765883990596,0.5348734952753439,0.41868811801234085
225,0.3267864662169422,0.48905031971537627,0.5496761146200102,0.4772737008416859,0.6292165602628141,0.5141545739072141,0.5692342438491446,0.45984233786128353,0.5335929131357305,0.42289652976717185
226,0.3325843674486428,0.49282758664180565,0.5483809131780456,0.4769967389055496,0.6303072081585742,0.5123094353479073,0.57002519999857,0.4602190564101246,0.5322580673224051,0.4270480816300714
227,0.33838019154474785,0.4965246759260017,0.5470365224037601,0.47683132888677193,0.6313016630153966,0.5105560743384261,0.5707358734800159,0.4606867545299682,0.5308722326549284,0.43114159668071816
228,0.34417097860578066,0.500140686494467,0.5456465224060544,0.47677664443853857,0.6321991377626666,0.5088968411511474,0.5713655659959971,0.4612442162732442,0.529438746635915,0.4351759854780717
229,0.34995377391914284,0.503674824125125,0.5442145412914949,0.47683167423202066,0.6329989726723735,0.5073338949490918,0.5719137115150522,0.4618900733844142,0.5279610058690587,0.4391502478412353
230,0.3557256327361885,0.5071264027765606,0.5427442508671817,0.4769952253949204,0.6337006336673259,0.505869199206648,0.572379875497524,0.462622809284876,0.5264424623005565,0.4430634744490536
231,0.3614836250380214,0.510494845706726,0.5412393621977528,0.477265927330649,0.634303710671686,0.5045045176551903,0.5727637540785459,0.46344076334660567,0.5248866192841397,0.4469148482515348
232,0.3672248402751886,0.5137796863754778,0.5397036210183302,0.47764223590472615,0.6348079160125151,0.5032414107684061,0.5730651732125787,0.4643421354406947,0.5232970274706207,0.4507036456865616
233,0.3729463920662725,0.5169805691257405,0.5381408030058484,0.4781224379838408,0.635213082879385,0.5020812327997752,0.5732840877826906,0.4653249907461794,0.5216772805235717,0.4544292376957185
234,0.3786454228402631,0.5200972496385436,0.5365547089118605,0.4787046563119607,0.6355191638474186,0.5010251293822425,0.5734205806765628,0.46638726480388154,0.5200310106635027,0.4580910905334771
235,0.3843191084075536,0.5231295951576631,0.534949159560609,0.47938685470690373,0.6357262294674964,0.500074035697661,0.5734748618300807,0.46752676879937,0.5183618840436638,0.4616887663644231
236,0.3899646624443898,0.5260775844801014,0.5333279907168351,0.48016684355987477,0.6358344669256895,0.4992286752211103,0.5734472672382003,0.46874119505861467,0.516673595961395,0.46522192364366416
237,0.395579340875687,0.5289413077091788,0.5316950478285393,0.481042285619688,0.6358441787723699,0.4984895590427195,0.5733382579316993,0.4700281227394615,0.5149698659097338,0.4686903172760635
238,0.40116044614124163,0.5317209657675368,0.53005418065061,0.48201070204264956,0.6357557817198553,0.4978569857671225,0.5731484189173438,0.47138502370166624,0.5132544324748243,0.47209379855045364
239,0.40670533133057774,0.5344168696679557,0.5284092377560035,0.4830694786884902,0.6355698055058968,0.49733104198825157,0.5728784580779981,0.4728092685379537,0.5115310480854756,0.47543231484555
240,0.41221140417191227,0.5370294395404721,0.5267640609418925,0.48421587264217586,0.6352868918188523,0.49691160333471546,0.5725292050282553,0.4742981327483344,0.5098034736220753,0.4787059091048414
241,0.417676130861046,0.5395592034148867,0.5251224795389363,0.48544701894101433,0.6349077932789394,0.49659833607865483,0.5721016099202588,0.4758488030397908,0.5080754728928588,0.48191471907834454
242,0.42309703971639356,0.5420067957584032,0.5234883046325957,0.4867599374861396,0.6344333724686526,0.49639069929864144,0.5715967421935959,0.4774583837333933,0.5063508069863917,0.4850589763297299
243,0.42847172464679795,0.5443729557687805,0.521865323206126,0.48815154011720396,0.6338646010041474,0.49628794758494177,0.5710157892623912,0.47912390326092386,0.5046332285099279,0.48813900500797075
244,0.43379784841931446,0.546658525424045,0.5202572922156249,0.48961863782899095,0.6332025586382524,0.4962891342733181,0.5703600551320791,0.48084232073320343,0.5029264757241109,0.4911552203833319
245,0.4390731457147158,0.548864447290494,0.5186679326082136,0.49115794810859226,0.6324484323846936,0.4963931151914584,0.5696309589377866,0.4826105325624861,0.5012342665852855,0.4941081271482047
246,0.44429542595913923,0.5509917620914165,0.5171009232951267,0.49276610237185664,0.6316035156521702,0.4965985529001837,0.5688300333957673,0.48442537912154104,0.49956029270744207,0.4969983174839888
247,0.4494625759209788,0.553041606039645,0.5155598950921377,0.4944396534779493,0.6306692073760819,0.4969039214097362,0.5679589231589895,0.48628365142237356,0.4979082132565748,0.4998264688959469
248,0.4545725620629207,0.5550152079377844,0.5140484246404117,0.496175083301092,0.6296470111349786,0.49730751134972456,0.5670193830676885,0.48818209779790683,0.49628164879092956,0.5025933418186833
249,0.4596234326398417,0.5569138860506733,0.5125700283214507,0.49796881033887386,0.6285385342382299,0.4978074355697404,0.5660132762855477,0.4901174305704281,0.4946841750613228,0.5052997769956494
250,0.4646133195341618,0.5587390447553403,0.5111281561803899,0.49981719733690133,0.6273454867708957,0.4984016351461846,0.5649425723121031,0.4920863326910809,0.4931193167863162,0.507946692636814
251,0.4695404398212012,0.5604921709744746,0.5097261858724175,0.5017165589100591,0.6260696805814917,0.4990878857695803,0.5638093448620206,0.4940854643352882,0.4915905414176681,0.5105350813594102
252,0.4744030970580679,0.5621748304001142,0.5083674166475808,0.5036631691411719,0.6247130281980819,0.49986380448546647,0.562615769602044,0.49611146943958107,0.4901012529120066,0.5130660069174273
253,0.47919968229064175,0.5637886635150173,0.5070550633896656,0.505653269138503,0.6232775416580869,0.5007268567609979,0.5613641217366604,0.4981609821659865,0.4886547855251786,0.5155406007262724
254,0.4839286747743037,0.5653353814198616,0.5057922507252353,0.5076830745341845,0.6217653312372184,0.5016743638485399,0.5600567734339126,0.5002306332808324,0.4872543976461766,0.5179600581898013
255,0.4885886424051738,0.5668167614751496,0.5045820072192193,0.5097487829064311,0.6201786040631456,0.5027035104168557,0.5586961910832138,0.5023170564355577,0.4859032656879295,0.5203256348376617
256,0.4931782418597884,0.5682346427673881,0.5034272596737331,0.511846581109179,0.6185196625998084,0.5038113524200031,0.5572849323776092,0.5044168943379014,0.48460447805257045,0.5226386422816562
257,0.497696218442319,0.5695909214097807,0.502330827546997,0.5139726524936253,0.6167909029887,0.5049948251736764,0.5558256432135519,0.5065268048026292,0.4833610291890594,0.5249004440005628
258,0.5021414056396599,0.5708875456883691,0.5012954175093718,0.5161231840070353,0.614994813234034,0.5062507516085606,0.5543210544020255,0.5086434666717654,0.4821758137612249,0.52711245096358
259,0.5065127243859547,0.5721265110651846,0.5003236181536108,0.5182943731551009,0.6131339712193451,0.5075758506702314,0.552773978185651,0.5107635855951488,0.48105162094443343,0.5292761171032823
260,0.5108091820393575,0.573309855050601,0.4994178948764106,0.5204824348150671,0.6112110425438749,0.50896674583525,0.5511873045573196,0.5128838996629351,0.47999112886911555,0.5313929346496481
261,0.5150298710751267,0.5744396519577021,0.49858058494830376,0.522683607887834,0.6092287781679785,0.510419973713401,0.5495639973768822,0.5150011848825387,0.4789968992293995,0.5334644293374109
262,0.5191739675003842,0.5755180075520369,0.49781389278877947,0.5248941617782038,0.6071900118577745,0.5119319927064265,0.5479070902834496,0.5171122604933155,0.4780713720749638,0.5354921554996088
263,0.5232407289971642,0.5765470536106777,0.4971198854633128,0.5271104026934443,0.6050976574203403,0.5134991916941946,0.546219682401962,0.5192139941131343,0.4772168608040803,0.5374776910608344
264,0.5272294928016291,0.5775289424050336,0.4965004884186923,0.5293286797513406,0.6029547057219249,0.5151178987199383,0.5445049338438404,0.5213033067117843,0.47643554737554955,0.5394226324442609
265,0.5311396733285901,0.5784658411223228,0.49595748147268137,0.5315453908899003,0.6007642214828941,0.5167843896470438,0.5427660610027262,0.523377177406976,0.47572947775690483,0.5413285894070804
266,0.5349707595516986,0.5793599262410645,0.495492495073601,0.5337569885718491,0.5985293398444247,0.5184948967608073,0.5410063316475275,0.5254326480794419,0.4751005576258559,0.543197179819473
267,0.5387223121508846,0.5802133778763393,0.4951070068449139,0.5359599852780422,0.5962532627033418,0.520245617289673,0.5392290598162724,0.5274668278044141,0.4745505483414566,0.545030024402726
268,0.5423939604398019,0.5810283741109294,0.49480233842930466,0.5381509587848535,0.5939392548129216,0.5220327218216175,0.5374376005155174,0.5294768970974373,0.4740810632009093,0.5468287414425081
269,0.5459853990871871,0.5818070853287505,0.49457965264608045,0.5403265572215329,0.5915906396489208,0.5238523625926241,0.5356353442313552,0.5314601119731772,0.4736935639972844,0.5485949414937152
270,0.549496384647138,0.5825516685672566,0.49443995097499605,0.5424835039044175,0.5892107950416051,0.5257006816255546,0.5338257112593499,0.5334138078165002,0.47338935789271186,0.5503302220935958
271,0.5529267319143623,0.5832642619056962,0.4943840713787898,0.5446186019457306,0.586803148576053,0.5275738186991339,0.5320121458619919,0.5353354030656977,0.47316959462081104,0.55203616250016
272,0.5562763101214644,0.583946978906264,0.4944126864758534,0.5467287386355286,0.5843711727645235,0.5294679191282752,0.5301981102635331,0.5372224027082708,0.47303526403125723,0.5537143184730733
273,0.5595450389962708,0.5846019031252871,0.49452630207351944,0.5488108895961257,0.581918379996228,0.5313791413385205,0.5283870784932949,0.5390724015901942,0.4729871939884568,0.5553662171144175
274,0.562732884698058,0.5852310827116342,0.4947252560714369,0.5508621227090528,0.5794483172713234,0.533303664218949,0.5265825300897321,0.5408830875400138,0.47302604863529435,0.556993351786777
275,0.5658398556523693,0.5858365251095147,0.4950097177434671,0.552879601815277,0.5769645607274673,0.5352376942395434,0.5247879436787051,0.5426522443095246,0.47315232703185484,0.558597177126159
276,0.5688659983048119,0.5864201918827602,0.4953796874053788,0.5548605901900302,0.5744707099687277,0.537177472320641,0.5230067904405056,0.5443777543331259,0.47336636217789885,0.5601791041672256
277,0.5718113928148926,0.5869839936775529,0.4958349964744931,0.5568024537941716,0.5719703822080737,0.5391192804437552,0.5212425274812456,0.5460576013082168,0.4736683204266876,0.5617404955982251
278,0.577303468122692,0.5879405140322371,0.49818930332390027,0.5619869865820121,0.5667525381617002,0.5424456699228417,0.5177206848273758,0.5484179739114337,0.47298657747815004,0.5658904881882898
279,0.5800017381669642,0.5884090145322763,0.4989066863268717,0.5638002673129943,0.5642525993112668,0.5443653103000435,0.5160266921551869,0.5499512859736466,0.47354570988099604,0.5674374380069812
280,0.5826200696798748,0.5888634516704527,0.49970755857114013,0.5655637118173603,0.5617612031759069,0.546272933227042,0.5143624912381362,0.5514327501658615,0.47419163905296263,0.5689696398926957
281,0.5851586424744172,0.589305513116749,0.500590897055819,0.5672752378739567,0.559281969109177,0.5481651156199231,0.5127313616606909,0.5528608916511707,0.4749237209528897,0.5704880471870574
282,0.587617644095866,0.5897368120409822,0.5015555169458409,0.5689328825040036,0.5568184948659545,0.5500385090483451,0.5111365292925725,0.5542343472975515,0.4757411509913869,0.5719935376487457
283,0.589997265736353,0.5901588832373359,0.5026000744918545,0.5705348037390459,0.5543743498237426,0.551889844384905,0.5095811595361225,0.5555518670783499,0.4766429662538751,0.5734869103556036
284,0.5922976982700382,0.5905731795011872,0.5037230703507691,0.5720792821935942,0.5519530681535053,0.5537159361676169,0.508068350628892,0.5568123153174471,0.4776280481232304,0.5749688828733004
285,0.5945191284313944,0.5909810682718565,0.5049228533009046,0.5735647224469115,0.5495581419612511,0.5555136866784077,0.5066011270226646,0.5580146717816531,0.47869512529723335,0.5764400887032627
286,0.5966617351586921,0.5913838285541191,0.5061976243442323,0.5749896542383147,0.5471930144221413,0.5572800897417141,0.5051824328602728,0.5591580326226215,0.47984277719456064,0.5779010750217252
287,0.5987256861243311,0.5917826481305622,0.5075454411867611,0.5763527334803146,0.5448610729294415,0.5590122342484414,0.5038151255716331,0.5602416111703864,0.4810694377416331,0.5793523007209122
288,0.601721012521603,0.5928546581938815,0.5090575722248274,0.5775776731601843,0.5414701887758464,0.5618352925006478,0.5019465047565345,0.562094518104337,0.48387963262176803,0.5805570862975944
289,0.6035918859620402,0.593274614380236,0.5105778891112597,0.5787803826113024,0.5392358678752923,0.5634717839212886,0.5007208289671196,0.5630256433307156,0.48529577981160243,0.581963046645694
290,0.6053844663229739,0.5936942934336019,0.5121633336788253,0.5799181407625666,0.5370458243488857,0.5650644876001292,0.49955606351307175,0.5638947567277706,0.48678426755870846,0.5833600913982752
291,0.6070988349248004,0.594114386466486,0.5138113916938183,0.5809901806784762,0.5349031092238711,0.5666109574492629,0.49845460175548284,0.5647016036201242,0.4883429275596499,0.584748324775641
292,0.6087350469552418,0.5945354830877582,0.5155194369288665,0.5819958633079085,0.5328106818290699,0.5681088572966874,0.4974187176291,0.5654460490684659,0.4899694729800053,0.5861277579908163
293,0.6102931296827544,0.5949580709001849,0.5172847377580231,0.5829346773998882,0.5307714036111485,0.5695559628095294,0.4964505605104687,0.566128077735287,0.4916615044470641,0.5874983092826115
294,0.6117730809928484,0.5953825353508537,0.5191044640167458,0.5838062392628272,0.5287880321355135,0.5709501632083362,0.4955521503584262,0.5667477936069039,0.4934165163231357,0.5888598042978297
295,0.6131748682605342,0.5958091599371169,0.5209756941067352,0.584610292369286,0.526863215293482,0.5722894627832272,0.4947253731446073,0.5673054195709473,0.49523190324052363,0.5902119768245803
296,0.6144984275706495,0.5962381267694242,0.5228954223245345,0.5853467068079508,0.5249994857367737,0.5735719822228681,0.49397197659068115,0.567801296848133,0.4971049668780957,0.5915544698773492
297,0.6157436632963161,0.5966695174911478,0.5248605663918325,0.5860154785841656,0.5231992555596513,0.5747959597672708,0.49329356622803544,0.5682358842768048,0.49903292295836726,0.5928868371331903
298,0.6182773577441426,0.5993900466307335,0.5276917997691828,0.5859182779877637,0.5197318949142196,0.5776481691733252,0.49236075855385614,0.5693149845040297,0.5046953414900699,0.5928997537476619
299,0.6215846844909758,0.6029466050336384,0.5328577128266233,0.5859401236501547,0.5150649192803409,0.5811623254337877,0.4914739820581564,0.5702398627909494,0.5126459315138003,0.5938796538613984
300,0.6223666185088311,0.6034924592676411,0.5350388480131508,0.5862162863191575,0.5136872002994534,0.5820069725683873,0.49127910971221045,0.5703153850153094,0.5148152213157036,0.5950473765858457
301,0.6230684774455658,0.6040368974357683,0.5372424376269683,0.5864305746797636,0.5123853742711016,0.582783622735989,0.4911672146616632,0.5703343537692046,0.5170174378650062,0.5962016908389747
302,0.6236899387206558,0.6045790293318815,0.5394650778730385,0.5865839408711248,0.5111607320485442,0.5834914811893169,0.4911386611776948,0.570298132717717,0.5192494061378333,0.5973417493765659
303,0.6242306609926603,0.6051178932251214,0.5417033614310164,0.5866774462243519,0.5100144117610745,0.5841298748139006,0.4911936503374933,0.5702081934289102,0.5215079342775225,0.5984666385426889
304,0.6246902874801916,0.6056524607788634,0.5439538855393723,0.5867122590242355,0.5089473968792104,0.5846982520574572,0.4913322198962187,0.5700661130577995,0.5237898214661519,0.5995753821721576
305,0.6250684496356641,0.6061816422258446,0.5462132599943317,0.5866896521180636,0.5079605146724405,0.5851961827816986,0.49155424457462055,0.5698735718450134,0.5260918657443442,0.6006669457587552
306,0.6253647711597083,0.6067042917813615,0.548478115037196,0.5866110003702059,0.5070544350647151,0.5856233580412625,0.491859436761373,0.5696323504268912,0.528410871752737,0.6017402408750607
307,0.6255788723421597,0.6072192132752657,0.5507451091038887,0.5864777779611043,0.5062296698913191,0.5859795897935483,0.4922473476276133,0.5693443269539472,0.5307436583686679,0.6027941298285148
308,0.625710374713677,0.6077251659824552,0.5530109364110236,0.5862915555294088,0.5054865725592093,0.586264810542326,0.49271736864962834,0.5690114740149169,0.5330870662119412,0.6038274305372439
309,0.6257589059901113,0.6082208706305023,0.5552723343532753,0.5860539971560679,0.5048253381113561,0.5864790729170368,0.49326873353411893,0.5686358553639155,0.5354379649939326,0.6048389216080403
310,0.6257241052899998,0.6087050155621935,0.5575260906875177,0.585766857189408,0.5042460036940558,0.5866225491887784,0.4939005205389541,0.5682196224486544,0.5377932606848231,0.6058273475979172
311,0.6256056286037533,0.6091762630298212,0.55976905047988,0.5854319769103973,0.5037484494246656,0.5866955307230192,0.49461165518089706,0.5677650107381027,0.5401499024743566,0.6067914244396353
312,0.6254031544914469,0.6096332555973545,0.561998122792751,0.5850512810376136,0.5033323996556814,0.5866984273681619,0.4954009133203511,0.5672743358485054,0.5425048895022591,0.6077298450107451
313,0.6251163899845329,0.6100746226258907,0.564210287089683,0.584626774071744,0.5029974246296006,0.5866317667781962,0.49626692461182587,0.5667499894672683,0.5448552773352963,0.6086412848248482
314,0.6247450766652587,0.6104989868171996,0.5664025993371933,0.5841605364798355,0.5027429425175621,0.5864961936667745,0.4972081763075191,0.5661944350748299,0.5471981841688693,0.6095244078230242
315,0.6242889968961826,0.6109049707896671,0.5685721977835837,0.5836547207199527,0.5025682218333464,0.5862924689892371,0.4982230174001744,0.5656102034653737,0.5495307967320994,0.6103778722427315
316,0.623747980170868,0.6112912036605415,0.5707163083961362,0.583111547107394,0.5024723842129671,0.5860214690483111,0.49930966309020375,0.5649998880679606,0.5518503758764784,0.611200336540902
317,0.6231219095556508,0.6116563276080811,0.5728322499393246,0.5825332995241431,0.5024544075487773,0.5856841845184653,0.5004661995609793,0.5643661400704806,0.5541542618293812,0.6119904653474721
318,0.6224107281913027,0.6119990043869991,0.5749174386780936,0.5819223209738374,0.5025131294657966,0.5852817193832295,0.5016905890451835,0.5637116633496664,0.5564398790950544,0.6127469354252092
319,0.6216144458224913,0.612317921770517,0.57696939269169,0.5812810089851358,0.5026472511267699,0.5848152897791628,0.5029806751641869,0.5630392092113105,0.5587047409870753,0.6134684416114008
320,0.6207331453221274,0.6126117998923613,0.5789857357850827,0.5806118108670687,0.502855341351397,0.5842862227396122,0.5043341885215769,0.5623515709457546,0.5609464537777575,0.6141537027168039
321,0.6197669891770496,0.6128793974621614,0.5809642009865807,0.5799172188206271,0.50313584103414,0.5836959548309312,0.5057487525312259,0.5616515782046932,0.5631627204515022,0.6148014673571529
322,0.6179251290092856,0.6115921242830018,0.5842221721717286,0.5790107349112784,0.5038102747307773,0.5824673529784379,0.5079693017122741,0.5609203829986021,0.5657109699057702,0.6175761501957898
323,0.6167454072649086,0.6117743535239564,0.5860881589920486,0.5782583987586977,0.5042632407761497,0.5817321079848675,0.5095254189108285,0.5602070920890669,0.5678668804169148,0.6181402311936972
324,0.6154821743645923,0.6119275544297854,0.5879094532126357,0.577489168441681,0.5047823065366266,0.5809416481167542,0.5111333362416436,0.5594919060981954,0.569990010587133,0.6186615555251774
325,0.6141360316034533,0.6120507573458819,0.5896843280183153,0.5767056857801063,0.5053654026293917,0.5800978829198027,0.5127902703357833,0.558777730448183,0.5720785093818302,0.6191390480761367
326,0.6127076933782701,0.6121430583358816,0.5914111768982285,0.575910609380116,0.506010360380054,0.579202821647468,0.5144933662755713,0.5580674721311176,0.574130636182409,0.6195716965405096
327,0.6111979925823543,0.6122036238619778,0.5930885142708703,0.575106608949421,0.5067149177373176,0.5782585709938802,0.516239704434818,0.557364033172183,0.5761447618054515,0.6199585563286528
328,0.6096078857046662,0.612231695167067,0.5947149756662697,0.5742963595231599,0.5074767253463168,0.5772673326577222,0.5180263073916673,0.5566703039948909,0.578119369080561,0.6202987552209535
329,0.6079384576004616,0.6122265923383039,0.5962893174689855,0.5734825356113734,0.5082933527599425,0.5762314007292887,0.5198501468920548,0.5559891567030772,0.5800530529887629,0.6205914977452365
330,0.6061909259016433,0.6121877180328036,0.5978104162274371,0.5726678052799877,0.5091622947673246,0.5751531588933548,0.521708150841977,0.5553234382953733,0.5819445203652561,0.6208360692575653
331,0.6043666450360496,0.612114560847478,0.5992772675368708,0.5718548241779852,0.5100809778185807,0.5740350774409642,0.5235972103070307,0.5546759638288044,0.5837925891721536,0.6210318397071074
332,0.6024671098261427,0.6120066983163467,0.6006889845050575,0.5710462295242089,0.5110467665249558,0.5728797100838053,0.5255141864980544,0.5540495095490502,0.5855961873487122,0.6211782670669602
333,0.600493958638903,0.6118637995200797,0.602044795811545,0.5702446340679875,0.5120569702135969,0.5716896905655245,0.5274559177221441,0.5534468060057562,0.5873543512483637,0.6212749004140826
334,0.5984489760603228,0.6116856272940904,0.6033440433730203,0.5694526200384733,0.5131088495164202,0.5704677290650496,0.529419226278864,0.5528705311720757,0.5890662236736641,0.6213213826429194
335,0.5963340950695385,0.6114720400230615,0.6045861796289724,0.5686727330982447,0.5141996229727978,0.5692166083878463,0.531400925282063,0.5523233035883464,0.590731051522023,0.6213174527987293
336,0.5941513986894879,0.6112229930114802,0.6057707644634547,0.5679074763173123,0.5153264736261737,0.5679391799418999,0.5333978253883993,0.5518076755504606,0.5923481830567756,0.6212629480182115
337,0.5919031210929485,0.6109385394215033,0.6068974617802915,0.5671593041842595,0.5164865555951654,0.5666383594962194,0.5354067414144245,0.5513261263640885,0.5939170648198143,0.6211578050666413
338,0.5895916481449163,0.6106188307712711,0.6079660357505334,0.5664306166717108,0.5176770006002125,0.565317122720678,0.5374244988248857,0.5508810556863953,0.5954372382035706,0.6210020614624273
339,0.5872195173644983,0.6102641169886373,0.6089763467523525,0.5657237533737612,0.5188949244274438,0.5639785005071037,0.5394479400757749,0.5504747769773336,0.5969083357016535,0.6207958561817678
340,0.5847894172918446,0.6098747460171995,0.6099283470248883,0.5650409877333679,0.5201374333120647,0.5626255740726955,0.541473930796573,0.5501095110828969,0.5983300768588762,0.6205394299378857
341,0.5823041862480749,0.6094511629734344,0.6108220760587484,0.5643845213779736,0.5214016302242995,0.5612614698480187,0.543499365797104,0.5497873799729717,0.5997022639427452,0.6202331250311961
342,0.5797668104787,0.6089939088557209,0.6116576557470103,0.563756478581858,0.5226846210416768,0.5598893541530914,0.5455211748854162,0.5495104006565452,0.6010247773597464,0.6198773847686517
343,0.5771804216736558,0.6085036188080151,0.6124352853215635,0.5631589008738177,0.5239835205922614,0.5585124276663168,0.5475363284841419,0.5492804792970485,0.6022975708408951,0.61947275245244
344,0.5745482938597594,0.6079810199429362,0.6131552361005516,0.5625937418088317,0.5252954585543054,0.5571339196923281,0.5495418430338587,0.5490994055505468,0.6035206664220785,0.6190198699401631
345,0.5718738396641526,0.6074269287310348,0.6138178460734709,0.5620628619223104,0.526617585198679,0.5557570822361089,0.551534786173058,0.5489688471492999,0.604694149245647,0.6185194757805886
346,0.5691606059500881,0.6068422479649852,0.6144235143511482,0.5615680238853944,0.527947076961375,0.5543851838920707,0.5535122816854217,0.5488903447528997,0.6058181622105162,0.6179724029310217
347,0.5664122688292664,0.6062279633094528,0.6149726955083963,0.5611108878795317,0.5292811418343363,0.5530215035580887,0.5554715142062248,0.5488653070887963,0.606892900498762,0.6173795760643235
348,0.5636326280577727,0.6055851394493056,0.6154658938475664,0.5606930072082429,0.5306170245638357,0.551669323985796,0.5574097336807918,0.548895006403495,0.6079186060072409,0.616742008475525
349,0.5608256008255309,0.60491491585078,0.6159036576115342,0.5603158241635631,0.5319520116466236,0.5503319251797372,0.5593242595690344,0.5489805742450489,0.6088955617132195,0.6160607985999166
350,0.5579952149520663,0.6042185021520774,0.6162865731748347,0.5599806661641381,0.5332834361150727,0.5490125776592405,0.5612124847912133,0.5491229975967482,0.6098240860033132,0.6153371261563794
351,0.5551456015041927,0.6034971732016786,0.616615259241707,0.5596887421813461,0.5346086821035484,0.5477145355981115,0.5630718794111409,0.5493231153810154,0.6107045269952054,0.6145722479315524
352,0.552280986854052,0.6027522637644316,0.6168903610797437,0.5594411394691089,0.5359251891892411,0.546441029858428,0.5648999940541068,0.5495816153515507,0.6115372568816605,0.613767493222225
353,0.5494056841987144,0.6019851629171487,0.617112544817607,0.5592388206122825,0.5372304565017044,0.5451952609358841,0.5666944630578635,0.5498990313906932,0.6123226663262622,0.6129242589550675
354,0.5465240845652188,0.601197308157053,0.6172824918349524,0.5590826209076196,0.5385220465963232,0.5439803918351965,0.5684530073560013,0.5502757412277635,0.6130611589400551,0.612044004504455
355,0.5436406473275941,0.6003901792479285,0.6174008932722198,0.5589732460903374,0.5397975890879205,0.5427995408951283,0.5701734370940393,0.5507119645928746,0.6137531458679285,0.6111282462307239
356,0.5407598902649123,0.5995652918302519,0.6174684446873375,0.5589112704182735,0.541054784041662,0.5416557745836312,0.571853653979482,0.5512077618193038,0.614399040513044,0.6101785517626637
357,0.5378863791918916,0.5987241908228932,0.6174858408856899,0.5588971351244846,0.5422914051193468,0.5405521002845008,0.5734916533680143,0.551763032906054,0.6149992534269977,0.6091965340494451
358,0.5350247171958681,0.5978684436451734,0.6174537709488034,0.5589311472479267,0.5435053024800798,0.539491459097707,0.5750855260888293,0.5523775170506439,0.6155541873926108,0.6081838452084508
359,0.5321795335161794,0.5969996332891543,0.6173729134862747,0.5590134788505948,0.5446944054351892,0.5384767186763029,0.5766334600129226,0.5530507926605615,0.6160642327253574,0.6071421701966533
360,0.5293554721040464,0.5961193512729787,0.6172439321343396,0.5591441666281433,0.5458567248580918,0.5375106661234075,0.5781337413689229,0.5537822778500583,0.6165297628183939,0.6060732203342022
361,0.5265571799029616,0.5952291905069182,0.6170674713233035,0.5593231119196129,0.5469903553505998,0.5365960009732705,0.5795847558117353,0.5545712314272098,0.6169511299550015,0.6049787267098311
362,0.5237892948913438,0.5943307381044542,0.6168441523347277,0.5595500811204371,0.5480934771679329,0.5357353282808508,0.5809849892499289,0.5554167543743117,0.6173286614109867,0.6038604334984541
363,0.5210564339308004,0.5934255681712794,0.6165745696678588,0.5598247065013944,0.5491643579054062,0.5349311518446427,0.5823330284383914,0.5563177918227982,0.6176626558681924,0.6027200912219794
364,0.5183631804647365,0.5925152346054766,0.6162592877332697,0.5601464874346227,0.5502013539504266,0.5341858675876549,0.5836275613432952,0.5572731355219258,0.6179533801587653,0.6015594499848638
365,0.5157140721132708,0.5916012639424039,0.6158988378900998,0.5605147920262539,0.5512029117040756,0.5335017571215628,0.5848673772869292,0.5582814267985189,0.6182010663582481,0.600380252716287
366,0.5131135882114266,0.5906851482778899,0.6154937158415681,0.5609288591536047,0.552167568577114,0.5328809815189979,0.586051366880336,0.5593411600030642,0.6184059092438503,0.5991842284510412
367,0.5105661373383888,0.5897683383032792,0.6150443794017012,0.5613878009032555,0.5530939537657765,0.5323255753187812,0.5871785217520845,0.5604506864354568,0.6185680641324783,0.5979730856812607
368,0.5080760448862104,0.5888522364856557,0.6145512466443751,0.5618906054047048,0.553980788813203,0.5318374407886635,0.5882479340817954,0.5616082187416791,0.6186876451112455,0.5967485058110298
369,0.5056475407167583,0.5879381904261803,0.614014694443877,0.5624361400526736,0.55482688796279,0.5314183424697229,0.5892587959473007,0.5628118357707046,0.6187647236712306,0.595512136745643
370,0.5032847469558356,0.5870274864289511,0.6134350574142731,0.5630231551094895,0.5556311583101095,0.5310699020260827,0.5902103984945076,0.5640594878789247,0.6187993277532752,0.5942655866468636
371,0.5009916659733935,0.5861213433120915,0.6128126272528583,0.5636502876773827,0.5563925997603892,0.5307935934229846,0.5911021309391697,0.5653490026674357,0.618791441212538,0.5930104178849679
372,0.49877216859845297,0.5852209064919299,0.61214765249097,0.5643160660289368,0.5571103047988205,0.530590738455514,0.5919334794098774,0.566678091135607,0.6187410037064246,0.5917481412176151
373,0.4955644714274456,0.5829146817982949,0.6113722727422931,0.5643352878306048,0.5583144128726962,0.5303978521243587,0.5931262784549994,0.5700365449494388,0.6177708011066951,0.5910466866392291
374,0.4935428894953879,0.5820421402496742,0.6106124990347387,0.5650837361763308,0.558916433877225,0.530387144093434,0.5938045447429458,0.5714536166181802,0.6176031642029399,0.5897687758441221
375,0.4897225418926685,0.5785637951678743,0.6096849191507376,0.5644776112452352,0.5604480350583445,0.5305408341688522,0.5950768401297593,0.5769787810078632,0.6154631182350732,0.5894520588233912
376,0.4879654873301179,0.5777403261635738,0.6088255337038309,0.565308212060029,0.5609046952527537,0.5307690849607489,0.5955668421671828,0.5784732005318051,0.6151410412840514,0.5881622545854189
377,0.4863035704490049,0.5769282322916363,0.6079255454312332,0.5661673855585555,0.5613146047423301,0.5310754117846987,0.5959943722470923,0.5799877098289639,0.614773974274562,0.5868723141469341
378,0.4847393493358033,0.5761277753529926,0.6069848229247613,0.5670530490293292,0.561677530363019,0.5314598737011493,0.5963596009014965,0.5815193646440762,0.6143616644345267,0.5855833498176233
379,0.48327516601779474,0.5753391077738597,0.6060032022665753,0.5679630558679831,0.561993320850168,0.5319223563230014,0.596662783339172,0.5830651753151634,0.6139038343475348,0.5842963876207811
380,0.4819131391242381,0.5745622712625865,0.6049804906935157,0.5688952023339522,0.5622619052395089,0.5324625716188751,0.5969042572076487,0.5846221157921188,0.6134001853309711,0.58301236427547
381,0.4806551572217223,0.5737971959797803,0.6039164705869279,0.569847234470095,0.5624832911695429,0.533080058231222,0.5970844402814922,0.5861871327842672,0.6128504011475262,0.5817321246327173
382,0.47950287285385246,0.5730437002302805,0.6028109037675737,0.5708168551598644,0.5626575630927639,0.5337741823158895,0.597203828084486,0.5877571550035602,0.6122541520319197,0.5804564195801263
383,0.4784576973126331,0.5723014906831352,0.6016635360735506,0.5718017312959265,0.5627848804029609,0.5345441389078928,0.5972629914529862,0.5893291024693478,0.611611099012811,0.579185904427025
384,0.4775207961659757,0.5715701631233433,0.6004741021975853,0.5727995010335617,0.5628654754856386,0.5353889538162785,0.5972625740474239,0.5908998958401522,0.6109208985081742,0.5779211377799873
385,0.4766930855627179,0.5708492037366222,0.5992423307586172,0.5738077811017219,0.5628996516983872,0.5363074860490377,0.5972032898186171,0.5924664657374928,0.6101832071707843,0.5766625809162033
386,0.47597522933337494,0.5701379909259681,0.5979679495812216,0.574824174144268,0.5628877812877907,0.537298430767097,0.5970859204352092,0.5940257620265539,0.6093976869589037,0.5754105976597188
387,0.4746589410703686,0.5698482308982801,0.5929166738203181,0.5810488052616879,0.5617269389329419,0.5399849285433952,0.5966814008172798,0.5939918798728916,0.6103309372310787,0.5700813950075999
388,0.47433068143944557,0.5691416673505866,0.591443071636797,0.5820759501253456,0.56156208259241,0.5412090895167145,0.59638175330561,0.5955284218250575,0.6094243614760047,0.5688639441840979
389,0.4740457891512456,0.5677048190671911,0.5897447244682561,0.5823821986847478,0.5615685378398891,0.5432182356380304,0.5957528804876363,0.5990830713691345,0.606890375913802,0.5676903410697981
390,0.4739876477727053,0.5670192092286501,0.5881774202619601,0.5833938170533481,0.5612936685568874,0.5446029662235001,0.5953177527028197,0.6005592019590029,0.6058424028596172,0.5664877093605403
391,0.4740365483993795,0.5663370186984379,0.5865661584510345,0.5843957339661914,0.5609767537381325,0.5460469483525632,0.5948321938791464,0.6020093321362464,0.604744388385172,0.565291576793983
392,0.4741911238047394,0.5656569811358292,0.584910941260463,0.5853857186431454,0.5606186528203352,0.5475477469228164,0.59429740145964,0.6034308404057734,0.6035961513090714,0.5641015048819976
393,0.4744497658562743,0.5649777572784552,0.5832118216657971,0.5863615921909351,0.5602202747113649,0.5491028119754605,0.5937146150656121,0.6048211969949246,0.6023975676887171,0.5629169814528087
394,0.4748106308350053,0.5642979410970056,0.5814689088860935,0.5873212336998357,0.5597825753140598,0.5507094864259873,0.5930851139008758,0.6061779709267788,0.6011485767942754,0.5617374256418082
395,0.4752716455232622,0.5636160663229636,0.5796823737478649,0.588262586072422,0.55930655503997,0.5523650141846659,0.592410214170101,0.6074988367024863,0.5998491869624545,0.5605621932639698
396,0.4758305140374745,0.5629306133217683,0.5778524538888727,0.5891836615626692,0.558793256316957,0.5540665486432019,0.5916912665139528,0.6087815805665027,0.5984994812960605,0.5593905825422774
397,0.4764847253794904,0.5622400162819359,0.5759794587710837,0.5900825470049537,0.5582437610943459,0.5558111615023201,0.5909296534634728,0.6100241063302914,0.597099623175641,0.5582218401645942
398,0.4772315616768263,0.561542670688969,0.5740637744727662,0.5909574087138633,0.5576591883491671,0.5575958519135414,0.590126786915983,0.6112244407318675,0.5956498615500475,0.5570551676395717
399,0.478068107079257,0.5608369410512808,0.5721058682305028,0.5918064970371752,0.5570406915968182,0.5594175559069585,0.5892841056346233,0.6123807383104724,0.5941505359734525,0.5558897279204575
400,0.47899125727631203,0.5601211688439366,0.5701062927028383,0.5926281505458879,0.5563894564093386,0.5612731560755025,0.5884030727735158,0.6134912857777024,0.5926020813571768,0.5547246522641057
401,0.4799977295975542,0.5593936806347292,0.5680656899283892,0.5934207998468222,0.5557066979443139,0.5631594914849405,0.58748517343042,0.6145545058685332,0.591005032405738,0.5535590472910762
402,0.48108407365500516,0.5586527963559802,0.5659847949524451,0.5941829710049612,0.5549936584872932,0.5650733677777068,0.5865319122286317,0.6155689606578701,0.5893600277076576,0.5523920022114416
403,0.48224668248473546,0.5578968376845138,0.5638644390974785,0.5949132885644719,0.5542516050104728,0.5670115674376527,0.5855448109298159,0.6165333543305603,0.5876678134529363,0.551222596179848
404,0.48348180414252323,0.5571241364914704,0.5617055528544632,0.5956104781591206,0.5534818267502765,0.5689708601818759,0.5845254060793763,0.6174465353951218,0.5859292467505404,0.5500499057424617
405,0.48478555370652576,0.556333043323032,0.5595091683735162,0.5962733687046579,0.552685632806351,0.5709480134449973,0.583475246685922,0.6183074983338646,0.584145298520905,0.5488730123377081
406,0.48615392563823046,0.5555219358727267,0.5572764215341179,0.5969008941676166,0.5518643497644041,0.5729398029205804,0.5823958919363496,0.6191153846845023,0.5823170559401836,0.547691009812179
407,0.48758280645143226,0.5546892274057416,0.5550085535769937,0.5974920949068642,0.5510193193452086,0.5749430231238257,0.5812889089480259,0.6198694835508287,0.5804457244148797,0.5465030119127239
408,0.48906798763776266,0.5538333750956657,0.5527069122816942,0.5980461185861814,0.5501518960820243,0.5769544979392566,0.5801558705595398,0.6205692315425263,0.5785326290675107,0.5453081597156194
409,0.4906051787962624,0.5529528882342207,0.5503729526759409,0.5985622206580739,0.549263445028614,0.5789710911168219,0.578998353161501,0.6212142121466822,0.5765792157160736,0.5441056289537348
410,0.4921900209137392,0.5520463362749076,0.548008237264914,0.5990397644209182,0.5483553394999505,0.5809897166796498,0.5778179345688149,0.6218041545360371,0.5745870513323104,0.5428946372028749
411,0.49381809974213825,0.5511123566720332,0.5456144357708655,0.5994782206535078,0.5474289588476637,0.5830073492066878,0.5766161919359258,0.6223389318215348,0.5725578239661167,0.5416744508889317
412,0.49548495921888763,0.5501496624773308,0.543193324375689,0.599877166832909,0.5464856862722044,0.5850210339535368,0.5753946997164738,0.6228185587591198,0.5704933421258318,0.540444392078122
413,0.4971861148761826,0.5491570496572926,0.5407467844613798,0.6002362859434333,0.5455269066736541,0.5870278967750281,0.5741550276688434,0.6232431889231812,0.5683955336066446,0.5392038450134307
414,0.4989170671854282,0.5481334040954736,0.5382768008456954,0.6005553648863502,0.5445540045430526,0.58902515381347,0.5728987389090907,0.6236131113613754,0.5662664437619112,0.5379522623614325
415,0.5015997289469173,0.5461873614508416,0.5334747104773885,0.602015644420302,0.5423765049977846,0.5919075139834892,0.5715261673660812,0.6231421642430879,0.5644195428403741,0.5361317728339822
416,0.5033858029106836,0.545077683406309,0.5309468237100503,0.6022332496506728,0.5413751519205218,0.5938713386910704,0.5702452577439703,0.6233875328792924,0.5622300022873017,0.5348526859898723
417,0.5051857968943813,0.5439343031566309,0.5284039215730088,0.6024107806046827,0.540364791185372,0.5958168394320557,0.5689527641515671,0.6235801871170582,0.5600162323605049,0.5335611950117582
418,0.5069953039067011,0.5427566027996238,0.5258484342610585,0.6025484934430057,0.5393467989282099,0.5977417516311094,0.5676501658951953,0.6237209286946036,0.5577807545798215,0.5322571164839798
419,0.508809972037441,0.5415440832331342,0.5232828750123817,0.602646733215514,0.538322539655951,0.599643948193781,0.5663389264541342,0.6238106678816692,0.5555261910941282,0.5309403651885369
420,0.5106255161233044,0.5402963682994081,0.5207098351353514,0.6027059299242552,0.5372933643861986,0.6015214468334977,0.5650204919597798,0.6238504173986605,0.5532552594299512,0.5296109577420793
421,0.5124377289785116,0.5390132084107861,0.5181319785944574,0.6027265943102482,0.5362606088416355,0.6033724169190491,0.563696289730538,0.6238412859948972,0.5509707667181794,0.5282690157146004
422,0.5142424921484937,0.5376944836371879,0.5155520361729368,0.6027093133867395,0.5352255917006976,0.605195185814756,0.5623677268634726,0.6237844717166379,0.5486756034160764,0.5269147682096988
423,0.5160357861474041,0.5363402062383422,0.5129727992318805,0.6026547457426129,0.5341896129059795,0.6069882446870851,0.5610361888836815,0.6236812548969122,0.5463727365443994,0.5255485538888826
424,0.5178137001428244,0.5349505226262684,0.5103971130876682,0.6025636166405686,0.5331539520317059,0.6087502537530728,0.5597030384522901,0.6235329909003525,0.5440652024619483,0.524170822425102
425,0.5195724410538684,0.5335257147461866,0.5078278700316258,0.6024367129354778,0.5321198667115209,0.6104800469476945,0.5583696141338726,0.6233411026572593,0.5417560992023309,0.522782135373521
426,0.521308342031849,0.532066200866748,0.5052680020177054,0.6022748778389874,0.5310885911277079,0.6121766359891149,0.5570372292239867,0.6231070730219792,0.5394485784000801,0.5213831664504098
427,0.5230178702958022,0.5305725357732695,0.5027204730458099,0.6020790055570197,0.530061334562855,0.6138392138227304,0.5557071706374329,0.6228324369914184,0.5371458368355355,0.5199747012140217
428,0.524697634298382,0.5290454103604587,0.5001882712700865,0.6018500358271778,0.5290392800148265,0.6154671574268487,0.5543806978576733,0.6225187738199761,0.5348511076300106,0.518557636144289
429,0.526344390201018,0.5274856506240061,0.4976744008631017,0.6015889483833894,0.5280235828757949,0.6170600299650097,0.5530590419477484,0.6221676990676163,0.5325676511248282,0.5171329771212585
430,0.5279550476406365,0.5258942160532516,0.4951818736682486,0.6012967573752244,0.5270153696759217,0.6186175822720438,0.5517434046228448,0.6217808566179116,0.5302987454796378,0.5157018373051986
431,0.529526674773788,0.5242721974300302,0.4927137006740567,0.6009745057693531,0.5260157368921478,0.620139753663217,0.5504349573845295,0.6213599107029573,0.5280476770272078,0.5142654344244164
432,0.5319003134906863,0.5210882217548317,0.48789781817528277,0.601260650109131,0.5235463570906912,0.622274964214674,0.5494786105547731,0.6200164011403977,0.526047279353934,0.5124950001648239
433,0.5333617966115725,0.5193926997682018,0.4855058573167049,0.6008760806123765,0.5225801867739751,0.6237144145932852,0.5481976932056388,0.6195176886353357,0.5238512481602318,0.5110527869657033
434,0.5347751209279626,0.5176717980962577,0.4831493593101718,0.6004655747008038,0.5216269058051873,0.6251198936268744,0.5469268373504744,0.6189902190515216,0.5216835050903091,0.5096102855183461
435,0.5361381127876588,0.5159271520525324,0.4808312130771217,0.6000302607572213,0.5206874706143902,0.6264921761911393,0.5456670507419616,0.6184356173791996,0.5195472651722718,0.5081691397631863
436,0.5374487716921122,0.5141605038805194,0.47855425669174684,0.5995712650814148,0.5197628008483188,0.627832217381488,0.5444193091925822,0.6178554881786628,0.5174456983834359,0.5067310750083649
437,0.5387052705388728,0.5123736970654262,0.4763212686458708,0.5990897067307751,0.5188537785815825,0.629141148828314,0.543184556135521,0.617251408633671,0.51538191934457,0.5052978916665799
438,0.5399059551500361,0.5105686701877543,0.47413495922105087,0.5985866925392543,0.5179612475959708,0.6304202743312481,0.541963702235043,0.6166249218665625,0.5133589770772066,0.503871458528722
439,0.5410493431027921,0.508747450345826,0.4719979620059769,0.5980633123371889,0.5170860127270304,0.6316710648220345,0.5407576250446211,0.6159775305447796,0.5113798448691551,0.502453705604588
440,0.5421341218814335,0.5069121461764806,0.4699128255968915,0.597520634393363,0.5162288392768909,0.6328951526681836,0.5395671687109163,0.6153106908070318,0.5094474102933281,0.5010466165633074
441,0.5431591463733915,0.5050649405051546,0.46788200551832043,0.5969597010993571,0.5153904524921787,0.6340943253319231,0.5383931437215514,0.6146258065356339,0.5075644654248178,0.49965222080835076
442,0.5441234357348691,0.5032080826583751,0.4659078564006981,0.5963815249148962,0.5145715371057008,0.6352705184014067,0.5372363266944568,0.6139242239998156,0.5057336973007367,0.4982725852240136
443,0.5450261696545583,0.5013438804733659,0.4639926244506728,0.5957870845913816,0.5137727369404352,0.6364258080134767,0.5360974602064256,0.6132072268928705,0.503957678666711,0.4969098056321454
444,0.5458666840466252,0.49947469204095324,0.46213844024884193,0.5951773216893014,0.512994654574243,0.6375624026896095,0.5349772526583877,0.6124760317840419,0.5022388590530896,0.4955659979995487
445,0.5466444662067094,0.49760291721929273,0.4603473119085234,0.5945531374035463,0.5122378510636043,0.6386826346089347,0.5338763781747826,0.6117317840039113,0.5005795562228901,0.4942432894379681
446,0.5473591494670192,0.49573098895703455,0.4586211186277904,0.59391538970901,0.5115028457245617,0.6397889503444403,0.5327954765343257,0.6109755539799162,0.4989819480322404,0.4929438090398155
447,0.54801050738875,0.493861364465524,0.4569616046655425,0.5932648908370949,0.5107901159689914,0.6408839010905902,0.5317351531293713,0.6102083340363137,0.49744806474266146,0.49166967859386734
448,0.5485984475319929,0.4919965162803363,0.4553703737706925,0.5926024050919908,0.510100097194235,0.6419701324126937,0.530695978951021,0.6094310356706387,0.49597978182285085,0.4904230032259457
449,0.549123004844994,0.49013892325301267,0.45384888409178836,0.5919286470137565,0.5094331827240842,0.6430503735503049,0.5296784905970876,0.608644487316287,0.4945788132758318,0.4892058620102234
450,0.5495843347160959,0.4882910615141747,0.45239844359241443,0.5912442798934062,0.5087897237990685,0.644127426308853,0.5286831903000102,0.6078494325984637,0.493246705525289,0.4880202985971252
451,0.5499827057329316,0.4864553954493423,0.45102020599568776,0.5905499146433639,0.5081700296139942,0.6452041535755,0.5277105459718276,0.6070465290882957,0.4919848318927434,0.48686831190394614
452,0.5503184921944037,0.4846343687286715,0.44971516727893346,0.5898461090247469,0.5075743674006775,0.646283467496893,0.5267609912633566,0.606236347557425,0.49079438769483563,0.48575184691415996
453,0.5505921664217382,0.4828303954315681,0.44848416273736047,0.5891333672311339,0.5070029625538487,0.6473683173580911,0.5258349256347848,0.6054193717329748,0.4896763859875074,0.48467278563107635
454,0.5508042909153523,0.4810458513066067,0.4473278646331178,0.5884121398265869,0.5064559987982561,0.6484616772033795,0.5249327144349827,0.6045959985502858,0.48863165398117275,0.4836329382308752
455,0.5509555104045052,0.4792830652064964,0.4462467804436358,0.5876828240338909,0.5059336183950547,0.6495665332410329,0.524054688986958,0.6037665388984153,0.4876608301482138,0.48263403445925024
456,0.5510465438366716,0.47754431073692766,0.4452412517205692,0.5869457643671879,0.5054359223856671,0.6506858710753046,0.5232011466770291,0.6029312188509821,0.4867643620411867,0.48167771531481357
457,0.5510781763532627,0.47583179815702925,0.44431145356801105,0.5862012536014192,0.5049629708714141,0.651822662809962,0.5223723510454715,0.602090181372571,0.4859425048371226,0.48076552506114184
458,0.5510512512977876,0.4741476665678682,0.4434573947459389,0.5854495340692972,0.5045147833273287,0.652979854068645,0.5215685318765961,0.6012434884886305,0.485195320620167,0.4798989036078228
459,0.5509666623017417,0.4724939764239487,0.4426789184021057,0.5846907992748748,0.5040913389487361,0.6541603509780753,0.5207898852864526,0.600391123904543,0.484522678411603,0.4790791792991453
460,0.5508253454924711,0.47087270240101076,0.44197570343280107,0.5839251958112177,0.5036925770293412,0.6553670071607947,0.5200365738066214,0.5995329960574052,0.4839242549530334,0.47830756214714937
461,0.5506282718659755,0.4692857266515956,0.44134726647010636,0.5831528255681647,0.503318397369745,0.6566026107845634,0.5193087264628261,0.5986689415819777,0.48339953624515347,0.4775851375436123
462,0.5503764398661027,0.4677348324778625,0.44079296449045385,0.5823737482147374,0.5029686607155271,0.6578698717158666,0.5186064388474287,0.5977987291703017,0.48294781984120405,0.47691286048325254
463,0.5500708682098581,0.46622169844900757,0.44031199803649623,0.5815879839394466,0.5026431892242328,0.6591714088251355,0.5179297731851947,0.596922063802617,0.48256821789078114,0.47629155032792947
464,0.5497125889966041,0.4647478929883588,0.439903415041513,0.5807955164304679,0.5023417669608434,0.6605097374912364,0.5172787583920657,0.5960385913254608,0.4822596609263008,0.4757218861389759
465,0.5493026411367855,0.4633148694528195,0.43956611524281236,0.579996296076551,0.5020641404215381,0.6618872573526408,0.5166533901270557,0.5951479033512328,0.48202090238102346,0.4752044026019999
466,0.5488420641334881,0.46192396172482614,0.43929885516790285,0.5791902433684631,0.5018100190858102,0.6633062403522832,0.5160536308377834,0.5942495424519935,0.48185052382418175,0.47473948656555914
467,0.5483318922476244,0.46057638033436477,0.4391002536745401,0.5783772524798624,0.50157907599725,0.6647688191226147,0.5154794098005279,0.5933430076189419,0.4817469408954337,0.4743273742120575
468,0.5477731490749027,0.45927320912589925,0.4389687980231905,0.5775571950056736,0.5013709483735718,0.6662769757566432,0.5149306231561457,0.592427759957804,0.4817084099176047,0.47396814887606414
469,0.5471668425599021,0.45801540248228384,0.43890285045795435,0.5767299238353544,0.5011852382467078,0.6678325310098809,0.5144071339435705,0.591503228589325,0.4817330351634813,0.47366173952200535
470,0.5465139604696697,0.45680378311491865,0.43890065526960137,0.5758952771378525,0.5010215131340694,0.6694371339770534,0.5139087721330655,0.590568816723145,0.4818187767493298,0.4734079198898825
471,0.5458154663462008,0.4556390404265229,0.438960346312074,0.575053082434628,0.500879306742314,0.6710922522862427,0.513435334661808,0.5896239078726383,0.4819634591247967,0.4732063083142866
472,0.544464813527135,0.4544373097214187,0.43963739148901515,0.5733542456458175,0.5019021505086259,0.6737125166660891,0.5112771592133595,0.5885186620730879,0.48202121310888546,0.4728976126248171
473,0.5436556739092978,0.4533897382797172,0.4398309714420695,0.5724597835312389,0.5017731248536802,0.6754947961601758,0.5108979166326615,0.5875719434656405,0.4823162915502386,0.4728243111319201
474,0.5428041082466019,0.4523904452687758,0.44007920780777704,0.5715568294077732,0.5016630645902138,0.6773312422027963,0.5105436552450093,0.586613108056082,0.4826616093733708,0.4728003282107437
475,0.5419109374613306,0.45143953161042727,0.4403798494942357,0.5706452345590078,0.5015714023539851,0.6792224075661324,0.510213973372957,0.5856415108460681,0.4830544756962424,0.4728245837082963
476,0.540976945210512,0.4505369656227914,0.44073058175432084,0.5697248640769714,0.5014975418093716,0.6811686206148718,0.5099084358639253,0.5846565202061197,0.4834921211434113,0.4728958538571311
477,0.5392692124045126,0.44958950116141655,0.4416709909481758,0.5679400812863703,0.5025792267976363,0.6842153261534731,0.5080870755825705,0.5834441575244371,0.4841427639028466,0.4731189817885826
478,0.5374698938973126,0.4487075018299671,0.4426569609040857,0.5660808112335394,0.5036475235482314,0.6873586849348571,0.5064293858487006,0.5822208806751275,0.4849468532860816,0.47347862992866546
479,0.5363775684147345,0.4479919704623759,0.4431621812602811,0.5650556644195388,0.5035532323337337,0.689516445402711,0.5062919432614542,0.5812361306845732,0.4855575852150653,0.4737211194474233
480,0.5352478772360546,0.44732301724524165,0.4437055096988249,0.5640209817729517,0.5034723397719885,0.6917274687187525,0.5061774825622728,0.580236259711896,0.48619789284494314,0.47400164096670516
481,0.5340813919020538,0.44669989817224065,0.44428445757863066,0.5629768434054202,0.5034041831556477,0.693990662435625,0.5060852690610551,0.5792207930153938,0.48686476005073376,0.4743181980650605
482,0.5328786524398735,0.44612175884737393,0.44489653905665083,0.5619233709722219,0.5033480773282036,0.6963046882257348,0.5060145375608347,0.5781893069651581,0.4875551814220069,0.47466869443585363
483,0.5316401699898725,0.4455876395516343,0.4455392809286339,0.5608607304043065,0.5033033157303722,0.6986679622403926,0.505964493305112,0.5771414342487811,0.4882661749398063,0.4750509418691155
484,0.5303664298320369,0.44509648068633884,0.44621023236360585,0.5597891343989929,0.5032691715264993,0.7010786563704267,0.5059343129946766,0.5760768687824367,0.4889947945467274,0.47546266860154257
485,0.5290578947840472,0.4446471285622712,0.4469069744896131,0.5587088446549975,0.5032448988148754,0.7035347004131178,0.5059231458787826,0.5749953703026525,0.48973814255408804,0.4759015279931374
486,0.5277150089408373,0.444238341502231,0.44762712978879127,0.5576201738388434,0.5032297339255872,0.706033785146998,0.5059301149254726,0.5738967686157762,0.4904933818305471,0.4763651074873523
487,0.5263382017234531,0.4438687962232595,0.4483683712605709,0.5565234872711092,0.5032228968092554,0.7085733663126659,0.5059543180757475,0.5727809674839257,0.49125774771724023,0.47685093781022664
488,0.5230427668377459,0.44311718807341205,0.4508398890004428,0.554348148627023,0.49986505672279297,0.7161783059248237,0.5107916220164052,0.5683564313876909,0.49240605668564696,0.4770551666306251
489,0.5215436601473861,0.4428888201665107,0.451676342181996,0.5533679722493442,0.5000697483795788,0.7188610959725938,0.5106998267411976,0.5670437041954083,0.493153540594937,0.47762184888037756
490,0.5200123446470208,0.4426909727460562,0.45252281770600594,0.5523826422032263,0.5002793831303192,0.721567911156411,0.5106189090564123,0.5657132190715798,0.49389929039171315,0.4782000747118408
491,0.5173893110100855,0.4422703479525008,0.45364148807856736,0.550740309230256,0.5013369775574538,0.7257764937102408,0.5093472551264594,0.5638631764899592,0.49541455378179367,0.4795397885689014
492,0.5157763501290065,0.44214266177575157,0.4544983192798371,0.5497085260543456,0.5015078363274361,0.728523904093198,0.5093346113592375,0.5625230654181756,0.4961525262040257,0.4801302394979121
493,0.5141328418512404,0.4420398562562826,0.4553594961028058,0.5486737834462679,0.5016800752524023,0.731281262425301,0.5093302164471746,0.561167818247243,0.49688157490231993,0.4807225487391579
494,0.5113358413959144,0.4416581889061068,0.4564005547169795,0.5469868102735544,0.5026241267175793,0.7355151781616232,0.5082912950018129,0.5592279664456833,0.49844543446202283,0.48215013397167344
495,0.5096153256741655,0.4416122645739157,0.45726042329824296,0.5459119454514827,0.5027484152450927,0.7382757193985352,0.5083486853143603,0.5578712425293488,0.49914939806321995,0.4827291863745227
496,0.5078663637281152,0.4415854727276562,0.45812039555150424,0.544837110403395,0.5028707540652508,0.7410302440141565,0.5084112557277457,0.5565029730364971,0.49983915833706977,0.4833007507258988
497,0.5060896294542568,0.44157609222539596,0.45897951233757417,0.543763300338349,0.50299026998306,0.7437738930179868,0.5084780089446761,0.5551242701257199,0.5005137038539074,0.48386244324224004
498,0.5042858507359279,0.44158242142874093,0.45983695177395123,0.5426915554008767,0.5031061065360081,0.7465017145165633,0.508547946937934,0.5537363287498124,0.5011722018600892,0.48441194780548236
499,0.4999522202298161,0.44202165387088993,0.4623394022819303,0.5401952101533276,0.502911662363919,0.7531262776608,0.5095568227058452,0.5500827029324205,0.5021595652912654,0.485112824114415
500,0.49806310400569953,0.44206555300283457,0.4631916196632518,0.539175588326333,0.5030556462104991,0.7557601551418456,0.5095842488561283,0.5486397022701343,0.5027565184454926,0.48561250273683354
501,0.4947835134312416,0.443163657781441,0.4658420095979985,0.5371658574168213,0.5025917538321055,0.7605989580067843,0.511285726503248,0.5456280028177309,0.5025551850245454,0.4851464702056679
502,0.492834775782473,0.44321622090740637,0.4666906874824565,0.5362432156464039,0.502805904613399,0.7631025756414427,0.5112152784610701,0.5441146217207664,0.5031002603978901,0.48559930036751736
503,0.49086602824977693,0.4432720385937341,0.46753595415952465,0.5353311350180249,0.5030105845414496,0.7655514456051371,0.5111406795067681,0.5426030506942365,0.5036295747702356,0.48602689897931595
504,0.4888785748316679,0.4433298400234278,0.4683782281695201,0.5344308081314645,0.503205149479779,0.7679404637379406,0.5110611266272612,0.5410951498217934,0.5041437497913139,0.48642771160390674
505,0.4868737990048318,0.4433884218225637,0.4692180565627249,0.5335434393782615,0.503389005016547,0.7702645880812214,0.5109758402423494,0.5395928188088788,0.5046435703801002,0.48680029667816077
506,0.4795954828678527,0.44105887323986337,0.4692131323141798,0.5312748485486244,0.5046881071496785,0.7773124787371459,0.5083208020496834,0.5349080426865913,0.5091722982405654,0.49096050965894805
507,0.47618361113206686,0.440534430249577,0.4697871463092366,0.5299141436716815,0.5048657274990613,0.7803418246555861,0.5079422157445931,0.5327610949655176,0.510636182610731,0.4920920055535736
508,0.47409893902203265,0.44062232169176707,0.47061732934317246,0.5289416845771246,0.5047477600668303,0.7822208861889236,0.508038705789011,0.5314905490729808,0.5110635012808443,0.49221487214999887
509,0.4720088667546758,0.4407060651373749,0.4714510115479002,0.5279911282765868,0.5046167191612762,0.7840054843302519,0.5081252543806423,0.5302383702436773,0.511484432225882,0.49230091690350203
510,0.4699153594974456,0.44078489213158517,0.4722893785954049,0.5270637865826368,0.5044725102378838,0.7856915653382766,0.5082013142073343,0.5290063464617399,0.511900942499931,0.4923497242765761
511,0.4678204451953331,0.44085810382881646,0.4731336846059287,0.5261609420203445,0.5043151046980606,0.7872752696932025,0.5082664014523655,0.5277962499681685,0.5123151043154228,0.49236099969143093
512,0.4657262104753124,0.4409250700872219,0.4739852436243953,0.5252838429917694,0.5041445421633581,0.7887529454830107,0.5083200991092642,0.5266098307717314,0.512729084099349,0.49233456674246345
513,0.46363479608939917,0.44098522820983344,0.4748454208085297,0.5244336990289662,0.5039609325953637,0.7901211611104018,0.5083620601715937,0.5254488102055455,0.5131451310758044,0.49227036388464374
514,0.46154839191537456,0.4410380813518184,0.475715623370734,0.5236116761559569,0.5037644582456323,0.7913767172659446,0.5083920106794406,0.5243148745572972,0.5135655654260021,0.4921684406246214
515,0.45946923153691227,0.4410831966152542,0.4765972913169484,0.5228188923794672,0.5035553754201776,0.7925166581154969,0.5084097526042695,0.5232096688005189,0.5139927660790038,0.4920289532440725
516,0.457399586427398,0.4411202028546214,0.4774918880266955,0.5220564133275215,0.5033340160432933,0.7935382816526543,0.5084151665538321,0.522134790453716,0.5144291581882514,0.49185216008736465
517,0.4540327251633512,0.44041106041090433,0.4780259527232457,0.5211777986264834,0.5029692821377305,0.7948450300891774,0.5082793670529819,0.5202680358768571,0.5159997983925548,0.4924513803643838
518,0.4519955486183916,0.4404387524309875,0.4789596312851832,0.5204606595862106,0.5026719307785265,0.7955602567172994,0.5082982658917797,0.5193088886835949,0.5164625252080746,0.4921637817091777
519,0.44997627733212575,0.4404575952476614,0.47991128455869925,0.5197773965352271,0.5023639214992166,0.7961499078001928,0.5083051759990728,0.5183851405098988,0.5169430593553261,0.4918402278536603
520,0.44797727083609173,0.4404674356867637,0.4808823372231065,0.5191288175063559,0.502045941959125,0.7966125273516482,0.508300360714724,0.5174980666774006,0.5174439111063048,0.49148140216404024
521,0.44600088828223133,0.44046816606918565,0.4818741846084185,0.5185156563728486,0.5017187593702228,0.796946953055543,0.5082841737854312,0.5166488657489163,0.5179675661066424,0.4910880585901552
522,0.4440494808053289,0.44045972088662144,0.4828881834324764,0.5179385697948892,0.5013832205123677,0.7971523202120468,0.5082570603664144,0.5158386548995049,0.5185164721245114,0.49066101494194947
523,0.44212538373770754,0.4404420734034176,0.4839256427237473,0.5173981344330126,0.5010402514540657,0.7972280645897915,0.5082195577125154,0.5150684655776877,0.5190930259230498,0.49020114602727693
524,0.4402309087151001,0.44041523221529355,0.4849878149732381,0.5168948444388067,0.5006908569690379,0.7971739241665643,0.5081722955454561,0.5143392394736607,0.5196995603167686,0.4897093766962962
525,0.43836833571335293,0.44037923779569577,0.4860758875578853,0.5164291092319798,0.5003361196400199,0.7969899397456064,0.508115996085058,0.5136518248098221,0.5203383314716976,0.48918667483804495
526,0.4365399050561006,0.44033415906030604,0.4871909744764728,0.516001251571541,0.49997719864243034,0.7966764544391729,0.5080514737333938,0.5130069729673898,0.5210115065080412,0.48863404437482655
527,0.434747809433831,0.44028008997980655,0.4883341084376544,0.5156115059275229,0.49961532820186133,0.7962341120157848,0.5079796344021198,0.5124053354612871,0.5217211514628697,0.4880525182998248
528,0.432994185974783,0.44021714627037195,0.48950623333796756,0.5152600171583078,0.49925181572070804,0.7956638541123036,0.5079014744745751,0.5118474612738192,0.5224692196688085,0.48744315180286524
529,0.43128110840790473,0.4401454621905115,0.4907081971658633,0.5149468394972841,0.49888803957070776,0.7949669163168329,0.507818079395701,0.5113337945560262,0.5232575406029323,0.48680701552847055
530,0.4296105793576927,0.44006518747188883,0.49194074536575316,0.5146719358512025,0.49852544654967507,0.7941448231332509,0.5077306218843493,0.5108646727038867,0.5240878092579795,0.48614518900934667
531,0.42798452281003196,0.4399764844105074,0.49320451469386317,0.5144351774112621,0.49816554900226806,0.7931993818430688,0.50764035976415,0.5104403248148566,0.5249615760857307,0.4854587543171247
532,0.42640477678730176,0.4398795251432791,0.4945000275953424,0.5142363435766342,0.49780992160625587,0.7921326752850837,0.5075486334107946,0.5100608705285381,0.525880237559831,0.48474878997066406
533,0.42487308626989295,0.43977448913343065,0.4958276871295935,0.5140751221888408,0.49746019782740614,0.790947053578144,0.5074568628153161,0.5097263192535676,0.5268450274026034,0.48401636514043256
534,0.423391096399961,0.4396615608864685,0.4971877724681468,0.5139511100741118,0.4971180660477919,0.7896451248170205,0.5073665442647326,0.5094365697811312,0.5278570085173897,0.4832625341854517
535,0.4219603460017452,0.4395409279165744,0.498580434986694,0.5138638138896311,0.496785265374047,0.7882297447760452,0.5072792466432694,0.5091914102838747,0.5289170656648058,0.4824883315570811
536,0.42058226145105226,0.4394127789812642,0.5000056949700329,0.5138126512683632,0.49646358113381006,0.78670400565971,0.5071966073592215,0.508990518697323,0.5300258989179282,0.4816947671014403
537,0.4184378890467354,0.4385443613279243,0.5012269472260603,0.5142093577430077,0.4954188598145087,0.7841458359771603,0.5076396959373307,0.5082712904053538,0.5326744075631904,0.481296554999599
538,0.4171973606563766,0.43841513768708756,0.5027391734161469,0.5142161536492872,0.49508336387028645,0.7823589429493016,0.5076223423353085,0.508209369078968,0.5338927262522006,0.48043399774271894
539,0.4152065062058665,0.4393836143426801,0.5077929262576717,0.5135117022562862,0.49587657506434013,0.7786131423068955,0.5063279488478944,0.509179705181863,0.5347236363214172,0.4771165513077686
540,0.4141376638830168,0.4391994703032552,0.5093832556597792,0.5136729317732645,0.49569933168428587,0.7765454056200513,0.5062565136177902,0.5091818473951839,0.536120343334327,0.47625884705436
541,0.413127522146146,0.4390091314730355,0.5110031000920628,0.5138640122127084,0.49554597455067073,0.7743922226176309,0.5062012460785337,0.5092239176080728,0.5375654101663588,0.4753873936003843
542,0.4121765187188984,0.4388127886162642,0.5126514766083605,0.5140837473773843,0.49541844896630505,0.7721580189486724,0.5061641382425873,0.5093048372212079,0.5390579917079479,0.47450288606253255
543,0.411284944760342,0.4386106302780544,0.5143272691113401,0.5143308742086037,0.49531869595020594,0.7698473300115103,0.5061472038614638,0.509423433248337,0.540597037410297,0.4736059752055044
544,0.4104529432305885,0.4384028439583116,0.5160292311586671,0.5146040662833822,0.49524864544971703,0.7674647833716399,0.5061524715043271,0.5095784419122197,0.5421812932998009,0.47269726763100184
545,0.40942023344704437,0.4386124346733284,0.5195704358371384,0.5145799522613255,0.4961356514660888,0.7637896595315213,0.5053993955800486,0.5103840208300879,0.5437821350127539,0.4706588187035561
546,0.40873610699862845,0.43837305062094073,0.5213212232730258,0.5149366117583821,0.4961990530051248,0.7612484299200036,0.5054212261446392,0.5105964772103432,0.5454892160672442,0.46974910090676797
547,0.40811078963100406,0.43812889919260106,0.5230929699616582,0.5153137814835188,0.49629905527033297,0.7586519715675922,0.5054719021284197,0.510840700254475,0.5472353109713229,0.4688291704396563
548,0.4075437597192101,0.437880199277702,0.5248839130549516,0.5157098938063374,0.4964374274671848,0.7560051044271292,0.5055534429887987,0.5111150818038069,0.5490182643189917,0.4678994301668928
549,0.4070343483433046,0.43762717942781443,0.5266921850775178,0.5161233411782729,0.49661588724225225,0.7533126406026873,0.5056678437114113,0.5114179453603269,0.5508357447750083,0.4669602503601657
550,0.40658174120223484,0.4373700807939554,0.5285158203483307,0.5165524804793368,0.4968360936002332,0.7505793661381087,0.5058170670457837,0.5117475511781319,0.5526852528493009,0.4660119722724462
551,0.40595536394879916,0.43657543687804856,0.5303528701739866,0.5177546715455142,0.4961472948672753,0.746378334664661,0.5070982360396653,0.5117540343509213,0.5563173434485725,0.4650985799087093
552,0.4056408248568005,0.43632861154592645,0.5322191169647134,0.5181946945482364,0.4964278275126414,0.7435636620166677,0.5073911148389451,0.5121667881792135,0.5582158644824592,0.46410183680630984
553,0.4053791771701935,0.4360785008913492,0.5340930903818087,0.5186448979761976,0.4967550888695768,0.7407244902562327,0.5077257642616854,0.5125993159572626,0.5601367319072544,0.4630972568273416
554,0.40516898246681243,0.4358254353462458,0.5359724545210511,0.5191035326963456,0.4971304226566837,0.737865268029544,0.508103881062082,0.5130496539658425,0.5620768389437003,0.46208512194109547
555,0.40500867652176736,0.4355697781881659,0.5378548184287472,0.5195688376016633,0.49755507895920764,0.7349903233789418,0.5085270852616458,0.51351580705771,0.5640329653514311,0.4610657106105559
556,0.4048965743357546,0.435311929372936,0.5397377450275259,0.5200390442370554,0.49803020817073984,0.7321038482695793,0.5089969127479437,0.5139957543254751,0.5660017892769985,0.4600393035841718
557,0.40483087555392333,0.43505232938538907,0.5416187602687641,0.5205123814075234,0.4985568552029595,0.7292098838195672,0.5095148080676373,0.5144874547845496,0.567979899568039,0.45900618989804043
558,0.4048096702473939,0.4347914630749478,0.5434953624686071,0.5209870797547137,0.49913595399259575,0.7263123063021233,0.5100821174479094,0.514988853051442,0.56996380849857,0.4579666730454652
559,0.4048309450281031,0.43452986344232625,0.5453650317837554,0.5214613762883947,0.4997683223339198,0.7234148139850389,0.5107000820799144,0.5154978849981818,0.571949964848574,0.45692107726943165
560,0.40489258946636725,0.43426811534328075,0.5472252397825664,0.5219335188599205,0.5004546570640402,0.7205209148692542,0.5113698316972455,0.5160124833641926,0.5739347672794315,0.45586975393236046
561,0.4049924027795187,0.43400685907525516,0.5490734590666398,0.5224017705652874,0.5011955296270851,0.7176339153844988,0.5120923784816015,0.5165305833075824,0.5759145779454703,0.4548130879166155
562,0.40512810075911304,0.4337467938128987,0.5509071728978792,0.5228644140659761,0.501991382042003,0.7147569100957739,0.5128686113268385,0.5170501278785096,0.5778857362808648,0.45375150400861836
563,0.4052973229035695,0.4334886808587821,0.5527238847860624,0.5233197558163717,0.5028425232972198,0.7118927724700607,0.5136992904914247,0.5175690733980451,0.5798445729003866,0.4526854732190908
564,0.40549763972266994,0.4332333466762325,0.5545211279922374,0.5237661301872109,0.5037491261937482,0.7090441467479036,0.514585042667975,0.5180853947267623,0.5817874235520576,0.4516155189919023
565,0.4057265601801384,0.4329816856720047,0.5562964749037019,0.5242019034751432,0.504711224656561,0.7062134409595873,0.5155263564970284,0.5185970904081492,0.5837106430595914,0.45054222325423887
566,0.40598153924050456,0.432734662697536,0.5580475462370519,0.5246254777891898,0.5057287115321315,0.703402821120436,0.5165235785505669,0.5191021876728519,0.5856106191926506,0.44946623226134863
567,0.4062599854866667,0.43249331523877993,0.5597720200266664,0.5250352948055651,0.5068013368880108,0.7006142066344243,0.5175769098089374,0.5195987472906826,0.5874837864033658,0.4483882621899184
568,0.4065592687749797,0.43225875526605967,0.5614676403570983,0.5254298393830256,0.5079287068281588,0.6978492669296684,0.5186864026528625,0.5200848682583198,0.5893266393682637,0.4473091044352644
569,0.4068767278952992,0.4320321707170456,0.5631322257991568,0.5258076430316159,0.5091102828354998,0.6951094193437282,0.5198519583901068,0.5205586923116104,0.5911357462757623,0.4462296305688646
570,0.4072096782042311,0.43181482658781206,0.5647636775109566,0.5261672872283952,0.5103453816508265,0.6923958282707681,0.5210733253341219,0.5210184082524218,0.5929077618006557,0.44515079691444415
571,0.4075554192008136,0.4316080656089565,0.5663599869668823,0.5265074065744099,0.511633175694738,0.6897094055767037,0.5223500974495968,0.5214622560809884,0.5946394397085413,0.44407364870270055
572,0.4079112420150485,0.43141330848598775,0.5679192432792846,0.5268266917878952,0.5129726940368136,0.6870508122824588,0.5236817135773786,0.5218885309257666,0.5963276450349759,0.4429993237669481
573,0.4082744367810292,0.4312320536855482,0.5694396400797426,0.5271238925293606,0.5143628239136591,0.6844204615093968,0.5250674572486363,0.5222955867638376,0.5979693657861951,0.4419290557443443
574,0.40864229986792083,0.43106587675156727,0.5709194819288965,0.5273978200548834,0.5158023127948574,0.6818185226749294,0.5265064570954637,0.5226818399259175,0.5995617241105289,0.44086417675000583
575,0.4090121409436865,0.4309164291380824,0.5723571902261975,0.5276473496945981,0.517289770993228,0.6792449269202679,0.527997687862372,0.5230457723810717,0.6011019868922166,0.43980611949415255
576,0.40938128984824307,0.4307854365482574,0.5737513085933521,0.527871423153993,0.5188236748131427,0.6766993737462432,0.5295399720203248,0.5233859347972314,0.6025875757220436,0.4387564188154704
577,0.4097471032546208,0.430674696771984,0.5751005077078434,0.5280690506362441,0.5204023702279927,0.6741813388272375,0.5311319819821011,0.5237009493745837,0.6040160762022223,0.43771671260709855
578,0.4101069710987073,0.4305860770174301,0.5764035895655775,0.528239312784395,0.5220240770752532,0.6716900829674081,0.5327722429148971,0.5239895124498796,0.6053852465460816,0.4366887421150345
579,0.4104583227602532,0.4305215107349285,0.577659491154491,0.5283813624427625,0.5236868937549781,0.6692246621577069,0.5344591361431758,0.5242503968706256,0.6066930254364645,0.43567435159227397
580,0.4107986329799736,0.4304829939346708,0.5788672875238214,0.5284944262374619,0.5253888024149634,0.6667839386866752,0.5361909031318545,0.5244824541390065,0.6079375391102255,0.4346754872956536
581,0.41112542749981595,0.4304725810028097,0.5800261942366526,0.5285778059764566,0.5271276746033101,0.6643665932526371,0.5379656500370525,0.5246846163262583,0.6091171076398599,0.4336941958161218
582,0.41143628841571667,0.43049238002368423,0.5811355691963508,0.5286308798700071,0.5289012773666422,0.6619711380198251,0.5397813528087512,0.5248558977590151,0.6102302503870457,0.4327326217369902
583,0.41172885923446195,0.43054454761901784,0.5821949138405058,0.5286531035728155,0.5307072797698702,0.6595959305560728,0.5416358628268956,0.5249953964799109,0.6112756906067602,0.4317930046186159
584,0.4120008496285603,0.4306312833180379,0.5832038736990239,0.5286440110495743,0.5325432598111097,0.6572391885851282,0.543526913049733,0.525102295485446,0.6122523591845638,0.43087767531188886
585,0.41225003988531705,0.43075482347553207,0.5841622383160946,0.5286032152659934,0.5344067117031968,0.6548990054823287,0.5454521246504919,0.5251758637447957,0.6131593974936829,0.4299890516068513
586,0.4124742850485545,0.430917434757845,0.585069940538749,0.5285304087077084,0.5362950534911989,0.6525733664384067,0.547409014115929,0.525215457003844,0.6139961593625853,0.4291296332266999
587,0.41267151875362984,0.43112140721974246,0.5859270551777753,0.5284253637297774,0.5382056349734139,0.6502601652125396,0.5493950007777894,0.5252205183792923,0.6147622121478241,0.42830199618132975
588,0.41283975675855594,0.43136904699789286,0.5867337970497173,0.5282879327397315,0.5401357458915887,0.647957221392512,0.5514074147458821,0.5251905787482046,0.6154573369110602,0.42750878649842755
589,0.4129771001760947,0.4316626686494096,0.5874905184116037,0.528118048217385,0.5420826243544947,0.6456622980769245,0.5534435052092337,0.5251252569387789,0.6160815277032357,0.42675271335388854
590,0.4130817384136754,0.4320045871664782,0.5881977058029298,0.5279157225748077,0.5440434654575692,0.6433731198919397,0.5555004490697415,0.5250242597285586,0.6166349899629646,0.42603654162700355
591,0.4131519518298651,0.4323971097005041,0.5888559763121588,0.5276810478600237,0.5460154300600799,0.6410873912529247,0.5575753598708117,0.524887381656601,0.6171181380401833,0.4253630839094193
592,0.41318611411785533,0.43284252703147175,0.5894660732877347,0.527414195308157,0.5479956536802281,0.6388028147797571,0.5596652969817648,0.5247145046564273,0.6175315918600962,0.42473519200026905
593,0.4131826944280607,0.43334310482028054,0.5900288615161321,0.5271154147438364,0.5499812554677274,0.6365171097732976,0.5617672749972197,0.5245055975167865,0.6178761727462614,0.4241557479231315
594,0.41314025924338305,0.4339010746836989,0.5905453218919566,0.5267850338387715,0.5519693472127573,0.6342280306598148,0.5638782733093385,0.5242607151774432,0.618152898425437,0.42362765450353035
595,0.41305747402200504,0.4345186251332447,0.5910165456074181,0.5264234572284634,0.5539570423497469,0.6319333853098218,0.5659952458096635,0.52397999786732,0.6183629772404368,0.4231538255485506
596,0.4129331046237308,0.43519789242075413,0.591443727890689,0.5260311654920565,0.5559414649142027,0.6296310531379442,0.568115130676344,0.523663670092387,0.6185078016007168,0.4227371756727972
597,0.41311468545409163,0.43973794357532503,0.5906109256313935,0.5271825135300224,0.5566647355872669,0.6235688462289694,0.5775277190683654,0.5212246724915758,0.619317092430199,0.41967046192303015
598,0.4124147464349038,0.44033962071982274,0.5917404158409467,0.525676795959858,0.5608381094938869,0.6201526361729618,0.5794688023490154,0.5210251359059177,0.6188259496428679,0.42005557160721846
599,0.412059165646106,0.44140044246575383,0.5920292170891732,0.5251471729194176,0.5627133458281619,0.6177865202890362,0.5816135686858988,0.520535021573889,0.6186018060507041,0.41989945664402967
600,0.41165657576244885,0.44253377178099185,0.5922820619923681,0.5245910773601429,0.5645701958335991,0.6154023466808639,0.5837421098827209,0.5200122330347824,0.6183253330008546,0.4198178465511795
601,0.41120647082384787,0.4437411232315082,0.5925006141984988,0.5240094596021495,0.5664061550553815,0.6129989624402497,0.5858514484876688,0.5194575546629081,0.6179990212451381,0.4198133680830437
602,0.41070845105683196,0.4450238883321852,0.592686582547006,0.5234033341724939,0.5682187908495413,0.6105754123858521,0.5879386701915755,0.5188718413704368,0.617625466029409,0.4198885599084805
603,0.41016222314834216,0.44638332753522514,0.5928417124212529,0.5227737777630487,0.5700057489140169,0.6081309512630698,0.5900009326315152,0.5182560165594247,0.6172073554535221,0.42004586158985285
604,0.40951743210354613,0.4496161454918801,0.5924820758681746,0.5225678618936934,0.5714223230566139,0.6043311204181594,0.594209274342796,0.5168274460516437,0.6166644630901514,0.41945787565443693
605,0.40884482864055294,0.45119172915523303,0.59259910229728,0.5218905831844964,0.5731142084104308,0.6018344436050992,0.5962209101866798,0.5161372026974355,0.6161099337665293,0.4197950623672033
606,0.4081237302474267,0.4528469508890942,0.592691058614106,0.521193963849342,0.5747734979660856,0.5993160022395456,0.5981979351822536,0.5154205416711997,0.6155214532132871,0.4202222603067784
607,0.4073543250842475,0.4545823917994878,0.5927597183645473,0.5204793220053386,0.5763982809611811,0.5967761166303839,0.6001378968419825,0.5146786682213217,0.6149020027605869,0.42074134097899973
608,0.40653690903543993,0.45639846577370013,0.5928068455398682,0.5197480253430853,0.5779867508113904,0.5942153638872035,0.6020384570309962,0.5139128431936358,0.6142545864676814,0.4213540202970011
609,0.4056718860102781,0.45829541447891653,0.5928341861231059,0.5190014884837105,0.5795372084291405,0.5916345823777925,0.6038973978345016,0.5131243806133189,0.6135822185491046,0.42206184970952687
610,0.4025685050815932,0.4597504479768293,0.5941683172063332,0.5147625162943174,0.5864247341826704,0.5853303254019926,0.6052833791358061,0.5124188032985425,0.6115076328555107,0.4278130828483112
611,0.40155841181379104,0.461876669291542,0.5940512332040206,0.5139539461139327,0.5878823499422411,0.5826841269360199,0.6069199841011417,0.5115774366069777,0.6108796357593891,0.4289639666793627
612,0.40050419213469246,0.4640837903711868,0.5939237087990955,0.5131375221453199,0.5892940011216206,0.5800250786113911,0.6085077916304096,0.5107200426082149,0.610237794378824,0.4302134688799787
613,0.3978849450916622,0.46612526261810805,0.5944237807822963,0.5100453065754305,0.5938417916524572,0.5747784761537872,0.6097033878430792,0.509952061618705,0.6086455420115089,0.43556420402449153
614,0.3967147940781229,0.468535597271628,0.594216883167954,0.5092003068509109,0.5951412550274973,0.5720923077569852,0.6110989621997357,0.5090677772174623,0.6080488385437794,0.43717377183685363
615,0.3947312960108214,0.4709365264034094,0.5942622197680331,0.5072486874483685,0.5978408243278153,0.568096349807861,0.6122520913453507,0.5082423296799996,0.6069818557312554,0.4411022759689343
616,0.3934704197474484,0.4735214106406511,0.5940217983987196,0.5063970548250473,0.5990277685203256,0.5654097201980856,0.613495765609536,0.5073436749157636,0.6064123255780338,0.4429861255440539
617,0.39217428701136203,0.47618014521761604,0.5937818749451004,0.5055491322278027,0.6001622299931854,0.5627296831244513,0.6146851192018895,0.5064397556413722,0.605843259009174,0.44496643102849215
618,0.39084465011929814,0.47891072861354506,0.5935434657462253,0.504706699499387,0.6012438425971907,0.560060064906017,0.6158196680668736,0.5055323341158079,0.6052768382050024,0.4470422933174557
619,0.3894833778451374,0.4817109808973268,0.5933074745329979,0.5038715416780596,0.6022723513221344,0.5574048861503936,0.6168990522435183,0.5046231916885291,0.6047151317236585,0.4492125985906805
620,0.38809245608702536,0.4845785487002483,0.5930746895725143,0.503045445652977,0.603247607853536,0.5547683476228297,0.6179230322847492,0.5037141257268984,0.60416008704182,0.4514760193752252
621,0.3866739884600602,0.48751091087624754,0.5928457813977318,0.5022301968013398,0.6041695656475441,0.552154815058261,0.6188914851140527,0.5028069465173973,0.603613523715895,0.4538310164207746
622,0.3852301967909222,0.49050538482664885,0.5926213011287639,0.5014275756117639,0.605038274555539,0.549568802985223,0.6198043993452512,0.5019034741431327,0.6030771271887271,0.4562758413812742
623,0.3837634214893031,0.4935591334628275,0.5924016793892182,0.500639354298496,0.6058538750326357,0.5470149576356825,0.6206618700942159,0.5010055353401929,0.6025524432636387,0.4588085402925778
624,0.38227612176968295,0.4966691727768867,0.5921872258181448,0.49986729341137126,0.6066165919667915,0.5444980390197339,0.6214640933142631,0.5001149603355829,0.6020408732643988,0.461426957831759
625,0.3807708756958177,0.4998323799871564,0.5919781291753058,0.49911313844657273,0.6073267281675219,0.5420229022485394,0.6222113596897355,0.4992335796695639,0.6015436698963565,0.46412874233971035
626,0.37925038001940303,0.5030455022222865,0.5917744580346598,0.49837861646353976,0.6079846575553384,0.5395944781929768,0.6229040481248512,0.4983632210054277,0.6010619338206056,0.46691135158479735
627,0.37648968322445897,0.512626932642758,0.5906645956754006,0.4982475419352364,0.6081609440865237,0.534871942127427,0.6250181181810762,0.4958168719903025,0.6003985880782077,0.4695296645291345
628,0.37492945645787623,0.5159814157653738,0.5905172751618399,0.49760104736281857,0.6086385382478805,0.532617365042486,0.6255827622287796,0.4949747635349104,0.5999125493458614,0.4724959326761445
629,0.37336568169028206,0.5193705301759581,0.5903729434923692,0.49698056567347787,0.6090664905306861,0.5304294901085114,0.6260946411156871,0.49415080898447733,0.599446657419444,0.47553265266588907
630,0.37180163352938944,0.5227905547369577,0.5902311092776704,0.49638766680032814,0.6094454181968443,0.5283133174228386,0.6265544547079293,0.493346773528012,0.5990012293645443,0.47863641916568667
631,0.3702406985787814,0.5262377008214473,0.590091180932483,0.49582388214074186,0.6097759626053626,0.5262737984152246,0.626962948949604,0.4925644009418728,0.5985764198810458,0.481803682018765
632,0.3686863730385854,0.5297081233936988,0.5899524709214222,0.49529070137835085,0.6100587817238504,0.5243158145666399,0.6273209076522311,0.4918054104717718,0.5981722230995432,0.48503075641860965
633,0.36714225986686466,0.5331979322511206,0.5898142004481995,0.49478956936488944,0.610294542731261,0.5224441562525762,0.6276291442253845,0.4910714937305319,0.5977884750801878,0.48831383353248736
634,0.3656120654753864,0.5367032033746119,0.5896755045626326,0.49432188306924535,0.6104839147601557,0.5206635018134904,0.6278884933992226,0.4903643116161897,0.5974248569950494,0.4916489915238529
635,0.36409959593498836,0.5402199903337936,0.5895354376580151,0.4938889886011857,0.6106275618261382,0.518978396954138,0.6280998029898616,0.4896854912553213,0.5970808989721097,0.4950322069214889
636,0.362608752667587,0.5437443356933035,0.5893929793298014,0.49349217831729375,0.6107261359913025,0.5173932345721793,0.6282639257585412,0.4890366229767268,0.5967559845762098,0.49845936628165466
637,0.3606067489146586,0.5505622188140322,0.5887658943607851,0.49357426717366454,0.6105332331792183,0.5152201632176155,0.6285785019307427,0.4878235507847492,0.596426835484312,0.5019516210484462
638,0.359180353275266,0.5540833483824728,0.588625784510059,0.4932832417988425,0.6105087971083147,0.5139052177235203,0.6286442372706761,0.4872473852820476,0.5961249821658633,0.5054585313311765
639,0.35778975039218336,0.557597735048764,0.5884785712901569,0.49303218993925263,0.6104415349835671,0.5127040407301809,0.6286655571842668,0.4867062877442137,0.5958398203526684,0.5089952984433688
640,0.35643920223068437,0.5611015422670999,0.5883229963916485,0.49282211739309656,0.6103319663243179,0.5116201023086888,0.6286432392379738,0.48620165021109285,0.5955701326158005,0.512557527870886
641,0.35513303274178337,0.5645909833386628,0.5881577654360279,0.4926539619509265,0.6101805667334289,0.5106566209268352,0.628578026132742,0.48573481274005254,0.5953145876168137,0.5161408008197823
642,0.35387561984351634,0.5680623314399764,0.5879815552569083,0.4925285912383645,0.6099877637156386,0.5098165483432625,0.6284706192873376,0.48530706073016217,0.5950717480909562,0.5197406865283596
643,0.3526713867990984,0.571511929270065,0.5877930212865291,0.4924468006988151,0.6097539330307196,0.5091025555879714,0.6283216728608677,0.4849196223192452,0.5948400792135269,0.5233527544524919
644,0.3515247929938151,0.5749361982724819,0.5875908050119841,0.49240931172300323,0.6094793956098983,0.5085170200981636,0.6281317882542531,0.4845736658605511,0.5946179573069876,0.5269725862691708
645,0.35044032411630194,0.5783316473906763,0.5873735414655255,0.492416769931874,0.6091644150607783,0.5080620140726742,0.6279015091278439,0.4842702974858766,0.5944036788453788,0.530595787644606
646,0.3494224817538088,0.5816948813178181,0.5871398667134998,0.49246974361909707,0.6088091957826581,0.507739294102233,0.6276313169695831,0.4840105587620692,0.5941954697117717,0.5342179997148947
647,0.3484757724150629,0.5850226082050703,0.5868884253087557,0.49256872235904875,0.608413881710568,0.5075502921264367,0.6273216272450721,0.4837954244478609,0.5939914946638601,0.5378349102292351
648,0.3476046959984531,0.5883116467953879,0.5866178776718985,0.4927141157857783,0.6079785557027004,0.5074961077617188,0.6269727861576949,0.48362580035801317,0.5937898669624092,0.5414422643079031
649,0.3468137337274089,0.5915589329531719,0.5863269073673811,0.4929062525480152,0.6075032395820819,0.5075775020377251,0.6265850680435353,0.4835025213416939,0.5935886581171093,0.5450358747697033
650,0.34610733557903217,0.5947615255635859,0.5860142282412827,0.4931453794448354,0.6069878948394675,0.5077948925724625,0.6261586734222605,0.4834263493819591,0.5933859077044307,0.5486116319863478
651,0.3454899072362121,0.597916611778891,0.5856785913885538,0.49343166074608963,0.6064324240004352,0.5081483502093627,0.6256937277214139,0.4833979718230863,0.593179633212324,0.5521655132241932
652,0.3449657965976124,0.6010215115929264,0.5853187919186483,0.4937651777011851,0.6058366726556382,0.508637597132028,0.6251902806877129,0.483417999732362,0.5929678398671061,0.5556935914369417
653,0.34453927988401173,0.6040736817286673,0.584933675489705,0.4941459282392383,0.6052004321491025,0.5092620064650057,0.6246483064950055,0.4834869664027253,0.5927485303985237,0.5591920434762926
654,0.3442145473835046,0.6070707188277488,0.5845221445828411,0.49457382686304935,0.604523442915387,0.5100206033614284,0.6240677045544791,0.4836053260024462,0.5925197146999042,0.5626571576910732
655,0.34399568888195936,0.6100103619348051,0.584083164489597,0.49504870473870305,0.603805398452327,0.5109120675708368,0.6234483010286193,0.48377345237772296,0.5922794193413293,0.5660853408890719
656,0.34388667882892404,0.6128904942735476,0.583615768987243,0.4955703099820072,0.6030459499120959,0.511934737473044,0.6227898510462737,0.4839916380137797,0.5920256968950671,0.5694731246396263
657,0.34389136129276043,0.6157091443155261,0.5831190656783348,0.49613830814228066,0.6022447112892978,0.5130866155564664,0.622092041612003,0.48426009315968904,0.5917566350339136,0.5728171708989497
658,0.34401343476221324,0.6184644861465964,0.5825922409727696,0.4967522828833591,0.6014012651809433,0.5143653753120452,0.6213544951987429,0.4845789451217251,0.591470365364691,0.5761142769441845
659,0.34425643685482443,0.6211548391401318,0.582034564692476,0.4974117368609819,0.6005151690893625,0.5157683695067308,0.620576774008676,0.4849482377296506,0.5911650719609323,0.5793613796062539
660,0.34462372899555804,0.6237786669499971,0.5814453942808707,0.49811609279503116,0.5995859622354471,0.5172926397935145,0.6197583848831256,0.48536793097983905,0.5908389995606622,0.5825555587956859
661,0.3451184811317048,0.6263345758401856,0.5808241786012348,0.4988646947343817,0.598613172846093,0.5189349276082491,0.618898784838274,0.4858379008586465,0.5904904613972404,0.5856940403196882
662,0.3457436565525342,0.6288213123718511,0.5801704613102983,0.49965680951141667,0.5975963258763914,0.5206916862970035,0.6179973871996148,0.48635793934890137,0.5901178466333867,0.5887741979928744
663,0.346501996884266,0.6312377604721302,0.5794838837954281,0.5004916283825491,0.5965349511239542,0.5225590944114964,0.6170535683042474,0.4869277546218108,0.5897196273707946,0.5917935550480902
664,0.3473960073326913,0.6335829379126765,0.5787641876659942,0.5013682688503847,0.5954285916898011,0.5245330701042876,0.616066674736482,0.48754697141599035,0.5892943652100783,0.5947497848577853
665,0.3484279422471986,0.6358559922292503,0.5780112167916894,0.5022857766624651,0.5942768127375669,0.5266092865498943,0.6150360310587487,0.48821513160470514,0.5888407173383007,0.5976407109803098
666,0.34959979108099193,0.6380561961168467,0.577224918882756,0.5032431279808406,0.5930792105002769,0.5287831883128757,0.6139609479964946,0.4889316949517583,0.5883574421238016,0.600464306549288
667,0.3509132648229726,0.6401829423378697,0.5764053466092789,0.5042392317160546,0.591835421481765,0.5310500085792406,0.6128407310326812,0.4896960400558187,0.5878434042006699,0.603218693027923
668,0.35236978297700544,0.6422357381836172,0.5755526582588733,0.5052729320184617,0.5905451317978769,0.5334047871632539,0.6116746893646043,0.49050746548229024,0.5872975790278032,0.6059021383535742
669,0.35397046116416936,0.6442141995318703,0.5746671179342626,0.5063430109191963,0.5892080866009641,0.5358423891979694,0.610462145173148,0.4913651910811564,0.5867190569101617,0.6085130545013192
670,0.35571609942301663,0.646118044545658,0.5737490952943466,0.5074481911124729,0.5878240995298597,0.5383575244144729,0.6092024431522131,0.49226835948852204,0.5861070464724979,0.6110499944983359
671,0.3576071712818999,0.6479470870602779,0.572799064844437,0.5085871388703578,0.5863930621264912,0.5409447669120622,0.6078949602439501,0.4932160378088979,0.5854608775785104,0.613511648923889
672,0.35964381367601,0.6497012297073737,0.5718176047833594,0.5097584670806088,0.5849149531596172,0.54359857531932,0.6065391155236335,0.49420721947456214,0.5847800036910351,0.6158968419324005
673,0.36182581777992767,0.6513804568263146,0.5708053954170698,0.510960738397668,0.583389847795796,0.5463133132442983,0.6051343801764928,0.4952408262776575,0.5840640036715296,0.6182045268395511
674,0.36415262082421834,0.6529848272142423,0.5697632171503084,0.5121924684964536,0.5818179265576771,0.5490832699108564,0.6036802875076118,0.4963157105699822,0.5833125830197031,0.6204337813135393
675,0.36662329896190743,0.6545144667669893,0.5686919480696191,0.5134521294181686,0.5801994840100095,0.5519026808775771,0.6021764429251312,0.4974306576247818,0.582525574556706,0.6225838022155715
676,0.36923656124754345,0.6559695610635691,0.5675925611327649,0.5147381529969834,0.5785349371144287,0.5547657487356069,0.6006225338364183,0.4985843881541796,0.5817029385577765,0.624653900135272
677,0.37199074478802097,0.657350347947132,0.5664661209811768,0.5160489343561276,0.5768248331950491,0.5576666636822643,0.5990183393966552,0.499775560975262,0.5808447623426727,0.6266434936680622
678,0.3748838111203958,0.6586571101551466,0.5653137803935827,0.5173828354616542,0.5750698574582406,0.5605996238683045,0.5973637400493774,0.5010027758172155,0.5799512593345418,0.6285521034825837
679,0.3779133438675888,0.6598901680511268,0.5641367764003673,0.5187381887219411,0.5732708400116244,0.5635588554183528,0.595658726798979,0.5022645762613398,0.5790227676001487,0.6303793462270059
680,0.3810765477181569,0.6610498725094214,0.5629364260794784,0.5201133006208098,0.571428762329294,0.5665386320261289,0.5939034101559308,0.5035594528052018,0.5780597478864946,0.632124928323434
681,0.3843702487712516,0.6621365980035178,0.5617141220558627,0.5215064553720546,0.5695447631125965,0.5695332940288054,0.592098028696609,0.50488584604169,0.5770627811709165,0.6337886396997908
682,0.3877908962824638,0.6631507359469101,0.5604713277274692,0.5229159185831317,0.5676201434984159,0.5725372668680248,0.5902429571810635,0.50624214994324,0.5760325657436535,0.6353703475083071
683,0.3913345658405321,0.6640926883338426,0.559209572241734,0.524339940915751,0.5656563715698048,0.5755450788488006,0.5883387141738153,0.5076267152410773,0.5749699138436503,0.6368699898792509
684,0.4005814150225131,0.6633263926164717,0.5570769670534346,0.5273444032060683,0.5597700998155346,0.5824635540752778,0.5850119663960895,0.5112564853094741,0.5713355009625278,0.6440887359755765
685,0.4045354158545857,0.6640930177531312,0.5557569047895282,0.5287860419278437,0.5577130306890926,0.5854442368713827,0.582913502892363,0.5127510230528501,0.570165303596923,0.6452357194853905
686,0.40859006432721884,0.6647869787656023,0.5544241166493136,0.5302351195915299,0.5556255602070542,0.5884062618937907,0.5807697040759991,0.5142656839511559,0.5689682519392679,0.6463026339799535
687,0.4127394709060168,0.6654085999552654,0.5530803696479394,0.5316898997352564,0.5535100788241892,0.5913449843053891,0.5785819986718037,0.515798589855485,0.5677457666300824,0.6472897770523282
688,0.416977428573905,0.6659581935547135,0.5517274647533754,0.5331486510397828,0.5513691498205998,0.5942559546087047,0.5763519973593638,0.517347844539304,0.5664993466062113,0.6481974718646252
689,0.42129742713193435,0.6664360567517909,0.5503672308590096,0.5346096505008732,0.5492055075499964,0.5971349288894189,0.5740814952948041,0.5189115376275671,0.5652305630351715,0.6490260625962172
690,0.4256926689242367,0.6668424692798218,0.5490015187038908,0.5360711865144727,0.547022054785334,0.5999778778149915,0.5717724737570296,0.5204877485163926,0.563941053057011,0.6497759103121509
691,0.43015608595209825,0.6671776915935343,0.5476321947670765,0.5375315618658948,0.5448218591560097,0.6027809943546766,0.5694271008936266,0.5220745502705194,0.5626325133641058,0.6504473892804734
692,0.434680358334866,0.6674419636462453,0.5462611351621861,0.5389890966147258,0.5426081486755947,0.6055407001945184,0.5670477315461473,0.5236700134859139,0.5613066936494098,0.6510408837638352
693,0.43925793406819763,0.6676355042798217,0.544890219557818,0.5404421308677424,0.5403843063639341,0.6082536508283912,0.5646369061391927,0.5252722101050968,0.5599653899536063,0.6515567853071821
694,0.44388105002308703,0.6677585112347691,0.5435213251489135,0.5418890274327164,0.5381538639723196,0.6109167393137138,0.5621973486225409,0.526879217173045,0.5586104379414242,0.6519954905396729
695,0.4485417541221337,0.6678111617835695,0.5421563207034652,0.5433281743466225,0.5359204948253338,0.6135270986880806,0.5597319634604709,0.5284891205218435,0.5572437061370165,0.652357399505149
696,0.4555968258932191,0.6668494786757541,0.5403138611932495,0.5454180318129309,0.5322805821886497,0.617102849023969,0.5566094389475464,0.5308407169870262,0.5550098069818387,0.6538562757661776
697,0.4603177712695894,0.6667452651250876,0.5389637214136059,0.5468247482292995,0.5300672984593278,0.6195715619265911,0.554083605927216,0.5324566882760886,0.5536211891601851,0.6540091129861724
698,0.46504723624325633,0.6665705085474702,0.5376233788070226,0.548218531858117,0.5278649959908879,0.6219794919147233,0.5515431868656498,0.5340688650759567,0.5522278660132335,0.6540872046552363
699,0.46977671358829115,0.6663253314882149,0.5362945967198655,0.5495979178897941,0.5256778539913197,0.624324839185496,0.5489918456226348,0.5356754018587733,0.5508317778429646,0.6540909550428792
700,0.48172503575981934,0.6625497030918508,0.5334226610253061,0.5529622410427195,0.5195188526136525,0.6291324532650648,0.5444377999399822,0.5393700844726894,0.547066991922771,0.656806328553209
701,0.48638906178310337,0.6621056044245106,0.5321371869294214,0.5542616660528124,0.5174522673706048,0.6312516592039511,0.5418479662471921,0.5409636180088658,0.5456751411622324,0.6565031362573095
702,0.4910145247032082,0.6615901441709011,0.530869276235752,0.555541188672846,0.5154206883609053,0.6333031098168473,0.53926446370131,0.5425432549221867,0.5442903358162442,0.6561292400105003
703,0.49559298332326657,0.6610035497546338,0.5296204503233302,0.556799569013852,0.5134285386933879,0.6352861602163835,0.5366916915214424,0.5441073044164059,0.5429144119480044,0.6556850272681711
704,0.5022670326523383,0.6609913344005331,0.527736386875134,0.5585886994395477,0.5107593391151088,0.6383998046653518,0.5322537222176575,0.5465644505111051,0.5408759593255632,0.6538991231224256
705,0.5066916809115526,0.6602143100497931,0.5265447293684917,0.559795783929057,0.5088732297763908,0.6402090059553982,0.5297385541279322,0.5480753864352638,0.5395305086830123,0.653295947804379
706,0.511040813361467,0.6593675536321758,0.5253774642718381,0.5609775262823434,0.5070419357313143,0.6419489025416211,0.5272505199976889,0.5495652835087549,0.5381995757977635,0.6526234720744092
707,0.5153067093901351,0.6584514526422139,0.5242358199753547,0.5621328694100148,0.5052698301388564,0.6436195974664695,0.5247943183862156,0.5510326836924478,0.536884767963062,0.6518822059102339
708,0.519481886502374,0.6574664538741901,0.5231209518806276,0.5632607998127401,0.5035612285474651,0.6452213232192274,0.522374676146297,0.5524761820610593,0.5355876305776782,0.6510726978268415
709,0.523559127888683,0.6564130706962411,0.5220339400188334,0.5643603478464727,0.5019203733996808,0.6467544278695805,0.5199963328960345,0.5538944280900909,0.5343096434249845,0.650195541042265
710,0.5275315092751197,0.6552918903850681,0.5209757869729049,0.5654305878753244,0.5003514185594046,0.6482193608623688,0.5176640251672453,0.5552861267494984,0.5330522172782791,0.6492513798180611
711,0.5313924249293523,0.6541035814665055,0.5199474161055472,0.5664706383178013,0.49885841393403174,0.6496166585713503,0.5153824703018243,0.5566500394055875,0.5318166908376546,0.6482409159244654
712,0.5351356127001209,0.6528489010062843,0.5189496700936043,0.5674796615925384,0.4974452902639328,0.6509469297110331,0.5131563501692804,0.5579849845335322,0.530604328002093,0.6471649151788008
713,0.5387551779699566,0.6515287017947485,0.5179833097679024,0.5684568639700416,0.4961158441516386,0.6522108407062973,0.5109902947800958,0.5592898382437845,0.5294163154788653,0.6460242140045849
714,0.5422456164042787,0.6501439393690294,0.5170490132564232,0.5694014953372923,0.4948737234025979,0.653409101119605,0.5088888658706359,0.5605635346265032,0.5282537607307596,0.6448197259580097
715,0.5456018353838127,0.648695678816281,0.5161473754273609,0.5703128488823319,0.49372241274849027,0.6545424492350679,0.506856540535999,0.561805065918938,0.5271176902601505,0.6435524481679815
716,0.5488191740117596,0.6471851013020197,0.5152789076274313,0.5711902607062019,0.49266522002283836,0.6556116378975632,0.504897694987487,0.563013482501491,0.5260090482274555,0.6422234676358161
717,0.5518934215921577,0.6456135102683919,0.5144440377096299,0.5720331093697902,0.4917052628570314,0.6566174207033778,0.5030165885112476,0.5641878927289182,0.5249286954001202,0.6408339673408704
718,0.5548208344815024,0.643982337248333,0.5136431103435407,0.5728408153832683,0.4908454559628891,0.6575605386366462,0.5012173477041255,0.5653274626038273,0.5238774084269431,0.6393852320989637
719,0.5575981512218183,0.642293147243022,0.5128763876002779,0.5736128406458966,0.4900884990655577,0.6584417072429897,0.49950395106184575,0.5664314153002724,0.5228558794312609,0.6378786541212972
720,0.5602226058700659,0.6405476436118605,0.5121440498031611,0.5743486878439973,0.48943686554782384,0.6592616044284304,0.49788021399333093,0.5674990305458409,0.5218647159153318,0.6363157382228332
721,0.5626919394459036,0.6387476724262962,0.5114461966343469,0.5750478998148815,0.4888927918639274,0.6600208589677523,0.49634977433325767,0.5685296438711664,0.5209044409671224,0.634698106630596
722,0.5650044094274744,0.6368952262412679,0.5107828484868198,0.5757100588844375,0.4884582677775957,0.6607200398020692,0.4949160784228803,0.5695226457362781,0.5199754937596714,0.6330275033442458
723,0.5671587972329216,0.6349924472407708,0.5101539480503922,0.5763347861859738,0.48813502747537824,0.6613596462004971,0.49358236782668125,0.5704774805436119,0.519078230332227,0.6313057980034265
724,0.5691544136338071,0.6330416297170651,0.5095593621197299,0.5769217409677344,0.4879245416024328,0.6619400988554559,0.4923516667496045,0.571393645547877,0.5182129246415212,0.6295349892188482
725,0.5709911020553994,0.6310452218463487,0.5089988836117895,0.5774706198962728,0.48782801026370276,0.6624617319753675,0.4912267702164653,0.5722706896732384,0.5173797698707121,0.6277172073268232
726,0.5726692397279391,0.6290058267272686,0.5084722337796038,0.5779811563626206,0.48784635702898754,0.6629247864323451,0.49021023307163303,0.5731082122485236,0.5165788799828767,0.6258547165299742
727,0.5741897366623826,0.6269262026524156,0.5079790646088778,0.578453119797856,0.4879802239757365,0.663329404015916,0.48930435985329257,0.5739058616712963,0.515810291505303,0.6239499163900922
728,0.5755540324337794,0.6248092625869893,0.50751896138356,0.5788863150043358,0.4882299677985206,0.6636756228369892,0.4885111955924794,0.5746633340117547,0.5150739655303366,0.6220053426426505
729,0.5767640907652347,0.6226580728329573,0.5070914454062488,0.5792805815084389,0.4885956570091034,0.6639633739190773,0.48783251758272705,0.5753803715673985,0.5143697899180973,0.6200236673061333
730,0.5778223919154049,0.6204758508614736,0.5066959768591418,0.579635792940258,0.48907707024583097,0.6641924790064412,0.4872698281615508,0.5760567613794065,0.5136975816860675,0.6180076980633068
731,0.579045114699627,0.6181454309981583,0.5064903096018489,0.5798062871058344,0.4899046126756144,0.6646845203730248,0.48636640334538905,0.5773441696387057,0.5123934878536294,0.6139195996381185
732,0.5797380691578985,0.6158814318318795,0.5061745198660432,0.5800729550113884,0.49065823076849574,0.6647664939722163,0.48611333039990734,0.5779091275444611,0.5118010294105547,0.6118502500567953
733,0.5802918919143293,0.6135979017147852,0.505888788674235,0.5803002919325291,0.4915246222298655,0.6647884025304289,0.4859794942724136,0.5784330586060911,0.5112390795237873,0.6097582616821293
734,0.5807112369805303,0.6112986814094847,0.5056323231124641,0.5804883185239516,0.4925023047525423,0.6647495799363842,0.48596506623056135,0.5789159338985886,0.5107071837836699,0.6076470387464659
735,0.581001194606659,0.6089877389576289,0.5054042863073972,0.5806370870018882,0.49358951665410195,0.6646492605796261,0.4860699216936159,0.5793577602838612,0.5102048332920923,0.6055201011393545
736,0.5811672701509871,0.6066691620797492,0.5052038009199574,0.5807466807415459,0.49478422234349734,0.6644865852638563,0.48629364038254985,0.5797585789819968,0.5097314678213347,0.603381078694575
737,0.5812153610948358,0.6043471497501163,0.5050299526724386,0.5808172139249631,0.4960841188666982,0.664260608312189,0.48663550762751606,0.580118464180988,0.50928647904577,0.6012337047280261
738,0.5811517322893116,0.6020260029696308,0.504881793895792,0.5808488312403074,0.4974866435045835,0.6639703058271065,0.48709451682757754,0.5804375216926279,0.5088692138321738,0.5990818088415031
739,0.5809829895290961,0.5997101147645081,0.5047583470841951,0.5808417076329921,0.4989889823910868,0.6636145850603024,0.4876693730519087,0.5807158876616783,0.5084789775747429,0.5969293090118377
740,0.5807160515570273,0.5974039594432078,0.5046586084445124,0.580796048108377,0.5005880801145447,0.66319229484025,0.4883584977661029,0.5809537273347833,0.5081150375613506,0.594780202989251
741,0.5798361871287356,0.5944773482128194,0.5053174209600957,0.5798382203550831,0.5035772083464748,0.6626558296128796,0.4898405653720995,0.5821333428656479,0.5066653718819362,0.5887973697424496
742,0.5793205385914553,0.592170584335754,0.5052874835360494,0.5796987820456746,0.5054194992155645,0.6620306464934946,0.4908890273793019,0.5822307779540415,0.5063788054394865,0.5867417258191262
743,0.5787370171392094,0.5898898039488124,0.5052776721018752,0.5795218148363291,0.5073445330564486,0.6613340099848141,0.49204296270424197,0.5822886664298279,0.5061147497727188,0.5847081026950118
744,0.5780936337347773,0.5876397539754561,0.5052868700779953,0.5793076728827279,0.5093482868158417,0.6605646530273657,0.49329941303992386,0.5823073021024329,0.5058723589578801,0.5827007061069256
745,0.5773985175088487,0.5854251926915774,0.5053139548075013,0.579056739945056,0.5114265695829601,0.6597213304289309,0.4946551869796648,0.5822870016357204,0.5056507696591005,0.5807237500309267
746,0.5766598803174945,0.583250874960863,0.5053578008815274,0.5787694293906254,0.5135750374110002,0.6588028347318364,0.4961068720018773,0.5822281039805512,0.5054491042706957,0.5787814443147642
747,0.5758859808090367,0.5811215371041244,0.5054172833771536,0.5784461842283544,0.5157892086811632,0.6578080124990875,0.4976508472585716,0.582130969893453,0.5052664740067611,0.5768779819808363
748,0.5750850881567723,0.5790418814686623,0.5054912810008723,0.5780874771706117,0.5180644799385321,0.6567357809172127,0.4992832971063825,0.5819959815404409,0.5051019819302683,0.5750175262552406
749,0.5742654456166236,0.5770165607661362,0.505578679131382,0.5776938107175209,0.52039614212677,0.655585144610627,0.5010002253154007,0.5818235421842806,0.5049547259145222,0.5732041973807376
750,0.5734352340706765,0.5750501622494831,0.5056783727561899,0.5772657172584332,0.5227793971466176,0.6543552125597734,0.5027974698878973,0.5816140759527522,0.5048238015304731,0.571442059273347
751,0.5726025357187466,0.5731471918011368,0.5057892692972346,0.5768037591849517,0.5252093746615994,0.653045215013442,0.5046707184161942,0.5813680276847661,0.5047083048540233,0.5697351060839229
752,0.5717752980804863,0.571312058006134,0.5059102913214301,0.5763085290095863,0.5276811490731362,0.6516545202843866,0.5066155239064779,0.5810858628505079,0.5046073351880881,0.5680872487273217
753,0.5709612984701802,0.5695490562846413,0.5060403791327124,0.5757806494838723,0.5301897565864732,0.650182651316684,0.5086273209932608,0.5807680675411377,0.5045199976947837,0.5665023014427174
754,0.5701681091052403,0.5678623531590099,0.5061784932428498,0.5752207737095897,0.5327302122884481,0.6486293019133196,0.5107014424675298,0.5804151485229818,0.5044454059337315,0.5649839684492279
755,0.5694030630074982,0.5662559707306205,0.506323616718882,0.5746295852365496,0.535297527158131,0.6469943525130761,0.5128331360403223,0.5800276333505613,0.5043826843030202,0.5635358307612502
756,0.5686732208537212,0.5647337714415626,0.5064747574056908,0.5740077981403324,0.5378867249318102,0.6452778854071073,0.5150175812626171,0.5796060705323153,0.5043309703799526,0.5621613332278221
757,0.5679853389283509,0.5632994431955578,0.506630950022761,0.5733561570732936,0.5404928587446256,0.6434801992874836,0.5172499065219616,0.5791510297423867,0.5042894171592239,0.560863771859863
758,0.567345838327293,0.5619564849115173,0.5067912581347375,0.5726754372821466,0.5431110274723914,0.6416018230225388,0.5195252060362259,0.5786631020714262,0.5042571951866824,0.559646281508351
759,0.5667607755567015,0.5607081925817058,0.5069547759958959,0.5719664445855098,0.5457363916987921,0.6396435285570413,0.5218385567652501,0.5781429003090095,0.5042334945873127,0.558511823955343
760,0.5662358146650555,0.5595576459046677,0.5071206302691033,0.5712300153048577,0.5483641892351518,0.6376063428389466,0.5241850351619429,0.5775910592499437,0.5042175269865189,0.557463176478244
761,0.5657762010406064,0.5585076955609113,0.5072879816202878,0.5704670161425236,0.5509897501223997,0.6354915586789095,0.5265597336855979,0.5770082360165126,0.504208527324205,0.5565029209459218
762,0.5653867369992581,0.5575609511967636,0.5074560261898157,0.5696783440005534,0.5536085110475997,0.6333007444536208,0.528957777001792,0.5763951103884897,0.5042057555615294,0.5556334335030859
763,0.5650717592804075,0.556719770178917,0.5076239969425292,0.5688649257344891,0.556216029110563,0.6310357525695495,0.5313743377952287,0.5757523851326471,0.5042084982805616,0.554856874896891
764,0.5662497494628859,0.5556056727029908,0.5064146706498038,0.5685407604192443,0.5702811308344852,0.6177999654550435,0.5421197999292683,0.5683287222516638,0.506963597542806,0.5519709930501653
765,0.5657222610658201,0.5551113969650628,0.5073204503296228,0.5643082237324505,0.5754907988230894,0.6121143765554067,0.5479772451775072,0.5684653987763779,0.5058786101318199,0.5512681182581922
766,0.5660917841620181,0.5553538714565426,0.5074378099266502,0.5632831313953032,0.5778967379944481,0.609355976180964,0.5503340426823922,0.5676594786673089,0.5059106805704457,0.551093108269301
767,0.5665511495566864,0.5557094306467963,0.5075492479048571,0.5622428927193676,0.5802571884528095,0.6065542130856796,0.5526713450246515,0.5668314970188321,0.5059439130292608,0.5510199150737816
768,0.5670993177371445,0.5561771253237936,0.5076544788823113,0.5611887468314185,0.5825694574970582,0.60371394661705,0.5549856202209629,0.5659823768600536,0.5059778725096427,0.5510485332047833
769,0.5677346866716434,0.5567556973402488,0.5077532615683032,0.5601219578485465,0.5848310746153,0.6008403127223068,0.5572735074769362,0.5651130624660214,0.5060121617967229,0.551178689465198
770,0.5684550978046925,0.5574435821868685,0.5078453988436071,0.5590438134780482,0.5870397938323989,0.5979387135276049,0.5595318237091366,0.5642245190190258,0.5060464219231795,0.5514098428141674
771,0.5692578445865292,0.5582389127462204,0.5079307377608109,0.5579556234977845,0.5891935949369677,0.5950148052851577,0.5617575690959747,0.5633177321950299,0.5060803325406061,0.5517411852614088
772,0.5701396835064885,0.5591395242178894,0.5080091694668232,0.5568587181187573,0.5912906835931913,0.5920744847195071,0.5639479316430825,0.5623937076713236,0.5061136122007154,0.5521716437696111
773,0.5710968475884275,0.5601429601999396,0.5080806290495243,0.5557544462323921,0.5933294903486633,0.5891238738131542,0.5661002907541004,0.5614534705520314,0.5061460185486031,0.5526998831601977
774,0.5721250622949605,0.5612464799060973,0.5081450953103679,0.5546441735457568,0.5953086685551491,0.5861693030806839,0.5682122198031487,0.560498064708659,0.5061773484302086,0.5533243100127924
775,0.5732195637760428,0.5624470664925769,0.5082025904645759,0.5535292806086838,0.5972270912248324,0.5832172933892451,0.5702814877105886,0.5595285520334722,0.5062074379160317,0.5540430775438482
776,0.574375119386531,0.5637414364630662,0.5082531797704084,0.5524111607374688,0.5990838468501043,0.5802745363917247,0.5723060595289805,0.558546011604093,0.5062361622430613,0.554854091445045
777,0.5755860503867334,0.565126050115151,0.5082969710888213,0.55129121784053,0.6008782342202968,0.5773478736471714,0.5742840960514002,0.5575515387583436,0.5062634356767817,0.5557550166573544
778,0.5768462567297326,0.5665971229863529,0.5083341143746534,0.5501708641520568,0.6026097562739066,0.5744442745108806,0.5762139524593958,0.5565462440789762,0.506289211294981,0.5567432850520155
779,0.5781492438294726,0.5681506382530864,0.5083648011003299,0.5490515178803411,0.6042781130297936,0.5715708128840723,0.5780941760329257,0.5555312522885887,0.5063134806950013,0.5578161039852418
780,0.5794881511942729,0.5697823600311652,0.5083892636129135,0.5479346007780647,0.6058831936455235,0.5687346429201681,0.5799235029494757,0.5545077010556609,0.5063362736259315,0.5589704656891422
781,0.5808557828016223,0.5714878475220699,0.5084077744251823,0.5468215356424034,0.6074250676554308,0.5659429737913046,0.5817008542042692,0.553476739713273,0.5063576575471302,0.5602031574572576
782,0.5822446390818733,0.5732624699450476,0.5084206454412913,0.5457137437533177,0.6089039754451123,0.5632030436248646,0.5834253306879995,0.5524395278927207,0.5063777371143658,0.5615107725792231
783,0.5836469503708179,0.575101422191244,0.508428227117442,0.5446126422588812,0.6103203180228564,0.5605220927253995,0.5850962074627787,0.5513972340748389,0.5063966535947395,0.5628897219753997
784,0.585054711684135,0.5769997411325425,0.508430907557889,0.5435196415169374,0.6116746461519775,0.5579073362023734,0.5867129272810551,0.5503510340624661,0.506414584211465,0.5643362464789479
785,0.5864597186603967,0.5789523225145606,0.508429111546521,0.5424361424027396,0.6129676489111585,0.5553659361286023,0.5882750933960128,0.549302109378055,0.5064317414194953,0.5658464297096782
786,0.5878536045136914,0.5809539383603992,0.5084232995141833,0.5413635335925604,0.6142001417526108,0.5529049733580931,0.5897824617154416,0.5482516455909979,0.5064483721128972,0.567416211481196
787,0.5892278778320861,0.5829992548092353,0.5084139664418657,0.5403031888335239,0.6153730541302584,0.5505314191351802,0.5912349323542568,0.5472008305797726,0.5064647567648288,0.5690414016803338
788,0.5905739610540249,0.5850828503117446,0.5084016406998509,0.5392564642101262,0.616487416772068,0.5482521066293804,0.5926325406436911,0.5461508527345084,0.5064812085009129,0.570717694555675
789,0.5918832294514477,0.587199234102588,0.508386882822912,0.5382246954180501,0.6175443486722323,0.5460737025322213,0.593975447657699,0.5451028991060448,0.5064980721067772,0.5724406833500897
790,0.5931470504458766,0.5893428648688764,0.5083702842216641,0.5372091950559764,0.6185450438800136,0.544002678853466,0.5952639303192727,0.5440581535079803,0.5065157229705114,0.5742058752106919
791,0.5943568230820292,0.5915081695326049,0.5083524658302286,0.5362112499461222,0.6194907581627974,0.5420452850545898,0.5964983711511915,0.5430177945786047,0.5065345659608061,0.576008706308454
792,0.5955040174826053,0.5936895620645138,0.5083340766904172,0.5352321184941933,0.6203827956211608,0.5402075206571062,0.5976792477371344,0.541982993809947,0.5065550342415481,0.5778445570988799
793,0.5965802141078349,0.5958814622467493,0.5083157924727445,0.5342730280993526,0.6212224953336456,0.538495108462368,0.5988071219601652,0.5409549135514798,0.5065775880237035,0.579708767654699
794,0.5975771426441482,0.5980783143019927,0.5082983139346857,0.533335172624642,0.6220112181083511,0.5369134685177877,0.5998826290862672,0.5399347049962749,0.506602713255369,0.5815966530014327
795,0.5984867203478942,0.600274605307453,0.5082823653167311,0.5324197099380769,0.6227503334174687,0.5354676929620212,0.6009064667608945,0.5389235061576026,0.5066309202509668,0.5835035183869521
796,0.5993010896724373,0.6024648833132489,0.508268692676944,0.5315277595343597,0.6234412065895029,0.5341625218785948,0.6018793839864229,0.5379224398441389,0.5066627422606427,0.5854246744167682
797,0.6005363289302591,0.6069286360107494,0.508169741571987,0.5307237186913082,0.6246250918878339,0.5322519856809607,0.6033649841283104,0.5357415836122265,0.5069859512855259,0.587076481321272
798,0.6010746904185338,0.6090940227504318,0.5081481041143031,0.5298732857025454,0.6252115775125049,0.5313203405141073,0.6042011004641632,0.5347868790863352,0.5070403189160778,0.5889903745002334
799,0.6014927795424725,0.6112336470473833,0.5081313067901296,0.5290499099390988,0.6257540659133122,0.5305429210419658,0.6049894548798604,0.533846223389768,0.5071004776520849,0.590903499513739
800,0.6017842029706494,0.6133425242487115,0.5081201924538045,0.5282545394832389,0.6262537670390456,0.5299226089657152,0.6057308935596287,0.5329206279553905,0.5071670277353197,0.5928114008082969
801,0.6019429788855154,0.6154158267380186,0.5081156158150835,0.5274880732238062,0.6267118253454375,0.5294618240800855,0.6064262542110471,0.5320110775523742,0.5072405833447391,0.5947097019376683
802,0.6019635660287971,0.6174488983665114,0.5081184413890173,0.5267513591432534,0.627129310176604,0.5291625095389634,0.6070763566172449,0.5311185285005207,0.5073217708305522,0.5965941181879701
803,0.6018408908990509,0.6194372680404321,0.5081295413951051,0.5260451927447484,0.6275072068775736,0.5290261189386231,0.6076819936456239,0.5302439069466282,0.5074112269022438,0.5984604686279013
804,0.6015703729805186,0.6213766624088801,0.5081497936084831,0.5253703156252183,0.6278464086866418,0.5290536052964703,0.6082439227648333,0.5293881072101287,0.5075095967731402,0.6003046875348146
805,0.6011479478913979,0.6232630176005709,0.5081800791662054,0.5247274141995033,0.6281477094516689,0.5292454119946096,0.6087628581183278,0.5285519902048904,0.5076175322643206,0.6021228351508415
806,0.6005700883492404,0.6250924899628447,0.5082212803319817,0.524117118580048,0.6284117972095821,0.5296014657485763,0.6092394631992316,0.5277363819437243,0.5077356898709001,0.6039111077269945
807,0.5998338228611786,0.626861465761215,0.5082742782230569,0.5235400016158251,0.6286392486633169,0.5301211716522933,0.6096743441673677,0.5269420721317537,0.5078647287939533,0.6056658468171174
808,0.5989367520571112,0.628566569802906,0.5083399505032151,0.5229965780933992,0.6288305245851851,0.5308034103406724,0.6100680438452206,0.52616981285435,0.5080053089415649,0.6073835477876338
809,0.5978770625948053,0.6302046729531932,0.5084191690462082,0.5224873041022687,0.6289859661703177,0.5316465373014394,0.6104210364253603,0.5254203173649011,0.5081580889027423,0.6090608675133511
810,0.5966535385769418,0.631772898518827,0.5085127975741967,0.5220125765658284,0.6291057923583205,0.5326483843576815,0.6107337229173971,0.5246942589771738,0.508323723898135,0.6106946312339507
811,0.5952655704315444,0.6332686274784237,0.5086216892760842,0.5215727329385047,0.6291900981357219,0.5338062633323888,0.6110064273579721,0.5239922700665148,0.5085028637117409,0.6122818385503235
812,0.5937131612187853,0.6346895025453934,0.5087466844109075,0.5211680510688319,0.6292388538261723,0.5351169718959504,0.6112393938026109,0.523314941183611,0.508696150607998,0.613819668544521
813,0.5919969303389149,0.6360334310547157,0.5088886079017011,0.5207987492274612,0.6292519053697011,0.5365768015871772,0.6114327841134903,0.5226628202839559,0.508904217238849,0.6153054840117499
814,0.5901181146278501,0.6372985866706151,0.5090482669255011,0.5204649862983085,0.6292289755866959,0.5381815479880562,0.6115866765523236,0.5220364120756185,0.5091276845455808,0.6167368347975224
815,0.5880785668388502,0.6384834099179708,0.509226448505389,0.5201668621303324,0.6291696664166775,0.5399265230221317,0.6117010651827333,0.5214361774873149,0.5093671596604122,0.6181114602378133
816,0.5858807515205188,0.6395866075459966,0.5094239171106711,0.5199044180466715,0.6290734621164077,0.5418065693361865,0.6117758600815906,0.520862533258212,0.5096232338129681,0.6194272907047381
817,0.5835277383131378,0.6406071507383876,0.5096414122714775,0.5196776375072024,0.6289397333964357,0.5438160767148631,0.6118108883539719,0.5203158516502914,0.5098964802469306,0.6206824482649249
818,0.5810231926969696,0.6415442721897008,0.5098796462142252,0.5194864469198922,0.6287677424698986,0.5459490004680165,0.6118058959415889,0.5197964602835272,0.5101874521522862,0.6218752464623405
819,0.5783713642375817,0.6423974620731638,0.5101393015245103,0.5193307165957006,0.6285566489822425,0.5481988817210272,0.6117605502098364,0.5193046420935447,0.5104966806186944,0.6230041892418061
820,0.5755770723844555,0.6431664629304049,0.5104210288441121,0.5192102618411936,0.6283055167855848,0.550558869529026,0.6116744432940001,0.5188406354108518,0.5108246726155947,0.6240679690338212
821,0.5697096113640351,0.6462658804298064,0.5105339134994288,0.5193171466462252,0.6279246887090553,0.5553282453723188,0.6118957159316027,0.5171192981054274,0.5124272411000644,0.6236197617864638
822,0.566519400623464,0.6467667563953599,0.5108369463847753,0.5192539490189628,0.6275552599822845,0.5579802114628145,0.6116709089242967,0.5167756805308987,0.5128488020188787,0.6244733794600998
823,0.5632121299983784,0.6471835694602004,0.5111643187442938,0.5192251590082065,0.6271411030077843,0.5607113269464645,0.6114033618912289,0.5164602843920805,0.5132908338443223,0.625259511058357
824,0.5597951724474013,0.6475173238134314,0.5115165395402318,0.5192303922267458,0.6266809944127588,0.5635131511728548,0.6110923093893149,0.5161730849570042,0.5137536554362655,0.6259776710112294
825,0.5562763366310413,0.6477692312210847,0.5118940730735346,0.5192692175285744,0.6261736689899817,0.566377017210679,0.6107369456906682,0.5159140159378597,0.5142375504593125,0.6266275298002286
826,0.552663838052728,0.6479406991603558,0.5122973370261753,0.519341158766002,0.6256178306646161,0.5692940638863856,0.6103364328968114,0.5156829704488325,0.5147427657716588,0.6272089074380379
827,0.5489662685659563,0.6480333182591544,0.5127267005902605,0.519445696627634,0.6250121638842543,0.5722552687323182,0.6098899095002364,0.5154798020576118,0.5152695098855847,0.6277217664318783
828,0.5451925643852639,0.6480488491102798,0.5131824826904274,0.5195822705485653,0.6243553453650683,0.5752514817027631,0.6093964993394776,0.515304325925203,0.5158179515045985,0.6281662042800685
829,0.541351972744898,0.6479892085320788,0.5136649503058032,0.5197502806840221,0.623646056124994,0.5782734595123787,0.6088553208916239,0.5151563200284145,0.5163882181420525,0.6285424455532169
830,0.53745401735451,0.6478564553497618,0.514174316897561,0.5199490899376548,0.6228829937333459,0.5813119004482853,0.6082654968442959,0.5150355264591338,0.5169803948258591,0.6288508336132429
831,0.5335084628059354,0.647652775773315,0.5147107409478255,0.5201780260357307,0.6220648847050432,0.5843574795045396,0.6076261638875258,0.5149416527943461,0.5175945228937181,0.6290918220247645
832,0.5295252780891113,0.6473804684494499,0.5152743246153548,0.5204363836385217,0.6211904969668888,0.587400883685952,0.6069364826647573,0.5148743735306655,0.5182305988829911,0.6292659657144939
833,0.5255145993784258,0.6470419292660439,0.5158651125130922,0.5207234264803531,0.6202586523229735,0.5904328473271461,0.6061956478213066,0.5148333315770734,0.5188885735191182,0.6293739119350253
834,0.5214866922532492,0.6466396359881762,0.5164830906122982,0.5210383895299514,0.6192682388462997,0.5934441872724301,0.6054028980880903,0.5148181397994732,0.5195683508061596,0.6294163910898467
835,0.5174519135180846,0.6461761328050936,0.5171281852775832,0.5213804811629875,0.6182182231241935,0.5964258377625133,0.6045575263382874,0.5148283826106589,0.5202697872227368,0.6293942074765081
836,0.5134206727886812,0.6456540148672424,0.517800262436729,0.5217488853389944,0.617107662285871,0.5993688848752109,0.6036588895547432,0.5148636175993182,0.5209926910263329,0.6293082300046686
837,0.509403394010577,0.6450759128919603,0.5184991268887508,0.5221427637751969,0.6159357157418074,0.6022646003692479,0.6027064186465202,0.5149233771917442,0.5217368216685487,0.6291593829452395
838,0.5054104770758696,0.6444444779153902,0.5192245217531762,0.5225612581101601,0.6147016565661336,0.6051044747828358,0.6016996280538403,0.5150071703400401,0.5225018893235677,0.6289486367659667
839,0.5014522597026011,0.6437623662668529,0.5199761280630515,0.5230034920506091,0.6134048824553053,0.6078802496420709,0.6006381250819287,0.5151144842307365,0.5232875545317064,0.6286769991076747
840,0.497538979738933,0.6430322248401341,0.5207535645036694,0.523468573495222,0.6120449261986374,0.610583948638213,0.5995216189058202,0.5152447860079138,0.5240934279595479,0.6283455059539432
841,0.4917720495513317,0.6412158303532216,0.5225648008072463,0.5243467920430149,0.6100795594379816,0.6145741262572754,0.5971720578173133,0.5156766947385086,0.5246240578977335,0.6287054905196875
842,0.4880092674118915,0.6403810407214603,0.523430354009177,0.5248844526477243,0.6085603808382518,0.6170636670268457,0.5959203223864499,0.5158476969853636,0.5254595641176871,0.6282353531805742
843,0.4843256309189273,0.6395069211609848,0.5243196894052728,0.5254414754755641,0.6069769985192761,0.619455999092271,0.5946139422996302,0.5160398552984238,0.5263136953911043,0.6277091858635598
844,0.48073049832836073,0.6385958427483419,0.5252321229380218,0.5260169023891667,0.6053296449601545,0.621744771589717,0.5932532088006262,0.5162525861751611,0.527185855063811,0.6271280854128437
845,0.4772329357759556,0.6376500949515423,0.5261669098605964,0.5266097708635409,0.6036187372218318,0.6239240626272965,0.5918385535741184,0.5164852952863284,0.5280753970312986,0.6264931336691542
846,0.47384168597229037,0.636671874750744,0.5271232454703134,0.5272191158532956,0.6018448829482758,0.6259884006926512,0.5903705542739122,0.5167373791474841,0.5289816262423007,0.6258053908217726
847,0.4705651383964273,0.6356632765212343,0.5281002659844594,0.5278439716060642,0.6000088854884613,0.6279327841655246,0.5888499393815296,0.5170082267707482,0.5299037993191432,0.6250658892786128
848,0.4674113011043449,0.6346262827236516,0.5290970495559661,0.528483373420868,0.5981117481068834,0.6297526988528875,0.5872775923622602,0.5172972212933937,0.5308411252930979,0.6242756280855779
849,0.4643877742600271,0.6335627554418322,0.5301126174259762,0.5291363593507941,0.596154677255222,0.6314441334733143,0.5856545550896779,0.517603741580261,0.5317927664526099,0.6234355679228152
850,0.4615017254884336,0.6324744288038834,0.5311459352098478,0.5298019718499143,0.5941390848828078,0.6330035930267598,0.5839820305136918,0.5179271637973473,0.5327578393018979,0.6225466267017175
851,0.4587598671405735,0.6313629023172321,0.5321959143127272,0.530479259364943,0.5920665897687104,0.6344281099956612,0.5822613845514114,0.5182668629542853,0.53373541562708,0.6216096757827192
852,0.45616843555149134,0.6302296351433314,0.5332614134703922,0.531167277872679,0.5899390178634529,0.6357152533332423,0.580494147184392,0.5186222144138147,0.5347245236666461,0.6206255368299501
853,0.45373317236228217,0.6290759413326011,0.5343412404106633,0.531865092364752,0.5877584016336372,0.636863135205083,0.578682012750205,0.5189925953666799,0.5357241493827763,0.6195949793148279
854,0.45145930796731837,0.6279029860349855,0.5354341536303312,0.53257177828171,0.585526978408047,0.6378704154603124,0.5768268394207087,0.5193773862707733,0.5367332378297267,0.6185187186766081
855,0.4493515471376931,0.6267117826962576,0.5365388642821765,0.5332864228988693,0.5832471877290407,0.6387363038191581,0.5749306478638315,0.5197759722536507,0.5377506946152055,0.6173974151438527
856,0.44741405686159375,0.6255031912449628,0.5376540381663703,0.5340081266667771,0.58092166771829,0.6394605597740142,0.5729956190901503,0.5201877444778845,0.5387753874504381,0.6162316732166945
857,0.44565045643189827,0.6242779172696384,0.5387782978202467,0.534736004509463,0.5785532504710695,0.640043490211572,0.5710240914899634,0.5206121014690184,0.5398061477843744,0.6150220418057549
858,0.44128144756221777,0.6178086096448515,0.5460553194367015,0.537830204317588,0.5732080360360061,0.641214586542545,0.5615857002832376,0.5224364321923127,0.5391501968919229,0.6145673560759556
859,0.44020669022426934,0.6165004779624279,0.5472868717933782,0.5386315351962059,0.5706642321136772,0.6412511671989777,0.5595456003742154,0.5228716917005797,0.5401245311509966,0.6132336090728382
860,0.43931543605895085,0.615174146094622,0.5485187222506595,0.5394337537428173,0.568090026861333,0.6411566708755276,0.5574864973880346,0.5233175426280581,0.5410997232753064,0.6118590959751554
861,0.43860801276778816,0.613829293225819,0.549749233214877,0.5402360096586799,0.5654893642322266,0.6409345021432086,0.555411498851192,0.5237735145632763,0.5420744726370169,0.6104441277570162
862,0.4380841936950699,0.6124654774345034,0.5509767429714623,0.5410374752020497,0.5628663400988712,0.6405885326019531,0.5533238141569,0.5242391521823783,0.5430474538347397,0.6089889691455401
863,0.43774320554248886,0.6110821428664921,0.5521995683044298,0.5418373462973045,0.5602251904142381,0.6401230817804495,0.5512267462120155,0.5247140162518501,0.544017318810272,0.6074938428927364
864,0.4375837381466588,0.6096786276190908,0.553416007143832,0.5426348436441301,0.5575702786856523,0.6395428962744908,0.549123682559363,0.5251976845986801,0.5449826990101325,0.605958934544479
865,0.43760395625165566,0.6082541722870555,0.5546243412345863,0.5434292138311775,0.5549060828206509,0.6388531272234471,0.5470180860165166,0.5256897530486414,0.5459422075863325,0.6043843976705436
866,0.4378015132004184,0.6068079291180647,0.5558228388202623,0.5442197304583093,0.5522371814070275,0.6380593062314774,0.5449134848746312,0.5261898363333879,0.5468944416308895,0.6027703595170689
867,0.4381735664609733,0.6053389717224925,0.5570097573355611,0.5450056952711179,0.5495682394918346,0.6371673198466191,0.5428134627031127,0.5266975689669591,0.5478379844386102,0.6011169270404166
868,0.43871679489606624,0.6038463052797097,0.558183346101449,0.545786439310974,0.5469039939263526,0.636183382716795,0.5407216478079213,0.5272126060922059,0.54877140779277,0.5994241932792748
869,0.4394274176779077,0.6023288771808566,0.5593418490171183,0.5465613240833227,0.5442492383458678,0.63511400954715,0.5386417023929797,0.5277346242975084,0.5496932742684016,0.5976922440199712
870,0.44030121474342404,0.6007855880461157,0.5604835072432245,0.5473297427463968,0.5416088078545965,0.6339659859878242,0.5365773114755975,0.528263322404012,0.5506021395480553,0.5959211647083851
871,0.44133354867963587,0.5992153030529074,0.5616065618711089,0.5480911213218731,0.5389875634871625,0.632746338585362,0.5345321716079366,0.5287984222234117,0.5514965547450152,0.5941110475604827
872,0.4425193879236317,0.5976168635101827,0.5627092565730157,0.5488449199283417,0.536390376518756,0.6314623039344012,0.5325099794573919,0.5293396692861067,0.5523750687291483,0.592261998822503
873,0.44385333115704884,0.5959890986130966,0.5637898402286391,0.5495906340377488,0.5338221126964302,0.6301212971690552,0.530514420299314,0.5298868335393254,0.5532362304507438,0.590374146131035
874,0.4470961596275973,0.5940521866793547,0.563564342012327,0.5508499049840603,0.5276868600161635,0.6271490393364227,0.5282100291167773,0.5306090241649799,0.5570689907166644,0.5849971366970007
875,0.448850331462985,0.5923453374718817,0.5645349457948663,0.5515495128504485,0.5252857201021762,0.6256792816393218,0.5262601012852652,0.5311784732908343,0.5578970581573467,0.5829685060181294
876,0.450727437092004,0.5906059024135173,0.5654771031980648,0.5522400593711035,0.5229343400474636,0.6241830949550206,0.5243497277337373,0.5317526598874677,0.5587014245724746,0.580901505994356
877,0.4527206017772381,0.5888328344902589,0.5663891385099001,0.5529212864198705,0.5206371836323285,0.6226683184088568,0.5224824812554804,0.5323314537427937,0.5594806590594873,0.5787964947967534
878,0.45482274651641275,0.5870251376909758,0.5672693959404855,0.5535929795141276,0.5183986129812364,0.6211427757422143,0.5206618592134498,0.5329147527880586,0.560233345000481,0.5766539007425013
879,0.45702661723765137,0.5851818781452491,0.5681162420379018,0.554254969085043,0.5162228747390187,0.6196142431153191,0.5188912724698035,0.5335024836100617,0.5609580822287529,0.5744742289724725
880,0.4593248141378838,0.5833021949580434,0.5689280680558718,0.5549071317349963,0.514114086719701,0.6180904173803144,0.5171740346315965,0.5340946019235805,0.5616534891632359,0.5722580678111164
881,0.4617098210322521,0.5813853106827258,0.5697032922713593,0.5555493914750418,0.5120762250846854,0.6165788849589604,0.5155133516600108,0.5346910930009374,0.5623182049087386,0.5700060947649043
882,0.46417403458426104,0.5794305413761908,0.5704403622504771,0.5561817209345491,0.510113112103897,0.6150870914555064,0.5139123118883111,0.5352919720553106,0.5629508913201722,0.567719082117732
883,0.4667097932889193,0.5774373061823798,0.571137757061447,0.5568041425344795,0.5082284045501215,0.613622312130914,0.5123738764913044,0.535897284574064,0.5635502350292195,0.5653979020839999
884,0.4693094060842334,0.5754051363932857,0.5717939894336483,0.5574167296150961,0.5064255827731825,0.6121916233596563,0.5109008704464998,0.5365071065980948,0.5641149494321871,0.563043531482651
885,0.47196518047005204,0.5733336839395557,0.5724076078621155,0.5580196075083148,0.5047079404967606,0.6108018751848837,0.5094959740243304,0.5371215449428957,0.564643776638022,0.5606570558981917
886,0.4746694500174838,0.5712227292660764,0.5729771986571256,0.5586129545443508,0.5030785753766867,0.6094596650817771,0.5081617148418569,0.5377407373568095,0.5651354893757441,0.5582396732976534
887,0.47741460115678885,0.5690721885513774,0.573501387938784,0.5591970029818213,0.5015403803553351,0.6081713130324734,0.5069004605111922,0.5383648526116808,0.5655888928607515,0.5557926970755238
888,0.4801930991368728,0.5668821202333569,0.5739788435767813,0.5597720398500574,0.5000960358424735,0.6069428380091383,0.5057144119106692,0.5389940905209779,0.5660028266197178,0.553317558501953
889,0.48299751305512423,0.5646527308076389,0.5744082770757131,0.560338407692015,0.49874800274846515,0.6057799359544978,0.5046055971033315,0.5396286818802499,0.5663761662739614,0.5508158085528478
890,0.4873398598846045,0.5617318949907418,0.5737367521955103,0.5612767226730535,0.4966574749235726,0.6041340670866214,0.5035415896821048,0.5402539462341102,0.56799937668528,0.5465176959264842
891,0.49017960146534767,0.5594128678698626,0.5740281620775746,0.5618192166591912,0.4955979610512581,0.6031570664484273,0.5025945818527549,0.5409008577817763,0.5682770816735008,0.5439458368730373
892,0.4930201267820505,0.5570570215177308,0.5742676541445974,0.5623551774408924,0.4946415633183745,0.6022626360297414,0.5017303836354805,0.5415538387375636,0.5685102973139655,0.5413536409332
893,0.49585475222710157,0.5546652608965336,0.5744541655421302,0.5628852318219942,0.49378960748151257,0.6014547980703774,0.5009502634249183,0.5422132399609265,0.5686980754668635,0.538743227437927
894,0.4986770158261529,0.552238653559617,0.5745866867893596,0.563410063535994,0.493043178660393,0.6007371609692439,0.5002552950868084,0.542879441701853,0.5688395130373565,0.5361168359828873
895,0.5040661475033492,0.5465720996090878,0.5771608649317738,0.5640804427736359,0.492087005919421,0.5996434625169027,0.4986401070999772,0.5450103693241655,0.5667013568401449,0.5315611495162402
896,0.5068133865423797,0.5440359057094818,0.5771486685273257,0.5645984512788864,0.4915815193848394,0.5992154888913258,0.49828591133031125,0.5457079280259349,0.566680572906038,0.5289236546575586
897,0.509525484450304,0.5414697224505582,0.5770785289349305,0.5651134291316776,0.49118415568874463,0.5988879878060045,0.4980187262302185,0.546414823936297,0.5666108730468093,0.5262804227179692
898,0.5121973062223704,0.5388754755403873,0.5769497074275279,0.5656262797039382,0.4908949614060916,0.5986623579026915,0.497838497664113,0.5471316032643759,0.5664916183778618,0.5236341849520744
899,0.5148240162764245,0.5362552504150084,0.5767615264805276,0.5661379597315693,0.4907137459032199,0.5985395483938807,0.4977449803431235,0.5478588348957151,0.5663222240288094,0.5209877640130782
900,0.5174010861555001,0.5336112876977215,0.5765133710511097,0.5666494779368875,0.49064008513181234,0.5985200599752367,0.4977377406576585,0.5485971088741569,0.5661021604632396,0.5183440678241513
901,0.5199243006376331,0.5309459778740983,0.5762046898212132,0.5671618934090144,0.49067332619880516,0.5986039476218591,0.49781616013297736,0.5493470347441444,0.5658309547632329,0.5157060829038397
902,0.5223897622605244,0.528261855209715,0.5758349964052268,0.5676763137354176,0.49081259267749755,0.5987908252344963,0.49797943948204504,0.5501092397519006,0.5655081918789266,0.5130768671740261
903,0.5260483883538988,0.5243513391266339,0.5739134295047604,0.5687226698130456,0.4913456274928725,0.5992443653317325,0.4983126765452422,0.5508308251334528,0.5660593497793291,0.5089636076708862
904,0.5283536893593003,0.5216396523479974,0.5733801419293735,0.5692482792857769,0.49178315071848744,0.5996832159168268,0.49864442059346714,0.551619667449577,0.5656132344504562,0.5063582158355233
905,0.5305899062241022,0.5189194994117492,0.5727849366170937,0.5697807691792619,0.492321181560099,0.6002203031903385,0.49905753209773507,0.5524226737447714,0.5651142660500258,0.5037727431944008
906,0.5327545920174384,0.5161939313484617,0.5721276466043391,0.5703214612009829,0.49295785757817373,0.6008533705662643,0.49955052134352,0.5532405120793097,0.5645622933759701,0.5012105025871446
907,0.5348456155784778,0.5134660953540678,0.5714081764359072,0.5708717095064783,0.49369113675477894,0.601579776717034,0.5001217467498056,0.5540738566594364,0.5639572290355603,0.49867483213798697
908,0.5368611564067453,0.510739224849218,0.5706265031424851,0.5714328970105422,0.4945188067072532,0.6023965108684713,0.5007694218972669,0.5549233852039529,0.5632990504685088,0.4961690854084548
909,0.5387996982506973,0.508016629090225,0.5697826771798539,0.5720064314383254,0.4954384942869775,0.6033002094612022,0.5014916229050091,0.5557897761817358,0.5625878009345896,0.4936966213156114
910,0.5406600214587142,0.5053016823811957,0.5688768233287032,0.5725937411215372,0.4964476755106118,0.6042871740886481,0.5022862961152613,0.5566737059251973,0.5618235904645428,0.4912607938618409
911,0.5424411941616409,0.5025978129385036,0.5679091415536937,0.5731962705465733,0.49754368577056435,0.6053533906171736,0.5031512660447104,0.5575758456256417,0.5610065967727841,0.48886494172306916
912,0.5441425623605458,0.49990849146002225,0.5668799078201276,0.5738154756630239,0.4987237302711429,0.6064945493899158,0.5040842435606613,0.558496858217402,0.5601370661301931,0.4865123777429323
913,0.5457637389974235,0.4972372194525404,0.5657894748662917,0.5744528189626619,0.4999848946368536,0.6077060664122826,0.5050828342399843,0.5594373951585769,0.5592153141949815,0.484206378380808
914,0.5473045920902242,0.4945875173714927,0.564638272929283,0.5751097643406714,0.5013241556395949,0.6089831054141007,0.5061445468688012,0.5603980931171614,0.5582417267994256,0.4819501731617313
915,0.5487652320166833,0.49196291262758574,0.5634268104218271,0.5757877717525067,0.5027383919921099,0.6103206006809017,0.5072668020411182,0.561379570572263,0.5572167606899687,0.4797469341761202
916,0.5501459980340955,0.48936692751504063,0.5621556745573555,0.5764882916814051,0.5042243951559083,0.6117132805449135,0.5084469408150711,0.5623824243410355,0.5561409442179694,0.4775997656768368
917,0.5514474441243213,0.48680306711607063,0.5608255319203306,0.577212759433166,0.5057788801130542,0.6131556914248917,0.509682233386161,0.5634072260428485,0.5550148779781385,0.4755116938205125
918,0.5544633579105525,0.4797869361834432,0.5535586614681766,0.5800812914275102,0.5116784418645673,0.6170332667961431,0.5114460283167817,0.5645289136450605,0.5552611063805796,0.47081896681194585
919,0.5554872128068707,0.4774007445502799,0.5520215080497111,0.5809255560978592,0.5135216633218826,0.6185968900369873,0.5127639449469447,0.5655987348074077,0.5539729506558695,0.46891552204682874
920,0.5578088487214118,0.4706952128370983,0.5443594116424322,0.5839602747777654,0.5204460440046642,0.6227528627245965,0.5147079016058187,0.5667337422478608,0.5537952103621439,0.4648704082669999
921,0.5585707458171744,0.46853430229409293,0.5426433640106748,0.5849542298145175,0.5225047563188066,0.6243572037429891,0.516087428169221,0.5678454202882749,0.5523517387793891,0.4631843285419378
922,0.5592634905728646,0.4664319893321091,0.5408797209494033,0.5859874520540478,0.5245961473385907,0.6259636427430549,0.5175049916396167,0.5689793619075549,0.5508627287618445,0.4615794094257836
923,0.559888906958841,0.46439081829199913,0.5390699897973409,0.5870610017382855,0.5267167182548973,0.6275662855452386,0.5189576743416602,0.57013574647748,0.549329348178471,0.4600577996039441
924,0.5604488740850094,0.4624132057800955,0.5372157589969601,0.5881758469199648,0.5288630104720696,0.6291593011010911,0.5204425501710807,0.5713147017490708,0.5477528389123637,0.4586214802290408
925,0.5609453105567308,0.4605014327077149,0.5353186974514935,0.5893328568444487,0.531031612494197,0.6307369441768521,0.5219566915263952,0.572516300882592,0.5461345169168922,0.45727225802129806
926,0.5613801592226535,0.45865763683939703,0.5333805537686024,0.5905327955056205,0.5332191662761323,0.6322935773412757,0.5234971759517104,0.5737405595765386,0.5444757721847328,0.4560117589787858
927,0.5617553723886468,0.4568838058771941,0.5314031553878056,0.5917763154092736,0.5354223730265152,0.6338236921742932,0.5250610924718827,0.5749874333117112,0.5427780686244421,0.4548414227219256
928,0.562072897567973,0.4551817711055023,0.5293884075888915,0.5930639515774209,0.5376379984536268,0.6353219296180018,0.5266455476037022,0.5762568147265147,0.5410429438391922,0.4537624974934887
929,0.5623346638334922,0.4535532016180348,0.5273382923787028,0.594396115826741,0.5398628774484554,0.6367830993966342,0.5282476710292043,0.5775485311395541,0.5392720088022923,0.45277603583206816
930,0.5625425688331221,0.4519995991455833,0.5252548672538844,0.5957730913540504,0.5420939182028934,0.6382021984375951,0.5298646209196886,0.5788623422354807,0.5374669474242054,0.45188289093370676
931,0.5626984665248972,0.4505222935001996,0.5231402638373538,0.5971950276611042,0.5443281057644148,0.6395744282312815,0.5314935889014621,0.5801979379297834,0.5356295160058094,0.45108371371300776
932,0.5628041556829302,0.449122438648411,0.5209966863865246,0.5986619358503135,0.5465625050320035,0.6408952110732491,0.5331318046568206,0.5815549364278869,0.5337615425728175,0.4503789505716994
933,0.5628417431054387,0.4476463311370808,0.5188317625565556,0.6008239092148456,0.5491577646503122,0.6427671265313607,0.5362833145289257,0.5840840468294046,0.5299305195941982,0.44929448351833634
934,0.5628307959945157,0.44642449310822735,0.51661593429865,0.6023861430321372,0.5513735397356783,0.6439475779605051,0.5379513090172772,0.5855092945590467,0.5279970261005918,0.44884427776268654
935,0.5627752909996504,0.44528289741407184,0.5143787298605859,0.6039913538395624,0.5535809027962303,0.6450625185789661,0.5396183949357035,0.586954514829004,0.5260404769498735,0.4484879082672298
936,0.5626766574488569,0.4442219185165079,0.512122644390571,0.605638891068762,0.5557772648000888,0.6461085174144524,0.541282029201994,0.5884189779033895,0.5240630291368947,0.44822485720623556
937,0.5625362221646701,0.4432417438753935,0.5098502356996538,0.6073279508177496,0.5579601220250379,0.6470824321277261,0.5429397271296001,0.5899018740251845,0.5220669052897401,0.4480544042222734
938,0.562355203850518,0.4423423740765312,0.5075641219696333,0.6090575742807582,0.5601270559524669,0.6479814170687563,0.5445890645431574,0.5914023130546707,0.5200543920663363,0.4479756288658478
939,0.5621347084573615,0.44152362359502134,0.5052669793257956,0.61082664673254,0.5622757327355627,0.6488029299866068,0.5462276795502062,0.5929193244039355,0.51802783840039,0.44798741368942036
940,0.561875725534709,0.4407851221822556,0.5029615392747974,0.6126338970848849,0.5644039022687899,0.649544737389328,0.547853273981708,0.5944518572763928,0.5159896535942747,0.44808844797642344
941,0.5614581952370542,0.43937944568825915,0.49849274280235395,0.615444680958784,0.5682404306378286,0.6504646164376348,0.5495392108494555,0.5964069685691664,0.5138007111817161,0.4485477005820793
942,0.5611060091236604,0.4388590340621013,0.49619417461727916,0.6173615019991066,0.5703099784241824,0.6509930589082564,0.5511092152891228,0.5979534082999468,0.5117380611522204,0.44884757482444737
943,0.5607179246527997,0.43841575941321664,0.49389796644963835,0.6193116921010244,0.5723511689146461,0.65143652882018,0.5526592777357874,0.5995105944978766,0.5096720634448573,0.4492313538638898
944,0.5602943871380852,0.4380484179165217,0.491607072820673,0.6212932665838481,0.5743621496153833,0.6517942250546677,0.5541873800503604,0.6010771421280889,0.5076053551358931,0.4496969452536488
945,0.5598357224133419,0.43775564070189876,0.48932448628654507,0.62330408963681,0.5763411409301028,0.6520656604374488,0.5556915699497745,0.6026515948149705,0.5055406207666557,0.4502420920005091
946,0.5590252269233073,0.4378531253696934,0.4868398621993571,0.6264332484191657,0.5786332000924909,0.6523723296099844,0.5586057295469976,0.605300449340316,0.5016482677007301,0.45112187510754204
947,0.5584792478729467,0.43771957791360094,0.484572686042972,0.6284833712911311,0.5805243135616676,0.6524338571505415,0.5600533159332942,0.6069094364672821,0.49960911482440107,0.4518714467936774
948,0.5578983199627964,0.4376550893255754,0.482323847040935,0.6305532921094401,0.5823780942806256,0.65240972345821,0.5614702276315311,0.6085211680302085,0.4975822660719511,0.45269069763815833
949,0.5572822774360697,0.43765764608871877,0.4800964592240413,0.6326402759903839,0.5841930133916013,0.6523007884216694,0.5628548206587406,0.6101338802592902,0.4955705962330706,0.45357670558481356
950,0.5566308588991514,0.4377251008677401,0.47789365529324024,0.6347414673809942,0.5859675982346532,0.6521081951783237,0.5642055137633429,0.6117457529865641,0.4935770093763011,0.454526430272844
951,0.555943713943945,0.4378551796449273,0.47571858261873406,0.6368538969643975,0.5877004291856973,0.6518333610172006,0.5655207873335255,0.613354913711789,0.4916044351051794,0.4555367220892083
952,0.5552204103674198,0.4380454891445449,0.4735743991454739,0.6389744891235912,0.5893901365305649,0.6514779673646779,0.5667991822341168,0.6149594419575362,0.489655824678505,0.45660433142426443
953,0.5544604419332363,0.43829352451177667,0.4714642692108969,0.6411000699418496,0.591035397406568,0.651043948914289,0.5680392985937149,0.6165573739010254,0.48773414700024686,0.4577259180903701
954,0.553663236618246,0.43859667721205753,0.4693913592811024,0.6432273757150532,0.5926349328416991,0.6505334819642838,0.5692397945632571,0.6181467072686162,0.48584238448519146,0.4588980608631794
955,0.5528281652849346,0.4389522431165382,0.4673588336119947,0.6453530619484225,0.5941875049200571,0.649948972028682,0.5703993850665285,0.6197254064772854,0.48398352880701506,0.4601172671056368
956,0.5519545507195205,0.43935743073951466,0.4653698498422529,0.6474737128074128,0.5956919141004059,0.6492930407892756,0.5715168405622773,0.6212914080059282,0.482160576536026,0.4613799824351184
957,0.5510416769743774,0.4398093695938992,0.46342755452527834,0.6495858509898775,0.5971469967128878,0.6485685124573889,0.5725909858366351,0.6228426259778022,0.48037652467437825,0.46268260039482867
958,0.5500887989528094,0.44030511863123073,0.4615350786075743,0.6516859479841303,0.5985516226569533,0.6477783996152258,0.5736206988434785,0.6243769579340891,0.4786343660970715,0.4640214720913964
959,0.5490951521738805,0.4408416747332971,0.4596955328612666,0.65377043467515,0.5999046933214157,0.6469258886073046,0.5746049096091683,0.6258922907771799,0.4769370849075764,0.46539291576164515
960,0.548059962655038,0.44141598122317216,0.457912003278726,0.6558357122589659,0.6012051397453252,0.6460143245527866,0.5755425992168356,0.6273865068610752,0.4752876517173815,0.4667932262326965
961,0.546982456850649,0.4420249363643412,0.4561875464374865,0.6578781634232218,0.602451921036036,0.6450471960495263,0.5764327988840054,0.6288574902051526,0.4736890188592282,0.46821868424093516
962,0.5458618715852692,0.4426654018176044,0.45452518484384696,0.6598941637500244,0.603644023058423,0.6440281196403053,0.5772745891459143,0.6303031328064843,0.4721441155442089,0.46966556557687167
963,0.5446974639215048,0.4433342110265768,0.45292790226373864,0.6618800932955301,0.6047804574067646,0.6429608241110798,0.5780670991553611,0.6317213410249894,0.47065584297330004,0.4711301500245921
964,0.5434885209036655,0.44402817750386603,0.4513986390495921,0.6638323482992377,0.6058602606682963,0.6418491346901263,0.5788095061083909,0.6331100420148659,0.46922706941425024,0.4726087300662686
965,0.5414496069293374,0.4451551900020696,0.4497288413751913,0.6669824048196614,0.6070241537856303,0.6401816861068994,0.5804001720507685,0.6350795844992784,0.46676040723404555,0.47511224467857627
966,0.5401244734195529,0.4458847245017496,0.4483550222810861,0.6688007550644985,0.6079541535806752,0.6389786372535579,0.5810230974217784,0.6364139408037066,0.4655078348218353,0.47661707017095206
967,0.5387527173605821,0.44662893019195377,0.447058587306068,0.6705725541247121,0.6088241202842983,0.637744966130339,0.5815933811543028,0.6377120760684937,0.4643250175175944,0.47812225451838114
968,0.5373338818573524,0.44738463108736953,0.4458422323188762,0.6722944736022273,0.6096331983191636,0.6364847354698773,0.5821104122341412,0.6389720522445372,0.4632146194768274,0.47962425793881325
969,0.5358675887587029,0.4481486722158578,0.4447085854898858,0.6739632680114216,0.6103805608026641,0.6352020191677492,0.5825736256626186,0.6401919857323649,0.4621792437819507,0.4811195976601715
970,0.5343535462809635,0.4489179267212948,0.4436602027998425,0.6755757859417971,0.6110654107470833,0.6339008873957471,0.5829825028085153,0.6413700535447296,0.46122142754843265,0.4826048544463686
971,0.532791556137869,0.4496893027124654,0.44269956360765644,0.6771289809634314,0.6116869825280632,0.6325853920738412,0.5833365719116549,0.6425044993102254,0.4603436370894632,0.48407667872806476
972,0.5311815201399157,0.4504597498436441,0.44182906628641544,0.6786199222257452,0.6122445436099319,0.6312595527513543,0.5836354087337872,0.6435936390894866,0.459548263151665,0.48553179632765797
973,0.5295234462297479,0.4512262656143245,0.44105102393674417,0.6800458047009972,0.6127373965144214,0.6299273429447841,0.5838786373509155,0.6446358669760407,0.45883761623430414,0.48696701377036655
974,0.5278174539238074,0.45198590137736006,0.4403676601865776,0.6814039590250373,0.6131648810173984,0.6285926769764728,0.5840659310797869,0.6456296604545082,0.45821392200436656,0.4883792231756592
975,0.5260637791341664,0.45273576804658955,0.4397811050863362,0.6826918608892474,0.6135263765564675,0.6272593973550015,0.5841970135299194,0.6465735854896831,0.45767931681972335,0.48976540672561736
976,0.5242627783482648,0.45347304149679396,0.43929339110837745,0.6839071399391703,0.6138213048306423,0.625931262734719,0.5842716597712599,0.6474663013209241,0.45723584337241363,0.4911226407091198
977,0.5224149321481409,0.454194967650607,0.43890644925949046,0.6850475881372374,0.6140491325718351,0.6246119364883485,0.584289697606419,0.6483065649374335,0.4568854464638671,0.49244809914301374
978,0.5205208480546007,0.45489886724870277,0.4386221053150404,0.6861111675490489,0.6142093744665522,0.6233049759230064,0.5842510089353254,0.6490932352111958,0.4566299689235968,0.4937390569736009
979,0.5185812626856883,0.45558214030126354,0.43844207618321,0.6870960175150038,0.6143015962050467,0.6220138221663953,0.5841555311992086,0.6498252766657591,0.4564711476825925,0.49499289286389897
980,0.5165970432226983,0.45624227022034863,0.4383679664075982,0.6880004611715743,0.614325417634178,0.6207417907462951,0.5840032588899405,0.6505017628605166,0.45641061001229677,0.4962070915741638
981,0.514569188180829,0.4568768276343261,0.43840126481622993,0.6888230112892803,0.614280515989424,0.6194920628828665,0.5837942451100492,0.6511218793718243,0.4564498699396499,0.4973792459450795
982,0.5124988274853735,0.4574834738870137,0.4385433413248097,0.6895623753972902,0.6141666291808361,0.618267677509644,0.583528603168072,0.6516849263539816,0.45659032484826684,0.4985070584948582
983,0.5103872218580916,0.4580599642255755,0.4387954439018067,0.6902174601677225,0.6139835591072975,0.6170715240355632,0.5832065081934584,0.6521903206650417,0.4568332522753523,0.4995883426431977
984,0.5082357615220361,0.4586041506825264,0.43915869570270355,0.6907873750359343,0.6137311749731582,0.6159063358568059,0.5828281987548283,0.652637597544314,0.4571798069134607,0.5006210235766235
985,0.506045964236653,0.4591139846584282,0.439634092380462,0.6912714350365039,0.6134094165812131,0.6147746846237856,0.582393978465153,0.6530264118305248,0.457631017825688,0.5016031387712188
986,0.503819472678369,0.4595875192129738,0.4402224995789676,0.6916691628381594,0.6130182975761094,0.6136789752652352,0.5819042175573188,0.6533565387117236,0.45818778588231845,0.502532838190031
987,0.5015580511851624,0.4600229110731954,0.44092465061591085,0.6919802899645323,0.6125579086124978,0.6126214417680287,0.5813593544135133,0.6536278740002424,0.45885088142638614,0.5034083841736654
988,0.49926358188670905,0.46041842236843866,0.44174114436123607,0.6922047571913685,0.612028420422693,0.6116041437082103,0.5807598970320135,0.6538404339282825,0.45962094217497873,0.504228151043571
989,0.4969380602446435,0.460772422102574,0.44267244331695993,0.6923427141146558,0.6114300867592141,0.610628963525608,0.580106424415197,0.6539943544620394,0.4604984713625145,0.5049906244384375
990,0.49458359003021196,0.461083387374605,0.4437188719037981,0.6923945178879765,0.6107632471883101,0.609697604531454,0.5793995878629352,0.6540898901346061,0.46148383613153804,0.505694400404828
991,0.49220237776917186,0.4613499043594462,0.4448806149596994,0.6923607311313555,0.6100283297115354,0.6088115896356618,0.5786401121560432,0.6541274124003276,0.46257726617595335,0.5063381842637831
992,0.4897967266861206,0.4615706690611111,0.44615771645498603,0.6922421190177445,0.6092258531934467,0.6079722607776711,0.5778287966149741,0.6541074075156119,0.4637788526408957,0.506920789275521
993,0.4873690301825919,0.4617444878509406,0.44755007842843164,0.6920396455472733,0.608356429574734,0.6071807790423316,0.5769665160196913,0.6540304739536585,0.465088547282775,0.5074411351246725
994,0.4818942064344911,0.4606318115101192,0.4497484098744779,0.6922103007149083,0.6061231922281737,0.6056711741250879,0.575763780007235,0.6527718192225529,0.46856181585371376,0.5099795461970712
995,0.47941478571673324,0.46066519083956076,0.4514322066477259,0.6916837902897303,0.6050382763036205,0.6050281527250032,0.5747745594139819,0.6525917727600301,0.47022198350996663,0.5102913943237533
996,0.4769240643113377,0.46064875800457383,0.4532294537774737,0.691080096321366,0.6038901791657192,0.6044357493585675,0.5737382756648668,0.6523574972471545,0.47198916778061495,0.5105369979635362
997,0.4744247742162717,0.4605818351580226,0.4551393689304218,0.6904012423515078,0.602680067579936,0.6038942490308007,0.5726561402275033,0.6520699984887969,0.4738626083528387,0.510715832934905
998,0.47191968990115424,0.46046385402548295,0.4571610263751826,0.6896494096465905,0.6014092086242849,0.6034037698619195,0.5715294421497751,0.6517303717840366,0.4758414045541954,0.5108274691926363
999,0.469411619635865,0.46029435542103103,0.45929335739898813,0.6888269278969124,0.6000789696592076,0.6029642672817656,0.570359547880073,0.6513397968051536,0.47792451644785805,0.5108715685227248
1000,0.46690339667909075,0.4600729886465408,0.46153515096276326,0.6879362653295239,0.5986908179768528,0.6025755386903614,0.569147900868652,0.6508995321450994,0.48011076619766613,0.510847882235821
