time_step,site_0,site_1,site_2,site_3,site_4,site_5,site_6,site_7,site_8,site_9
0,0.0,0.0,0.0,0.0,0.0,1.0,0.0,0.0,0.0,0.0
1,0.0,0.0,0.0,0.00011264964135773084,0.24036152618018197,0.9835062087086462,0.0007643709655256673,0.0,0.0,0.0
2,0.0,2.382349548586303e-09,4.4415049382535966e-07,0.0028789464417144175,0.3165154686666626,0.9699226829606051,0.01475281138870373,3.0142205195931012e-06,1.616778908898771e-08,0.0
3,4.156006830847094e-10,5.858298553006887e-07,0.0005264767855717123,0.0072340047119627575,0.8146639577959103,0.6755392738857416,0.021856295210791615,0.0027256038409634855,3.0862673651609613e-06,2.80211849581387e-09
4,1.98822317199842e-08,6.822032911990294e-06,0.001258729556842328,0.02068566111707504,0.9195126261538566,0.4863670841639743,0.03308614754438971,0.005362637883288454,3.099531831553349e-05,1.0696191974585008e-07
5,3.3993410702480724e-07,4.66228193738617e-05,0.0033913246817101057,0.05385360447735788,0.9758508816642335,0.2820246980062438,0.04580103244685946,0.009996069240849146,0.00016363497690407297,1.562088963262374e-06
6,5.08050226387152e-06,8.246642803810703e-05,0.0126216173715188,0.06595855253991055,0.9973906518447027,0.07496910876915139,0.046865594175754796,0.020669578584053216,0.00024488314254153814,1.9127021368927554e-05
7,6.944945803504615e-06,0.0001635672015501352,0.01486967760501201,0.0865342197470153,0.997120180955343,0.05913620664024575,0.04793756143646898,0.022620489762933953,0.0004065362439875611,2.50034465522336e-05
8,4.362873485634577e-05,0.0002754451975293433,0.04133291277225178,0.09825796821349618,0.990464852916065,0.15946617091763887,0.04630446338774074,0.03771787578028805,0.0005595218517773974,0.00012413083240054055
9,5.267710172956874e-05,0.0004291481142570519,0.045429925357916186,0.11095779382616895,0.9858975550655835,0.19659757519005136,0.04490735479598432,0.039188872955593264,0.000745026696067254,0.00014421195242529178
10,8.23011066745622e-05,0.0006388803896389146,0.055850728216503435,0.12317230087875256,0.9704495386767739,0.2931112746870488,0.04368299114983929,0.04176412210750733,0.0009614209735243568,0.00020346655619129457
11,0.00022774364170709778,0.0009335034937796024,0.08848387280069007,0.1303952895524181,0.8547912000365039,0.6086668726261669,0.044183839515306494,0.044076393628315245,0.0011788088825178023,0.0004468493317637135
12,0.0002731865903230595,0.0015298066810529492,0.09480957716133137,0.14274423672073477,0.8164975308467854,0.664976062078013,0.046923522326203684,0.043432372494115606,0.0015567257103964193,0.0005083967037518904
13,0.000287639216783333,0.0020327379151985066,0.09623102563720949,0.15180800543629314,0.8077293177059868,0.675664099741897,0.049705153049368234,0.04315918896429867,0.0018509093468755046,0.0005247403186776782
14,0.00041724343621808284,0.002637796569716869,0.10823460209714673,0.15922083701383713,0.7368954466419894,0.7550847603343218,0.054237072608217675,0.040091790535839236,0.002150674561758488,0.0006699942422048185
15,0.0007343125272558835,0.0033568114831044665,0.1287981818124244,0.16357488112149177,0.5924809309537993,0.8638074730814114,0.06155530397739868,0.032815689711197,0.0024170552460709253,0.0009754563079529356
16,0.0033313970166510267,0.0038205395200778675,0.13745308084392774,0.17000512898725909,0.36123626236423384,0.9554988154723394,0.08832358154409471,0.0043614800753132765,0.0024405433971647593,0.0024162471472318385
17,0.003487801939375966,0.004159166381397955,0.1282953543943069,0.17552601716344274,0.42139931315380236,0.9370863781721799,0.1026305434628561,0.006302827385342765,0.0024668634246120405,0.00237932674867416
18,0.00417951386546144,0.004200420825365275,0.05846821881872548,0.1926167945382455,0.8041626224007953,0.6724950652791519,0.1116983525580019,0.035263064277384085,0.002709992752705358,0.0016755232853274478
19,0.0036070307534628136,0.004176424738720265,0.005198433668264345,0.21496031882965289,0.9753331119732102,0.20097569287851055,0.11220377956231933,0.08577240407363146,0.003338173972822348,0.0004939729998752871
20,0.001720534891642792,0.0050633302783100334,0.04321650306257265,0.2556543753457294,0.9685693855484393,0.20780334528609148,0.11055677480079003,0.11399477491244181,0.005140615410069646,0.00013696130921158213
21,0.0016725261936160704,0.0055707544206285604,0.045172110648116374,0.277062203757269,0.9639954629311936,0.21534381429128324,0.11068088328979174,0.11396638131889612,0.0061773446102860955,0.0001521143251223633
22,0.0009636413386008885,0.006815811792825125,0.0804759819479344,0.30500113897943176,0.9335423561121645,0.35013509393134695,0.11316833329472947,0.11016305124691063,0.007826914334578841,0.0005024654489814962
23,0.0005566123641083438,0.008525836229090587,0.10959569572544348,0.33029255338679925,0.8972530184967229,0.4525716379318145,0.11819874287257214,0.1039512714199344,0.00955492473664393,0.0009423292513796019
24,0.00033097259235721435,0.011520670652334307,0.23274346895218068,0.33134891603405436,0.6649028322835385,0.7891000916717806,0.13477787972296712,0.0650184443818224,0.010722449108618935,0.003938349157236462
25,0.0005013123216013602,0.013827698853235157,0.24563496527110776,0.3375747799469637,0.630228190792226,0.8138207205296759,0.14635625042682454,0.05983358474864815,0.011484492509545531,0.004370175930190125
26,0.0016274539293281882,0.017944274763163393,0.2934766852488733,0.3364164058242773,0.4989099849771719,0.8888925946578693,0.16915335853627786,0.039359579692091085,0.012259156534177225,0.0062601933678451014
27,0.004608018741684625,0.021004258493251635,0.3422176628510206,0.3273272953352712,0.36235997849836393,0.9385266199209832,0.1876592553050452,0.018043712550862193,0.01242247528309869,0.008956432349714076
28,0.005883720237251595,0.029773399597536675,0.35076455863852446,0.326851584087127,0.3403254022768032,0.9383752071350104,0.23707539934854593,0.01474229018946732,0.012685496896621143,0.00969729041639597
29,0.019378807914303776,0.03252165910559412,0.34331787612736975,0.3308341716030701,0.4457183796859412,0.9005008303816919,0.2548628815825669,0.046509255932441006,0.012617172650404462,0.012873611935307786
30,0.022472119937587406,0.03793016542972876,0.32559992202422483,0.34254322064484233,0.5056915041610586,0.8670688671802385,0.2893332843451034,0.06426460179614475,0.012884833814163547,0.013010567301532291
31,0.022953403013059964,0.04096819939426489,0.3231249862597806,0.3472864142492711,0.5115650477663898,0.8601223015008014,0.30711699559234307,0.06660095671754673,0.013102211606800394,0.013103100970248248
32,0.027589257126484103,0.04368177297544686,0.2925106875772146,0.36003319194486344,0.5876331550811544,0.8120879572107892,0.3218728634423808,0.09582802286267521,0.013612035960869542,0.012516103153346487
33,0.04142336466668116,0.04506073712439093,0.15702509444081422,0.40217458587204774,0.8139994509504045,0.5614495581405166,0.3218770133988878,0.21956380172376247,0.016418755371568342,0.008136289303637948
34,0.04296500479429859,0.04580224357443186,0.13587416005236558,0.42104833429148825,0.8315410355550321,0.5171120870101271,0.3256035118420216,0.23819897527954556,0.01861477474244692,0.007463752412060364
35,0.044923689280307676,0.04628644140716084,0.1061663212934595,0.4419072295394299,0.8523197107789287,0.45570142600179225,0.32604181378394925,0.26491803665884445,0.021341450061728707,0.006320269445364968
36,0.045334449376169705,0.046726161957860606,0.10000009700020844,0.46146725656642196,0.8503984356464726,0.4423229218593617,0.3293736638756414,0.27058150452062774,0.02426181919707271,0.0063174623271149795
37,0.04545023423311028,0.04735609892735439,0.05018199966200454,0.52922518016752,0.8632563991096528,0.3139012898475711,0.3134768314745238,0.3474181944366803,0.03754529389368048,0.003874628341904904
38,0.043511266744048586,0.048111445012881955,0.06179399204267814,0.5708487344718004,0.8400271803051235,0.32427272399589085,0.3127859710268357,0.34989637737791884,0.047383336633835225,0.005028514721758779
39,0.03173146355707104,0.05460145559421519,0.17545811658896418,0.6128587057029229,0.7730464607904196,0.44341476384468753,0.32712628470031635,0.32229911786208343,0.06245261377774413,0.01319600251569972
40,0.027651336940953036,0.0575293279881495,0.21938405690640306,0.6223176445013906,0.7463187906844431,0.483759958079055,0.3347347188142166,0.3050971421643913,0.06746954564244138,0.01708195203547816
41,0.016743681256942748,0.06235451669532527,0.3537525028454411,0.6074428221712094,0.6763973395974748,0.5965132202883375,0.35326974750469653,0.24465497834301156,0.07181022939673383,0.03021501333195065
42,0.012258239881418682,0.074926990825642,0.42634390834895736,0.6019914283186796,0.6248681243287589,0.6466743176021339,0.3789649662728649,0.20663229466979866,0.07810406529433976,0.03866255622806924
43,0.027944521102337916,0.08291456042763604,0.6537898618765868,0.49112771559169816,0.5033513929112677,0.7596670997189828,0.40534189063263765,0.08430530625115479,0.07677883689784537,0.07923952706899708
44,0.0431301941775859,0.09016630785799257,0.6155415904748521,0.5182869585158538,0.5452363447109961,0.7193097859904969,0.4175993257354401,0.12148374322763791,0.07658696555409172,0.0762169743969941
45,0.07246857695092115,0.09652550010434167,0.4663785219239081,0.601582779490946,0.639914773441761,0.6001664028304395,0.4196726162396101,0.23313114145710787,0.07950123988569574,0.05889390229983362
46,0.083770581099668,0.09963024318799678,0.3820857843234023,0.6383985328467398,0.6693931015685212,0.5413234798521128,0.4178964892898244,0.28517792944996667,0.08310380205817873,0.048935681834772704
47,0.09573088224174665,0.10215142946807672,0.2698465134522666,0.6816427829081457,0.6909584968056451,0.4702495448176187,0.41046608044322597,0.34769192742971716,0.09114037193580896,0.036146787374082986
48,0.09862490315234045,0.1035795336430519,0.2400096099874477,0.6989409344205685,0.6877203444291992,0.45274866557503946,0.40976762463450433,0.36317907508547764,0.09716238673072491,0.03340205390064637
49,0.09559242187131328,0.10656981400367506,0.1389390924545118,0.7378565367856471,0.6813256164162612,0.40603727991628963,0.3866650504919282,0.442645601015369,0.11623351539996636,0.02000513726413896
50,0.09493267987210108,0.1080959925983475,0.14250509924330337,0.756773516380748,0.6611990448741003,0.40755667027090836,0.3877954393786305,0.4409319444122388,0.12864261233607457,0.022061485295041462
51,0.07582622931141922,0.1148749485368037,0.26290929143181735,0.7618134508580525,0.6172261783188626,0.458812926471665,0.4049808190750677,0.40181338646841347,0.14565653565363404,0.04026384989698098
52,0.06391413245653209,0.1197313009733021,0.3459166763024981,0.7529799793248911,0.5927194521163436,0.4888756770143059,0.4176677325791582,0.370063547577783,0.15357396078545174,0.05447585267474233
53,0.050345240263846965,0.14138678297546386,0.45490936228898154,0.7373060402647436,0.5505950741189939,0.5211512605149262,0.4458236227996893,0.32268926308915435,0.17123641483810828,0.07629369267398797
54,0.027472137931519532,0.15237503372395012,0.6682074885393264,0.6253937459038482,0.5096849548792332,0.577481910209118,0.4731699026532361,0.21868665008194277,0.1757697381148645,0.12911434447004888
55,0.03045317184327153,0.19068528158890463,0.6795533032279102,0.6183830388406172,0.500925311543181,0.5701919378003905,0.5007014685204231,0.21053740702072013,0.1819058709218946,0.13377322333782254
56,0.03207471974875338,0.2120381731382156,0.72093340548015,0.5816511235925269,0.4937790519454376,0.5719647822325816,0.5169298616933979,0.1882956595745154,0.1837047461966443,0.14879309590709663
57,0.038842412933117375,0.23504334367601598,0.7549327997230132,0.5445684784379421,0.4903352138328906,0.5697999994816434,0.5321476074086854,0.1728207925977912,0.18402974640787573,0.16344743491142194
58,0.12612214275589595,0.2547883750638831,0.7796986462687919,0.5138604464119417,0.5084927536379908,0.5371503171068294,0.5333461194091688,0.24488797627831235,0.18006929944219152,0.1884481477938673
59,0.17301774982085463,0.26452501676824225,0.7286177910661769,0.5701711422271535,0.5201602220800893,0.5128270214279171,0.5258682133423185,0.31457110479709927,0.1803988531292499,0.17537236735997613
60,0.18708523662455148,0.27892514004542857,0.7076921228411583,0.5910474367271445,0.5192775019911504,0.5035123188788011,0.5283359405974603,0.33406879021266966,0.18411260526221196,0.17168031425050978
61,0.22647229965314541,0.2931345183246835,0.6376309448468318,0.6522045564288096,0.5202715533832932,0.484325850863707,0.5190643328795451,0.39324760179308044,0.1923037003406703,0.15473141573166918
62,0.2427303818134171,0.30304467894958387,0.6042619105310751,0.6785259036954795,0.5163293180768583,0.4771233465633903,0.5157821057351011,0.4155643980780034,0.20032150178407215,0.14853885356976343
63,0.2724255763734504,0.307112530913234,0.5360666197453169,0.7212527500102542,0.5156869887624598,0.46783637599961986,0.5025908472646198,0.4582195702264601,0.20714869582264078,0.13115408101158374
64,0.27753670432951155,0.3118451708603785,0.5235285492916972,0.7307281032328822,0.5109268535860684,0.46594419486859623,0.5014960963166895,0.4640070139623251,0.21460218507669004,0.13091712486025667
65,0.3321246310933155,0.31168902003722493,0.3551554489847209,0.800964086521544,0.506690838551676,0.45520499230262806,0.466553416287482,0.5426756436100058,0.23208998101453895,0.09140939467644926
66,0.3413592139023257,0.3125123219364528,0.2956065643261948,0.8217162071962522,0.4966853117201831,0.4558144093497602,0.4561696386523041,0.5597049810738192,0.25201168435967375,0.08416557915667508
67,0.3355485811717562,0.3137919628849183,0.29101234773168033,0.8325769759315664,0.4791950829813812,0.4579640419237876,0.4570455924470479,0.5524528590680615,0.28828651531318095,0.0982569474771352
68,0.3226395183385404,0.3165809958652572,0.3079346621277874,0.8333169727610029,0.4699244536686293,0.4599989429203453,0.46269440617171403,0.5382598446360938,0.3127053916920668,0.11466870527377393
69,0.3210460831804574,0.31742391614804755,0.31040739735916967,0.8346364847221927,0.46657213332009556,0.45999011745752716,0.46360826979363884,0.5349040180184917,0.3236397674929857,0.1203323400332458
70,0.2403594268404491,0.32811481416508753,0.4947770579126416,0.7726459561587896,0.4622554994111303,0.46477886501189364,0.5000343217528861,0.45454143869832275,0.34399531538377304,0.19996047446647167
71,0.2264878799018896,0.3357124234434152,0.5292440588216916,0.7557510431067523,0.4611244692030431,0.46460016756294353,0.5072645043654453,0.43786475666233415,0.3523996841622428,0.21834715865628587
72,0.21114788130106282,0.34889670654786775,0.5677735852826568,0.7331941659652202,0.46057839025849984,0.4638732933440609,0.5157849780378243,0.4182968873417888,0.36288531291516213,0.24079303927586487
73,0.19918717012395284,0.3637488442587961,0.5983003940644966,0.7116663628893869,0.4610407013224682,0.4629044890717871,0.5227467430734526,0.40216786719230957,0.37178999677400615,0.26050347461602813
74,0.18899543611905312,0.39165529108394864,0.6282927799357332,0.6840502960551784,0.46336206677814307,0.46137562703097074,0.5305188068093268,0.3847428655092182,0.38317901999030257,0.28391027682370773
75,0.15568307651754915,0.4143936139861152,0.7226739989430453,0.5909441120340142,0.4655953357462019,0.4599053902212699,0.5436411986269448,0.3437219329015539,0.39222016037671653,0.35152661078598946
76,0.15166572148293214,0.4305756796091246,0.7608705916082057,0.5379141223950629,0.46664985344105275,0.45962915159251516,0.5474132000514929,0.3309480192496982,0.39491163757741804,0.3854564608302596
77,0.16746555123775922,0.4793577563500043,0.7575350489934667,0.5168794454293129,0.4693284834045377,0.4604168932674344,0.5469888287496409,0.33138957804965746,0.39514765336083985,0.3960908171054492
78,0.1760533791286201,0.5034112992871386,0.749750212426587,0.5131966542768297,0.4707376128814468,0.46120530281741734,0.545850143143541,0.33294053333841234,0.39491062384398223,0.3970424728213349
79,0.18571626272869088,0.5191534691940901,0.7528476277256081,0.49776822864086806,0.47110265251073563,0.4625933882827796,0.5446443632791522,0.3348688512202647,0.39427111115526814,0.4059413385474156
80,0.20178306966833384,0.525956069195698,0.76112870435749,0.47888104162751055,0.47038492380500546,0.46458572001085424,0.5427159485465284,0.3410674420254995,0.39270637623765114,0.4172361516027604
81,0.23851738290387056,0.5536911161119404,0.7531791263084592,0.4668807302279276,0.4693923453695977,0.4688154008869148,0.5361208948839216,0.35629125062661804,0.3890738095764965,0.42300585406870367
82,0.30219697163612647,0.5662314764602442,0.7385415601428352,0.47282076867281847,0.46683602016928777,0.47428405876795465,0.525440355146121,0.38727617333027853,0.38330830521682563,0.4175866163377338
83,0.3289689821100754,0.5749954561832936,0.7265879707932814,0.48041717866955397,0.46588955720751596,0.4766950131572572,0.5201101561476156,0.39951979075455685,0.38165329447014534,0.4123437241683031
84,0.5680507690423116,0.5489334861556333,0.6091767549343766,0.6210471844393826,0.4662866042220235,0.47985664049380644,0.4814450259894688,0.508837564054846,0.3805884619976141,0.3200266887590414
85,0.598338765614817,0.5521066787354019,0.5756067809294977,0.643804840881133,0.47344702411974005,0.48020394661967436,0.47304299048804893,0.5146518526083935,0.40499148701774246,0.3230583813733062
86,0.6095784379335542,0.5521941206600232,0.5640846001381651,0.6516162617180372,0.4765685751806065,0.4793886901949756,0.47076661762558525,0.5160463203286103,0.41249734483177214,0.323457755694073
87,0.6678847004879296,0.5472378227265365,0.48394006811385315,0.7094572654147876,0.4943090414132611,0.4607564609346407,0.4681946045991205,0.5159583830579525,0.4338560914906816,0.2901834398646366
88,0.6570645928283024,0.5479740012469388,0.48200440119716054,0.707093422232231,0.5031200767557645,0.4581784553259633,0.4704893326231648,0.5063359916349803,0.4470794545993445,0.3047048893227699
89,0.6031640415033303,0.5570407871302725,0.4933101214086646,0.6951843766847178,0.5111273641925853,0.45386854977823465,0.4792690080048044,0.4795214800138391,0.4595493804073639,0.328085853330093
90,0.52783293860328,0.5715643963786552,0.5263522810263319,0.6662210913243132,0.5150069836696731,0.4568430627263943,0.48833830031853126,0.4512202257395484,0.4735776682461208,0.36891458895823054
91,0.5128901312027537,0.5770791487261714,0.5324084497129061,0.657113535019015,0.5190653680666608,0.4586432366889551,0.48918695167980175,0.44608781125266217,0.47946429868889445,0.3817039161449748
92,0.4954606388230837,0.5890848147290223,0.5370071983364798,0.6416645640121736,0.5295127337702081,0.4623846920396975,0.4883158132367032,0.44088673418227453,0.4900689244626145,0.40239451230217105
93,0.4401475824924651,0.6236484121003303,0.5600758176848639,0.6004748316778644,0.5361167804659832,0.4794234247074806,0.4864184261745205,0.42996745180450485,0.5088609668298228,0.4528840791832279
94,0.38561457504054797,0.6585861595176201,0.5989230134611915,0.5488653576352842,0.5214683314385506,0.5139831998896325,0.4847693484955482,0.4258387017176862,0.5334548317431435,0.5233011001989603
95,0.3854505414451906,0.6769415490310825,0.6111635915707236,0.521126791068928,0.5106470326986918,0.5367469227332554,0.4794339849660631,0.43342256956371455,0.5436712165042985,0.5566965425036995
96,0.3927541075843884,0.6855098873507113,0.6049957040811745,0.5189877595618078,0.5112096151364627,0.5395708950348939,0.47576776670921295,0.4367009951281788,0.5429084727985918,0.5560553820087175
97,0.4038011637083626,0.6977837593744769,0.5952245411253911,0.5164416127571501,0.5123030507467029,0.5432858558028169,0.4702939639594938,0.44158296283304416,0.5414011889735156,0.5541103427220808
98,0.42060116143675585,0.7118634574470825,0.5852631262621673,0.5093582860034951,0.5099886893609058,0.5528165430987491,0.46311029319047375,0.4498985210721474,0.5400298550738313,0.5562611233338842
99,0.4740111239396265,0.6898724653942055,0.5856280538245249,0.49505809191120786,0.49381430663436576,0.5748144209314789,0.46151547501984136,0.4675892245870144,0.5309858684695468,0.5622902712609045
100,0.5155619359919922,0.671261042868875,0.5785323429865556,0.4959408208214437,0.49233562413393406,0.5758871271972911,0.46248227335068376,0.47564803992232485,0.5201296925840222,0.5509193365708955
101,0.6443137490917895,0.621878061146481,0.5582553865464227,0.5150552924135361,0.509904849045861,0.5501538752885652,0.47305360673200164,0.4855469462840384,0.49502114368394756,0.5089212500111373
102,0.6656338175428541,0.6168612862559597,0.5507213879807674,0.5187245772325857,0.5176247341889515,0.5426573569427067,0.4743568300876548,0.4848030037426843,0.49501392356851565,0.5075923918738637
103,0.7567946101993385,0.6010633411015286,0.5322499350014888,0.5408223088627063,0.5526874366917529,0.49470182051786377,0.48352108457920984,0.4757236049953372,0.4953963060690669,0.4905651723732664
104,0.7733595423282257,0.5987290261651751,0.5243602993306111,0.5501346105267964,0.5719238789860265,0.4677123321696948,0.48535040197773777,0.4668861996670575,0.5025367571393881,0.4914384472366382
105,0.7267961674809393,0.6027542113343337,0.516040111857413,0.5579743243185463,0.5897371015396483,0.4412149517829892,0.4808550943972716,0.4551779653544514,0.515303764788954,0.49325806385015175
106,0.6983487360530042,0.604125861571066,0.5182730643712078,0.5520312532168359,0.5977958913766986,0.44258401033739087,0.4778408447374926,0.4543985478624232,0.5216292650375599,0.5118703646666609
107,0.6739083878840955,0.6044639082943707,0.522772468857481,0.5427775758516098,0.6079587389111946,0.44673245882537,0.4742214836774428,0.4565660992249101,0.5273057198286187,0.5384922415233244
108,0.6507505819155658,0.6074639967869219,0.5262064596694863,0.5358292138430218,0.6143320791053017,0.452679501760577,0.4695439478431111,0.4606070730893794,0.5320054249050612,0.5582120991488597
109,0.6251633026874438,0.617414501410243,0.5266224155006101,0.5328708947324732,0.6141135857019845,0.46405534539315435,0.46314106380870773,0.4660770277929152,0.5385771349918967,0.5662077798356213
110,0.5997915533190084,0.6336287013742835,0.5284995494512029,0.525411460635036,0.6145118776818461,0.48471475395500063,0.45207117623207044,0.47981448095033224,0.5476747267742417,0.5817745807580397
111,0.5966958058889026,0.6365626909629996,0.5293851958447563,0.52343358894488,0.6149279922938833,0.48922905890408,0.4495149342076916,0.48358729232926095,0.5491360532898667,0.5858826885096409
112,0.5792874633151411,0.6660964263307764,0.5237364670397676,0.5260698276908004,0.5977982767100368,0.5316932461343952,0.4397803313567764,0.4942402800185439,0.5724773389583621,0.5823573188500014
113,0.5759434260955204,0.6910630303512465,0.5163180652213895,0.5282062425541404,0.5763460019967299,0.5793490635576051,0.4346813588224742,0.5055621748572936,0.6031060876818625,0.5827074009504424
114,0.5792998845364553,0.6950159196916752,0.5143581868621212,0.527574855105264,0.5718355633437195,0.5904270541700994,0.43392587811198313,0.5106522909436417,0.6095368348635858,0.5823709640135534
115,0.5830045359228546,0.6987315037894924,0.50909038332044,0.5292431228316762,0.5566473914988712,0.6170893199653911,0.43723613908723963,0.5152935471167014,0.6287023212473721,0.5835425112725741
116,0.5964196206347822,0.6592031857631028,0.4982748725854077,0.5324957507784331,0.5225322399432322,0.650203836151389,0.47146560755117356,0.5102098383001609,0.6545526774140639,0.5904801948874866
117,0.6056098793735655,0.6397053089433062,0.4976966508037162,0.5309944666598618,0.5214218679989748,0.6435483088246307,0.48654777597526144,0.5053048152983957,0.6441375106903703,0.5896475519966363
118,0.6082528039955326,0.6374152152348939,0.4970292986956537,0.5299381707416342,0.5223113767592494,0.6411984585405319,0.48979021889120233,0.5073542284265447,0.6400443347746627,0.5875026909462292
119,0.6182693218843796,0.6215789100240976,0.49867315950377605,0.5274268126717472,0.5265155634748753,0.6283857692603326,0.5042258821758738,0.5006033010335724,0.6228349505770728,0.5881208414860284
120,0.6188290779826406,0.6197982896105255,0.4986554196948162,0.5253347653237955,0.5283892808198476,0.6231936430867383,0.5109363474288224,0.5077262882366147,0.6148103374467807,0.5868746530358654
121,0.6415058120067283,0.6007679989024226,0.5085534715428937,0.5177532491183978,0.5495146766981513,0.5872632276928366,0.5364969666435282,0.48683613758132305,0.5713186820378812,0.603141485920119
122,0.6553119416322696,0.5976378040402377,0.5168454756169507,0.5121336995326949,0.5697529726229182,0.5614637024494621,0.5474009257765393,0.4775382467487319,0.5471778910720588,0.6206919427296334
123,0.6634129271037547,0.5973347893125166,0.5263874411564672,0.5058656089890751,0.5936011429016266,0.5326481352110061,0.5531864991630064,0.4743109112901444,0.5281661752447763,0.6429324076527375
124,0.6579921870525655,0.5951850012604281,0.532248707336797,0.5032138687527008,0.6044595154232428,0.5190963835793874,0.5531339126744307,0.47734509630526256,0.5220259801448541,0.6575418421764306
125,0.6364636950199806,0.5865661161083228,0.5386718992205146,0.5055385673498708,0.602485317224057,0.5242687906132797,0.5528346617921486,0.4791440293076803,0.5193981309649827,0.6767419352053148
126,0.6026318405456875,0.5903205813635921,0.5428392287118308,0.5020785296069101,0.6146309232509288,0.498977567760752,0.5159722375350881,0.5297386501205257,0.5513250013156497,0.6588843410605512
127,0.6028765061421812,0.6152531296366424,0.5316762143530217,0.5124998320594436,0.6032227522065465,0.5339078405433819,0.4832262274282916,0.5528216811828204,0.6042307560257325,0.6077531975743298
128,0.6067624910140323,0.6225197708352792,0.5289208272575997,0.5152577098162394,0.6003137883709605,0.5465478793989377,0.4770306168591368,0.5568185816969595,0.6177857384294102,0.5955460668455348
129,0.6213955210314283,0.6414608577751333,0.5183019037208266,0.5244452073446912,0.5909735549018965,0.5863239455826753,0.4683125347416189,0.5622694746525203,0.657132636304063,0.5618986379302318
130,0.6298588959959259,0.6418244241913669,0.5191000661369929,0.5232286888117842,0.5896622397351591,0.5972376614988192,0.4714194136060593,0.5696050093174276,0.6628259504959255,0.5489696582574043
131,0.6340925691001734,0.641236316587439,0.5187793772587453,0.5233903010550105,0.5880549259141866,0.6047409292480824,0.4750142462859454,0.5724614553340066,0.666763891203671,0.5407358700611901
132,0.6336546742505765,0.6341090691022251,0.5104851533181317,0.5305911652421426,0.5747802662251822,0.6274408835692419,0.4944903050553307,0.5667998501013863,0.6803096541690794,0.5257928233044581
133,0.6292680405316526,0.6211176748075844,0.5095878234046319,0.5311127200734668,0.5672058442140896,0.628863153222894,0.5169769604291826,0.5668230616668845,0.671394017444045,0.521622009891367
134,0.6005286024326418,0.5958410552085609,0.5058433116898662,0.5376109156108517,0.5439451812176721,0.6145391815118402,0.561010238192011,0.537245526784357,0.631707055668403,0.5555186959889007
135,0.5885189583020423,0.5914740355677264,0.5086736783048584,0.5389927818504175,0.539735129530711,0.6015599688095681,0.578304595542727,0.5214487861307153,0.599195002798859,0.5861471392418817
136,0.5771083823956881,0.5973729838350753,0.518952370589232,0.538098940711156,0.5515708846507651,0.5818090622950141,0.5957423268656469,0.5065375837359849,0.5432864718476113,0.6430130956567471
137,0.5558393448468196,0.5911019913507487,0.5295995781666085,0.5416933823651694,0.5509891665070294,0.5862562774789345,0.5987250226904739,0.5119589373188519,0.5272809275370408,0.66957490410028
138,0.5478525156689327,0.5888057627109826,0.5340555747818657,0.5425694237384926,0.5513982224195029,0.5880459778102417,0.5991836645727222,0.5155688694913424,0.5205494672263699,0.6797120704259765
139,0.5264886092966936,0.5811276065501599,0.5469802012315593,0.543481410190444,0.554953875112715,0.591565125063587,0.5960815376248785,0.5319936016596146,0.5051648134611554,0.7036040960976165
140,0.5164342477914357,0.5742911822751056,0.5561669402179197,0.5387588089173074,0.562953441710621,0.587150088903141,0.5858703606071358,0.5569343294167166,0.5052755054376973,0.7095723624480544
141,0.5127481652870577,0.5690112007910756,0.5601948594656926,0.5359748870704816,0.566206453672612,0.5842833319318667,0.5771929504949996,0.5701582711755652,0.5121215983690777,0.7067051049952265
142,0.6081612555382994,0.5645099983103503,0.5367814297801101,0.5239881089606111,0.628889833760524,0.5749993751045975,0.5318334633857061,0.5909277512532451,0.7019053826478537,0.47469498804560634
143,0.5832084152103866,0.5551323091183596,0.5245351558755772,0.5386137055903025,0.594734679926703,0.595435069654039,0.587370684110971,0.5602573846402562,0.6759612746600216,0.5024767133961532
144,0.5632517303509779,0.5543041026321879,0.524103596414963,0.5440523948217487,0.5722465824175641,0.6001034458411272,0.6023885352274622,0.5489320438920894,0.6463984811291706,0.5401452632292562
145,0.5466850182372056,0.5540460585995609,0.5268323512770297,0.5477920899107115,0.5561538037201961,0.6049880149174025,0.6120611398280442,0.5447278784492762,0.6192950461474129,0.571433970451692
146,0.5213875759363278,0.5522720892060669,0.5342960419208813,0.5543793788153031,0.5350435127446771,0.617616358974286,0.622183476362367,0.5442887812220157,0.5814604403410825,0.6138496862095612
147,0.5100786235306386,0.5526442619577066,0.5374712313420835,0.5581799306753212,0.5250156909188289,0.6248875734368631,0.6237674132006968,0.5441622244707142,0.5651416780926041,0.6317969412972885
148,0.49689168493297675,0.5494448319926853,0.5430144451838552,0.5623181076255692,0.5153330643954861,0.6349997539726773,0.626363122811691,0.5473186572069286,0.5495509291313745,0.6482770577041629
149,0.48714626077086237,0.5509486320175869,0.5454040551545055,0.5660328067961905,0.5065841359656138,0.6419752751442805,0.6245999862284768,0.5479715894776387,0.5362842060742071,0.6620656251940025
150,0.48042326287443227,0.548841644266818,0.5483597867347171,0.5683152500993939,0.5018372177640815,0.6476101412957945,0.6246519913947937,0.5499165282675259,0.5297559807311025,0.6688928320176908
151,0.47438128560931964,0.5439947505723589,0.5522236736980913,0.5702813541753912,0.4982014586150028,0.6535348784819809,0.6260192397881433,0.5524041640539255,0.5258123136438596,0.6731550576143072
152,0.4414742022426613,0.5511767501788764,0.5557455664909624,0.57344853996466,0.4909853593136394,0.6674808378969268,0.5968204200691205,0.5851884387050986,0.5041565140185474,0.6939425464144617
153,0.44210619958258385,0.5454988337597143,0.5534693223316994,0.5616331118548543,0.5173619890114517,0.6537797367820372,0.5784598109164405,0.612417252594292,0.5317484303129237,0.6691573760834438
154,0.4502931038529727,0.5313371549448715,0.5527925095900385,0.545552082737798,0.5525523126150512,0.6348583382792058,0.5550015535648405,0.6320382185797225,0.5699090469718604,0.6308668433176992
155,0.46401623471960607,0.5204563949019638,0.551353219150904,0.5304481070021937,0.5864269244290745,0.6118168978807835,0.5395189256522572,0.6395514980152894,0.6018041371248386,0.591962679311047
156,0.4886020117598602,0.5062766008023106,0.549486412232067,0.5091018944564021,0.6358624966714084,0.5729134164972828,0.5275180325800318,0.6390253668815998,0.6420394989209415,0.5298140332153621
157,0.4941079802665098,0.5015076777888053,0.549905796347771,0.5019948027232614,0.6485309126514189,0.5645284183503719,0.5251141767718055,0.6368572823962898,0.6483960117599055,0.5151947027008607
158,0.4995179802551066,0.49690508223605717,0.5503622751681854,0.4946838746048162,0.6610176647674736,0.5559646011380889,0.5239291761848861,0.6341786132340343,0.653587035553218,0.5009299518551675
159,0.5263591961404738,0.4824703570380255,0.5492285805626287,0.4775862066622975,0.7071054959581522,0.5135270539635379,0.5427992092043439,0.6177456200107305,0.6817396335521672,0.4342016121585581
160,0.5329508648168064,0.47814295424797326,0.5486164938215928,0.47105010370892236,0.7182999668281832,0.5052064802436618,0.5598282069441776,0.6100213166074401,0.6830007939829621,0.4195806986093443
161,0.5352598926826663,0.4758685627769816,0.5474900382627149,0.46432663037080657,0.7229705367040362,0.504537820942627,0.5805456792852721,0.6043691560983923,0.6762642213264246,0.4172520006365776
162,0.5345597126013586,0.4753290093413898,0.5471566229558399,0.457535568902923,0.7244713526503602,0.5060147249219609,0.5914963200260667,0.6045595509489281,0.6667975618232446,0.42093721370834775
163,0.5335145640479787,0.47536765167606204,0.5466557915062435,0.45380981359030276,0.7242408959290365,0.5082628976382867,0.5986940800354059,0.6053405568591395,0.6598322560485725,0.4248346319293914
164,0.5297431704026484,0.47555914939949395,0.5461560933761254,0.43725140011200897,0.7273473445892864,0.5104044661676996,0.6117557455408928,0.6159478253200852,0.633027475358004,0.43580612079022113
165,0.4431278235166109,0.5186166915288787,0.5042961021728445,0.5487060114345632,0.47000228557115975,0.7226623575552058,0.6237089226387468,0.5595432382498479,0.5224182479147599,0.6090144918213484
166,0.4241785606969404,0.5218614097664788,0.5092452791902956,0.5618117659695565,0.42196305738594964,0.7594909759439326,0.5730588291889521,0.585146656648385,0.5134931033702909,0.632965441477121
167,0.44551842745386533,0.510838422838685,0.5220750474888031,0.5261029611669042,0.5184043668531435,0.7159078904695274,0.5371666151764309,0.6127357833093412,0.5517905190932995,0.5909403805343121
168,0.44801928487341053,0.508039001387023,0.5233601076035789,0.5229919859919531,0.526063064116624,0.7157583899184784,0.5289345877700383,0.6112806022413416,0.55491811538121,0.5869155435133572
169,0.45641916425928886,0.5005598062965185,0.5266781189598903,0.5114931750752552,0.5543340847505297,0.707904970661036,0.5079408388922975,0.6073211870276882,0.5639909201340149,0.5722793795714272
170,0.4793057551535417,0.48872320787656076,0.5337571043198202,0.4713141674049498,0.6527478995942,0.6373253009155828,0.48704025794860106,0.6055508579725495,0.5850251709017699,0.520578309127904
171,0.4900874605251574,0.48367753515734635,0.5362316337715048,0.4502158681989009,0.7001074358480415,0.5916147726517368,0.4849712237164129,0.6023327366581138,0.5917267297928033,0.4939961456817039
172,0.5093930355503171,0.47563510396562647,0.5344313591758479,0.41333057382403815,0.7925658166559272,0.464393710336531,0.5649734020776027,0.5864583517980804,0.6029793797725242,0.44617675429696013
173,0.5031675098836338,0.4801931038327683,0.525558388553108,0.4050542190082777,0.7906331476731812,0.4789874784539197,0.5796141587885922,0.5867040011319632,0.5845791476471899,0.46138405624775375
174,0.49898666280923293,0.48375469133260773,0.5187915741955966,0.39895675983287665,0.7894410440612911,0.488874554635039,0.5840197652740992,0.5902255693395813,0.569695457311831,0.471383206704246
175,0.4932611860939376,0.48609963835113673,0.5113797214767037,0.40496771219202105,0.7740011882180778,0.5170808823042266,0.5945845822499285,0.5891505576149599,0.5561334055589916,0.4852387841394887
176,0.4892533123937363,0.48734541833465267,0.5058986936970801,0.41112404299864613,0.7586970266139396,0.5410365791376595,0.6001211447898791,0.5877115474933766,0.5462157958938506,0.4950723570391767
177,0.4584554832050147,0.48677485065360504,0.45869605994685625,0.5188819467931172,0.39331840989484423,0.8071885040757495,0.564990189535942,0.5216058512333805,0.5092522192901331,0.5834086400048447
178,0.4683621891105964,0.4844077480855472,0.46262228929460636,0.5154392196092221,0.3900449967981956,0.8209415317971915,0.5295877847588448,0.5274096877496504,0.5324524383741018,0.5823323171518701
179,0.4817716995030111,0.4842913630361024,0.4777665457983326,0.4866313386386506,0.49418975343854443,0.7827194424819733,0.49257849344326177,0.5446712023657244,0.5588526417118359,0.5554798553723884
180,0.4833916808525371,0.4841437319993516,0.4780887990926402,0.4852891049235669,0.49901383825316115,0.7824842596725764,0.487761057722228,0.5430120305882841,0.5601860111119726,0.5535822698272316
181,0.49132621735138754,0.48552012975347475,0.4842528077993962,0.46820687832178115,0.5606139600936088,0.7517153507351789,0.4673725657337412,0.5429212085489514,0.566772951088379,0.5353971584772755
182,0.49421105655668435,0.48606072708975756,0.4848788913870895,0.46408741308297374,0.575323178132957,0.7448655060195435,0.4589072300539958,0.5396996029907094,0.5681938460117638,0.5304510917153393
183,0.5056426416558925,0.5007970709491713,0.5012637615756066,0.4080147852457223,0.7556394721472033,0.5622381169225932,0.4527257054704039,0.5477351612153238,0.5588840107025267,0.4864853211217637
184,0.505737784122071,0.5038182358189381,0.4998746262253978,0.40292622027154806,0.7699912562287419,0.5412908176498776,0.4540650579201781,0.5458546572571678,0.5547237199063064,0.48546481695922744
185,0.5009823176011491,0.5139154042441954,0.4990486330710819,0.3846424436635483,0.8361006079811967,0.43793101372621873,0.49742019336655263,0.5459756877751625,0.5271201533465392,0.49511463153180046
186,0.4911335836411013,0.5067636780528247,0.4867341571101747,0.40682703407040793,0.806252120818839,0.5110848669041528,0.5396458238217777,0.5274486701414426,0.49514984716017196,0.5238788448471838
187,0.48912887602806077,0.5037325453596724,0.47410863789202196,0.4190410680915095,0.7685618875209587,0.5712322088061031,0.5433535963209637,0.5191004325777794,0.4778662298404113,0.5375095414917558
188,0.4909119297755606,0.4936359743017478,0.46390978199037874,0.43810319275716547,0.6959253018741842,0.649050212598597,0.5453468859368394,0.5040825911750106,0.46831340896478896,0.5472457031068078
189,0.504395678813042,0.4728657596416195,0.44700224949280193,0.46908487136510907,0.5205654097713726,0.77298055803862,0.5276406553992243,0.47587104549661347,0.4786028089194096,0.5584044636726653
190,0.5161991061827922,0.4655545197192631,0.4420159116726813,0.47545996688057396,0.4578392623198324,0.8091923735606407,0.5084158155791747,0.4672464938456779,0.49509114764705336,0.5587395641824128
191,0.520091350822366,0.4653486508951622,0.4415156869669766,0.4748954285834132,0.4558267132622688,0.8111563332254109,0.5026772129788505,0.4657632673673945,0.4967119350193814,0.5577907813719851
192,0.5277950962602742,0.462314266869293,0.44020846496636135,0.4754877345517782,0.43597974812478546,0.824426174684802,0.4899689749220647,0.4619813476390663,0.5070599382849352,0.5551765351926082
193,0.5343164199397903,0.46080377089259233,0.4397039763768602,0.47470703672749703,0.42898498707868804,0.8308481056273332,0.47940451529479616,0.4588294984939808,0.5138741792588112,0.5520053560114995
194,0.5409788008507782,0.45720277262807624,0.43951253295702336,0.47394088211026597,0.413150502132318,0.8487683512011795,0.4649677227504816,0.45616884225238014,0.5319086307803141,0.5458302590745209
195,0.5525613880137454,0.46128132490408497,0.44243553121503315,0.46230705937984706,0.45032577978388044,0.8634833693168248,0.42624860323510727,0.4482244938148224,0.568127745179936,0.5234232068910465
196,0.5542280700389981,0.4695740659999709,0.4446940414950796,0.4551942146540028,0.48911254819891803,0.8519007289221786,0.4129295048723095,0.4466156198863029,0.576328831724854,0.5138055341908153
197,0.5462701813765624,0.5178744122125204,0.4522468050823279,0.42839210454451826,0.6459557814606436,0.7090832900442264,0.38733341707088786,0.44517122661464154,0.5687735889454516,0.5005912150187413
198,0.5439686057972556,0.5272010375298355,0.45141537032789203,0.42535217180626916,0.6673743710784728,0.677121810295596,0.38372606900808803,0.4416823059077811,0.5642848262777636,0.5022395314465327
199,0.5397168737533793,0.5404329586247661,0.448021552796091,0.4237199614385402,0.6929744947809745,0.6324682074724082,0.37943716444465897,0.4345408447007479,0.5570780519325104,0.5075155655683495
200,0.5387296615502797,0.544178406416445,0.4430135992492147,0.4276805999601121,0.6937441214910646,0.6273376772864308,0.3770202047419874,0.42707948742132,0.557284158391496,0.5106424496365166
201,0.5037961486489483,0.5821105707002232,0.4498296690471813,0.4189738036229298,0.8445818794315672,0.4000477356641205,0.39265354563132465,0.4216777753798859,0.4539793772557964,0.568436008504199
202,0.5054156025819767,0.56429275986749,0.4482931235648216,0.42561838490865517,0.8566299426156051,0.44707556467571674,0.40570413350722473,0.4155587027302399,0.41913518417278794,0.5851952459476911
203,0.5240108441600336,0.5312255855638413,0.4460537701805306,0.4346571807411737,0.7958119544900307,0.5509651773275976,0.41590031469916594,0.4097574248074492,0.41297692051598606,0.5888469111791356
204,0.5316030695389206,0.5222459712931248,0.44416708562483265,0.43780859331767563,0.7678568186221747,0.5792679048030739,0.416376354190476,0.40885866357236095,0.41662389475245853,0.5885729611785103
205,0.5486085871574112,0.5033153525317977,0.44158958409267224,0.4429787971898263,0.7014399114724823,0.632321241299463,0.4163008527787645,0.40752983781566976,0.4305227904991211,0.5847932210641164
206,0.584455450643877,0.4442428755211286,0.44252673429040745,0.44625463954326516,0.4900895496633227,0.7852294254876822,0.4147367258723387,0.4038691652513753,0.5195742630202504,0.5517272196952329
207,0.5874819574622476,0.4481184205119381,0.4416294340134036,0.4413048183792489,0.4781501772377096,0.8623400128966332,0.4027303104989212,0.4043343515090033,0.5905288419235286,0.5100798618354555
208,0.5827244894833501,0.47563572297990925,0.43910218296745407,0.43888594829375793,0.5305441116624203,0.8419585741137868,0.3952161060438581,0.402654325275636,0.6005440860602653,0.4979436142026657
209,0.5779871079572365,0.49774834214517755,0.43625600143979065,0.4394669358654599,0.5676677069081372,0.8083408188284099,0.3917001777289055,0.4002033807928623,0.5989743644600717,0.4962263744456619
210,0.5435893262293413,0.5741014546231125,0.4277257758598868,0.4478346565922796,0.686799385774029,0.6023756214876725,0.38403136167241636,0.3974140243478771,0.5523717566670275,0.5273311158753053
211,0.5326157651129234,0.5881935866203789,0.4251978803108871,0.45344821818568004,0.7122504563988448,0.5475125071881236,0.3833565157840939,0.39586573133267144,0.5335610914515847,0.5411369440882644
212,0.4996713477875655,0.6082150140909712,0.4238321779069578,0.47390026870589774,0.8067237545036168,0.41116023616339065,0.3812078905838408,0.3934745563649726,0.44485231606906894,0.5934276404267456
213,0.4974224380024701,0.607805003491057,0.4225918241834258,0.4897303264597635,0.8067779897874866,0.4091472825081843,0.38138707825279344,0.3914319696181825,0.43957063701580135,0.5988258081610979
214,0.5316184950429297,0.5620129439230759,0.4473510524930049,0.49183197508179327,0.8041739348641239,0.4906979625811559,0.3809874964303324,0.3918379149055424,0.39128331733499283,0.6165797497713891
215,0.5761548221931628,0.4998231663577979,0.4767479660735513,0.4786913790675423,0.6917135172914032,0.6099469908263838,0.38341993403070684,0.3914668516316513,0.4283373603722529,0.6034182566419174
216,0.6096902103357069,0.4268554211121359,0.5040191927961108,0.46174660505882453,0.5106065709164663,0.7838442983778184,0.39069004356625614,0.39062147047673806,0.5578133413251704,0.5422926212013598
217,0.6114368748426718,0.4303999264733125,0.5025256431826765,0.4618553144878447,0.5095692211689629,0.7820389466828263,0.3965656512425956,0.3946700293088204,0.5583958508981286,0.5339358512882966
218,0.6117172398346867,0.431205092061335,0.5022399080715237,0.46179866205913006,0.5066842623983887,0.7875853567558795,0.40010771027653264,0.39607644474138987,0.5634983047031679,0.5280269558832172
219,0.6096018545178218,0.4406891879904859,0.5002261049341036,0.46323312105805575,0.5083507887843678,0.8204595184479592,0.40685084179040765,0.396334195995632,0.5929188743331554,0.5054683699313807
220,0.6017953723776952,0.47655111969204567,0.49003495134184405,0.47079066985739476,0.5457016991422966,0.8172091672471433,0.4139334640658692,0.3975389750123614,0.6077609828484981,0.4923941544686362
221,0.5905721342303829,0.5165625607278181,0.47668243027621154,0.48698141741961326,0.5865252169873484,0.7696012919979611,0.42810781615807136,0.40277875019069337,0.6013126614975397,0.49728003602769116
222,0.5399091913485276,0.6022706946676736,0.4402334966825409,0.5186262519422359,0.6845745540102911,0.5679605448280729,0.4345841218412281,0.4143845314145145,0.5318869593053337,0.5488331540549221
223,0.5150186319157437,0.6188249843658566,0.4313536571858704,0.5355206239305509,0.7228609638128768,0.48383484511756836,0.435587007606156,0.4217083630072777,0.48541574695489087,0.5777636048432889
224,0.5109984996538721,0.6193895381567412,0.4321951864669185,0.5447140863468656,0.7259677636464124,0.47358890698548994,0.4368838603197477,0.42274408829238797,0.47888027730000693,0.5830040869908576
225,0.5023396650613031,0.620108506574358,0.43262018083815235,0.5544040272730252,0.74434520562399,0.44369601414787135,0.43646346669018515,0.42731150264195034,0.45117811724180795,0.5976832184780566
226,0.5008914200261206,0.6192717628977673,0.43498500374137733,0.5640122530360799,0.7419185991249323,0.44052365788002473,0.4374501388693777,0.4274531004186928,0.44950108363516994,0.5999807829661866
227,0.5048831467638639,0.6066423651226182,0.44824047749116536,0.5737279087318562,0.7597968703112531,0.4317418841882358,0.4340272901452232,0.4347043398200584,0.41155305703166223,0.6166742495850387
228,0.5135854102309526,0.596443437897928,0.46045529887239495,0.5839171114974353,0.7532923875961813,0.4410494166382148,0.4325369127042592,0.43662757208901104,0.4034842721534196,0.6200966381288651
229,0.554266517579364,0.5541507753686598,0.5024281824485418,0.5730631184614705,0.716612551189526,0.5113503557510111,0.4249754993458364,0.43982750236767365,0.4105968764966245,0.6158431852616547
230,0.5720111027343187,0.5319957562203431,0.5230678218743976,0.5637661413758243,0.6867497796639855,0.548366252740359,0.42153561972409914,0.4390932643579991,0.4276629142034249,0.6083667314950311
231,0.5856463119577541,0.5130446705062028,0.540841083817721,0.557777055891906,0.6547682807583538,0.5800755743624668,0.4204553391673137,0.43856192872289407,0.44680126801973047,0.598266991999557
232,0.5916890028038323,0.5065637060135936,0.5488705060983283,0.5619092092087458,0.6339768235635722,0.5939026904289976,0.42478454857367637,0.44045387919281465,0.4555814436049316,0.5893294198885036
233,0.6049241821343446,0.47838280394639654,0.5772587588262729,0.5473407551451929,0.5828374860925694,0.6442364862402427,0.42582997684196944,0.4388749527298444,0.49400962625334915,0.5657963300732375
234,0.6048713440661807,0.47990175086651005,0.5777799022551203,0.5506099319110991,0.5770497721301425,0.6461947099521944,0.4326535265688769,0.4423888254931766,0.49456608410027136,0.5604781706497305
235,0.609757242448488,0.4600440446810134,0.6041117125533915,0.5359489342707233,0.5415782374197685,0.6886660963689274,0.4315101343092616,0.438577706138509,0.5334247262114942,0.5365496899333613
236,0.6079709337130418,0.47031949011092083,0.6290454372294368,0.530969103512176,0.5315417530346899,0.7260331245706851,0.4452094643481452,0.4427341976295252,0.5818614205199933,0.4988675200432518
237,0.6075600945094495,0.47226228314172286,0.6288062128975168,0.5325078594237759,0.5307898706093808,0.723568775148813,0.4526951996925079,0.4475572193931915,0.5806334116797222,0.49719410780776147
238,0.589111002649679,0.5471734962253493,0.6007481156943786,0.5573162334800638,0.5926572400014164,0.6680951697856079,0.4675529839955645,0.4585615640529734,0.5796779415055477,0.49754330129451346
239,0.5539722528136314,0.5963728796587889,0.5505325049556224,0.5858448916858585,0.6410272390424311,0.56860483785237,0.48341263383761246,0.47581120906290053,0.5409848691134337,0.5254679860357332
240,0.5385380396119541,0.6033062720722965,0.5380698205606813,0.6035315127321974,0.648199789388299,0.5333961554374036,0.49281126590127844,0.4853926643449888,0.5226385783658544,0.5398094726274414
241,0.5124081580841604,0.6121495723915151,0.5093368455554224,0.6300482305707137,0.6646262812756211,0.47392711001007143,0.505486698514056,0.5003570138976153,0.48371367474705873,0.5644903455096755
242,0.5003667343945879,0.6081128002253385,0.4924806920034555,0.6531972018131856,0.6743659775361553,0.4406994071199763,0.5156689445527085,0.5134021202138812,0.4464961709341069,0.5844262573793275
243,0.5174451267382074,0.5871027085254128,0.5014708872178865,0.6634672821409565,0.6666857596811192,0.4557016610599889,0.5175003535981578,0.5182516948276271,0.42636652955305443,0.5935932867522805
244,0.5189140461786713,0.5849915910850713,0.5084891852197445,0.676001132066921,0.6537389465069516,0.4535807756473166,0.5190584223451408,0.518011655695616,0.4266132753578413,0.593119026905477
245,0.5203602478770037,0.5832866804712546,0.5133726855615348,0.6840021941499415,0.6447357491296174,0.45269932331558704,0.5199882370817422,0.5177355209021809,0.42689168617840595,0.5925876207063234
246,0.5277436428068079,0.5769939090321284,0.5215059383123115,0.6892659189265534,0.6325819792031363,0.45970813320278964,0.5194096245684741,0.516332020855079,0.4279279965471418,0.5913641365363936
247,0.5829903952707286,0.516607944215629,0.5838238038040352,0.6333220862764015,0.5693876972637486,0.5553932431753565,0.49301703714717976,0.49470968173314506,0.4767968176257749,0.5649179394273921
248,0.5850205303879209,0.5201636236590464,0.5876033156566426,0.6417829126323926,0.5497473564825381,0.5528733938713752,0.5024072770520598,0.49907657981380515,0.47765348015535825,0.5544862658935396
249,0.5864144108475856,0.5196282108371192,0.5907665880174666,0.641252112234329,0.5426856461351917,0.5543892063089811,0.5040330603686596,0.4996017283927786,0.4798641258880833,0.5503304695445319
250,0.6031636541592879,0.48961426640599076,0.6991240638765543,0.56296822415195,0.5018245823069255,0.6131207515496901,0.47858282339792985,0.4902059972057316,0.5586297739875714,0.4975372920564291
251,0.6027060149339667,0.497033351412087,0.7076670405599588,0.5619131264913808,0.5042282244966823,0.6093351493422925,0.4839526962106879,0.49641730676648815,0.5611474268897243,0.4928006616843427
252,0.6018276339769554,0.5059874228830066,0.7134733980901752,0.5625948703369676,0.5082513882815003,0.6032044438287717,0.4897067465378841,0.5030349208520546,0.5615900915939864,0.4899149574158548
253,0.6012183848730397,0.5114229337059509,0.715165169391588,0.5646339853844635,0.5099248183458385,0.5965688974852789,0.4991132698074229,0.511931697228907,0.5581981995515333,0.48899510444127003
254,0.5930027268940482,0.5455063727918612,0.7055837437680996,0.5740911664647133,0.5319167174312993,0.568332487253729,0.5053966810048581,0.5223028737073783,0.5507129965090429,0.49340684376769445
255,0.5889605450506411,0.5523543920812702,0.6989083013439488,0.5795017600583262,0.5353070232644478,0.5568363801214705,0.5134586750276275,0.5304604671918468,0.54338681301803,0.4977047172543373
256,0.5842172673624095,0.5585450729672533,0.6900832811142027,0.5852995452788238,0.5380668823783554,0.5454583419269059,0.5209830401447012,0.5381207106242358,0.5353556520612021,0.5030337606126182
257,0.5323118801036086,0.602174107785336,0.5857173331424891,0.6513876128570115,0.576964419314746,0.47083463098063655,0.5606991566997964,0.5741108819770988,0.48292208792560054,0.5386249732059335
258,0.525277022921364,0.6006578427890941,0.5791487234122448,0.6643363702353874,0.5736502545776644,0.4651063883318241,0.5674751224330397,0.5796839616513496,0.4765436887657886,0.543940690217367
259,0.5095004452830053,0.5923169698976154,0.568994056100172,0.7075995117214539,0.5581486397150403,0.4548787683227959,0.5870527771108235,0.5938873931893924,0.46225307996748716,0.5565313811939318
260,0.506176349365756,0.5861625405901683,0.5733218551171317,0.7237916731979668,0.5449417206368816,0.45467262900827043,0.5912112801669778,0.5964588008359524,0.46032290362486883,0.560437979324473
261,0.5338117369722756,0.5545743638335073,0.5767164942528277,0.7378602598485251,0.525700890666956,0.4804265091840883,0.5950597109581376,0.5807737644713354,0.4789926616154152,0.549264606027663
262,0.5366176890389475,0.5524050772223533,0.5809555892446864,0.7368106243007491,0.5192384204381228,0.4818890942040693,0.5933069668551739,0.5779277725384855,0.4818160410135833,0.5470399653989965
263,0.5598464583583177,0.5341351888817031,0.6029527020401929,0.6832867257993014,0.49899728719726383,0.4991587268524005,0.5717532143708612,0.5543758986218387,0.50725402077561,0.5270413662099541
264,0.5689394027692539,0.5278321354203291,0.6182200379918714,0.653035460407296,0.49177195349525077,0.5036647438502121,0.5627554449411682,0.5478307894547241,0.5180887314302228,0.5166371342272794
265,0.5708724447322507,0.5288528078276087,0.6217939172354005,0.6466214834248901,0.4899233271498634,0.5029520590400575,0.5621242132166796,0.5483483191733313,0.5195772498252363,0.5135595718717401
266,0.5715407571860668,0.5316153555440322,0.622473558714585,0.6448891972984035,0.4890395053235943,0.5013417028424133,0.563084646274235,0.5500245929568494,0.5193009404167712,0.511787188106166
267,0.5798816662252887,0.5247572689984409,0.6470696284639926,0.6100946578601242,0.48600670207019775,0.5031428972173793,0.5556269960212972,0.549745212475675,0.529100404428542,0.5020702537939347
268,0.5803868843527268,0.5262186486725376,0.6481605619033393,0.6080694173130597,0.48613886610672846,0.5022041010556979,0.5562972958830903,0.5513669989014635,0.5288729724043476,0.501086771185563
269,0.5839325772400141,0.5263264625976397,0.66147131446003,0.5933736813941289,0.4860091684527056,0.500760851148603,0.5555070411530747,0.5557447184720148,0.5312719552010963,0.4967885083914159
270,0.5945090424671339,0.5279295988466434,0.7202135344843912,0.5559916605342602,0.48567749341859034,0.4956924369520804,0.5509528184253,0.5711909242262921,0.5357970823884869,0.4898266802255166
271,0.5959225501307245,0.5325424952922573,0.7270972758276907,0.5513881009490311,0.4867726615223488,0.4929946977966776,0.5519208666952171,0.5769490861971176,0.5326291155009818,0.4904394025479219
272,0.5965680584222367,0.5362225559917172,0.7291182329985662,0.5484376419764073,0.48789260347913266,0.4909809225612551,0.5533595478545126,0.5816359460740718,0.5292712910207581,0.4913905873007516
273,0.5969414332875717,0.5394417483125025,0.7294208593436212,0.5458885301899864,0.4889612624510079,0.48934299629435624,0.5548142676587012,0.5857889612492205,0.525911524166055,0.49254182911308014
274,0.5970503462102487,0.5422064583902526,0.728514242648148,0.5435712620098115,0.49003117338004787,0.4880337995211905,0.5563238474331462,0.5895149127121609,0.5227185259418875,0.4937503369326573
275,0.5988146452100447,0.5567309036432526,0.7159445128257362,0.5444435045364009,0.48663242720908834,0.4862827823268294,0.5523607663523121,0.5918680889645671,0.5088264297430141,0.5043114309827256
276,0.5968567208860677,0.5611094182462829,0.703071593917505,0.5486689525879525,0.48469734003837184,0.4871763539745721,0.5535260252817146,0.5931516424273834,0.5025295654637327,0.5093971854849052
277,0.5944969875693277,0.5630775396970898,0.692584184741866,0.5529060124195929,0.4828406956156213,0.488717194380445,0.5552368973119733,0.5945669296114626,0.4978253161625614,0.5135746910170598
278,0.5889961591825821,0.5659529569492883,0.6711014952880512,0.5670471009263816,0.4783668104209453,0.4928038431106486,0.5607251456046527,0.5978477420123128,0.4905346307734173,0.5208187651506608
279,0.583791675022421,0.5674766068938182,0.6540156669845599,0.5843142515851266,0.4743103752271581,0.4967987017811051,0.5680991628682931,0.602274108425298,0.48621722666593975,0.5256739097774844
280,0.5775138693462971,0.5656981647115558,0.641521900072643,0.6016119856283414,0.46995265132738256,0.502350096916177,0.5750071573880798,0.6071749903267475,0.48342553503862024,0.5308545949483223
281,0.5746050857525546,0.5631765982196882,0.6384518957745101,0.6065966797727494,0.4680235915837903,0.5056298703830404,0.5761128366444829,0.6085893983831465,0.48276924947292316,0.533680976122952
282,0.5514219616324029,0.565420929171088,0.6112267675948082,0.7215375694848309,0.4616200547859132,0.5158570212096248,0.6318288506510238,0.6394317475263479,0.49128889267096715,0.5316780761070735
283,0.5364614306757944,0.5674085167557564,0.6049026350041159,0.7483780317238963,0.48289954024585674,0.512244956990912,0.6391590551383851,0.6167552016236398,0.518536291205083,0.5134051084648324
284,0.5359972586105186,0.5675415366389447,0.605136238451362,0.744715805666453,0.4854925928895245,0.5125738588904604,0.6363538967966397,0.6130674567334897,0.5203629942635898,0.5124297045888015
285,0.5353346950207399,0.5681653405741257,0.6055973758745312,0.737523956998758,0.49055123725989136,0.5133563047017972,0.6312916630670312,0.6067430517730831,0.523288685726841,0.5108421517366247
286,0.5372256655746434,0.5716044011859744,0.605090044828405,0.6802624683664723,0.514590168137551,0.5024620751470568,0.609483161488243,0.5790760116442171,0.5344352290112732,0.5005914331093374
287,0.5433135957771774,0.5722643265291463,0.6242275203690011,0.6116570185563943,0.5368725944751817,0.4903442735668205,0.5961630900076811,0.5730716342389781,0.537496160771455,0.49559633068749614
288,0.5613688615010811,0.5576660387705827,0.6927394855099774,0.5396803697012785,0.5434226857743879,0.48980150152592,0.5879109046285034,0.5970839887928999,0.5242570241015575,0.5063715809249815
289,0.5673805483366374,0.5563871168173562,0.6997429631970683,0.5266944082082979,0.5395432984656565,0.4965819848851935,0.5815153205182881,0.6031662712488467,0.5155573144179374,0.5131264764446195
290,0.5695263245956254,0.5574501167559974,0.6974571459890836,0.5193356735603046,0.5382210957772149,0.5008897119360898,0.577355854158044,0.6059376000377554,0.5105177256042661,0.5169282693730392
291,0.5715338508444168,0.5589699696101719,0.6909883151777843,0.5100159945342803,0.536421356335119,0.5071261516103069,0.5716047070491364,0.6084886745034122,0.504354988819562,0.5220532360626362
292,0.5740751284411514,0.5593313581871805,0.6692898849070109,0.4950921000852682,0.5289509790813568,0.5236864697238807,0.5589841991536192,0.6095934052686703,0.49391805937481736,0.5342227475204702
293,0.57751031792146,0.5502806984466865,0.6048442122954729,0.7073055832492746,0.4538404782234814,0.5624228862138453,0.6479939134973814,0.6304079596635818,0.5216028879175801,0.5147359743065241
294,0.5724027840290511,0.5483365031256983,0.6071406451684568,0.7085073133367412,0.4645258598771595,0.5724147534366532,0.6409931710437985,0.6263492193672117,0.5258186486476998,0.5158278412609212
295,0.565826407606726,0.5510074620720044,0.6065858686641347,0.7105530465784498,0.47888570683343046,0.5768025827421683,0.6354009989588889,0.6182413437866962,0.5315925427577329,0.5138470236351833
296,0.5524334140295092,0.5662073091600703,0.5975187927912731,0.6999905071352491,0.5103432458166413,0.5652175354845131,0.6252142176518506,0.594741831350461,0.5417414682550687,0.5050010235485013
297,0.5492133002155349,0.5699733059032654,0.5957729820438983,0.6928138224677499,0.5211760353057625,0.5657269046125002,0.6207101000537303,0.5893218781122588,0.5434643013808459,0.5039919352746133
298,0.5473309960766265,0.5721223263625884,0.5953282794808961,0.6877983992803987,0.5302372222442268,0.5711962046119996,0.6168680690012799,0.586859346428235,0.5441849410141039,0.5043575606606042
299,0.5293630152003981,0.6083168045142662,0.5776753166291488,0.6117162740579086,0.5957240362168309,0.549070859933134,0.5996921883291157,0.5792322074465397,0.5425814745329601,0.49918875736670537
300,0.5271131984270341,0.6123463903737805,0.5766662243922498,0.5982957381652763,0.6060034146243747,0.5480151141467897,0.5973182783735528,0.58373334566877,0.540894684254338,0.49974054953619335
301,0.5250268138332845,0.61815086136393,0.5748965026909392,0.5726105343936081,0.6240637937420979,0.550462100656238,0.5912009675930637,0.5945127415287159,0.5362600670955658,0.5019162812800739
302,0.5319055180201214,0.6105172615505187,0.5851613221042541,0.5289085870134737,0.6541839165030982,0.5671871239019977,0.5795358294598532,0.6098659971385356,0.5263286328716649,0.5105377581840964
303,0.532138597204591,0.6131487782213115,0.5807066672920987,0.5230153863821122,0.6566126706113108,0.5712646030734599,0.5750622813112657,0.6119082749471968,0.5244262294910299,0.5113710957029945
304,0.5814081092354029,0.5676707923871019,0.5991080524760689,0.4860068037565687,0.6347323230199753,0.6072944077770968,0.5622378064343887,0.6087618293606372,0.5071450859094881,0.5285241539150225
305,0.586471574563812,0.5627832957254971,0.5951162144592801,0.480219015997736,0.6265664523016748,0.6107679575377467,0.5594820280821957,0.6076528459910916,0.5045312096560925,0.5318284060615386
306,0.6086063960503907,0.5379486774503708,0.5887657038703094,0.4841331440917214,0.5751317003864789,0.6122950562468396,0.5677213978609139,0.6042994046766257,0.5010274299544698,0.5371530007611612
307,0.6208777355220733,0.5143025852830313,0.5793301153281633,0.5080966063503336,0.5213985629450816,0.615489170222824,0.5856973978102108,0.6036150877234685,0.5048154627754221,0.5389140742273476
308,0.6203034076189621,0.5096628697344826,0.5772306421142276,0.5141479535122201,0.5143238656244619,0.6194520733409299,0.5865038667918765,0.6030833119979712,0.5074488371049194,0.5400713239037612
309,0.6196587337439182,0.5036879015789992,0.5741766293788519,0.5298460484843405,0.503785405868011,0.6282510251817839,0.5916613162540438,0.6010378600449697,0.5134394719145692,0.5386643180447012
310,0.609642173329176,0.5103942383888594,0.5655579261841529,0.5768024968861093,0.5075246739394572,0.652947216665584,0.6049163425487362,0.5862501601669912,0.5316733958556024,0.5252499282852913
311,0.6074040304974395,0.5118376059246801,0.5651412677484666,0.5791902843176735,0.512261515858556,0.6574213320312964,0.6029681631902898,0.5838315049165723,0.5338116033739688,0.5246769460906506
312,0.592620397652737,0.5323594848363924,0.5578241861118995,0.5969383877456775,0.5345476083005202,0.6627728400285111,0.6007480340498769,0.5688222996044691,0.5448614029241459,0.5150277012802689
313,0.5802519427125299,0.5498670557326275,0.5520076242571378,0.6007219405908073,0.5514503527880215,0.6579920873567904,0.5967341230489922,0.5600177511349861,0.5507280936086982,0.5094918151447762
314,0.5759242672659152,0.5548317028461556,0.5505384368320029,0.5980933141994513,0.5591935741519164,0.6589352534352654,0.5933538691865937,0.5577490684105144,0.5523020139117043,0.5088111835852794
315,0.5639037643907706,0.5708275353329152,0.5449888272723333,0.5957984986856412,0.5712516916269396,0.6466229849030093,0.5903521264707431,0.5540542385260038,0.5557225599056194,0.5048951889214867
316,0.5438126065186808,0.5949794442210744,0.5360745107884012,0.5877081415527721,0.5895307991945765,0.6187979548169729,0.587688757254745,0.5544842387584445,0.558146658127164,0.5007471718803521
317,0.5276537407561258,0.6117182337755871,0.5289070309129255,0.5724637228938463,0.6119359627340709,0.6021529893498975,0.5825627900028505,0.5616608870434674,0.5560367281245174,0.5010725190449584
318,0.5218996756414805,0.618838182611304,0.5235701919816999,0.5595448897585997,0.6223036007789866,0.602372513142591,0.5748918528780489,0.5684313609467002,0.5525405336564579,0.5021475494823836
319,0.513087537394279,0.6200728278995805,0.5235310598456114,0.5250717964242418,0.710047797350772,0.6341286747042377,0.5579227434902642,0.5831260766760755,0.5373124761702107,0.517553628900569
320,0.5182000296028288,0.617118631671807,0.5194750182515628,0.5069056033701941,0.7326174735508251,0.6543116090125497,0.5456121203786349,0.587240056125319,0.528089238075129,0.5246338468340538
321,0.5847760318848941,0.5525273890108063,0.5337566957925147,0.47394391409687503,0.6655986686339604,0.626926284358506,0.5490599436551703,0.580600748123553,0.5032171895146808,0.5486383241424598
322,0.601349863847628,0.5302240366483453,0.5334438427732505,0.4703732866913676,0.6142447331826235,0.6069207013485658,0.5546259131341879,0.576784967480264,0.5019682139752368,0.5519764740120436
323,0.6127195587629551,0.4847050886563963,0.5301525280780547,0.48994673117990306,0.5660283959722703,0.6976502706348041,0.556589113354319,0.5460720282821689,0.5294407978767176,0.5475407798194944
324,0.6080930588582126,0.48832007023546176,0.5288779900367093,0.4944541662186282,0.5748977950696199,0.7230313419508626,0.5563307529967709,0.5400772470511304,0.5382645695865853,0.5423147913676616
325,0.5936491640539473,0.5087782514595488,0.523701226737436,0.5056153762784077,0.5840127318217879,0.7403693153440473,0.5588786561371626,0.5306838624594189,0.5555416358153649,0.5268327103999113
326,0.5285568847678318,0.5940299962859006,0.4968928057337304,0.527662427640785,0.5990867862860905,0.621257358995924,0.5575977978542711,0.5368086830215312,0.5723923602509957,0.5010158315846369
327,0.5121390496671776,0.6076716807167256,0.4911237934006074,0.5240327263137151,0.6570617262013606,0.6249979422956253,0.5476446987185581,0.5450285330068807,0.5653995561046954,0.5085672942434083
328,0.505116679204971,0.6121865614648508,0.48604327132005687,0.5106670850944197,0.7362693882953907,0.6600281687916619,0.530770185130615,0.5558095617084367,0.5486568407441342,0.5237814449863015
329,0.5137960312748762,0.601817769660761,0.48744400318731157,0.49975981427969496,0.7894688009460759,0.6758951390800689,0.5228566425714115,0.5600622239545768,0.528756807553473,0.5431471028035927
330,0.5178193583427709,0.5980513188594151,0.4860257647442339,0.49341448121377257,0.7905918186739727,0.6721135797338411,0.51918893729435,0.56190342554533,0.5215566067993463,0.5485201170745034
331,0.5697969261671986,0.5361039481223939,0.49355668707024025,0.4710932333614277,0.6314347098571347,0.5691768420372838,0.5278784086612751,0.5479894806274848,0.5004089496009773,0.5720142259038501
332,0.5783036800259086,0.5200058234410249,0.49422317004222693,0.46731332305686424,0.5935871992795576,0.5727148608604133,0.5317380957577981,0.5406065943773993,0.5042121826612856,0.573176949530812
333,0.5845473587823049,0.5071293160315249,0.49494109853743906,0.464897235531994,0.5720506868425225,0.5925822554165955,0.5363041828078254,0.533537845983732,0.5102365372701433,0.5718071143612105
334,0.5954252424024541,0.4850159848058344,0.4965816431170399,0.4616421261960163,0.5601456061652367,0.6692447924413201,0.5478410649518085,0.5188194449457929,0.5285522595704611,0.5608526254816598
335,0.5933405737888853,0.48372300550948366,0.4963079242385358,0.4618038156357168,0.5602937262684635,0.6820095508554986,0.5475710166364309,0.5171064893202592,0.5308236232680179,0.5619781519863222
336,0.5878423847055724,0.4830937914582204,0.4956389889458019,0.46268677896552074,0.5592778856269486,0.6970926349714098,0.546538496391234,0.5153148184969054,0.5327544201495251,0.566322694361255
337,0.5888538335911399,0.47634694324495686,0.4962741468307045,0.4613065022685796,0.5652899183829238,0.7491141650326062,0.5528312341068379,0.5083692046052883,0.5472819947902526,0.5561362355735437
338,0.5852832475079227,0.4788823010880328,0.4960452962299068,0.4610489742129236,0.5683807481750931,0.7833894675270896,0.5580314552001941,0.5034719612064135,0.5696033589466916,0.5327225393470738
339,0.5837729026375986,0.4795973779153085,0.4962338962431608,0.46095557330068515,0.5676103373798224,0.7831425755260125,0.5577179837395669,0.5036652374238771,0.5709425218460097,0.5317847732886456
340,0.5672608263986839,0.5052775169431045,0.49407687723919835,0.4642436188702047,0.5490909301702028,0.7124536655586946,0.5496678491323995,0.5120524945847136,0.586852056140299,0.5064729272305235
341,0.5597202846621769,0.515547706088333,0.49390019373947236,0.4651379608209508,0.5484176338364243,0.6799741455789788,0.5436987536826892,0.5177843624727927,0.5886488644973022,0.5019846396074431
342,0.5263633586644674,0.5598114688045462,0.48755160472195724,0.4760418991368727,0.6410339317221954,0.6131899913617213,0.5174881587395794,0.540989655900137,0.5843241808398436,0.5051732459209796
343,0.5197014247807361,0.566522914492285,0.48785340551791384,0.477427658047612,0.6798005226014388,0.6201843007823086,0.5107402600275394,0.5481566577227641,0.5781907003954607,0.5106557488849991
344,0.5023911712821653,0.5809283254152082,0.4813225923477903,0.48935909482806045,0.8063868774103166,0.6496872492491264,0.5024492324916723,0.5560132709956594,0.5525354031787845,0.5415222328173486
345,0.5014512046499026,0.5802584196989732,0.4805504582339141,0.49222097344989896,0.8163484285283671,0.6472643047063411,0.5033088378498214,0.5565321998474704,0.5425552036913517,0.5502693026022641
346,0.5054718762901034,0.5721631802608009,0.4779127703152874,0.4989570211659691,0.7818369305128625,0.6126308331175254,0.5127428727785632,0.5500721579254892,0.5197620188964442,0.5695919844329296
347,0.5075660762699279,0.5668147201132999,0.4779274113667601,0.5033952250489633,0.7525129809686633,0.593171524632247,0.51972720059029,0.5462823096479934,0.5123745346897706,0.5757011533913152
348,0.5088747526426693,0.563681631863251,0.47786927898594345,0.506125670004432,0.7338468282140944,0.5841666304218399,0.5247241792450277,0.5433235585075119,0.5091027892235002,0.5785775911425729
349,0.5212126394477297,0.5470604682819131,0.47737290576956043,0.509378463448741,0.6427139355328223,0.5681585208671847,0.5447224329252772,0.5268269826662781,0.5019948267114509,0.5854784720642927
350,0.5310113725509333,0.5341740894389059,0.47872296306318823,0.5088400248278778,0.5949539152606654,0.5847850046033051,0.5567192233592837,0.5164265145067503,0.5038937388641587,0.5858825790799612
351,0.5300404351342896,0.5310541211679526,0.47863760859745075,0.5120486771389904,0.5838057822661211,0.601020395210903,0.5627414607419937,0.5134442063070622,0.5057299590083804,0.5876609350596718
352,0.5355480625992586,0.5178310194634782,0.48091188117439926,0.5128848561415295,0.5542590357474642,0.660511364874333,0.5761940109953423,0.5048064861505756,0.5149426894345098,0.5863437712453854
353,0.5534668054720782,0.49769133623578404,0.5188738948138628,0.459436332956936,0.5672218103523619,0.6621744015961961,0.5176642788345043,0.5565468462410081,0.5905864110625706,0.4985505464657742
354,0.5010520031352133,0.5618346239379725,0.4913001647776983,0.5050915069835121,0.8005439891077637,0.5982915436134688,0.5110212259291292,0.5635247757403745,0.5301456069840551,0.5690648918963013
355,0.5010347144748449,0.5606977177839023,0.49170988042517794,0.5096189748632425,0.7926812193689687,0.5946574723560539,0.5162220775854466,0.5617039505505271,0.5270836373502387,0.5710588995230746
356,0.500724784422151,0.5549613618074275,0.4859790932278025,0.5286208480456158,0.7203967496086491,0.5843535814706645,0.5484776961223548,0.5421331034736957,0.510981658726996,0.5846999227639759
357,0.5027535645167794,0.5484137279499,0.48216794507353966,0.5395740434383964,0.6532831041074512,0.5942299947609646,0.5731973561715932,0.5251439418419135,0.5055841496475431,0.5911152484705263
358,0.5015192775140466,0.547461777804933,0.4829788761974184,0.5448398969964676,0.6478820033766001,0.6003413746211625,0.5799011760310678,0.5236489846403114,0.5059941487657824,0.5921966023062258
359,0.501876172890217,0.5448767444815111,0.4823081427587982,0.5496681845856394,0.6250325880542972,0.6123959134047704,0.5897755628860156,0.5177587881884814,0.5062235563228829,0.5937070617587422
360,0.5072969558082405,0.5341600768248453,0.48274836272852023,0.5556575875154108,0.5587747490996682,0.67099564075965,0.6105688181227369,0.5025561597786311,0.5138323154194282,0.5931763975526536
361,0.5301053593494842,0.5043976377191836,0.5118553048288538,0.5344559045322677,0.5452439586727201,0.7951622162245741,0.5949357281858414,0.5208201683852813,0.5555660608585831,0.5578507756272542
362,0.5300047867589947,0.5027424411723119,0.514828878642346,0.5318162875926367,0.5456115605925371,0.7991964475371401,0.5908824428143713,0.5268503678527877,0.5595219453536168,0.5542419140614364
363,0.5316439906195028,0.49917491584207685,0.5210340553958397,0.5249388816444717,0.5509737149807462,0.7965904591883514,0.5807891907926478,0.5383574854054642,0.5668678342202652,0.5457203325742199
364,0.5385320004498266,0.48982748808235466,0.5401675311326434,0.49716216343075414,0.5813108033555755,0.7348026648764018,0.5390152606048502,0.5762648054508288,0.5869477140473989,0.5165191663063218
365,0.5411842149003321,0.4929477348491661,0.5591046160956177,0.4637862156791692,0.6938766100679518,0.5618124907032499,0.4717487298744893,0.6253228284210899,0.6011833145490272,0.49471378566598606
366,0.5415439017144562,0.4927176337241394,0.5605884158569618,0.46832651861178065,0.6995424198382152,0.5584169265313188,0.4718499629945236,0.6283416027684785,0.601489724233897,0.4942108942836086
367,0.5220201989082985,0.5236659228012878,0.5379786176462822,0.5063490848433293,0.7924601030395032,0.5598738375726281,0.5297309605689876,0.5926712297244572,0.5611989745495363,0.5457311683860823
368,0.5184778771436288,0.5273314060275881,0.5331095912363589,0.5208223292119144,0.7754954202306872,0.5674674174336664,0.5499797756153251,0.5800758100162647,0.5512792399188114,0.5555307424381981
369,0.5116822263555021,0.5333806703030746,0.5232669043827393,0.5399825103196827,0.7342417208233122,0.5852155150709267,0.5813832379108008,0.5574959362461968,0.5354073885358233,0.5709748503371815
370,0.49378261260774264,0.5424780221241208,0.5041615658846195,0.5789029576863844,0.5481654243778218,0.7028023792935337,0.6409146219782021,0.5010220169430816,0.5062568651699643,0.6020238577535403
371,0.49406550061162235,0.5403196811146384,0.5097899048118688,0.5835155759973277,0.5235830609371552,0.7444914596920577,0.6391179566991806,0.504636568620685,0.511361213349364,0.5995273331054677
372,0.49411370121518555,0.5395746332540627,0.5128402600235913,0.5854861731607748,0.5155049196253831,0.7617154599705473,0.6365050953816286,0.5095294531150467,0.5148916550002537,0.5973382513125366
373,0.5386733918055306,0.49393538726698316,0.576659794472415,0.4931266602101622,0.6627608575377768,0.5995990604948261,0.4769727110294313,0.6400592827958317,0.5996674158445481,0.49768391361643977
374,0.5405908737452295,0.4945645308930593,0.5776806158523106,0.4981589895176094,0.6871452094612239,0.5693869029475547,0.4717066023265561,0.6492878916958832,0.6050121787509916,0.4931725774770605
375,0.5416621301679332,0.4942712289093624,0.5777746807954737,0.5001861260353112,0.6962785759093243,0.5593312954869581,0.47128894649819325,0.6510287188611874,0.6067816556469302,0.4914849592742275
376,0.5413140122056022,0.5028575255394023,0.5637211385546745,0.5261119403041733,0.765995073863741,0.5376948847900501,0.5529413806951535,0.5988478758808584,0.5799014032586224,0.526848572946659
377,0.53943708143867,0.5059871784901321,0.5605696364917155,0.5386838188163272,0.7510390666769756,0.5464143648703425,0.5718894021031692,0.5862055565374569,0.5727514780258753,0.5351473156650297
378,0.5275136192393132,0.5202296765483245,0.5460411200161225,0.5616802262146419,0.6909451703096542,0.5915618999249288,0.6221403141314285,0.5456774189370469,0.5458308738026171,0.5646884984458552
379,0.5103565774111992,0.5383283613881468,0.5357289050382447,0.5901394179430848,0.5880539172210595,0.667004998129392,0.6651732668131026,0.506574531568467,0.5157550542008071,0.5936574179811817
380,0.4899426616970465,0.5542681826855711,0.5469142575639238,0.6138676276975866,0.5126482401900462,0.7476189112758976,0.6538317909974035,0.5161707548260912,0.5018182909254625,0.6062636166717957
381,0.4881254855112496,0.5569852375693769,0.5612521489739103,0.6180482822743649,0.5125300851066391,0.7605172083787118,0.6258752127010511,0.5473420948537346,0.5104145053139874,0.598080955725858
382,0.4886151179755287,0.5596086226511062,0.5634550903708613,0.6197221396621236,0.5139024046505793,0.7568618540593849,0.6150496964768515,0.5605605370218326,0.5148585193324295,0.5936408021942053
383,0.4916443645496034,0.5597705409323668,0.5699237581206142,0.6165202138008459,0.5284775638986835,0.7433482312883799,0.593466409815177,0.5835689133750778,0.5254317199039628,0.5835727273346715
384,0.4919722681447483,0.5617448709933995,0.568859836574266,0.6173708094331098,0.5292270255826583,0.7380723992517777,0.5908277739178203,0.5877047325137035,0.5271955752844406,0.5819550448661891
385,0.5197902809716819,0.544154068582857,0.588182339814246,0.5705223813069968,0.6278013878496302,0.6341860383429275,0.508979350954457,0.653300865438707,0.5748602378480636,0.5322614368884198
386,0.5327020803748367,0.5351829637724511,0.5914184672076921,0.5498310479266297,0.6668880669259185,0.5849266079020264,0.48689667510063217,0.6660389626154868,0.5914828230918359,0.5138339871829443
387,0.5383434056871358,0.5341060327204441,0.5906166894418033,0.545322896240067,0.6830815931995374,0.5608468877931333,0.4825591164330128,0.6697929027288229,0.6004333537271633,0.5063233486115504
388,0.5666328635813971,0.5035243024340762,0.5990278691077818,0.5243632805228302,0.7394594930712358,0.4866190347137583,0.498479047602104,0.654906129538432,0.6174381176179301,0.48664309344696455
389,0.570059723087947,0.4995258142967132,0.5988844656922092,0.5315880212624556,0.7371612557257499,0.48436379300968485,0.5159435783382615,0.6446498479700388,0.6169023086632317,0.48987562634182796
390,0.5726004776489488,0.4946186021082423,0.5944120724520142,0.5468936891220431,0.7130650428632079,0.5125186967925188,0.5774139627572472,0.6055683416785225,0.6012595352494212,0.5132731938370169
391,0.5727672449832069,0.49566597880408947,0.5918416522884132,0.5600863254639127,0.697024128586669,0.5208940253217668,0.5933996688753855,0.5941165658051627,0.5983947426410453,0.5193997581277024
392,0.5729399771284859,0.4969353999695436,0.5893139351011907,0.572266460116062,0.6814093985074773,0.5286967942552545,0.6069560928483793,0.5835422409592291,0.5959679502793634,0.524564746496264
393,0.573305538062689,0.49762721957819744,0.5880713103070614,0.5795973663559784,0.6728773311627176,0.5313810975610557,0.6128649433990152,0.5785615728800135,0.595543190130933,0.5263781427195734
394,0.5253790604162467,0.5591858002049763,0.5756656437046098,0.6175778737942359,0.5058290170155788,0.7024141781579428,0.6705761624726252,0.5113934427821811,0.5012416426361143,0.6131847137364825
395,0.5086940844336543,0.5800022935596443,0.5882274999311153,0.6354164467613904,0.4980430308596365,0.7034679479829893,0.6323838679142928,0.5521170193252696,0.4987098779185166,0.6134651075565618
396,0.5315945438370422,0.575567853959609,0.6031610271721184,0.5867959209447482,0.6404934560027169,0.5580989566077793,0.4867908749956577,0.6716827897346023,0.5783896873415456,0.5419033795159168
397,0.5323748266654573,0.579493829557324,0.5999454774284505,0.5880448001754297,0.6394325419036819,0.554373391315464,0.48818681624287186,0.6700595308986381,0.582144207092268,0.5408275235715996
398,0.5439424825351347,0.5782680201168037,0.5950094949449355,0.5814646520484403,0.6545561285555854,0.525550772317139,0.4807116518688378,0.670752127109518,0.5973948163488968,0.5264004959034895
399,0.5847841897700592,0.5400224989904449,0.6002670893562149,0.5699969466556363,0.6874534521638475,0.47050738243107637,0.5077397210122719,0.6484309102130031,0.6206238797047471,0.49690780019346875
400,0.5897669824403444,0.5327695330522677,0.5982045572306603,0.5814769666064397,0.6766490907921368,0.47278078855939226,0.530151635419557,0.6330087980482697,0.6225218897267171,0.5014043383898648
401,0.5934145885652262,0.523995095067601,0.5961163695893762,0.5907657468562796,0.663054709664671,0.4845803695583685,0.5579727210513588,0.6137800348327676,0.6204944269458008,0.5103731518475666
402,0.5931726990440138,0.5254663098937404,0.5933203124920436,0.5979750085926117,0.6566269603255676,0.4851733441109081,0.5605515497499252,0.6105613449348343,0.621716598763976,0.51232549908773
403,0.5954051178070712,0.5154711458918668,0.5889140422529828,0.6055337321575364,0.6323896624120552,0.5140920994928136,0.5998892517768138,0.5802040463233192,0.6125983759895665,0.5308124537289715
404,0.5954615549983358,0.517163361016318,0.5852808842561379,0.6145295356036554,0.6219647267307477,0.5172666985921667,0.604525833519293,0.574071209304816,0.6133904504384525,0.5343862078275684
405,0.5954330424779049,0.525276835286625,0.5741910449571757,0.6400054234406929,0.5964768538250319,0.5182158074199225,0.6072295481107399,0.5636733812551821,0.6184134101278835,0.5404357616433015
406,0.5965378558577964,0.5236489954798313,0.5708374219313846,0.6437163210065817,0.5852620609616813,0.5269653653219017,0.6163905248146775,0.5532840474707582,0.6159717412668412,0.5470923202876788
407,0.600678058326445,0.5192141652211406,0.5661895195900744,0.6438656743890521,0.5573702983570935,0.5529534150142493,0.6389265814929216,0.5268255149589014,0.6042627442163017,0.5654010831550543
408,0.6036696527266827,0.5179266947618828,0.5661879606043688,0.6397020326759209,0.5412460445993847,0.5682389971733096,0.6493814678176641,0.5130243328605137,0.5939254550813192,0.5763131085683528
409,0.6063339907249853,0.5189765998752504,0.5669291044288753,0.6372780421393162,0.531012118881038,0.5762786872241324,0.6534806839096019,0.5062223195029832,0.5871859173040164,0.5822774786416287
410,0.6088231656545388,0.5207579980783095,0.5670672526414015,0.6367112867832738,0.5248469430175973,0.579796321072709,0.6544750624819887,0.5031682075667244,0.583866856097902,0.585051929725281
411,0.614288508225999,0.5254227421631794,0.5739479296244938,0.6282475453587053,0.5103724481125647,0.592058773394977,0.6573975020444807,0.49657573900308405,0.5674576018309643,0.5944749685984145
412,0.6152082248792938,0.5384545275981296,0.5990798820318998,0.6138185476782311,0.5003968997310199,0.6023304336691202,0.6500152566577275,0.504581129442485,0.5390434335757813,0.6053883119217355
413,0.6122145600188269,0.5564181004253921,0.621427862843429,0.6059922022094987,0.5058933117068146,0.5991369301435111,0.631111333266079,0.5258934254496652,0.5252723149515445,0.6075909899864297
414,0.600304009307601,0.576935433379611,0.6422298945442179,0.598359774540039,0.5245819262745959,0.5839622365374195,0.598807920246029,0.5588195812860985,0.5253715749247295,0.6051676682645323
415,0.5899999912877808,0.5917749165190533,0.6476376881823521,0.5914339272234354,0.5432298423039746,0.5664554329676427,0.5705733702230752,0.5818905829093309,0.53686079030901,0.5982047577743644
416,0.5689006720574724,0.6105699238243333,0.6455055848403495,0.5813464685029036,0.5714944984717624,0.5301270429711327,0.5220399352466789,0.6155290396061776,0.5624610218565043,0.5825955160905053
417,0.5649157859502768,0.6231115286075353,0.6326122011991046,0.576109733122493,0.5825866973631845,0.5097765566497227,0.4996691281650128,0.6220713987461738,0.5830041482039797,0.5665489037581342
418,0.5765655043899962,0.6520274900124848,0.5566843547082094,0.6511119221084197,0.5636649470897888,0.5003386224904127,0.5169641014362245,0.5885264948810326,0.6138178254818438,0.5509729494867273
419,0.5828684393161696,0.640091684414707,0.539121652080792,0.6712474066776526,0.5443648676610878,0.5177970463038155,0.5380834561671812,0.565654074082166,0.6130410471277153,0.5728056121554179
420,0.5891702719249482,0.6280792974751939,0.5311072212631743,0.6785840842180886,0.5324641692866889,0.5284382120069246,0.550497651446289,0.552016431169194,0.6111060925871316,0.5882441983214061
421,0.6002514741846294,0.6088260859348531,0.5259148409619451,0.6812127454721163,0.5182638060849273,0.5410131421502832,0.5650857148259842,0.5360233273472552,0.6065870188133967,0.6075819926958708
422,0.614227391380329,0.5875387121065457,0.5278103823743462,0.6762666700821875,0.5069148042837343,0.5509925692443691,0.5775705921442775,0.5227290121028147,0.5995692273941389,0.6232793518120211
423,0.6629670028723206,0.5397981225065084,0.5715289022238975,0.626873587780734,0.4907718481667475,0.5676837497690158,0.5973252476612453,0.5018375951221333,0.5652730704212428,0.6403865528156668
424,0.6782556487341387,0.5380968021810453,0.594142490659544,0.6036164736697686,0.49492153812152695,0.5681889417274323,0.5943744947296872,0.504696724627452,0.5555468697255392,0.6362109792472677
425,0.7022324083212018,0.5603787082628201,0.6013451531905382,0.5795577546218005,0.5095752198097437,0.5714617927980105,0.5816594843570739,0.512156397483483,0.5509707176823158,0.6298841440021461
426,0.7111975462847675,0.5742348305262686,0.5984192550358389,0.5689900585729364,0.5197402838489065,0.5730373691863119,0.5748630658561412,0.5159353341245171,0.5517054425394746,0.6243319555864358
427,0.7068216905316012,0.5792506525981633,0.6115797686549461,0.5506864985137717,0.5371635469117524,0.5634675864021523,0.5657943138793134,0.525213000519577,0.5615910370596413,0.6075286147884519
428,0.7078122393063129,0.5931983038004072,0.6036632100788829,0.540510662251522,0.5475135465760645,0.5639292869312008,0.5594090243064371,0.5274690882216889,0.5665123271070523,0.5968206873166303
429,0.6912612158022786,0.602369618365252,0.6031875244006512,0.5239106678246389,0.5664523068811043,0.5529756049965313,0.5479502034797625,0.5352019698185821,0.583801970652471,0.5714423425011226
430,0.675067781692308,0.6047649373568283,0.6033800785032377,0.5165217090774927,0.5771773787684742,0.5432250948378623,0.5407317995104419,0.5403992583788169,0.596326321409782,0.5545786849799307
431,0.6653381953085632,0.6073536379138763,0.6008047146509646,0.5121771365659716,0.5830573369605958,0.5380875626953785,0.5363491730568133,0.5425778633272446,0.6039771708963215,0.5435811818300511
432,0.6632278562709168,0.6098567224814818,0.5967564614023102,0.5094816164152237,0.5850621223274223,0.53785932865462,0.5348127593590697,0.5421811242898681,0.6067185870615026,0.5385750318034538
433,0.6095777501645846,0.622258978282333,0.5922068703631022,0.5095347193819709,0.6043901529222113,0.5064240967653388,0.5154089581181927,0.5551945112440568,0.6373495288495552,0.49851852553228726
434,0.5838616296377077,0.6491346056048495,0.572833595092926,0.520473922337124,0.6100715775063645,0.4978950692116135,0.5057043991606371,0.5525413602291438,0.6538673356303325,0.48255755536992057
435,0.5725739592190461,0.6771906898322564,0.5540923203863799,0.5420897445593702,0.6075727502916238,0.505699122489836,0.5046452069340204,0.5496114202526047,0.6460929151913565,0.49737954583420135
436,0.5691703185574315,0.6859218683126225,0.5462430737506208,0.5510649185416434,0.604500289207096,0.5121436965212316,0.5057938445002926,0.5470578041045199,0.639972147748517,0.5084779932393144
437,0.5619850832394323,0.6961176341362959,0.532872686653752,0.5667062709856229,0.5957003058073763,0.5266618173071147,0.509663351751672,0.5410194543481994,0.6256455194350963,0.5341678504647687
438,0.5465699807128023,0.69647531508575,0.5161560147910532,0.5869328387645584,0.5747160914930495,0.5507238789425418,0.5185149385104191,0.529215957632104,0.5991626434056944,0.5814886849487713
439,0.5433149227978452,0.6964557370618814,0.5153131290761086,0.5882649235665222,0.5731727464187811,0.551743306578705,0.5193421802138748,0.5276758261776087,0.5983086035012404,0.5854833165439783
440,0.5371480647732308,0.6915036556300164,0.5098444493440802,0.5950776623472589,0.5618920185493429,0.5611029348886519,0.5233831700804458,0.5223698569353318,0.5858128303864335,0.6068927669394328
441,0.537608380342953,0.6746103107558097,0.5024848256463771,0.6035954687700822,0.537422428532331,0.5785997497915677,0.5302825881243398,0.5144569010009118,0.5588595270785474,0.6437874329806308
442,0.7182662747628518,0.6239631566485663,0.5489989042863994,0.5431519362455008,0.4838325861922787,0.6096442623416775,0.538447306161756,0.509076537624054,0.5358837936486676,0.6641963613742953
443,0.742551598196724,0.6244249166562464,0.5739426183310893,0.5018641554060381,0.5233409769209874,0.5902900486469571,0.5290788968042682,0.5221391468485387,0.5932289310771741,0.5988369612962265
444,0.7353722052207529,0.6251661898240634,0.5748283787933861,0.4930079776483375,0.5357735082756319,0.5833178306019131,0.5258096104733673,0.5263460780313333,0.6084554891129129,0.5777803081712118
445,0.7265602372537914,0.6237236695733658,0.5759002243602741,0.4875366049710889,0.5448860753998659,0.5770713997610746,0.5234486620880172,0.5292776517865476,0.6196297709279954,0.5619239257242052
446,0.6031606272357511,0.6152246245860175,0.5762671034916415,0.4799117951877735,0.6059057404643012,0.5137658168534277,0.5092513653369759,0.5437251757041964,0.6860512318480407,0.45726326325181593
447,0.5414580243769946,0.6638769460779347,0.5482738430959068,0.5218078042546515,0.6167122640376572,0.5068218021261545,0.5140769268481351,0.5354825837272642,0.6720712364968118,0.4871314549266517
448,0.5124552000455306,0.6821832074125642,0.5170172178002385,0.5649785035234086,0.5860924804971213,0.5456262260200907,0.5297866555625849,0.5167553122841854,0.6043084803364387,0.5932086454636578
449,0.4852125456488781,0.660132917993592,0.5117539803434477,0.5801719564155206,0.5521834725750512,0.568900606802587,0.5435692439279448,0.5038069749423414,0.5584881487259398,0.6636795653575135
450,0.48738649770031706,0.650057987135864,0.5105777834965294,0.5836295883592391,0.537696499732892,0.5775574629449037,0.54726214780966,0.5004425238603913,0.5405696185117235,0.6858219899755258
451,0.49941838435195934,0.6383262873055181,0.5100369400267238,0.5854062114684534,0.5204063313202867,0.5873596200647322,0.550475081851663,0.4979084264373384,0.5218301722760881,0.7072108925454441
452,0.49579903201738357,0.632591598844743,0.5139278541162232,0.5850622850758105,0.5165454460833566,0.588015441163309,0.554014810494612,0.49673736135911695,0.5181873471620179,0.7165442198350496
453,0.4935000764765456,0.6301055613144952,0.516155627442284,0.5847961546428474,0.5155311769714233,0.587775161735915,0.5556968696071041,0.49629014472868166,0.5171162668970033,0.7201476559197592
454,0.5223184701441665,0.6207695442273259,0.517043251825425,0.5835652672189197,0.4997949447522169,0.5963997462086673,0.5567217791921368,0.49688557043670206,0.5047783731296646,0.7339220712859992
455,0.5229704390162365,0.6163989113520325,0.5209991080747635,0.5819161126101645,0.49925106778669126,0.5954993230281656,0.5595900290564263,0.4970553489295115,0.5036106678645915,0.737886834342472
456,0.5630359797283928,0.6094719224161187,0.5224510710140808,0.5776558727570031,0.4869859410608706,0.6023759743034282,0.5579009432453733,0.5014527916760662,0.5017309502437198,0.742105507173264
457,0.6003110632706301,0.6034865583112349,0.5245722263173352,0.5706866301498625,0.4808917629014773,0.6057214905157937,0.5552043430805138,0.5083764841983199,0.5094158163260648,0.7370825390050326
458,0.6576871700693598,0.5916712121698903,0.5282679473934755,0.5547272075912202,0.4784276234061166,0.6075185185910541,0.5431266186073909,0.5253796330670115,0.5476589430209229,0.703915985048374
459,0.6585379943379454,0.5917908029231083,0.5269920814976042,0.5528182926849081,0.48096738280975065,0.6057454722092057,0.543920735880691,0.5283481798044924,0.5479186678568813,0.7004552915249681
460,0.6646568070428817,0.5889141663351708,0.5245417147987665,0.5458350943359724,0.4873848258223305,0.60099875239204,0.5416142074525904,0.5390222867972434,0.5596150955717399,0.68069244923047
461,0.6667416389594589,0.5737082073001261,0.5248895941636152,0.5358783524405117,0.49575137405976355,0.5951765249881924,0.5292708437251652,0.5540670544774476,0.597154561743756,0.6372618147871696
462,0.6248193157431865,0.544621395933349,0.5292348163532701,0.5184304105498077,0.5262362711321649,0.5734450079887718,0.5059074210892066,0.5778530375309441,0.6682014831953721,0.5213196299603539
463,0.5727127417916457,0.5486306922919361,0.5329852810283768,0.5130548007446409,0.5570591541626627,0.5501283212307474,0.49999644296471735,0.5896504149541508,0.6988239546996802,0.43476343348748464
464,0.561927937832912,0.5535488533662052,0.5334260522388433,0.5139665506273785,0.5628443500998912,0.5452343751846239,0.5015491232073124,0.591694518256366,0.6998191901159388,0.42389963947402964
465,0.5142191825284053,0.586773809658795,0.5420833402082963,0.5150606970748676,0.587004790638826,0.5261183030852161,0.5257983612931131,0.5834048777542192,0.6915412276507978,0.43138168747246836
466,0.5055005616566539,0.584954212442338,0.5448898505334762,0.5210038206146081,0.5848987420930857,0.5239388003359483,0.5307775883238031,0.5867394063786937,0.6820973428633099,0.4409974635311838
467,0.4768519396185121,0.5941202875919196,0.5539124942246325,0.5244132946358705,0.5882775053151212,0.518298412152299,0.5526421806612795,0.575905881087601,0.6570642779453453,0.4887680577148504
468,0.45743766469680275,0.5954318704971105,0.561410251871422,0.527485185484642,0.5875464920036662,0.5163251460302867,0.5674438150829764,0.5660337688088105,0.6349345697577145,0.5274680537018582
469,0.4497517935760561,0.5913551393218047,0.5649808583488243,0.5297507930552539,0.5857974653924393,0.5151306692325572,0.5705957856030642,0.5665626366209457,0.6283104144943635,0.5359948794593503
470,0.5760956839899078,0.5927678645277015,0.5529230005021957,0.5654501984923092,0.5137326911980797,0.5675753164188438,0.6031935637852243,0.5241720561987937,0.5199101690930047,0.6724971478613887
471,0.6060714039639954,0.5900515682675758,0.5421422841348565,0.5637787395335334,0.5103984632222546,0.565761634133905,0.5982356168706526,0.5433717297826418,0.5400131991902458,0.6471405155697327
472,0.630142349417125,0.5692564590603639,0.5120916692739261,0.5657315195685216,0.5036051298865148,0.566884417516408,0.57082032143823,0.5860392702268988,0.5921955056160776,0.5738597192991468
473,0.558384298538732,0.5166800300704014,0.4955076587112432,0.5682012531659832,0.5171705718542697,0.5558476015233055,0.5007320550748036,0.6241767831018327,0.6589955205856248,0.42976389961664135
474,0.540015908020774,0.5204941371046578,0.5035317066083367,0.5648519607181884,0.5248349096184293,0.5500104792918296,0.5027036659156189,0.6265121482179751,0.6541545193038943,0.4260507987110432
475,0.4889799355626797,0.5444317938076656,0.5435994553652932,0.544883731443918,0.5479990261839611,0.5309806573500081,0.5522425355358571,0.6196571558048755,0.6195620499607413,0.4837599851216978
476,0.46130851338349593,0.5480004991631603,0.5684232231295836,0.5356799184703257,0.5551504522276883,0.5213842186960487,0.5835650627080441,0.6052960085795492,0.589601962328561,0.5356746160201871
477,0.43584985086921957,0.548071021353638,0.5995469925152064,0.5277290552203106,0.5608695566063825,0.5111052054887955,0.6135079966083744,0.5677535645716613,0.5494053924133768,0.6023320774817712
478,0.42577894977534103,0.54067294774463,0.615328937348559,0.5280380446667327,0.5610718239315209,0.5065388091826319,0.6210040290846262,0.5499363725115259,0.5314559813167582,0.6281451563676687
479,0.4202876382848996,0.5339745402388736,0.6227731799136086,0.5284823340250213,0.5610047219119927,0.5043804517545635,0.6228040237891819,0.5449287770370735,0.5251551236827466,0.6366863065700614
480,0.418441760075133,0.5299270298855214,0.6285340894771128,0.5289057726330146,0.5611165479617102,0.5029870310220909,0.6241351006691445,0.5391445176642808,0.5203095413471944,0.6431842340239265
481,0.4196826020433548,0.5265922082153802,0.6351855660889412,0.5298874360118225,0.5612973564637622,0.5017373799963954,0.6255341202498071,0.530128672956061,0.5149597929046793,0.6502160306956398
482,0.43409957350228495,0.5173418180629451,0.648263623847767,0.5345915572726617,0.5618878761217008,0.5005921864454121,0.6276537560050638,0.5088589026014619,0.5091141990728913,0.6578977369029178
483,0.43399243756062134,0.5082608790666836,0.6526841994491792,0.5334676841657284,0.5634335485447565,0.5001135950812164,0.6279584118860102,0.5069624415211361,0.5093792740924947,0.6582134596636104
484,0.47960791810015224,0.4985925851465844,0.6389266307425235,0.5597859600216203,0.5560771060976697,0.5116986565089235,0.6317682274153573,0.5093722072109929,0.5313917164367574,0.6218925791383155
485,0.4812699495022537,0.49507135928495377,0.6391970051446,0.5589035065617839,0.5576054932230925,0.5117797026712086,0.6324149316318287,0.5103151508840883,0.5324331723720406,0.6196151025639721
486,0.4966912287188867,0.483084248399,0.6190727522316468,0.5711446662431648,0.5535641957640125,0.5199412615102564,0.6335887092936424,0.5296384821826992,0.5495795768568232,0.5903806003926473
487,0.4991842476822471,0.4796473863825639,0.616300792868638,0.5712859571990271,0.5547534632941229,0.5209833841279924,0.6340823723119088,0.5334380454934718,0.5512096276275977,0.5855425061365208
488,0.5098759295626312,0.45265799481983005,0.5458305633713423,0.598459335199706,0.5362711575555629,0.5421778729880636,0.6161662857541598,0.5873823825145839,0.5908191330555782,0.5137119417670827
489,0.49316506028131096,0.4299484353149169,0.4453061062987901,0.6232123778923595,0.5062772559324091,0.5650359989324456,0.541105715971397,0.6295538526295501,0.6264257171790715,0.426360123553865
490,0.4213202184028431,0.46617158247345525,0.5044713886839145,0.60457690868574,0.5172035864867595,0.5538513348272072,0.5513249100023255,0.6390207896826988,0.5886596756329694,0.5015747480051319
491,0.4079752176980065,0.47651173109772993,0.5562433662527443,0.5710314015765738,0.5344331972038117,0.5390470142146044,0.5951525768553766,0.6219703117030911,0.5581073398992801,0.5637261621838048
492,0.4321221892062265,0.48919579088658266,0.6404529324432104,0.5189239770444616,0.564807682574981,0.5083205526121585,0.6311821129598971,0.5218421673059287,0.5147372578992758,0.634304375914351
493,0.4565771930241029,0.47818196787484335,0.6558037209039461,0.5263159331349876,0.5715829404861231,0.5084503071232029,0.6333831029530085,0.4957071504850609,0.5172012198429136,0.6224975118521162
494,0.48270330521813704,0.4537251500514801,0.6336929716429057,0.5636019572707667,0.571033280880434,0.5212986196785848,0.6397430387600967,0.5222820148163848,0.5440263397773198,0.5665017044202008
495,0.48759289016833457,0.44346034788707306,0.6122802703347596,0.5766445301860152,0.5694869956690387,0.529588218057388,0.6389158622934473,0.5447655517037119,0.5553271470057967,0.541781538468617
496,0.4756655137838075,0.41868856356386697,0.4598054911941831,0.620676123395822,0.5372693655048548,0.5645915192590765,0.5616184828290349,0.6288823607535435,0.5978126755180184,0.4371702987303555
497,0.4664563407572891,0.4225955293471479,0.4297111819650519,0.6246307694604378,0.5278202478174255,0.5705702555573123,0.5286524552733424,0.6353137050070745,0.5947090713819964,0.42646169469039014
498,0.4646240735511528,0.4250265525506582,0.42591274328334544,0.6214299366669465,0.5299727909122637,0.5705616897342627,0.5246760483839398,0.636482647438632,0.5824083851928925,0.42803001090756115
499,0.4600422382304164,0.4280973156781872,0.42085567007930624,0.6202283446526126,0.5276729241218928,0.571999791584233,0.5146170334370572,0.6378619311094826,0.5737459841002798,0.4297907920265368
500,0.4239417321670876,0.47141878899916817,0.5441067793792428,0.5670506712943538,0.5252706713832017,0.5690157371920606,0.6022914599994553,0.6359096685000949,0.5277921328435988,0.5480589243129393
501,0.4359002200197192,0.4767922056579684,0.5954485858730477,0.5247024047873893,0.5444162141035818,0.5563987939603379,0.6316966960258091,0.5731365633865335,0.5141999668512439,0.5827371182330593
502,0.4353903493532426,0.46946595858205864,0.5973558565265397,0.5252659588593361,0.5449452739679673,0.5647337049412838,0.6300020773099941,0.5724212654664259,0.5115132722607056,0.5837767794720116
503,0.43553633761378896,0.45734168694953636,0.5986403338832149,0.5269787736349719,0.5451355061937447,0.5804897835115248,0.6264729037470766,0.572536584130177,0.507762351573178,0.584377003413907
504,0.44485738676560804,0.44717865482772595,0.6158436280533971,0.5121650862292276,0.5538724041412234,0.5838595494108586,0.6278200386807707,0.5356966995496025,0.507327803792204,0.5822865818657061
505,0.45392241856729315,0.4344560221336333,0.6379242783746312,0.5118409180965032,0.5708090240200818,0.5708748299384623,0.6277107518506062,0.48930040769071553,0.5164951291338702,0.556638304467568
506,0.45719131893483933,0.4313223975868948,0.6398676130876748,0.5150903970067366,0.5760763033685753,0.5742217111055563,0.6281671565353707,0.4844899329135138,0.5203304922743512,0.5478626154543771
507,0.46102201991544406,0.4287773536815179,0.6413577138045361,0.5229281447646208,0.5853556877073045,0.5771902226635817,0.6291570397058001,0.48278689884761017,0.5262568659495807,0.5324810934859687
508,0.46170467135007004,0.42738055385780765,0.6403428315293864,0.5345864621925961,0.5945693690615921,0.5760226952155142,0.6298598241925655,0.4886142917359605,0.5317005199284746,0.5171444467932871
509,0.45580686361256095,0.42711982406079,0.6109466766757259,0.5783183344711418,0.6207580813546953,0.569702927691855,0.6250428605168423,0.5344534131408929,0.5467568104081182,0.47395322566520554
510,0.456741281799344,0.43053163478812245,0.6064832482977015,0.5781128928345848,0.6252419335177412,0.5725607870965479,0.6232415228503104,0.5391562830929708,0.5448540790629578,0.47176098359739266
511,0.4398727137077252,0.44876136148767176,0.46928563418558916,0.6140125451908116,0.6359744352051404,0.5734073927210553,0.5451609126342708,0.6177595079229813,0.5515514454145272,0.44169354301874086
512,0.4378351154280353,0.4648690241494634,0.42897042947869446,0.6148468961040935,0.600890884171847,0.5863923706629094,0.5019195366327043,0.6321045989538674,0.5350378131513067,0.4729774116490889
513,0.43601253472600116,0.4640411001040025,0.43251042006754764,0.6015977781573232,0.6078869106834611,0.5859551069806808,0.503759067120085,0.6323079435005305,0.5195403684152297,0.47364223119834387
514,0.44173240399633856,0.46525953897769273,0.45986489528700847,0.589976880230091,0.5833304029025835,0.6037732389569943,0.5169251203045183,0.6379597092466236,0.5015841903542749,0.4981015719545014
515,0.44398278555004095,0.46399445626242036,0.47147804925150505,0.5831312128433487,0.5759247726183061,0.6107859592402362,0.5244353586737235,0.6395225050015212,0.49508392367363835,0.5044125518174365
516,0.44425920505718275,0.4607913888034463,0.47687161768130537,0.5732780810437015,0.576625588773939,0.6132230914549347,0.5259325741525782,0.6396524884182369,0.4865314691072693,0.5047664839655664
517,0.4456429964474367,0.4589459446218043,0.483701013715178,0.5670671252967571,0.5725372333199605,0.6178636166666934,0.5301459296214905,0.6406547809567057,0.4819959309414202,0.5070907068508704
518,0.4495346778556992,0.4554134054515233,0.4995376261776404,0.5551673567410783,0.5594330624069597,0.6307324032811948,0.5419809926855217,0.6430448802074207,0.4757796879258088,0.5125691126919314
519,0.45644307442004645,0.4504515701545291,0.5260294061027688,0.5339510376632434,0.5308324985106215,0.6563857800482507,0.5697983153341493,0.6427370299590538,0.47266529978688504,0.5197449702089474
520,0.4623817637030366,0.4440029125912307,0.5483960967716672,0.5040348262916485,0.5042995920068023,0.6835378725983983,0.5972020388750763,0.6256028684948434,0.47493604438620024,0.5189445135993302
521,0.4645807818446438,0.4413841026761524,0.5550592918420192,0.49163959241076416,0.4959315555506256,0.6959003391736183,0.603109294175376,0.613178889099279,0.47827260802348265,0.5149043644250741
522,0.4651666766973101,0.43979000837913407,0.5628052923665169,0.4742612403632318,0.4873622687161025,0.7071592110014937,0.6108382699640432,0.5861835261749055,0.4858558797427231,0.5046247362448726
523,0.4617582127694113,0.4409123623921799,0.5692702518983085,0.462422356311321,0.4891181660488727,0.7064502279378048,0.6146669174284403,0.548839136679028,0.49569431400614944,0.48805315270247757
524,0.4579046987090881,0.44631797709182275,0.5745420545906283,0.4626974345796392,0.5021641492278031,0.7005007829434811,0.6125517034734008,0.5183043697242551,0.5055323173096359,0.472362252914422
525,0.42925005561910234,0.4737450233934145,0.5614382297185349,0.5407134745744718,0.6567438674518008,0.6073796461583854,0.6046858148913838,0.49752899099691666,0.5212207523566632,0.4248954062411541
526,0.43196188348333076,0.486015422395968,0.47344856458044254,0.5679950989483816,0.7557064497101291,0.5399263629861408,0.557878780423629,0.5700684021821947,0.5000626901158396,0.4491338433001844
527,0.47839155395741106,0.46605322009123284,0.4686150552886325,0.5278580172164777,0.6901348021212655,0.5813343686857549,0.5110556132012767,0.6112345573523809,0.4624316506351741,0.500472561271212
528,0.4873225316452248,0.45827263446784766,0.4879265120883965,0.5090950174318002,0.6463236635966304,0.6188195757590595,0.5208444701796439,0.6201508778728284,0.4603963771111963,0.502904084248572
529,0.4915466873479965,0.45444527238722215,0.4970222503188925,0.49612433096518443,0.628532439501819,0.6350567180713542,0.5280724777868494,0.6232135940843659,0.4608389015439881,0.5013018812935189
530,0.4953984118019011,0.45087794901140765,0.5066266618730764,0.480984588201752,0.6048820691724279,0.655167446449667,0.5369317353479683,0.6262503140608737,0.46308055178250734,0.4983316651790453
531,0.49778883007756575,0.44750153693202227,0.5213173045962611,0.4546388723134014,0.5514285918245551,0.6947451792205989,0.5548440702580774,0.6296136328275397,0.4684332981462123,0.4912043160128176
532,0.48132502998357113,0.4581655009471551,0.5434872265665653,0.3842106236154322,0.4049916161273067,0.7738313773145888,0.6029940647242303,0.5880455085495527,0.4909795569341768,0.4538476976387274
533,0.46422026938503896,0.4769986205807439,0.5443621143188864,0.3814200825636827,0.3978858100036278,0.7770367793104855,0.6029508424844362,0.5394710059126344,0.5061034448383366,0.43440403259149035
534,0.45037625449648755,0.48999142851394617,0.542080422616509,0.3952130362819034,0.4297184432650211,0.7614858884447023,0.5979871680488977,0.5131916109706067,0.5122531437614322,0.4263006357672122
535,0.4482103309152632,0.49614669524583643,0.5398214334999998,0.39774120989957223,0.43954799689052404,0.7601930374608148,0.5921883353443129,0.5077280122519502,0.5162179937334791,0.4253575766384828
536,0.4451381306977479,0.5069258984560725,0.5342016990803844,0.4003378347130352,0.45499459862337527,0.7563051419102577,0.5794180855311045,0.5004081470156044,0.5228783595688109,0.4246539911293965
537,0.4349093230392303,0.5170025037425116,0.5267298147643266,0.41639695786388947,0.5075734617460772,0.7311337993892992,0.5679712811331452,0.494142186489034,0.5246447525731345,0.42565806697140046
538,0.4282406564543046,0.527297934259653,0.4918582687126185,0.48123624032805973,0.7160393972037431,0.6261671038458649,0.5328321818375091,0.5101647641991655,0.5107821400553195,0.4536315937975406
539,0.4372820041937957,0.5259908848265445,0.4772584922408078,0.49771907525066367,0.7718270644707197,0.587561680438015,0.5171968177182955,0.5207319781417313,0.5029184032294429,0.4675069987275288
540,0.4711686362845323,0.5116672272550371,0.4536285958533626,0.5194888762516324,0.8365234218514622,0.5134692102981198,0.48935429691746624,0.5422513781689738,0.4845549228796017,0.49700469426514243
541,0.5222984405900203,0.4667346623877983,0.4571243836433586,0.5007317173689929,0.7731184449297573,0.5312735199631998,0.4813857187005378,0.5609449411956621,0.4698964860857967,0.5189336097803233
542,0.5337979048549695,0.4482623486223798,0.4938066888248743,0.4257367041539592,0.5849505194770184,0.7253083197393588,0.5256456445876873,0.5559212151065936,0.48514751196736,0.49397715706022205
543,0.5222365288105163,0.46490620913694447,0.5091638978692229,0.3841999745313663,0.47095874132884985,0.8058384947265039,0.5502801311337228,0.5403087412412658,0.4998616723571025,0.4685188546170298
544,0.5133230041614322,0.4785202762953216,0.5122571388384796,0.3691775477357826,0.4240923262073849,0.8259008849277918,0.5565527568414317,0.5292990747986392,0.5085306155088476,0.4554382937537968
545,0.45159009328855604,0.5297239856200385,0.505871071022446,0.37206825964491064,0.4211955388933898,0.780736604988301,0.5479862739615572,0.4950342154778915,0.5243682998334066,0.4293378189357397
546,0.4483308011744438,0.5330236250611478,0.49939845639313496,0.37463710816866974,0.4331454912883719,0.7717003976170017,0.5398549743345722,0.4933691552812626,0.5263525248178761,0.4298153832951856
547,0.4335554006924073,0.5400116932366071,0.48907625855544057,0.39563862558515517,0.5161528968724373,0.7302223528810571,0.524053386674145,0.49530451642091566,0.5240419293208224,0.43703235359808745
548,0.4459842235926152,0.5364337916216373,0.45990366701771807,0.46290169842981854,0.7719852368779334,0.600436257620828,0.4822175873376404,0.5164110238125356,0.5024202263669172,0.479512926680135
549,0.48250738566763435,0.5181216017180462,0.444848477065106,0.48952967725328406,0.8477673096397262,0.5185583273740112,0.462592583397864,0.5282129603667047,0.48642032793326845,0.5057782999906458
550,0.5402785089751355,0.45208682562997216,0.4497109501244867,0.4745252938372888,0.7643993082565016,0.5328137946272266,0.4726237606787748,0.532666556187489,0.47505058501678094,0.5214085409144978
551,0.5428954374342424,0.4487368638780458,0.4518352314386085,0.47020730197604466,0.7538338348627838,0.5461475594254108,0.4762746583686035,0.5318790765860154,0.47605414405724344,0.5190582696299896
552,0.5456409218152692,0.44710788506710203,0.4532851901243139,0.46814413082341194,0.7513478011144343,0.5525028562272524,0.47941391622857504,0.5311885702516775,0.47710794450436184,0.5161551792873557
553,0.552620454654214,0.44193713718756095,0.4588251487767999,0.45844687980279725,0.7283177244278117,0.5870432894407709,0.4910962280010852,0.5281610402452757,0.48177489220994707,0.5067200214769193
554,0.5534562054264934,0.451672227284792,0.4780702056063437,0.406600822416186,0.5891923610059162,0.7361549663938501,0.5211932080956534,0.5185061091117401,0.49649520009921744,0.48171770802276415
555,0.5473992014245365,0.47408027820855314,0.4857650345057688,0.3774682769285099,0.498196482547412,0.8016728524788788,0.534888106654123,0.5119238340618077,0.5062230210883348,0.4655036231080828
556,0.538161275440296,0.49652159638966736,0.4867697705947191,0.35883336333284055,0.4304567419979522,0.8309865374122839,0.5412438837150715,0.5066516936527714,0.5142354125510843,0.45399158684919244
557,0.5380488102102245,0.4989576655859905,0.4835647249499479,0.35852742620168304,0.4252737228071454,0.8310686454852506,0.5415050323986397,0.5053293449258763,0.5163488165716474,0.452699189573264
558,0.5143350388469085,0.5296304618497969,0.4795229219841284,0.3400162069058075,0.35829114483589813,0.8324200592403584,0.5415431144560159,0.5022951736664707,0.5241693055939528,0.4439095019412103
559,0.5049425870820597,0.537995900692026,0.4700894246261684,0.3370428293123352,0.3483719987495092,0.8199404856649924,0.538987077011989,0.5011423005373864,0.5279827789919803,0.44329103152509025
560,0.4461159615142174,0.5522554769845739,0.451414364145586,0.37061154423646825,0.5629863364403984,0.7127419514937978,0.4914565311740269,0.5224071592682173,0.5124180709658523,0.4769781112065339
561,0.4486408445381467,0.5491589668836718,0.4440214594305875,0.38005473774810133,0.6053776840798427,0.694882659860954,0.4837193130935666,0.5246749917154532,0.5099512117853297,0.4828592865424551
562,0.48714960338521807,0.5239316896026613,0.42400349868423803,0.4273390399385643,0.7884643482530312,0.5859135739608788,0.4594104517125819,0.5338679195582433,0.491754709417708,0.5127550414512717
563,0.5005282578160455,0.5164802395646042,0.417500422027379,0.43901794639117686,0.8051635025347337,0.5672126980682084,0.4553492579749171,0.5338707198353665,0.49026673513365215,0.5137812804582246
564,0.5099380688393746,0.5096400435732401,0.4136736860143402,0.4464863438247811,0.8168277960029178,0.5517429839782803,0.45381868382770274,0.5336336641481159,0.4889183748352375,0.5151350875378793
565,0.5384500600272313,0.47671033381718586,0.40498479521426295,0.4634344854453973,0.8412527851608496,0.49664145053025704,0.4566370804420073,0.5306599496766228,0.4838972973085673,0.5208603691284521
566,0.5509961245904056,0.45053536033483893,0.40251316785947494,0.4669541807877164,0.83558422914043,0.47737952196090694,0.4642676587161111,0.5260046584137225,0.4825967464833964,0.5221955951486728
567,0.5658144062674036,0.4180864282827592,0.40659677590785387,0.4733716370206742,0.8036658008153087,0.4894169603362185,0.4833440403723714,0.5151731604836592,0.48486139007347806,0.514157358379392
568,0.5700453831370184,0.40588111580751657,0.41693610865317854,0.46547312177901207,0.7547266372231811,0.5453761848385091,0.5023963303900433,0.5037454194335875,0.4895917438887412,0.505482589022899
569,0.5731323738581112,0.4162076665351856,0.4310183442788341,0.4529939663940473,0.6925145750155236,0.6226891617124121,0.5196083360153417,0.4933767821003191,0.4954704943503988,0.49483305539774913
570,0.5773015845969327,0.4267257445614757,0.4337554780074798,0.4588129745220691,0.6657432233561655,0.6501539519645712,0.5298974732562384,0.4892297004334933,0.4982401715837294,0.4875149987868295
571,0.5800966036197642,0.4330337262066766,0.4334533142242686,0.4663825713606021,0.6527662797628072,0.6596393853382658,0.5364419387346727,0.4872209552669251,0.49955157514522,0.48391244197607697
572,0.5823103158934517,0.4526786484355131,0.438884319017079,0.4671149377920145,0.6142893430402427,0.6910792294695476,0.5458773778907744,0.4834911246230962,0.5023453861868225,0.4790341384275334
573,0.5839781686448037,0.4663974287729052,0.4385705562530215,0.47385332467367086,0.5896858772210439,0.7023377756464987,0.5544805212787245,0.481561744359006,0.5040048312580261,0.47684542535790236
574,0.5740307266681522,0.5377528939022663,0.45999923338027776,0.4522470755732069,0.47895363564010424,0.7564462672136741,0.5653826886024976,0.48331088094874636,0.5086534035971774,0.47340852338044
575,0.5135329257925784,0.6036277000977442,0.49590990159371445,0.40383383923720306,0.41323045483713283,0.7634992689263276,0.5409706842624176,0.5220961583745652,0.5046140305956832,0.48247729625799474
576,0.5038394700182872,0.6043907698499715,0.4932376372903644,0.40087979564416054,0.42694374597225776,0.7501841036708107,0.5383213911760728,0.5300142314275107,0.5036626272242406,0.4852888785037139
577,0.4913974491689511,0.5950012191452447,0.49235488759191715,0.40291077722244895,0.47525108619802137,0.7263407683308125,0.5239179278197441,0.5461485097289135,0.49969689037383397,0.4916016209729235
578,0.4928792606572849,0.584328220275358,0.48090255842003904,0.41371255578943733,0.519191867436077,0.6975577977319817,0.5216941266571677,0.5565629802134735,0.49838684138393075,0.49424947516441403
579,0.5259620200781914,0.5234799073660988,0.44539310592363845,0.452642496526182,0.6412000996139489,0.6277642356389046,0.4971643758687924,0.5764617310680892,0.4907249438596775,0.5031778846970384
580,0.5944568135589314,0.3810156598401576,0.3448779648638797,0.5001374333983818,0.7427314826726737,0.5113090384183863,0.4999986770600345,0.5814252913407687,0.48452930123214344,0.5076326417084603
581,0.6067613729744867,0.31884600577112365,0.30548462346847505,0.512823630211973,0.7341826256637554,0.49776499577899863,0.526916636136085,0.5685019371681467,0.4864161893604696,0.5030089830843233
582,0.6039481835732132,0.3179099608308586,0.31230248469665134,0.5186712373609288,0.6807961957351288,0.5529897563398288,0.5625721911879478,0.5374129318164402,0.49201662178930056,0.4940256814780055
583,0.5949039036236048,0.4209333645374729,0.380895947065147,0.5100355632105239,0.5822171422912246,0.6498437092088376,0.5853670201661791,0.5001710414218816,0.49855857026167755,0.48441344751438353
584,0.5918564602479318,0.4520832686961567,0.398055404280057,0.5091161564098927,0.5561797224807001,0.6643391362090516,0.5898353588911655,0.49488983851802393,0.4991602728791934,0.48271735611492006
585,0.5586433432453638,0.5816986996599539,0.47873479749213643,0.47163227239112454,0.4630129100713702,0.7094637923950039,0.5913314707061991,0.4923517792724028,0.5012646224180693,0.48034420242634934
586,0.5161656581186845,0.6368082043528291,0.5219336333258981,0.4395292089901204,0.44681123043682264,0.7005859829098634,0.5809064217638581,0.5231830217593266,0.4991691559095087,0.48405891568190096
587,0.5142625510945433,0.6391408555919259,0.5225818027001121,0.4383905420250376,0.44877256767448104,0.6939738176612598,0.5845237544419559,0.5256951522901976,0.4991927254113519,0.48445447633315375
588,0.5799332433425459,0.4444949126727159,0.40779984287374943,0.5051248842699809,0.668292031878744,0.5570991842862814,0.5040742835830573,0.6012106333251523,0.48576662845972046,0.5006222268173741
589,0.6155867784502081,0.3386178555420874,0.32237188235877395,0.5332861114573992,0.6960671354448071,0.5097308367195071,0.514719796817638,0.6036762231799604,0.484847676193805,0.4991530623157264
590,0.6236123800241637,0.30722050577220916,0.2969529574914534,0.5454552462649762,0.692571901306741,0.5025873091716433,0.525049967393526,0.6009340113149197,0.4849990161794497,0.4969418825197354
591,0.6280134833404236,0.2722000867087906,0.2667223190766675,0.5566030972887167,0.677647338290978,0.5077111018305315,0.5488704321019084,0.5887026406191848,0.4861928393495834,0.4938020763220502
592,0.6325904119691241,0.26914313598786954,0.2645830092786373,0.5777708391919545,0.6616631164747829,0.5088681391461981,0.5554647220991609,0.5855691499683693,0.48583373138367536,0.4912966648692097
593,0.637198299701534,0.2674177647389486,0.264359885256223,0.6075942454050455,0.6380554619013036,0.5061606041176259,0.5594484477820002,0.5844721663218831,0.486073880090558,0.49060251164414265
594,0.6331870805670761,0.27842492385217416,0.26660500993392416,0.6150132718387309,0.6171981841338052,0.5231685205444035,0.5780904011198834,0.5641177299355143,0.48797901099665536,0.4898370532085974
595,0.630855603881678,0.29264733754219296,0.274800891351376,0.6269061370221224,0.5979373602927198,0.5293811674838569,0.5862272936497814,0.5539847695438445,0.4893755660804166,0.49070032514593787
596,0.6152502441349145,0.377057961401796,0.3362070240992449,0.6437520750008765,0.5461939358854353,0.5521443923894213,0.6082104326377916,0.5177413911540125,0.4936747478234224,0.4934236206121763
597,0.6129722373425193,0.3828441274898491,0.3378986878359299,0.6484962116330242,0.5388182586437328,0.5498140771488518,0.6108750142733735,0.5160470710447459,0.4943572426599072,0.49566150283344
598,0.5961242890980674,0.4611917197090799,0.41035510350774584,0.6429116990699579,0.5174233094095205,0.5606887501282993,0.6195832632115083,0.4974594113553137,0.4979972965386553,0.49458354816669586
599,0.589014810514527,0.48827443577259805,0.4358399556112657,0.6392396676032375,0.5105150035444228,0.5616419380413532,0.6230020457849227,0.49407484973802346,0.4992329915165428,0.49479834900111985
600,0.5840629504548762,0.502443015841513,0.4474533212060903,0.6382698627308478,0.5057144145216855,0.5590915606014665,0.6268917116880885,0.4932236208729606,0.49982487428784256,0.49638757215384194
601,0.5645939977211382,0.5708202791060086,0.5219321594698216,0.6138627044968125,0.49786885572195316,0.5616015256210657,0.630936718532804,0.49517126305710185,0.5031003611768228,0.49332628765661285
602,0.5295219235177316,0.6633802668611315,0.6447403314136755,0.5340762004313321,0.5032029158836653,0.5473049455527051,0.6307385868200135,0.5399270598624594,0.5016461670300462,0.4868511027067085
603,0.5273743453588737,0.6721730787131225,0.6648143827388884,0.5163429194376522,0.5088675337287212,0.5404828723717647,0.6242604064772993,0.5566870160127458,0.5003489006853609,0.48556654010106365
604,0.5283413062021785,0.6737866325259809,0.6746387839811772,0.5070917494003967,0.5131286185695509,0.5355512733330148,0.617466853952934,0.5682897106853517,0.4992744439533892,0.4847724045470472
605,0.5625874827029728,0.5917169883263799,0.6490865334272905,0.5223494853467325,0.5359693629778736,0.5120062717816254,0.5455299134630037,0.6223109325117058,0.4973158366302663,0.4833814077979737
606,0.5794584393903617,0.527504234435182,0.6057969861321231,0.5549108405262603,0.5406419291097236,0.5045901149629531,0.524791151188643,0.6356276160616845,0.493825356900789,0.484771876991418
607,0.598076932086593,0.4280524121483617,0.5232175387315929,0.6060991614607929,0.5419106473047244,0.4989255742209614,0.5129178725062001,0.6487777673623252,0.48882619855594744,0.48813933474568105
608,0.6091575467206097,0.3379522810662372,0.43090046495378537,0.648862244430892,0.5384844507219891,0.49841690692385765,0.5197382526257522,0.6551808208500837,0.4851153786326613,0.4920886759159623
609,0.6174336754800536,0.2490637319184451,0.3100342997224297,0.6859280865009979,0.5302929928359732,0.5033159433319301,0.5482238066920576,0.6492295734530542,0.4833734744924071,0.49617348286035373
610,0.618745636944532,0.2236563243463076,0.256899962392975,0.6977569981117243,0.5238185621412261,0.5077950815845335,0.5684657348291106,0.6359963786530942,0.4840320489115419,0.497670199253021
611,0.6158231078672018,0.2196592067292354,0.24785805620161422,0.7011238652670164,0.5206229046613287,0.5088768247616994,0.5726612681793393,0.6318267093359027,0.4849210277320528,0.4994886383106089
612,0.61376684320301,0.21739771924882992,0.2241809431039214,0.7057375256645566,0.5154892588422043,0.512355764918169,0.5867692552536533,0.6163531035557808,0.48709170631367366,0.5001266287953883
613,0.607536011624154,0.21643761952318744,0.22264444576847806,0.7075757509050391,0.512720886193478,0.5129597470581837,0.5878596016669214,0.6135258267616222,0.4890981404894662,0.503555211322776
614,0.5962111982223348,0.2196790590333111,0.2144814044891312,0.7093211919268724,0.5083627690858161,0.5157316411501998,0.5954581850034432,0.600401302927528,0.4943100803235819,0.5083531292197353
615,0.5908812890247671,0.23095582203183432,0.20940967968860177,0.7093980342289983,0.5058871035320607,0.5185064851029476,0.6054430144360474,0.5839230746620954,0.49883270304121013,0.5072092606119107
616,0.5771691997386271,0.302443335073748,0.2511189200775095,0.7032094247397297,0.5013144456903833,0.5246346009485846,0.6314209940916031,0.5324992073037805,0.5111162301788897,0.4934788359444513
617,0.5588542169877724,0.37063049460812797,0.32365699453810015,0.6899656916007362,0.5008454877614692,0.5271075044937037,0.6439273440385567,0.5061831841200936,0.5197332775343615,0.4832854040271096
618,0.5334755497875922,0.4460369822714327,0.4199968631986027,0.6632975867339648,0.5039588400625361,0.5288292131209195,0.6530569955979715,0.4954983535295181,0.5271531348826113,0.47406334279757223
619,0.49359040141949234,0.5758003395768713,0.6270608004405704,0.5661721164928053,0.5131116207131788,0.520216761965303,0.6418040057493402,0.5378802335415873,0.5322794063829731,0.46174593912391737
620,0.5099280853968051,0.6039371346266793,0.7075229340555714,0.5005374791843997,0.5243334176442204,0.5075055985435112,0.5767561405483423,0.6060708170796324,0.5197028862852803,0.477840346432282
621,0.5632380813014272,0.33909352163853984,0.48050929009065424,0.639829247022441,0.5278982817614917,0.5035497209759794,0.5132096281421326,0.657312751145417,0.48699737259313436,0.5292406479264004
622,0.5566157379993449,0.32548066705504275,0.46519485059253884,0.6446694148572564,0.5281480602218129,0.5043410082390134,0.5158269688029178,0.6570928976899258,0.4856212004761189,0.5346979874683315
623,0.5524961782997325,0.2952490458660211,0.4235752669782644,0.6583540795431175,0.5274461959741417,0.5064198448421204,0.525120894201384,0.6539354996509686,0.48538410501742424,0.5386305100258745
624,0.5502201423132094,0.22379823927972148,0.27151189897277606,0.6939925360650129,0.5212635266487993,0.5175131019149769,0.5761459430255991,0.6173766844099434,0.4951535561722415,0.530772272662345
625,0.5459038652456001,0.22659914586225482,0.22419922170594977,0.6982851350165988,0.5184381625275252,0.525231244231848,0.6041210081508813,0.5811939945518134,0.5075906333505907,0.5187627735093829
626,0.539842297958969,0.2294110450734643,0.22067126087674227,0.695414533236616,0.52005144761614,0.5275658073098873,0.6076939352611498,0.5736137063390778,0.5118976370318985,0.5190375656821994
627,0.5332772403915911,0.24344727305573216,0.2161225307708868,0.6923066763914135,0.5203438040887415,0.5321661708548795,0.6183661613353147,0.5542427928478676,0.5206984646615952,0.5118699459048062
628,0.5257815076659195,0.26310527497659936,0.22141117647583802,0.6877110458318708,0.5208129146794395,0.5368286461729447,0.6275530213166405,0.5358627793159659,0.5298779964883263,0.5032112849504133
629,0.5091431522486655,0.3234255775460119,0.26966316617419506,0.6748338692830581,0.5196049621010337,0.545181155052453,0.6433349199573453,0.5039577337579231,0.5481303384852011,0.4778495710584778
630,0.49954490230003934,0.341286180859158,0.28697527160674174,0.6660882072909968,0.5228556741386244,0.5498864830405791,0.6449172498229093,0.49833872528625434,0.5535505484499081,0.4737429071471773
631,0.49402427951607764,0.3491303557027928,0.2941934227479879,0.660736045325824,0.5254381265162386,0.5529116104901708,0.6448748361966895,0.4963853507963954,0.5560403765099287,0.47266297433886467
632,0.45858280008363395,0.4620123638883991,0.473368219652444,0.6079534483994855,0.5168472813460601,0.5565049917855811,0.640490018092596,0.5123968337609549,0.5750234718756329,0.43014378778441714
633,0.45122606351977546,0.4939778145653366,0.5344904999648196,0.5798161425163442,0.5175079775305018,0.5576492945490807,0.627002927701791,0.5332059458352828,0.5740504155966872,0.4260105102079118
634,0.45078544452697483,0.4976062766606963,0.5359262928226165,0.5740141646578918,0.5207310887455335,0.5655316892076621,0.6192792248468025,0.5392210708914182,0.5664740168801216,0.42591824753558166
635,0.45409847166988954,0.5309645475766067,0.6063525703136378,0.5346166660122769,0.5219896258269223,0.5639866450176152,0.5885582143427731,0.5745121976638642,0.5621982046579262,0.4306743146923944
636,0.463589209385868,0.5434876123235739,0.6356716448773533,0.5142877723774134,0.5256263305492203,0.5638147490757648,0.5643855850973595,0.5967583489420062,0.5530305246273781,0.4404097772649709
637,0.4732080437108921,0.5479353370030229,0.6473123260184543,0.5025350045069916,0.5301288503178234,0.5671546580914751,0.5418940384422655,0.616277303505379,0.5360028673168664,0.45126256584795443
638,0.5029323415818757,0.5429288017239675,0.6564418612309779,0.49600514902889314,0.5410164039094231,0.5597834254958661,0.5090148986230266,0.6413856050133337,0.5167772720012134,0.48126474318638707
639,0.5240618802182,0.5052480802173651,0.6291038391335496,0.516405552621142,0.5534921817250884,0.5481553640313905,0.4992019930252383,0.6520584127278439,0.49694870382863726,0.5123040352460001
640,0.5277224141188607,0.4615536184136744,0.5892841378069988,0.5411491741522856,0.562490332912152,0.5392160329992933,0.5087476651945708,0.6501113180575492,0.48481667680855567,0.530954097085059
641,0.5205954161362955,0.44313845802705637,0.568103855221313,0.546903286250017,0.5689110514364314,0.5341680282173578,0.5174512030821558,0.6481177162589242,0.4783339368605142,0.5426706124618936
642,0.5165818906882634,0.40945185899832137,0.5303318890169945,0.5644183004035652,0.5754890101114436,0.5296807878699595,0.5350150119627314,0.6372259172301692,0.4754171123314253,0.549318959992223
643,0.5031054071433877,0.34397867114589803,0.4421575376800773,0.5958311077661237,0.5873874177831332,0.529571540893764,0.578035372352886,0.5987302991081105,0.4813493139042757,0.5478700545991164
644,0.4970405760739598,0.3392125381469805,0.4355823187383399,0.5904621693117768,0.5920955898644816,0.530027238654103,0.5819522697273948,0.5936375390178438,0.4846927425124668,0.5513609611545447
645,0.4909942522218787,0.32610258990516955,0.4120051027774187,0.5929781674421722,0.5963905419333979,0.5332686407286523,0.5939301528053282,0.5790497508992697,0.4909703193442796,0.5479784285839323
646,0.4762174014641746,0.3170481563124134,0.30425028799637266,0.6149321961330014,0.5868502385745837,0.5673587299707771,0.648573871019518,0.49322721709911194,0.5356365928562663,0.4770989454002691
647,0.40339799424320544,0.46895674498159123,0.5105325649084289,0.5454422709661204,0.5116797184023962,0.5958217377751396,0.5904897914122795,0.5775583694523246,0.5616171562789843,0.4083226701296516
648,0.4013967117983703,0.4850418184381127,0.5500309926861252,0.5235226434536182,0.5146926962430646,0.5970917668570602,0.5606485447431221,0.6069690832141701,0.5493636501882199,0.4283441088491807
649,0.4393772477823788,0.5085932430644402,0.6063288708685026,0.4834187044215099,0.5440349176965729,0.5787520526398714,0.4990011207371112,0.6584539253276628,0.5072484287180427,0.5062523592536987
650,0.48286605870622407,0.49049356375883313,0.589025918573264,0.4927669919763149,0.5705405831208138,0.5509893239847382,0.5069671011448016,0.65618084373204,0.4800209920372034,0.5461433270757079
651,0.4857993253501933,0.48147947192219837,0.5729777103468711,0.4974726969509777,0.5793954007168564,0.5396915124815889,0.5214585455406807,0.6493763874899716,0.4733229858897004,0.556521442897741
652,0.48978927217373913,0.470816445202562,0.5578996432201082,0.5031580221275089,0.586840336101933,0.5319090084603229,0.5373928060100582,0.6384121776369625,0.4716994950991645,0.5599373038268495
653,0.49716671327342604,0.44136040221910433,0.5237268672006484,0.5187686287044465,0.6000713581479615,0.5251552040815488,0.5720893658368121,0.607387986604618,0.47677876864304036,0.5544004765325768
654,0.49628773727859465,0.3756689057827316,0.4337120239213317,0.5578209354814313,0.6139808069056523,0.5447470039650023,0.638976547204357,0.5218046068824082,0.5112599109066683,0.5034747830667681
655,0.49300224920349556,0.3743392938096141,0.43230282025019034,0.5494560116102559,0.6184738308286123,0.5474572980707334,0.6396271063814506,0.5176557918900893,0.5161438777778429,0.5059707518276206
656,0.48135402163759694,0.36713720558652735,0.3735191776503783,0.5636700362974876,0.5972345600770934,0.581973426592267,0.6626457817269897,0.47280714811041996,0.5526015535132193,0.43994173667559994
657,0.4743386856705361,0.3755646555715388,0.3644789868156029,0.5573460829152374,0.5875007731667413,0.5938340678253139,0.6588685251594352,0.47191738043639864,0.5603579245291203,0.4235670582109022
658,0.46885571265700066,0.3818043920610043,0.3615417736546463,0.5494280700561825,0.5827692941717566,0.6013916637091733,0.6521760322772885,0.4756612347491671,0.5626390214621265,0.4170879038864825
659,0.45418052012063764,0.4044560716106387,0.36220905034503864,0.5396011614881083,0.5549475005841451,0.6143809286868902,0.6326817306741139,0.4972156499152708,0.5654839160750322,0.3956751933041873
660,0.44798208222633545,0.41214784043331637,0.36410037619851204,0.5319051541758472,0.5479526198285867,0.6195961691188425,0.6204881207373658,0.5083353298244908,0.5623367675753925,0.3926684255638136
661,0.43349615012758563,0.43019845290596126,0.3740935324747369,0.5257086485824141,0.5206447290688553,0.6260744832066397,0.5995157344599661,0.5346594222584856,0.5614929555134892,0.3820389649966486
662,0.40936697349920914,0.4591699536262655,0.4007376870915773,0.5112606319576688,0.485247918262884,0.639117388837011,0.5545972401333155,0.5855884073950333,0.5478052066386455,0.38012763498847996
663,0.4057353940685182,0.4676567218876792,0.40631136330063783,0.5040013356461915,0.4800292629186596,0.6451809230277038,0.5380610950729773,0.6016940520563406,0.5343340568371754,0.38225024914842226
664,0.388950460252404,0.5074176261328835,0.48718954509916457,0.4690202827336104,0.49072774611939957,0.6636736211746632,0.5056660252569245,0.6504288501558434,0.5109070486693101,0.45427617219851824
665,0.4099198281340301,0.5155030744963429,0.5066910507986097,0.4560763555754224,0.5240993541155989,0.647110104502058,0.530528658542961,0.6323396253525968,0.4937846506441688,0.486537958851009
666,0.47976730864611006,0.4997061512353471,0.5213686669611804,0.44158374325546673,0.5980136729591349,0.5699250858855249,0.6101206280592507,0.5356724773925404,0.4555691146522482,0.523118711362636
667,0.48557408693094745,0.4955795897040594,0.5214518958449769,0.441984319428868,0.6062873963936066,0.5558324846631387,0.623401317850183,0.5207017217408177,0.45132135686434033,0.5250570224874044
668,0.5098145649317495,0.4647043422576245,0.5122955985356653,0.45171450839823934,0.6383932052943013,0.5262432777691433,0.6582156156403169,0.46213811445197445,0.4426670191006822,0.5166709335132553
669,0.5137654032137569,0.4425047201612596,0.5010044707016483,0.458145762057145,0.6563890919941254,0.5270903622891259,0.670763197650894,0.43706897792427785,0.4472596718353306,0.5065725639051594
670,0.5126882536152865,0.43344432386565185,0.49484599290634634,0.45970775521776847,0.662410004536413,0.5357843510697451,0.6716170673312014,0.4322622086345158,0.45231888776007334,0.5011556329112495
671,0.5104418807938166,0.42127786866325795,0.4807676254801813,0.4675608068272774,0.6649756450083072,0.5617279931091813,0.6648122985269852,0.43899184013321296,0.4643691238090073,0.4857571990158673
672,0.5082220604845191,0.4206211265382542,0.4802979048129722,0.46429960547590016,0.6652122569737732,0.5649414680128891,0.6613698307304673,0.4405010708690464,0.46419986472517494,0.4874689310173259
673,0.507055529626923,0.42013744804151754,0.4796478443750302,0.4631162866068326,0.6650237386184962,0.5674547155019399,0.6592671467684955,0.44188609037580695,0.46454510285229617,0.4876988696614986
674,0.5028261294654811,0.41765833414550146,0.47323500613450953,0.46351668789038636,0.6601066045800025,0.5838179663576101,0.6482600340815251,0.45409905277413654,0.4696678037729968,0.4823250374835829
675,0.49478772116643577,0.4185917674125662,0.4586906266654945,0.4703856327789283,0.6345592665542499,0.6126532622122444,0.6240554556596387,0.48972937612673667,0.48239336349883827,0.4649954405336729
676,0.42744422616002736,0.47402699567725237,0.4163215688333059,0.49409379576684603,0.4412268211038094,0.6459892777045217,0.5120989106176582,0.6445016455812392,0.5199352652195862,0.3942973582268716
677,0.41648124645060974,0.4810671640595511,0.41760790325612207,0.49235347359719306,0.43311880911992184,0.6519118412032546,0.5027995087649392,0.6570234188083801,0.5162459161218774,0.3978412613794594
678,0.403267692146879,0.48939917243666053,0.42192287317279537,0.4889242410596987,0.4353970828978288,0.6599336097073379,0.5014429255558832,0.661118073744077,0.5164340406248866,0.4076048831106714
679,0.39137823394262405,0.49867981735008177,0.43455826105678297,0.48164189220729803,0.46436823295024066,0.667106358784019,0.521268218196876,0.6482638923855055,0.51429186339612,0.43269553386288456
680,0.3903404411623425,0.5025935543291059,0.44342359967071665,0.4787970362808521,0.4834761103636,0.6632482254744408,0.5421731903975225,0.635333409121706,0.5080382131629948,0.446647483163707
681,0.3915684918386482,0.5055513370755065,0.4493136315555203,0.4808834638092364,0.4888070440553701,0.6552932237977771,0.5587520597767238,0.6305251217133635,0.5000660182764154,0.4518212170559541
682,0.39233304065419966,0.506971537035241,0.45237529289026623,0.48188522029665326,0.4913782747507218,0.6506286792059529,0.5678107273617868,0.6272876861478875,0.49596631837860905,0.45417343468043897
683,0.4115851546996659,0.50761152925672,0.4808209288495397,0.45819639977644594,0.565371418448192,0.604987092394076,0.6463349031890667,0.5306327288673485,0.4687868600308424,0.48920384776069614
684,0.41607190897479535,0.5080453517685863,0.4865914747193229,0.4581350785145543,0.5737409316818651,0.5898797211914762,0.6612307578843818,0.5159680408449094,0.4617681845283247,0.4931720612213721
685,0.4251791275475161,0.5112832610740986,0.5041740832454524,0.4681423561179118,0.5902076322161338,0.5427164824617497,0.7016779292854911,0.4835534881783762,0.44400282291762816,0.5030683411327594
686,0.428864391917166,0.5114211611236773,0.5090493399201407,0.46936866513695,0.5941518171708178,0.5314377569400823,0.7111587098638003,0.4725212965401388,0.4389326517934609,0.5045025133186868
687,0.4387107495344372,0.5092610273727344,0.5172057398261833,0.46682011577485066,0.6021308913303501,0.514741791965682,0.7241934925685236,0.448605220200584,0.4294075037074424,0.5051557432078138
688,0.4992314249348087,0.47632673548447396,0.5435558477029514,0.45796487770584055,0.6196573597626882,0.5154663309339291,0.7152703627239294,0.42776549045049606,0.4106146850201542,0.48544266706718203
689,0.5012776971597281,0.47385054984671354,0.5455909512824054,0.4614243304866198,0.6172654166441937,0.5243457115297732,0.707670084747374,0.4397255243594359,0.4111977616522238,0.4854533721306509
690,0.5140260039081611,0.46004901561125977,0.5492746658246116,0.4804111578431948,0.5909730515177823,0.5720206718405682,0.6658788802493767,0.5301519585376562,0.4264810260443725,0.47078736028637963
691,0.5123639248558901,0.458770156668168,0.5494831723543354,0.48451937260529837,0.5835041372575129,0.5853327549045205,0.6514672160717823,0.5516462112407616,0.42503726074365633,0.47270462857893253
692,0.46582573937821387,0.4821226528847656,0.4968507548563768,0.5531195456454387,0.44838236099534173,0.6314190157349616,0.515467373299479,0.7188197222651265,0.4997339653051578,0.42486095514602246
693,0.4568674417020074,0.4856460874146789,0.49042400217207166,0.5533413190732241,0.45399813796552374,0.6304619208468103,0.5241667819650591,0.7074564579214806,0.49993231725530307,0.42867254276604355
694,0.4530416502419829,0.4870172631997016,0.4878740631594248,0.5530880753991729,0.45759723663718077,0.6295847480931529,0.5303766648416864,0.7006206201800478,0.49948036819183417,0.4306606110145068
695,0.44205263401124123,0.4917359119464756,0.4811712690833983,0.5510876394705194,0.4728822034021205,0.625231563002289,0.5543065587425122,0.6758367107959989,0.4985414861923688,0.43758985304608045
696,0.4407493226431724,0.4876366215833165,0.4833141723222721,0.5538464756782541,0.473041878059599,0.6147834449685353,0.5773372514203857,0.6623139990812431,0.4868394210843466,0.43913849692903933
697,0.41893187968552414,0.49969340382651684,0.4785065209466569,0.5383146284101824,0.5372676294603156,0.5841474426079393,0.6824414394905509,0.5533800887773659,0.47079844784076097,0.4584079499006217
698,0.41780631967353726,0.500271561920737,0.48172080935518874,0.5379644359302916,0.5455613291048047,0.5723545617612323,0.7025014741551472,0.5345947531272486,0.46389881528660193,0.461005444261024
699,0.42983633234265656,0.4991533586978299,0.5155158802686954,0.5090272454451039,0.6022566226268675,0.5062436571881396,0.754925557385183,0.40286684096420405,0.41036629174598177,0.4747224100212511
700,0.47051620575748504,0.4804512833121566,0.548843709240199,0.48769630400402625,0.5988423163342677,0.5044968919423176,0.7025883744490301,0.4581500256184584,0.3811649615990485,0.47204208870607456
701,0.47404288143106077,0.47876253993421003,0.5531302936226884,0.49044542303753336,0.5942849853359298,0.5133575857886972,0.6925030698348901,0.48097469747908717,0.3794073643355391,0.4735106244672298
702,0.4732157195997824,0.48020662633362526,0.5562595420961846,0.4963154140879089,0.5908178424858579,0.5242898250027279,0.6838504001927056,0.4940857948568795,0.3755404814263281,0.4787726878737949
703,0.4747962271920505,0.4801727728771021,0.5598835770478839,0.5002139670327155,0.5853619425732628,0.5370604579326047,0.6734420153495518,0.5161901462290464,0.3737275887777075,0.481923772397537
704,0.5015412239660129,0.4629677902559685,0.5814091413765311,0.5241199348326024,0.5229303114760857,0.5962213621625818,0.6033813835423413,0.7086934209439738,0.4129535087141275,0.4628388027717677
705,0.5035129340267023,0.4604655933725765,0.5826525017568224,0.5485362938242044,0.4906184415002701,0.6150592488884595,0.5622217256037051,0.7576667873336956,0.43974551866285033,0.4513798258573719
706,0.4985384598640736,0.4605184788239612,0.5775772093214888,0.5589178410809083,0.4831360914029336,0.6217308321468161,0.5494631452961259,0.7556391660953083,0.44692747271237415,0.4504663421719383
707,0.49503331257964456,0.46141855073288623,0.5706269992236634,0.5654438944962061,0.4807483412225202,0.6222439464158246,0.5480389992817886,0.7370097296763567,0.4554944712300625,0.4480215833311348
708,0.458245259067671,0.4834049850683566,0.5005503588822549,0.5729844508525335,0.5478662881545917,0.591137110031438,0.6742906799434396,0.5414413745459457,0.48240997522346407,0.4399104975851812
709,0.44292920128850755,0.49001969221291747,0.4927107670644345,0.5702745389034487,0.5847926178821574,0.5611477893241085,0.7357153901223447,0.4660742345092217,0.45979594643901817,0.44913052453789787
710,0.4359118576782507,0.4942049320881875,0.5292333834810355,0.547088942400255,0.6072451240328864,0.5170884716990088,0.7083801001368629,0.4085767405599458,0.3847325032543186,0.475818399176499
711,0.4585617368510565,0.48362199143884177,0.564645140544718,0.5218949841132801,0.5735440787353067,0.5474495083357417,0.6488165713739049,0.5760617559211308,0.3654596257590604,0.4817083964831656
712,0.46910228648990765,0.47935403833925655,0.5775842693890709,0.5205443043324475,0.5555162112860867,0.5709388522606184,0.6295722461419367,0.6606418634396339,0.37232712042517513,0.4810461878826421
713,0.4685191727787557,0.4813625956786982,0.5780456624444645,0.5215036032794299,0.5550032167578427,0.5767737662999756,0.6273614964893381,0.6654148396034306,0.37186360119943923,0.48326265396299156
714,0.4891264013282383,0.4711031123891762,0.5991776142663793,0.5374671386891168,0.520096613779638,0.6088401870564673,0.5854509997543033,0.7681028283958152,0.41169003337679655,0.4709234616067892
715,0.49784405718034014,0.46674284141770433,0.5887208952922663,0.572653864870138,0.5118991669725089,0.6080414865761667,0.5677646504029986,0.7047227304924254,0.4649420338111881,0.4503549139681304
716,0.4903707269820329,0.46957923287541203,0.5475804130573103,0.5875931424039897,0.538330403019098,0.5859984327577915,0.6331962987904719,0.5881693131083314,0.4834294619407472,0.4405670783934978
717,0.489455334613354,0.46868083973465435,0.5455538741484816,0.5891630198750559,0.5391705980298359,0.5798789798694514,0.6424908771789409,0.5801770393140082,0.4817783582700472,0.4408598573912125
718,0.4497416197466771,0.48947084514809996,0.5040694820874672,0.5909601875807983,0.5937040231797813,0.5448062981548588,0.737633474543563,0.42240273896299746,0.4349667529832409,0.4607145420563811
719,0.4497720262878205,0.48973024115511554,0.5051818989767489,0.5953394824249001,0.589756273279995,0.5459647523019191,0.7383863982787071,0.4259255907847696,0.4326169349665886,0.4602593434945249
720,0.4439494369659369,0.49323787475491404,0.5181451202697416,0.5930760869299113,0.5833738068947606,0.5451986416171967,0.7126513078395035,0.43620697232755423,0.4147001859315831,0.4664314369819468
721,0.4435955294831229,0.4950104691890605,0.5210085875011063,0.598250026073641,0.5772259796239265,0.5501026262440901,0.7090193846612898,0.44319200577058304,0.41064160178194087,0.4664856810039746
722,0.44298043404397913,0.4985407622339053,0.5254517213374212,0.6059092881227727,0.5670711120594083,0.5601509600094176,0.7014440383452968,0.455052227233838,0.4049339177540455,0.46636987061045754
723,0.4384630329442269,0.5042925113072988,0.5489574492741647,0.5910973194947389,0.5533864526950201,0.5714419270894828,0.6609501973235048,0.5219884685120574,0.3927420554662801,0.47079645611356624
724,0.4383941047724047,0.5081574143491492,0.5522937101079973,0.5912278999386782,0.5497502035013648,0.5800490488815919,0.6548901049762538,0.536451888524687,0.39257102725939425,0.4710171118851107
725,0.4383122194671348,0.5109381365439595,0.5557271987895831,0.5895499622348351,0.5474946759759871,0.5860477443663027,0.6492383462614364,0.5512536946624,0.39300034688583346,0.47112166643796277
726,0.4385793340458067,0.5124226001839687,0.5633561122389471,0.58215677446123,0.5460341522606562,0.5901532055919861,0.640173335618256,0.5822820521610707,0.3940273268617144,0.471021233698717
727,0.4428941451524359,0.5141720229946969,0.5814218706759915,0.5631559428311751,0.5476066072808823,0.596907446190841,0.6238869847596538,0.6588833719243699,0.4014486809439133,0.469633478790658
728,0.4429070122046854,0.5177134608929933,0.5815497641027941,0.5624795465192315,0.548394540205103,0.6013298851418464,0.6220497198014995,0.6624083828612984,0.40379600799313486,0.4702168958956477
729,0.44665043056921894,0.5216809708961635,0.5896471524573059,0.5530698475327148,0.5533145104037756,0.606306855122642,0.6143519330086507,0.6975301614583402,0.4129715332525684,0.46957281039649784
730,0.45108063334873055,0.5332377410518372,0.5951431664042692,0.541442715942764,0.5637638933125878,0.6133209871790251,0.6040446518506947,0.725968357878819,0.431160483824695,0.47072084454087015
731,0.4631910071487867,0.5314531447369366,0.6065164464712157,0.5325588880861275,0.5770364787229296,0.604819678320741,0.5950017681332833,0.7495239663919273,0.4482116972432989,0.4673832822177263
732,0.5143660396553413,0.5060755384436539,0.6167464125517474,0.5502305906364073,0.6059616257799374,0.5535100538345759,0.5912579803607791,0.6794338437515436,0.48788122515159277,0.46013675542472643
733,0.5156247386210582,0.5105958352411374,0.6123551352735811,0.5483816420922623,0.6083656481269302,0.5469187927374757,0.5953760356279816,0.6701509936331042,0.4914265534707231,0.462027369538038
734,0.5418762665349265,0.49282260512032716,0.5807960955594731,0.5756007152984325,0.6145002154732226,0.5362056045461328,0.631745933941801,0.5809047142761623,0.49989202478845723,0.4666468070906255
735,0.5449914393022921,0.49146918622060576,0.573285304770328,0.5801976643059642,0.6136820921093611,0.5359570532686053,0.639953787221263,0.5696746880001027,0.4997549590419666,0.467804433055303
736,0.5486919619417135,0.4905819484267784,0.5634507858916663,0.5871001538420397,0.6105755872640891,0.5359105589549996,0.6492149656919658,0.5595451931382627,0.49882434733051473,0.4689910217061133
737,0.5512909345091883,0.4905128492524225,0.5562608453250253,0.5933191608531455,0.6065926317666712,0.5363962807885353,0.6540020167500812,0.555898033294303,0.49799234192310116,0.46971150549058754
738,0.5574552630873854,0.48483389209630195,0.5098794481182805,0.6235706317379568,0.5792361963813192,0.5766735609273639,0.6962463030255881,0.5220042482804637,0.4875129447062085,0.48093787706731794
739,0.5566922601813589,0.4867823110776553,0.5033058972397129,0.6339759725273231,0.5634128772002646,0.5881732962010771,0.6928776389026139,0.5249286235699909,0.4808340778672915,0.4809733711245925
740,0.5501200607889717,0.4938610103233458,0.4977967731304957,0.6421709681339053,0.541659726619591,0.6018238798891149,0.6887622856858665,0.5249457472124369,0.47386818977632134,0.4831327336112627
741,0.5503998237921968,0.4950974096217398,0.4973962383199448,0.6465081433713219,0.534807095058098,0.6051107662232894,0.6808016755544054,0.5292294947449218,0.4709104196940018,0.4811753857612176
742,0.5294009334455363,0.5151432398700736,0.5068895715059052,0.6467036831866763,0.5064627373305711,0.6157401899223778,0.658429764029487,0.5360845496832352,0.46322118551635716,0.4818103917995925
743,0.5250342187738058,0.520551957631354,0.5102446592657324,0.6457797336374721,0.5019353806030109,0.617550202571136,0.6495449186146136,0.5403990276654665,0.4616698347535799,0.48011453389910347
744,0.5034158987510778,0.5397926125897093,0.5297348744860917,0.6319731081690303,0.5004394431408505,0.6200415749246438,0.6266285936326411,0.5592195945725982,0.46034022288604787,0.4759307404174275
745,0.5037147264260019,0.5435499833833384,0.5283256005319122,0.6308728745014519,0.5008153154274225,0.6207957437630447,0.6209915939172986,0.5614010493905236,0.46155541982923654,0.4736706305297419
746,0.4926380312297075,0.5572725408628184,0.5364537694008384,0.6183979304191365,0.5105168506631592,0.6213398116091418,0.6060916406024213,0.5754992172558482,0.46631511206949317,0.4681579489090879
747,0.4698633510998596,0.5717924943119983,0.558961331527301,0.5940933905730277,0.538332153415743,0.6208102737402257,0.5982041599066896,0.6041669563590282,0.4721138776660854,0.46141106158939826
748,0.46153423789936737,0.5786452608365913,0.56721303812688,0.5809067760317879,0.5542022948837488,0.6196614417498224,0.5958135890342516,0.6179666581046113,0.47705039195954724,0.4581153689200567
749,0.4532400364518022,0.5886556329427522,0.5741582362342524,0.5623412363117234,0.5755599310832878,0.6174667480281847,0.5923467602626359,0.6336615065414416,0.48704103659012793,0.45414476072243576
750,0.4465982467842574,0.596063844317644,0.5830028419086162,0.5431721861411057,0.5973270128694879,0.6104176539935456,0.5929085211983715,0.6496288926122648,0.49616319006975623,0.4506514572638471
751,0.44575645104664385,0.5997051561176827,0.5825292037832135,0.5373463292128234,0.6027746647130546,0.6089731780694035,0.5911155758761424,0.6515250391329239,0.5014181110954776,0.44989267502025504
752,0.4450193539241301,0.6049290796034174,0.5825661476885391,0.5275738706192402,0.6115251957590331,0.6044349801997095,0.5893374951859366,0.6545305742921378,0.5097295451213207,0.4488437549514702
753,0.44721193193906683,0.607727699754029,0.5863557214887662,0.5166663705357668,0.6203071949471799,0.5912930867396976,0.5915049638354327,0.6587193057007037,0.5158012029495062,0.4482475108575146
754,0.4558817535340999,0.6088946353051118,0.5891123116551288,0.5072367620779898,0.623780766487679,0.5707240973540841,0.5946746568994223,0.6580894201691165,0.5210387789744368,0.44960583192022163
755,0.4664705805453312,0.6110879277653773,0.5862129473740273,0.501930170460663,0.6221655497401775,0.5548562673231934,0.5950880074475922,0.650738314612788,0.5278000033976378,0.4523321959946235
756,0.5222987649444759,0.5923128589117055,0.5806953894971915,0.5060082017024703,0.6070625426211209,0.5031248620365706,0.6016659664390185,0.6152331104366033,0.5240064003092901,0.47090688278668436
757,0.5556716846477263,0.579567737170159,0.5647750533630026,0.5190072908812086,0.6059544233105965,0.5011704043393518,0.6029273935610753,0.5868605061116914,0.5239666381226523,0.4838656263166673
758,0.6033393609133706,0.5334004348936869,0.5345180155472594,0.551809423312423,0.6217166907093543,0.5509611277665901,0.6051448823788808,0.5527682690046429,0.5092790047008511,0.5110570901881316
759,0.6156115152663704,0.514219944670323,0.5203941602739242,0.5666066900944584,0.6256926088911712,0.5838457434686686,0.6047418004245183,0.5480697651008439,0.5021764749228591,0.5210710302821984
760,0.6226860858392311,0.5013272439171554,0.5086934432521708,0.578910916225478,0.6195914733417961,0.6111579264655211,0.601752649858084,0.5494491050420587,0.4956612571952637,0.5283225493549084
761,0.624114884033845,0.4986847533046006,0.5041849823260393,0.5881264790582282,0.611687548020479,0.6239495415374474,0.5877533310048475,0.5536867135616217,0.49207927853210254,0.5268733527673982
762,0.624459920276665,0.5086207656732734,0.49744732353588056,0.5947281410214486,0.5644337327378866,0.6270090507580749,0.5732614708433006,0.5661703975664061,0.4878167767715539,0.5302508709567422
763,0.6201693191101195,0.5247138749214656,0.4998673195409901,0.592831951037726,0.5388656947740873,0.6169783129957939,0.5602167552421281,0.5723538006529826,0.4883710980505159,0.5270214100971651
764,0.5481190043062928,0.6076849086432112,0.5400052050400058,0.5490453598720526,0.5325052940143564,0.5951406359242599,0.538653949713574,0.5902129691206655,0.509666931855648,0.49669877009475133
765,0.5428031914276888,0.6122031210571295,0.5400377133133294,0.5443826792063854,0.5396712408654313,0.5944825677560002,0.5349567539471553,0.5910189343325875,0.5131144416834176,0.49366503550189195
766,0.512339415305405,0.6235837677942891,0.5496700723237172,0.528798729372216,0.5699261619687614,0.6004125598107047,0.5380367972551395,0.5945509948592251,0.5224466580891932,0.4823818223453541
767,0.46728805194957385,0.6318307627884667,0.5727845696638341,0.49667867066764704,0.6164548826324221,0.560575415897465,0.5849190300787479,0.5905698328617723,0.5380394123458664,0.46197573459814095
768,0.4784533173192895,0.633674364475997,0.5679595081222364,0.4977724989730813,0.6098789710544377,0.545890871486003,0.5893138774824476,0.5825655507986224,0.5408320398074182,0.46339815182442307
769,0.5508952015177284,0.6223307655160869,0.5477855345172994,0.5190950269063659,0.59017133666825,0.512116326419708,0.5969113698283965,0.549280688514078,0.5350179667680471,0.4813844696566618
770,0.610969617263832,0.5704632132070077,0.5229324807210631,0.5480793193288178,0.6152774720414314,0.5621616593394938,0.5879013907951807,0.5308830584105925,0.5173116853329173,0.5100162862232858
771,0.617644066616535,0.5583678684177489,0.5173294145128448,0.556111113943923,0.6233382761667416,0.5799989485896515,0.5834989291973313,0.5302768206102765,0.5142971609572332,0.5147486354350548
772,0.6183922612817147,0.557609567539973,0.5154651975600107,0.5603521511953846,0.6253603754869071,0.5845315332763902,0.5812373303193584,0.5299719758642507,0.5145995238104522,0.5146308227602483
773,0.6259905158718513,0.5324529053191998,0.5081875762709444,0.5705107295708726,0.6349589627072986,0.6165175861760558,0.5716820712012658,0.533876560486316,0.507718665965986,0.5239647546454242
774,0.6261716327856504,0.5211606373338739,0.5043902109680997,0.5835892923049196,0.6356692282709507,0.6392291955044619,0.5568182849442833,0.5378111289686983,0.504736196435583,0.5262924531600998
775,0.6272528648199058,0.5046825541899493,0.5039717114362237,0.5870757560911711,0.6262610188128184,0.6557841533327087,0.5411085702493529,0.5484539359242658,0.498988155742369,0.5331288769111959
776,0.6265315362583498,0.5034121115471484,0.5043085923125792,0.5889953630106673,0.6231272507262633,0.6589008663578516,0.5359123038519759,0.5500497376694579,0.498300900381796,0.5335016073890272
777,0.6238033749406529,0.5004627672052046,0.5077632973098644,0.5934357728692453,0.604001004772816,0.6675206262659608,0.5116228972258702,0.5578178959404092,0.49532134637786057,0.5370571110338288
778,0.6249414695218056,0.508661375991879,0.5169477586873867,0.5875903505249729,0.5801695246389427,0.6556139961077334,0.4903336509625396,0.5692451589372448,0.4927308416959307,0.5406356631132161
779,0.6266661299814059,0.5439533975964501,0.5364976380813191,0.5690727506762085,0.5547208219250667,0.6214989705439403,0.46507864669114285,0.582314993770238,0.4932162415103163,0.5416099880737688
780,0.6220260316446152,0.5735322347474759,0.5495951134816547,0.5523151051687599,0.55386724829784,0.5988638327286566,0.45378963984928844,0.5875443589738676,0.49627340406140186,0.5402730362865992
781,0.5497640060404532,0.628356195140427,0.5816327204866574,0.5036195325148095,0.6132402950670474,0.555476787593044,0.47485601305946773,0.5800564515527532,0.5189340420360821,0.5202274279846789
782,0.5266926633575392,0.6297720818824094,0.5821574474070971,0.4972910448405182,0.6281467321787995,0.5488043330441986,0.4884255532790993,0.5744008540122865,0.5246872166924339,0.5143503505684255
783,0.5248479543170227,0.6311177071467674,0.5796708509070572,0.4964059850044002,0.6300481694688612,0.5505264006873842,0.48800053882804306,0.5750708708306234,0.5248302083637397,0.5141783245709759
784,0.49546332235716806,0.6278983273991758,0.574270104199859,0.5014306101550902,0.6378855586841368,0.5302725866439314,0.52341033933913,0.5554190297806555,0.5354003546329724,0.5024776678442268
785,0.4946787329682746,0.6289225086155863,0.5698191536757745,0.5059033627275247,0.6359158296930979,0.5296860660741806,0.5284190924490931,0.5518013903088523,0.5367573896515131,0.5006595469746673
786,0.5481420190320808,0.632457768771574,0.5390515518059968,0.546353723224119,0.6097489112085048,0.5192660381539013,0.5739679164733182,0.5131136963019711,0.5415681125214313,0.4956050090620963
787,0.5756686015873388,0.6300786652849314,0.5241722882983872,0.567814065889678,0.6096037229405823,0.5393044011235149,0.5771163715224829,0.5047142430317968,0.5398456872184423,0.4980555891983282
788,0.5896116189939379,0.625703271812682,0.5167144917080724,0.5767551894258008,0.6111340412148246,0.5519779446779826,0.5783732812184187,0.5012866850480856,0.5382106046086782,0.500331103140767
789,0.6203260431996558,0.6000617719219229,0.5006347656843664,0.5914977287791217,0.6203369070928739,0.5941556184485502,0.5798501369199034,0.49630560284273845,0.5315835722140076,0.5092507210316637
790,0.6201974631795889,0.5983206013532683,0.5001434810915333,0.6000020835163209,0.6201148311642577,0.5994844566300435,0.575455885728088,0.4960919011955413,0.5313636772987278,0.5118705544060546
791,0.6249823090091305,0.5869667656323343,0.49749268801052404,0.6051046003025115,0.6215319854041089,0.6137179336927076,0.5727633255505534,0.49609846637000493,0.5287665094920312,0.5166441135509419
792,0.6286575659114875,0.493561667047481,0.5376145663720415,0.5880569062544225,0.6128990453980869,0.6846173761644428,0.5276113425267297,0.5324131393228282,0.5001271092043651,0.547320136036342
793,0.6285681908873375,0.5005839483310478,0.5502659303586748,0.5815877053385646,0.6025361165868871,0.6764722927287268,0.5166658433961615,0.5404998740144077,0.49808408560270817,0.5512030613195248
794,0.6281620558720492,0.5110834283034145,0.5595773557576612,0.576783729409759,0.5935683175484165,0.6672191843209317,0.5087048926429679,0.5469290103287743,0.49708370414694625,0.5554672242150017
795,0.626345471153881,0.5134048120430033,0.5594429921062475,0.580466095817386,0.5884070443002214,0.6664929280722177,0.5101059474078198,0.5477584162302359,0.4968795482857339,0.5609522321225162
796,0.6250687693157846,0.5210491565637568,0.5629244245470469,0.5805350618117819,0.583324804314995,0.6606929085485337,0.5085705532010535,0.5508818042308177,0.4965106287219296,0.5671303591904934
797,0.6236576558676323,0.5258776005949065,0.5637283966528801,0.5827090304279976,0.5797173197136803,0.6572544912229953,0.5100769541762421,0.5523252804196285,0.4963916977931818,0.5737236963186793
798,0.6219137468813188,0.5559037673946129,0.5812625389674859,0.5648428958078378,0.5840765931404595,0.630867834402695,0.4946060427486441,0.563593741891837,0.49661855329528726,0.5762691469367148
799,0.6165402946789389,0.5759860314735964,0.5891252620441007,0.5555277195255637,0.5902616089061847,0.6128070887601125,0.4912816548927177,0.5707911327625367,0.4974646415516575,0.5818295871061826
800,0.5971148457446139,0.6112082574693399,0.6084584023331696,0.527997372096092,0.6141252485503745,0.5750714387074072,0.47553557905553884,0.5828349584269578,0.5054127509142565,0.5764297976435003
801,0.5088928631340491,0.6224992958855956,0.627587254752085,0.5278661611277162,0.6647019913428667,0.5110465260899762,0.48831233225982695,0.5800212817221562,0.556249756124049,0.5231779659093808
802,0.5088373427709245,0.6225434634531491,0.6292479714812367,0.5329671306716943,0.6616605266576099,0.5128518073531885,0.48921621389776054,0.582111999261935,0.5548246551010524,0.521117570638817
803,0.5093272349902377,0.6197767909238602,0.6262728388732487,0.5426919713277745,0.6586184641114015,0.5138835291733699,0.49599364148466735,0.5794511700522289,0.5581412052466138,0.5155784237030049
804,0.512975278328861,0.6169892136462143,0.6230477770895843,0.5546153741456726,0.6527004367538207,0.5177335955734165,0.5025868486340888,0.5778362199499577,0.5594250679593393,0.5102702333231203
805,0.5199520013222391,0.6137031274741855,0.6207862665570512,0.569853663884799,0.6423325384028674,0.5257026352346688,0.5077428019882174,0.5786872375168218,0.5571478352590469,0.5051704086354131
806,0.5302223492183811,0.607999575987652,0.6132748429559091,0.5835460764164655,0.6320902957428496,0.5343022048181966,0.5153178614586025,0.5766079521867092,0.5558405396446936,0.5011225423006384
807,0.5438222177621553,0.5995760602821851,0.5997506456157273,0.5949743105696852,0.6223433362942434,0.5438431805506359,0.5256487971454082,0.571553843756174,0.555210934201617,0.49844801066565486
808,0.5636160346037578,0.5845176491365172,0.5783830660863256,0.6073290906811812,0.608780455708058,0.5591705285407575,0.5395267200344298,0.5640009359754287,0.5525434496416184,0.4973831142126965
809,0.5874199120702356,0.5611556066480387,0.5465335600655111,0.6168424907634512,0.595756598937943,0.5788746026306197,0.5584271705315602,0.5512140816864564,0.5489020378758428,0.499868625517937
810,0.6009951323739651,0.5353520074863644,0.5261995215942364,0.6240851068779735,0.5811990828339749,0.597216105632536,0.5692652780150803,0.5432647443981861,0.5415369640974039,0.5065998788700516
811,0.6133310018098539,0.507626856480199,0.5025071451993114,0.6306298823897529,0.572893414519114,0.6147614706361857,0.5832592679786077,0.5306760523761986,0.5343574836465588,0.5152502062291462
812,0.6185690946487394,0.48142020866983315,0.48835393794766496,0.6399839965465709,0.5653080234713362,0.6295640612602903,0.593359466330698,0.5195981607928835,0.5260672938132578,0.5269031318304288
813,0.6123474441811859,0.4541407985309978,0.4877764578196619,0.6725634269510145,0.5536900294010597,0.6423730818812365,0.6034534567610078,0.5038946880442021,0.5094877231262209,0.5583491155450715
814,0.5974212558389386,0.5070116259289564,0.5386852429609235,0.6631930361502237,0.5765318014880484,0.6106198139747319,0.5891031206819531,0.5201122976255202,0.5008643335340195,0.5735433101970756
815,0.5884885070040764,0.5325449917645747,0.5564770585167539,0.6484033866015547,0.5833176622536825,0.5925201182040413,0.5806574156966141,0.5321181288099377,0.5031716164628809,0.5740595912069734
816,0.5658213225931867,0.5789821867891393,0.5968930514962446,0.610198366686885,0.5975987285913297,0.5552615807371789,0.5603733831813076,0.5599460321710503,0.5121666011080894,0.5673813769810185
817,0.5474670374232655,0.6031861451194644,0.6320123465078489,0.5852021469396872,0.6065162452774605,0.5323409368701549,0.5438132171618705,0.5797776763436793,0.5208091443458686,0.5580845382793116
818,0.5169745136484567,0.6174483336890331,0.7057227486520358,0.5567446649128459,0.6205075534862691,0.5091401553282583,0.5059297905651128,0.608423226908983,0.5456486806413583,0.5265809562875116
819,0.5164812646130696,0.6175782827673282,0.7090554790217141,0.5584346871295627,0.6192652384009194,0.5086986858601354,0.5053946897553971,0.6100771668288903,0.5449973383828067,0.5256493904464592
820,0.512957973486919,0.6091968174187657,0.7306201124435386,0.5644324646070479,0.616672269018565,0.5107321881640208,0.4956266689259039,0.6169892238738018,0.5522407779705071,0.5121213270313331
821,0.5137759555014764,0.6056915179129592,0.7364719605685756,0.5700907163731166,0.6124558903989041,0.5123482899445823,0.49399177522226195,0.6200781912534664,0.5514163558603155,0.508529939919509
822,0.521218263961452,0.5851896087131108,0.7390517223623099,0.5844288424816766,0.6008821526027079,0.523183484926771,0.4920738238133211,0.6232902984281063,0.5540913918175605,0.49721840209133583
823,0.5258057666107571,0.5758564499194709,0.7372497403014543,0.5925452452440717,0.5920851194075349,0.5281516908639167,0.4925745548496049,0.6260129671651832,0.550771586098037,0.4940752095748463
824,0.5869706455277074,0.4501829989835201,0.5602929566323361,0.6362036356590829,0.5335087584324215,0.585399568636488,0.5669473700993879,0.5815718568200299,0.5440082942793191,0.5002090079712522
825,0.59872573025486,0.41225000346511004,0.47822356621021417,0.6721066702415481,0.5169435806414038,0.6017698253707514,0.6051773208759041,0.5427031286517008,0.5277188719696511,0.521763455961933
826,0.5885904351878084,0.4061112920300972,0.47711896375940566,0.6758073089862854,0.509902863335534,0.6016979640351539,0.6023029100865142,0.5435961208504465,0.5239183682862354,0.530267045846963
827,0.5843120758278711,0.4065808673120745,0.4505599113735324,0.697078048691546,0.5089109382865953,0.6031292319939366,0.614228525546127,0.5230646676315649,0.5135001715557617,0.5445629527794585
828,0.5767065001695586,0.4101805714955849,0.4424970413628271,0.706394459272098,0.5077038562457102,0.6019835624886348,0.6157731837245525,0.516634399716522,0.5094971728399565,0.5529548229671647
829,0.5469674697591851,0.4809513292081324,0.45060729328510357,0.717040855009002,0.5365652611296577,0.5796448045190933,0.6200953812133618,0.5003090557803739,0.49763136819850445,0.5702736673661181
830,0.5300660690983512,0.5193026449177918,0.4822792396776673,0.696898785921622,0.5522318692611452,0.5623713572083459,0.6136845759819195,0.5139784061364061,0.5012359425562686,0.5685592750817854
831,0.5143139136616269,0.5529747652849396,0.530540850986206,0.6675377661296351,0.5663670888005942,0.5428359107187786,0.6023152988428487,0.5366269150343789,0.5095363687094955,0.5609526569380183
832,0.5052650460243118,0.5707891981600505,0.5704284175005553,0.6471874140370945,0.5729691830407717,0.5299422846868616,0.5915731809192787,0.5543899103749729,0.5165917910288553,0.5534682642871287
833,0.49803145169283647,0.5853456663996287,0.6341756211121597,0.6207936600694667,0.580636935816528,0.5142256326452231,0.5722599351598191,0.5789009244422403,0.5280647061608201,0.5391398863571021
834,0.5052469102213066,0.572124283326436,0.7540502987262465,0.5906894420992085,0.5830968457929298,0.4990422009011598,0.523536788065806,0.6173500016131053,0.5481696866070936,0.5021768643677071
835,0.5094568955820097,0.5660646765161932,0.7646457052869174,0.5926782244618636,0.5786370886170493,0.4995839015734122,0.5178101871729769,0.6222779917466928,0.5465859894979597,0.4976611161562304
836,0.5388483293862879,0.5022594724543895,0.7652657877139917,0.5878775345211033,0.5655185010850058,0.5152434721321564,0.5004756556779688,0.6290764780261449,0.5529250902100883,0.47954957274745663
837,0.5576520293246053,0.4513176271412648,0.7128367528650552,0.5926579068650485,0.5511130120207943,0.5327206583153915,0.5132395704762365,0.6230903537502095,0.5515816513342254,0.4794280893863383
838,0.5624803802986075,0.4162553181457189,0.41845696930733756,0.7242612875439775,0.5016163017231838,0.5753697177755094,0.6250227088546876,0.5044798360378416,0.5015786475889619,0.5444493361134893
839,0.5323756028753998,0.4799604670533579,0.40538619884635646,0.7172588656175046,0.5142169521427978,0.5658778933408186,0.6263342182642992,0.4920549113361006,0.4912299378642812,0.5556638719453829
840,0.48791214214127027,0.5663417807999792,0.5102320489494774,0.6578426182006615,0.5422006862220901,0.5364281453184262,0.6042274120626764,0.5413836881599875,0.5005758960209632,0.5469194613509242
841,0.48310997365428343,0.5734313258066568,0.5171309369727425,0.6531199320594312,0.5359534565061301,0.5368756366258693,0.599391402336198,0.5472685358257117,0.5003889330778352,0.5473691348966113
842,0.49961538162097413,0.5733312754518549,0.714719513912399,0.6143637114749972,0.5473831229760397,0.5125883106817658,0.5386138948768615,0.6130347652888649,0.525839087494511,0.5107004522317811
843,0.5471706779787305,0.5127046186412355,0.741456589282318,0.5887836896746474,0.5430192341540809,0.5078458364324814,0.5034178053564655,0.6317499214841916,0.5335513435151323,0.4830601086096183
844,0.5873669272885111,0.3862181827444678,0.5552892218216008,0.6256181452257672,0.5254988206044674,0.5300509957540269,0.5854799105836852,0.5638482891697347,0.5207204820117538,0.49729212837580367
845,0.5858100663593697,0.38878064076988916,0.5404873902941755,0.6396697551001412,0.5239530016782187,0.5328873758055653,0.5941180042573042,0.5525193348571693,0.5163850160552591,0.5018214047804064
846,0.5831537872695474,0.39031367531193206,0.5361990290987428,0.6412342980232049,0.5258068793969609,0.534250140403451,0.5953114567975681,0.5490530657722914,0.5145595752861063,0.5035470440087487
847,0.5766190891948338,0.40540403656949575,0.5087509902146455,0.6627967882072142,0.5243564173573269,0.5408044232441684,0.6066621040045229,0.5267435303738549,0.5058388838513906,0.5124789455429151
848,0.5723061423421013,0.4141425392931189,0.4972897574215716,0.6680800983996293,0.5248756018043538,0.5442153172975829,0.6090621232979128,0.518135492012364,0.502354974714215,0.516038739377307
849,0.568368249139769,0.42039156290046475,0.4893886860875339,0.6692433040880251,0.5263470043529773,0.5470771828886678,0.6093158561121853,0.5129476395770098,0.5002519097333198,0.5183733811713607
850,0.5646699626353529,0.42519874997832746,0.4831807139413801,0.6684538361564738,0.528357251884337,0.5497317771209679,0.6085784547038781,0.5094382000328291,0.4988631398080563,0.5201481476063671
851,0.5396432534304356,0.5030337663074855,0.4126628097077194,0.6791173195919304,0.5131721403414439,0.5697448201477486,0.6173635708349854,0.4721474439920886,0.48027548940115017,0.5320057377037561
852,0.5272646807404106,0.5242277870591416,0.39018284137226045,0.668377234822838,0.5125809620155078,0.5796587709647169,0.6118854211682693,0.47000312235111447,0.477289000191492,0.532636029159819
853,0.48767506382136006,0.5686197922698668,0.3999627538586798,0.6361368865385688,0.5037862012751789,0.5914961153828476,0.6003446085648233,0.4966177944058958,0.47647988104797256,0.5246967898119397
854,0.4861098420316763,0.5722897490597796,0.38850838001546395,0.6289939025754282,0.5022460532158008,0.6057482283951905,0.5869162922269288,0.5009991707016483,0.4740845243326715,0.5209663777872467
855,0.47302794579806295,0.5650646629201658,0.45356348359401194,0.6217923924238787,0.49908089741583217,0.6137841734429019,0.5620662586842129,0.5353688388368792,0.48005828961501623,0.5069236941742211
856,0.47313023550744376,0.5491464424466725,0.5164075826935746,0.6220042487298971,0.5030424063736124,0.6108422848306628,0.5440281300263249,0.5566169755989013,0.4877686321449429,0.49655914531275697
857,0.47538747806214604,0.5490188011988366,0.5182156877649434,0.6220688299559046,0.5011050931091744,0.6137921535557356,0.5391502172715082,0.5586144670398144,0.48578418382109356,0.4944930462048725
858,0.5333054392622764,0.4671814290912552,0.6611352352815897,0.5661979516516773,0.5564986926341887,0.5567727911877388,0.490286136324843,0.5897099043366845,0.5094313357473415,0.4606434883418815
859,0.5400454075858877,0.46245138309059886,0.6589882508887924,0.5549310363332856,0.5634464701739015,0.5472866643089929,0.49109575176129294,0.5884703942417346,0.5090884992162261,0.4593611165074885
860,0.554770962299945,0.43142417848966286,0.6385037094240085,0.5187720537393952,0.5906599857172724,0.5147285585936756,0.5066712820446629,0.5743109466128101,0.5101480269342707,0.4606304214571408
861,0.5555698304379326,0.4311488620600744,0.6305243532991324,0.5139884644786665,0.5967508690897854,0.5068118325387749,0.5144833177753774,0.5680685732981402,0.5084868709406292,0.4633525459357821
862,0.5538377526025022,0.4403245501821165,0.6235864717002364,0.510634327563874,0.6030430063831205,0.49929753663554144,0.5239077197356424,0.5603089193125832,0.5057185627704301,0.4681075622208803
863,0.5520076362110944,0.4488717538786503,0.6197143781923213,0.5091241623277871,0.6070992129944668,0.49499907885720384,0.5308287498064729,0.5537675306651064,0.5039493071779462,0.4722420811572677
864,0.54953802106148,0.46931922312404467,0.6061493630007647,0.5153006112547425,0.6186780860802396,0.4895513365571182,0.553692988701167,0.5229341541082957,0.499094985714346,0.4862428850666038
865,0.5908243608093517,0.6137372630117801,0.4456265843427768,0.6249365210750745,0.5237394907964162,0.6011378107984803,0.584616285934072,0.459312251124075,0.45795528368194666,0.49087662898759243
866,0.5704109811224698,0.6108998092760213,0.41944869773608645,0.6157407207817256,0.5081707124416773,0.6299098083222486,0.5606224365063731,0.4911536171325989,0.4516947102653643,0.47520290319059916
867,0.4992202526548601,0.5423297558811562,0.5051973418962745,0.6149802080939666,0.5036761914024612,0.6342984657943864,0.5054776462796925,0.5656027018564952,0.4608501791636028,0.4544902906524243
868,0.49610326553597744,0.5280985667766753,0.5744855619891768,0.5980801797987344,0.5352012444951361,0.6037803878932154,0.48539500087181303,0.5799740582150817,0.4652502125380983,0.44873442926977153
869,0.5026356400179338,0.5279430495558473,0.6020012314561284,0.5731822839136679,0.5597240957708851,0.5768552721458957,0.4863916715611978,0.5764582748437364,0.4689344111901514,0.4497712569261637
870,0.5078045878994235,0.5321459490697272,0.6128934432027763,0.5516442533714299,0.5766715244019383,0.5551436773398787,0.4940771559719511,0.5684739484095941,0.4710431323014137,0.45273857180016586
871,0.5196469900092876,0.5278873782015796,0.6205482607272442,0.508053665877684,0.6094690131914454,0.5120594594735517,0.5213907541143342,0.5371313814249972,0.47567697397888936,0.4608879022756472
872,0.5306567710713073,0.5258203367928128,0.6200026595013501,0.4958887727277348,0.6258926395000209,0.4890492013151402,0.5470127283786423,0.5009470005266965,0.4762178951597226,0.46802282555320973
873,0.559787506787545,0.5391169535942992,0.614946121549186,0.5186622046272176,0.630496867345088,0.4884188369132545,0.5699091013772426,0.45389484801812857,0.47211158783219653,0.47267471353083834
874,0.575323904680612,0.5518527292547557,0.6095101679023927,0.5318504698351797,0.627954923598075,0.4970898922102027,0.5737012284442069,0.4405293152721286,0.47013425411426935,0.4726779067018876
875,0.5915525242799816,0.5700427889369227,0.5993854068138758,0.5399634346494032,0.6275560966957916,0.5118595009221067,0.5716313209228241,0.4301257045044705,0.46888901729676435,0.47161317925623925
876,0.6129546885689211,0.5875204207450871,0.5860461211822773,0.5513557604150994,0.6203462550594965,0.530618694574463,0.5694068138432765,0.42381001981994143,0.4672911207835277,0.4685574540890979
877,0.6220150409640337,0.5954972273124409,0.5788655913745397,0.5543445181042875,0.6176085021981368,0.5402645734560301,0.5665684815054954,0.4224430902680412,0.466803731547114,0.4668231844940684
878,0.6669743082613093,0.6301934225251854,0.5358386100976277,0.5807088841128853,0.580086906517074,0.5920621665259619,0.5575753791648109,0.4308209478754847,0.46165926898006293,0.45279935733423693
879,0.6771759134826537,0.6396746795970737,0.5124073212161424,0.58802523014251,0.5601873471043062,0.6177118467409822,0.5484959817477588,0.44300965621193983,0.45873630905815205,0.44426932079731474
880,0.6249727670792495,0.6121354055207842,0.45584517673270536,0.6015510469401635,0.4981442975497299,0.6749704144413637,0.5139933109708549,0.5047267553815984,0.44924057257667155,0.42166873734495175
881,0.6178605256570928,0.6053450184575958,0.45920634136271843,0.5997477692200911,0.5016715097240724,0.6854537941323542,0.4965346117610903,0.5147219611086351,0.43827973855203595,0.4089658492699549
882,0.5454227064184516,0.5702897991633151,0.4675150900446159,0.5978517560766871,0.49828252567518394,0.6918099200676227,0.4752672111551969,0.5390553621689134,0.4318574396493653,0.40476203164565416
883,0.5377489207197823,0.5682186162633205,0.4719583357467115,0.5979218362029229,0.5003123545886685,0.6915468952461887,0.47240027058787165,0.5415584976103415,0.4281703427895475,0.40269276153033084
884,0.46604590404691343,0.5650810075816106,0.5216217472470025,0.5780305812280291,0.550250184389703,0.6452443259748398,0.4738018915566042,0.53731505748394,0.4200260139147577,0.4121704826286032
885,0.45786037570506044,0.5749586367351993,0.528806310533559,0.5781234302030344,0.5562093227294536,0.6340220749230877,0.47987831440756845,0.5343757832479972,0.4161599701524712,0.41385403961050593
886,0.4484607545216527,0.5845413598827495,0.5400964795295865,0.5725474143583982,0.569864054379925,0.615190369296429,0.48880432217270886,0.5257541888143835,0.41384743430091725,0.41776981644206007
887,0.5431880140644555,0.57880765573425,0.6123590681973478,0.5256982182145895,0.6740989629827352,0.48314950535750273,0.5521140042101427,0.4058019136713197,0.4226605645587552,0.4261470591063101
888,0.563303771722624,0.5853241484819942,0.6090725861142551,0.5310186862187103,0.6714448460986034,0.49001188897797915,0.5512796699384362,0.40522251411697,0.4237366223033303,0.4247066085591388
889,0.6169303429201055,0.6016802400005742,0.6007282734531662,0.5448271662924986,0.6576907576146414,0.5142757141208814,0.5472024400440766,0.4124449438334373,0.4259940165095407,0.41778693284761
890,0.6264616637667636,0.6053871996242829,0.5976307106172655,0.5468177472689734,0.6546014315369206,0.5204686204545477,0.5451480492643109,0.41488707469826186,0.42623059085540316,0.41661386727796235
891,0.6512029784464193,0.6174797600484936,0.5801595739110955,0.5470833665483043,0.6488945336472153,0.5459095378769553,0.5273816946446106,0.4241836620940841,0.4239704730858118,0.41646376016736825
892,0.6792526977585699,0.6274978385457327,0.5676578705161818,0.547438978282414,0.6342339748451343,0.5750514747038745,0.510867115109991,0.4379337528085621,0.42331853498810296,0.4152082667129311
893,0.7015954375601094,0.6337670552049299,0.5599583080783388,0.5476660457877399,0.6155277569315614,0.6024564308073268,0.4989803072075644,0.4520401411042702,0.42448376909237623,0.4120227630891637
894,0.7182214251806961,0.6356864418472794,0.5519544115446274,0.5468636954117398,0.5901188906026043,0.6366916133794747,0.48467700849214346,0.4701910628863889,0.4260915712799873,0.40708514925611616
895,0.6404767112617993,0.5916671067921067,0.5269687070824118,0.549150070467947,0.5171095617017242,0.7199021682775189,0.45529907649338147,0.5150458065779631,0.4319400002562791,0.38580407602660755
896,0.6017501634030012,0.5812684163911839,0.5253141724028461,0.550042789257285,0.516808842916855,0.7222078083647012,0.4544687192508702,0.5165406850290609,0.42905425393035196,0.38485799454822894
897,0.5382793762435574,0.5809893408746525,0.5226248274749488,0.5535455192954652,0.5323215117817521,0.705733222420506,0.46239964309465753,0.5067071101051912,0.42417227582651645,0.38782758841149084
898,0.48562400851004534,0.6014052345131418,0.5237727709177806,0.562952484524578,0.5634733238890505,0.6599567245918629,0.48709613724708267,0.4850971009408465,0.41375073981832367,0.39580822151645784
899,0.450662882728375,0.6221974706378771,0.5225231386070461,0.5682751700293873,0.5998630906129749,0.6095135828306959,0.5085874514597818,0.45442352022713417,0.4064845108923413,0.40547573287846356
900,0.4358516603944947,0.6282699160782019,0.5220382705459923,0.5727256453379036,0.6146050667700582,0.5843950727916626,0.5205372562422258,0.4402812206384928,0.40268125268709154,0.40988490882397993
901,0.4163746166467317,0.6286791727563354,0.5229901402046581,0.5760553217152606,0.6420366641588333,0.542668741636224,0.5359161400292303,0.41509053552504177,0.39731947784516797,0.4163854265082557
902,0.4110445401269394,0.6176717806161522,0.5276155069637263,0.5774527174791643,0.6629374040797157,0.5098478730382723,0.5460478740947374,0.3971890363483379,0.39346222585082324,0.42010420082228317
903,0.40928444701380895,0.6145867747254393,0.5243377402998369,0.5842623878880827,0.660248216259205,0.5022238006011023,0.5513829862931601,0.3943014606984158,0.3925780585685274,0.42291646701766245
904,0.43731295793451386,0.603074976749503,0.5338064646311644,0.5824777111249321,0.6626947984723045,0.4945160207819706,0.5522163039327371,0.3953657588585507,0.39214234685470567,0.4214106507857942
905,0.4584430504528137,0.601943601331657,0.5356469207045066,0.5835689813750768,0.6553966216755935,0.4976757056350692,0.5499691157825264,0.40108055347457977,0.3924564917371377,0.4216469727042354
906,0.6390568676381204,0.6169921682188043,0.5798461853893733,0.5568017280777514,0.6127004074261082,0.5529036335302112,0.5232837028840972,0.47029898219874583,0.40369118551847166,0.39810131730303105
907,0.6617843165057412,0.6198278571538555,0.5792486961738567,0.5510430908683982,0.5996074185711693,0.572387134091471,0.5071393914295769,0.48688800167109736,0.39948531861566433,0.4037161983308647
908,0.7130941453845281,0.5950340457586751,0.5985870989342126,0.5196671856850461,0.5557223085626416,0.6411435572308527,0.47780652208413377,0.5384430352985765,0.4155190246843737,0.3842747967899536
909,0.6523041252402647,0.5608188579984186,0.5961723581104349,0.5152435030367124,0.5408411028348552,0.6665828516279259,0.47158217485560583,0.5447993437155381,0.4229631335749138,0.3792009143754399
910,0.6277111724817469,0.5561344512564018,0.5941244441741541,0.5195446107172111,0.5413124266762732,0.6648487589975806,0.4761808522239358,0.5399137517350495,0.42185739366450403,0.38196245018819963
911,0.5823798715191999,0.5641359262807567,0.5855405389371735,0.5352040531043915,0.5468051125133189,0.6516749428622399,0.4903034300991365,0.5200729502104624,0.42208247263161486,0.3876083331937235
912,0.5608078059561057,0.5737319263820696,0.5801744496234279,0.5469508791866332,0.55154390040038,0.6388716382120857,0.5024507619588229,0.5061132228219646,0.4205196032448478,0.3924928308042192
913,0.46986424472532107,0.6372289554663717,0.5371904266319317,0.598528981928849,0.5878276502015422,0.5672413093805881,0.5499867832079717,0.4270780346523265,0.41475653384963956,0.4115842996805661
914,0.4038375460441354,0.640247884953967,0.5027826913630559,0.6179723480230035,0.6183611251400887,0.5203443751976106,0.5695603353772258,0.38363999432699575,0.4035524659378864,0.4200027809619011
915,0.3940956105908722,0.6208911683141313,0.49933792173884584,0.6209230071323205,0.6207407912204512,0.5081251367633618,0.569783219753204,0.3889593627744655,0.39470816406616355,0.4193865851652202
916,0.415402631722941,0.6129744029983251,0.5079859451010506,0.6188802839564339,0.6139566108228154,0.5105862108629771,0.5637974959065699,0.40751820132838024,0.39003027532422563,0.4167176264473563
917,0.4370959406363331,0.611342428231594,0.5163788137287653,0.6161351312355415,0.6083400671523266,0.5149152009507988,0.5585999857400353,0.42213095770203096,0.3879557279854929,0.41455217591556043
918,0.46972555887135853,0.6149784879555931,0.5261766479295182,0.6141259208923321,0.5940303834168065,0.5251844950288298,0.5474250915356367,0.4437381205133018,0.3839696839635662,0.4151455267963951
919,0.49859172749444,0.6166849553847271,0.5366296790836897,0.6093853412503111,0.5875865454049176,0.5326599191393668,0.54024415457578,0.4602109608903889,0.382829060679346,0.4133161809248884
920,0.5326893570714923,0.6198613245576221,0.5483295741766385,0.603249735677009,0.5791607558220474,0.5430635559165704,0.5301235085507111,0.4795109153535357,0.38113014510252397,0.4128434310032253
921,0.5630538324129862,0.6221177094564291,0.5587732413120091,0.5964613920707164,0.5722569645928678,0.553265579103721,0.520329881202559,0.49649263437083097,0.37972264732827543,0.41328527153633976
922,0.5883637863036278,0.6229660163010806,0.5675736453251986,0.5894894354213142,0.5669600887971953,0.5626885403615741,0.5113431165984336,0.5107409685763656,0.37848975929588957,0.4146754361551641
923,0.6756745312622067,0.5972903337396274,0.6050552279985437,0.542043640336412,0.5566947831254754,0.5986566904516144,0.48504295757429094,0.5584818883461842,0.3858241473935237,0.40891214871949316
924,0.6825371725473243,0.586841853047346,0.6095423208707137,0.5316252960399082,0.5560838146830878,0.6047718867151849,0.48107577347505676,0.5641268407810699,0.3862221160511698,0.41226081948818294
925,0.6826556235546821,0.5834519990469895,0.6100275997579552,0.5286622293745704,0.5561850792805546,0.6065592501701422,0.47969429207055664,0.5660377737996002,0.3840862939006269,0.4178405034422519
926,0.6867108357538503,0.5696296536762651,0.6141231234433737,0.5180710746366439,0.5563063630428604,0.6109017112262588,0.47844421676935045,0.5675860745487487,0.3878075635500091,0.41835995997370407
927,0.6830084621950651,0.5444692893466668,0.6184296933041162,0.5036467238024988,0.5572797801542108,0.6128882520979874,0.4824406645195615,0.5647239170391682,0.3922296735431805,0.42685566166787237
928,0.6798816039523917,0.53589391952501,0.6191170095575784,0.5005023875696863,0.5577855171159138,0.6115693835011433,0.4862644036468435,0.5612522861689174,0.3938725344993918,0.43209523403426153
929,0.6754126151524826,0.5262599424042048,0.6195407917408727,0.4985838680357776,0.558225775650861,0.6081217071356444,0.4932071779169951,0.5555677045147169,0.39587136237808795,0.44052244894995907
930,0.6730781488845048,0.5216783881781255,0.6195237214744461,0.49858430856547836,0.5583193281052523,0.6054158628686925,0.4980474100809357,0.5520558689552248,0.39677289312177505,0.44657368375788037
931,0.6451467065032296,0.5180315303296158,0.6157401552254985,0.5220120981319336,0.5625107227306245,0.5774039536436977,0.5375177306891209,0.48472938280871053,0.43299322619242264,0.44372407285490484
932,0.6381146511073088,0.5250606795300523,0.6138660574864544,0.5354079629488256,0.561820073723764,0.5659864288408372,0.5526233805845778,0.4671607109940431,0.44013403626325115,0.4485151802842907
933,0.6060351847492295,0.5762983085356806,0.5921623752581634,0.5780709805321491,0.5650544523160205,0.5392640832263109,0.5838975442322865,0.40487785731122533,0.46618344894048014,0.44513223618942593
934,0.4926413661861746,0.6548618572998294,0.5189529384930849,0.6210237155666924,0.5724160277446453,0.5205460216569295,0.597301708484435,0.3660178759238865,0.47531024033235697,0.44004540789475394
935,0.4791189954776343,0.6521938780869121,0.5206747792828269,0.6252186937967624,0.5595433081570067,0.5223355927642178,0.5969623075329006,0.3754134963395556,0.47087648520921693,0.4398685514550304
936,0.4320730169544612,0.6480695682473139,0.5304196537625776,0.6369605586104528,0.544610793450702,0.54068651401776,0.5581090721502868,0.4864765427832419,0.4204194267521258,0.45089208220476723
937,0.4557875183381577,0.648213394509275,0.5510489939535208,0.634475406242669,0.5397565755079174,0.5499426876151436,0.5403420968547583,0.525527004352491,0.40122048060665466,0.4570153550304508
938,0.5721088849686374,0.6263334360638753,0.6045671152553578,0.5867322079251973,0.5434595805281071,0.5705513564837861,0.5029641306712586,0.6020387433676843,0.36154971023537,0.47418687580033675
939,0.5838204769075137,0.6234927166911413,0.6084011722070178,0.5769718460374914,0.5451863013645972,0.5732052010057338,0.4989227815220949,0.6072661654747591,0.3548991255333434,0.48711326635727914
940,0.6417690051904955,0.5694338871438585,0.6185684386518137,0.529642229722951,0.5551494895264517,0.5691206170764727,0.5059150330271079,0.5967949137376305,0.3577304896970188,0.4973607636906018
941,0.6678196591091627,0.5016858040497527,0.6217506692061651,0.5162096349546087,0.5609960088315719,0.5417413432284347,0.5507922956328293,0.5107973214413124,0.40808815429858974,0.49290468831046363
942,0.6666117376797436,0.5014232572109464,0.6212909139030869,0.5187650368504102,0.5600327699615075,0.5388000253349854,0.5549566753063284,0.5087536454130362,0.40898164679700505,0.4997217175574853
943,0.6607892314609158,0.5125301761489334,0.6135055546365358,0.5549681829130039,0.5583449683422612,0.5210008569356573,0.5904297367060365,0.4248913109330207,0.46377015215135725,0.4846699341992159
944,0.6552455637020486,0.5225933353038063,0.6095089323391897,0.5670723064733825,0.5556620062937675,0.5174158597604622,0.5988751879058738,0.4085296233749939,0.4762271246786679,0.4839727509895694
945,0.6472478294080173,0.5360335135112065,0.603185365669899,0.5793628409962257,0.5521760899915127,0.5152715553912137,0.6062937144961387,0.39338408129627767,0.4894702505263617,0.48185991032672515
946,0.6134705081677867,0.5814124467492866,0.573739032859014,0.6020318105801942,0.5439153359805599,0.5180544192145269,0.6150127336906617,0.3700402428701284,0.518603960849102,0.4681984569773441
947,0.5787020414487349,0.6071408189388722,0.5550904261353898,0.6117145738165128,0.5330229181043448,0.5240941700733464,0.6125916365483118,0.3786299226406221,0.5276410875060313,0.46257465409149856
948,0.5231620196587397,0.6329332523415718,0.5380959455334274,0.623608765376881,0.5177304811282287,0.5359120969656103,0.5974989669364974,0.4171593937362396,0.5258849667792344,0.4590990066182493
949,0.4993736074894087,0.640410556104417,0.537155260786201,0.6308737870677065,0.5121124676712289,0.5414988500610417,0.5866414431123159,0.4425622658143162,0.5196480713953405,0.46011289501011954
950,0.49566189351620193,0.6400790004451419,0.5414223885371668,0.6331484979250772,0.5077691268077018,0.5447333987413002,0.5806283298871432,0.45115346912474474,0.516238822413935,0.45973655459898644
951,0.48825001937120205,0.6415857327518196,0.5441735463577418,0.6370783776213593,0.5053416158912066,0.5476644246848825,0.5740384736455895,0.4626469019296287,0.5122246377702838,0.4601458930274239
952,0.45636626464515195,0.652003410185304,0.5600414574662076,0.6589520182283507,0.5098574700439529,0.5544037814637636,0.5468940943107253,0.5246802965931391,0.4857510334508527,0.47074327622901074
953,0.45580201547414934,0.6540992675614936,0.566276230389197,0.6623779422456185,0.5105422954055459,0.5585297321560572,0.5389389242157703,0.5318357147465615,0.48012194879747294,0.4711126824669588
954,0.47190937584828246,0.6545860062388184,0.6015132157935278,0.6655246082444647,0.5349537745416907,0.5534883170771082,0.5162802029947638,0.5959138772884893,0.4314200212325451,0.49316717905805163
955,0.5337193379125115,0.6300728759890906,0.6190421295935064,0.6185050753284861,0.5577591086667495,0.5317649729462469,0.5222892505507373,0.6191518439408521,0.38911329154131163,0.514645107733268
956,0.5864037089749013,0.5926925972540132,0.6183092541330873,0.5676650738649589,0.568268812292788,0.5075697627515401,0.5441357385761103,0.5949079929113559,0.37564863338729965,0.5336740597240361
957,0.5978108104894132,0.5825607232866554,0.6153404587662311,0.557275003537036,0.5711695791846025,0.49936855423699356,0.5533936172581981,0.5782726210584377,0.37778628700721684,0.5454688529420324
958,0.6154569449576724,0.5626790912906218,0.6122536810297887,0.5514887683786678,0.5728694534550017,0.49150476734648146,0.5646265689020898,0.5484624519232262,0.386648432596173,0.5525962013097236
959,0.6390453250771071,0.5326682443874127,0.6104403255737013,0.5557357319873574,0.5712483106454566,0.4887502142554363,0.5772365660321378,0.49917593791029335,0.409994812225032,0.5511624635631122
960,0.6422819783141545,0.5253204245771731,0.6064658423896131,0.5655805976913657,0.5686171285133117,0.4892485256888135,0.581463691718898,0.4767562514844115,0.42532970091562505,0.5591825440965067
961,0.6475048682585969,0.5171670980480385,0.6031724649281999,0.574574249829036,0.5647921654339189,0.4931413145915081,0.5844801898467397,0.456356428768448,0.44220589609923305,0.5589728883986755
962,0.6596148397791661,0.5045104212670143,0.5900668608895003,0.5949427065416345,0.5468494406318113,0.51542022388776,0.590885515035205,0.41309052354494225,0.4990324653500291,0.5371377904264891
963,0.6460585572449976,0.5240080134236335,0.567711202632195,0.6050104598804015,0.5170379234470154,0.5470772659639241,0.5851945455642219,0.4163776926421085,0.5559908796743206,0.5076195827632779
964,0.6321562294358393,0.5333707467251179,0.5653086720265866,0.6065981427149534,0.5052286902120591,0.5588672443718465,0.5710455409494827,0.4363765777463862,0.5666891643986246,0.5032778940786029
965,0.592177774125206,0.5708114129329838,0.566598096138484,0.6169471520545866,0.495076590426547,0.5741846585736284,0.5474346542536682,0.47956349069498466,0.5873468436254858,0.4891089896832201
966,0.5565429106984403,0.5949833891859646,0.5898946570626118,0.6295283651311095,0.50584545612892,0.5818311659241535,0.514621323839425,0.5249641327318576,0.5772344548145965,0.4897302727905314
967,0.5444872727783749,0.6014759918444423,0.601761111194378,0.6332760444105947,0.5177022872104671,0.58314199874937,0.5000119184139011,0.5418557583678303,0.567577329559777,0.4908386255663197
968,0.49356897048131027,0.6430609314055902,0.6361482526925742,0.636353679178919,0.568919924799049,0.5314556882698616,0.5125422850662963,0.5899914554531329,0.5175978910173397,0.5200200372438417
969,0.4908942144052195,0.6488915698297847,0.6371966143173825,0.6213280575178903,0.5851670451922386,0.5140106384369706,0.5254409042776128,0.5967327785293832,0.49926242794059694,0.5295438279056114
970,0.4917217914128273,0.6495953723951445,0.6337528775600114,0.6126246739387265,0.5934049743625398,0.49869898425909986,0.5384217739069707,0.5982476652853774,0.4853028726276544,0.53706621474832
971,0.5129164568033057,0.6360944380464804,0.6141292708132614,0.5903175015431469,0.607470158610394,0.4665045872003859,0.5713155851343674,0.5800502535231549,0.45150318508356657,0.5564565115849829
972,0.5227606370966654,0.6298728989861593,0.6062327487842128,0.5859562899430678,0.6119029764008921,0.462282757208987,0.5778519392017096,0.5671555064906597,0.44548634375794244,0.562665504375846
973,0.5340049551901833,0.6224143258743179,0.5962048058906294,0.5854859126055854,0.6165415632495995,0.4617289432114987,0.5822597332254736,0.5495223516842002,0.44231970621720595,0.5701755298573409
974,0.5333121155705446,0.624292734013228,0.5933869776196865,0.5860137907749076,0.6195083313738231,0.46164074434213576,0.5825364262567659,0.5469770310372509,0.4437288300672281,0.5735456148205774
975,0.5369500693761197,0.6221209592528871,0.5878713987393309,0.5882137597939299,0.6218088631807068,0.46323201908149647,0.5832510727418159,0.5389721458372453,0.4443628314197043,0.5774801125927087
976,0.5741086267342622,0.5865515350542139,0.5648832985170811,0.607941217915421,0.6128127507082056,0.4920545413862653,0.5790174329381584,0.4917541830857466,0.4509090504651566,0.5823676351542526
977,0.5817830957611294,0.5773575581204273,0.554992764287026,0.6171582074428504,0.6075741334947294,0.5065474788975345,0.5741300930056209,0.48001455253055997,0.4579815134328385,0.5869671458295463
978,0.6363183321537907,0.5083262051310152,0.5364372009226955,0.6329158829208454,0.5440670644238892,0.5953511899878856,0.5477125897407239,0.4709494330064914,0.5177682086907277,0.5626147364744218
979,0.6388744875693646,0.49997061085845246,0.5360655349817605,0.630793457044562,0.5300240272993524,0.6107984508518095,0.5372714338985324,0.4816173428269569,0.5306069242768341,0.5590941060211455
980,0.6411492888665171,0.49409485593910907,0.5379378722563399,0.6273756031204962,0.5193852410838732,0.6217275570739682,0.5287162437766928,0.4912217919536747,0.5425551445965052,0.5538783009312125
981,0.6385542076360847,0.4895295112660998,0.5414782286737496,0.6232238597839825,0.5096809176345181,0.6336886836123347,0.5129258150581192,0.5061718400924479,0.5515117362356217,0.5522231245258105
982,0.6351498979563294,0.48606988835451204,0.552912822756606,0.6145042030439822,0.5009501661215523,0.6459298622802588,0.4890886238656094,0.527097075267843,0.5679487832353849,0.5442671436831028
983,0.6133393082677312,0.5128446248688567,0.6041982278721594,0.5925203586102034,0.5238700562192132,0.6310365013722479,0.44682317572547786,0.5552796812291478,0.6034291233734514,0.5181635908738585
984,0.5786535976060578,0.5567092707941659,0.6423566512294931,0.5789572262675495,0.5727294166097938,0.5802445406220551,0.44720177647751036,0.568370261235871,0.6022627202748074,0.5133040847436141
985,0.5588231455087097,0.5801231971740227,0.6530059251360952,0.5710287672402505,0.600310761442633,0.545375690223771,0.46303647731908903,0.5752553216045226,0.5917814198758468,0.5164057382982682
986,0.5566486448551963,0.5830327499087364,0.6539715579436823,0.566752998554115,0.6069089954669513,0.5409292880726888,0.4651823189007894,0.5785406805268946,0.5877618780611321,0.5164800620009657
987,0.5406108684330059,0.6024071060125208,0.6552042647760876,0.5546792384082349,0.634422023895584,0.5084388142355347,0.4878245681426172,0.5860421173254,0.5733121593435394,0.5198319361848177
988,0.5027320645370752,0.6375241131342789,0.6278208553143592,0.5630722111554491,0.669488146523093,0.43413558371259914,0.5626467340850476,0.5714147190742279,0.5405819247177648,0.5413855772805761
989,0.5010839916641132,0.6386800899616468,0.5826412999555042,0.5892557372119972,0.6738298929797105,0.4326576936715267,0.5966117707721569,0.5326370367834361,0.5129782339141246,0.5635151583257614
990,0.5092312692670671,0.632802266129972,0.5585173163248824,0.6057735884669764,0.6707009975313789,0.4540196161470602,0.5998461015352481,0.5123113000092588,0.5044235189486602,0.5733399804949806
991,0.5341732273801008,0.6104055213186468,0.5227965018198767,0.633544699046995,0.6455944561105941,0.5145968426012687,0.5932936607697931,0.48901034899088913,0.4948456209467378,0.5847999330009531
992,0.547452368909415,0.5964044671042549,0.5067145751786943,0.6450422377049666,0.6260231796931578,0.5523833840319687,0.585636696693946,0.4863579508478649,0.49413562377277737,0.590279499226008
993,0.6103034389177662,0.5196203703027404,0.5030990352839492,0.6464187550663623,0.529815352015022,0.6715892075712275,0.5344781976095245,0.5311318904008973,0.5172084343856966,0.5804665844386074
994,0.6245828640178231,0.4785421449897999,0.5461006824115018,0.6138283918860357,0.49817620004523216,0.707080399110305,0.46132407545919957,0.5842966058121564,0.5445204297890599,0.5706211735968626
995,0.6250420000285075,0.47250410950532074,0.5869027253697604,0.5827102869815263,0.5173269563934529,0.6925656645212075,0.4155490009253492,0.6006771329880167,0.5673530594271405,0.5557262760195161
996,0.6148758460678312,0.4863668621415912,0.6247629879234513,0.551569852280966,0.5624913775390913,0.6492539957925643,0.3927525109512261,0.6082101576153793,0.5845249555513153,0.5391441662839757
997,0.5844051711546671,0.531590539520383,0.6568127790612147,0.5212500712652529,0.6399743316049659,0.5475924873042728,0.42135642524585154,0.6092181037638997,0.5954951419547684,0.5187503478370808
998,0.5793658548477699,0.5387193522819969,0.657427439905533,0.5157820937868165,0.6515837070189028,0.533503852517157,0.4299111150303649,0.6155812178378735,0.5910039622693369,0.5176072854092053
999,0.5767210384184817,0.5425152422999772,0.6571905327824847,0.512709832780586,0.6576975604078579,0.5263285023757068,0.4348302407929562,0.6198248365507286,0.5881543872496862,0.5170667337131507
1000,0.5193048202673901,0.6062773329181684,0.5110380907276453,0.6365925210515835,0.6638847295869371,0.5169417008922419,0.6260335840991171,0.4933904010152879,0.5273866773901588,0.5725734706169623
