time_step,site_0,site_1,site_2,site_3,site_4,site_5,site_6,site_7,site_8,site_9
0,0.0,0.0,0.0,0.0,0.0,1.0,0.0,0.0,0.0,0.0
1,0.0,0.0,0.0,0.0001519987309253084,0.31655007079890607,0.9699705490991418,0.0007250339276616659,0.0,0.0,0.0
2,0.0,4.107839520928099e-10,1.4997308053588854e-07,0.0020428821241740124,0.35629719648688796,0.9608999350275765,0.008660591073365479,7.154739999959264e-07,1.9597209190948612e-09,0.0
3,7.581633208657223e-12,2.4528377662870648e-08,4.249216137443116e-05,0.003800364307138439,0.5311790607091832,0.9005399574401114,0.013727998509799215,0.00018170651097748823,1.0641332190165723e-07,3.609869253341053e-11
4,4.602142330150986e-09,1.2797332970176767e-06,0.0009892709510526494,0.009223520715861923,0.9256367360233559,0.47088313913745405,0.01879350971249668,0.0036918904491461376,4.874507828637018e-06,1.9951691201600303e-08
5,4.905127319730417e-08,8.628913412890454e-06,0.0018905951289982846,0.02128698428604588,0.9730451455047007,0.3006675741458307,0.024538041734549806,0.005911861735277529,2.9165749282681764e-05,1.9276374580853296e-07
6,1.1876305813965996e-07,1.5698085423089647e-05,0.0024281013313702344,0.029459074591780356,0.9814405113637853,0.2523156075082355,0.027375414373860936,0.006811729625918612,5.063223940612029e-05,4.408651221729266e-07
7,9.185525545409887e-07,3.008766940667782e-05,0.005536006253101668,0.03897081061824765,0.996708009202024,0.10467130852170366,0.028898242867710804,0.01079983654062632,8.530827646057011e-05,3.1103719241081167e-06
8,5.169406372767272e-06,6.075426387009372e-05,0.013825122067745225,0.04882105742778956,0.9991054406901172,0.033122678798260634,0.028552602372154432,0.017972698218758052,0.000139990815538927,1.5702628085414387e-05
9,9.385745213124188e-06,0.00021423474220065667,0.01863467251739051,0.07797262993030421,0.9970307048248704,0.0728236335061214,0.026662271017513478,0.02075775779355324,0.00035705491499642616,2.611698256986394e-05
10,1.4722296480972013e-05,0.0004287105819513307,0.022223597257843508,0.10653645358049316,0.993954662462587,0.10704663735308384,0.02510756954241135,0.021873934509029296,0.0006147393852355949,3.67287032654806e-05
11,3.3352128582175386e-05,0.0008762864008413862,0.030883170115614634,0.14616319700678035,0.9843995044238044,0.1881337058700924,0.023654900744181518,0.023294514820767054,0.0010446383708908288,6.893068396974749e-05
12,5.814555011213223e-05,0.0014099856019323255,0.03868632279966822,0.18068693847974288,0.9725936509368257,0.25256975471426885,0.023544704788088018,0.02362474373278134,0.0014694432042580377,0.0001051534695558673
13,0.00012996115200990716,0.0017836497060997217,0.05520274603832334,0.19709853650444256,0.9463693605973541,0.3705564752343982,0.024323193346639876,0.023144141584831714,0.001699072561052227,0.00019702171450362485
14,0.0001830449345145673,0.0022350892625339802,0.06468709397750809,0.21333060444125085,0.9264021240634992,0.43180983268298057,0.025779613356203896,0.022535573739358453,0.0019378813325478614,0.00025756939687482177
15,0.00022431793014073706,0.0027619648773438144,0.07092193646265367,0.22965384619873935,0.9114218168313829,0.4683494171540103,0.027873882439522716,0.021996223567848396,0.0021867763545562755,0.000300774333716028
16,0.0003662094940065798,0.003410053221848776,0.08920066491201312,0.2441364554079023,0.8675498371309353,0.5631413853536608,0.03114843382669191,0.02008421793284961,0.0024290972736073263,0.0004372532901484647
17,0.00040312045286538417,0.007277561196544029,0.0916567818068982,0.3172110890929478,0.8483180797477652,0.5740703735263031,0.05291377723498699,0.019787811583768692,0.0036656277245554368,0.000467699650725764
18,0.00304148075133633,0.008728442004236085,0.23375592115645447,0.3094734241173518,0.482790459840394,0.9069441387319874,0.06398475288278495,0.004557807294128584,0.0037205571450801738,0.002000325114077479
19,0.005488997923951218,0.01196728566552021,0.2986765379562036,0.3005115020238599,0.3132100213750805,0.9613628638063919,0.09096398536144056,0.005364013588847347,0.0036329168858256523,0.0030018808798782048
20,0.011124826647963486,0.01336900106886116,0.3111715081096739,0.3019329867846806,0.49921379781739816,0.8969965299220304,0.10716555206749293,0.039942280171194396,0.003772033697072321,0.0036783206271843527
21,0.012611567929670426,0.014135734339861544,0.27734754183624744,0.31466010273743905,0.6438160979145192,0.8089914283817426,0.11616391798492386,0.05821399135717157,0.004034552799557937,0.0033540235975765436
22,0.01271543320802984,0.015115743914194193,0.2747684191144553,0.3219014816967219,0.6506265495246863,0.8018227039799559,0.12614729384276596,0.05939783460119683,0.004338250980005636,0.0033654152786614967
23,0.013281268183125847,0.016172635325030833,0.26060279572735584,0.3325566570106204,0.689145118608305,0.7667486580720161,0.13574603362030027,0.06582250489781688,0.0047490896938853855,0.0032220678681759325
24,0.014679841452027009,0.017049141343887523,0.2215715438168361,0.349959281295678,0.773434693158736,0.6703489006536489,0.14327976891330002,0.08235979202579026,0.005369813963413535,0.002717633252484783
25,0.015596732469554389,0.017841717713426353,0.1927084532637598,0.3675239285257258,0.8179808858962968,0.597675123398117,0.1498942896033314,0.09381608713102155,0.006151980893804155,0.0023676847009885668
26,0.01786001536801522,0.01799482389331093,0.08896900434318106,0.39681486679643907,0.9161042882922079,0.3256513596757882,0.15023056884441988,0.13176250492933134,0.007422763606479113,0.001063754169263193
27,0.018046296331172013,0.018089320077511472,0.07059411630571971,0.41991466378068376,0.9190913638693099,0.2774144388784959,0.151802693136157,0.13799706179667706,0.008772139217400308,0.0009442831808550969
28,0.018186929976486372,0.018117043181997063,0.04673311801731795,0.45624380721092,0.9165747140636324,0.2177610832793956,0.15291583962635127,0.14616369915868757,0.011111300551929968,0.0008662632335178456
29,0.018209433188121207,0.018132218223736275,0.039905255270968484,0.4804455185397875,0.9096658155341301,0.2019631934555626,0.15368043527093975,0.14857646782780046,0.012819581757689871,0.0009316281118982909
30,0.018202198738344697,0.018127281208469844,0.02860736410569974,0.4928991993706637,0.9076846777329959,0.17708025043791822,0.15358613995992815,0.15286858704876663,0.01376741484081828,0.0009665414534946332
31,0.013840693999276153,0.018915511962436005,0.08663728765166867,0.5129591853977133,0.8822155741170086,0.2875756487457485,0.15556533916257084,0.1492790678636281,0.015746799095896546,0.004290367414504549
32,0.012630577595702987,0.020006385220716162,0.11524609404237827,0.5317991486072116,0.8617604687541539,0.33993942844858943,0.15871302900357828,0.1427978356351034,0.01741000161688383,0.005285389070547223
33,0.011869896348755496,0.021353163198863434,0.1336320680616164,0.5499863606403755,0.844387676461729,0.37116729653554703,0.16236959000268797,0.13832194049387772,0.019084901677256978,0.005953181774993109
34,0.008321448689316243,0.022471159791373665,0.2237151676109245,0.5483870449286893,0.7922245053170837,0.5092398611666162,0.1670333000012097,0.11508020589629572,0.019862301310842205,0.009022606181237633
35,0.005978501710632214,0.025493279207221844,0.29257204574788287,0.5497688838508694,0.7371800838206497,0.602243283239521,0.17644540195795064,0.09632768952378626,0.021025615631006293,0.011390158869299947
36,0.0032619217131879892,0.02748959557109155,0.3834064606353232,0.5331493697233824,0.6575843757509215,0.7074682710354501,0.18325120736971265,0.07028167492057918,0.02143430576755797,0.014640304573879805
37,0.0016592192485065395,0.035839194019371,0.5308605617312334,0.4827876135231992,0.4980120991607724,0.838786202011124,0.20836358765319232,0.02839037266920916,0.021530873516500786,0.020098002488738224
38,0.002050350644202949,0.045333221031778,0.5394475211308136,0.4809545568054582,0.48742522192899673,0.8411784905673609,0.2338101062952654,0.026166567044050675,0.021681081015052547,0.020436839840695116
39,0.0037671187431407775,0.05604082733987666,0.5650941680646314,0.46876456201533234,0.4640965054923596,0.8504878928431566,0.26096088735886797,0.0211609992036892,0.021613797752205132,0.021438669505165733
40,0.007971242527559413,0.06764318283378522,0.5820424327238937,0.4594092678541712,0.46036731518432694,0.8477660134147603,0.2887000774617271,0.023985387007757496,0.021465368349372273,0.022047789505777494
41,0.019209141664854525,0.07140076057424413,0.5725171314560085,0.4649797416486431,0.5066785824906544,0.8180720327677674,0.2967341528051032,0.05185179674767523,0.02134049257321416,0.02112606936790139
42,0.02065717821719393,0.07894062755763469,0.5691448751026851,0.4678294362525132,0.5128044726645571,0.8101581552420074,0.31371697620485606,0.055714457066749656,0.021617437469544563,0.021093382483581023
43,0.05109742632063378,0.08364794960836054,0.44179311488364437,0.5299832095402183,0.6744277031510327,0.6545585957577355,0.318018822275829,0.16238714986376843,0.02284998156728323,0.014894143250830627
44,0.06020815056570941,0.08957403682823309,0.38645134492376787,0.5622014362653524,0.7090889855709858,0.5899170551928412,0.3274150777116738,0.19712113477561982,0.025962186139202988,0.013131060814470488
45,0.06287598924088343,0.09355706926037914,0.3699656236437679,0.5773094658795774,0.7129475357338629,0.5710568449434121,0.33448990667520845,0.20678881065839805,0.028347135184268166,0.012924111666286892
46,0.08083729376169481,0.09874019212745107,0.24739638824801582,0.6390031741200736,0.7480314349040383,0.44719890995247974,0.33539036938433836,0.27394678692572094,0.03735057722799903,0.009755772821031707
47,0.08245406879738928,0.10091947424407917,0.23632198170634958,0.6551057136279957,0.7412525782420898,0.43664596559558894,0.3384777687096397,0.27954809980889284,0.04131847459685718,0.0101545706274323
48,0.10120599856500333,0.10083501215312272,0.1088309928917738,0.702452829786017,0.7480109252788198,0.32974774180891614,0.32488310816841565,0.3486707327924148,0.05250482694948315,0.009568831565854181
49,0.10296014397240236,0.10081654836438203,0.09969166019062849,0.727669047910199,0.7280508312720297,0.32245799197123115,0.3230367407771727,0.3564984400901845,0.061123244730498974,0.012011421146700315
50,0.10330079107032104,0.10080039866791778,0.0990719520982824,0.7434590429796514,0.713169162264298,0.32178889300957514,0.3225342225650226,0.3583621530429533,0.06703387859754298,0.013659603763810327
51,0.1025902552368086,0.10107896045460585,0.11778476307365124,0.7643566857368994,0.6879535702079578,0.3314963720033947,0.3220448649005329,0.36055094286273787,0.07683512589153028,0.01954363484591134
52,0.09874417990121992,0.10193956857927665,0.16151659472221874,0.7740911015387819,0.6671315743827297,0.3538111501919302,0.3245214399588926,0.3530833769229221,0.08368246118304183,0.02644378340344991
53,0.09221461307377771,0.10474687208566522,0.22712467630807978,0.7837230932308397,0.636941294669221,0.38532070812948027,0.3306947267062511,0.33733569772960764,0.09302892523079855,0.03559509149530248
54,0.03692364190750724,0.1657871652089891,0.6806386872518102,0.6177412965542214,0.5176718456940892,0.5837705891660354,0.4137784398250135,0.16458689809560323,0.1064077393381633,0.09039194338923176
55,0.02792927996294496,0.17942786764618646,0.7315343286805626,0.5734372516847025,0.5030706148604521,0.5989799183059649,0.42747736827944577,0.13305776067405528,0.10767957559128466,0.09860111160071847
56,0.050797542306980394,0.21637899954684228,0.7860578241711568,0.5110756561031963,0.5040660974978032,0.5853156365389908,0.45532037065005176,0.12276925847693707,0.10645477678783778,0.10568980258952547
57,0.08757431728103769,0.22906003737565583,0.7285655975428766,0.5741513472746916,0.523165169174485,0.5492232520918829,0.4590727240399292,0.18087978464174848,0.10572217575450789,0.09334178615016542
58,0.19587096262720696,0.22972212045193932,0.4408844232737567,0.7554821340791812,0.56969797533042,0.44221307151540973,0.4276055358416446,0.3726734296772551,0.10664542393524779,0.05007315098180459
59,0.19796513513153155,0.24036537260981597,0.43288873159729685,0.7738302122926086,0.5472688638685462,0.43802848828686597,0.4331862321766575,0.37493971723214287,0.12243557294527024,0.05513478791993597
60,0.24656885073486284,0.23699610973310578,0.25344762124222747,0.8268827829488108,0.5499553675517319,0.402891550444859,0.4069610212339708,0.4586152905816721,0.13109575136356,0.03933700723391433
61,0.24790825058143764,0.23725280887490752,0.24780291208046054,0.8350810589345924,0.5386518982438268,0.40212855765641925,0.40614720505444724,0.4606167831232695,0.14001067838344086,0.04229595944045181
62,0.25250385505986755,0.23671442977907603,0.2300210772961403,0.8448111012375968,0.527620668279315,0.4009074732737621,0.40253576537219316,0.4693308966037409,0.1500794103647615,0.04580170358826383
63,0.2526279483361972,0.23653889581102394,0.23186695810611035,0.850913891735565,0.5156242847045208,0.4032041681800537,0.4013169095959304,0.47150778987162156,0.160824683222599,0.052591475372240674
64,0.22614997169423026,0.24063566638659273,0.3495863857123875,0.8317793958797322,0.4978402428546941,0.4246230087333581,0.41372007349803375,0.4390601619163227,0.17574450610578013,0.08263726004586479
65,0.1313142793181309,0.25636387981738984,0.6732150423634388,0.67739577042558,0.4706824640727028,0.47458427155218535,0.4555301200425035,0.30005168045004543,0.1931056653945163,0.1566303891741562
66,0.07067493378922972,0.3089552299461349,0.8199092669199629,0.5041625943298934,0.456700454590837,0.49158738206071156,0.49212617764073346,0.1905532182198504,0.19986493021632776,0.19972286332574904
67,0.0672764403609933,0.3551810707834713,0.8279088352477681,0.4739626832699632,0.45607068315189037,0.4863029022021233,0.5091402352373038,0.1739349190706269,0.2000534668837015,0.20495359369086327
68,0.08116273933162509,0.42108210678739055,0.818336382309337,0.4581546276170772,0.45757697677833953,0.4745977702505661,0.5278598611399865,0.16956544103749233,0.19777580697911928,0.20539512170889285
69,0.11647932107111547,0.44645415432577923,0.7921998471322088,0.4887995915426105,0.4593706192767876,0.4663679712024201,0.531223186026056,0.19566907117984705,0.19478770546066598,0.1954887630904521
70,0.20108575030517473,0.5038090464827779,0.711826169346039,0.5730282434767409,0.4563334852377551,0.4527854754343671,0.5327325673309049,0.2652378715236733,0.19968768359694702,0.17770224916928037
71,0.2108201711593112,0.5160483689521813,0.6999604336250858,0.5812261360443687,0.455097338370952,0.4515488391517913,0.533436348237916,0.2719969280844316,0.20191848177423713,0.17712302699237018
72,0.4570497808594529,0.48565171557458064,0.4976807594368381,0.7518133659516447,0.45545632549946186,0.4450819528027122,0.482011886706342,0.4712108777954659,0.2008189966612391,0.11919163846003579
73,0.5173471223069462,0.47393344381932634,0.447688080670229,0.7804628483897603,0.4505303727372477,0.44497171496757326,0.4629650626556512,0.5163079227356799,0.22124198453244712,0.12379038249526358
74,0.5218379064558514,0.47333663099438145,0.4443176467608613,0.7830513163241563,0.44852327770306466,0.4451277237209359,0.46121362616491257,0.518658034934987,0.2313676636987028,0.13083629749365608
75,0.5426125155596128,0.466898297402925,0.4860649607716542,0.7609383185865584,0.4469239011066493,0.4466711581231019,0.45337887375426883,0.532265918611676,0.25638665584037645,0.16714312169947448
76,0.472062713037833,0.4893140199350373,0.5795149768211733,0.6975467749910849,0.44635717951274045,0.4469871369319232,0.4750565914316633,0.47991040556580206,0.2811614493912451,0.2164401183393816
77,0.4014484001688203,0.5113164462390074,0.6433740715568875,0.6381060369752133,0.44667226544788835,0.4466652225396327,0.4937047780274544,0.42877039507066195,0.29698706107027,0.2526907854504028
78,0.30256081094801957,0.5401730339678075,0.7092401885842345,0.5546219555010172,0.44727371634960217,0.44609249878126167,0.5154690939256015,0.3567316210324969,0.31240923120335035,0.2945207986737306
79,0.22715597122831743,0.5653818396439106,0.7431485381990517,0.49168926829985526,0.4477073427423211,0.4457330718590713,0.5291300084977639,0.300207851413246,0.32079305139263653,0.321303315832698
80,0.2391630913695118,0.6284961422718082,0.706783249463055,0.4879214070555264,0.44974082591000597,0.4464165161342796,0.528276607432084,0.30189656772860957,0.3246666130521231,0.3224074773692249
81,0.22416794650147429,0.6449745823906251,0.704576419218975,0.47511975840446125,0.4499940639908557,0.4471887528134989,0.5300010706094913,0.29015344612898386,0.32699992195532146,0.3285242418834472
82,0.22542367365045718,0.6588506341399228,0.6959405065377896,0.4730114256894661,0.45039435686036955,0.44783263618048663,0.5292418528445209,0.2894528871237719,0.32774648627719705,0.3293043835973538
83,0.21544922749244608,0.6848306301509594,0.6849714942583334,0.4545020478532821,0.44822046597835297,0.4530495665692267,0.530618620325069,0.2664303626519252,0.32693988029464016,0.3391908030183718
84,0.228798281533106,0.7150949427581562,0.6576363415933651,0.4553790367629633,0.4480363626164958,0.4562162923744924,0.5246142412757863,0.2707414892894433,0.3263240047164669,0.33806113645230923
85,0.29075895021727866,0.720746567873449,0.6251308519732564,0.47885809113775063,0.44753408497228114,0.4597208020693507,0.5158657188823685,0.2953140081863926,0.31964610026576895,0.3259691285095972
86,0.4061882135502762,0.6998783733321825,0.5883504886723631,0.520786840600886,0.4489124919638515,0.4600593762749387,0.5037990614800287,0.3452226797436996,0.3103007182202759,0.304258207852145
87,0.5484270827637557,0.6579150535332043,0.554469282010959,0.5660154804540072,0.4519877534028708,0.45536959879145855,0.490289966301706,0.4082432512381731,0.30057268099236,0.2776794484866421
88,0.61005103338524,0.6415661279601302,0.5327761459596392,0.5819413611458188,0.45841761004708087,0.45486191362601314,0.4795893736939988,0.43501461832966165,0.31017985524022235,0.28423934948583235
89,0.7845186340346606,0.5664919166440417,0.5035997875791915,0.6142169001997388,0.4718102885099699,0.4393608112774911,0.4568153497820638,0.5112275175589884,0.3197163221847939,0.2766741390180853
90,0.7996424330716831,0.555522104029274,0.505789647723776,0.6100976561608487,0.4776958680020274,0.43573243938208306,0.4529014723134516,0.518067397314251,0.33199363140196303,0.28988000928988034
91,0.7919503627402251,0.5522125726900542,0.5096608014827552,0.6015780685357788,0.4897665736738517,0.4358813791921812,0.451772189541244,0.5130797962341821,0.3574916621922461,0.328211772031874
92,0.7769808880603797,0.5553323945630276,0.5167967328620542,0.5906243988352899,0.4947105294284065,0.4348201449339985,0.4513927948444722,0.5077209652907437,0.3718015272841169,0.34645554446188087
93,0.7465204724196968,0.5674633950211587,0.5257275521421743,0.5761175044729032,0.49842025132283624,0.43612204300234153,0.4528003010053872,0.49659141043849425,0.3878950939095683,0.3670047286859573
94,0.6805069498227485,0.6002648008019723,0.5389137773528417,0.550756278528791,0.5011361226768,0.44276890902313204,0.4570791624982604,0.4727276837905623,0.41433308165076776,0.39976645755413376
95,0.4635630927340326,0.7194323257882589,0.5723525851928085,0.48779832075005314,0.48680566036340744,0.4793380529093447,0.4767581149578082,0.3921635464821245,0.4866728423299933,0.4805281539880858
96,0.43828428635795486,0.7398788299140845,0.5684062560694353,0.4807726176598403,0.48459401010608844,0.4869242603753805,0.47640544118661843,0.3834150278137237,0.4959893103994086,0.49112014735187165
97,0.4245088344336941,0.7719577386285849,0.5474944940338368,0.4739306488027502,0.4828129323305293,0.49874681823718775,0.46739542056406935,0.38149543736959396,0.5033581622143126,0.49854571000645515
98,0.4175590335201922,0.8004414298632047,0.5258998304978586,0.4696670218613852,0.4795053457149109,0.5120787513215752,0.45663965026937947,0.3828122552861884,0.5086348412054249,0.5030838071163249
99,0.41328959683473493,0.8013947750866725,0.5173793329110864,0.4715382137813412,0.47211463581090996,0.5246437205033464,0.4573039137393995,0.3780476364091837,0.510252930728383,0.5077678531635023
100,0.44915875145764583,0.7764284157328698,0.5078976905054655,0.47747603422405077,0.47213986583305445,0.523856227395596,0.45579601504034545,0.3854872803070801,0.49690301810164944,0.49845173320854086
101,0.662288580079483,0.6438899740537655,0.4941097824025185,0.5018562850279457,0.49316975662318735,0.47837723291886947,0.46208960738541227,0.43159014204993973,0.4355675791686925,0.45288231628521153
102,0.6735602375046222,0.637283782899482,0.49211819247811006,0.5019468846701015,0.4967664399090432,0.47637672982058205,0.46014700200025155,0.4347668288956725,0.43499707863964326,0.45743627485589045
103,0.7529127658921171,0.5936063366358836,0.4895942731630818,0.5063676640783269,0.510558927625431,0.4533515573322403,0.4601870258633065,0.45348489690196564,0.42213223733585475,0.45533032396960976
104,0.757815117150007,0.5849269885352733,0.49024011076108753,0.5041419832025618,0.517719203257018,0.45138138443336445,0.45766106197825546,0.4546047536108035,0.42773971178442155,0.4760444921882742
105,0.7678915154363698,0.5775018604801568,0.4906065182920376,0.503722369276959,0.5211869625368907,0.44723736831288996,0.457252744892253,0.45678491539148325,0.42775571582957705,0.4809482048432841
106,0.8134478519561255,0.5400448666696133,0.4934896692202386,0.4981470407888966,0.5396757563065712,0.41407250805897744,0.45293316580230014,0.4699896591679336,0.43397121854455006,0.489610333244593
107,0.4989486118528674,0.7875348176734107,0.4911901895015116,0.47864142012478406,0.49639857384185954,0.5306580006296513,0.43261095179945247,0.41208661786966555,0.5762548149657889,0.5504538793952451
108,0.49408683037483586,0.799929644569397,0.4862399421000948,0.47839621166457613,0.49307655428457886,0.538512235564565,0.4288130555589891,0.41410109171388004,0.5784108803872227,0.5511921045895832
109,0.5057765021651179,0.7784119122509576,0.4809927438605465,0.48341785384264524,0.48322856992152974,0.5469985447700049,0.4328885885195574,0.41502260773971084,0.5513304806786817,0.5428513912940329
110,0.5547071884242912,0.7314468689452884,0.4775698811305476,0.48418201777301173,0.49072243891954326,0.534001510522244,0.4307310298630066,0.42751473523334355,0.5182208491718882,0.5340442080190607
111,0.6538289359969686,0.6370433441174259,0.4825850598380018,0.4823974201098589,0.5135198256681058,0.48976069222378704,0.4418484566646924,0.4403023398922433,0.4717434958790344,0.536808156038897
112,0.7099447783284599,0.5822297652580001,0.49125741770399844,0.477657978914281,0.5343168865908106,0.4588990490575258,0.44767786197609044,0.4455813123249724,0.4610307899092302,0.5752456875997044
113,0.7307929880698641,0.5536934243254373,0.4825407049833817,0.47846097375169355,0.5546905346959129,0.4238566554422951,0.449089703689184,0.4473077651134292,0.517899926892152,0.5713260299200859
114,0.7087047875237973,0.5616709084452305,0.48083336128597953,0.4788047397476039,0.5525236282663711,0.4326604889950845,0.44493738326553034,0.4482910952620387,0.5298867266299613,0.5801425757388385
115,0.6901154408517493,0.5720889208355271,0.4789185708963273,0.4796193287428339,0.5501491740261193,0.4418162607915727,0.44071841256647715,0.44959404858040614,0.5418945592835338,0.5841433888809343
116,0.6428122718661007,0.6221064380523091,0.4716378458855953,0.4837308927405011,0.5413689068010604,0.47669461067213015,0.4271700259614495,0.45236367884250783,0.5854001124612884,0.5812441542231115
117,0.6353739864539587,0.6305573644712783,0.47047399243639193,0.4837493058857432,0.53950956516357,0.48286473495912163,0.42396087014262435,0.45593478870212334,0.5911012568837276,0.5830532103963273
118,0.6245944941186073,0.6477402585820283,0.46852748383722664,0.48431084835886895,0.5363167244377729,0.4944103141707653,0.4188724919340105,0.4602522003607271,0.6028602091010553,0.5833157593526861
119,0.5879005706412941,0.7390882036510973,0.46713134628100056,0.48345209699437897,0.5005314329310651,0.5672304916792457,0.4113208037759686,0.468156580422416,0.6368879510519099,0.5805820105487713
120,0.592487828692884,0.7267030563544228,0.47117007363296315,0.48112343586281986,0.50109385226602,0.562978668220197,0.4130089124685488,0.47209128975812936,0.6239762810402726,0.5810530671465425
121,0.5979017209612002,0.7016478977505948,0.4757185411266082,0.478243770127933,0.5023734247672772,0.5513581235225261,0.4204314928081897,0.4716382018055121,0.6015937285115412,0.5856891423015155
122,0.6095637831854481,0.6604861720751815,0.4899867508716023,0.4729236773726288,0.5078585069330699,0.5321741981559228,0.4295222577837596,0.47760655928882884,0.5661574102556369,0.6036964108154271
123,0.6189794514591159,0.6294663459541145,0.49658282715388463,0.4708114236843897,0.5134790217685202,0.5128912626940435,0.44122168295899117,0.47536689163383566,0.5412160113951787,0.6205956125213619
124,0.6234344291032381,0.6139335847410813,0.5012893262331272,0.4703367414569389,0.5168689332425231,0.5029554497340166,0.4471338476043599,0.47468803892904066,0.5292937963941979,0.6333888621282503
125,0.6442212160718982,0.5766753876872495,0.5061812299672219,0.47237427089167167,0.5286600345638948,0.4718840771488906,0.4669283881943403,0.4666047627263455,0.5029609714462528,0.6605618149767254
126,0.6759842287855219,0.5444515336935635,0.5045701492096676,0.4830901959665401,0.5446197000037796,0.4338923099049971,0.4893785306777513,0.4551976829274496,0.49256458068505976,0.6802095525789097
127,0.6686657384081719,0.540233302095538,0.5059322949654442,0.4856469854997738,0.5433295482922244,0.434628557537487,0.48928468725618757,0.4541623990482889,0.49413210313748557,0.6889445488626467
128,0.6447972413860791,0.5409632149382092,0.4849819310545416,0.5075380962333673,0.5468102728222908,0.4398781688766553,0.47947358515470134,0.4603568824755138,0.5714242256844704,0.6377275224265883
129,0.6322514514289405,0.5449241594040164,0.4832141217885708,0.5093666015103863,0.5440304971644628,0.44911387971350325,0.47339300704972564,0.46506457356522213,0.5865277895612532,0.631668280062034
130,0.6167467281632797,0.5611835495513162,0.4788472970527934,0.5104299076044736,0.5421367290891339,0.47003456713881264,0.4595101296185801,0.4747894797151282,0.6208390924741096,0.6106070281777192
131,0.611349056015065,0.5644876681830945,0.47949384629047,0.5103046108304667,0.5401732411238198,0.47560754663196364,0.45592765804491747,0.4799896662584614,0.6265346626476755,0.608329970692032
132,0.6058494789884262,0.5778942405429129,0.4789194885204569,0.5088068183700922,0.5393424511825635,0.49014789859547164,0.44637736439880876,0.48880352535991556,0.6458461319738593,0.5951428809301834
133,0.6040005212712926,0.5929330749626797,0.4794654526181365,0.5059635802295218,0.5392168121398055,0.5047966771095362,0.4370020291202768,0.4982925114486734,0.6635248942449147,0.5813515126022628
134,0.6198419651085674,0.6583557581598888,0.4883675533003337,0.4856398740178289,0.5398870095148636,0.5579463210218516,0.4092385992179878,0.5252012381783029,0.7137205710390774,0.5333224610185745
135,0.624712084039485,0.6592039946146722,0.4961509361900329,0.4804240488072197,0.5401852239653848,0.5608285604896488,0.4087430079407186,0.5373635144641096,0.7086351791869764,0.5263058948837326
136,0.6287136313326905,0.6680642055842649,0.5073148957979742,0.46638293152778904,0.5326711692402163,0.5675647778918397,0.4111664286293794,0.5444262171363977,0.7018112281754437,0.5239249770283243
137,0.5998306331097658,0.6244810557484015,0.5203979742345595,0.4564871584375892,0.5041371971098964,0.5347673373525841,0.4578275675425173,0.5293695193277536,0.633354311237201,0.5830130193106574
138,0.5976188069673893,0.6186503945137879,0.5255408002833938,0.45596231730452197,0.502593326030952,0.5324385965563277,0.4615923640200339,0.5324386623707869,0.6246252379815843,0.5893700416849228
139,0.5940296707227304,0.6109864564004408,0.5328255392722501,0.45580910433314015,0.5001789543513161,0.5298009378881939,0.4666161329755414,0.5368498763517104,0.6126354332923324,0.5989812576331038
140,0.5701773343711787,0.5729051920525895,0.5286405759918068,0.48734853249712845,0.48906220914325543,0.49146344231513556,0.5245982555906403,0.5073999824314516,0.5360227968121373,0.6784245681385329
141,0.56046272812459,0.566863064967052,0.5303144778305886,0.49809681168632597,0.484884973568991,0.4915762423453357,0.5311259411871363,0.5038088552905922,0.5239355924526035,0.696181569120212
142,0.5478629654196167,0.5526112139765489,0.5145998676425879,0.5490640407461646,0.4892277446091633,0.4784262311513486,0.554024608747562,0.4879496012682035,0.5146511484860884,0.7130579076386719
143,0.5294437506902623,0.5452948058139023,0.5182989700858709,0.554593364736693,0.47871364965220714,0.4892242021386774,0.5488716117735746,0.4890020444242829,0.5143278646643,0.7226304098690169
144,0.529238781766172,0.5384157487317682,0.5082559614102659,0.563225095905098,0.4946978870653727,0.4883135138092605,0.5330805672091974,0.49855202618728406,0.5656376663596075,0.6758934541565074
145,0.5379453710259321,0.5378349049432679,0.5052836272356526,0.5498474248617998,0.5155286057932614,0.4959493117966068,0.5083330332650424,0.5147674638738037,0.6234846293336201,0.6155364391297343
146,0.5527185173592865,0.54348518753959,0.5074733201330262,0.5294512037881075,0.5358451505996463,0.5066346473338987,0.48702715060142554,0.5280695806770928,0.6663490176351308,0.5636270986423695
147,0.6016454835384747,0.5750144980101614,0.538474798505017,0.44847464838500073,0.5699044532498412,0.5462012984467514,0.446878550696967,0.5602677812801435,0.7246600288032201,0.46476019513945976
148,0.599275832025075,0.5756095299557843,0.5519726034316041,0.4268028868444604,0.5537046501599137,0.548053631671174,0.45335243359821825,0.5653860427742435,0.7055945644553071,0.482607101385547
149,0.5820162511610053,0.5697614955165397,0.5595171649869151,0.4203738591543476,0.5245428024652892,0.5430026523545483,0.47089524722079185,0.5634942412257804,0.6708696026435097,0.5275119582860706
150,0.5782694384532856,0.5647912611555356,0.5665034047615827,0.4175328287810049,0.5193026398324481,0.5426417578979446,0.47592206375029955,0.5706021458897007,0.6573666221557519,0.5369304185611485
151,0.5591059651752335,0.5605782085658262,0.5678796627641078,0.4263935541549545,0.4942807407295359,0.5393536590398488,0.4932221838451784,0.5665706997845272,0.6251919394448209,0.5782035291573098
152,0.5292432670156896,0.5567203852501598,0.5652557122351294,0.45299369346986784,0.46150635381780025,0.5388985778869869,0.5183588362601481,0.5572400068825808,0.5798185031897312,0.6336429588006894
153,0.5042218714672152,0.5564657987889995,0.5590291160532112,0.48610731413957353,0.43844538325229876,0.5414188606621025,0.5395923618017084,0.5466021638301377,0.5449773785549605,0.6725445654272832
154,0.48896641380792627,0.5558794627814387,0.5552479837584867,0.5084275470269177,0.4264640656050057,0.5462103250358894,0.5498848658864134,0.540985624168428,0.5274061752899036,0.6909172157957598
155,0.4828074442211098,0.5537113166949924,0.5559580885429289,0.5140654216649245,0.42122770414920135,0.5514882184491579,0.549591042873481,0.5410604557783218,0.5232049337704044,0.6957922908443719
156,0.4506401015778062,0.5482372217298276,0.5486019240572239,0.5611017974812111,0.39951933523195443,0.5696313950827823,0.5603424933562853,0.5310368913586444,0.5035571037002498,0.717124422321469
157,0.4453412760147949,0.5449533016486565,0.5497950221017562,0.5647753177484711,0.3944893269633194,0.5755669329476903,0.5576686019247147,0.5311216852516334,0.5025744604175671,0.7192115047698809
158,0.43648887552462634,0.5448864283322067,0.5429742756228786,0.5869198804129714,0.3955446665968577,0.5774078585670144,0.5641557483416093,0.5267427359936081,0.5042653624117082,0.7171506200665044
159,0.42251337305729314,0.5357610946729487,0.5401898849820551,0.6061712350642939,0.392133864987527,0.5893293237807746,0.5604692954211161,0.5237837249070976,0.5140302805781979,0.7111253821737685
160,0.41845178088038126,0.5317000853401411,0.5404636216527484,0.6104616437636927,0.39087300343958453,0.593921715392524,0.557551990919228,0.5234336756068729,0.5178497827130439,0.7088141711381977
161,0.4067830538478784,0.5172183115411189,0.5475428544307122,0.6162097258311977,0.3762323251934914,0.6124494406817803,0.5448070742984575,0.5239501237584029,0.5185134034972587,0.7118623667861986
162,0.40572261585499625,0.5124173666014786,0.5452621160874808,0.6219001739501708,0.38690124740500154,0.612775827167155,0.5421878428337606,0.5235902529019659,0.5326853189337217,0.6995060336889727
163,0.44187183908366423,0.49232601331564796,0.5244300164852224,0.5710816952100641,0.5163008263833683,0.5667619654760219,0.532320620839129,0.5266340691825595,0.6477064036151409,0.5629031665786872
164,0.48853648154828855,0.47105630068783155,0.5342406811418074,0.46180013320449376,0.6218643278485281,0.515952996727349,0.5198262793134765,0.5348615202237368,0.7142462249755462,0.4305599670141882
165,0.4973615362280449,0.4657071783276851,0.5410011685057966,0.4291761210686179,0.6385896544960022,0.5087940559167864,0.5181880093337641,0.5434237579650297,0.7150160326749765,0.4106332754487601
166,0.502362475333021,0.46266852582342,0.5458410493177284,0.40600100534334044,0.6469678318403703,0.5051536077618743,0.5174275210323478,0.5496972030116735,0.7132844245242898,0.40138372600946043
167,0.5043672101883615,0.4609861313367571,0.548196848612429,0.3903741675531209,0.6515536890769414,0.5034716263256602,0.5180191589708647,0.5585307250095248,0.7064925379388114,0.3980660482090768
168,0.505510255753246,0.46036158253234943,0.5658813968153257,0.2976817784836555,0.6157601379338844,0.5291124095212157,0.5204235049837387,0.571795152102665,0.6746737034184196,0.445210194364989
169,0.4936941445569393,0.46634298606401525,0.5651425544001665,0.29253813106714854,0.565473840097871,0.5580061061489308,0.5252775540883687,0.5722222843942041,0.6459974576199029,0.49687095711787926
170,0.4743194656196898,0.47569726009608937,0.5602345309470785,0.31750054355574325,0.49152838327950904,0.5929243927815788,0.5335124618945783,0.5664789371357447,0.6081986693395759,0.5593846280603836
171,0.4682872309860822,0.4773289984816118,0.5568649187241526,0.32596744572647335,0.46778394096612047,0.606886578027475,0.5346620485460463,0.5686832825234925,0.591175271532987,0.5770949118324623
172,0.4547556677017843,0.48189053289947636,0.5502779637885594,0.358860012476927,0.41332816607463235,0.6316146521749402,0.5387866759102182,0.5663982600582089,0.561309871388856,0.6112120087078737
173,0.4400094270425838,0.48478266392077035,0.5403313899709332,0.41373465152540356,0.3445326138057935,0.6626834159704064,0.541287273502603,0.5620380705443376,0.5271115534075257,0.6442616445523209
174,0.4293154638687481,0.48659533680844663,0.531629077392131,0.4695601937567247,0.29234646191565056,0.6823387136649602,0.5445874988256035,0.5562987706112928,0.5072026873430749,0.6623549452716307
175,0.4206402958787819,0.4881515396881231,0.5205774168764112,0.5281127366447506,0.26062212106963256,0.6942137023369545,0.5502084209904157,0.5490556675986868,0.5007594251650007,0.6684041116917548
176,0.43084864183341764,0.48518069525088425,0.48707625604323945,0.5713014981119864,0.418406191855015,0.6621138179187698,0.5631737575649459,0.5311609429104966,0.5786338670062927,0.5787582263304646
177,0.4511306320152691,0.47897109252083353,0.48933494426172586,0.5248852101451293,0.5338562135499718,0.6227093761558612,0.5549746067918311,0.5318294295030107,0.6156727011265041,0.5125811901783843
178,0.4971324476953149,0.47420404599700455,0.5317305643928574,0.2721666053253969,0.7079996088740943,0.5052971193892635,0.5358054250739377,0.5619036701843012,0.6469474621068396,0.42935673876664554
179,0.48126734280645783,0.47200449917337917,0.5308846471876119,0.25116157736248307,0.5646144095876674,0.6089652687593228,0.529593438779881,0.5682852157725965,0.5877372969726696,0.5370721243105668
180,0.46950255149111436,0.4705997890771155,0.5230331348326096,0.2947078318426999,0.4601299675502016,0.6593789607573924,0.5302839367965616,0.5658676752727373,0.551486631847379,0.5841961658906731
181,0.4634819215652273,0.46871538944566676,0.5158571640530384,0.3365561571387105,0.38680737163132406,0.6870025668494357,0.5310452800039303,0.5630048934511876,0.5294347597599739,0.6085295727120422
182,0.46074909637316397,0.4650997374865913,0.5063578189627512,0.3907796816006257,0.31067669308455664,0.711977482302337,0.5310900306442581,0.5583279664297461,0.5111492033042744,0.6268287611807629
183,0.4630693807562989,0.46282596759143524,0.5023447478136909,0.4076467132884463,0.29058861158389043,0.7199186858423442,0.5292415849740852,0.5569134710088003,0.5073661985750535,0.6292944457956663
184,0.46164145276055635,0.45757057192635014,0.4866134093244597,0.4865335651400242,0.2284221883877174,0.7360172320302419,0.5346796488090219,0.5469264631596084,0.5062260872336694,0.6337137034349524
185,0.4668006845393314,0.4552525328992882,0.48537611582009343,0.49127621962779794,0.22853901912516222,0.740808388157102,0.5307977795482434,0.545460986553826,0.507988912648607,0.6307803638074267
186,0.47765279976014124,0.4504467308264332,0.4832550286441601,0.49992285702342404,0.23140056077725135,0.7494596132383547,0.523358704615267,0.5423381605481143,0.5122781042415098,0.624090499202571
187,0.4829481519930786,0.44779487958872477,0.46969175656327883,0.5325433319998473,0.2707774825099997,0.7480374685924582,0.5262063492985926,0.5341066672928213,0.5336972392178323,0.6011613853513884
188,0.49961024312620284,0.44513435108413435,0.462305399315583,0.5349365415651482,0.35703739388653144,0.7436163318390099,0.5180486883528245,0.5234736598557075,0.5593834517813734,0.5634759301989825
189,0.506175323375517,0.44358593988812295,0.46232751064403393,0.5329445181961381,0.37595942642291447,0.7437372836616489,0.5135609390826754,0.5209696699528468,0.5638460117169216,0.5547431141703171
190,0.5095058243961207,0.4475780796751455,0.45980363197964264,0.5253961904999923,0.4319910394093052,0.7284080314422465,0.5127525986989377,0.5178292006072954,0.5747393343579558,0.5353228601551934
191,0.513981903261163,0.4499095017261269,0.45880483454841164,0.5175673697400739,0.46796159027668166,0.7182824128748123,0.5100714430584434,0.5153404498559822,0.580754139736325,0.5222538003857383
192,0.5162891387684181,0.4586726278925707,0.45698187334994944,0.49991331711210585,0.5306441904026593,0.6917419490459087,0.5090605596596749,0.5126183795049888,0.5894319311602245,0.5028439598333486
193,0.5110783406287132,0.4949355440117591,0.4572834345033961,0.431311063240631,0.678068678608778,0.5987758967445358,0.5131308408231903,0.5086796984021115,0.6035795070480378,0.4712061351384631
194,0.5055745451902808,0.5238894604179452,0.455787349261644,0.3652923114292756,0.7514217270570518,0.5425763852830489,0.5146826585640408,0.5078872903843661,0.6037125230038558,0.46926966592284913
195,0.49879301689322825,0.5485952555645645,0.45664919904818385,0.28862094972586716,0.7949662343620153,0.5205990614340001,0.5156553615578772,0.5082628882025683,0.591917087272848,0.4903716458800467
196,0.5182575107442838,0.4644507364654193,0.45133311211656374,0.3132988979274123,0.38883868973934865,0.7321591317576965,0.5058993918268874,0.5120726646426734,0.5094000577187703,0.6009471237337577
197,0.5378542225892895,0.4596657598836581,0.43614129765181286,0.31666611800412026,0.3713191650851664,0.7386160895933591,0.4997616990826068,0.5110184756828944,0.5100622656813784,0.594294485263666
198,0.5570590605933632,0.4511696032279035,0.42398040553880745,0.32424976970729985,0.3498861515675354,0.7445261418041506,0.4975851001313956,0.5100160655509585,0.5117978935113019,0.5874257201533348
199,0.5834068019137858,0.3950093032542615,0.4153951307167243,0.39734500086010943,0.24819616440796569,0.7807948191315975,0.49488178696462515,0.5109407834103581,0.5294916946224991,0.5750687696900157
200,0.5877182234819752,0.3903447478828845,0.4139753023558298,0.4041758260874681,0.2488294016551594,0.7832127836791123,0.49481606450669985,0.5104915761993306,0.5326913961913047,0.5707001146951597
201,0.5981374204923857,0.3836053723102391,0.404473419707102,0.44034608008503495,0.32911411813477387,0.7787353745137228,0.4958885997920302,0.5068838873460487,0.5580148181431409,0.5341403810208956
202,0.5986374102218739,0.3925897879117709,0.40241611010520295,0.44177569333682176,0.3755222694467416,0.7656567858466096,0.4967875734643648,0.5051942130634203,0.5641915380541368,0.5219773185600389
203,0.5991215354858859,0.40017602144463454,0.40146355426012914,0.44021320973536937,0.40658008959241665,0.7545874933456073,0.497607845975332,0.5037980957297982,0.5675527511445676,0.5145357615692752
204,0.5817968930431986,0.45652370953213606,0.39691523159209263,0.42188073201641246,0.5443347614091079,0.6856073598102714,0.4996166417159401,0.5014042899640185,0.5750224999741331,0.4981234956713135
205,0.5646775917658384,0.5043422231336243,0.3928398140743665,0.39546118591711565,0.631629769243092,0.6312156092910962,0.5006139215734821,0.49933958402057405,0.5756612675189486,0.4970569127579566
206,0.5033410794057571,0.6222862439368381,0.3921801453877771,0.286163654384734,0.8220119689029725,0.5574964224803209,0.5012212245748526,0.498070501758318,0.54250700556935,0.5399351434643804
207,0.5017996249709834,0.625233393411921,0.3842235783303138,0.27854083144838876,0.8220618049880555,0.5602474620040888,0.5005375881707393,0.4977877027028143,0.5413244630652819,0.5425158340565457
208,0.5016181999878275,0.6247892019404391,0.37304539876821485,0.2557811167855015,0.8037926225819892,0.5825430018560054,0.4995923412230502,0.4976753491085206,0.5293382548169014,0.5555046077148456
209,0.5469730212988833,0.5468426387873612,0.36675698668346807,0.24892020812520477,0.5930517528412173,0.6603087234965145,0.49889150097751284,0.49830592044894156,0.5087249178110992,0.5767081455092236
210,0.5782118827829161,0.493045077586749,0.3597311658719603,0.26211637402897375,0.46898397032356764,0.6897506113574221,0.4996204706666351,0.4983669753152743,0.5112187752414251,0.5767961915868304
211,0.5963041177613784,0.46928221466153763,0.35159860733685194,0.2681474985744754,0.42037926614435855,0.7004890718628769,0.5020947662977797,0.49805104000559475,0.5145401776799738,0.5723399098619171
212,0.6118478006017651,0.4438806289344414,0.3465554093060641,0.2756082118535951,0.37633848820730326,0.7115190962320233,0.5043048349685495,0.49785927315795603,0.5187264331845469,0.567765435306982
213,0.62623990076685,0.43177405434681315,0.3387163592646949,0.27814306569543196,0.35879071994649225,0.7143616682213575,0.510099079648333,0.4973526782760695,0.5214535745625757,0.5605720836376905
214,0.6098755187466984,0.48023663560984514,0.3219542397500388,0.3346334361610228,0.552699193553474,0.6651326036670047,0.5002624670509672,0.5087972812166326,0.5656338671254759,0.50587182363076
215,0.5298579676599419,0.633154876806023,0.32567334367980166,0.29381692158781747,0.7716042426827445,0.5679392377185905,0.49917019543918456,0.5092603639377296,0.5460120205332746,0.5297360956688216
216,0.5262270724412378,0.6375429506298151,0.31558378595173914,0.2892190545602198,0.7713670234362416,0.5677781149363951,0.49853215870631795,0.5077129866409952,0.5471548678784203,0.5326144761966055
217,0.5209980020556869,0.6441424990083364,0.3111301885309115,0.2858478438211558,0.7788934461029061,0.5663445531966984,0.49839703648504546,0.5069215197703205,0.5460287419489442,0.5357472880560794
218,0.5068492856186665,0.6613915971093144,0.3074696969863055,0.27659599078637015,0.8066374493314479,0.5654601665513821,0.4988223332603606,0.5057535762847594,0.5385214940710287,0.5449458499050075
219,0.501537566614192,0.6682279029714769,0.2904805125878738,0.26487908408696653,0.8134252877987612,0.5840493311614868,0.5026439248743266,0.5023521046921627,0.5233042680490186,0.5608173420933201
220,0.5170861744895394,0.6492037216861877,0.28659918752981167,0.261645753621534,0.7806188402579465,0.602776021941914,0.5053318004360013,0.5004756372627246,0.5157395691396763,0.5670392249966513
221,0.5327049755425765,0.6307759214402799,0.2824814002864371,0.261939080960436,0.7471501239272353,0.6144450282901918,0.5078072503732822,0.4993336964025423,0.5127205707890673,0.5692063272508344
222,0.5644259521976064,0.5879068066878884,0.27941757161074726,0.26187765683271147,0.6726875766239944,0.6338038035835235,0.5111777226014461,0.4979618030580481,0.5104084634208185,0.5708250442790337
223,0.5824194611306531,0.563727769925527,0.2761360508757468,0.2640508360471015,0.6317371010355375,0.6423419372968455,0.5141521570912364,0.49749944030864146,0.510717198073908,0.5696784929602107
224,0.6133758632852785,0.5164351190460641,0.2725279651198867,0.26749250321274426,0.5572760863802437,0.656784300281332,0.5191141845310463,0.4972917741207185,0.5130552999583289,0.5659563194640962
225,0.6651173893248303,0.4196903300666629,0.26936587682755,0.27363177359321517,0.4257367077033947,0.6826935720041626,0.5299147872949762,0.49929803656867683,0.5220330883972145,0.5518195736393307
226,0.6821325487438221,0.37516887998577714,0.2699619727261606,0.2753136472034436,0.37710529905882323,0.6947358211433148,0.5328029841936037,0.5015252025578257,0.5273438952851595,0.5445348371123939
227,0.6999190359226938,0.32027095026131375,0.2719089816036889,0.2768558941196215,0.3262642033211243,0.7102757046727993,0.5365009261702328,0.5061129619865287,0.5348678569411848,0.5328157923206159
228,0.7063556076773094,0.30093758712885654,0.2727256213991481,0.27758963153907446,0.3117309270263215,0.7149301841031043,0.5395412621308858,0.5088098927246852,0.537742324917612,0.5265746307640109
229,0.7144317268921482,0.2601987532287081,0.2810906279080026,0.27695118451846523,0.30145295174756276,0.7346839574209587,0.5328090064435708,0.5239363152715174,0.5496486137182058,0.5092555696479917
230,0.7157091160441604,0.2623261330134561,0.2819198146783102,0.27650343991976933,0.30606929128528665,0.7308936353094755,0.5358483736437905,0.5259275833906155,0.5500761924685205,0.5062324885543656
231,0.7026006246044041,0.3386147847315664,0.2882451256830765,0.27675139387065645,0.3879060368684153,0.7056198192967343,0.5250799892318861,0.5429610930431138,0.5517609372601856,0.5021445247820209
232,0.681420231828471,0.4197338909696849,0.29129912934059804,0.2796369804017181,0.459164644404387,0.668706124033784,0.5216326164815083,0.5515575612750543,0.5481429407661691,0.5085430076672487
233,0.6282024870029157,0.5520432207197485,0.2873384312627885,0.2857111327109666,0.5743525190666628,0.6140357859508708,0.510751070588672,0.56172341190349,0.5362235953604437,0.5240053058196434
234,0.5017162668249878,0.7187495283437716,0.2689455561385251,0.3023625422077139,0.7653128537443202,0.5764580501769291,0.5215676233336373,0.5554344971386719,0.5021360447754121,0.555293465502054
235,0.510687743335064,0.7077033638707666,0.2684601904136794,0.31022028346568914,0.7507620218572638,0.5884896897799171,0.5327733074016251,0.5466448643256158,0.5002977521855541,0.5566205872083537
236,0.54913229509149,0.6654871658963878,0.2702086023069217,0.3177001637406344,0.6913752740710045,0.6074760307305439,0.5481323937249781,0.5333430353053492,0.5027474710882696,0.5538054247162614
237,0.596559330708953,0.6090503155038508,0.2762117697346983,0.3320622236479017,0.6153120352382895,0.6201984400120107,0.5663062081193454,0.5232858131401852,0.5080005677471071,0.5454248382395606
238,0.6711439235402089,0.47456144607715695,0.2906293766450167,0.33575244812939925,0.46995521638083765,0.6466804550918269,0.5816779020860138,0.5114327548468833,0.5220753932659764,0.5304999286833048
239,0.7064759973749959,0.37208259189109827,0.3050717934283457,0.3357287706053283,0.38182483343834994,0.6642768450233503,0.5887838892212797,0.5128563582263996,0.5325288792746804,0.5173165296922821
240,0.7215929673726346,0.28822782932829977,0.3377355828281283,0.3225575841708877,0.3480414688599305,0.6847956771959592,0.5698660522586263,0.5480597715399488,0.5463263964038828,0.4999926602175329
241,0.6699088866903679,0.4771389237084938,0.33830345292695924,0.31462837103629415,0.4939355350801513,0.6260555410075516,0.5302261357320797,0.5812044134207212,0.5351769642567892,0.514919290353232
242,0.6662648710910413,0.48098574708969416,0.3419899948675554,0.3180076565291414,0.4973822017105341,0.6197008524300394,0.5338381576598756,0.5813208305645807,0.5347552023862691,0.5180245691672475
243,0.6396599358097087,0.5377107858584784,0.33888172203765493,0.31998167993667487,0.54112698824067,0.5977426109425905,0.5268864538103707,0.5867885762176049,0.5290022881940546,0.5262861660614863
244,0.5382306569561345,0.6833527314495907,0.3228085076792711,0.3367367745775995,0.6688686917637612,0.5503870604023472,0.5178448192758371,0.5955767197347226,0.509032360417181,0.5481184329119285
245,0.5020201702446467,0.7165420080082038,0.3134796588647537,0.3532733639400671,0.7068334171968511,0.5507640677486025,0.5305343735554628,0.5898516372601841,0.5010738179836808,0.55498343151868
246,0.5014932381815679,0.7139325781381828,0.3213359390725815,0.36963372579253095,0.7040382966735479,0.5528869537033452,0.5388363948598622,0.5857136699426314,0.5008437291889007,0.5555587146399434
247,0.5346565146045598,0.6775344745551063,0.33893194614565664,0.40546450311010335,0.6641474601721543,0.5699977316066231,0.5648298597174592,0.5682877619095347,0.5036076824656263,0.5503144450071321
248,0.6297570234914748,0.5525090475087493,0.36902748574598443,0.4347850027058418,0.5425299996737573,0.6061768348014133,0.5947507806672919,0.5392808020072897,0.5176218058331057,0.5328317591758855
249,0.6461037866034406,0.5272906455468827,0.38004069870701374,0.4445233370195449,0.518950651895517,0.6070807917666328,0.6023497607229658,0.5372747856041288,0.5190701174948977,0.5270590971933555
250,0.6541642785198454,0.514492388815423,0.3863925073554022,0.45024760115716417,0.507132187349128,0.606241329899592,0.6068298371776056,0.5367560552606983,0.5194301200277989,0.5237964605580094
251,0.7015713380986347,0.4007929718578266,0.4286775781467135,0.4694922290687826,0.42109995266888806,0.6216200603606944,0.6246960189454543,0.5371685593740388,0.5295443401693112,0.5087289025372171
252,0.7046790228179541,0.39540988625266626,0.4323672794666183,0.47279975004490166,0.4137254224004078,0.6138336238246129,0.6313328597434967,0.5398869801629214,0.5281931015328717,0.5060307133561914
253,0.7068592970933144,0.39021529573732533,0.43574505497493005,0.4752375934399104,0.40791837770877715,0.608488677907879,0.635946095587223,0.5420468986294736,0.5273947005113572,0.5044420032860193
254,0.7151330493799509,0.35645972417110533,0.4587402204700199,0.4833588805649779,0.38464113773244896,0.6032949949097672,0.6457364965684603,0.5539094652731745,0.5283440434647093,0.5006581569121172
255,0.7155980669826333,0.34800698361431326,0.47229313657340033,0.48670205447404613,0.37676089444228034,0.5928030635791787,0.6519487949587623,0.5650084626769917,0.5271663810474643,0.5004774239671063
256,0.7136887532505319,0.34938944652544934,0.47724793502511553,0.4877857794731813,0.3738221479733923,0.580297781147105,0.6578115991515127,0.5713887323840853,0.5252782739193255,0.5021055999188113
257,0.7076598784118618,0.36241639035886636,0.48869867187489113,0.48583629506414133,0.3803916762304253,0.5692660366036632,0.6540171516934628,0.5850606230997777,0.5226672320815906,0.5055326214012255
258,0.6222910572557683,0.5785935099011861,0.46955275346796443,0.42900368646293485,0.4952533463366744,0.5185995288039245,0.5481007216885648,0.6227313838193388,0.5072988995505365,0.5226342863025464
259,0.606073671914544,0.5965569302763937,0.4709950533200303,0.4286764932329408,0.5042286922236376,0.5074265970206431,0.5416113483621476,0.6246655990147758,0.5052408121120285,0.528293341964057
260,0.5856211747559998,0.612252526120367,0.47754016486894457,0.43234363015903604,0.5119116814050306,0.49468001203601214,0.5350032389614919,0.626390134898323,0.5038606843327432,0.5362574749231399
261,0.5395771514490248,0.6637822648542632,0.466063427131926,0.4242289227724221,0.5391869144627136,0.479053242673793,0.5143106264938865,0.6372725158372087,0.4999462828392646,0.5422150277584538
262,0.5319165222543668,0.6669134518940728,0.4709868631435511,0.4287982395992026,0.5406645645676617,0.47666215649372917,0.5135089952152152,0.6389256787247111,0.49997269679663114,0.5439632033961448
263,0.507319219479025,0.6808734015773553,0.4767821982412461,0.44373207089965716,0.5462153823817185,0.47279893245417004,0.5194906147109433,0.64782282617506,0.5008015573788717,0.5443800315690849
264,0.5122195323263243,0.6692740263724609,0.4795583165285839,0.45908807993808337,0.5372608168148011,0.4779982455930534,0.5366514895881167,0.644633182311072,0.5047794780402813,0.5404691579322016
265,0.5347414981793647,0.6348218775068591,0.5032097172663929,0.4872554128836109,0.5154472581932911,0.4826052676043842,0.5566568725146309,0.6332984037193988,0.5086526300474156,0.5324306949529961
266,0.5632524577528235,0.5995264401290528,0.5075088504500667,0.5023392794715555,0.4962088207233192,0.4903582818051575,0.574800336484884,0.6132275998047925,0.5134183144941216,0.5257375984009787
267,0.5712232694477326,0.58689361917357,0.5214145610501181,0.512569882314381,0.48952198351328313,0.4866701536232273,0.5787837261250642,0.6107095529942814,0.5124700443292576,0.5220154222283724
268,0.5929878619904511,0.5584835813718012,0.526582921376136,0.5249499431775471,0.47633267096546505,0.49003194398996913,0.5927126705456044,0.5949309743591391,0.514934116513246,0.5169602878355034
269,0.6170021306570094,0.525968843638767,0.5360949157225356,0.5426688078227694,0.461932682202307,0.4910625210329866,0.6108331526586489,0.5795296463445759,0.516762171574312,0.5107195712202223
270,0.6343997266549626,0.5017896881268463,0.5474480064050767,0.5609772874490279,0.45210928481420143,0.48927294686383005,0.6285854882817927,0.5710877202633017,0.5172476739331793,0.5058383627272013
271,0.6465974009172978,0.486978659283869,0.5598821283623182,0.578722215776955,0.44736707216990346,0.48060023052412165,0.645658779463215,0.5695970364409332,0.5151691177007739,0.5015052949851105
272,0.6490322636446425,0.48584137234124897,0.5629111166933999,0.5827080444182431,0.4482326513731865,0.47422477872746127,0.6499378112858031,0.5707881621170504,0.5132278732355845,0.5002389744843687
273,0.6547650064799806,0.47661043416023485,0.5756557857479025,0.6007482065864178,0.4458090999112176,0.47397768691604053,0.6672959218573777,0.5719927418348887,0.5131971655213204,0.4993111031156259
274,0.6553372135336251,0.4826422750411646,0.5754952148502859,0.6024618446654956,0.45283353469154886,0.45917331825593843,0.6717204882676261,0.5757869146970128,0.5086745074084422,0.4989939437665417
275,0.6555009117220347,0.4840118919173336,0.5943354066235284,0.6275763845824283,0.4570395420211433,0.4534968191665858,0.6975966386845193,0.5855811236441235,0.5062522099085599,0.5003717981161137
276,0.6541777934865984,0.4873624266239596,0.5972266449112118,0.6316572706349135,0.4601219994936734,0.45049139935862303,0.7024856239842059,0.5886356370026433,0.5051381701970656,0.5013812218092146
277,0.6506866893762562,0.4950793772182267,0.6009554071032481,0.6371561438339128,0.46699593088986474,0.4453206452420688,0.7099123625537815,0.5940410001917134,0.5032156475891354,0.5039958484087909
278,0.6338794728890584,0.5182244579678241,0.6248022320882136,0.655321652840769,0.47159188219425946,0.44649849466247526,0.7186581611664318,0.6126465331715873,0.5007127347355377,0.5080399036130948
279,0.6212762015205616,0.5359001504861277,0.6305551960832636,0.6534654497769783,0.47403828762388095,0.4486702038349772,0.7078243650479994,0.6192431196594927,0.4996170555268327,0.5105289982866286
280,0.6179582099986641,0.5404639067660414,0.6295323378118401,0.6507770794557293,0.47733081916811815,0.44839160884853224,0.7052943490366738,0.6201683851866984,0.49938293529332917,0.5124461064763903
281,0.6155777545923158,0.5435593811205959,0.6280654939432229,0.6482894541265286,0.48082772972612264,0.44809520557349314,0.7039934115708782,0.6206026247632725,0.4993565118761836,0.5144071585374234
282,0.6091228313851282,0.5518132011812267,0.6273206380729145,0.6425801328921357,0.4835063226862286,0.44996829340347977,0.695332870872175,0.6220503931189468,0.4992363565417144,0.5166661440979023
283,0.5737339931773324,0.5994687411350078,0.6149601134475993,0.5914556346631494,0.4776867520377517,0.46933102098847623,0.6028766773037327,0.6229730990649908,0.49967970149301816,0.5188714902869456
284,0.5599232045771487,0.6177790294775349,0.6060778544599114,0.5619784016713482,0.4734120306418102,0.48038317158513794,0.5518530856718246,0.6255236607733276,0.5013632351377384,0.5187206329507216
285,0.5547597807386608,0.6134762027469126,0.6087131999278241,0.5537451364281971,0.47492223114642873,0.4869894002769649,0.5355356874819994,0.6286983930475467,0.5030788976669408,0.5211644849561005
286,0.5484169695069901,0.617653656277564,0.6119814919299902,0.5348406242833649,0.47003835649483694,0.49878813746810313,0.49684012820791607,0.6404830464029035,0.5058891841493244,0.5204042087860983
287,0.5468727930462867,0.6120187576115573,0.6190951061418932,0.5309889479161365,0.46913047817194947,0.5041407574785162,0.4844239223311375,0.6470581129703774,0.5077026204132166,0.5206318875599639
288,0.5457056428240524,0.599513506574081,0.6328172652856945,0.5280347309942799,0.4686290221803476,0.5112603705445449,0.4696282196303751,0.6559868084299305,0.5109093693851224,0.5210396771839746
289,0.5454983255260278,0.5853893848370443,0.6479394388739503,0.52630949921405,0.4688291283361353,0.5175113637651685,0.45731378512101883,0.6634698661517433,0.5147776514372849,0.5213947689082428
290,0.5531947118912764,0.569368159399674,0.6698818929461019,0.5340956246693562,0.4703368219514156,0.5228213415265909,0.45775830719260097,0.6791027719377033,0.5182190360483114,0.5188634043407028
291,0.5562458664845426,0.5602490677398332,0.6764511525671508,0.5386125415979504,0.4732234247507107,0.5227353595314219,0.4624616221872237,0.680665736695021,0.5195836190079406,0.5177832583299363
292,0.5609108546520911,0.5494562427787647,0.6787492845383518,0.547027693904658,0.4790254294603009,0.519130105437451,0.47656062711376396,0.6773621165618123,0.5207440753896546,0.5162858612398834
293,0.5630107950080118,0.542761644159586,0.6801233413288552,0.5498679881737021,0.4830058194686937,0.5174735217039012,0.4818484036498142,0.6741442669585392,0.5213132784442388,0.5152354836252979
294,0.5691010043212229,0.5325536957255199,0.6630292062138153,0.5658522533036219,0.4956527410820234,0.5019893740707999,0.5182242913371142,0.651376557669759,0.52138840374891,0.5136951168296384
295,0.5709335988398988,0.5290740000847222,0.658269887568863,0.5697275133431838,0.5014984724727728,0.49783120028419203,0.5274666506673151,0.6434190521884301,0.5210181607064293,0.5125134764646027
296,0.5741521900694467,0.526547159340471,0.6372488874235733,0.5835941237392265,0.5149071513932422,0.4822045668419703,0.5588869038429197,0.6183684767447657,0.519564674523955,0.510994162945148
297,0.573523475338367,0.5403585055002148,0.5835873416667435,0.6293974157119281,0.5441812014715735,0.44265640710788634,0.6395032517598539,0.5631634047303562,0.5140360160219727,0.5106440757133812
298,0.5615472231511237,0.5604983940743428,0.5659829650500026,0.6714391096532228,0.5612592540690259,0.4238581674195787,0.6914467908471982,0.5465246283393658,0.5097019186436988,0.5127386306805177
299,0.5498369231705206,0.5724531838801611,0.569824329864505,0.6886790561395013,0.5693377497675363,0.427100428511273,0.705335097662135,0.5532878136151121,0.507642146955563,0.5141950775447744
300,0.5248720196869676,0.5823599792923414,0.6092711711816198,0.6461067519141707,0.5477884141296236,0.4892856651804489,0.6161276804303052,0.608188782292758,0.5081161762290507,0.5161609701961805
301,0.5253547529726118,0.5780402652812905,0.6185148175929256,0.6085747165059641,0.5461203382082254,0.518351926069645,0.5661022699055828,0.6209056562530851,0.5126959601757678,0.5168135744781781
302,0.5435002559113764,0.5579508677393229,0.6522322642577382,0.5410803125316349,0.5275448326777992,0.5783127549082846,0.4636143900350611,0.6506850016741726,0.5195416435325148,0.5136516775807632
303,0.560859369375573,0.5339968501035834,0.6816348399593594,0.5246681620609902,0.5295735537982819,0.6113492060492692,0.42898984716669364,0.665949719417154,0.5248672719294378,0.5112660258845391
304,0.5728354807510746,0.5130592587516445,0.693871190935172,0.5359829761540279,0.5435326188885482,0.6196732573101101,0.4397781290583826,0.6648420101266846,0.527823790601688,0.5098913784463565
305,0.5733917407388474,0.5026455250451766,0.6992571540140844,0.5306361678886812,0.5522968814485026,0.6230860580077427,0.4330397119557818,0.6584895010287047,0.533077601042361,0.5092862197612701
306,0.5763410300922932,0.497324338138117,0.6863074106706176,0.5516921398292921,0.5630977667057613,0.6037628688657863,0.46853042351802243,0.6405499095233634,0.5332299339828029,0.5094954244488381
307,0.5764504061217947,0.4967190864493614,0.6793643920754117,0.5575256831092282,0.5676140362012009,0.5949833275667316,0.48028849185563666,0.6315652440025041,0.5337481255187451,0.5093783911034544
308,0.5757289370666967,0.4987169644224837,0.6656072330863776,0.5686531648795867,0.5723361639906364,0.5779574236943015,0.5012671787585422,0.6175188051247964,0.533415004052023,0.5097039867433704
309,0.5710681814533523,0.5094438456777411,0.6302088673725393,0.5952617210664609,0.5777722273302586,0.5361388987102814,0.5480280158992256,0.5879894255715427,0.5302923768359542,0.5120563942619207
310,0.5708520132393725,0.5116737869825266,0.6255666390220785,0.5961748230133745,0.5809201519562148,0.5329741619416193,0.5516828133771648,0.5836768172163164,0.5301843615512792,0.5112792305358588
311,0.5532283282122581,0.5431255214714134,0.5601537767370165,0.6388751033246354,0.5962234467692104,0.4702698545776605,0.620398382779673,0.5381250219298994,0.5209063494037186,0.5170642246218241
312,0.5474744428193653,0.5524320569483452,0.5459804839678587,0.6459243808330029,0.6049006958716169,0.46268430610926414,0.6319229100890468,0.5301152090768385,0.5180277815745071,0.5180197984746187
313,0.5245581788734546,0.5798406159400069,0.5135993709217299,0.6538614123410316,0.6475694317878183,0.4707346289860929,0.6470211064343513,0.5195060211060124,0.507829758957693,0.5221592235357281
314,0.5183167200456201,0.5854000122969117,0.5112382718838216,0.6497872661799905,0.6597962391631422,0.4805380382241759,0.6436159132136775,0.5214406510753143,0.5057365793580082,0.522814128370403
315,0.5090551364178091,0.5912617813201352,0.5139124202078909,0.6426314585987309,0.6708730072870843,0.4948014787502335,0.6341565367352548,0.5275901145630119,0.5036567767979241,0.5241425922182992
316,0.5010976390953428,0.5913701077130352,0.5481374124468211,0.6111658463499207,0.6505331066963933,0.5308732478786347,0.5817909114431513,0.5584259474101047,0.504604373023678,0.5256823585949787
317,0.5009405144412442,0.5905962231107935,0.5500114510867327,0.5926180996536893,0.6624564550059917,0.5435168835563192,0.5675484246599114,0.5596528095388462,0.5067945486142945,0.5262383261830879
318,0.5039787978972605,0.5871343723784591,0.5615881407010483,0.576081898592418,0.6533973463466999,0.5557331235424323,0.5478080873238244,0.5674024178924658,0.5096891336186742,0.5255052759565012
319,0.5435134388057759,0.5490058798853537,0.6153434554296635,0.5185848728763223,0.6085057703915754,0.6506337317704218,0.4658494480241491,0.6005014195891749,0.5249974545345407,0.5159345935064065
320,0.543208556831797,0.5465381731582677,0.6174487212681923,0.5160000449153536,0.60921962762473,0.6526236288805509,0.46189611391898255,0.5987027202241315,0.5275956371355459,0.5168576374466666
321,0.5636054345932344,0.5187568623438671,0.629823280518429,0.5058934902135777,0.6209315204295797,0.7177197106847042,0.4449861177561467,0.6023144915433107,0.535109328328203,0.5110061010862175
322,0.5687669235523549,0.5064421251879604,0.6323045614503315,0.5051199909181463,0.6298828746249494,0.7403199218410363,0.44130925587867714,0.5980722733521734,0.5400929507268672,0.5101417000096312
323,0.582386285267344,0.4854889002522566,0.5585132262855201,0.5721030616952235,0.624476731691046,0.6628916446344734,0.5253274265430592,0.5447480224794633,0.5344428091263402,0.509089792349797
324,0.5815819840254569,0.48878630045418525,0.5530861908060068,0.5668510508589358,0.6210798350144894,0.6521860385951946,0.5252474098413293,0.5389216996140764,0.5350168318176286,0.5078021865966582
325,0.5812481653620705,0.4902259102701741,0.5511990680493101,0.5635081170257933,0.6195459614378739,0.6483770606030761,0.5244604955466603,0.5365742531644058,0.5354336105066576,0.5070771165643959
326,0.5804102416170767,0.49379078374428165,0.5471298153261747,0.5543280804745891,0.6157814643825367,0.6403790425192498,0.5219529696184982,0.5313379998838372,0.5364716868359023,0.5053172586636914
327,0.5070958879602877,0.5796501577706569,0.479332842731409,0.5854214919030306,0.7413222398954965,0.5462062609399309,0.564412360421515,0.497984188203793,0.5059296188656459,0.5324616044004304
328,0.5012739029782254,0.5838665130929671,0.4832946389969055,0.5752986337916323,0.7518095009877257,0.5547133259906758,0.555545118519633,0.5017632528454683,0.5038189920957586,0.5339800759965254
329,0.49834601769767767,0.5858558765815784,0.48718450981445693,0.5656550652166217,0.7569924743311981,0.5609321575596242,0.5476332923343146,0.5047353021411163,0.5028318084874619,0.534599171239174
330,0.4964311089540288,0.58700428472881,0.49112023420362216,0.5564744972942486,0.7594914403065584,0.5655092587938351,0.5401890151948036,0.5073106221026142,0.5023558106070044,0.5349196363320987
331,0.513985951012796,0.5729864147814949,0.5437784184407655,0.5161751642660969,0.6352551415874612,0.5838031693582216,0.48313923919802115,0.5404833500310424,0.5142448949229964,0.5333811073927769
332,0.5604616023056453,0.5164908181617551,0.566435212683829,0.4984220316598347,0.6357671982602127,0.7584092247606861,0.4588125037316311,0.5463109572487028,0.5373977474148688,0.5212053949081138
333,0.5588192467083124,0.514018274818805,0.5672840738237771,0.4997065329600997,0.635401572392282,0.7622151800479511,0.4590160750945159,0.5423193089339323,0.5405086162878985,0.5232993844615501
334,0.5578050993851996,0.5105504378862524,0.5678671246120146,0.5014054546503234,0.6354932521639208,0.768854943604291,0.46054390780864685,0.5381034793871374,0.5439727636257738,0.5249762216072967
335,0.562062168468172,0.4999762276856045,0.5661969099558445,0.503687946498563,0.6408169159647221,0.7925927368162972,0.4647002068932388,0.5338593540995716,0.5486995844804513,0.5224371698481023
336,0.5727118345736707,0.47411686842761325,0.5459814196168852,0.5167305543479322,0.6325270997234974,0.7917415669548408,0.48685565043125034,0.5186366853652736,0.555295229248428,0.5105305990309223
337,0.5692881252078917,0.47557625900989814,0.5222644733423485,0.5243171993470296,0.6008376819359579,0.703118277534093,0.5070945138060559,0.5019319743243946,0.5547491073186458,0.5067274179694815
338,0.5657162871542911,0.4808009950554006,0.5141684637215145,0.5258172219683916,0.596418325010671,0.664330986347469,0.5131228892882123,0.49693709688991256,0.5532691155288849,0.5061449597116682
339,0.5620489412942842,0.48555843913641916,0.5103935184911506,0.5180198575948032,0.5952179545471856,0.6467240745656899,0.5162539348420504,0.4920917239101371,0.5541179285042842,0.5055089802158202
340,0.5473777291535896,0.5069801690058154,0.4984863567568319,0.5120594159796771,0.6437125719994573,0.593936495915437,0.5217828321088502,0.48667354280679387,0.5479313394139684,0.5058505894031983
341,0.4919868396937816,0.5638013049020252,0.4945986758983491,0.5077412334627284,0.79755722136083,0.5983618803722329,0.5040675698901179,0.5036784328987715,0.5151109669954645,0.5374876474322889
342,0.49049556933572896,0.5649467130112681,0.4978075480742981,0.5022078161235046,0.7897566793139216,0.5956781597504198,0.4990263331740514,0.5050818829227229,0.5137233093784183,0.5400736079854404
343,0.48877708901273,0.5662662887452219,0.505585421604974,0.4947247804723834,0.7451387260651811,0.5818867729456332,0.488952927668149,0.5083307345780201,0.510861558632185,0.54709982321057
344,0.4889327235579204,0.5631214697233651,0.5121646123257921,0.48860256478961295,0.7362467331036711,0.5794317066949829,0.4853836566127206,0.5069119294762339,0.5126750816815685,0.5490943822425792
345,0.48901929481741946,0.5610195290071386,0.5159136077948926,0.4864015787756264,0.7315022398175938,0.5783880077559684,0.4845899288971029,0.5057507796113707,0.5138982192999976,0.550015465737923
346,0.4895432896616566,0.5593286728448591,0.5190560009844805,0.4889701445219577,0.6941884091788669,0.5735512648412053,0.48493982656369544,0.5043604977557393,0.5152228974108319,0.5530037013824081
347,0.4905238200254113,0.5566881930687388,0.5212749820895971,0.49353863139684795,0.6648615657592332,0.5750057949322401,0.48761060535070755,0.5022292955731712,0.5175271851834033,0.5552399263597418
348,0.5011105213611639,0.5465572385133505,0.5151384554848565,0.5162958690798946,0.581577377346676,0.6300347297646289,0.4992666345123237,0.4952825189093505,0.52969185744796,0.5599147948862395
349,0.5042659163421339,0.5394633091511835,0.5133307436975337,0.5286123751114279,0.565529111619029,0.6648637798044895,0.5103335137336682,0.4912277094936529,0.5364795864030051,0.5615696883215443
350,0.5035261821058473,0.5377131157953952,0.5142510296535807,0.5324151509026672,0.5620037142111958,0.6692008587405517,0.515511319329034,0.4900712971550994,0.5377294724829821,0.5624311012036743
351,0.502070838862405,0.5342651309200129,0.5159261915286001,0.5401574722568678,0.5542140130889794,0.6773142715255139,0.5267692632394512,0.48791882376798673,0.5401502121604471,0.5640561935878707
352,0.5263815831869826,0.5049473487244679,0.48886502732354664,0.5571998586126323,0.5506059653029926,0.7863235747686541,0.5324039328104537,0.4901194255410155,0.5664612268049388,0.5488753213329666
353,0.52242595224138,0.5002756101855561,0.48615322414290846,0.5638707734000893,0.517829512572568,0.7581355298656818,0.5562364032303921,0.49302492954502886,0.568894492937064,0.5502626010408528
354,0.526162801631407,0.4882784413865213,0.4924553836179137,0.5449951495584235,0.5398283633155404,0.6875643181929739,0.5517230898495166,0.5137262567179597,0.5729933496280697,0.5315746486746206
355,0.5244899318303468,0.4830669435810534,0.5246059422971839,0.49003076511692156,0.6533012364868775,0.6124008284330634,0.523727535856222,0.5468193860069473,0.5709223133566613,0.513083422926493
356,0.5219934592619154,0.4840805390376045,0.534087943343611,0.4694196826334671,0.698745867471723,0.6063024469339686,0.5174900804612209,0.5528631236981083,0.5721733042831555,0.5114039462964621
357,0.520853537217297,0.4843589418884665,0.5372595738216671,0.4600929361796134,0.7183235253326917,0.6058090573716758,0.5164394360579159,0.5535440659487628,0.5750632563833455,0.5102596292957289
358,0.5161710828401201,0.4876988346723373,0.5505627173358705,0.42936723548267547,0.7793279475412306,0.610184883927534,0.508031429252102,0.5608543310384996,0.5750952140049207,0.5115543368990565
359,0.5161515323510388,0.4873441605984325,0.5513363728438042,0.4265048897753632,0.7839887888918959,0.6102301601138179,0.5083757411894444,0.5595785897672825,0.5778853624076116,0.510755372459471
360,0.5036257305212299,0.49950422376064907,0.5649464712621017,0.3921983295070412,0.7999157251217912,0.6231519832698732,0.5082473417713217,0.5619430296928617,0.5679409127768694,0.5274428823518512
361,0.4902590039982149,0.5159929072685667,0.5521757275277952,0.43888959634758157,0.6049241435199366,0.6325513350796559,0.5389405330383301,0.5371780254809757,0.5423357877790072,0.5627403050921169
362,0.4909830641693676,0.5154338173505477,0.5500877714651919,0.454855121300107,0.5738246555142509,0.6402332746935602,0.54953187157452,0.5298808640891298,0.5420172365349484,0.5672201445195129
363,0.4925179173179162,0.5186929411973363,0.5130833692838189,0.5384966715991184,0.4377804199010633,0.7004680225915639,0.5834422762716952,0.5044828260427179,0.5386602368621166,0.5910679390789066
364,0.49416814884527027,0.5183902858355917,0.5025032032221889,0.55744868384307,0.4200179870827987,0.7114266552886428,0.5909157637611281,0.5024672027012924,0.5411385275893449,0.5941910214202606
365,0.49700734592282764,0.5144016995806188,0.5044485627451096,0.5708273350287508,0.38455558280324303,0.688360696932245,0.6174405670583825,0.5057954686774824,0.5396281188807445,0.5933044427440767
366,0.4979327399225658,0.5141422270150203,0.5000348388714072,0.5793443745986487,0.3763009274720691,0.6833558716987471,0.6235667784460602,0.5075521808824636,0.5406513935188545,0.5933406360642556
367,0.49900096484826256,0.5144732052918038,0.49209409870698295,0.5912877676749262,0.37198986961315955,0.6768622508080993,0.6291757322488595,0.512287480457557,0.5434398301918134,0.5926801035765163
368,0.5036717335411802,0.5158252082871759,0.48837113398683774,0.5978717435610548,0.4494747228446075,0.6313375482656509,0.6129505137139915,0.5578364356116237,0.5632426261114131,0.5705647630817968
369,0.503941775640569,0.5162969945698913,0.48909426953534,0.5975224375069859,0.4518328202985252,0.6216322148750535,0.6159331944537152,0.5611565360342015,0.5635923042087904,0.5687515338675442
370,0.5051735632792217,0.5163320550628919,0.49856940883614353,0.5856860380639699,0.4866280469330374,0.6016622719587942,0.6063216115769715,0.5747263043764954,0.5690248371933874,0.5580807678308889
371,0.5060071916040586,0.5165534115856074,0.506669475390017,0.5735432566588633,0.5139187360235647,0.5866807750431771,0.5984872968696696,0.5838573179774512,0.5734142575087612,0.549787063085845
372,0.5087993458787238,0.5131497414720578,0.5436799515278902,0.5051434107518247,0.610604933569173,0.5560297410763192,0.5545742899871392,0.60926923175699,0.5882576231735003,0.5225169702641027
373,0.5088094480869737,0.5169718444084012,0.5388550101405943,0.5025536133517828,0.6156336566756061,0.5498979811875673,0.5581906636674113,0.6062090419107451,0.5949193471252745,0.5212379792661544
374,0.5113589575538356,0.5113477747242303,0.5672250544597125,0.41783443481838534,0.6699740785425828,0.5376968257574235,0.5260000507959409,0.6189608975050024,0.609657736801172,0.50382520511095
375,0.5167710572345534,0.4989027731454811,0.5891768432653047,0.3067459355568282,0.6410016355768483,0.5513684921291938,0.5229868291933776,0.6207199552320042,0.6170543261528684,0.5115985851983373
376,0.5198439213866279,0.49359147431943134,0.5891636402544611,0.2974688233201713,0.5852837619090596,0.5670197982226397,0.5399555410282992,0.6091549855603793,0.6099240276209511,0.526922371315231
377,0.5229523224216446,0.49015068336434486,0.5854355511236455,0.3104791638720536,0.5302784322731826,0.5808091915607421,0.5564675952967199,0.5935298907429363,0.6002008523535918,0.5420158085517373
378,0.5249642697865681,0.4874434844837224,0.5792221166961973,0.3371697948467208,0.47202714009853686,0.5955538900648168,0.5715643749264856,0.5766150543379974,0.5849602523598685,0.5594121784474669
379,0.5281504794527626,0.4863471034233257,0.5696724175606214,0.3732499697642617,0.41824350643726116,0.6055863643508825,0.58559668253733,0.5583981988425871,0.5705551009310997,0.5750655475759494
380,0.5304009529182274,0.4878710389987351,0.5462911949668587,0.4442824598681823,0.3431226136924384,0.6177198756559688,0.6055239654133702,0.5356882143803866,0.5442954857573631,0.6007570815699209
381,0.5276489304879629,0.5029042090921175,0.49721469413612485,0.5575572834452608,0.3046224804427189,0.6115456512898939,0.6329293599529147,0.5386633417684288,0.5193713109794118,0.6269587248796898
382,0.5238756729078208,0.5170934327898912,0.48258532178652214,0.5943093856836266,0.3476531943508604,0.5913094155509366,0.6360847722745554,0.5619179435779649,0.5250512479757141,0.6226060628436914
383,0.5155291509083497,0.5427820440442528,0.5039064864301922,0.5748164675200448,0.49503945519902687,0.5460345991200258,0.5880486530015702,0.6000678954962799,0.5646897175350153,0.5801712425816677
384,0.5148967342539895,0.5538203320516067,0.5252902039935998,0.5183753203217051,0.5668519100930783,0.517411440664339,0.5503183429342433,0.6073698255487809,0.5944526035196843,0.5467493227512887
385,0.5155331991661465,0.5586841685518353,0.5327056345870403,0.4822574455370085,0.5911673763194294,0.5052792422050534,0.5343585014568535,0.6066162441068798,0.611661678704394,0.5303055688446817
386,0.5163936841033656,0.5638658292537134,0.5257158738851742,0.4802386726497122,0.592151535485978,0.5013448741088613,0.5356187380716355,0.6021550576212772,0.6194493051799469,0.5281757668992182
387,0.5170345283432292,0.56653747445727,0.5277255057673602,0.45936804713650503,0.5997256204290743,0.49579569803447243,0.5287139134457641,0.5995608536566143,0.6304651611131786,0.518884432601378
388,0.5231921738346786,0.5571926714335347,0.5466251799882287,0.36159838227795427,0.5930823881843577,0.4926819922278577,0.5134064266361329,0.5936311311925699,0.6551542984577045,0.4957920580397363
389,0.5396764919423088,0.5291967639323307,0.5484815008766811,0.3038215429035813,0.51382179641492,0.520976878203165,0.5327739996887239,0.5714161544907129,0.6507501440716381,0.5147469950456799
390,0.5421432509828065,0.5294663561871469,0.5427721293258084,0.30695099672603327,0.5076390075175063,0.5219858314766003,0.5352686117401108,0.563864205763799,0.6535488031046973,0.5156271425987673
391,0.5627378027700006,0.4961406927360785,0.5337118336240091,0.3261331196248987,0.4135120019021614,0.5516612454083448,0.5581671593863227,0.5338835384595673,0.6153654335205713,0.5596356486440909
392,0.5778930262015285,0.4803647507044124,0.523049029394417,0.36032716509481655,0.36151686884685974,0.5589144521035849,0.569464464007493,0.5169964676842,0.58499264135094,0.5862592189149326
393,0.5921269843441764,0.4702358986949273,0.5125382090156896,0.3986003952816336,0.3250241502440922,0.5571319559092169,0.5793505491272886,0.5094386320513032,0.5553545046235402,0.6065726218278412
394,0.6123312232330601,0.4662341571996131,0.4973249905018399,0.4651223170199494,0.29747577279626064,0.5411022120178045,0.5975738366026118,0.5187586195809275,0.5093550853277152,0.6278850154092348
395,0.6254335684243976,0.46833335904138534,0.4960528023846818,0.47035099835044286,0.2950051115862804,0.5236149310082113,0.6010082551058609,0.5202480039340047,0.5062170105182698,0.618983901710927
396,0.6338885811174998,0.472434309339795,0.4892803518819114,0.4992300309351369,0.30102837003488014,0.5097300642800905,0.6102809108593968,0.5326373493694766,0.490840869072957,0.6200423413829202
397,0.631372582036981,0.4984512200115886,0.4793252002146887,0.5499439418172102,0.3463477262914689,0.4874337333622212,0.614444557248046,0.5655888432730382,0.47420261097130323,0.6182231243634059
398,0.6121146778489878,0.5375882251344933,0.4788348988383929,0.5662492916051695,0.39974843874726385,0.468410406036324,0.5892800964644499,0.5842019784897596,0.4843027400152279,0.6069780006212196
399,0.6128302733216817,0.5548277992880584,0.47819286085212415,0.5637777755583875,0.4205611710295025,0.45121637512206747,0.5797578142932143,0.5863121646950076,0.4922136307586866,0.5904845254565881
400,0.5777308918779702,0.6161444251231813,0.485223429954905,0.5340955571921709,0.46713579026260726,0.42551132252672796,0.5168960510014083,0.5827888110363316,0.5325745755922368,0.5601249236141606
401,0.5400580015528229,0.6808538858620937,0.5046490161993684,0.4400751182296045,0.4823723803601828,0.4122036679676708,0.44819054085372234,0.5687173342079037,0.5891526742790816,0.5162743259864992
402,0.5797854181882813,0.6252140867979189,0.523632568103825,0.31534110345433786,0.3907171167528136,0.45570528519659925,0.4831257508108748,0.5390395984225892,0.594247363476413,0.5139845591887583
403,0.6084718805447699,0.5881762346433935,0.5113453424089481,0.32121839136053215,0.3571090661655458,0.46051759039053175,0.5016148226604742,0.5158815073310269,0.5788664806398331,0.5274414684948532
404,0.6363016169515074,0.5502585473338117,0.5018907484534343,0.3384796947015435,0.33216403860066984,0.46169906369982594,0.5201293841170956,0.49971669365114335,0.5588252840306526,0.5416403093071344
405,0.6952289960025422,0.4761458321570488,0.4833813976920548,0.40881261125623275,0.309201124271057,0.4527906450633014,0.5692742184650963,0.4954722756285383,0.5001807768038155,0.5703651763665153
406,0.7041727778405324,0.4720965390395508,0.47970483110403866,0.4171885960056421,0.3108305050303948,0.4454052999961077,0.5742756015113524,0.4971401621316797,0.4951520519574291,0.5673039740850779
407,0.7198068102850956,0.4645747382497202,0.4648410674763894,0.4884171128076594,0.3490377668312189,0.4254003901504351,0.5986127881751703,0.5348050043919318,0.4577246695928505,0.5772251704699463
408,0.7242176934644337,0.46840521264186613,0.46405103377221607,0.4921806433073396,0.3555195842347337,0.4178885688721565,0.5991445252931703,0.538028404550029,0.4565271555795665,0.5704217377075059
409,0.7330240875274945,0.4790739384029617,0.4625306942912768,0.4994236890589672,0.37200133704064814,0.4002475606059565,0.598416548461508,0.54476524065989,0.45532056247551955,0.5532416972486772
410,0.7092191241892445,0.515576689391779,0.457623528549748,0.5178461724548287,0.3963156513089115,0.38123160671307404,0.5697241192524252,0.5587970252862448,0.457515340490833,0.549194882597076
411,0.6501235583278931,0.6017451165883257,0.45677076854537957,0.5143670956809229,0.42555417324270944,0.35355495335518233,0.48903897325020673,0.56144535019212,0.4790089715990044,0.5323649577167989
412,0.6516578730017673,0.6055766958874631,0.4546671154935923,0.5118740922652537,0.43144550415516997,0.35084138428346845,0.48680735286549104,0.5592585563989445,0.4824184397889883,0.5255277879446305
413,0.5418330756646361,0.7433991483678006,0.4664767676897997,0.44842532630784043,0.4319528977684894,0.3546170124759744,0.3715464591235347,0.5466987454280117,0.5296651970781133,0.4991925699129969
414,0.5384201448555821,0.75066268873376,0.45795430988808933,0.4450302233830728,0.43547325709351054,0.3572712405915815,0.36815416320345695,0.5395216092700723,0.5357111300032437,0.4980077478760543
415,0.5170427863919098,0.7839627836325094,0.44382902577562444,0.4117609432009281,0.427256846028801,0.3810721560877339,0.357214171310214,0.5186390798471533,0.5558701296774086,0.4927377477791051
416,0.5809536932553097,0.7163800807438592,0.4488385040106431,0.36482065343512143,0.3761281648278688,0.4318108489510283,0.41824495956085816,0.48780993530618044,0.5378555646475104,0.500623766004074
417,0.6352455755177888,0.6515707466751207,0.4443672644309244,0.3603659606543545,0.3596804874912851,0.43939641644550603,0.4508369203572603,0.46878233240502065,0.5181362486306994,0.5085055617462496
418,0.7143575198258432,0.5557789712730815,0.43322048247841183,0.3672136887776412,0.35369601474484474,0.4345841741760863,0.49283520023453947,0.45171412584893383,0.48857925507842753,0.5104315806183812
419,0.7351838517188908,0.5345192960578593,0.4265830374227799,0.37011955439965394,0.3556468265253973,0.42875074043489086,0.501144945613249,0.4484236913097725,0.4831983232186387,0.5047737466958534
420,0.7649764599021398,0.4994634218626324,0.421210022992778,0.3757143306051883,0.36118027904474964,0.42050149138234305,0.515134531290645,0.4476238767241998,0.4737170875181974,0.4997967339343643
421,0.8051022250804207,0.43807903023664146,0.4194171061932438,0.39140232822896254,0.37780951730683865,0.40157607363159864,0.5349605815127846,0.45831337942106765,0.45319653048721253,0.5050455751917149
422,0.8195039860835105,0.42699355952837903,0.41727301962263147,0.396245469914939,0.38713257656831374,0.38807642764964756,0.5369563733337087,0.4641322679715026,0.44837597465492474,0.4953629155151976
423,0.8252514622947668,0.42575536300161526,0.41613196046946777,0.3967902075161508,0.39057566856794823,0.38280567329446785,0.5369631351359596,0.4654870686228389,0.44811391962104763,0.48788436749933317
424,0.8318622490523329,0.42109480376431657,0.4144195095367811,0.4069666690291968,0.4047966113867301,0.3552368510449541,0.5262310981236245,0.47893348150399523,0.44089586721728374,0.48377118989467793
425,0.7768449066873749,0.5103578185853805,0.4106572902156156,0.42492671796622494,0.42499145808213823,0.28723119722280893,0.44044785350672655,0.505243528057148,0.43647144411530053,0.48267059296972065
426,0.6693597206180025,0.6571528157959537,0.4066078001606567,0.4252573743311494,0.4340624922104689,0.259127580985134,0.33654013097710056,0.5092782012236471,0.4512989795717328,0.47546175867065116
427,0.5737459150552084,0.7588925451029804,0.40341985140198205,0.4202800357649698,0.4331568068020346,0.2711889169115154,0.28137869752243044,0.5064991540987531,0.4666925686894746,0.4736337178774876
428,0.4674984797629025,0.8518009305569268,0.3985582137665482,0.39897261691419966,0.40923217495526903,0.35469828804800846,0.28597675053596633,0.49200586386973477,0.4887868651848246,0.47177098576423576
429,0.47306675651193575,0.847495163996584,0.39696073250750824,0.39533032820948355,0.4033213532863202,0.37106821294526593,0.3013533527764193,0.4856620462491715,0.4903378785181365,0.4712346917057804
430,0.493644102529595,0.8321023558432772,0.3832274408156838,0.3900392638411064,0.3964024977371502,0.39117133219905137,0.3226597466274823,0.45985418545861007,0.4956841588333929,0.4715776115628047
431,0.5760548209416508,0.7642880855412023,0.3801746072050895,0.3853455767069415,0.3831483887657787,0.4246605318370579,0.380544615111288,0.4364570522942909,0.48953311620794215,0.4667222999480593
432,0.6244489432042569,0.7208113127651244,0.3771811772817579,0.383584676164388,0.38021954903298977,0.4338018478608213,0.404709233714835,0.423283847527031,0.4851984845581291,0.4625965825746427
433,0.6474331668915799,0.6986647650487346,0.37651334346485554,0.38297115708586194,0.3796167217936277,0.4368798912694867,0.4152161188285688,0.4183432519226874,0.48275814803393446,0.46071901524601205
434,0.8297724576799923,0.46216934774342844,0.38180674296997863,0.37886065895235577,0.39828487658511524,0.41284168958952394,0.4752118658459822,0.40713464714737646,0.44557005117381376,0.4503603843903341
435,0.8681697343439214,0.3979355187939572,0.3838947318951249,0.3777252246721029,0.41569748023737607,0.36220352008051626,0.458905903929415,0.4206874694728888,0.43035925293215244,0.4395153861322488
436,0.8564522218460617,0.4241962086924326,0.3861127133847134,0.3777770370585562,0.43130104677858494,0.2832453322429011,0.3945089262496438,0.4439211382989474,0.42030298327147186,0.4317973552201704
437,0.8557508661410912,0.4408288394276054,0.3874452085412766,0.3776016268002651,0.4333971996293233,0.27175447110534806,0.38028599448231176,0.4475033342956606,0.4224629942487465,0.4134156095681222
438,0.8137114031611923,0.514702806798616,0.3889519948260232,0.3781297626110582,0.4367233264397919,0.2341652264999811,0.32710219003510216,0.45763220314820763,0.4234686777292072,0.4103197895139115
439,0.5843373044091049,0.766606556972711,0.39638699806795946,0.38189272981294486,0.43723115720614414,0.21299900074988545,0.2091479749693305,0.46231315988349103,0.4332649138444879,0.42965715670355065
440,0.5683653567590918,0.7754794946020468,0.404997139246059,0.3823140965828949,0.43744239136971846,0.21721218144583268,0.2058241763676016,0.4554078110156959,0.4367550489904988,0.43006325353257524
441,0.5301684002428301,0.7957741047111915,0.4186672792944396,0.38304766482158004,0.4362388354362724,0.22735536040373894,0.20139390422349135,0.44520369307752133,0.44134659196647336,0.4343354053888399
442,0.4933623802616192,0.8134770067518466,0.4285811012048272,0.38336974768808574,0.4342913935473847,0.23936066274431927,0.2009600377746269,0.43809602897109423,0.4436660436935894,0.43928843144435187
443,0.4009431729663553,0.8485382439185638,0.4522943123334883,0.38510965204631,0.4270094458218664,0.28629744226441173,0.2188612909929018,0.4208308626123594,0.4440119723862747,0.45167123690918787
444,0.38284689278034717,0.8518124077053942,0.461067835981071,0.38611367923612927,0.42404637418147856,0.30358021143047975,0.22991007911563563,0.4142956949107605,0.4425725008484854,0.4541333005456383
445,0.3787376576555655,0.8482713128982449,0.4705788803431144,0.3861193109601613,0.4240253930761112,0.30537780177294876,0.23121044227459708,0.4091698651999467,0.44364808949438006,0.45522125893404586
446,0.3969985815596818,0.8391111651860882,0.4748018778662132,0.40035212563474176,0.4076272112569661,0.3867802358135272,0.300801801661609,0.3931394022609122,0.4228896814200512,0.44965092229220094
447,0.41098722499713236,0.8285625421916729,0.4824879711500807,0.4035652534839118,0.40642357072019175,0.3973482444012952,0.31208046866935174,0.38758609214496664,0.4198628436664842,0.44645864854736883
448,0.6708421500271899,0.6676890305028594,0.4705085946039144,0.4577210101588478,0.39739650921328257,0.454684635062877,0.4013006283196753,0.36343347767290546,0.38879391944197655,0.39690028093400737
449,0.7966899053505705,0.540297716082273,0.46048859700464273,0.48821723126767635,0.403489189239015,0.42627652551708506,0.40320701682940885,0.3628923469890871,0.3862387556737774,0.3581399869867501
450,0.8526026088002514,0.46608081755788067,0.4527551187706818,0.5048492582382142,0.4132435870018847,0.3613397509708938,0.3663724407959493,0.3728822562972532,0.3915112881103884,0.3353188169689923
451,0.8582588177571225,0.4640077971129074,0.4521687492865559,0.5084734601697046,0.40605275345325204,0.35243544749632105,0.3589987975986884,0.3735583240867487,0.39172365842873735,0.3191346260714597
452,0.8375577182549575,0.49901522764217476,0.4571808798286266,0.5024930332795948,0.4071227013504593,0.28146195078273994,0.299561755647397,0.38458019186714787,0.39737088756015687,0.3148565799148468
453,0.8284773846369726,0.5134524578374751,0.4608500034709602,0.501354453873031,0.39932406090548905,0.27151124553017114,0.2883026687074729,0.3836253872680677,0.39722310937820404,0.3116058139081687
454,0.7444554635360168,0.6084461786808039,0.4832379486077553,0.4738448818458217,0.3915270336617578,0.22456921182606682,0.23662656284907468,0.38606887414907215,0.3977807151187557,0.3300006924045879
455,0.7221394887611344,0.6267322709954357,0.4942115648085754,0.4679264206455908,0.38262948627898147,0.21932598448335416,0.22810400191339888,0.3821251644711618,0.3965021979656871,0.335520072388988
456,0.6550772708497246,0.6777409154213766,0.5118831983258072,0.44357510637170305,0.37799279507787836,0.20684700585542287,0.21072029329682687,0.3806429430692958,0.39314549367304713,0.35138554276309336
457,0.33582131381138997,0.8180371483154998,0.5658867464800506,0.3451619573208552,0.37783921311467966,0.23653079320811277,0.22137264089812525,0.3744733611931744,0.36259564298790276,0.40120341776546936
458,0.31712061735175345,0.8145859092960787,0.5809112945564999,0.3412318790846017,0.37680882406980504,0.24596096962752345,0.23069728046401847,0.370720812895682,0.3595221871113412,0.403460281275229
459,0.3370921481993567,0.7632403746358477,0.6396428750758582,0.36136049847988244,0.3808418610008187,0.32354585668393415,0.3092840583395891,0.3516842022005458,0.3454372571757142,0.3861042775516147
460,0.3681898293537536,0.7391004113444544,0.6533126425744387,0.37540421714528877,0.3813811006640794,0.33895186359325047,0.32541343343164275,0.34705761575910143,0.34467730133310304,0.3771817532498432
461,0.45077129336514665,0.7024909003136357,0.6488394476627022,0.4181913225186966,0.3777188810570793,0.3690798107092752,0.3523132436811549,0.3405140412969036,0.3446091517092529,0.3577607337659414
462,0.513964666208782,0.6684256104226552,0.6423740480128505,0.4558604362591644,0.3749577185436467,0.38593411071916744,0.3675043414215125,0.33772233996894535,0.3461333249931221,0.3405755893929152
463,0.6037152912014093,0.6132723626548786,0.6216955378708648,0.51813493686563,0.36971253473144466,0.4028093722083044,0.38221570806153954,0.3376164105264403,0.3497094779935765,0.31216361363485073
464,0.6685683739621764,0.56548541797088,0.5951402916720414,0.5732217704134462,0.36453279315317144,0.40929220672054717,0.3868364086175717,0.34196673624548135,0.3529120526669759,0.2862282110102128
465,0.7139726508429259,0.5264591414217574,0.5652895448295082,0.6225872735836957,0.35867859634137006,0.4094857796760921,0.3847062577308479,0.3499543575929687,0.35309624290885167,0.25968915570127676
466,0.7231748944523612,0.5176646654220016,0.5559133506696334,0.6362975320177687,0.3568207295315305,0.40928655002269176,0.38309500048845335,0.3532690657252828,0.3521660465897625,0.25224832412588893
467,0.7261691086925199,0.5146773589570323,0.5522664855090992,0.6415170240988497,0.35603040664791347,0.4093299350020098,0.3824651990429514,0.35470023740534695,0.3514561283043188,0.24930850646928365
468,0.7360675836364603,0.5054318511258648,0.5215756156824723,0.6775582395083394,0.35243855735847335,0.40168598495575925,0.3677254334005837,0.36619828138021987,0.3515709415217626,0.2379923010224689
469,0.6967289357076906,0.5391068018184779,0.5010617926292187,0.7015857714445607,0.35474440020687315,0.3734216294340505,0.3275231759664556,0.38092058406732576,0.3494497759978286,0.23964171188711314
470,0.6801015224447061,0.5514495388925452,0.5041098213403709,0.70206031795719,0.34924961438690827,0.36798243265769326,0.31881039158633795,0.38119440487111955,0.34397133511348793,0.24378052579540146
471,0.6426859614894163,0.5771014907597256,0.5160440457793413,0.6937078141390097,0.34892761707296,0.35548646908613196,0.30255360005504534,0.38250228109326545,0.33887791829920527,0.25323924911752166
472,0.40761704552730416,0.6739212342708574,0.6291932593591512,0.5679111069223725,0.36355125442948966,0.29002125091063735,0.2561392285810464,0.3748659410368852,0.31931280365476417,0.3069442181056094
473,0.26251287020006914,0.6833922036115256,0.7208013409536181,0.4182643487540942,0.3695588372270561,0.25700067364825274,0.2692211589925877,0.35764491269027116,0.3045462407012503,0.33711063336489544
474,0.23906179739951922,0.6489935507698323,0.7734273832223123,0.34586239918781864,0.36837550129301266,0.25267578962367765,0.2933800616597654,0.3425997867354709,0.30031854243568673,0.34217472078826466
475,0.2610617580784871,0.6213684491781514,0.798515641185409,0.3166247032839302,0.36778393732915954,0.25843724270703783,0.3153201219751565,0.32974788783235787,0.30041861415558124,0.3373482456978536
476,0.2701636421507021,0.5956938550617148,0.8147874211177522,0.31531291195674993,0.36703869765707375,0.2610116904818331,0.3212846623115774,0.32653294825440465,0.3013688575315194,0.33409716615673807
477,0.2726271299957023,0.5791319759446649,0.8246495211614351,0.31565096010371557,0.3666636899149776,0.261887973993236,0.32318917943718456,0.3255999895406087,0.30192080446689284,0.3325624920849455
478,0.38583724392791874,0.5276357584005764,0.8221336630286934,0.3827659008854264,0.362017838620723,0.29490374128619573,0.3619986253137465,0.30615366577980807,0.30925785705858083,0.3004334298722799
479,0.5065459084079063,0.48073242508554737,0.7317201566580623,0.5813668469891796,0.34274073772130687,0.3398107737241647,0.384366293626197,0.3113894322334112,0.3212022819639227,0.25746512628720614
480,0.5247985109229746,0.4682888237968034,0.7033077514993558,0.6243146486642946,0.34263078629902244,0.3504017481679908,0.38782607040842565,0.31702253471210046,0.32204184963310645,0.24715822912883492
481,0.550857831741459,0.4540727099653842,0.6216628564674543,0.7158247529589379,0.3368592303779203,0.37023215281390254,0.3878115392626215,0.33448667965453005,0.32414311607065455,0.23050938350624647
482,0.5534132202214856,0.45351161045721666,0.5433725508223586,0.779740448178279,0.33605145900729555,0.38614687317563884,0.3814595718136473,0.3534615411132334,0.321903795937544,0.2221172794792463
483,0.47947924964431543,0.48747502634200096,0.45665245877295146,0.839169148285852,0.34139186096248797,0.3996502042426773,0.3388837468935004,0.38640459252565046,0.3161727874803481,0.23600890768441266
484,0.36674552933168325,0.5177205440929898,0.5383665078858108,0.7944935388931791,0.3582756289828389,0.38748675038199815,0.30162382741984944,0.38827425235988716,0.30296793796931715,0.2693642915341144
485,0.3459135015068425,0.5135553200117109,0.56746736550147,0.7773023151191424,0.35773466143938915,0.384358360645324,0.2966793968462443,0.38515778772245146,0.29675091966939987,0.2774095559730548
486,0.32319993823459514,0.5073361117969291,0.6043431576857068,0.7519932710920822,0.358089783464959,0.38048256248265705,0.2921806395174045,0.3814568502168443,0.2904659820927318,0.285887882239014
487,0.3054403674181469,0.4978460951763856,0.6387898235023114,0.7261429643175032,0.35790461315300276,0.37715774329283763,0.2892364718727038,0.3777264077726054,0.2849341543547284,0.29279693277666524
488,0.28016618902610285,0.4922161329929212,0.6914513175887299,0.6746308636183798,0.3615136278898955,0.37088428039729887,0.28761016007952983,0.3728000650838159,0.27887602871018674,0.30050648319462075
489,0.2530378136687911,0.48067744873565765,0.8727141766928269,0.3336102334931487,0.37826506581839814,0.31114049305071434,0.33108814127385494,0.3180273557226977,0.26652925397283145,0.3042754896568759
490,0.258528738802718,0.46376362206623456,0.8811405981372684,0.3285098842598881,0.3768399803298989,0.30935272910697686,0.33221412334468214,0.31475558339843157,0.2678249944018551,0.30180444965437114
491,0.26477710010521444,0.4394096457547896,0.8916001682514635,0.32526325662096456,0.37507511658504594,0.30817362674094656,0.33251718434434785,0.3115872208619057,0.2696769166640041,0.2983990460914087
492,0.2891031692914161,0.4068532585694146,0.9039168354564375,0.3207233093221948,0.3725101245945031,0.3014930354669663,0.3401950495224871,0.2991219922305551,0.274123018849985,0.2876982016478573
493,0.36222968756352586,0.3820996122907863,0.8639137251309148,0.4474660900439365,0.3625174954557019,0.2902884443392422,0.3642155086097529,0.27275059582037553,0.2861814412976825,0.2559972666181083
494,0.3786964407709056,0.37201606913077656,0.836866743949679,0.5080586606262204,0.3640795908631581,0.29388704652444986,0.3687707912802488,0.2715674402333733,0.2895236280532346,0.24599329130976197
495,0.402672799970245,0.36442118683848823,0.7320390235646981,0.6614833339447498,0.3626610131853392,0.30664569310122536,0.3754014167623129,0.28050216160599045,0.295569732562562,0.2292905578133364
496,0.40542679971383794,0.36352810655594786,0.6990998067247614,0.6912186839546836,0.38437461777760423,0.31833574124739805,0.37886051371721247,0.285894338476892,0.2932957433564625,0.2235670652334884
497,0.3643384175692813,0.3819000792738519,0.428770127631838,0.8650707941684105,0.396209690776135,0.3695679296505921,0.36694612122201287,0.3418617451567784,0.2896975052194175,0.2276538795156893
498,0.35387311622842627,0.385588255060756,0.4056321895550477,0.8731031955929005,0.4014744968693101,0.3784484919683373,0.36366524818343876,0.349099925095571,0.28740302183209376,0.2309378475777742
499,0.28182285047690925,0.3969544830242252,0.3898081603885459,0.8778256975982656,0.41878066173073514,0.4299235089893883,0.33454647997568926,0.37921188458577854,0.2740804846929114,0.25689128821565604
500,0.27821166477916603,0.39488470999982916,0.39580525824541596,0.8728607511629666,0.42628000691848145,0.4333426964902228,0.33397983551910554,0.3794637891598541,0.27094032661685835,0.25924288576925664
501,0.24345956424238885,0.3800556974698897,0.507862151009112,0.8172361357427024,0.44801014809755974,0.4653217702312817,0.3194742884805151,0.38221643570597147,0.25732592496079715,0.27537139250781256
502,0.24053377029969547,0.3697224038195442,0.5338413496262944,0.8003606041595722,0.4557400805092237,0.47101540889357124,0.3182470610353113,0.3813174904026182,0.2541189969695096,0.27773477006871355
503,0.23337935177203573,0.3515235784636461,0.6365303500621093,0.7324678786857266,0.4657989394072892,0.4919768143602211,0.314361696421476,0.37828173303112334,0.24724878227997232,0.28164868793647163
504,0.23576292271727922,0.3222629764782896,0.6967687183329194,0.684435561190874,0.4735717775556696,0.5026734881400476,0.31247251100168005,0.3740160063058175,0.24541791233023555,0.28149599144880655
505,0.2392451229244213,0.311051279706779,0.7536106385508761,0.6315300273920886,0.47583243530454983,0.5139239698346201,0.31364176203049476,0.3702873069862216,0.24313492117104066,0.2794455007769042
506,0.24583693895148315,0.29916753079474384,0.8099206472487019,0.5682935066574445,0.47659008051545987,0.5232266252170399,0.3166688721631183,0.3636690635274584,0.24160805214809342,0.27535556780988396
507,0.2506583852106371,0.27263571183151003,0.8229102163413012,0.5589163498100533,0.47682702073719924,0.5254915667462493,0.312141805962591,0.3611191756626915,0.24662927274415167,0.27204377508830296
508,0.26392366079251683,0.26524066351616404,0.8833523342712634,0.4636895877028919,0.4742054475071712,0.5284911955143284,0.3242971549943681,0.34510856234558956,0.2447579436509445,0.26115491912331046
509,0.2825057247248113,0.2607875878641531,0.8822158972375583,0.4475224885963804,0.4728802481961503,0.48825785118172865,0.342785478902547,0.30443934622494023,0.2507785216121811,0.24467828180650614
510,0.2857453093049683,0.25995105365640586,0.8665223003886547,0.4724275357592663,0.4750437980942535,0.47182749641628946,0.3431796833883589,0.29298033709981364,0.25507011174330824,0.2400967440386765
511,0.28369570198598654,0.2723655488421017,0.6990656050766891,0.6750636186447723,0.48905338073825544,0.37812972845104786,0.35402228891836424,0.251119339593751,0.2688403902767946,0.23730749673391988
512,0.2829904350570139,0.2755355931053567,0.6876177560055516,0.681614266848654,0.49907687258171274,0.3757712315575194,0.3511238422241206,0.24999545180978264,0.27016936351096943,0.236398442618102
513,0.2678728528648862,0.29096041153274793,0.5044466048183577,0.7912663554723083,0.536865507040928,0.33028434068980794,0.34733024204339846,0.24566381643064067,0.2779358132089824,0.2449094689479713
514,0.2670010642719644,0.2949367733563781,0.4971998997569547,0.7871276298075935,0.55171367093302,0.3310151607552752,0.3455993482199171,0.24575863957969912,0.2778474936542534,0.2448155921078783
515,0.24141313640303808,0.3010514024246011,0.3036230726344503,0.8443245198881907,0.572552508855654,0.31520422131872594,0.33699766953695004,0.27046521094194564,0.2806498209890537,0.264290502236237
516,0.230185533455259,0.2938129353980038,0.29760762854201067,0.8295234391522013,0.5745088921324416,0.38289288702537577,0.32066995319300856,0.31136196614739964,0.2736327759825779,0.27980602728350423
517,0.2368111661605076,0.28080830013753527,0.4042762772987688,0.7849985205340634,0.5776384470045773,0.4550645382048798,0.3131103174732201,0.33111385285149186,0.2663465635075252,0.28098089659141984
518,0.2843082820112159,0.2532464153718103,0.8122090114450253,0.5307457960091684,0.5289095068204325,0.645739622730392,0.31129135245403705,0.33672946931897585,0.24751270599104924,0.25062184248644603
519,0.29389038907211185,0.2541789299582246,0.8382121758211027,0.49259646748755864,0.5253113731201338,0.6253251646236307,0.3170593869836585,0.313592367939843,0.252529033533353,0.23663257128147178
520,0.29271560648298456,0.26181093992540966,0.8197548410886004,0.5089528153940099,0.5336863347511516,0.5867996864942023,0.3202792785087536,0.2961205735297898,0.25756243301838994,0.2306284669343123
521,0.29088169689452786,0.2674206421525319,0.8076365438409954,0.5211670615333377,0.5394774340155519,0.5707654389662128,0.3178080647957409,0.29040409162827774,0.2607751140954872,0.22826766910991012
522,0.27917897354977705,0.28197757108860017,0.7464661254279752,0.5788674845574365,0.5641573191036001,0.5073102121438103,0.3200050636280317,0.2732286839396284,0.26646409672696786,0.22849829349995368
523,0.261380358269403,0.30053699579034104,0.6501313471525647,0.6493648483099037,0.6019205944845668,0.43513144738987347,0.31871077061537,0.259407398561145,0.27228524403858273,0.23422159903800435
524,0.25500484045074473,0.3155430789733391,0.6174137804929651,0.6581500705436347,0.6279532801730525,0.415956090180477,0.31211149111504277,0.2569091419643215,0.27463080621537894,0.23574346134650986
525,0.22667486658989625,0.3271268384633997,0.44180388714778523,0.7366220939140028,0.6689078992909397,0.3221176823905467,0.3116839175319417,0.2531460559972364,0.27856766295484575,0.2557931406469789
526,0.22543344933059234,0.336715219173198,0.4285837069236477,0.7178364769141046,0.697347857251582,0.3210026146592278,0.3082571979593342,0.253336437796497,0.2783108770841659,0.25684371676548495
527,0.22243311347762604,0.34292391850816795,0.3983727986711029,0.7088435787523103,0.7191783142999896,0.3115934486391519,0.30596902464845055,0.2545572529384786,0.2781260844388587,0.2605925039498315
528,0.23699940021959065,0.3311703650185314,0.29371167388957303,0.7219653979718994,0.7034739263435249,0.35084563717996564,0.2995826829965183,0.27708326197525246,0.2741333839012791,0.28144576769427754
529,0.25575151555944875,0.3216535436531247,0.3177048619693661,0.7016051726290592,0.6952355015058668,0.4161370482700534,0.29789696862343973,0.2860563885730687,0.2714102456634909,0.2812957648330945
530,0.25859194012226444,0.3188207063257488,0.31960152561382543,0.6871963669049105,0.7036710829306833,0.4209884338647036,0.30000608121181416,0.28616615227236125,0.27148358815940976,0.2805110231738684
531,0.26624980941521903,0.31331109428492654,0.33316700400614696,0.6701791831925773,0.7054207845816789,0.44573686544004976,0.3013770981639261,0.2887676050181208,0.2709643093834868,0.27898263289656944
532,0.27692265033011587,0.30358906047282375,0.35229323968965365,0.6394108409038288,0.7115799553920666,0.4770202543841677,0.3057016401661449,0.2915168203931168,0.27103843496067465,0.2758726967670741
533,0.2824178577610654,0.29532810658140723,0.35546145285226804,0.606043643348876,0.7280202315000487,0.4817468822149986,0.3135308003406212,0.29089993990664553,0.2725356244818624,0.27352514837895997
534,0.323117536720177,0.26621529734692173,0.5283923337398017,0.5533278899397519,0.6184689457170349,0.7309469221535919,0.3066153361796169,0.31919416380745813,0.2661881026269652,0.25230980868815556
535,0.3337850677367184,0.2634888516852422,0.6095314166044712,0.517208197284302,0.5431384816866193,0.8173948014234249,0.305685219813892,0.3255297062566853,0.26432732977080003,0.23719530203529643
536,0.32786333927617156,0.27898757973343385,0.6346453600983903,0.5012528702368174,0.5091918977003651,0.8216337968064954,0.30586942241393145,0.32254216524214524,0.2644393544496205,0.22867792336166304
537,0.27092481139896396,0.33262843889167554,0.5283187494608944,0.5310909687030543,0.6463653758855342,0.6559896829272055,0.30617346365273473,0.2928432205045514,0.2678118786248543,0.23891166600365335
538,0.24225778042088958,0.34662480908554466,0.44961750934275435,0.5496245025281455,0.7407272285039936,0.5459715808751244,0.3054116985148599,0.279326780888257,0.27028821992337515,0.2515086244101062
539,0.23281091746167148,0.3568749323850506,0.4155462621419753,0.5375660834411081,0.7831046397487912,0.5001564005907319,0.2989091064796744,0.27459559733516653,0.2725813588300113,0.25637859361992676
540,0.23719015758193077,0.34883006020952406,0.2906580692942852,0.5510647636951117,0.841458479006789,0.3038772460270549,0.30173593924823366,0.26047332306306353,0.27588570436571525,0.2828939934824548
541,0.24628872009504751,0.34561395968998165,0.2860894362099234,0.5342934490234666,0.8421134437504899,0.30559735787319925,0.30201482272702945,0.26047793993271506,0.27619748453196863,0.2837760531819942
542,0.258240811496096,0.3404601337212132,0.2841065524651398,0.5000760806706227,0.8470688484154567,0.31513553902178437,0.30364941929684797,0.26088971370745573,0.27651900430215026,0.28379667041369305
543,0.3046112043742816,0.3128534770634032,0.32306837804089467,0.47336978106429156,0.7910811516563797,0.4485648992118583,0.3068505252784351,0.2684785715548732,0.27790444120539587,0.276787287946481
544,0.30872192867366605,0.30842979633953593,0.3245591249336763,0.4534642670359707,0.7953071502373377,0.4542322514275222,0.31202788321188757,0.268657797863528,0.27840258754063135,0.2757069685562948
545,0.3595541627193077,0.2708256414372942,0.4503809937232759,0.42232289094043407,0.5390662862090745,0.845664630675842,0.32568882025819984,0.30061552284852405,0.28264179911123094,0.23879480627789956
546,0.3579746493150676,0.2815625808021991,0.4602314602555747,0.4196001929929909,0.47470169847123794,0.8745473796446283,0.3437718626722652,0.3089135555210691,0.2875256071582986,0.23202223457286927
547,0.34959060767746886,0.29711315922980425,0.4601663638535986,0.41956183804561087,0.4254289795751253,0.8846050919750544,0.3520437458473288,0.31998723688901703,0.28983088810857943,0.23050500982512628
548,0.34384982166752104,0.3080396776451536,0.4567549021406745,0.4205834611960012,0.40980160058650944,0.8817358430048541,0.36255610459643434,0.32477831319617717,0.29276013738188406,0.2305393936558822
549,0.34132437685031863,0.3136944292063276,0.45479963440479354,0.42134409279830554,0.40487458422353073,0.8790014079383147,0.3706079708096851,0.32631501592786816,0.2949052483165072,0.23061878975878525
550,0.3042196566559658,0.3445462140443477,0.426250953096436,0.42123105702469305,0.4204256393059996,0.846751852743941,0.36981750193275353,0.3537735667979153,0.2942477040758471,0.2431378483339338
551,0.2395013100514554,0.3751373835837503,0.35382861813031247,0.40763356636979364,0.6314256184443272,0.7245722252998007,0.36636869308004083,0.3833082538897647,0.29223713655205547,0.2735569954650305
552,0.22320848906369548,0.37990826169216235,0.32336980692652195,0.39399955697876343,0.7561063645726869,0.6275201482655571,0.3650748216727299,0.39044616157008616,0.29096827649140944,0.28903394030545165
553,0.22884047474652378,0.37964423460528196,0.30402427810811933,0.38174289432184416,0.8479086180258585,0.5121320430874411,0.3643114049767638,0.3906570467741254,0.2888619596231837,0.3014425145087343
554,0.3284122746084941,0.34592861284708937,0.3154895301045654,0.35608518258895694,0.8603323939334965,0.4030929882369632,0.3801655833069926,0.34589040584190905,0.2892254567255431,0.2965479748104357
555,0.35380982452288195,0.3246058327009366,0.32755154560368116,0.34040117801291575,0.8292723781458267,0.46714715983757027,0.39181103961414426,0.3283669110171518,0.28983993184353773,0.2882037961798215
556,0.37147898760481346,0.3009700481014819,0.3418605847041416,0.3377148139358516,0.7701735315189103,0.5760666547545703,0.4029146800618179,0.3075632893441335,0.2928185863380263,0.27649448935520077
557,0.3778166485968438,0.2901882737576232,0.34777765412607414,0.33646292245489445,0.7301126518602913,0.637332932942973,0.4127009268307373,0.2983597115037424,0.2940990867885891,0.2708318360443868
558,0.382038553014849,0.2826604675544749,0.3557970843800472,0.3451625766505273,0.5386082803055962,0.8118361571167478,0.4459979970609509,0.28368540174197987,0.3012132715828023,0.2540643358515836
559,0.38331621659846626,0.28484930401792025,0.3553683198955605,0.3479116742729944,0.531835553676269,0.8054231637731967,0.4712216267452603,0.28410643318379536,0.30135792234828035,0.25653242550620453
560,0.3823070980586099,0.2892669216716447,0.35332376030653634,0.351636409012445,0.5015373355664968,0.8129464456159823,0.49115073936652537,0.2846734406109737,0.3025024534328854,0.25785288302459325
561,0.37908402974707633,0.2958171963473214,0.3494802631138617,0.3550657579464065,0.4611178424911908,0.8248301185058879,0.5047388344963728,0.28675912832572953,0.30424136384935824,0.2588663190226872
562,0.36896932659707005,0.3124458274118109,0.3395539521390623,0.3597995539703026,0.3893351547334961,0.837948929687235,0.5244759445027551,0.2975826916284388,0.30823738677799667,0.26212783852204147
563,0.3388115882462566,0.34575935102260835,0.31817426055573467,0.3601494435022498,0.3180642061191776,0.836649891887235,0.5354863536485474,0.3412815309059286,0.3148070968181466,0.27271066350360584
564,0.28470224401365263,0.377805394545591,0.29572826077108283,0.34778667834265514,0.39453627787039947,0.7966665654276935,0.5228812326133689,0.43474547809459074,0.3199019079906859,0.29546012153852075
565,0.2554875068612907,0.3891458831897082,0.2929993524678661,0.3293921656258975,0.5894775396221308,0.7152979576003189,0.49334857268063387,0.5203628750166053,0.3180648226384338,0.3166313054076754
566,0.25505337206657397,0.38757227619883944,0.29060706868719666,0.3143906523920391,0.6391210696140452,0.6849029227623751,0.4945164915968183,0.5352348120331863,0.3202254583355062,0.32064667726904567
567,0.3344923465810105,0.36740395557649935,0.32032673352558105,0.2910059971170847,0.832259561071119,0.48072541915242356,0.47924082411425467,0.5620215545251303,0.30430302922167113,0.32634760906455307
568,0.3910862723170312,0.2785229178502919,0.3235773040668647,0.3144825658449618,0.6321983142630518,0.6748312082253365,0.5729794253037463,0.37126923159312586,0.3026573532845354,0.283468935930467
569,0.3932044752495232,0.2770874705371097,0.3198099939201138,0.3240270448259018,0.5954908555487958,0.6885372411411537,0.5986925791066174,0.35325755696971994,0.2993775078159856,0.2857003217947688
570,0.39307955301345227,0.277918242446882,0.3145198291654679,0.3329923980642162,0.5527291914463808,0.7037597799179367,0.6209595328956659,0.33302243847883556,0.29821708990448176,0.28751085357070055
571,0.3911919075623981,0.2811374637551761,0.30865435610949876,0.33992844947293616,0.5101065574905395,0.7177525045169734,0.6375456396406537,0.31495025300805674,0.29870631268961595,0.28886868066954785
572,0.39095534141365595,0.28606000839118784,0.30485474245354943,0.35114007426708244,0.4816946744076818,0.7057316622087816,0.6705659648846044,0.3064428638331676,0.2968845506927414,0.2961080528832699
573,0.3896030031169356,0.290119665444752,0.3017296315687608,0.35806739189429515,0.4608270814641242,0.6981408111454019,0.6905075032553829,0.2998881394384142,0.29645401813841893,0.3009066985854367
574,0.38683444809589757,0.2949920998223421,0.29795808843755667,0.3630711515776661,0.4373351886568024,0.6956800307876858,0.7044336128539602,0.292703684439018,0.29728865231203216,0.3044284510682782
575,0.36874938243451627,0.3195363333375131,0.285491114107157,0.3699354233647934,0.35483322757066316,0.7020828793440984,0.7242026104265811,0.2901564358405478,0.307019293589563,0.31222973501638135
576,0.34325569062159755,0.3475411688272977,0.28325714254788836,0.3695121805684468,0.3153182354307929,0.6974611914131337,0.7233773379306752,0.34277537339572334,0.3200206061966232,0.32154952005203147
577,0.33698254764991015,0.3516674513709288,0.2839422036043736,0.3688739546544092,0.31363328273231544,0.6846404670277015,0.7311477689977884,0.3573339109765746,0.32364840480036927,0.32466042858395366
578,0.3335282070492961,0.40021784965303225,0.36041297577200854,0.3164446030807028,0.6299989783065586,0.5528226303693257,0.5120440587521722,0.7502453141768011,0.3392306779285056,0.34184901556977154
579,0.38358274670068315,0.36445148555057716,0.3606672407774465,0.3139376634579837,0.6864501137048717,0.5042740491119633,0.5306111143353255,0.7299654952754713,0.31312203197787136,0.33299936352116566
580,0.39916946675827625,0.3337111987930271,0.3482825929442991,0.32545768672007663,0.6802403963131545,0.5044321545851251,0.5754970065054633,0.6794779293393772,0.2963516580055542,0.331962297523478
581,0.4010302727048878,0.33112759621066434,0.3459817633571753,0.33025689668076585,0.6785263408882419,0.5040891940921961,0.5789235597007737,0.6767504896509337,0.2926411079500572,0.3345704847345159
582,0.40569125915959364,0.2745916861797444,0.3038868933460901,0.35897778239160344,0.6060973468548466,0.5486668825073323,0.6892866988784543,0.5027879735870082,0.2716263757814916,0.3347529758894707
583,0.4078479600956535,0.2741215415386882,0.3016502925468624,0.3691755018047919,0.6009541686602928,0.542596492652679,0.6981826853958208,0.4979958682412001,0.2674997495937889,0.3403277503697819
584,0.3953486378853373,0.26458612437944945,0.26304567590256406,0.3880224806749759,0.4771583550508426,0.6005900748955436,0.7689567684675436,0.3110268073002539,0.27095111045382203,0.34101409180163444
585,0.3961932815349856,0.2658692137103566,0.2626772152234176,0.3983435762895205,0.4702247976426308,0.5805503414721931,0.7864557729209191,0.3086100845667581,0.2692492871523468,0.34731303961894733
586,0.3959645884301595,0.2665857761650103,0.2622665127723336,0.4010039504638324,0.46635518953817934,0.5764701592521773,0.7912396828779689,0.30543152015751796,0.26920874544502,0.34883379792039554
587,0.3938142947544906,0.27002996946077257,0.26070672145874646,0.4064042941464052,0.4503265612124834,0.5713244201408326,0.8028059321750526,0.2905971226888923,0.2709857436040781,0.35159828948883354
588,0.35785832946072155,0.3340537867027099,0.2976867752266359,0.40448299640970964,0.35202229047233385,0.5857435704649275,0.8002414959598597,0.3518599015444898,0.3184476032629346,0.349568549935646
589,0.35300052007122307,0.33935602531097825,0.3053115501936808,0.40310310503211383,0.35051729020069056,0.5732240793377472,0.8010103928385426,0.37737833981252106,0.32411455157145025,0.35006376615446216
590,0.3355620939269756,0.37861377969272114,0.35778344850375454,0.3872351656754447,0.3772640388901662,0.5557998395090529,0.7261432631694971,0.5684834138855007,0.3524020342755321,0.348363434456406
591,0.33204479274005727,0.3845003383491439,0.3746500674973695,0.37435508059744854,0.4023467448577618,0.5242866828886907,0.6904078268653842,0.6438789746933198,0.36181501324906107,0.3480686138220712
592,0.3316805566345012,0.3847952834839219,0.37788155434636256,0.3710563717917089,0.4087349925632537,0.5147679214411031,0.6815326521665296,0.6601725969079152,0.36418945779195455,0.34839686771714184
593,0.3370917907652946,0.3929675730053741,0.3942211972017544,0.36030770027677683,0.44704301945621794,0.49567326666147615,0.5995600347090274,0.7537899421606473,0.36853072871123677,0.3513244301288192
594,0.3588347706185284,0.3814941064749031,0.39197649347070757,0.3520555615312558,0.5031003491335438,0.46901218749660734,0.48421505967775713,0.8476214031536774,0.3580289294620809,0.3571881931965343
595,0.39084417207440214,0.24834248344973725,0.2691987239014118,0.3815979686267436,0.4962435531644463,0.46718805008017256,0.6641857802543574,0.6895560768336044,0.28942295159889353,0.35975760153385644
596,0.39174698964497984,0.23232582320973666,0.24779161050204335,0.39218458083106555,0.47552769873096634,0.47111670641618186,0.7215934483407501,0.613299122266196,0.28024113830043496,0.36090015229005434
597,0.3824028711912794,0.22885163715935924,0.22092170466412725,0.4066676541227856,0.39587309107294416,0.4864188361692501,0.8525505332420632,0.3348723857596668,0.28176667111937065,0.3572248328229408
598,0.3722504619775562,0.2603104684953665,0.24898851009809136,0.40916198207814847,0.36600922989615187,0.4780265830618423,0.8781703443646971,0.27924342773706784,0.2999768440469867,0.35482661032074087
599,0.35937203613202484,0.30382676509210077,0.29976606579937887,0.40522618648876924,0.3581463827197218,0.46896795517750717,0.8695447687129607,0.3387236887854905,0.32533555654802865,0.3522000909186653
600,0.3565824639917472,0.3036284487878729,0.3053497486358004,0.40400400655312707,0.35882083363349004,0.4472352053242186,0.8759820334354352,0.3498777818259188,0.3292478755794977,0.35266654448414425
601,0.34364463508136706,0.3661742443041985,0.3870183777967593,0.3886628412051487,0.38261548542151314,0.4323907529495718,0.7640266392938693,0.5947381593744495,0.36420974661426486,0.353834727581177
602,0.3425167681717826,0.37961895354205,0.4095290523120068,0.37851596404440885,0.3996555814827178,0.4130352081165893,0.6790381565771232,0.7030970015965214,0.3788368965640712,0.35597886035266096
603,0.3423652122029487,0.3791584025161621,0.41265501642651914,0.3756414646059192,0.40376760336578665,0.40317986164853425,0.659524273948956,0.7204477616585114,0.3869692045686489,0.35703659842189217
604,0.344139178581153,0.3809128899101863,0.4162070756484847,0.37385900674073635,0.4101300147020079,0.3998228168186912,0.5971582290595745,0.7736965080551618,0.3894954008373147,0.36210964243313054
605,0.3461680412965887,0.37879121763568524,0.4152727952563547,0.37365013984241635,0.41362622721707765,0.3965746143572781,0.5586132143048225,0.7991929094579603,0.39423830009080546,0.3656223028538886
606,0.35010414496059233,0.37247188892571254,0.40924955512243316,0.37571650122179506,0.4166088927260451,0.3946039597580224,0.5069146494712423,0.828384531741511,0.40003665929725224,0.371623369723258
607,0.35452768122445666,0.36207755237109635,0.39787245985167163,0.379735899116548,0.41733064867053365,0.3946946283168472,0.4630675661507577,0.8511588002289443,0.40293232105563653,0.37879452670224584
608,0.36102323715110957,0.3467064320585715,0.379742433562063,0.3868917104901997,0.41584336578622844,0.39627391917772997,0.4278242562274091,0.8669455548744008,0.40704316131383805,0.38742151196951374
609,0.3765643945018483,0.2957540457844571,0.3182399202086933,0.40425076298872453,0.4058846228166281,0.4007675724238111,0.4160114363287938,0.8824142589407338,0.3989009094499117,0.4085169545525214
610,0.38689171309307774,0.24513168291669074,0.25761167460613343,0.415257689557098,0.3944763449273931,0.4045935046479147,0.4895297945552232,0.8534910215597679,0.3827671227160436,0.42480156162129573
611,0.3977301692384973,0.18916221177209275,0.18905309284944308,0.4227628813125616,0.3758909129235447,0.40663710643083645,0.7003305496559225,0.6657668972512181,0.36054262249456953,0.43651408566692557
612,0.40136035654205987,0.2233126036882953,0.226942722920359,0.4162755830770168,0.37210548282887324,0.396237970254092,0.8508744908175764,0.41769854593494254,0.37281332411898654,0.42145179273729827
613,0.4026607350793062,0.2671581063286959,0.2783961942379195,0.40613614348097593,0.3771331042338865,0.38321927012071627,0.885473861043565,0.3749378338096975,0.38786044327449926,0.4048627054642741
614,0.4031383812164759,0.2829596506490735,0.29699789551882505,0.4016387022168091,0.37922407957443954,0.3783797735054664,0.891208920524456,0.37696153440537994,0.39295357711829465,0.398683661121632
615,0.39737864271178513,0.3465651379413827,0.36605247767223986,0.3842089078437855,0.38639544106142254,0.3706008937689595,0.8753714734931762,0.4481619612407328,0.41861023608423464,0.37653967725033466
616,0.37644508211365685,0.3959661296304822,0.39221020811487567,0.3963017181243251,0.37331580012239396,0.37811033621969264,0.4339553782215342,0.844146250446207,0.4366377236585179,0.3890187364492346
617,0.38099344042752775,0.3847479466363329,0.3773491767121176,0.40125002245728153,0.3725049870726734,0.381343225063798,0.4073611334236486,0.8533554762738516,0.4436217443980198,0.39538698738352174
618,0.39897819035603815,0.33227233434471776,0.3156835196627202,0.41456381950072635,0.37025517310073913,0.38616567868720797,0.38944760267396294,0.8721060762501797,0.44107120084499596,0.41953514868678154
619,0.40786392077186084,0.3240135403816965,0.3038486239737408,0.41593343970986496,0.3713836587711001,0.38623588651715474,0.39632643416288227,0.8642514761804829,0.4524611169967692,0.4230167966673767
620,0.43371275581380436,0.2296833331333746,0.21924118292793507,0.42312552918351776,0.3775989147880433,0.389363956488092,0.6000321264929935,0.7522025702905037,0.42298387712018687,0.4665579700377806
621,0.4452616661039077,0.21578754052549445,0.2145231844563867,0.4187590468659036,0.38203587616104856,0.38671664901766295,0.6906618856396213,0.659178449289361,0.4182065150663617,0.4737460954652554
622,0.4487106784191599,0.3234577528077158,0.3268309142409538,0.3903663751318215,0.38523179529357776,0.377347280567677,0.8655136535215319,0.4350079306625305,0.4368880226207199,0.45919168025362544
623,0.4452509815441396,0.3846367120661959,0.37644000525139365,0.37334555130956165,0.38082585159737664,0.38839870410395144,0.8501174303324786,0.48168157952486845,0.45561030886662546,0.43501099454203285
624,0.4461643143460959,0.38992769686916073,0.3814732656696265,0.37111972049977104,0.3801481767653752,0.394498877796093,0.8451066735805646,0.4881716747179771,0.4582917499862558,0.4316240786615923
625,0.3976223141214318,0.46821108277485834,0.4164386379048422,0.37151780398747075,0.3670906556081246,0.39644373457263415,0.5596153021298709,0.7457270347262595,0.4814383074555198,0.39120837970470307
626,0.3968052861342418,0.46854603935512645,0.4169365908461487,0.3731870039432086,0.36926417447696663,0.4052267578580305,0.536448158201324,0.7494833473145863,0.496913501223565,0.3915213602744547
627,0.3964153238208221,0.46878823640173917,0.4179272869655941,0.3756218714836765,0.3731984720990085,0.41726054847306515,0.504276642868655,0.7509021797727806,0.5226539042858425,0.3927058820841114
628,0.4070633410162016,0.44127777476949687,0.38700373956450373,0.3967202531723203,0.3879065238055682,0.42106483539740047,0.4174931907916699,0.7956835044322599,0.5248799563490723,0.4108401475440604
629,0.42085644507357745,0.4251750681256624,0.37066798418771457,0.40286975456881224,0.3996949187313712,0.4230237366153556,0.4044285041058377,0.7963975602383332,0.5378811335452856,0.42445939496666746
630,0.42459133691863354,0.4237764911152179,0.3695543311544471,0.40224052611429967,0.4026775056452452,0.42345479491596,0.40341264575423863,0.7910800048742714,0.5466843101663094,0.42626292354714207
631,0.45750531710338754,0.36524747911547367,0.3230138826886194,0.41888953416667196,0.42945401949062706,0.4272450180479752,0.4652607961043741,0.7742816203845619,0.5294392749355986,0.4773356189788712
632,0.4667532590927444,0.35328307899150496,0.3155509129085038,0.4182481563792364,0.43542720274406493,0.42758517048999417,0.4875811257023359,0.7584722114039417,0.5301671834651616,0.48712754121637963
633,0.4742644418811031,0.345161121624298,0.31121074114736025,0.4164477434004461,0.43965786595724604,0.42795829712771305,0.5046199129548891,0.7441153466800935,0.5322322165178923,0.4933722833226037
634,0.4842321197637544,0.31901858699934427,0.30038283561163664,0.41884838987613504,0.4453651787278371,0.43032694313047526,0.5690708024698262,0.6991471038949183,0.5178076127790592,0.5205224930653587
635,0.4870199981885678,0.3178775605181947,0.30011743937812085,0.41713226657563024,0.44623273387740714,0.43070364792842414,0.5727520459846851,0.6944854971985548,0.5193538574422851,0.5206740948386386
636,0.5006738130420022,0.30396324616913384,0.2989970268660216,0.4110216150828511,0.4473332011109779,0.4350081623398908,0.6288838451578362,0.6418926518838377,0.5121154443247175,0.536456837074815
637,0.5132742321877888,0.3010309686553261,0.3008945840428631,0.4016406739228334,0.4474708270439195,0.4418083884023014,0.6499008761020079,0.616943458988836,0.5145996225639362,0.5360719263095507
638,0.5254140076418968,0.3025608804779782,0.308026849996325,0.3917663428041942,0.4387664272233799,0.45260964000997805,0.6870229461433989,0.5764043859748643,0.5099379023561884,0.5419613145656376
639,0.5297150470000475,0.3035678761672417,0.3096708493615596,0.3879618391271677,0.4370024005326198,0.4572245103963643,0.6920414074709799,0.5694196661560988,0.5104644715281734,0.5405688967999879
640,0.5363968490267069,0.4038127798078021,0.3559574215204524,0.36336773587276394,0.36258411881525615,0.4608051211094168,0.7625030419671646,0.5052600812430157,0.4892657084127868,0.5676606675374555
641,0.5386136677973938,0.42460860871396827,0.3645884795962101,0.35680136778503285,0.35207858628214056,0.4683775759090791,0.7590114814430875,0.5090917695119476,0.4895365217825251,0.5642469334750609
642,0.5414226913100636,0.43360579525862364,0.3695600560782117,0.3533502795046558,0.3471297963893308,0.4771623135122517,0.7541360540890045,0.5117605803808201,0.4899255214023491,0.5605717618103853
643,0.4878963876643241,0.5401468657412416,0.39721555868007624,0.31533043349064155,0.3280910893257371,0.4750047481207402,0.6439416250040013,0.6140702162213493,0.5203496076749788,0.521381855578781
644,0.48536098214898105,0.5427339696461951,0.40247194144234916,0.3143482929008105,0.3296751636723984,0.4831634516966214,0.6301016605264184,0.6192902691350757,0.5258772376220531,0.5167282290194368
645,0.46887837688897893,0.5491804799797788,0.4075033516600862,0.31108530289937886,0.34273669999250833,0.486397883787721,0.582342090555367,0.6456430664443809,0.5403891938119147,0.49988800820775015
646,0.45446470714070897,0.5500385707973269,0.4107061924659807,0.3114955375437214,0.3649983987181176,0.4856411387942099,0.5298937875481636,0.6708836936859596,0.5569861836409762,0.481039594899896
647,0.4632597891500296,0.5309007103237487,0.40108976258487644,0.33459621197735157,0.4442957186950152,0.4666034024318771,0.4412614070960678,0.7099255811127946,0.5861605227875256,0.44851443587209405
648,0.47124895067534944,0.5262694358477991,0.4051568957806366,0.33757372508906197,0.4599664052557241,0.46465021130602396,0.43610722570718413,0.7031584581226434,0.5991155094878415,0.44685601819292226
649,0.5190583849641016,0.4809127881501473,0.3864206276798954,0.3736306866071624,0.5200736973744424,0.46353910727777875,0.46667836889147823,0.6863550195560297,0.5991062362702868,0.4601681423127595
650,0.5241582354062899,0.4760547717689427,0.3877200135134915,0.3735705100268052,0.5247649892746189,0.46440433929899483,0.47164500409658006,0.676945545341765,0.6047422793015,0.4620799243726085
651,0.5445314689888044,0.43000176206083573,0.37543931644761586,0.397147718551014,0.5414160033812923,0.4775791018513368,0.5261419365972784,0.6426826555907355,0.590428751727439,0.4915281434741563
652,0.5620865176623261,0.39603968226660896,0.3824107326386629,0.4130994179933255,0.4127830948062076,0.5200238040764207,0.6826439092157561,0.5165866213528434,0.5069555883772986,0.5974740608806604
653,0.5480160499523572,0.5309806841233186,0.4287365258120593,0.34602259335951946,0.3031578941075208,0.5436319355928835,0.6290633912729764,0.5578680433799247,0.5182873788385612,0.5809599696734602
654,0.5418456657641372,0.542423001097962,0.43679944367417933,0.3359281331267032,0.30071525560901746,0.5522638694825004,0.610944942729824,0.5666596009246534,0.5264594376226176,0.5710466177103499
655,0.5404886840881326,0.5468009053820116,0.4436407144554716,0.33183072510667755,0.29951230389693273,0.5606532124162066,0.6003745858476277,0.5693796809497721,0.531384284770124,0.565252614854213
656,0.5138688374652632,0.5658135867676047,0.45549937550395464,0.30763864176825956,0.3148461980720244,0.5660566709448104,0.5603889712053948,0.5915107944334749,0.5534937296603745,0.5399627071433183
657,0.49174108175125475,0.5736685367691567,0.46569560764325324,0.2936555258113751,0.34195912255326855,0.5663264851403751,0.5285134007439866,0.6063422408488627,0.573217587798552,0.5178039707049787
658,0.4832078263996651,0.5729560530453696,0.47327275228337723,0.31543980775923564,0.4952691634598429,0.514626467289038,0.47306900864117746,0.6289882422310287,0.6176890972561299,0.46754603580679577
659,0.5291820647201843,0.5536588657412483,0.46361151785878557,0.36749607007490664,0.5662432729788489,0.4947832429372172,0.4931850009451295,0.6117623776663079,0.6163681624801102,0.4781810037946662
660,0.5342295870409031,0.5515793584157208,0.4732402745847146,0.36742718704540545,0.5698193428473689,0.4937732265259432,0.49452941152166163,0.5990589567760549,0.6257519771726827,0.4788320264251552
661,0.5675125444433265,0.5149064343801832,0.4613386970502417,0.4156940314410673,0.5998875339216546,0.5034707805223206,0.5263712325738099,0.5702958117563769,0.612777786144888,0.5058577404487478
662,0.5786962127324876,0.49201927940484996,0.4547249372115066,0.43832635101701883,0.6028709814323957,0.5153509785157627,0.5428673894909701,0.5542057063605408,0.6026805901208329,0.5226881302777958
663,0.5826437931498281,0.4858546912217258,0.4545670920172327,0.4428023933220238,0.6019617684005796,0.5199671351451435,0.5458093488246909,0.5477334590478795,0.6020808477719897,0.5255635991635318
664,0.5923154507342816,0.43302188326559327,0.4311415027404681,0.4983395282869659,0.49722978366430326,0.5647282905043395,0.5933296844599776,0.5105790675583155,0.5317888566156372,0.599940422048294
665,0.5970083118361773,0.43379698668995464,0.4310628536690892,0.498233756015582,0.4904543777716206,0.5703993088864227,0.5887254761269385,0.5093890948388908,0.5299916570897043,0.5959040210288272
666,0.6050519626293457,0.4815113887906534,0.4435789883119544,0.4769089049138616,0.3647215344251428,0.5791415319788796,0.5772411009873438,0.5135295461890432,0.5023738261503375,0.612886094678723
667,0.6086729315635375,0.5005746709436758,0.4524373548041426,0.4638082478057486,0.335776505618494,0.5855670494861682,0.5654298684298789,0.5172952573638161,0.500959745951279,0.608129628330651
668,0.5834971970624871,0.5758789371610494,0.4851637722046666,0.388398260905027,0.29388317791473767,0.5975941124293705,0.5322106204567452,0.5373490740084121,0.5171702539039881,0.5931418260298866
669,0.5662934073959319,0.5921431109043267,0.49685713292887274,0.36061596480300645,0.30627590704729696,0.6039030083865456,0.5200401943127342,0.5438039714054141,0.5288445649786315,0.5818607380657436
670,0.568357849480892,0.5916589226176006,0.5077870697172044,0.359020218432491,0.30431464175810874,0.6107637538284946,0.5156277493045316,0.5418630481811011,0.5321318694095121,0.5771933969437538
671,0.5059683090205168,0.61330802598272,0.5342081656991282,0.2891191733012409,0.41003943383667707,0.6025799838214604,0.492909755901918,0.5533366987069548,0.5753031471811471,0.5328963178595525
672,0.499038406037812,0.6138342998345178,0.567956769686349,0.2847220486649946,0.4379996302943209,0.594166944099816,0.4915202245350439,0.5426231613537404,0.5926713396792622,0.5216371948932345
673,0.49372242784726345,0.6142489280299284,0.58119983307445,0.2869721984680996,0.5024912973780532,0.5592506093933856,0.4956552429940022,0.5348991357701409,0.6114982405888002,0.5029287441613779
674,0.49945392265704575,0.6127122282175158,0.5872591854754379,0.3003768299676137,0.5321096540216389,0.5388959309379199,0.5001527514077247,0.5288116962695405,0.6186178989955347,0.49741866078507
675,0.503599553756247,0.6109330385499678,0.5936494482138965,0.31018214840687375,0.5444126063102758,0.5295054231462324,0.5028755478002103,0.524134429651761,0.6223207556970294,0.4961871085594829
676,0.509830631776901,0.6087433883254791,0.5950425016412381,0.3224321536898803,0.5580491346437441,0.5201929104697884,0.5058527199751462,0.5208103377668365,0.6243525784783112,0.49550774535816733
677,0.5327561635719734,0.5988349291580208,0.5911972919702736,0.366394673729252,0.5908731616166223,0.5027499732307817,0.5141487262664419,0.5131571071112696,0.624279456956008,0.499549381593592
678,0.5358537884524821,0.5948738946769925,0.5991139439859702,0.37598228871424616,0.5929996983029842,0.500862031438052,0.5153510981534024,0.5091692079136183,0.626281124384974,0.5007457803123502
679,0.5897693664920448,0.5447601181706418,0.5559968192043966,0.5008941230181303,0.6250066680802477,0.5276021016446916,0.5273741295625008,0.5013303779355981,0.5953237671918261,0.5383042392737942
680,0.5927617565969423,0.5412049191480014,0.5589194773640754,0.5055994595068669,0.6223353135664759,0.5307770460196743,0.5258544191660214,0.5005547878448275,0.5947856776533296,0.538053206505972
681,0.6040455742744262,0.5210458868890171,0.5413410852638392,0.541378593980532,0.6134400716796808,0.5521980264999986,0.5250867230333707,0.5007808408535118,0.5788312532839736,0.5524718573187007
682,0.6074623086331791,0.5161437349531329,0.5384705780254523,0.5491692550165308,0.6088950684965693,0.5582588866072875,0.5234236849097007,0.5010842433119602,0.5748875661178692,0.5545194456169684
683,0.6144775906332812,0.5033224737691471,0.5259168337269804,0.5713610088170182,0.5924960088034203,0.5748222636669985,0.519783873410328,0.50262416372235,0.5614703948617313,0.5631024141169839
684,0.6123091338663186,0.5217621140092203,0.522977830101419,0.6258950184227329,0.3892798444829858,0.5940995059256193,0.4985465236583685,0.5142664122540047,0.49964852918106367,0.6065710635362914
685,0.615018052238418,0.5215647764862111,0.525893912179398,0.6250185620504065,0.3858846487214716,0.5968737674957536,0.49772765579835604,0.5143952534116812,0.4998364612778126,0.6010166434369422
686,0.5605817283187193,0.5964619089456853,0.6008514367210748,0.5006405736150907,0.388167046602121,0.6102496909221095,0.49919461283439326,0.5110022932582131,0.5333646296807525,0.573145732444794
687,0.5563698494341158,0.5972380555572838,0.6070405410261314,0.48778074914926406,0.3952485026140048,0.6112990864363896,0.5019659968563406,0.5091179124291708,0.538215786428384,0.5675971732874735
688,0.5491469112741667,0.5966999497694613,0.6174297358751907,0.46528475090775245,0.40905226842891707,0.6108139854102073,0.508097225056862,0.5053160977792944,0.5469692866168643,0.5575599274417559
689,0.5400151225231529,0.5978990608216727,0.6253416349893495,0.4389059182618212,0.4289079023628018,0.6070522048685004,0.5138334576013487,0.5020825442584836,0.5562345940467371,0.547484722836261
690,0.5353820695591153,0.5991164878223557,0.6282599679380853,0.4258539455747887,0.43979044560712927,0.6042417720132206,0.5161136201770323,0.5009032362708422,0.5605590073337354,0.5428294622912524
691,0.5002493428205592,0.611994032233655,0.6524187880470256,0.3552662882810511,0.5600717426397982,0.535511309782296,0.524876919812753,0.5004929457928076,0.5946529312306899,0.5075984371813099
692,0.5005145186729307,0.6038579531374232,0.6615677872327178,0.368748736618934,0.566524044463931,0.5243161294078993,0.5278277544603541,0.5014822276770755,0.5959167555202827,0.5066918419112336
693,0.5808068165260042,0.5383605713149235,0.5898191107942481,0.5661077278507848,0.5878917216939902,0.5373133347172181,0.500405717832217,0.5288915421916088,0.5476796914694381,0.5528428964060613
694,0.6019981669106252,0.5100189295097971,0.5431183745180065,0.6198602779870981,0.5386121386550814,0.5829996125505095,0.49442160405434876,0.5323366303103025,0.5164665092541101,0.5692441235127652
695,0.6070396084058586,0.5029299456519154,0.5349785653684386,0.6425657041232132,0.5066157143189532,0.5967843478390958,0.49594574609518693,0.5312772252570993,0.5059013846321577,0.5729088562903802
696,0.6091522294962678,0.5015553576543746,0.5364114819469632,0.6568471863898088,0.48362236178724555,0.6026572622919756,0.49941133673422755,0.5295261395556693,0.501006365033985,0.5730191949641592
697,0.6105787988511173,0.502133629715338,0.5384220029342609,0.6607560697409925,0.47649969585025675,0.6044054778549682,0.5024375237576783,0.5287686755785147,0.4997625784594415,0.5710961594828823
698,0.5921524204466384,0.5319248434549563,0.5981901071314321,0.6775406770191235,0.4109109953967474,0.6038160829450531,0.5265810751810566,0.5103013237846891,0.5098089659534679,0.5597124892769311
699,0.5516516299769083,0.5739821106159554,0.6245274255522923,0.5727097980829722,0.4624118998013728,0.603271777112049,0.5462075810749778,0.4987754532775232,0.5384395991123919,0.5326052593622097
700,0.5478345614334331,0.5733163336602853,0.624797749699387,0.5589973451424961,0.4707142806021647,0.6014208755786281,0.5505093412034613,0.49851227294270406,0.5411682385279476,0.5284811510364092
701,0.5029063966826063,0.5899462589820363,0.6718762398087,0.46594806494392876,0.6051550286784452,0.5080458988486233,0.5323488039039243,0.5365394842137715,0.5645910589913425,0.5066670217445032
702,0.5057466867864888,0.5831148149529893,0.6796042755421363,0.4815417462322904,0.6055760064559218,0.5000672668370059,0.5288479087419933,0.5418850198112894,0.5619453917493158,0.5086146863771575
703,0.5153244928773975,0.5747993109659263,0.6886741231100485,0.5087983173555215,0.6042681655393709,0.4888464816121745,0.5177658106960037,0.5505154749320434,0.556683233117139,0.5151505392343725
704,0.5706189733784198,0.527627019061772,0.5890814928594519,0.5835013195083982,0.5650387146424389,0.54632820591639,0.49407138396571093,0.5603803631706985,0.51494252614369,0.5481716933526428
705,0.5763987666822152,0.5216601949282185,0.5742333521252798,0.5915270781359651,0.5575374693302538,0.5582753550789912,0.4968672613263517,0.55944704800813,0.5091286050052496,0.5497389245291006
706,0.5863820583778323,0.5111537968534581,0.5498663123711275,0.6238630873834482,0.5290994444530107,0.5854576631688307,0.513703009777391,0.5500727277806958,0.49939121614556925,0.5509441285576658
707,0.5814937424834161,0.514513069951074,0.5830367316146832,0.6886718305161683,0.48409724676033183,0.6006386501171298,0.5488671275491925,0.5233215469820549,0.504016082467015,0.5417701386840856
708,0.5829181265578677,0.5155153995537346,0.583274621056179,0.6867972493150521,0.49334522206816367,0.5985708359529119,0.5564379908345275,0.5218194615874575,0.5052923292573127,0.5381918372334703
709,0.5776905826459029,0.5208327377163887,0.600348747767053,0.6937456632071238,0.4919909926243908,0.5987047658309805,0.5694765332284134,0.511995184168359,0.5115393727375802,0.5305296807324148
710,0.5718225900531554,0.5259695201477588,0.6121082369930608,0.6909747814823951,0.4934293895337176,0.5988867924854399,0.5780631424168808,0.5054265286337496,0.517191242205914,0.5238212506064094
711,0.5578011996522476,0.5362940257478896,0.623334113653031,0.6635765240782631,0.5034420068881869,0.599755802906401,0.589339740579456,0.4999708654694624,0.5273510351497023,0.5112410050652614
712,0.5540849527432635,0.5359308413324085,0.623202112499302,0.650261894574634,0.5105315177379373,0.597944862543296,0.5945249484617293,0.5006578227042466,0.5292821355142634,0.5070591869602709
713,0.5511337857124647,0.5343882940093304,0.6222974381945421,0.6380002071020746,0.5168280239742334,0.5955325847300609,0.5988561813109579,0.5023341626517899,0.5303530640918962,0.5036840068093844
714,0.5025653315207271,0.568216091769133,0.6458345512932652,0.5149073000716844,0.5968473402293294,0.5773218057468152,0.5629718682618089,0.5745530266822526,0.5415412431669927,0.48919306206545343
715,0.500178326412656,0.5644322521432248,0.6795707152676949,0.5467555856269357,0.6035698119735782,0.5528664034448727,0.5322437292203264,0.5932574994472459,0.5324390984842258,0.4983463385138827
716,0.5165714356128548,0.5473712766176058,0.6847971466836511,0.6006724837851035,0.5959733987175755,0.5237195988487712,0.49287495899524525,0.6030573782727563,0.5089657766610711,0.5167650640815735
717,0.5251360218086261,0.5406176018375213,0.6651285456252635,0.6054129274344573,0.59430242879185,0.5203611350034105,0.4896916885505918,0.6027091400196263,0.5014358550254493,0.5212750790803302
718,0.5371373733110514,0.5333922453939447,0.621162192134124,0.6007910790958696,0.5937506890248155,0.5222683527688731,0.49772399744002455,0.5990628148276147,0.49396163461655346,0.5257649365406117
719,0.5515837933106811,0.5257701603187079,0.5560807173268247,0.6000913709478464,0.5940398239294703,0.5372869915486279,0.5342012365043999,0.5819969584866499,0.49064014036690073,0.5261667375437615
720,0.5544570916750045,0.5226878185766929,0.5497359462799343,0.633312109138121,0.5845490370202948,0.5556892677874836,0.5717026855172429,0.5498354115798324,0.49679823417719005,0.518996041167939
721,0.5535962943076712,0.5244729564086029,0.557157682844608,0.6473873666544053,0.5883704498583222,0.5580403353770926,0.583898367253031,0.5357513892855311,0.501292384003266,0.5142936196245352
722,0.5541961699457396,0.5277597175172182,0.5539461605227867,0.6454017834017104,0.6031008974549726,0.5518233490528364,0.5879732537940832,0.5329801021936842,0.503342588504224,0.5126241208223923
723,0.5511945508651488,0.5290512134021823,0.566792706025,0.6552612001895768,0.6011766244064277,0.5568964077531824,0.5965519821697537,0.5179586064361865,0.5084180109736649,0.5071022781096948
724,0.5381804989773242,0.5306106709294552,0.6016116836095078,0.656170393254768,0.5799268317894447,0.582112104029471,0.608504396556008,0.4957903953951321,0.5195593920169927,0.49280220841192846
725,0.532797043356708,0.530920063965759,0.6062911041724736,0.6404168587179111,0.575579494218268,0.5909236548962485,0.6114911968231936,0.49772483953067487,0.5222413685764211,0.4884456795334328
726,0.531606690911592,0.5302848626821655,0.6052726628874887,0.6337476149546876,0.577750385941008,0.5898661500472501,0.6124664039575058,0.4991740360955029,0.5220991349334055,0.4878634689050393
727,0.5276717840606207,0.5292244145016609,0.6058751208035071,0.6148526498067599,0.5745588163802922,0.5971289434193958,0.6142948790213761,0.5070820077578222,0.5230729431000044,0.48513902780263685
728,0.5250139788110366,0.5267070469607975,0.6045022396766092,0.5987532556657867,0.5741902474034957,0.5991000402059534,0.6156500032212263,0.5155559909269631,0.5221947806666263,0.48395135511305204
729,0.524246038342306,0.5257240639445802,0.6041264332599066,0.593385343290293,0.5739356877999358,0.5997461016229058,0.6160466104141701,0.5188675818906527,0.5218044472833485,0.4836289298029462
730,0.5206045566726497,0.5219066232123476,0.605406453678766,0.5660432646795579,0.5668081217564411,0.6125459834785444,0.6163560223486579,0.5425736013935881,0.5212482631707057,0.4814939075359511
731,0.5176416903083382,0.5158444682201688,0.6160900331356586,0.5425879473959684,0.5563194268191517,0.6290881930472595,0.6068249235559862,0.5812596648393326,0.5182664531925839,0.48127594662762974
732,0.518464750384211,0.5059610423927055,0.6657878905874366,0.5794520496976461,0.5469646432799438,0.6295613088502918,0.5431571785896812,0.616366370161805,0.5056070314532549,0.4902125742792453
733,0.5218870674683335,0.4920964699647615,0.6782549104202044,0.6027916019877899,0.5436126192387248,0.619821275302697,0.52534214644313,0.6155621789338078,0.49536916973343703,0.4914031408704294
734,0.5242797924059125,0.4979095918109932,0.6415265730693697,0.6304646490057735,0.5811306889985544,0.5760196775397464,0.49345518834198576,0.6075772778583761,0.4882298004279638,0.4992545551823763
735,0.520747500015661,0.5206600122672935,0.5284287662206656,0.6059396256260451,0.6328669702483459,0.5300817202622086,0.5644829287460369,0.5999159207708373,0.4894258992982732,0.5003495857996226
736,0.5207208999273728,0.5264669053137515,0.5158247097280042,0.6061776808714908,0.6508234647564073,0.521525338859438,0.5768529249314894,0.5919602268114362,0.4924324665951566,0.49833469828786814
737,0.5201696634873147,0.5312760922292271,0.5084568458842146,0.6061042815259184,0.6632344029266537,0.5147044386388996,0.5848809921592225,0.5839681575127328,0.4952178131901292,0.4967214667753925
738,0.5146327729363677,0.5443516759742167,0.5025824258966843,0.6073127361182379,0.6779256074732594,0.5007176868913629,0.6032130989109953,0.5461786512987844,0.5013046397209169,0.4927738554443705
739,0.5053962199715564,0.5405475075667832,0.5553561194163935,0.5832544806563567,0.6337685583193017,0.5545493239988563,0.6033736962181723,0.48501834856597625,0.5022687656076378,0.4876889143231439
740,0.5112463438575882,0.5212246571981191,0.5703092978648493,0.5308329039718326,0.5928412706098802,0.6019825319687818,0.6121514826365274,0.5247853982708962,0.4955242065751023,0.4899639696149358
741,0.5408084100649558,0.4655033570856581,0.6216560238681695,0.5377464597308169,0.49566857510266527,0.6671755530759901,0.5714873706274268,0.6137495202379196,0.4892974410538658,0.49411314140512513
742,0.5422072280161337,0.4618844023315854,0.6235924873202863,0.5413193529996957,0.4926415913738264,0.6640752031031097,0.5700323357860771,0.6141841229010232,0.4879053158256264,0.49373091626590954
743,0.5431776045862678,0.45910573212635447,0.6247787749696926,0.5435771035475099,0.4905553496021892,0.6607765415161472,0.5705584364678147,0.6143202558045368,0.4867809698514173,0.4932755632259725
744,0.5452366362306982,0.4544097415102376,0.6279900475487307,0.5500834849113262,0.4867307294189046,0.6578185732970182,0.5651433911518632,0.6147050612241393,0.48613924016764165,0.49276807797980354
745,0.5514421888147854,0.4425199224864479,0.6325806240126081,0.5817110053649435,0.4870825229869041,0.6517849096554977,0.5237025696284121,0.6096149787290077,0.488263173423101,0.4912656798067583
746,0.5502042613597273,0.44859517002647753,0.5914417533690091,0.6061343370828707,0.5375771660182845,0.6286927311034478,0.4976253181496333,0.6042977699274638,0.49428793197377835,0.48796678924806836
747,0.5230578563176626,0.5074143613211374,0.4788504763154365,0.5893770381008169,0.642905054899149,0.5500068141322525,0.5820894223805868,0.6151989778368591,0.4994817633442437,0.48580400424126285
748,0.5169539435324475,0.5194361469562578,0.4676084939385786,0.5847589366282393,0.6561096951851425,0.5349143616069852,0.5960064266348325,0.6081555879792659,0.5004476393974463,0.4860642224695476
749,0.5120761281583656,0.5287708930665601,0.4609399727334988,0.580254126846945,0.664841939496382,0.5237305500442533,0.6043382774944933,0.5993360452562093,0.5012743256512028,0.4865498662812724
750,0.5092853638522115,0.5344834332690616,0.4569687372932258,0.5757604660219853,0.6700770470390064,0.5177747367739886,0.6078151436084134,0.5927062177639811,0.5023537158574766,0.48700136158380936
751,0.5057416696529707,0.5417615630965674,0.451980323491656,0.5680313079137925,0.6758422540425788,0.5109233518060617,0.6109827376389526,0.5829102324449374,0.5039614550129162,0.4878180067412598
752,0.5033620336567648,0.5386889978553222,0.5291099217878873,0.5007842595145611,0.6210073200112975,0.5934628813589236,0.6109371306116792,0.49418204614306044,0.47807411780299863,0.5053287361954664
753,0.505859001143734,0.5366349925232572,0.5291889931408583,0.4930729591486574,0.6170548255289661,0.5961097250346286,0.6142900474549161,0.499086401746452,0.47729605922113194,0.5055416424044233
754,0.5111927262086287,0.5310097629926702,0.5313019691188071,0.4820596503405092,0.6072308459401162,0.6023057103554547,0.6207062095864136,0.509905429021049,0.47619459406873094,0.5057298836727715
755,0.5474582451311633,0.4692456919848366,0.5641211126679598,0.4800165905528872,0.5094140122778913,0.646492332047975,0.6206029848268306,0.5866001625256761,0.4796631764942684,0.5034637883669154
756,0.5548858787058887,0.45527000032180465,0.5685673084443217,0.48690479251480473,0.4890114497616384,0.6467311101672271,0.6136663262239452,0.5979551353895958,0.4826627340458219,0.5014219319378013
757,0.5588125638259794,0.4479561378250597,0.5700692877881206,0.4917417628670387,0.4789975742974761,0.6442327712943606,0.6102226878028829,0.6027759526078755,0.48515767572745633,0.4998535479495857
758,0.5749295858736909,0.4105887289422003,0.5586731913299277,0.5325370255652064,0.45648834788308484,0.6455384240395078,0.5389633161512366,0.6167440654391162,0.502488438931809,0.49025264900139415
759,0.5754734051919956,0.4093576064432406,0.5509844926563334,0.5382430551500736,0.4645030891352717,0.6433649336707001,0.5297055710279677,0.618832662424661,0.5071655912771795,0.4885328040844263
760,0.5752501952770819,0.40983283280221894,0.541852208318306,0.543360472854564,0.47496265301273677,0.6416368122392292,0.5209248334426982,0.6212567505850982,0.5104194112974166,0.48720767473629295
761,0.573357660379927,0.41377782390329726,0.5295070715421861,0.5456911198496309,0.4932679596100228,0.637073794407681,0.517581068182816,0.6276103065128253,0.5180277660244919,0.48639761529665615
762,0.5566292398868774,0.4509009985611032,0.46915262391558277,0.5529672043804396,0.5674686281243134,0.6045630049397863,0.5302044106897296,0.653521370341291,0.5204771062392394,0.4886399864388724
763,0.5366939796076207,0.4892711213435338,0.43685880426203016,0.547424680305988,0.6060382947441836,0.5655164533420391,0.568482232135387,0.6622164387608858,0.515475785120698,0.49553355699446733
764,0.5324714792909624,0.4964784215445815,0.43248148120507357,0.5447034759241535,0.611569890726493,0.5585708363914289,0.5753815141354461,0.6614660255506095,0.514775763722293,0.4973329737212591
765,0.5093529960702008,0.5350131315643493,0.41782805103952664,0.5279934819714479,0.6326863097535599,0.5232946189162164,0.6086385729603315,0.6374353000768536,0.5051707564028513,0.5075499987201334
766,0.4866064519424026,0.5764208971367332,0.4347689393429618,0.493240115802809,0.6550492550553121,0.5175773086971974,0.631166438936309,0.537889825824331,0.4796986463753622,0.5231479325339413
767,0.486724800530829,0.5785278273838944,0.43397705142360743,0.48400555176122206,0.6565581345918147,0.5217331152494334,0.6326067836179958,0.5306664709550197,0.4782992433345631,0.5235205882524694
768,0.4877899296010126,0.5802644473486032,0.4373989771872753,0.472295664242845,0.6596679658924361,0.531217067767007,0.635370312188588,0.5153709079600909,0.47509730009487683,0.5246699422033128
769,0.5242969957134404,0.5324088413322,0.4830927629121135,0.43643904000308636,0.6138785306759129,0.606557134527154,0.6685159546738285,0.49664833496767796,0.4718077406859528,0.5229702329918148
770,0.537578335960619,0.5208158173213401,0.48052857746261274,0.42811828123681545,0.5945908215530101,0.6041298894223016,0.6955808690105977,0.5062950446140151,0.4782792802061844,0.5151192388746095
771,0.5477663772006913,0.5006571030982583,0.4821950082492219,0.42835586328572267,0.5698070133308193,0.6058136120158227,0.7018659076998054,0.5225045546236506,0.48456158814215744,0.5102370453258583
772,0.5612496326440196,0.46875005566391564,0.4818248790204002,0.4327293190288806,0.529457998817581,0.6042059725287012,0.6985722773147889,0.5510230462382342,0.49491774241676023,0.5030573924918893
773,0.5724175198246336,0.4398085644893076,0.47607215559614713,0.4403387780906235,0.4916078692657974,0.5972660963513003,0.6847121099937798,0.5797430320083414,0.5072235876624033,0.4956929979172308
774,0.5753878101613731,0.4320665425620799,0.47237597561902933,0.44358705143049637,0.4810635823025329,0.5928456294779418,0.6798330457757065,0.5886934624127086,0.5126022000960504,0.493231811574509
775,0.5774368747998048,0.42615483214496913,0.46581044899349056,0.44853798646684917,0.47060676639224985,0.5827159214073916,0.6787530321239866,0.5981415859758413,0.5229205260778639,0.4905904075018816
776,0.5794911635624954,0.41143658854817566,0.4046500280300083,0.4741091424800173,0.4753016459622955,0.5682431906624114,0.5054783504248277,0.7110461306167581,0.5318151072527161,0.4966152439942345
777,0.5291135629829097,0.5225083566185967,0.384779820524747,0.4569403289063389,0.5445703883905819,0.5234407206667924,0.5365540547585316,0.7335977295094737,0.5004025406053225,0.5246057076962167
778,0.5184241859870874,0.54919893240964,0.390415558697366,0.4485920305110559,0.5593801292215144,0.5156018484474119,0.563282861351666,0.7118906312092899,0.4908823542530954,0.5303756443044156
779,0.5073405130188642,0.5937518170904613,0.41724119633904927,0.4311234603970376,0.6070077487271677,0.5272619206462253,0.6445356774671643,0.6066823075226202,0.47026913369451045,0.5370817809577818
780,0.513865355348388,0.5930495929117172,0.4286765381396515,0.41882574669300365,0.6274602280670818,0.5546218750158283,0.6850159854123903,0.5492904269705321,0.46736563475712734,0.5319580447703997
781,0.5227265827902491,0.5753755073496639,0.43582116638390866,0.4139425844036825,0.635667000410895,0.5784295925724359,0.7176700558495597,0.5097853690946883,0.47142319580441083,0.5254768983271418
782,0.5628416597430568,0.4356807320059549,0.42468419125692203,0.4218330200955126,0.5169697848761989,0.5858528174659843,0.727150442827916,0.5451674177942228,0.5162365493031384,0.4879928599775327
783,0.5677157343789345,0.42057824223157314,0.4177708978720415,0.4261258664239252,0.49459807265627154,0.5769851631290953,0.711621274388874,0.5665354656889433,0.5242765676794697,0.48245353175578826
784,0.569316239898427,0.41646879600812614,0.4143948839979976,0.4288768127726033,0.48676515116095675,0.5713353128147838,0.7066938308875139,0.5745646251978379,0.528978291765247,0.48037382072325036
785,0.5715902126937071,0.408527528215932,0.4082985620849668,0.4326041806515581,0.47417491585136584,0.5631813165680737,0.6892480588966002,0.5934185386893905,0.535049249729841,0.4780618182655299
786,0.5682455614636918,0.40969295019782503,0.4017725433664367,0.4407515326221564,0.46676814285938667,0.5408764014829963,0.687980035472435,0.6008970995614092,0.5512236274704807,0.4790762119228565
787,0.5673361375939551,0.4078365409852886,0.3982420177705645,0.443205216723144,0.46365501156466965,0.532777886265557,0.6747132249516624,0.6134376903037495,0.5550207432489791,0.4811025792233951
788,0.5590097594722949,0.4116892537920213,0.3847832260113723,0.44803806470199253,0.4646121466876386,0.5026122714089206,0.5701500417190443,0.6991845162601028,0.5576427108122511,0.5038915283153109
789,0.5440824379123058,0.4367899394429515,0.3849162951621882,0.44655353233571726,0.47889482143625434,0.4801415568620368,0.49675796180258647,0.7498488725750205,0.5493081689594975,0.530915852232828
790,0.5331349982744683,0.4594273965795113,0.38990413679570524,0.4433605704443285,0.48902047802187615,0.4672719453978166,0.4632811631392772,0.768621605231776,0.5398786288933054,0.5478311945842959
791,0.5259978341376422,0.461787205396996,0.3914708824300011,0.44064629476248984,0.4894623785137877,0.4625958808666951,0.46099959848181554,0.7666091322414623,0.5427468991980013,0.5522753180988492
792,0.5161468372204661,0.49416927543058914,0.40261702485878303,0.4347872208301982,0.5021219609280531,0.45306832885437237,0.438888757754781,0.7730856206522654,0.5256784081493321,0.5701489003417006
793,0.5101487307487665,0.5069591556054246,0.40906432180887414,0.4299118393434474,0.5067109113204205,0.45199167809510254,0.43672420262468,0.7679229642927684,0.5203455627489789,0.5765457587564515
794,0.5073387425391515,0.5268204434038595,0.41838543940828526,0.42463434678937534,0.5161357922868026,0.4548713163923846,0.44380230964127787,0.7577020000019813,0.5084410090062778,0.5835683610831448
795,0.5057363338771723,0.5274758787591656,0.42028009134008065,0.4226899082803701,0.5162661890602184,0.4564747065845488,0.443551555097948,0.7546987981339757,0.5090270307930329,0.5842630220602287
796,0.5053686694283367,0.5368767571016027,0.4261829592611062,0.4190387979646573,0.5226303072468828,0.46216465369634824,0.4537964030033817,0.7446289247180637,0.5027611503444889,0.5873755785679526
797,0.5086363166877496,0.5516146068254478,0.43679536986130657,0.4131568019399336,0.5395046857807606,0.4822782250698106,0.49768930801644173,0.7162221467724555,0.49002920002161227,0.5893302787137571
798,0.5110359975223415,0.5531506336855472,0.44069101568502117,0.4111308358491325,0.54745106761773,0.49507757969686844,0.5254324322770508,0.6999290926114132,0.486664340396819,0.5880553606497891
799,0.5167303944775417,0.5436727922472671,0.44470767360362945,0.4107056970396126,0.5624933103991163,0.5265947224197297,0.605586077206585,0.6548760164175674,0.4867619771330497,0.578498743065867
800,0.5200664625831976,0.5360797257773456,0.4459223035515811,0.4127590366307332,0.5651750795086375,0.5364421007285191,0.6315221598201806,0.6394981542320173,0.48801055857889597,0.5726210530137722
801,0.530270317395179,0.531649259087449,0.4533312518401644,0.4196239987027221,0.5639575581367353,0.5415154666467576,0.6372413182690932,0.6373605193751236,0.4841973566097896,0.5644478925746272
802,0.5326040434764018,0.5228886781722117,0.45398641214923824,0.4236966941410954,0.5659717084909965,0.5488185682028655,0.6579519221843634,0.6228842469404188,0.4859980164926198,0.5587029473374474
803,0.5217333302161183,0.46503553202183995,0.4315054460489724,0.4400111948127488,0.5571761991855749,0.5656218526204804,0.7533301445446517,0.5157217659651363,0.520305899887089,0.5196881238828307
804,0.5257368229738489,0.4520999408098091,0.4246311793842214,0.4561282302571902,0.5369008071311765,0.5514125633444801,0.7575415980545112,0.49058506428855336,0.5340866267639972,0.4932180811931736
805,0.5213360404022094,0.4464965877669809,0.4164056195791577,0.4758805784902205,0.49576655618085025,0.5057355876155887,0.7194135553269906,0.5170872104547006,0.557393114100001,0.4529263641602425
806,0.5215567408208294,0.44668907216437637,0.4169800513849352,0.47919903368914013,0.49176168073374804,0.4977707233442873,0.7140051739436317,0.5221540867260426,0.5602129066254533,0.45103077299596117
807,0.5186801309578771,0.45130540353171433,0.4208337540037809,0.48353757275611864,0.48351112866079554,0.4814608781040676,0.6946608912803349,0.550111329670881,0.5639116304272573,0.44871146028438663
808,0.5049285017112363,0.48936035129683675,0.45345448603805666,0.48518483512671684,0.4670536755644985,0.43785112808625615,0.5870738102524737,0.6757368904560203,0.5620907443941162,0.47494203814807845
809,0.5050129844994474,0.509932775950993,0.4686006639211628,0.48034735748097424,0.46541918659675624,0.4291478799969611,0.5324032892789831,0.7089152997731594,0.5536373585654002,0.4959077219599579
810,0.5011972096863218,0.5097586242912844,0.47557128890749073,0.4820426420940002,0.4566952972484632,0.4169049044810545,0.5245551143234257,0.7016790895203923,0.5658364943704683,0.5008210682529816
811,0.5228079400190617,0.5576980787026122,0.5000359858374145,0.4497851386054899,0.4607925451432779,0.4253495992130512,0.39697428483524205,0.7185657052826512,0.5194245880673923,0.5684541171231193
812,0.5296156666079261,0.5591533154992167,0.5011620293364784,0.4410146977863409,0.46255861053958197,0.4351303691147492,0.3925540154599036,0.7110348358488089,0.5090417487213623,0.5819239786225946
813,0.5344656263391682,0.5541426707478353,0.5046779599334161,0.43905294182448357,0.4614738859619467,0.4421719385388688,0.39702266928681923,0.7044321987443043,0.5094601830813916,0.5861146110465894
814,0.5369823741364851,0.5478253475329906,0.5044123785262128,0.43563771233155557,0.4628213255503343,0.44988365171385813,0.40857154932636797,0.6999574864349939,0.5060627991064396,0.5919306678124797
815,0.5391621832429978,0.5210957090591243,0.4996659987824681,0.4334093608785722,0.4699012828451092,0.47396225758187377,0.47654424847699967,0.6872853930877769,0.49890737095406124,0.6002265155815798
816,0.529911447550212,0.4785459255989249,0.4803527667581388,0.45126780506135916,0.4820706052386489,0.4975756518440161,0.6144602623614612,0.6361265379068117,0.5081373303308886,0.5882958323972849
817,0.5242929271182253,0.4646252074771405,0.4632855984250332,0.47385136344045925,0.48669036031714225,0.49809089686320157,0.6781914082378208,0.566512910353044,0.5297273595700349,0.5581368137456341
818,0.5256456383579458,0.46485156304444997,0.4545855412074804,0.4915385822010503,0.4847416705176279,0.48912544274895,0.6932776644549598,0.5242157250271033,0.5443310472880071,0.5295179489274721
819,0.5176952700874597,0.47794475429203054,0.45326794927736347,0.5148307108370123,0.48047584670122484,0.46579971539878606,0.6954971542080199,0.49314343231880114,0.5676862115811007,0.485276681809851
820,0.5114770222794602,0.49256604058342396,0.46640814481589116,0.5288939748981938,0.47416539864491447,0.44627718701799796,0.6865699647903256,0.5159434336986303,0.5791876126927645,0.46364741060756653
821,0.5308767297456649,0.5731814810395095,0.5398611994112743,0.517307207688953,0.4529861633686431,0.41846742880358445,0.5124141451390809,0.6820606126836706,0.5652675289628643,0.4960115009055515
822,0.5583694713643669,0.5564855005205158,0.5265146779001263,0.4572951324645477,0.4423868764314971,0.44567791007208657,0.40430274167697944,0.6885460567524596,0.5169047027916468,0.5682226080497554
823,0.5629505311918287,0.5502760978204756,0.5335332613228906,0.4588856511286968,0.4382540381793008,0.44728684648959044,0.4052190356839323,0.6851031203379577,0.5272459214545251,0.5644428281081851
824,0.5546713089889257,0.49992285729055785,0.5168618707115912,0.4514277499354572,0.4420488463046994,0.4705208591268826,0.49740301121304575,0.6786677470611436,0.5075602182743919,0.5918626293153546
825,0.5562435008946076,0.4869616821200337,0.5131708641695069,0.46288823492143377,0.44602429810795646,0.47916164417125434,0.5538300949112257,0.6612881205112145,0.5074603338579433,0.5890348225413823
826,0.5589352714011007,0.48559624705556664,0.5128467105296562,0.46793377095188715,0.4471852926960355,0.481728351403778,0.5690382311868039,0.6535538992857013,0.508181934893302,0.5858986500419702
827,0.5614455003156529,0.48952209471975455,0.4928229125663362,0.4995656635597621,0.45975682709575844,0.4833564226228615,0.6438026748914879,0.5742554630919419,0.515745393216887,0.5653973436817727
828,0.5658682598868338,0.49025806688644163,0.49120671727827747,0.5033824035211099,0.4593673484229286,0.4843448728388153,0.6451933129864895,0.5697728741346975,0.5157778753175045,0.5609118677414724
829,0.5722173088666417,0.49115575575499193,0.4885531378730391,0.5088710597403849,0.4588239421728725,0.48613323111754003,0.6467999934011279,0.5631100049557054,0.5157397461587742,0.5543705009674905
830,0.5714383147304184,0.4987057130403558,0.485287942419039,0.5188483415901533,0.4633747641093897,0.4846534330913989,0.6558932699802782,0.537258262729551,0.5189918178487962,0.5449388074906466
831,0.5656221633534694,0.5129767203734552,0.4868776190440345,0.5368384363673487,0.4699508337075499,0.480158997879161,0.6650423971477721,0.5066675744327529,0.5255403827561288,0.527391484642735
832,0.5556242313469303,0.5287025220678141,0.4989452577184592,0.5501781747393405,0.47597539397956945,0.47470686650058747,0.6715611955126427,0.49968707291589676,0.5314092183085808,0.5155715986264944
833,0.5545926865383126,0.5317992024490175,0.5033121311239676,0.5545663925032631,0.4758235560295938,0.4744644544153189,0.6718923274452261,0.5009307859392376,0.532815539033857,0.5113408339644423
834,0.5528951708184737,0.5404506040418006,0.5265959268970322,0.5700022134280748,0.46943843024973697,0.48202876761191393,0.6689506466910314,0.5111821465841059,0.5398544424036115,0.49601932968072693
835,0.5391191960547296,0.5902738151796985,0.5785599361698572,0.5773593557217338,0.48220448333860827,0.4751062271807791,0.6704921053398634,0.5563017217008989,0.5479332686255898,0.4878802455428272
836,0.5564381283349165,0.6294431073908247,0.5753390087252994,0.5116081393058534,0.49900019914931315,0.4612944910892391,0.5542495554955021,0.6405853035686382,0.537699713910048,0.5072814121274243
837,0.5659867412645073,0.6049232092331821,0.5548630457368893,0.4903882875396027,0.49625664692479476,0.46236279676670117,0.5072366686176144,0.6462269756956172,0.5334670239975667,0.5177384991899603
838,0.5675389130046029,0.6005001718387236,0.5554088852103963,0.48827386518089816,0.4961854339909652,0.4620544162442784,0.5052344845382541,0.6459269129547968,0.5373823437863667,0.5169288289694606
839,0.592891172056288,0.47241785986497925,0.4982528398234794,0.497582046129925,0.4613285281562987,0.4853873902223113,0.5091625682110824,0.6663185406510442,0.5087507170110556,0.5533842533711097
840,0.6007254856625601,0.46149644930065337,0.49212447569745676,0.5035645329706879,0.4551519174020064,0.4914926185962555,0.5320142442402501,0.6632029889012423,0.507632354653463,0.5524876924559713
841,0.6080803710635522,0.46100313565358364,0.49319294731978575,0.5021115894614561,0.45527668187947706,0.49575243476286657,0.5380423916309475,0.6613865343183795,0.5089942783512369,0.5479821443561226
842,0.6175410756428793,0.4581261878026019,0.4842991402521223,0.5079335882520485,0.4478745914867488,0.505233332874169,0.5640400991983934,0.6489579269822813,0.5078247053890662,0.5450902927724003
843,0.6364781459119558,0.4606737239183334,0.48205897311913004,0.5003414395427966,0.45313193948173053,0.520949621418674,0.5675976339286791,0.6435952484542846,0.5121852025295262,0.5317241693365903
844,0.6285363283271501,0.48772401965739337,0.46996792526568776,0.5203792974068288,0.4301294044577173,0.5380987771492007,0.6105384841506053,0.5894633570431403,0.5053028943596748,0.5347608715835015
845,0.6192517605881906,0.5107775819892236,0.47121547492107246,0.5347139491743934,0.42702740744293244,0.5567622667485127,0.6249464495745554,0.5554363024796385,0.5027853691145611,0.5294773855175329
846,0.6067804285339704,0.5358871534938665,0.48431951908631715,0.5480089086682732,0.4291072755046487,0.574452225070157,0.6323688951477291,0.5337375280210337,0.5011411956684088,0.5241703582219462
847,0.5988730054409979,0.5512734273608413,0.4953823400268319,0.554139085252872,0.4313564017417777,0.5811023396270262,0.6352824856949731,0.5261486864711687,0.5006693973825227,0.5220798356387053
848,0.580235258287334,0.5874951162873518,0.5237290073419154,0.5650145285071404,0.43940710509860753,0.585221237661997,0.6416282639981291,0.5176410202180565,0.500878653562353,0.5194673604302945
849,0.5719511551597444,0.6611521686714196,0.5596367039293455,0.49736762564958886,0.5730601326044293,0.5181022168800858,0.5863333080667721,0.6095345740891472,0.5205406058967003,0.5018030500849242
850,0.579182162758858,0.6408458005361484,0.5518422067169614,0.484319909964412,0.5840471303754092,0.5131032776774517,0.5685416469033222,0.6157551724360911,0.5245564403148846,0.49991302303664176
851,0.5839485056347183,0.6246260623068783,0.5481639412527967,0.47527798893614387,0.5909898843686742,0.5104784330373929,0.5568147220774732,0.6189855054576537,0.528180440779617,0.4987348763034628
852,0.5901242250855078,0.5979396838448827,0.550575134748692,0.45856415514007776,0.6017135161712757,0.5086916152889008,0.5413902573605172,0.6210990448152668,0.5384533798196296,0.4973166618803336
853,0.6013157270256633,0.5589448916288093,0.5516910544198229,0.4381980242575518,0.6139267158534621,0.5044392629371355,0.519508701760252,0.626462941973044,0.5475662467152101,0.4969951694386371
854,0.6403904242317131,0.49133416662517715,0.50701512175556,0.4973872524957048,0.5228810645747851,0.562833734180868,0.5575078501750481,0.6167698950347148,0.5224946732685976,0.5260333917505184
855,0.6399022891883982,0.5056953212644354,0.4806206064705725,0.509813087771322,0.491260063712846,0.5978818540857671,0.5753435088219234,0.5870706014438769,0.5192237365117506,0.5268827470217614
856,0.6282067201276881,0.5249457839299366,0.4737291855704537,0.5243428566951546,0.4633061163696749,0.6160973440456834,0.5872267415161474,0.567524807662941,0.5143374116185595,0.5305605588786009
857,0.6233246170319888,0.5346178416934189,0.4718919317497289,0.5301056359206544,0.454384977903852,0.6257674991758033,0.5902159274848049,0.5585975717363578,0.51308417033796,0.5305551265869437
858,0.6053657278952025,0.5719237611534516,0.47954047106199704,0.5490585506901912,0.43340914825306953,0.6520706547331352,0.5971958123902159,0.5348150132167766,0.508329759296491,0.530638311662442
859,0.5677259328241666,0.6837881570281017,0.547315579847836,0.5545113154901045,0.45694452115446466,0.6531735244933325,0.6038932482232228,0.523777503981866,0.5045236818648676,0.5333157117103233
860,0.5707572311833581,0.6825694986032352,0.560109452568903,0.5437374300629647,0.4794170049389314,0.6667024702940817,0.5886799877523544,0.5261928715895702,0.5077766396941974,0.5280627518404806
861,0.569546217134748,0.6793137078101087,0.5710431389609976,0.5137421483198413,0.5209400298889381,0.6537160486750608,0.5729482715322848,0.5377363629843577,0.5133666342193284,0.52378120052537
862,0.5685482920587189,0.6606568132119038,0.5778994389596747,0.4831389974624652,0.5615189825173076,0.6373598500472615,0.5545889274337318,0.5473938618292838,0.5202476428736517,0.5204894958254422
863,0.5682799062679352,0.6569437225105852,0.5792211784960082,0.47896120438080764,0.5671613818143897,0.6352110749120928,0.5515776346033614,0.5483721660138343,0.5213940869906298,0.5201095401121125
864,0.5677795277241261,0.6491292916578367,0.5838491192281021,0.4742061129590476,0.5733339769159572,0.6357706681819657,0.5458721276034442,0.5479456132652745,0.5239705031697212,0.5201728845886175
865,0.5775313571464357,0.5922742863985749,0.5796161973779123,0.43452381613822594,0.6866532551147094,0.5566714015207449,0.5120625480534032,0.5744018890252716,0.5321193802644569,0.5109215040223265
866,0.5771117136479734,0.5905090629019571,0.5844123829253588,0.43159623928386565,0.6897967253220032,0.5560174022958373,0.5106991879708147,0.5731882067442546,0.5342567998719397,0.5122164692216199
867,0.5785973682498905,0.5859008829899968,0.5891945305926507,0.4304638841415647,0.6986143603923541,0.5520347985308182,0.508131942067934,0.572859358534171,0.5366415012281426,0.5131581957864666
868,0.5837710841288114,0.5778677358797736,0.5936680432217821,0.434813189353902,0.7149781445268119,0.5445235598182091,0.504444846838642,0.57344398616626,0.5392351374376854,0.5136263087599736
869,0.5835770790755279,0.5780287240925843,0.6050847386437378,0.43073641049392486,0.724663486223558,0.5427206548261848,0.5024531228020904,0.5698431631873689,0.5448143759492786,0.5170561073070226
870,0.6110783709944649,0.5574497196400842,0.571078629564948,0.5260999224168881,0.7112759675321936,0.5679092124581275,0.5127358336664122,0.5605560245983717,0.5437722585339729,0.5199954799503193
871,0.6107075498160306,0.5531784211208358,0.5233036982545413,0.5725341954776655,0.6324567479057531,0.6170450576558134,0.5285959667426847,0.5420313131149364,0.5400291763437872,0.524126422097185
872,0.6056476340596505,0.5594980421168992,0.4952002864727359,0.5971746039911243,0.553151838883659,0.6606623180419448,0.5411491822034533,0.5262609797459176,0.5345343764794049,0.5284282843203477
873,0.6036129992415001,0.5930970925076858,0.4999753107712702,0.6060928127543463,0.4597775230584769,0.7198140035672946,0.5538789903875114,0.5067290157116264,0.5248006622186354,0.5364296974005768
874,0.6065645519527197,0.6079532732675463,0.5222975640280768,0.5932065407136247,0.45440668165425263,0.7376417738682924,0.5506499952963284,0.5024840017125293,0.5224722256257227,0.5355210824235627
875,0.6075023804337174,0.6131904104714456,0.5345249426215631,0.5835730352599712,0.45794142122848885,0.7431642904677209,0.548229092333417,0.5017878067567235,0.5217192841198092,0.5349429330572275
876,0.5982351289168358,0.6294198134261988,0.5838876048955025,0.5206598191943043,0.49099902778846066,0.7320151934030197,0.53906449260885,0.5070083127302611,0.5198869414708657,0.5391163088920548
877,0.5916659610825691,0.6264857274515293,0.598543085300139,0.49581013880968733,0.5138044012082775,0.7183626555747957,0.533564158966251,0.5104275737985476,0.5204028296306654,0.539560531395259
878,0.5812340535996723,0.6210264006806089,0.6127175802267669,0.466571835321154,0.5464822815174943,0.6937638967395879,0.5264441200078376,0.5155612696943982,0.5214024239628426,0.539985067353679
879,0.5724454693178854,0.6152559096727487,0.6226324162950163,0.44793384051397295,0.5752296211932018,0.6712796347968021,0.520575452358801,0.5195445423394547,0.5226954058067668,0.5401829327753732
880,0.5695199234155548,0.6118440319606397,0.628937166956862,0.4441203956700226,0.5835632396491042,0.6656984855558925,0.5187826407722146,0.5198938149769644,0.5237342133630826,0.5409152156973537
881,0.5670978387982999,0.6066607068164467,0.6400334204211322,0.44417035886322037,0.5865350196070754,0.6654129436853891,0.5182169876591609,0.5183324700127243,0.525606415811576,0.5429482196067591
882,0.5615398886200446,0.603858007631377,0.649070434627274,0.44066864591273136,0.5998964480346591,0.6546180321374455,0.5162586224767749,0.5188777025631377,0.5270560624809874,0.5443069764439451
883,0.556387414153441,0.603183705245799,0.6547799561224175,0.43875876317980733,0.613328534053299,0.6431515619480095,0.5144103756633898,0.5198422096762694,0.5279993105835249,0.5451084765401665
884,0.5457812801964042,0.6060889782673078,0.6584105446745042,0.4404022595998409,0.6522303498816586,0.6115977894178337,0.508566218130985,0.5241615232568138,0.5291289043750412,0.544640390404043
885,0.5409278423692633,0.6079411435602481,0.6643582982680264,0.446414590544416,0.6662163716577512,0.6008323506721818,0.5077415329462948,0.5242434669893273,0.5307839457147674,0.5461789557107402
886,0.538786025042696,0.6087718616902311,0.6687355440298023,0.44939388754045007,0.6689652961685384,0.5983477551799781,0.5083908941113278,0.5234309091863131,0.5317997556273704,0.5475990309997856
887,0.5370068262177007,0.6099367874784735,0.6700855327267706,0.4526594182142251,0.6744227024312995,0.5941700897355541,0.5080639147003351,0.5235678067599485,0.5323223546066761,0.548020617854843
888,0.5311600892965482,0.6175206871982282,0.663148987702277,0.4808734160463392,0.7159188950508969,0.5676245260672776,0.5023087589767299,0.5278109928147173,0.5340257895093887,0.5461769612902994
889,0.5292847525470815,0.6201249098334382,0.6638704191425417,0.4893219797355344,0.7233578710620817,0.5630129515192421,0.5022242302385496,0.5276307662537297,0.5351293748588244,0.5468939935968212
890,0.5271383619491365,0.6247214431565392,0.6605973777300405,0.5089755090412423,0.7386694185727991,0.5543637357091092,0.5011010324075446,0.5281462657110213,0.5369755527784873,0.5470832010974552
891,0.5328919590470126,0.6280279641967005,0.6287244814579628,0.575279158455006,0.7671595403467752,0.5440518642193047,0.4949428568895948,0.5322372171728816,0.5413456132759694,0.5423557695138014
892,0.534363698141196,0.6284942459828758,0.6218977064504259,0.5875434453679395,0.7678669704058291,0.5439572077813913,0.4943721102921951,0.5323775009476924,0.5424174593783441,0.5415167184302365
893,0.5762348523200175,0.5886924782544536,0.5337759607193342,0.6895496309043332,0.6977506945285519,0.5908586076659221,0.4908262646344359,0.5348955418513817,0.5502176685416128,0.5280200113225773
894,0.5985226904629616,0.5658424494008101,0.5111735453048791,0.703487032495832,0.6412641443079778,0.6260457014039915,0.4942085665181776,0.532794158490151,0.5509123137191545,0.5219411218044163
895,0.605420245020471,0.5605527155618938,0.5074105073826778,0.7025453582616037,0.6264062971986205,0.6361483758381221,0.4953705235512783,0.5323902873608786,0.550309241340339,0.5189652236104109
896,0.6225472594609754,0.5438624477363778,0.5078616132022162,0.697291308112712,0.5868442758032164,0.6676254617410349,0.5009078188019734,0.529024364600162,0.5491606057925186,0.5165503652750568
897,0.6270572581838549,0.5411472834353493,0.5090072019546962,0.6923063765770477,0.5817196711327173,0.6733022205515702,0.5023603584333783,0.528969254453569,0.54807181487114,0.5140246935445669
898,0.6512108374829524,0.5216890172773083,0.5511556475741297,0.6475199149019358,0.5357900423726232,0.7297454672261967,0.518928716596827,0.5180792872941288,0.5422326441252718,0.518108791343612
899,0.6537583829407998,0.5253723593384467,0.5970813571883141,0.5967393279073391,0.5235300050704766,0.7494057061188241,0.5306858158846933,0.5085497398558443,0.5361584645289144,0.5271885066393741
900,0.6243440191880112,0.5557809180105647,0.6644635839751599,0.5104589414421413,0.5400587879720072,0.7209905544227372,0.5437816703318529,0.49865765535010775,0.5258422829298002,0.5436101909743849
901,0.5915536826978504,0.581581479653082,0.6889750614500935,0.4784461124019703,0.5721139859118008,0.680209760200565,0.5471474405984995,0.4985088795560149,0.5206951026543799,0.5507529207605874
902,0.5792365573551265,0.5883779123573375,0.6962428051567205,0.47599750675213226,0.5856023684222941,0.6657049346014285,0.55093111396155,0.499329375344621,0.519522890913307,0.5532387477290647
903,0.5547050434927209,0.605393697985669,0.7016634492930759,0.4815713952112966,0.6148278224385221,0.6377436434328806,0.5541108053365561,0.5026199006679543,0.5175699109926125,0.5565629251692403
904,0.5107936709682637,0.64314862925486,0.6727760198471533,0.5310366773474068,0.6977383684300362,0.5877624201557636,0.54062328238032,0.5206523263001179,0.5170326021099578,0.5525754432351472
905,0.5040964569381594,0.6495522339959977,0.6548041173963579,0.5553557918360121,0.7192019195048589,0.5780681495647388,0.534625913260513,0.5277828706494772,0.5188672451520208,0.5493925543266865
906,0.5213358105060816,0.6404352390847229,0.5624741920552843,0.6468689023814606,0.7406719344937022,0.5684448632115198,0.5059561079412732,0.5529118222618497,0.5327001482879122,0.52956682548194
907,0.5259590962159211,0.6377835591591648,0.5533253692374211,0.6528017884620316,0.7335188833305701,0.5681551146226984,0.5045640844698288,0.5551810176331278,0.5330096555559801,0.5270791378318439
908,0.5325662241653746,0.6333769971449589,0.5424486901653867,0.6591850891683364,0.7236973671955619,0.5686923270568399,0.5026438834125403,0.5577323698571066,0.533574235069224,0.5239451625676245
909,0.6253329491114468,0.5400724304206219,0.5090114751094217,0.6901123434563988,0.6094752050191242,0.639540336052402,0.5006449484527472,0.5620095699147192,0.5458269778876329,0.5003287208895066
910,0.653361625217342,0.5072501480131807,0.5422582638456384,0.6647061398848404,0.5819108907404792,0.6826307538007942,0.5172443903696743,0.5525368166966812,0.5437655731927998,0.4999663901238581
911,0.6642627555730268,0.4945249930932944,0.5716754859428723,0.63434445008496,0.5754395291610628,0.7040121273484692,0.5324496110225363,0.5435287049779933,0.5397136115621735,0.5030646908158471
912,0.6661767506152689,0.4921811252567385,0.576021834929983,0.623963458624452,0.5826625352465566,0.7011420690445317,0.5392543417828356,0.5441083157038121,0.5370707144918444,0.5018308764299015
913,0.6690575798323423,0.4881092553883445,0.5932964426597066,0.5998769614207536,0.5881299570231757,0.7036466561786965,0.5522247774616704,0.5388762840383762,0.5326197885242935,0.5044454054393129
914,0.6679757429082118,0.48956458330240693,0.6173201828070544,0.5675908326948627,0.5905525952788306,0.7049297888412169,0.566604325795105,0.528211059198762,0.5267373067308609,0.5112016471903105
915,0.6446532670682201,0.5201870496229687,0.6552025565001697,0.5149331614458245,0.5892086454888994,0.683192724721284,0.5852685931523289,0.5082539744571819,0.5142407464188,0.5273986749879404
916,0.6325941387884502,0.527686677378369,0.6625596829306573,0.5058230522306216,0.5927869567953005,0.6657749302053341,0.5968597344100373,0.5059615225671467,0.5105063902153011,0.5324478911537803
917,0.6155562873696343,0.5452324014659893,0.6680378731430567,0.5032390481440183,0.5949179681149734,0.649768791578081,0.6015474274215531,0.5039870578826133,0.5061356717374664,0.5377078915152095
918,0.6039238758798166,0.5523512673671822,0.669237026396352,0.5074782089982841,0.5966179962926496,0.6372549773941727,0.6078160486476776,0.5043265170538511,0.5040561997870349,0.5414127489965453
919,0.5996291840543906,0.5541089404379498,0.6690814178608439,0.5104506138070429,0.5970405195286136,0.6321668488912598,0.6105651922348075,0.5046454473070529,0.5034018186559032,0.5429346530865903
920,0.49264666615629704,0.6514192983711407,0.582190369839039,0.6157839584854014,0.6684924294185149,0.6056916608689281,0.572830260635277,0.5787664923682102,0.5062466610090517,0.5368707489573304
921,0.4910308446623007,0.6530538157209321,0.5377993171205343,0.6368545897017194,0.6721689396001409,0.6029487937794377,0.5521527142103464,0.6001355852321292,0.5129796740482208,0.5262025853481046
922,0.5185044008672023,0.6329634827161722,0.4953605478279369,0.6517209666649079,0.6534884777644958,0.5981953947864628,0.5220974022525166,0.6140031249904957,0.5240839196062594,0.5097757861921045
923,0.5460108441193543,0.6109371718304637,0.48966778179756326,0.6540620481408519,0.6338122245197837,0.5964451506910675,0.5132770130418062,0.6157979484578345,0.5278797383317954,0.5006951220752655
924,0.6260599324792554,0.5264834403905305,0.5485735638240918,0.6374368876629883,0.6049821249147386,0.6207581527349241,0.5394336514360167,0.6028948735238947,0.534072534697702,0.4890419600599581
925,0.6272772817382991,0.5308044047034712,0.5441924022178108,0.6201488685289254,0.6177569658286501,0.6120570149245474,0.5536162955222729,0.6058448595827808,0.5229337381199447,0.4891951427420201
926,0.6523815058630354,0.4935505171232604,0.6312389406298714,0.5098316300174481,0.6208845973489345,0.6286452216961107,0.6266519650251098,0.5285498213737043,0.5061480975304581,0.5104221612279336
927,0.623381794837357,0.5289021766833819,0.637284623610081,0.5069813782675292,0.6070052127709262,0.6122486267754385,0.628554821829904,0.5142756906796426,0.49987623776343987,0.5194646144683712
928,0.52359712729436,0.629050366753872,0.5987646440006678,0.5938062921512532,0.6067617509639159,0.6117307628266693,0.615014421257577,0.5786882769393595,0.49693011378674967,0.523621224080518
929,0.5100008045984383,0.6375002407987413,0.5818569501456875,0.6091970314217476,0.6061584479017579,0.6087127165935391,0.611811790593709,0.59683054363593,0.49774202908209525,0.5221286053125886
930,0.4994974762986867,0.6436554074316333,0.558851089020133,0.6200916102309172,0.6037157536609913,0.6036269921377241,0.6049775394166631,0.6153284137665548,0.4988101693704654,0.5195965958815992
931,0.4966022935711533,0.6440554276576205,0.544997552945339,0.6229127803136878,0.598158193949492,0.5963944776113703,0.6009999878764165,0.6243524364101645,0.4988600660993058,0.5176432592872848
932,0.4972614651851692,0.6408555707840082,0.5462261300104418,0.622030827197333,0.5889717908936227,0.5869449063650354,0.6062820360959578,0.6258313001998439,0.49739172579830304,0.5168557874616011
933,0.4976150620472948,0.6388419023410603,0.5366533875051503,0.6208586827414188,0.5825986052396934,0.578885815847831,0.6036289035418289,0.6305406915285257,0.49708269899699514,0.5154596200472926
934,0.5002221599426928,0.6364811077644593,0.5185342124105868,0.6185049670366486,0.5812779356871889,0.5740807281951497,0.590862170786016,0.6346665201762289,0.4979373241403836,0.5139443043688804
935,0.5091295456012698,0.6290819412438264,0.5006030016539029,0.6126221247367878,0.5768839846594378,0.5656769880591572,0.5742696515925474,0.6347598311201004,0.498108229289285,0.5109831520630881
936,0.5171302036286091,0.622511462120697,0.49325681364153245,0.6090870534306024,0.5755423065212756,0.5610477972482907,0.5638505416641891,0.6323199781872194,0.49798119577841254,0.5091663785694746
937,0.5340230776141919,0.6082249005245554,0.4886060451838444,0.6063881859906172,0.5782669370557496,0.556997096767505,0.5460583707996262,0.6258299469294746,0.4984463422628941,0.5064430364830503
938,0.6143147982287601,0.5264247853636161,0.5741701657938835,0.6062895755627705,0.6034424792746783,0.5675586858146929,0.5652658829419809,0.6168650010927603,0.5037711052392322,0.4963748772161096
939,0.6202643243962861,0.5213022212788978,0.5824523028275411,0.5995027476911331,0.6071762894529236,0.5664290064235862,0.5776275300048054,0.6167312833580493,0.5025983982130136,0.4958394825000976
940,0.6271928547039123,0.5148750428472422,0.5922661938418508,0.5882744377023146,0.6101520513901014,0.565180789797705,0.5931241606926958,0.6156212947724204,0.5017058388368139,0.4954711619261091
941,0.6318196538941704,0.5119663411822574,0.5984989507866616,0.5747194466516049,0.6133328729044636,0.5612767132593712,0.6082681882063564,0.6132368025362034,0.500371238082519,0.4958899805288583
942,0.6345698957281255,0.5103827942833259,0.6020171376438062,0.5640875427444927,0.614606130666952,0.5584287576031246,0.6178056868933431,0.6105345318121972,0.49974379862619644,0.49641175184528114
943,0.6350415770216326,0.5114596385045735,0.6027738120718805,0.5582337516950104,0.6163792842796286,0.554986829864343,0.6233344680978306,0.6090245015961899,0.4991551141040055,0.49728254790469856
944,0.6397783378129129,0.5074315943719621,0.608134869161055,0.5358459862056212,0.6131359960693261,0.5530928545722354,0.6345709636492446,0.5992137988657957,0.4994497069907294,0.4977484877431455
945,0.639749177745435,0.5081290009301717,0.6110970483061775,0.4907488540260844,0.5904520087170804,0.5580790396002236,0.6327217308911186,0.5612890172147188,0.5015471573264352,0.49729302154686233
946,0.6245351483010317,0.5244177533838734,0.6122587916075147,0.4824351776097243,0.5655422109877325,0.5617022820162583,0.6147700228534455,0.5344275939023763,0.504457909294437,0.49831983201603713
947,0.6100430716030047,0.5380366978063025,0.6145301601724558,0.496396851058903,0.5492033423748113,0.5643125826813178,0.6055017859533345,0.5303411649445137,0.5069689608320604,0.4989752068441161
948,0.6059825550969995,0.5407097783678466,0.6166761840178504,0.5027073718333267,0.5447293864185796,0.5589100851568461,0.6012033431064546,0.5302068655181355,0.5086891684320753,0.5002786042155568
949,0.5409005070141898,0.6032149566894384,0.5680907098520351,0.6017886177072808,0.5027574662980807,0.579597461254096,0.6404394810247973,0.6374673159453397,0.5110536719054964,0.5000518779910702
950,0.529269406666965,0.6144294421688106,0.5354803640870984,0.6119427623145822,0.5025135993960183,0.5736238512305609,0.629951467390903,0.6493933086402873,0.5092292736757283,0.5015925968569983
951,0.5260966684682975,0.6170372430887281,0.5046654555374647,0.616248372929567,0.5164388069578305,0.5580249731377814,0.589931331548491,0.6284612050355393,0.5047655491691354,0.5040091344908839
952,0.5360417832697114,0.6061011157644993,0.5063671994838446,0.6228831831779699,0.5460772374887717,0.5421143914211174,0.5435519371099581,0.5960012270186413,0.49964909224891657,0.5084294022557946
953,0.5459882086844681,0.5962216382622709,0.5228817331568202,0.6254336668238978,0.561877833551384,0.5329150196488923,0.5402759918637512,0.591838824585775,0.4975389123623024,0.510328018831806
954,0.5475496655173606,0.5958166421711937,0.5241211584146651,0.6258280990017632,0.5659747639395452,0.5303200324826172,0.5424343683590932,0.5923568429557529,0.49749075734092957,0.5106871095932616
955,0.5570188361729889,0.587181176254682,0.5408439546592312,0.6236363088322483,0.577026448155108,0.5226460795648937,0.5528847148464379,0.5980328287403167,0.4969198018238888,0.5120660432346763
956,0.5833329153911547,0.5661682861779986,0.5836261594894313,0.5934992615046735,0.5891669385377735,0.5095573050824148,0.6014139169294818,0.6222591939867017,0.49851453750679897,0.5141450985048667
957,0.6181187466856967,0.5404831037504044,0.6239749617455722,0.472409947113003,0.5348679204626033,0.5341126038454029,0.593018761015462,0.5540122628930805,0.5132420445664627,0.5062357686420578
958,0.6168054778945709,0.5427573086948678,0.6256568959706398,0.4718371206084014,0.5304804398191305,0.5334200535334372,0.5874244275907939,0.54797582475131,0.515409331120167,0.5063975792357077
959,0.614967783051452,0.5448158005095516,0.6275786672643198,0.47297547026659065,0.523850050939185,0.5341650959128089,0.5817787846956423,0.5413738877139345,0.5181165685839794,0.5060335179492361
960,0.6050232225818335,0.5483996733103809,0.6270535711348569,0.4953180145754833,0.49823851424524374,0.5500346294034939,0.589931690783712,0.5465487518792805,0.5237655581238722,0.5009906820855158
961,0.5993962594556478,0.5512445331112343,0.6272876544652919,0.5106402090667701,0.48840894995927786,0.5476878073951009,0.5999608486545611,0.557643667291884,0.5266310656345374,0.5003643852585258
962,0.5972286284498618,0.5518820694304551,0.629117598061675,0.5172068183234324,0.48420316394687196,0.541931536191109,0.6042416572833238,0.5611515760671142,0.528756021388842,0.5007420832550178
963,0.5936745201373135,0.5522437096543114,0.6314499914639395,0.5280141407615827,0.47780171799340515,0.5331385584037502,0.6141106552041444,0.5674881782134191,0.5324309759615474,0.5014409652160474
964,0.5901591787929704,0.5514899946331238,0.6354620334532821,0.5373490513393917,0.47199556204000176,0.5220364392394763,0.6260084900967592,0.570715395542018,0.537492833858842,0.5034075269252394
965,0.5886033039283609,0.5509660955728803,0.6363538115049686,0.5416689281776601,0.46996801179232583,0.5183614029981033,0.6324693991662969,0.5725011175574238,0.5399676223811819,0.5042493330061569
966,0.5828862002750582,0.5488940687700695,0.6167284690176084,0.5718619704803413,0.46659509133196275,0.5178711626294754,0.6632057357579525,0.6025438921576438,0.5459657167959897,0.5001373255866443
967,0.576678468350879,0.5476715275791431,0.5850064324734433,0.602072069523581,0.47085048632127946,0.5129314013801145,0.6727775291244048,0.624522778176546,0.5509161686230208,0.49744399176933984
968,0.572501096627687,0.5487503339107643,0.557734684714703,0.6219753746327569,0.4799680483713625,0.5053665464971576,0.6511336112533789,0.6261013013736759,0.552982921262881,0.49728212723107545
969,0.572100432807742,0.5472281602268353,0.5562203538087214,0.6239331738602355,0.48333404036797784,0.5030554851210801,0.6476364925807456,0.6251912599281815,0.5545302351760685,0.4972608377942654
970,0.5642064428079561,0.5579513374620284,0.5188506002571924,0.6532443299187111,0.5023470748744484,0.4827526516163292,0.5555769043406984,0.6037024666590926,0.550032789469385,0.5041081360831624
971,0.5638485094244217,0.5585618644697198,0.5175018781124617,0.6559101646578516,0.5111441186900127,0.47783950223283983,0.5407130595896734,0.6037377197029138,0.5508265877600854,0.5048347444227693
972,0.563078327255275,0.5600351460525342,0.5163793075252135,0.6584858720408647,0.5206516605049227,0.47227065988979006,0.5240402755479436,0.605619151383941,0.5515288425437289,0.5060500136664716
973,0.5550249598934847,0.5695931422679031,0.5212685084679984,0.6659037457998873,0.5323470374455481,0.4575404492473979,0.4826885364581355,0.6153193267365956,0.5430865823881403,0.5165346784104309
974,0.5566615655863185,0.5725150047974562,0.5217008042044445,0.6602334311247948,0.5458758163963403,0.45509441542899287,0.4810259468372009,0.6289187539123221,0.5461941151261791,0.515891787172613
975,0.5539347921944688,0.5763406064824271,0.5265791073830195,0.6565921250533938,0.5516635029764183,0.452615441875583,0.47967889784521944,0.6422936694661339,0.5441834673380611,0.5192621294822483
976,0.5576143773098319,0.5800770352414475,0.5230573708337112,0.6445404618691799,0.5695745947693435,0.45218667177358446,0.4807720560985453,0.6574415824120092,0.552641606534056,0.5163916075274462
977,0.5490274829837247,0.5896924523719298,0.5364831361588256,0.6265198969302943,0.5759009795153828,0.45845469108967557,0.49817105952116275,0.6861991529947192,0.5471390203724359,0.5251745324453008
978,0.5503635611354059,0.5954488869107897,0.5339167309985073,0.6103244094890734,0.5879807592033195,0.4629690314358496,0.5023338998120667,0.6929094155050307,0.5533904595608747,0.5245949451612865
979,0.5463000534491407,0.6023725577270176,0.5415913264215542,0.5900231622639615,0.5886101129138427,0.4805615774659325,0.5231514530434518,0.6934839444635759,0.5521252025852521,0.530080415665894
980,0.547017696656491,0.6040450950157186,0.539629694907962,0.5852667595856433,0.5919136673861368,0.4825124313983201,0.5230528836765432,0.6916812295894411,0.5548359358342925,0.5295127387779388
981,0.5766525962958517,0.6090098026350402,0.5982519304705056,0.5128741772645442,0.5096491271144846,0.5958922286231385,0.6385311994112184,0.5496206936500826,0.5198538017569615,0.5666105309586027
982,0.6051669320634949,0.568098828128119,0.5996725916047941,0.5156163305197058,0.5038471711022273,0.6059001298387698,0.7192725147862319,0.5502426381732045,0.5229584791523197,0.5665536053302019
983,0.6076142217329144,0.5523846513090229,0.5906123157761454,0.5261207978085418,0.5211161196286894,0.5894280114026077,0.7171976890929627,0.5750857124473153,0.5343302731129724,0.5582361148257071
984,0.6076871896913362,0.5459362055949672,0.5885051603409265,0.5278735889241465,0.5316272602953697,0.5813951298547746,0.7142808160644905,0.5817440383824176,0.5426659672058559,0.5564107299445606
985,0.6073946010009733,0.5416203804641351,0.5856991577472175,0.5304522277200483,0.5394122549934818,0.5730377111704745,0.7062125395590285,0.5889865113245959,0.5490347586096366,0.55311547114323
986,0.6069271097227603,0.539035059820503,0.5868801951964296,0.5283478532290734,0.5438593436133646,0.5714192325070996,0.7056289728269219,0.5882899404088758,0.553841687076401,0.5542433388897502
987,0.6065177215107173,0.5367975616175338,0.5863447340028005,0.5283561132428967,0.5480190439830956,0.5676642135823005,0.7013170372178533,0.5906864698415422,0.5580497664596372,0.5532495427739931
988,0.6056905512655021,0.5335307192678691,0.5867379830795867,0.5267022683781964,0.5538672243420895,0.5639308544638076,0.6963406793238814,0.5920325115904582,0.5645761526503383,0.5533878163417298
989,0.6029041900196135,0.5264168775156719,0.577046862300965,0.5356914909287575,0.5736808848800188,0.5330563349163419,0.6529659100110017,0.6183444446881029,0.5836386393741686,0.5371569938490985
990,0.5968310381597308,0.5249750505863237,0.5617084374176845,0.549777694598007,0.5987660813818071,0.4894705424670074,0.5831577359740227,0.6544476678878488,0.6054773402499872,0.5157301444165903
991,0.5902481749305354,0.5297759504817083,0.5495199193399491,0.5598968631044885,0.6168669416684323,0.4589628139661135,0.5283135726842424,0.6816259542632807,0.6187455499541326,0.5022573168650274
992,0.5816123228682193,0.5398938808987601,0.5369670901955049,0.5692625602490511,0.632483356545448,0.4348908286407563,0.4791742961685319,0.707430178100377,0.6271879012879414,0.4932650605578089
993,0.5796760449020163,0.5416135804449169,0.5351428894236808,0.5694004399091082,0.6363854858171685,0.4319809257271875,0.47174978265658596,0.7120573990600013,0.6287213306531766,0.4923399548192793
994,0.5730575219899964,0.5483905942911188,0.5289309820399121,0.5695521745674692,0.6476464694520766,0.4254698492743003,0.4513445932267514,0.7249821877363618,0.6315560730854091,0.4909617860186273
995,0.5647593871706545,0.5579806476707383,0.5217681450611592,0.5739760117029257,0.6514466231648568,0.42430002494574365,0.43771751736783254,0.734457275706036,0.6305794689276385,0.4929005076122486
996,0.5315971451917286,0.5884557556388663,0.5053477128525915,0.5764293490476277,0.6379751374520864,0.4760542367337298,0.4675631803123675,0.7232658583875744,0.6010714484468462,0.5320103266259368
997,0.5296756558618586,0.5925273774982072,0.502780917530382,0.5673048000274024,0.6373099203189033,0.4944846106497414,0.4839173884169606,0.7075036216594389,0.593177289153096,0.5403964137654109
998,0.5266435305733169,0.5958761071167744,0.5017641946411135,0.5627511780154388,0.6295048567183478,0.5159876174950274,0.5054498081373093,0.6915521159705967,0.584466938609038,0.550313856010669
999,0.578049649492391,0.5899000346243962,0.547060331085604,0.5230959257861901,0.5128761009393704,0.6854123673204394,0.7437597865856305,0.5203705089249431,0.4971784815435646,0.6251037595949271
1000,0.5992496682123549,0.5665335156518664,0.5587775495247727,0.5115790342164643,0.5342237218129733,0.6601066156138625,0.7311034540861288,0.5321516323682403,0.5176328411545502,0.6116133817119567
