time_step,site_0,site_1,site_2,site_3,site_4,site_5,site_6,site_7,site_8,site_9
0,0.0,0.0,0.0,0.0,0.0,1.0,0.0,0.0,0.0,0.0
1,0.0,0.0,0.0,1.535649654489335e-06,0.013954935184472847,0.9999509603984401,0.00021776901778310142,0.0,0.0,0.0
2,0.0,2.655383693426313e-12,6.05453036369987e-09,3.095065635657278e-05,0.04222201839070998,0.9995437209839092,0.0019379236422214154,8.586334388548586e-07,3.7658362243361334e-10,0.0
3,8.950971582318599e-15,2.9141016523011967e-10,1.3603239250407982e-07,0.00029756479592145033,0.07657650542209546,0.9984480309776053,0.01036691451752847,1.042760464860456e-05,2.3897222791716564e-08,1.0312462170844897e-12
4,2.5492166117629536e-11,3.192611319991923e-08,2.668245688906317e-05,0.001393761010223628,0.3817858565417402,0.9542222221888226,0.019439078937007206,0.000993693763549286,1.2978067465532548e-06,1.9449962494412596e-09
5,8.175714262121519e-11,9.17267810147358e-08,3.526490263893888e-05,0.002641651231842087,0.40865762849955767,0.9464481460460568,0.02699823347018832,0.001180936158638752,3.4505684334526025e-06,4.6137947426081866e-09
6,6.33338834646401e-09,7.12133570211011e-07,0.00030407853801150974,0.0063601122018172255,0.6904480203556429,0.8028270297079363,0.037623333142205784,0.004930277360761841,1.6216244207647934e-05,2.400821433457194e-07
7,2.3685090123439672e-08,2.519388542487651e-06,0.0005706128259773426,0.012244434987712624,0.7747619002712767,0.7232960316796051,0.04874306394535401,0.007246926934982011,4.4414472515907226e-05,6.76697549154211e-07
8,8.19106908776167e-07,1.3803922288172091e-05,0.00532780958576518,0.021020314016927385,0.993070782671626,0.15763164924850687,0.05151473811207905,0.029848394367974776,0.00013276551164330037,1.5258983296930846e-05
9,8.821039886810703e-06,5.117394820048585e-05,0.018223873496979216,0.02667059216828296,0.963481551739001,0.3442220697807645,0.05103224568658214,0.05164941560307943,0.0002713164904005986,9.592158722835011e-05
10,2.540426178717695e-05,0.0001272093762460184,0.025044159918203312,0.03011027702079387,0.75605624420286,0.7427758740389162,0.05712209730691763,0.0446472651036801,0.00043717941421492174,0.00018771678539005935
11,4.175605398459345e-05,0.00030638648850369243,0.027743338973368472,0.03486484900730335,0.612069880335672,0.8562077603592656,0.07186061459445826,0.037651760407619285,0.0007264321177808764,0.0002471549569299075
12,5.724610473938435e-05,0.0005061782299820316,0.029435310481073992,0.03904862820912055,0.5382504796032697,0.8951249544518558,0.0867992896472509,0.0331625986340884,0.0009952566516913668,0.00029130675353849323
13,0.00014425773391067253,0.0010982473635307943,0.03545403413057167,0.04400856456800825,0.2895816065462938,0.9704857734732887,0.13272571006497427,0.017091171605586996,0.0014145036549683692,0.000493749009635162
14,0.000884593589549406,0.001654530697838806,0.04148777411597706,0.04758765490498444,0.22849026559284763,0.9753249773972632,0.18804505495868007,0.020594640887696636,0.001353615079709692,0.001360665848513599
15,0.0010603765941320442,0.001871250896856196,0.03778323650373493,0.050179375832317866,0.33801197609093675,0.9531537818998337,0.20647084250056322,0.034303395552426445,0.0014042849438820413,0.0013437436279749137
16,0.0016299866901899583,0.001985749099303862,0.021493160549321575,0.05734582832270789,0.7115759380817057,0.7714551064043732,0.21620964051735725,0.09916937556271915,0.0017195908820931498,0.0010133943628611696
17,0.0018624327359241508,0.0020480405121676877,0.012744635481224932,0.06724056170059682,0.8484613578714787,0.6105683096708956,0.2220440972826734,0.13746644713401132,0.0022843547612113944,0.000722231850393954
18,0.0018787540733117562,0.002110716933540797,0.012240171818925371,0.07806362412384685,0.8543310248802334,0.5992936520615771,0.23024189824410107,0.1397540002332933,0.0029782437043816895,0.0007084681799657563
19,0.0019848058565024207,0.002180197742074051,0.008290031846614341,0.09738782041193483,0.8964864818125017,0.5173576955437961,0.23887893621254885,0.15842063081442348,0.004396266268363334,0.0005327648424898457
20,0.002194995533831148,0.002201711456984235,0.0033893122709283967,0.13093413944490015,0.9742567719478458,0.25215131335402297,0.23298495889218307,0.2265111158426301,0.007490026223343236,0.00012008604146363179
21,0.002177798895694793,0.002221887210172553,0.004684251522473052,0.15872528944306413,0.9740010892169917,0.23989463595720473,0.23305070454235438,0.23167961471996626,0.010349722847408049,0.00017255925213533943
22,0.001822969459312198,0.0023770596264110215,0.030092820390682295,0.17621447965247589,0.9623329034782452,0.294414710900913,0.2308018886490928,0.2480930912295964,0.012473524001041333,0.0014728758656028314
23,0.0011582699485356586,0.0028142644953678343,0.07945077567763224,0.1882653924402908,0.8776845100592142,0.5396177959485781,0.23871213724046098,0.22189445748991693,0.014333673413622836,0.004661970721948739
24,0.00030604124157618034,0.004243326818398255,0.1604612183308214,0.18995888620071497,0.5239077286804456,0.8769206422159052,0.27089287538149553,0.12203201270524143,0.01563027561146233,0.01107756545242887
25,0.0006043173571082755,0.00618197880071203,0.19663719360672816,0.18643493475942252,0.21411698791890948,0.9572912224042913,0.3083551498046598,0.03362983440025465,0.015770680547574984,0.01528389353379533
26,0.0013531413471579098,0.007610614531782529,0.19395599423265597,0.18685378596638602,0.18859321769028303,0.9554141281206263,0.33252775810921853,0.016534753751321792,0.01575037278535194,0.01585574233614568
27,0.001550019547582383,0.010029741515645332,0.19341803682876033,0.18713894451464838,0.18979476295207948,0.9464554862602935,0.36905732742936886,0.016213986000183263,0.01574942323465637,0.015870845998615674
28,0.0017896225690025344,0.011826769834278902,0.19221634551781536,0.18751471648146803,0.19289838138453247,0.939399040694614,0.3936692161855734,0.015784285496002227,0.015746060559797704,0.01587787359101313
29,0.0027239046591720152,0.013680899866534507,0.1839747326271532,0.18936802901149466,0.22314028138761852,0.9281724534573749,0.41795662683644325,0.01907084626756665,0.015771378297906154,0.015681416939780646
30,0.004596650647815637,0.016365693325280505,0.16511085353979477,0.1954024343361745,0.3077240714358943,0.9018704653634628,0.45177873101914984,0.04187754415065961,0.016137888307498526,0.014769537139871981
31,0.00846331651268912,0.017867492587239946,0.12255501749899367,0.20581834223972006,0.49755846188910746,0.8358706805215876,0.4666691459916144,0.12020929754087895,0.01710697224779981,0.011826758108252145
32,0.012140814800780556,0.018937057804994363,0.08269178439404923,0.21914845079562548,0.6565804464846604,0.7393403775987956,0.4713959432357814,0.21131554877551956,0.018995522984606165,0.008559434941921866
33,0.01668673108700804,0.01950487166991291,0.03733893946415566,0.23665464394107588,0.8122461636710216,0.5751293001161906,0.45536900919406165,0.34026591351243074,0.022257742208300107,0.0042149213684947754
34,0.019160794128177182,0.019707786483796598,0.019495010228197846,0.25565638478080616,0.8762666943354381,0.4598768532681692,0.4343107253985813,0.4258745744306748,0.02658606684572009,0.001993916558931289
35,0.01955319088130004,0.019740610349654814,0.0187831306712653,0.27509016061158126,0.8827851602747879,0.43813700055953897,0.42985485371059023,0.4439720974079935,0.03138308421340808,0.0018226829491832992
36,0.01977002253330176,0.01975129243182235,0.019810456404024266,0.294980296933333,0.8847811213772793,0.4248419959539352,0.42616930717114804,0.45713360135829384,0.03665954963145691,0.0018669195233457692
37,0.01987757802943127,0.019814173630352684,0.027778960550326012,0.3149827322096469,0.8862138605455191,0.41177081793090786,0.41785500324397806,0.4795403260927591,0.042501165725960605,0.0024763595071675137
38,0.01980491704286911,0.019906038063945267,0.031411255406388616,0.34535647097727723,0.8794016872802648,0.4119482371721314,0.4160061388484577,0.4837539515912325,0.05192458777165813,0.0030206976752696108
39,0.0109864883992811,0.022594032094009474,0.22391202129781354,0.3464147756658979,0.6918984820709291,0.6787341763993462,0.4571862945750979,0.3947124784552826,0.05860774764448093,0.02982460942488426
40,0.00437153649954091,0.02567479695033668,0.33450923610792443,0.3291914507586157,0.4508498832966589,0.8219381000512747,0.5101056175205559,0.21322823380701017,0.05998085775399566,0.051103692962155084
41,0.003994374946399779,0.03167594210537046,0.3502461211273179,0.32755724237729694,0.39913069897927084,0.828199907794862,0.5421348587669917,0.16763549098279537,0.061539828139197936,0.05511636557129778
42,0.004327982430308216,0.036126984720060436,0.3647937751555989,0.3239056653124615,0.3295954597888894,0.8385945003324817,0.5682451143545305,0.08566094833739635,0.06147259343350944,0.061487095767071225
43,0.00737894762760472,0.04568451977123798,0.3560052970785955,0.32649258562646644,0.3270246293674567,0.8164429875550451,0.6096575547314957,0.06186937833196297,0.06130358563332471,0.06251049577821702
44,0.029671743007690557,0.05247206680805896,0.21631038186616255,0.3682516961267087,0.5479269858778189,0.7106305928916671,0.6212683478003725,0.23385050127930326,0.06631359258164174,0.04402583391041324
45,0.03728551494687597,0.05608916792604057,0.16790334294306125,0.38958945676671797,0.6124430619457659,0.6561868000245562,0.6215123835085452,0.317712387756711,0.0725115530447308,0.03549059230566527
46,0.05416405226561109,0.05850880632524973,0.06878108065542679,0.43581956560147345,0.7291090501459632,0.5309127721652023,0.561046450143343,0.5281733363839254,0.0926474959610977,0.014961271532720529
47,0.05948357103861874,0.05914512612499649,0.0552526858943049,0.4531516077409098,0.7538502296829408,0.4914768596311998,0.516631401248525,0.6123829866678705,0.10288897576553845,0.009476696604263033
48,0.06014028015371162,0.05945632465875477,0.07082665943007985,0.4774152095540906,0.7481407132600231,0.48683562691660043,0.49605932574108574,0.6429885397567761,0.11936712374698408,0.01146213938464834
49,0.054481153577357784,0.06045920002860342,0.1585628297655982,0.48570298614975976,0.7135306370092463,0.5242837200262442,0.4913233121721509,0.650033823458228,0.13077564830683688,0.028886091366742705
50,0.05189125422933379,0.06187118206710614,0.18806197263884872,0.49554898065608605,0.6946154237100285,0.5394375894283064,0.49940610174721584,0.6393790018019586,0.14141703170565345,0.036238449529313606
51,0.046901820406567304,0.06391535201600225,0.2385777399144745,0.5001544694583541,0.6643013368926154,0.5653586973383337,0.5179545221247798,0.6138627514141978,0.15153703597768806,0.049723627317208065
52,0.045984550860875814,0.06947679400743335,0.2528678238165128,0.5188788736533974,0.6471644038733771,0.5688252392330622,0.5290928872775489,0.6033317651528504,0.17164427708382868,0.054556402447409814
53,0.044829448800187965,0.07433436076985857,0.2676783837600029,0.5311442562327428,0.6326558360245366,0.5724119821011969,0.5398119687902951,0.5920267488786485,0.18700313542372504,0.059707288428590646
54,0.044686083688301514,0.07788775790683751,0.27266151683177947,0.539764309964587,0.6254974307287866,0.572116219228576,0.5452409102988631,0.5873971993964582,0.1974212934444029,0.06176072259411019
55,0.04323787618097621,0.0817217102739372,0.28802695226223396,0.5458951964208655,0.613844136842075,0.5758676532359673,0.5552100277344844,0.5752484279370189,0.20771746310008724,0.06736265849118826
56,0.025249639759946024,0.09040228792144758,0.45407535774560426,0.5077118171533443,0.5265552651094108,0.633787216221894,0.6349982880260219,0.4172852518878062,0.21530777747791238,0.1355476401823101
57,0.02494471476622727,0.10640083237041142,0.4924630784731097,0.49806737563389103,0.5019115889270702,0.6333500902862756,0.6678598783145895,0.3650957784056934,0.2233848358282488,0.15612359694531017
58,0.02513570942839574,0.115608038616165,0.5481794714998308,0.4738299704549931,0.47182674559355786,0.6423589397674789,0.6976088497885304,0.278410493108039,0.22330212439293126,0.19236357499317852
59,0.03407938169966961,0.12609708538197414,0.5764226142914416,0.45902037537869356,0.45783546855344254,0.6404727509141641,0.7175052436167773,0.22200935958722662,0.22122095625639127,0.22025341022871128
60,0.04734601894200809,0.13685382934825963,0.5758544320878228,0.4590622143618663,0.45971225706262187,0.6296203447005485,0.7289131790562239,0.21329018793498508,0.2196515291159578,0.2315432888272802
61,0.09640677774115781,0.15532248841010074,0.49230843753272907,0.503138601184753,0.5013119504100612,0.5877602841358618,0.7229459470745238,0.32811257482525413,0.22327675542485498,0.21725437771834333
62,0.11774598719834564,0.16316681186773438,0.4370318832461678,0.5274780952286388,0.5207896511590105,0.5670018512394227,0.7087314993186041,0.4024092526618968,0.2282696020276313,0.1968877815081819
63,0.12223843365072593,0.16897248914567833,0.4279623236060282,0.5343562159729741,0.5215014913005428,0.558912768584793,0.710730062350129,0.4131380912651409,0.2326978686459331,0.1939609619846188
64,0.1593391971917038,0.17939199778619216,0.1949839384853482,0.601455899336498,0.5758773187542435,0.5072831957635697,0.5114705567974257,0.7388359926347036,0.27084240929559483,0.047232126695092
65,0.11769726741272382,0.17873337195944689,0.3125735598246368,0.5881585391799612,0.5456157894859573,0.5273800716854594,0.5820049733904465,0.6603912331259802,0.2846025952466401,0.08838933124422299
66,0.09771392474501155,0.18213126285367326,0.37876646115737866,0.5765644499864692,0.5277339722467013,0.5357226857532369,0.6259871720560923,0.6002514393352678,0.2952320872938822,0.12031044430800365
67,0.05472794294755094,0.19187400463987486,0.5684341270092705,0.5027679652491653,0.4830335380591161,0.5564138831311749,0.7386994243557367,0.36066866597271374,0.2937835312134503,0.24494629508784052
68,0.05860316236109942,0.20338125990341668,0.6027360779562843,0.4826972858974901,0.4758581170118905,0.5536872134437022,0.7602929046011963,0.2975761802450474,0.2907222496188589,0.28121835155108166
69,0.07681882372852103,0.2163937787267152,0.6124851777213783,0.47580532106797013,0.47549178628739064,0.546685137277967,0.7710240224451435,0.2737330545852725,0.28647473177963856,0.305752779685444
70,0.09897013467393645,0.24078495193446284,0.6026711022049381,0.4802493291058807,0.477939350578933,0.531597849781027,0.779456949310767,0.2847017489132159,0.28466350722927114,0.3107170192084544
71,0.10635566586875808,0.2526734875343633,0.5987528891978531,0.4817835963334111,0.4783750103280073,0.5249910772193553,0.7834547807547951,0.2886588345785944,0.2843835809348904,0.3108645887987512
72,0.14018050291035294,0.2869501176161402,0.5748149953749542,0.4942681960566267,0.4812787982092199,0.5067467500212002,0.7873681117149104,0.32271056432857653,0.2851689972636884,0.30779748824140907
73,0.1880127718861791,0.3088476711800204,0.5286473772107655,0.5191966627693603,0.4854089236829629,0.49579094946013125,0.7699366013658709,0.40223808183943827,0.2905038565730489,0.2896365264541799
74,0.24200398689848399,0.33065814410259714,0.4699443690936973,0.5482699464752805,0.4875176021609949,0.48724806884016375,0.7351106283645998,0.49942762612744873,0.30597166123152014,0.26072835360467533
75,0.25015435105923783,0.33749053808778917,0.4622099223202895,0.5523872753635919,0.4868816457104754,0.4854150536161981,0.7309878240585432,0.5095258569627958,0.312075224438596,0.2579499628317695
76,0.3156361622132805,0.35222110426449443,0.3875843381259721,0.5815342277623199,0.48751794246681085,0.48291837845610414,0.6585373706940225,0.6304183705370573,0.33170047450299645,0.21013260341790202
77,0.34724105699183505,0.3618056366121742,0.3540915044722353,0.5947591987690296,0.4857653320291567,0.48248943822565943,0.6151286059424635,0.6792357805105603,0.3580496931298343,0.19077979753212038
78,0.37004404881880987,0.36877674397431776,0.3328516967394699,0.6032288409417554,0.48393818535084204,0.4830609870798115,0.5794170948363331,0.7094031417728538,0.3868849074445881,0.1796774546316868
79,0.390055204154433,0.3746418287020314,0.3180659931780635,0.6088973504213131,0.482537372269419,0.48404287557874653,0.543833927810631,0.7327526880121,0.418038106864462,0.17267172804897624
80,0.393740064749844,0.3763115200436627,0.3197076104917643,0.6098732076589767,0.4822954712344383,0.4864658401369517,0.533775113708475,0.7160959335337672,0.48463002574602265,0.1926691216217933
81,0.3976191370306156,0.3883295347615746,0.3854580241329438,0.5912118939415597,0.48558543868184245,0.4843440877063132,0.49496615471336236,0.7396026243413706,0.49722710657414515,0.255148277745465
82,0.39457291539135664,0.3898237024861076,0.3915476279380358,0.5877583410512018,0.48709976289815377,0.48400292071554935,0.49783855025887164,0.7285199701085922,0.5154874443213248,0.26627729929364413
83,0.37241567221245403,0.3890204967191073,0.42888757462574567,0.5745472348760166,0.48887017784414,0.4832579862393273,0.5210731748027966,0.7052657868567412,0.524636619379004,0.31383636703846657
84,0.32082389679237494,0.39261279086909556,0.5036179094533046,0.5422236464794463,0.4918871109672394,0.4832258666352881,0.5856908140190188,0.6378173283288897,0.5370221779010557,0.42164589477452824
85,0.2970003920284528,0.3947536231262933,0.5327915628423933,0.527553528909633,0.49210748262238163,0.484306045302237,0.616295856095184,0.6020280225802258,0.5385400778684305,0.4719531746345415
86,0.29907638271742754,0.4013573936120304,0.5332341751455226,0.5253048574706052,0.4929526294655142,0.4851611012139334,0.6182291914329872,0.596245826276347,0.5428571859668988,0.4758424995031558
87,0.2674860137174236,0.4048324705298744,0.5695860960269843,0.5058018769371648,0.49077205763992365,0.488645315383801,0.6613147194271333,0.539738838000782,0.5373042980441781,0.5497163891560473
88,0.2602566306478616,0.42189885456151505,0.5872192074806154,0.49312521982960666,0.4828333939051441,0.500448112988897,0.7069887167402586,0.45995398554976774,0.5162347259805783,0.618364581116685
89,0.2827462554850361,0.43164052894780247,0.5693365289526935,0.5008771256296219,0.4805993130857149,0.5056401297359896,0.7038855199791956,0.46037988587127193,0.5119251979826822,0.6015405658779415
90,0.2931981399883089,0.4411920778691809,0.5649654820569675,0.5014934553301403,0.48062061589851424,0.509353277002534,0.701010479816247,0.46148697293292484,0.5116570416744034,0.5986080485553216
91,0.3314723083705664,0.45397606981737576,0.5346767143490988,0.51433316075682,0.48052662882248504,0.5155157907520285,0.6851358620647817,0.4810718093132573,0.5140478728580277,0.5596226686820316
92,0.4608904818515884,0.4806052579360559,0.4394710808276773,0.5524533563577173,0.49542256811344754,0.5125433206330982,0.5968157903040202,0.5918949336467191,0.5595988934812631,0.40732494340952186
93,0.468081974989541,0.4846024425121608,0.437301366109156,0.5504167607431267,0.49845964875223076,0.5154635683309143,0.5902533014029655,0.5900899938803228,0.5719618964717177,0.40727871541397487
94,0.4725613689005109,0.48763890439039026,0.4370379049830645,0.5474422529062029,0.5012800067948472,0.5186878677717203,0.5857008441972056,0.5856937973214849,0.5834355533631552,0.41074486071663685
95,0.4921964130892845,0.4962576651092563,0.43342808064319494,0.5405515388077242,0.5118381742621888,0.5234477385358448,0.567182373473672,0.5824560217104701,0.6152626697137368,0.4110792550343689
96,0.5216847933143428,0.5080294469702302,0.42615095243778706,0.5405094232130483,0.5247259040180672,0.5177219586566365,0.5442876447519754,0.598585901047805,0.6324224127137045,0.3918427444558857
97,0.5479825602701939,0.5205887704857844,0.4267319120556282,0.5356695283093097,0.539974660254443,0.5108069964557508,0.5217871612297063,0.608543696317259,0.6494829189901197,0.38596975373727926
98,0.5445306569211208,0.5184267598914332,0.4350046975803403,0.5227047325792543,0.5482156095678106,0.5130913057977354,0.5182410198373466,0.5899550321559132,0.6743874273589163,0.40830681599993884
99,0.5599516712594287,0.5341898669400986,0.45968234412706344,0.5089309448889506,0.5707865342315623,0.498559881270477,0.49652590742628705,0.5944435741349998,0.6612719614669859,0.4451420750746614
100,0.5579643133423859,0.5337411516876571,0.4624845503469792,0.5064932358407972,0.5721349610124209,0.49838374439796873,0.49628477158757284,0.5913302038424536,0.6620711557571176,0.45150782470394174
101,0.5535635571860406,0.5326840423860582,0.46801952360287824,0.5017918099187203,0.5744768670186938,0.49822544999577534,0.496083920401031,0.5850878753910338,0.6630487777548106,0.4644226539310538
102,0.5418296363440039,0.5298382612086978,0.4798920775076791,0.4949859828643891,0.5757279508811782,0.49919102407353033,0.49738484932148286,0.5752811630735568,0.656377825882346,0.4961566460721937
103,0.5240042361274401,0.5264771710158805,0.4975948292019613,0.4799338473387862,0.577437662114994,0.5053690619605231,0.5005944498000947,0.5497561770347587,0.6556127457027641,0.5470904207503422
104,0.5141627439383303,0.5229571239122899,0.5029157319611647,0.4794879360958193,0.5714190650057328,0.5109842351031075,0.5034080939190932,0.5440953286000609,0.6457888676072489,0.5760029959696682
105,0.4907747402715497,0.514638918216386,0.5112668316119986,0.48754524554506823,0.5423031234456563,0.5335476578774672,0.5146471558013699,0.533328632595601,0.6245358177344574,0.6687852554524018
106,0.4944797111860798,0.5178875223496481,0.5108872951266765,0.4920949369499092,0.5244500931376465,0.5506399457631848,0.5189775927004434,0.5271270424392445,0.619186595690637,0.7121845333220019
107,0.4950968760629114,0.5189064537935825,0.5001732662030575,0.5078080416071907,0.47192313576842476,0.5863933737055718,0.5331642969502572,0.5132906188393249,0.6128925628806258,0.7851604945802526
108,0.5080346781539119,0.5224554503853115,0.4877540284339263,0.5107427666299943,0.4558254653889823,0.598256639055616,0.5364142174566942,0.5077364114931661,0.605716125033586,0.7570462438444208
109,0.5238066659903624,0.5270076504873081,0.4836541742742749,0.5099020559942031,0.4565559016486858,0.6027897780066006,0.5333442205559946,0.5087115626641912,0.6029892940565892,0.7394776362076151
110,0.530081105508684,0.5293971627350309,0.4800053544509735,0.5086545303180321,0.4579158763963719,0.6036174248065538,0.5332609288731124,0.5075432432242557,0.6023041274672651,0.7163218962625925
111,0.5393502571349009,0.5319220638161715,0.47865847100328207,0.5076389239240056,0.459705829299958,0.605752211417621,0.5310419393257062,0.508340412293963,0.601554934657361,0.7069988522846997
112,0.5487141378627606,0.5354432397320087,0.4766604062723544,0.5053127374661944,0.4643254484719925,0.6063215680158742,0.5294461295179095,0.5080819201919377,0.6027115974727448,0.6856942469735238
113,0.5614595266845427,0.5444015904583314,0.4759536970521703,0.49814648054732547,0.4819203942683706,0.60168529874712,0.5274523930015679,0.5061525634482584,0.6150322331129219,0.6415265489123839
114,0.5886892098708753,0.5938309108534368,0.48821920325705187,0.47382658327947336,0.5646060052154663,0.560906024398724,0.5244021571554806,0.5036207889280349,0.7005740338004314,0.5772651416300283
115,0.6038312733890493,0.6238047188980689,0.5033294860464328,0.4591364859811177,0.6148540873521803,0.5258683755034129,0.5166412899444897,0.5076896266766865,0.7311183270839687,0.5701122144630008
116,0.5821550544246646,0.5944341987481276,0.5108196343529485,0.46793716830187815,0.6071152067514444,0.5199277067840015,0.5051680257826188,0.5181876181914796,0.6588680940402794,0.5903724004404631
117,0.575556753663164,0.5425237981628679,0.4934732390256738,0.5077064820295248,0.5114382759126238,0.5884038378377222,0.5022977227371652,0.5239284410610071,0.6121437636373469,0.7235367643035747
118,0.5904934679035277,0.539701772283368,0.4834616363922457,0.5152582796957969,0.47934308137382137,0.6100042267600638,0.5051226275764196,0.5224410984945964,0.6070671661217891,0.7388274199477144
119,0.5988645231481984,0.5415485167880255,0.47662662771705666,0.5140731792792561,0.46338589266529884,0.6194087049191821,0.5106712017377645,0.5168859623137075,0.5975949113597843,0.7065680167958347
120,0.6069080178952037,0.5435654756605498,0.47610988061782433,0.5120390811935683,0.46540725167903696,0.6200910525649792,0.5105227122589451,0.5173391172692228,0.5951642669017846,0.6925679837388168
121,0.6355250594101001,0.5476979821591424,0.4767635591944284,0.5066961613682666,0.47306349682291676,0.6216868779353724,0.5076012626333838,0.5225279284396265,0.5891397486031292,0.6634834771830327
122,0.6478337966650062,0.5487337367859587,0.477462359983137,0.5046851347321377,0.47609243705632825,0.6220882741598991,0.5063407703305194,0.5254809385794277,0.5864459216410376,0.6539080917659343
123,0.6405147978068065,0.564931202700652,0.4900182097761837,0.48823934895502524,0.5050768219573101,0.6103069096944004,0.5122464255012716,0.5193951130086444,0.5998407641050046,0.6231111385949962
124,0.6208062702710204,0.5911624162345259,0.5002496170195541,0.4746643130764658,0.5407846798607584,0.595805963165976,0.5195572156581667,0.5105316029192621,0.6262127904812345,0.618905216607596
125,0.6135153232961004,0.6062721896298082,0.5078926869479635,0.46743174712293534,0.5604313442478958,0.5886426616657678,0.5215523478241387,0.5073462284464458,0.6404729841440915,0.6219255099440799
126,0.5900434357405082,0.6747832162092781,0.522605226453665,0.4529992521880688,0.6264633460197795,0.5564950810526559,0.5307211654014659,0.4942668362137355,0.6797397830151682,0.6311551363962726
127,0.5765049470901438,0.6795175533836394,0.5361095724249086,0.45237497143616,0.6365420510046276,0.5522312077728027,0.5273576773253627,0.495161049085341,0.6772706428872367,0.6395169862039012
128,0.5647919759087755,0.6787615332188603,0.5458400029461641,0.4553254225433684,0.6410620691707211,0.5487108421038441,0.5244167800275416,0.4973909418861818,0.6702388933659048,0.6425029785173074
129,0.5541504001078827,0.6726725787996046,0.5546096020105808,0.46095118531139617,0.6412538730142097,0.5463998550124141,0.5213216868143542,0.5009905619851414,0.6607937274861367,0.6428405695316007
130,0.5537281572348383,0.6659260256012237,0.5500079590692628,0.47445210229152884,0.6350344969164112,0.540161733514135,0.5201644409473306,0.5032814519425818,0.6424082800979218,0.6275416468179097
131,0.5430581829736254,0.6527828888643967,0.5653342281241325,0.478902610845653,0.6322150162605769,0.5426606742415746,0.5167458364556881,0.5100126261951782,0.6392811628237755,0.6336747243241575
132,0.5800970066613578,0.6053901007998134,0.5329837782981565,0.5295818450504536,0.5877269549652561,0.5506745854323413,0.5153581530027983,0.5167084147858836,0.6114997612833174,0.6025137102125095
133,0.5883456611598036,0.5968942641717135,0.5379930258920058,0.5337177197739835,0.5854207603853948,0.5502330692480527,0.5169546844885657,0.5235999687483327,0.6087084297604928,0.5955579590376862
134,0.6071001330619665,0.5816507465429577,0.5307807773692135,0.5457648233012588,0.5746607991080723,0.5567724128037546,0.5184079500566032,0.5274135648632021,0.608573342618586,0.590734145792849
135,0.63069005909071,0.564114723849842,0.519633242581615,0.5601010194744791,0.5604967774882634,0.5686385181853626,0.5201368262049497,0.5294936696723405,0.6122076119937868,0.5896779174288878
136,0.6508328558432375,0.5545317981608426,0.5171123772263462,0.5648893871519048,0.5583178882887867,0.5709993142136395,0.5245813693493268,0.5354754054206656,0.6086297719406017,0.5774940883744205
137,0.6631501255135673,0.5496023214783513,0.5168790344074368,0.5662283331922748,0.5595692934245345,0.5703498351428383,0.5281292363917317,0.5400154980461865,0.6043060088329342,0.5668513191920818
138,0.6865665844035939,0.5354034561074483,0.512331175411934,0.5803179578236154,0.5343202425507857,0.5925391715473731,0.5340050594858923,0.5352612866193823,0.6003782418223677,0.5622736800697224
139,0.6564823943514448,0.5593985004416516,0.5316370314796537,0.5670266330367786,0.5269886335395597,0.5951572601746435,0.5352365610721662,0.5285295108344317,0.5851768336600757,0.564255176757129
140,0.6569713449975869,0.5603642586901996,0.5347585560184349,0.5635286650925925,0.5300375088204617,0.5933759252485185,0.5354921229704963,0.5305731057707586,0.5825862712275973,0.5612142793721898
141,0.6571151808938359,0.5614310834486792,0.5379514463922801,0.559943125657316,0.5329972660377703,0.5917418826255968,0.5356365611286895,0.5326580664556386,0.580024630215671,0.5587455994241853
142,0.6459443580613541,0.5712045134207226,0.5480100034199181,0.5488974763001611,0.538879912444262,0.5905045542593857,0.5341733456622803,0.5357362018589548,0.5749038018212297,0.5618774636980053
143,0.5785982517742074,0.6186217502539383,0.5699194117938278,0.5204641275292397,0.555983014743025,0.6016245225401757,0.5245056696245276,0.5369210161793176,0.5747968023159525,0.6026189292652505
144,0.5540807445194679,0.6327959208178092,0.5769599743310599,0.512433838421368,0.5645410907221957,0.6071152855864113,0.5199564196010403,0.5395682965199847,0.5752037506745912,0.6170879978417877
145,0.5182701049730681,0.6521272044903271,0.5846534554741122,0.5044991663993259,0.5778288568064606,0.614728747767793,0.5141946733148888,0.5428441270344893,0.5764370362247319,0.634844792746727
146,0.4875658610642825,0.6619986056266477,0.5932668390030443,0.5035117681304249,0.5883112098060963,0.6204146724349204,0.5074474484506581,0.5482810768619156,0.5749437844705635,0.6454241439105447
147,0.45506862240968077,0.6700670085992615,0.5912240616485024,0.5257264022508672,0.6047240016229946,0.5990119882015827,0.508687626839149,0.5488898868341843,0.5741647739690553,0.6178837631926403
148,0.4936340645724456,0.6430658733652411,0.5743616579161908,0.5531536679585177,0.6002535113165872,0.5629234202385437,0.5219122434634206,0.5441611494058278,0.5786071252102134,0.5671439173989473
149,0.5643588138033206,0.5964475640159852,0.5497559929337059,0.578777625126796,0.5983191794298126,0.5319817305044207,0.5439877377896678,0.5390066737761829,0.5913353925564038,0.5141101929935327
150,0.5688783283393402,0.5905840056461401,0.553617883577359,0.5794542391757941,0.6022737098951347,0.5287854075821654,0.5458731467765714,0.5425288823596718,0.5884084759007497,0.5085898501669758
151,0.6167775595350764,0.555011663560173,0.5457702163016563,0.5883752334674252,0.6150716718798022,0.5126324520168621,0.5644642246379715,0.5460404798324017,0.5901943345050917,0.4746560642133822
152,0.6733066342477968,0.5098089803705845,0.5422960785591256,0.5959390584018008,0.6269221592792753,0.5123179633829498,0.586095110607739,0.5470662514635912,0.5897523620728353,0.4450824214455419
153,0.6787733597418707,0.5067071525844087,0.5464203680482824,0.5907469406172993,0.6313715576335657,0.5124827608026613,0.5888834663593093,0.5506603141922679,0.5814886516148836,0.4401562887944179
154,0.6727850499915877,0.5128539777690571,0.5548000394953705,0.5862938537037142,0.6215139661877266,0.5278228308289232,0.5827126567252271,0.5496426601153579,0.5738462018498363,0.45149287947737116
155,0.6428056118909982,0.5397296135835445,0.5704378217379328,0.5650017576071147,0.6061754671828321,0.5556496276957212,0.5646772210232548,0.5533530867870118,0.5511804362092213,0.47798877950539265
156,0.6130471845645536,0.5636363248024432,0.5765749560430633,0.5551728138434938,0.5895476751598306,0.5799841309355777,0.5483602008105425,0.5538785720899784,0.5407893122232985,0.5015324990924084
157,0.5689536624659121,0.5923590799000068,0.5833600181555875,0.5426621348317707,0.5720345295233003,0.6121291795787772,0.5257462262658925,0.5573574773408673,0.526232171725266,0.5301560020403348
158,0.4614071359364311,0.6485794743036736,0.5892390798772006,0.5347143645918535,0.5456606411955626,0.6720912645605256,0.48527076950494386,0.5662010254028333,0.5051776837671814,0.5775854284543672
159,0.4298624391812703,0.6518161780232937,0.5957399098932513,0.5410390349475124,0.5422950622802976,0.6872630309508682,0.46700562919807254,0.5728623232950903,0.4990681472161945,0.5840444922941288
160,0.4277932797639506,0.6470244194116802,0.5993741238403281,0.5430576155876969,0.5407430090485286,0.6902747966836483,0.4609812568346894,0.5750792189977533,0.497476819471569,0.5842960073941165
161,0.4210799618020434,0.640934113279902,0.6050893250173766,0.5474317475179478,0.5387598535158081,0.6951270944811446,0.4512614824498695,0.5785110468584594,0.4952704381610384,0.5844604967164243
162,0.4197045299988292,0.635429753492173,0.6090138515322927,0.549713685454794,0.5371380665714707,0.6976463252404695,0.44560540930223214,0.5804188683173332,0.49405318262109643,0.5843417246151831
163,0.40481385280086785,0.6349827999520883,0.6128686381657352,0.560613592190954,0.5422267119437877,0.6958455716641055,0.4389115313526026,0.5824315616691857,0.4958420912776084,0.5784684946225521
164,0.40376201895085934,0.6290190156070755,0.6137513128741966,0.5736044463845743,0.555347952583191,0.6798606430413685,0.4407496152582801,0.5807010759956626,0.5031242343355576,0.5637182296678807
165,0.41744538173802753,0.6175829376766995,0.6102023656095248,0.585562886909124,0.5755354774623781,0.6502985464014951,0.45184684064609165,0.5749937239337319,0.5146823542861001,0.5416044923068802
166,0.4195273711883819,0.6106986034281264,0.6146153665525855,0.5877895864434048,0.5765828153051041,0.6496084386017784,0.44949801076315127,0.5752128731247544,0.5147796711784336,0.5396237967813952
167,0.4349700060531088,0.5985486971489266,0.6117964822544123,0.5941091849460066,0.5932091696013575,0.6248767545853242,0.4605391611109254,0.5698687292823844,0.5231840796991745,0.5226574203066235
168,0.49763518969213905,0.5627353927945642,0.5847170617327611,0.6026399795296611,0.650775276312263,0.5296365009657936,0.5141257067033829,0.5478193904495309,0.5498908253474833,0.4651285931895821
169,0.5138047842602836,0.5472995747630601,0.5823661965857572,0.6018211044693129,0.6704091250281323,0.5066744448142685,0.5271746939468186,0.5434634276862297,0.5515467766809089,0.45126652695196096
170,0.5323941175922747,0.5326728351556176,0.5762742208200152,0.5997003337656566,0.6913362997193435,0.4775842074458948,0.5444209893161971,0.5380082648318322,0.5542634508962768,0.43603079901813235
171,0.5586049002787618,0.5145520953813001,0.5649990954085816,0.5946716828030904,0.7183689808301355,0.4356943628030994,0.5703477261672734,0.5299760488721105,0.5579164207660442,0.4164586452489027
172,0.5735421142665824,0.5040940914096302,0.5585717285879355,0.5878703508132314,0.7365631200885795,0.41226981041369204,0.5857591851698793,0.5262437446571455,0.5568660149498694,0.40711196004355527
173,0.5888374555361009,0.4956012923792336,0.5511239022370018,0.5743469222287794,0.7548007980639438,0.39616489519527026,0.6009776664119588,0.5223819615512437,0.5521907019817165,0.4029760554558927
174,0.5906631004590954,0.49510732239146554,0.550177586532223,0.5700930286716701,0.7567159818434159,0.39861147875134756,0.6023794944709713,0.5217390377602061,0.549971690912088,0.4046711424550439
175,0.5678398290133796,0.5126133656425382,0.5541271314068628,0.5508972804557503,0.7183208967319915,0.5015762898769971,0.570359773890782,0.5234631899779911,0.5299754424828391,0.4445134194762238
176,0.5663724665941207,0.5138100341535228,0.5535957690164957,0.5470278300551846,0.7187439975426022,0.5054044526248501,0.5687946536377608,0.5243537339901376,0.5280999942333022,0.44635641325370723
177,0.5633313923586538,0.5161675253573756,0.5524738165062218,0.5393773386202364,0.7192114034967799,0.5134033091041865,0.5654769659596759,0.5260803010054118,0.5243543007470924,0.4501066594525712
178,0.5559434604606012,0.5206415673359707,0.5520661521075364,0.5311049580585049,0.7118727770130815,0.5345031566706409,0.556689600517184,0.5285941813325553,0.5187516941063606,0.4580393969550405
179,0.45562101268795924,0.5627757019830141,0.5617228426884481,0.5253840172824792,0.5326189575337239,0.7456933589468032,0.4395846720154889,0.5564722623141453,0.48194041912250307,0.5296012924171704
180,0.44046334154699657,0.5654917851935266,0.5640043863264879,0.5289134461116999,0.503397187724417,0.7702666830846931,0.41543088453161353,0.560950257434527,0.47860032960636234,0.5369527204197462
181,0.4215010858318077,0.5680960499362804,0.5725940246673378,0.550807355098452,0.47949001304466504,0.7881401607746236,0.38369262440316826,0.5669404032108728,0.48115241285644844,0.5383311345650924
182,0.42522583008739256,0.5623429896162112,0.57655316379714,0.5581051617458341,0.4900116004953679,0.7827237722660761,0.3785609577902784,0.5645823512881107,0.4853079885678467,0.5329642446317966
183,0.429322496893905,0.5564352353984988,0.5798121426918014,0.5614808410043651,0.4966607432690607,0.7796370395190809,0.37451898697642577,0.5618696847114932,0.4880221465086109,0.5293244264621056
184,0.4348289876074589,0.5477706258689825,0.5843846887916139,0.5641666194715631,0.5022015617983492,0.7777139694917158,0.36863172611777506,0.5577102351160991,0.49098584140937,0.525467873328409
185,0.4621856550830999,0.5293131262409175,0.5882853476683279,0.5793694680472186,0.5916529161237408,0.7060189444518387,0.40152566996188344,0.5436094920105394,0.5048756898955011,0.4962572086219501
186,0.4970531230480694,0.5100132124451299,0.5776885019602838,0.5800929874397031,0.6932247614615011,0.5873034910299695,0.4582446170874708,0.5236197755576663,0.514702525346002,0.4642828793293456
187,0.5214322990846113,0.5004251565395536,0.5625428027971624,0.5720968154753301,0.7533822837704721,0.4846255330976619,0.5025193287511099,0.5076209127144887,0.5179209477102767,0.44603929083867433
188,0.5282897744383277,0.49757983516635246,0.5574680056077024,0.5665396345816079,0.7704471067712156,0.4526728121915683,0.5154072333621,0.5022341309847491,0.5170490179851496,0.44290286866496437
189,0.5339219992257382,0.49615154734133915,0.5522100592333917,0.5601650378224559,0.7851399604857626,0.4235775910922054,0.5268303329996432,0.49741187882973625,0.5154739275929754,0.44141120710953263
190,0.544846380534239,0.510198419578911,0.5214311327630543,0.5306084917838284,0.8081650002260057,0.3761715568007349,0.5529195855241454,0.47812443746591593,0.5040520611522379,0.4518894205256703
191,0.5325531399063981,0.5181170233370954,0.5161250389310429,0.5176196561412889,0.7911048526320722,0.4396073024690533,0.5358461050932434,0.481951244048459,0.49644011929537984,0.466837916056306
192,0.5262469126838394,0.521510942872698,0.5129577691450103,0.5078909758593415,0.7844889937870783,0.46797888710276164,0.5270819916743134,0.48453164484616357,0.49312160266915833,0.47389286000834246
193,0.5232606195308874,0.523622157741476,0.5098725235287537,0.4992520374603762,0.7846655698023772,0.47887098939444694,0.5232453170701243,0.48564904215524135,0.49123228913480493,0.4778376761572985
194,0.493032196818343,0.5272901010975019,0.5093542651857984,0.4879547088757292,0.6928679871390233,0.6344439884695082,0.4680203478660098,0.5012327072548978,0.4849344251672564,0.5017835659359414
195,0.47677396432889785,0.5251936253088246,0.5088087228287907,0.4819113127495204,0.6100101254810154,0.725422251689729,0.42334326239341313,0.5106244414580722,0.48674298469858535,0.5152831575316448
196,0.4686055554245812,0.5197921769367615,0.511612084648376,0.4839863651213298,0.5294866942022447,0.7889657092718264,0.38514680746728563,0.5176873066540164,0.493418334106867,0.5231007526735991
197,0.4709899796706551,0.5058847741026201,0.5226490159865814,0.5029837442029125,0.4489018084284749,0.842194701537201,0.3443272689892905,0.5234154904580902,0.5095095718369768,0.5230315497974466
198,0.49569927023025717,0.48679193986943575,0.5326967510723625,0.5310315335305504,0.5631344496974799,0.7771495504421654,0.3736671208253045,0.5110653214014226,0.5179460711478435,0.49719513485916744
199,0.49981961100626277,0.4828295302670678,0.5343664725364431,0.5316198694635703,0.576368136116777,0.7675954284549826,0.37619732399942396,0.5057996694708934,0.5188140665914974,0.4943381864704029
200,0.5098128420089155,0.476948839016797,0.5357565914048062,0.5337775831753017,0.6333731272114379,0.7151597661138998,0.39678692322433196,0.4941474169964161,0.5170649698538359,0.4862224259430091
201,0.5266049965677484,0.4841997482989167,0.525273384881954,0.5279541363131878,0.7641228739828941,0.5262420058908478,0.46033478358449137,0.4701005293906593,0.501754102195907,0.4777215213440958
202,0.5277418345285941,0.48475914077428256,0.5239785056243743,0.5220526878193081,0.7745162916557143,0.5048810460980921,0.46621449525552844,0.46489335685941174,0.4985352800552506,0.48194581887886534
203,0.5280986340086621,0.4941073996293555,0.5178936981398226,0.5106859331581067,0.8034151717050719,0.4412063285790002,0.48274312546669995,0.455650112152318,0.4883033000996544,0.49101404376943225
204,0.5261308331781447,0.49786441648966895,0.5155970367788646,0.5044048312702205,0.8092348247396618,0.4271266531918829,0.4861918257804323,0.45278189379688827,0.483564652578234,0.49813099465631305
205,0.5215196034642708,0.514384923228615,0.5098404934563491,0.4946854275653886,0.8359987694330304,0.37394280727239626,0.4970796725121218,0.4446194930118369,0.46974799579187887,0.5073458148351968
206,0.5174096816278038,0.5211589795630996,0.5058138441706008,0.4879988081391641,0.842982939615024,0.3678082342882525,0.49802653105885736,0.44270735542800893,0.4641770299457704,0.5135136865242274
207,0.5030161576651282,0.5378724049075028,0.49266803611731785,0.47014891851290913,0.8503662596927934,0.39607609194853244,0.4901955094514369,0.44012474335478324,0.4518085824306251,0.5269358255262396
208,0.48589676169316587,0.5363794688685246,0.47419523160210797,0.4548648087136969,0.7669194413999858,0.5658304745875677,0.4471117021056221,0.450669263464021,0.4614556844533072,0.5354033303765053
209,0.4852563163875235,0.5298856012545821,0.4664621933364678,0.4492835056520915,0.7107159735139819,0.6331142038611393,0.42526677009861497,0.45539514677093845,0.4743150825284144,0.5363606306554023
210,0.4998601654683823,0.497399255625417,0.45546250743477396,0.4524358562197279,0.5276134542380372,0.7854155356846407,0.3735424270025296,0.46871023163903947,0.5216188664852196,0.5290171286811917
211,0.5071744779464062,0.4964988650209603,0.44974721459072403,0.44563804797281353,0.5225512643721936,0.7898087491321569,0.3638886871367724,0.458362543991533,0.5288032681632476,0.525860064542506
212,0.5327934245415291,0.45832250018055426,0.45071803112805536,0.45562046750581026,0.44746677825984993,0.8651717672755916,0.3485615185874146,0.4583578322234415,0.5609156941046638,0.5085049389598717
213,0.5491314214606363,0.4399292198429028,0.46286815264015413,0.4709313450171311,0.5696654372267875,0.8041116024686645,0.3803579418987182,0.44543965960108556,0.5456003522289578,0.4989143008885412
214,0.5506828150875849,0.4443894977284123,0.4672748633588932,0.47418219682432367,0.6172577070970463,0.7525341558752283,0.39420231202556344,0.43752638353624834,0.5337178100768856,0.502225103199928
215,0.5222352182604743,0.5308549362971919,0.4750357503502302,0.4664213602075825,0.8275642817198633,0.3980645965284372,0.4497662218113926,0.4124687446337698,0.4426382997811684,0.5476307471859857
216,0.5104464920313289,0.546008416728341,0.47237142469187876,0.46085260441990505,0.8461815750863495,0.38258119428570425,0.4496045082375939,0.4116188094757522,0.4315330604047671,0.5569358866139499
217,0.49647258564353974,0.5573306041359176,0.46543107018647006,0.4567549761387504,0.8499353375222414,0.3987097336318986,0.44329845060095746,0.41239500691746717,0.4257535007119329,0.5691280883390052
218,0.4831851096525481,0.5653558264518665,0.46678692018994705,0.44816222478779116,0.8472144754866927,0.46357778938429955,0.42952668599095695,0.41580299708088503,0.4298529211712309,0.5708437808988397
219,0.5026234470946271,0.5343352527141467,0.4594918318313928,0.4376721406254885,0.6823193320379177,0.640606892104338,0.39485974930153045,0.4264420682493853,0.4964458761688072,0.5538422131086341
220,0.5169843326034104,0.5179629451415343,0.4539282036438672,0.4352127230462695,0.6129804803926773,0.6911323014704277,0.3840174981236987,0.4268179478882911,0.5235394016588537,0.5445974937442104
221,0.5611902965711516,0.44673571027798764,0.4381198841085242,0.440297587541813,0.4635951784962906,0.8450559473124245,0.37137742958537895,0.42798372483092983,0.5884657981839065,0.5089839324228524
222,0.5671408960560825,0.43904178588362525,0.4353491323453895,0.441896417879895,0.46629921834535853,0.8580297671195174,0.37341620165214745,0.42328686645511904,0.5916896243992449,0.5039443329877328
223,0.5697478424108783,0.4356938080077281,0.4341571095981075,0.4427643901098008,0.4699441894962273,0.8625432019497498,0.37507651303144635,0.4208046295724943,0.5922736089743889,0.5020167937516873
224,0.5760626691449254,0.42780984433065505,0.4314698004004973,0.44670190457419057,0.49138940877064347,0.8660862786170792,0.38278634146036217,0.4132343371385774,0.5894510168287824,0.49927053503694296
225,0.5797326338624181,0.42727374391356154,0.43084350909149216,0.4495683398821084,0.49642782339095637,0.8636540971021086,0.3901090143763035,0.40599489990994664,0.5902696821862146,0.4981069566637658
226,0.5827662393693164,0.42526724000179816,0.43039082905190185,0.4541442682039552,0.5281281216766364,0.8443240224645802,0.40168350015447224,0.39848805595627024,0.578723919913711,0.5036492628594945
227,0.5838938800159371,0.4254137282832523,0.43061027777570365,0.45663437745654006,0.5337470646246827,0.8381841973055891,0.4073275465180588,0.39543186859229473,0.5768876457024438,0.5053064138175992
228,0.5855511423311764,0.4260250477775395,0.43136239699749473,0.46221552557263423,0.5449806006114498,0.8238251871202641,0.41979284277947293,0.3900478239636059,0.5724614096515255,0.5097183488949237
229,0.5862205039353994,0.42614827750241957,0.43174002352905216,0.4650868462359353,0.5477807529745035,0.8185335915110763,0.42625378175307815,0.3879146888072955,0.5714140372859433,0.5114354480499916
230,0.5864860938454943,0.42703127963630294,0.43250232140191835,0.4681459249816592,0.5557891364065786,0.8071777694952394,0.4335733508989843,0.38538664303542164,0.5669601639410073,0.5154594525382941
231,0.5836224071027376,0.4359843744758575,0.43709311262590317,0.47539568092536927,0.5942431038824768,0.7518673380728242,0.44950812795590667,0.3800527239381854,0.541112551576638,0.5350056737518994
232,0.5827807936209768,0.4373739386805265,0.43877940415501326,0.4816626456184961,0.5994016489964562,0.7391753141272982,0.46008271810088114,0.3788493635173023,0.537060023949421,0.5399635600191446
233,0.5229325948419615,0.5501952669380131,0.48142017785721464,0.47293075468249435,0.7925249276187243,0.47217264041513607,0.4484712061168199,0.41180584683851584,0.38744525209569913,0.6093819813325277
234,0.5134907526673314,0.5604424657299447,0.4865374803693546,0.47542648369402457,0.8041844684073535,0.4645974614201186,0.4455280791684701,0.4187559285456909,0.3821593413372662,0.6119986798591418
235,0.48939926904075015,0.5862436203754383,0.5015449078890737,0.47488129562482767,0.8124618297610378,0.4973606014738636,0.4269195640535633,0.44858235440717953,0.409038725786559,0.6046995852197276
236,0.5064871474244108,0.5673174049879606,0.499271652955286,0.47724143062961005,0.7035306764475886,0.6051087462214372,0.42062496736346733,0.45892185925823314,0.5027740086302646,0.5697847229893412
237,0.525172857991024,0.5498540002204114,0.49151584489217953,0.477411465979262,0.6429423401466182,0.6555937121778157,0.42825099504011943,0.4527375913440134,0.5431296792540824,0.5474283188375982
238,0.5325892613496038,0.5438040582097494,0.48865126006977777,0.47720399605675656,0.6239707081845535,0.6713396982551564,0.43474244113600474,0.4485925614599662,0.5549112537204354,0.5391589403159557
239,0.5556484571895204,0.5125022819123899,0.4798297420202383,0.4791664926573883,0.5528596696939966,0.7315400553565152,0.4483730104477161,0.4311082556820646,0.5922510267302327,0.5136198764583448
240,0.5690415016183122,0.4912442084616845,0.4728740449185815,0.48007654773188924,0.5180317773396734,0.765534372728806,0.4610308453650257,0.4173437005949328,0.6078238027752166,0.5005201270153985
241,0.5795498410127152,0.47293382024081826,0.46590829513934373,0.48077134277814226,0.49568803601802547,0.7890698214260694,0.47844948818719757,0.40439797333943467,0.6151749139122789,0.49275022172691507
242,0.5954879963931242,0.43338355692102354,0.44877301596736674,0.4814428951208029,0.512138801811967,0.8080234157379983,0.4979962035587327,0.37244070085388065,0.5865173873467691,0.5117623447676634
243,0.5950549826515326,0.43544287596690157,0.4463859096392619,0.48276130409452295,0.5376694577367576,0.7819930750421782,0.5077338153295755,0.3727624595336185,0.5624229345634096,0.5289980100738815
244,0.5911841166913812,0.44599658457663705,0.4461780437971696,0.48414684989102175,0.5738710987676846,0.7385873858674471,0.5147225428110155,0.37943009617098755,0.5281602262160905,0.5515280435203995
245,0.5863675753276596,0.4569955093725132,0.4479918670285319,0.4866612497871309,0.5998394000684693,0.7024742138314927,0.5204846018408604,0.38820316442243796,0.5026896578277037,0.5673283604771776
246,0.5158646828216582,0.567441586267596,0.4809897512637961,0.477746953325611,0.7739989972692434,0.5026794902858628,0.4805986632393143,0.48944164348541785,0.37425274083707183,0.6208272935448342
247,0.5089412989481575,0.5712352937430497,0.4887122119135645,0.48879820724684125,0.7743129375406319,0.49799685167598967,0.4793341810459104,0.49572924613624086,0.37594550177324676,0.621517259225946
248,0.4946353316073098,0.5857615173850027,0.5053890984268581,0.49332649417264524,0.7808373279467921,0.5044092375575386,0.47030320371883033,0.5193223267824797,0.3978727560669837,0.6144724643636859
249,0.4978634277500643,0.5869654725332039,0.5233819846573452,0.49706181070165095,0.7446211808703084,0.5521177861706547,0.4692938455676441,0.5305721564465761,0.46137047027887396,0.5911992777910821
250,0.5140935570824722,0.574570121351936,0.5329518401485452,0.503300388551487,0.6880958301566661,0.6006955791035903,0.4773868832388671,0.5215880590509275,0.5169414658399765,0.5652648511274391
251,0.5480859220541607,0.5360113588597959,0.5371414637077963,0.5146194888327451,0.5821118524912816,0.6814744066991871,0.49889015037047624,0.48220143708150204,0.5896202956765549,0.5209964623451773
252,0.5594817468656317,0.5201017871927001,0.5350829164262164,0.5189204175550025,0.5508032319717397,0.7050054062329271,0.5114576532948756,0.4653629064168995,0.6047798807561728,0.5080331318214065
253,0.5612995836395352,0.5190651180022419,0.534625692154836,0.5200841337148137,0.54725276951533,0.7052936129322084,0.5188224712989286,0.465050978226728,0.6052729158378527,0.5057830064629537
254,0.566325874820197,0.5140635547911635,0.5331382428251592,0.5230792219700565,0.5352244031622724,0.7086144705379013,0.5356252288985036,0.4613784481550705,0.6077042068758749,0.5002243522477694
255,0.5902780430823052,0.46136031316527193,0.5134230137749543,0.5303834646984765,0.49062116867804817,0.7548119197109651,0.5639162650061811,0.40156333376628117,0.6026323508809784,0.5015757602049217
256,0.5925131683457835,0.45568006498438507,0.5066160289296544,0.5308345066391319,0.4959801223275895,0.7479136482831505,0.576771049311438,0.3986153486418113,0.5873052644398319,0.5124176247553768
257,0.5838371617183671,0.47365579617932935,0.4881508131904142,0.5250868368940388,0.5728366834037041,0.677828509044292,0.5817458813221584,0.42449544353624163,0.4961854978181741,0.5700208448863601
258,0.5694427145419473,0.49722945083063513,0.4885772268824365,0.5256895646796055,0.6173390369825766,0.6215009511382912,0.5786551907341284,0.4595699494097284,0.4486729706481538,0.5956351116925027
259,0.5643825927881141,0.5028320199166145,0.49093683489740303,0.5292335922380629,0.6265510844972592,0.6052292774322453,0.5804297846965173,0.47058223795935233,0.4380724968607383,0.6019288753925873
260,0.5369208059143685,0.5355104280922521,0.5032367481089252,0.5338290531261441,0.6725497435113313,0.5448996158859919,0.5635663109955654,0.5272862871400391,0.40023310538111934,0.6187173111234349
261,0.5079493952845768,0.5675308216429039,0.5216041909516628,0.5293005911566951,0.7049999391827374,0.5136412442463968,0.5408553871805442,0.5940385421816736,0.40326529778285136,0.6174940531051516
262,0.49882955210714924,0.5773990395732784,0.5407881746782317,0.535043801157357,0.6983533475445947,0.518591337963604,0.534311493602127,0.6237304541653248,0.43814382612735475,0.6037356441028628
263,0.506257340349923,0.5767022881725024,0.5610138894379588,0.5356766854947062,0.6629857936649725,0.5567144281277945,0.5360950137269163,0.62835311842987,0.5069745718236626,0.573252490779887
264,0.5288955212626856,0.5580117802818239,0.5807597353001424,0.5469878345408992,0.6005905281615719,0.6076193206590497,0.5500015853521351,0.5899049800601741,0.5730112825829581,0.5351413810598399
265,0.5447852661039212,0.5406079563753872,0.5897825245205681,0.5590039440468955,0.5613684038383939,0.6321535649997962,0.56620118060061,0.555900441461463,0.5979998322296616,0.5147304661638696
266,0.5625375079894633,0.5143663521516664,0.595632668781524,0.5748263019460207,0.5187601672611207,0.6591424102632538,0.5886709700897298,0.505679245219038,0.6138953482534769,0.4996719421626226
267,0.5721150494461402,0.49742218962886536,0.5936360599502674,0.5844116919858611,0.49867686920654075,0.6654556217269009,0.6120793631768706,0.4789897256114582,0.6097632790306415,0.49879558529157547
268,0.578727013890459,0.48335557942634116,0.5859475155730964,0.5898206873069879,0.4901645751330159,0.6661543224668449,0.6325950718875225,0.45801934340882017,0.5946791992510143,0.5078788227077647
269,0.5813043298258213,0.4773838652649145,0.5783481771434986,0.5916255531934335,0.48926361714172045,0.6554711688838191,0.6518263095365047,0.4553950317090042,0.5773610762440137,0.5190002043065025
270,0.581354057055789,0.4750777203541346,0.5579284209302569,0.5864839543783459,0.5068627594564695,0.6363981954054021,0.6637151335425787,0.45531716558967195,0.533870466126135,0.5480227448021119
271,0.5806077647163546,0.47479617792744844,0.5559202872559206,0.5871717568795003,0.5066698415700986,0.6229353509364723,0.6754643539435177,0.4634154475093921,0.5252611158011894,0.5544808498721104
272,0.5782999238639285,0.4774064131650043,0.548744929249433,0.5844137981192444,0.5153725896054062,0.607876658194327,0.6789844539331461,0.47286885719399174,0.506031388747893,0.5670122991288044
273,0.576656650762745,0.4785079107796094,0.5461914520275674,0.583909292686522,0.5179916960825638,0.5972046568445722,0.6833449652955854,0.47992917684997305,0.49690662366992144,0.5734209372831673
274,0.5729023117970297,0.47950465692125327,0.5436318802708424,0.5847222445366442,0.5192164438093956,0.5753305032299026,0.6936827783600696,0.4937258605739337,0.4830371551948756,0.5842188099054534
275,0.5608482765236027,0.49425388336451886,0.535883487732118,0.5791749726051093,0.5416923482320254,0.546850032090203,0.6717088852892968,0.5294266992143304,0.4499131810050726,0.6032411477664655
276,0.5456953377249204,0.5091250238570117,0.5409415868374575,0.5808581356676739,0.5554017085938072,0.5233594513966385,0.6467553692192085,0.5727880210451712,0.43713632677660086,0.6115580474405583
277,0.5359326124152276,0.5186861529841893,0.5474475412001454,0.5826023841956025,0.5613406120249609,0.5129898857874786,0.6303298226216525,0.6050058334801047,0.4381689400110886,0.6120552858145842
278,0.5236060830488072,0.531020220900259,0.557854941452584,0.5836605928224441,0.5663015473904381,0.5043686543098483,0.6111518537264207,0.6507810436238222,0.44958771227946326,0.6078639259455212
279,0.5140919735511562,0.5368842512362644,0.5714250155004625,0.589094056873237,0.5626904690793014,0.5004082400773355,0.5997082522295016,0.6863351743056584,0.4686944466187275,0.6006376185982327
280,0.5067406662405173,0.5438804028162534,0.58090765268497,0.5863253029649133,0.5588896064575567,0.501167999793489,0.5897082081988252,0.7223062810871246,0.49617160669780475,0.5885655070594444
281,0.5045540834886598,0.5439666677755802,0.5885553128143324,0.5883319495676309,0.5525605979292294,0.502877793718574,0.5865679125699289,0.7345283250764094,0.5127920838624365,0.5808464937941991
282,0.5033611181541469,0.5453673594015929,0.5944400322151335,0.583233355360788,0.5444186093358208,0.5081260818266622,0.5821948632769574,0.7451192781537812,0.5415185250662709,0.5664956632004755
283,0.5089974809100577,0.5380802195597749,0.6075804517881561,0.5850902550020218,0.5269736097997154,0.5141434123012354,0.5821976398920964,0.7275979896196938,0.5732147342318569,0.5451211475152931
284,0.5251011244769751,0.5228654422209137,0.6262273553180714,0.5960105242077294,0.5074586859245094,0.5287931829698457,0.6041560551256141,0.6419108865422894,0.6088903418064918,0.5242453261762651
285,0.5302157445522367,0.5169847067674165,0.634499126174552,0.6059896433199666,0.503546908210857,0.5294972789989362,0.6204074988824739,0.6155917280942824,0.6079479843905504,0.5225090101407841
286,0.5376714703176344,0.5077940068518559,0.6464224312280695,0.6235342302737108,0.5002972316303029,0.5267209365811825,0.6553542015985039,0.5817375168659498,0.5958471148335331,0.5250597176151506
287,0.5405931969253885,0.5045485885909778,0.6491622480266307,0.6289953333702758,0.5008917611023287,0.5225232279519393,0.6720756596353913,0.574170482866712,0.5859280635711803,0.5278852645711969
288,0.5433359443168271,0.501296665230562,0.6510471406738381,0.6348240712460164,0.5012885179993252,0.5199567496901986,0.6895531318728086,0.5671265484890965,0.5753615309535888,0.5325199047197123
289,0.5467255677253985,0.49458618695930384,0.6252600834444835,0.6395033843916904,0.5020850744414104,0.5177180905107786,0.7314978810533517,0.5395296286716778,0.5163299370982347,0.5666592881716449
290,0.5460592910432822,0.4940967920921462,0.622439547806534,0.6369867957241148,0.5033794977911619,0.5137192949817831,0.7341458523827811,0.5441729839535268,0.5097825221865175,0.5707079242826644
291,0.5438529955557411,0.4956871579631094,0.608542181556164,0.6299617519114464,0.5042704585853653,0.5119690753639713,0.7258421917686159,0.5453787937674699,0.49585151872673183,0.5794382108532113
292,0.5431587574832589,0.49542449370396563,0.6066264540986488,0.6284214424219884,0.5048538517480864,0.5105413163780986,0.7255705678288072,0.5478523008186624,0.4931743239232958,0.581916146730006
293,0.5284373660624055,0.5097525274491966,0.5809924591487453,0.6182753873109719,0.503530954228348,0.5131427413296896,0.6587778079871942,0.5828665668199108,0.4823367442155622,0.5922303075008065
294,0.5149896940824473,0.5206287046080399,0.5936607876319008,0.6267381579431033,0.5016135827385285,0.5162214055187027,0.623674985266756,0.6477781293412116,0.5035118485005199,0.5830413491213655
295,0.5124255229017132,0.5207853767470527,0.5989231002092029,0.6290382547814662,0.5005810982318967,0.5181594785341109,0.6192365745341197,0.660243556666875,0.5116864366731444,0.5804648425880181
296,0.510017021394137,0.5221060849368554,0.603780237416688,0.6308427762629488,0.5001020557653694,0.5191716124966081,0.614505194795709,0.6758024527214933,0.5194149719394499,0.5765254604100087
297,0.5052782736125748,0.5226075664866611,0.6161506453591813,0.6329509207650895,0.4990185564282477,0.523163518095828,0.6041965939704468,0.7050157634329232,0.5402459114181967,0.5669308798882133
298,0.5043179556112855,0.5172212923657508,0.6251573257206973,0.6334389035864989,0.49805574455606155,0.5319150753167273,0.5972612978663375,0.7007646394000764,0.5549089561193664,0.5651793474414801
299,0.5028188441438564,0.5178661846571233,0.6313674434269533,0.6279150219856628,0.5011955774746177,0.5312071782476525,0.5823136221335635,0.7251407032500675,0.5744599169456133,0.5524781272581356
300,0.502910934198889,0.5170670357106993,0.6322321535602841,0.6208213099072218,0.5048807087902514,0.5301446776528158,0.5723230996040899,0.7284280828913867,0.5858476983699716,0.5465376261047676
301,0.5052122558044513,0.5146563619095037,0.6258138725221537,0.6022199858781392,0.516756606090867,0.5216692074246306,0.557275094739567,0.7110959619915542,0.6031076632647049,0.5415909023805764
302,0.5059795069719689,0.5136584861611617,0.6259178325664406,0.5996715559697664,0.5198142736401687,0.5216061786667653,0.5545755661964794,0.7033578879327061,0.6043557733234419,0.5417334930264096
303,0.5082343370437291,0.5116159429802407,0.623330845539728,0.5942802970574477,0.5272075761004464,0.5163833091873772,0.5539147283708186,0.6850481305532878,0.6069877857824294,0.5448618943419885
304,0.5103621389995842,0.5099960106552558,0.622738447692406,0.5915618019480275,0.534693101258649,0.51305251045307,0.5559162444277805,0.6683176318368421,0.6060553600985477,0.5483644539352407
305,0.5175799180981566,0.5034042494242746,0.631970740169475,0.6096320428410064,0.5540122789147764,0.4941828690257104,0.6092348992750352,0.6253659732540776,0.5891790026529523,0.5727019755152684
306,0.518128567906083,0.5034297423767394,0.6326106142015457,0.6089418068859869,0.5581266442709212,0.4942998743424843,0.6130693805743198,0.623761338716896,0.5848427097989941,0.5737397793168889
307,0.5218497738797414,0.49934921103625945,0.6446225812654128,0.6409217155977119,0.5658113964602296,0.49479356364106664,0.6904748627853516,0.6050206202499989,0.5429039173995736,0.5940856530740486
308,0.5218399057296335,0.49966643562261964,0.6439095277718548,0.6354736993436259,0.5720838898953741,0.49875988670472077,0.690711058600195,0.6075141627202217,0.5367700211779483,0.5946866742382276
309,0.5218897416583971,0.4996440084459735,0.6362613514047377,0.6362106601724885,0.5709356996393998,0.5093503731417898,0.7021186013322324,0.6000320753917942,0.5228599477705743,0.5985791204804646
310,0.5214647122695056,0.5000268013830151,0.6289602355494714,0.6325585976881671,0.5706825056540799,0.5185998237042868,0.7015550155062689,0.5953038222454322,0.5172856786245321,0.6000042260273136
311,0.5182080690541964,0.5026975026118858,0.6002469270019982,0.6243688152750159,0.5536088905411042,0.5458991319295894,0.6795263212328541,0.5755573612236574,0.5207089542422443,0.5990665603528615
312,0.5135647844939673,0.5054159429224458,0.5858692837199415,0.621266906309713,0.5396589776390162,0.5707082316578186,0.650762061300267,0.572145708578124,0.5402031374546,0.5917221779968095
313,0.5130415591839574,0.5046451797957127,0.5861022816037799,0.6208186356615545,0.5419701683424714,0.5751886438296118,0.6498367003877552,0.5711875250663709,0.543274804669608,0.5918483706913689
314,0.5120900884679838,0.5043979833676188,0.5857081312212936,0.6209564671789128,0.5419409901212161,0.5819689624146431,0.6453010918684062,0.5714607611165828,0.5493978735562249,0.5899807987693471
315,0.5108925534521359,0.5034111731429058,0.5863396140524182,0.6209508049545709,0.5443599194180727,0.592692467808714,0.63955379813556,0.5707550741912191,0.5593888663131952,0.5874755480436625
316,0.5036772892999408,0.5100168633065272,0.6074018705305468,0.6375811125347383,0.5347562566750571,0.6188557476857023,0.5981202782455973,0.6328594083968669,0.5974220727529324,0.5405815716057684
317,0.5025316053467694,0.5095803986379895,0.6125571556990578,0.6347760398418164,0.540444573702183,0.62304352398003,0.5896818749512482,0.6388785625287335,0.6031179699911987,0.5347696619851131
318,0.5014148855824799,0.5092670186314525,0.6177889568763668,0.6298630271854065,0.5482057302795693,0.6258750547012687,0.5784948934581485,0.6456098354633726,0.6082480894417978,0.5286648328600394
319,0.5002217131363557,0.5082405361996972,0.6235054851518987,0.6163331149270153,0.5637833541819451,0.6278473724430801,0.5569600893991467,0.6479503675494293,0.6139842979038402,0.5236079978452848
320,0.4999533365096429,0.5077179931297692,0.6248228008455068,0.6076928723907946,0.5725927998846028,0.6258554698992045,0.5448365893635991,0.6467714904665621,0.6154028466791743,0.5237867225934786
321,0.4999770707447035,0.5070412538080159,0.6248594339126251,0.5948594719280823,0.5844650230233382,0.6200430272923284,0.5287826616659599,0.6414672065156575,0.6156660819245879,0.5277544806056154
322,0.5001375636269284,0.5067142860077477,0.6247527187843157,0.5885875140344906,0.5897808867218647,0.618228038429152,0.5215062045250455,0.6365665003547895,0.6154915582958881,0.5302989442977911
323,0.506801890360436,0.4999299665199012,0.6039233409264283,0.6279727302764144,0.6230231555711253,0.5512264956567614,0.6455118215351102,0.5687255279342311,0.52197075894073,0.6180023172387801
324,0.5065237044280697,0.49997850788757126,0.5915537302902913,0.6171166677048379,0.6181422348597791,0.5755534933987219,0.6411366962908007,0.553441777897953,0.5331821232301832,0.6148133648573721
325,0.5058568706955358,0.5003156498120995,0.578104344064164,0.6098784743125396,0.5911540172667946,0.6024703139932734,0.6264908845843035,0.5380024089582445,0.56859904929434,0.6027149142554871
326,0.5057881627017957,0.5002453550002248,0.5772256711968647,0.6071146268847385,0.5876969581976291,0.6118795769690213,0.6180588747202913,0.5352428990764563,0.5811740286768724,0.5968516637517365
327,0.5049529755166063,0.5007603459199726,0.5815624378194165,0.6079718449766975,0.5758985565337615,0.6359067093550115,0.5994391644654609,0.5416169743255591,0.6072195586187796,0.572867481679942
328,0.5035119422517009,0.5012659151303687,0.5947277284915253,0.605847370052035,0.586719900092229,0.667066972512869,0.5721391103225194,0.558969280512112,0.6228664956649052,0.5414588430308003
329,0.5033682365903328,0.5008972271955492,0.5961658028851257,0.6018295724197614,0.5921341046389178,0.6705901434877705,0.5662079771129012,0.5568174988591148,0.6249934056852323,0.5393634271774447
330,0.5026917640038697,0.5009862462809844,0.6026800842113732,0.5956357707911855,0.6074070027911431,0.6853734021418352,0.5482647146832621,0.5660843466539581,0.6265855406675098,0.5271841116492871
331,0.5025517589041671,0.5006415489431739,0.6034210369505859,0.5906176264996913,0.6128489455088194,0.6880457747072343,0.5427951079001756,0.5625782850007423,0.6278882294120991,0.5266386660008331
332,0.5017633599463036,0.5006181352384645,0.6079785360711604,0.5778729007445143,0.6326922333268403,0.6972949039356907,0.5184782594361496,0.5708366364289142,0.6254993830561016,0.5224994703783628
333,0.5005801455275671,0.5009273973420865,0.6041101412621632,0.5614142150004657,0.6350846698854856,0.6542663619199496,0.48774601003249346,0.5832132343193205,0.6110847859374141,0.5564509439682187
334,0.5001095453795176,0.5007876088435484,0.6032769997118871,0.5505997198085889,0.6342201862887608,0.6468265280639973,0.480942892872675,0.5766507167122423,0.6071282138987121,0.5641952712038443
335,0.5000470116687228,0.5010300562503324,0.6023510992678194,0.5446848366695616,0.6315786336716884,0.6390299990947736,0.47779378783889526,0.5732681925295974,0.6034714151653314,0.5705476511393585
336,0.5001914960914712,0.501779000838485,0.6018834166831363,0.5367149944154821,0.6305890648120168,0.6380620060060337,0.4750059714907085,0.5684634649041197,0.6018331952583746,0.5720168858134582
337,0.5005035882355677,0.5026565699800882,0.5985923118796029,0.5342894414289782,0.6192076300775827,0.6098617518084772,0.4750168959536503,0.5662894428837506,0.5882767374434514,0.5913944069087369
338,0.5007683258254875,0.5034283619019999,0.5956914947725117,0.5348578048248689,0.6127191435291028,0.5906853648877861,0.47779313458269823,0.5640848610149006,0.5757217640336382,0.6048619301157362
339,0.5009999167871231,0.5042175924863033,0.5849025464394599,0.5513669580747673,0.6179830589088723,0.558939252592157,0.4963894390021207,0.5545915406851567,0.5325224303820064,0.6332078359913962
340,0.501310287437502,0.5044105492971278,0.5622490366016383,0.5785823763020441,0.6634013045271341,0.5753035294543023,0.5300725421048573,0.5273603641050145,0.4879359601748507,0.6398616636903479
341,0.5014437358307154,0.5045258949905904,0.5481252698487185,0.5850219228089955,0.6792855453097114,0.5895394268038201,0.5428737708248415,0.5101474195835257,0.48789913073765995,0.6358597514050739
342,0.5014233823809804,0.5048706595470352,0.5435256583770373,0.5827901411709697,0.6846137303720403,0.5939812838861452,0.5439976428970146,0.5053412179950814,0.49156032522204945,0.6341120297163847
343,0.5013668578506173,0.5047698150202409,0.5285786599027226,0.5818782435028987,0.6656530054576822,0.5895015157376111,0.5488558914747371,0.4863616228461305,0.5289450754184565,0.6251101085850369
344,0.50142286878668,0.504535185385298,0.5240633724479178,0.5816655051462767,0.6318908958362378,0.5832861869281373,0.5511324291262831,0.4783471580765094,0.569249301323618,0.6124328282300142
345,0.5020294943113518,0.5021607070163073,0.5448717245603218,0.5623230510155741,0.6295258937079677,0.6687627547609224,0.5285490042005674,0.4918112271519861,0.641581891025918,0.5401052284128393
346,0.5030549118024877,0.5009155251760475,0.5703732618711624,0.5333747321754034,0.671197775898736,0.7476135419898706,0.4970198040301894,0.5210232674208616,0.6346056301636088,0.5114249935774628
347,0.5035002240663923,0.5007981909927998,0.5762241073056161,0.5206140588898679,0.651708180435594,0.7214887414668627,0.48402824778719206,0.5293783664014873,0.6221942745593502,0.5307693185048193
348,0.5038983913079773,0.5010135681507488,0.5772019886438825,0.5153632035311646,0.6385292088734353,0.7024040680994719,0.4804085802556939,0.5304431596523909,0.6159866785323258,0.5421787997958698
349,0.5049809965028913,0.502142087260037,0.5769780355770832,0.508740958356192,0.6112766155057998,0.6617251391573541,0.47848674940137564,0.5301228822141414,0.6013997992683852,0.5647375741181825
350,0.5047185588338056,0.5040848190993434,0.5726520289322995,0.5115440076552571,0.5829068994638716,0.6002970858187789,0.4816778271900666,0.5246105353829855,0.5669506574355299,0.603057128062255
351,0.5053649171837212,0.5053316182677544,0.5702324968990483,0.511877126054382,0.581438518188875,0.5889894208945436,0.4848980074213857,0.5216133980166777,0.5556148832979276,0.6108875164829165
352,0.5022648624049687,0.5098009073634703,0.5406987306075804,0.5436939743216914,0.6704737298853072,0.590830982124385,0.5081674687258668,0.4892869147830187,0.4711100452080906,0.6430985555513479
353,0.5018098992642243,0.5113404417484464,0.5265162411207859,0.5524657716197079,0.7031705494606141,0.6005284616517471,0.5152856624216248,0.4774074822411121,0.4635253885474166,0.6410811182953867
354,0.5022130128994631,0.5121583712358793,0.5232283277308454,0.5510801017940401,0.7106574716059829,0.6004947932895183,0.5148186383069376,0.475599958824006,0.4642695742460628,0.6398428348415102
355,0.5024692927936697,0.5137921957238167,0.5133752066575076,0.5512646581725597,0.7145624089223056,0.589916552286759,0.513589357307483,0.4701576250439366,0.4758786793754896,0.6353137167876641
356,0.5035319074189284,0.5145883180436454,0.5117265814784727,0.54715427268717,0.7179773642041577,0.5851980452990312,0.5093200925442136,0.4705610612196459,0.4777673530978671,0.6338763212065319
357,0.5036115407869366,0.5163474102921252,0.5057606488340474,0.5453444962997295,0.6975732620021747,0.5626893901122801,0.5040197793511486,0.46949806100022734,0.4988052728966999,0.6277584000292349
358,0.5027324163534349,0.5159082758745707,0.5130183019924248,0.537587616844444,0.628546707260449,0.6511899111274081,0.497805531065623,0.484843828619916,0.6260907822709083,0.548913915152467
359,0.5029176473106265,0.5146076191811855,0.5162008984292071,0.5324089026790358,0.6388869577008173,0.6734143934752249,0.4926704575990191,0.4890874198443512,0.6306091311661999,0.5401689417448623
360,0.5053331438890423,0.5102436987562977,0.5275994021524775,0.5179622071532897,0.6717773259600613,0.7532906525152738,0.48543701761946195,0.5005859115428981,0.6391260994827601,0.512832991298815
361,0.5046373361066802,0.5080603249729915,0.530102218262148,0.5118711685593846,0.6794060876882603,0.7559601637743877,0.4811491692614435,0.5077827400184798,0.6385926688203175,0.512130141859769
362,0.5084896080936004,0.5040895015156587,0.5387764910783995,0.5018778314217359,0.6561657624389373,0.7727676050484721,0.4895488198588593,0.5048359221849436,0.6302074472372586,0.5083326103969369
363,0.510380495743883,0.5024778598558446,0.5404263376287289,0.5001725965955204,0.6212677560199589,0.7386101452925964,0.49678255488353545,0.5009559083746303,0.6200549543400038,0.5197761506406696
364,0.5145826899381161,0.5012169494328562,0.5370836450966838,0.5047448731115927,0.5461047572619467,0.6217480197734223,0.515805555612185,0.4834594216388388,0.5786389062525448,0.5669401721917959
365,0.5174485049825377,0.5016571091146922,0.5361205500711004,0.5076942719709814,0.5464990997975346,0.6113224064222575,0.5242660507824495,0.48355951617473797,0.57253395285113,0.5687672192134223
366,0.5156912181037699,0.5071987091640089,0.5223327500682211,0.5223404791006487,0.628661865979708,0.5758520557484121,0.5362980844176753,0.45985974389837087,0.4971773142151823,0.6175408937565333
367,0.5107517829191474,0.5149537187812722,0.5107372019740934,0.5307054795702425,0.7269061966890192,0.5889977912154728,0.5300383421106797,0.46287218778616596,0.45964969504138375,0.6278993832923861
368,0.5077495882714561,0.5193233631471399,0.5073112081585393,0.5313929470115888,0.7321956821057644,0.5729751532536089,0.5207697001027478,0.4730453589581188,0.46115383797777393,0.6254437148376449
369,0.5098942184821166,0.5200989431854708,0.5066902016650291,0.5292472569417228,0.7342191241593163,0.5644525012167855,0.5178841800610289,0.47418424941733295,0.46162160277657593,0.6234571311543932
370,0.501913081649546,0.5277142109515923,0.5083364368243816,0.5244409701064325,0.6579585875375481,0.5273023504001778,0.492035694225103,0.5024551612571531,0.5039687130571869,0.6084025250822968
371,0.5009893928010274,0.5271961994661627,0.5209788501650786,0.5098355278520134,0.6255369634969998,0.6705023053222829,0.4606278929347249,0.5365220608728942,0.6001980255862336,0.5454446332631824
372,0.5106991466383946,0.5173944865218798,0.5263798040096294,0.5059484219030402,0.655789965946797,0.7844390744641425,0.4764624049103032,0.5358092673430042,0.6212613451476404,0.5059839520115831
373,0.5183228925507811,0.5101042505207016,0.5258522359135563,0.5104190874698707,0.6249928331559047,0.7553486543411105,0.5021976015874423,0.5257271142231981,0.6136463457809007,0.5041239643951791
374,0.5190316865072436,0.5093619026479005,0.5261103169193515,0.514477520661982,0.6237083577453483,0.7488426106080259,0.5094854831563306,0.530199785261256,0.6106780374965068,0.5039623349049256
375,0.5241090677764473,0.5052669615080285,0.5240097726553116,0.5224226018510797,0.5938386730208631,0.6951407532354457,0.5323302153591307,0.5191601589533575,0.5982160365079863,0.5120750870985091
376,0.5284768885373308,0.502655434410009,0.5217079295345051,0.5313550917322223,0.5744609427914711,0.6391758897501654,0.5523019620589216,0.5063335450057302,0.5823765981729057,0.5241797434963611
377,0.5301817755071573,0.5022001222326574,0.521177144204216,0.536279280513925,0.5741165423599033,0.6239280482862026,0.5594984385096297,0.504311133002495,0.5766659928078164,0.5269830903055971
378,0.531415093607078,0.5017804129853544,0.52039183571352,0.5396483491539289,0.5731674861715232,0.6025489270767883,0.5663551185778162,0.497010833487695,0.5681898124279872,0.5338203637583099
379,0.5328638427829608,0.5039564627333026,0.51934771402888,0.5476112668092276,0.6138097405715068,0.5540148666698752,0.5815768837022215,0.4716592771341509,0.5294553035829083,0.5633054994735163
380,0.5255547148055258,0.5134933192337872,0.5246710883036022,0.5444876942831643,0.7028168517471416,0.5664343909308482,0.5841430333540509,0.4727713529158587,0.4871553435615274,0.5887485554820765
381,0.5321366586155502,0.5164616106640127,0.5237103921919205,0.5510270679869503,0.7162977526994388,0.5456170305520431,0.5825841834730745,0.4735920717142764,0.485977457523061,0.5823900118232382
382,0.5170657199939517,0.5334065207260571,0.5384122206054787,0.5346686610401822,0.7163149455489278,0.5582041071448023,0.5719512332864561,0.510733676715522,0.47020746908039096,0.5885429509357544
383,0.5211878477436538,0.536047366735475,0.5373385103422814,0.5358973324329354,0.71321714089474,0.5463377701505522,0.5706941200618014,0.511555565987553,0.4716404602396039,0.583958198015736
384,0.5108824095175927,0.546974197796713,0.5470771182874327,0.5237732263451493,0.671721001964107,0.5581189651634628,0.5537970018993514,0.5359680821523799,0.4748515945303606,0.5818762150021939
385,0.5060405981326976,0.5530267752854353,0.5516924753757239,0.5170358352338279,0.6445436056894024,0.568991845036752,0.5401351713975491,0.5483883651083581,0.4799049067465892,0.5787929131710982
386,0.49299847683950027,0.5659778159242882,0.5633044889399612,0.49994399569664605,0.5735473970922924,0.7065288115599317,0.4502548500189453,0.5831049384841803,0.5302696529692069,0.5489271000040256
387,0.4948239291568467,0.5663305564098183,0.5599838493434126,0.5043633917091073,0.579159634691857,0.7366138935154063,0.447156790481013,0.5881620440722739,0.5337516773144612,0.5415220646763201
388,0.4962283899765643,0.5669548772716145,0.5560241305790513,0.5109558022979609,0.5816118702538893,0.7491294901313591,0.4576388535068085,0.5941159760494747,0.5303191268503059,0.5375878162712527
389,0.5062638553916036,0.5592803489108658,0.5422571984451328,0.5316020512547658,0.5977669957670544,0.7565602105017335,0.47941847357977746,0.6005599493522724,0.5383680651245965,0.5243462776287747
390,0.5402130279167429,0.5291353790787534,0.511305470875548,0.5695816294045606,0.6246393183424681,0.6488113073089836,0.5399365043494292,0.5903559037543787,0.5509936877492658,0.5022684695912677
391,0.5513498355861399,0.5184196888994156,0.5049863248738031,0.5794885886622934,0.6346653585789139,0.5945635029043138,0.5579495933393348,0.5775443534092979,0.5498113488599775,0.49866348939450134
392,0.5561302409043647,0.5137680872598602,0.5035475423378241,0.585064280273982,0.6419497002465411,0.5691915083292454,0.5657666085403579,0.5720574047656451,0.5475345714493884,0.49754363755028097
393,0.5620306078434688,0.5080319595646117,0.5032594819667077,0.5898429156950623,0.6536345470314104,0.5385379861453544,0.5732062668187262,0.5617771588414842,0.5450176085656769,0.4967693910801217
394,0.5643424128542136,0.505955177067326,0.5039432335843007,0.5934227192227485,0.6600378728309111,0.5256979725443278,0.5758085165455689,0.5592981568250441,0.5430192140632752,0.4963070717069522
395,0.5690398267620652,0.501625806959032,0.5078435411097534,0.5949837753932723,0.6756414328737341,0.5012337839880925,0.5819851977775794,0.5470542958196615,0.5400396838113141,0.49681283505243656
396,0.571187244881947,0.5033459461741117,0.5315788303458506,0.5838063434164215,0.7087980413824998,0.4833026623991055,0.6120177838464855,0.5376893944827426,0.5309461377628321,0.5035733126297258
397,0.5549893598873566,0.5222443762543781,0.5639741924771817,0.5530720008971549,0.6952321029274736,0.5295531818555294,0.6562798452823787,0.5723240280434416,0.5181599802303325,0.5168489979842611
398,0.5142779727318241,0.5644396279040057,0.5970720052478231,0.5025363181709097,0.5890736802692783,0.6326141455976031,0.6369900999910793,0.6211904404086425,0.500237370888628,0.535195666630737
399,0.5035828450612996,0.5771596128664419,0.5992947035009111,0.49604652537450244,0.5558238380141656,0.6663321250520304,0.5991556957920335,0.6188542728667983,0.4978713373184409,0.5383669239288784
400,0.49276519450681494,0.5879588671082712,0.593959096926484,0.5041278654220026,0.5251757334456573,0.7131802710939281,0.5191475651365054,0.6094277650195015,0.49492411742397807,0.5420923729513419
401,0.49336667966699793,0.5908786233285889,0.5894905434845273,0.5092876550346174,0.5240107331534919,0.7178762753760358,0.5125654202682152,0.6098899269939709,0.49492593168810123,0.5417950868344149
402,0.494289896742969,0.5923375063587049,0.5853827636786252,0.5142752088431279,0.5242312958738714,0.7198027123849202,0.5086250370160355,0.6111542959604401,0.4949000595460435,0.541689805391152
403,0.4973001735215391,0.5939043742387526,0.5765089603961306,0.5251744588272382,0.5264461215665681,0.7174026396336483,0.5094967961906328,0.6156381240705714,0.4947417526179615,0.541382899870469
404,0.51544309044707,0.5811839175432196,0.5474973859160693,0.5584213118054447,0.5592220909264793,0.6909907892242617,0.5157158908716671,0.6385124976065899,0.49812869199601273,0.5386063253666878
405,0.5226461704868985,0.5759481076593713,0.5380905278620194,0.568857450054419,0.5699653338676425,0.6724932603443439,0.5296838791280948,0.6448343340569405,0.49907857111485115,0.5369654079108768
406,0.5320221811036949,0.5687993210580841,0.5259905116194894,0.5852173047866779,0.5803419607048,0.6372199543607624,0.5618548431488536,0.6516518168431118,0.4984256762024403,0.5352196631020555
407,0.5525944850307704,0.5487409992561669,0.5083559412238989,0.6001546212481865,0.6140927509039408,0.5869457564709964,0.5736403499983522,0.6478811357027284,0.5050290278040535,0.5290887364610306
408,0.5781339198967252,0.5193929361918656,0.5027336763314592,0.6096395411356231,0.6550717613850636,0.5128539080887208,0.5759707122367295,0.6140555007570043,0.5175454982955621,0.5170477640017448
409,0.5880732011571312,0.5123404601927087,0.5606000244730206,0.563751073728255,0.6710025678232105,0.5015499380546112,0.6637624182509094,0.6129443779453336,0.5384631953909854,0.4952250112530952
410,0.5826264666649479,0.5204277910660909,0.5701172282394863,0.5525357463564265,0.6604755327789943,0.5148402893770182,0.6872717148466447,0.6247509825034039,0.5411996358208093,0.4951449937536202
411,0.5722785508926395,0.5337401787128173,0.582247364783865,0.5358168214503196,0.6404354164812074,0.5400718500988902,0.7127677324743742,0.6396758106043477,0.5433242065622788,0.49647190355362625
412,0.5555082578548542,0.5581879140683438,0.5899003035441124,0.5170603982514322,0.6064799803540829,0.5762910351021949,0.7296104523359289,0.643925810239443,0.5517802428232368,0.5008484712864946
413,0.5294189957506302,0.5811679667881156,0.5998004936913138,0.4983063101453254,0.5570627946093927,0.6295223449372287,0.6940841315866353,0.6381769318268328,0.5468302832454958,0.5125539452180898
414,0.5269022690139108,0.585546210424527,0.5984422029517228,0.4971498242132939,0.551405267595986,0.6344121441637589,0.6873157364256516,0.635648280508656,0.5492149654189169,0.5139489185208396
415,0.5121057060463846,0.5973272912816657,0.5986356672786356,0.49513524581478835,0.5208997571100135,0.6632134082047503,0.6349991985085427,0.6247281840169855,0.5409179779559236,0.5264613659482992
416,0.5053095504475141,0.6046245492724508,0.5914295933558417,0.5050895845969091,0.5015320688692705,0.6798558666360057,0.5784098027798096,0.620943922817875,0.5287517671986283,0.5411537591440196
417,0.5069485509780683,0.6075775089271355,0.5867673763793273,0.5076210061182564,0.5001344312297068,0.6759392325687366,0.5761665869414166,0.6221655238674584,0.5320623207779752,0.5418262197534666
418,0.5096436656513337,0.6092607772820712,0.5792531678354776,0.515533140176259,0.49904393469323705,0.6728514545828456,0.5655400207800987,0.6267243523991614,0.5293403253463734,0.5468718751883591
419,0.5505362678491451,0.5851558685389715,0.5295007673019566,0.5701401127346288,0.5500478772797662,0.607610326581913,0.5783849398396272,0.6691794424940074,0.5071949407738866,0.5660026694415383
420,0.5552121976979377,0.5835763583326223,0.5249239754263686,0.5748021126104411,0.5519897573009018,0.5932260490014685,0.5942227390662733,0.665746941287175,0.5101365530211199,0.5660281795785419
421,0.5570546540737841,0.5831393465915553,0.5232583176702204,0.5766001834816957,0.5520396922258691,0.5869628386775958,0.6016126071577912,0.663394691868675,0.5119517738203307,0.5660493035467535
422,0.5615309161553717,0.5796705008153896,0.5191793608664892,0.5804540252680992,0.5564377117989076,0.5762372769160196,0.6091392209240053,0.6613045311852267,0.5122602340067406,0.5670202271929081
423,0.5882534951305742,0.5425517513657626,0.5021230863633899,0.5959576107144817,0.6002075973131055,0.518080478354987,0.6044859290409784,0.6375929556554406,0.5053558339202712,0.5725919281419517
424,0.6029134187510112,0.5207652499683461,0.5289864251260799,0.5785172412739682,0.6220458864150932,0.4853602574019428,0.6264909982537228,0.6158975705617612,0.5289870606365947,0.5605469938732422
425,0.5985518966894127,0.524305687361983,0.5323905522327477,0.5758567970234306,0.6172926181364485,0.4888673387869751,0.6360129018818371,0.6179440379420545,0.5367280022033933,0.5633952398472348
426,0.5726341537859898,0.5624204308208385,0.5760541968711097,0.5272553556661649,0.5725437542577285,0.54714192412792,0.7193387807530389,0.6697004639501947,0.5665513894364149,0.533770492693907
427,0.5601775036868144,0.5745250087683339,0.5812196898858938,0.5163380093681251,0.5567667564591146,0.5654084643043602,0.7218055914190873,0.6700924053055762,0.5748142276238505,0.5293012526773765
428,0.5522371156917893,0.5834153666689111,0.5784474991434174,0.5126279529575135,0.5498468058536979,0.5737456303573473,0.7179901179329867,0.6631565077025384,0.5828979994219885,0.5303678288833558
429,0.5231890274771225,0.6015194588848166,0.5848878381225637,0.4985700208621705,0.5069785046551268,0.6121336674842616,0.6545352078779758,0.6349366695082552,0.5924447713458932,0.5271928382516383
430,0.5225099393007626,0.6054290601769664,0.5779307785507226,0.5049707513498998,0.4980746244592861,0.6169360101354792,0.6171379688296447,0.6233219702082393,0.5939403385956957,0.5355911124917825
431,0.5304902345939655,0.6057917641412266,0.568448144324866,0.514334464326413,0.49977557205518897,0.6124259581461261,0.604065793642312,0.6237930144619368,0.5934318566480713,0.5441690969341472
432,0.5601668640750207,0.593318453482558,0.5442197406983242,0.5411424695988549,0.5237543599296295,0.5907632033922339,0.6085189013398375,0.6475766056123835,0.5737463576149682,0.5685343952979404
433,0.5781542627358645,0.5809850882412522,0.5288446047513181,0.554863104581335,0.5422400286619523,0.5687953730087685,0.6221803323252664,0.6555070226486812,0.562477366500317,0.5783768892491272
434,0.6043352789507948,0.538106549204978,0.5034882463024267,0.5761097279753015,0.5862126096391063,0.5143367818345888,0.6211196487945424,0.6410716716426161,0.5278505820026698,0.5995278461044229
435,0.6056713181070925,0.525288904437297,0.5100365492403083,0.5728931561174481,0.6010541666118165,0.49272307775820934,0.6153593093506635,0.6147653338940642,0.5276635126479451,0.6085075236537633
436,0.5778018035945213,0.571980785440482,0.5467854286078118,0.5371149168057849,0.5722051354560775,0.5342760337282978,0.6824266650774876,0.6542356448973196,0.5702757983776453,0.5856088837449952
437,0.5680058765833818,0.5815827968285511,0.5501484541279964,0.530860842170619,0.5637370224282877,0.5457336377102756,0.6894736207060558,0.6565714185633704,0.5793366184575235,0.5810419094008021
438,0.5496291406432227,0.5965305016027604,0.555351798330826,0.5197355207037286,0.5469810131672193,0.5652043586604474,0.6935575018058532,0.6562680920237027,0.592973481935778,0.5697329671631844
439,0.5217904021377313,0.6151804432180156,0.5510381729903043,0.506619839736403,0.5222046386246584,0.5895830210968492,0.6677830312988017,0.6334042240382947,0.6126719177371658,0.5549082062330252
440,0.5158544590701202,0.6194851233599084,0.5443869023812149,0.5049232983496816,0.5174655911528651,0.5943179217733121,0.6545998686617498,0.6200911633755188,0.617684534028956,0.5533955377876114
441,0.5514789655489483,0.6071198555202179,0.5412069738947349,0.5033108170971569,0.5118793538368401,0.5973529573146716,0.6197943893245697,0.6041256448836612,0.6288847144972681,0.5555575657498737
442,0.5619880892291267,0.607261280747501,0.5347688312095628,0.5043524958611817,0.5149451759016366,0.5921173220525789,0.6233641510757678,0.5986157035728247,0.6351711717492973,0.5529072816869639
443,0.5840866974934121,0.599174626750938,0.5289490676072904,0.5082818703320723,0.5263424859532921,0.583256934980283,0.6309410065521421,0.6010051097625744,0.6371020657581393,0.561706544631155
444,0.6208560743413124,0.5740591242954858,0.5181315838186301,0.517493379348595,0.5529315371900909,0.5584799612723634,0.6474431362895343,0.6100450743142383,0.6275223222319423,0.5816377420252634
445,0.6381449885519174,0.5324958941735358,0.506420571599627,0.5285673279264914,0.5827794672436848,0.5199056714713619,0.6412187204774206,0.6183377410371815,0.5807562687796054,0.6092376256681792
446,0.6403518469597577,0.5261123497914414,0.5046452737591692,0.5302425362286488,0.5874271682127967,0.5101603132452834,0.6360930733659792,0.6133063357401416,0.5735970009328413,0.615175488466361
447,0.639832407396247,0.5228701630538171,0.5037731579013021,0.5312561580776566,0.5901392855827524,0.50443566653371,0.6294099022601477,0.610610894245758,0.5660108241292455,0.6228486558057668
448,0.6407020909866334,0.5221652203935728,0.5038012584201632,0.5315486159132872,0.5909490189640446,0.5023038326733269,0.627168451454818,0.6081561493915104,0.5655281513923619,0.6268491327522092
449,0.637089369774017,0.522831145066875,0.5036608057895323,0.5318872035491419,0.5918544344375094,0.5005334468726425,0.6191393324913186,0.6079483319718842,0.5572813062944573,0.6367747007643776
450,0.637861481182914,0.5233017058146653,0.5042886737315652,0.5320311023813873,0.5921285502489937,0.5002619587585976,0.6164017564898848,0.6056186847079983,0.5588753178647551,0.6435203458768068
451,0.6317556121358866,0.5291927289639318,0.5055582504082571,0.5316930413304892,0.5911203579228167,0.5034668376426474,0.6064963986614184,0.6060498736257801,0.5542565271473929,0.6610865102215113
452,0.63191498220662,0.5314574177074283,0.5077531876229334,0.5321790963963623,0.5903205656130505,0.5092538891904691,0.6011888291719407,0.6020049596819352,0.5623799038759516,0.6777905647821826
453,0.5637093759173413,0.5954940856292371,0.5181449831310966,0.5221367519222302,0.561386928236626,0.5545084515109274,0.5802005338675099,0.6229484975483298,0.5646946986918404,0.7223789790149011
454,0.5419354874192791,0.6076647126601277,0.5204394183725607,0.5195581572393179,0.5532555386991171,0.5692173925242447,0.5740470729800249,0.619559859968509,0.5787830257872383,0.7257969906673587
455,0.5386517735382641,0.6089902388823246,0.5207531491515798,0.5192406912661534,0.5521418133519259,0.5714898963640787,0.572770990727955,0.618276807554247,0.5812674172182829,0.7262140702230411
456,0.5200306596961873,0.6120679844685418,0.5226471214654527,0.5179694165341008,0.547644002713654,0.5861323038863884,0.5593428593104192,0.6032236205939178,0.601606075492149,0.7292729476442107
457,0.47844871546813533,0.6330575920338075,0.5273850088744138,0.5128090124725846,0.5240399980356503,0.6040496490805572,0.5616406137304109,0.5992557742376374,0.6058471882436071,0.7004968297265991
458,0.45289374249056147,0.6438726632228181,0.531347227353235,0.5078160024631303,0.506655855089427,0.6158992565270326,0.5808370842249747,0.5674888780527146,0.6415213068678439,0.5508215934620813
459,0.47484190679367355,0.6351174189446287,0.5282730917475669,0.510652914813768,0.5163879799879213,0.6139548116361874,0.5823146569005214,0.5550831943128675,0.6558559246533897,0.5261697703899614
460,0.5398892489291013,0.6029236288427753,0.5210360143533819,0.5186451104732941,0.5505739208132716,0.5912852297792871,0.5967110670883315,0.539495532437733,0.6872968984797312,0.4931245993945228
461,0.6302891214138875,0.5451953326810284,0.5089490415357989,0.5375357784379764,0.5899966126971717,0.5409508216458423,0.6115199127492781,0.5251905493273392,0.7067824373397966,0.4675723249627281
462,0.6686056767494691,0.5041583697349303,0.505360732475373,0.5437839553800152,0.6138658803069377,0.5003388674563598,0.6048915785488196,0.5364121304298362,0.6651952336948542,0.5279273848275391
463,0.6754198118877938,0.5019093232949272,0.5056787667581896,0.5482648215022924,0.6136238766103155,0.4970796586613795,0.6006065596478372,0.5333331992287763,0.6595199688318273,0.5399084677982278
464,0.6544697990827981,0.5215523397399577,0.5158668422122351,0.5427272816840991,0.6142964242061103,0.4982316763945907,0.5684307952019483,0.5574880159847727,0.607026276681733,0.6564826224506805
465,0.5284748301957969,0.6144981545723066,0.541112993507422,0.5188961857289832,0.5736809618141853,0.5544889133779701,0.5140310878180949,0.5925216284165218,0.5717839988127691,0.7616625935140191
466,0.521230324565259,0.6154470621430637,0.5436395799037275,0.5185196194555298,0.5708225098306401,0.5581580099438164,0.5112317343943245,0.5903768457016514,0.5752471062869225,0.762301237308191
467,0.5017375096565132,0.6223611515546454,0.5478033887862548,0.516043235693251,0.562990134028359,0.5666345614138022,0.5064539289359825,0.5895837676099869,0.5784732594237507,0.7603167628385288
468,0.4623502641530037,0.6369408337881255,0.554017252419349,0.5104295434675942,0.5463182462686333,0.5825803084083069,0.5007892760920127,0.5895250717369835,0.5827406085260254,0.7447156626170028
469,0.39138511921768704,0.659735486662065,0.5598043478869232,0.503608936512271,0.5105019059938746,0.6131697346798374,0.5076831340669374,0.5817063975942344,0.6054693954299328,0.6473425142597666
470,0.3887033614210495,0.6573168277871558,0.5587756668001518,0.5066900384712415,0.5045927494808042,0.6207633730858242,0.5183268796377065,0.5702310910430197,0.6256753744806722,0.5892514924946676
471,0.4257575410900374,0.6384068210834201,0.553052848594617,0.5194182216039037,0.5104924966605661,0.622704472722115,0.5383744200160366,0.5478445000798327,0.6591731764208546,0.5078605318394898
472,0.44498257052299034,0.6274255934878353,0.5512987916107781,0.5251456606795444,0.5141294620869808,0.621818652150752,0.5440605300395364,0.5405178290451703,0.6662950280578105,0.48609207769316537
473,0.45218778047068386,0.6220557759794118,0.5515635644889878,0.5273765267416399,0.5148336028542634,0.6220216822680344,0.5453334651851973,0.5382101085498966,0.6667959838552996,0.47876389266734776
474,0.4651218483116692,0.6075229806480257,0.5560067850076325,0.5316991774305084,0.5134422791233619,0.6245768002879697,0.5453389504016676,0.5360177294665274,0.6602403557445162,0.4646624663079693
475,0.5216137878609642,0.5768772247338052,0.5406188944729097,0.551503648213079,0.5289093500183898,0.6111093678110067,0.5628416164781193,0.5204882804407336,0.6770660911559533,0.41866060987331943
476,0.5387291485286356,0.5651572038750223,0.5359845903523552,0.5583505975538857,0.5335485967459789,0.6057743583520061,0.5667756681091555,0.5173066252174975,0.6788908516572968,0.40597047883211046
477,0.5958534089161112,0.5229456353926538,0.5113907899909678,0.5795039734525369,0.5617826470781366,0.5719829524530304,0.5780894840675121,0.5046748306698002,0.6835755312193145,0.39570191978535485
478,0.6344611420200874,0.4958658950214725,0.4930227322283747,0.5934568472928142,0.6072945734677054,0.5048875975516305,0.5672054396042562,0.5089909196386175,0.6406873858395872,0.4869247538099775
479,0.6343237699261195,0.49927445852447333,0.4949108683939253,0.595784490755923,0.6075830333953457,0.4999695312594681,0.5624442867777878,0.5117593361140345,0.6315411168712796,0.5037013917950282
480,0.6296809099013945,0.5069150488694438,0.49978853471053986,0.5966428971726982,0.6086924099517235,0.4937410840362929,0.5551353672449585,0.5162532044539399,0.6184154276741575,0.5340063189518635
481,0.6016059346139706,0.5322253282917317,0.5181484076745666,0.5900751675324379,0.6108435604258181,0.4863442787791334,0.5379842899566569,0.5281048107493798,0.5931545444912479,0.6076307343305776
482,0.5899934606399313,0.5392504431286518,0.5264851965273759,0.5905265220874408,0.6051959405562745,0.48772259801854106,0.531810434035951,0.5294046191691344,0.5874586061554891,0.630064440578759
483,0.5761965492525455,0.5456511320097354,0.5360290627908675,0.5900887891803731,0.5990095395271519,0.4897773877534468,0.5260058191400666,0.5301510927232379,0.5829463190995492,0.651433090551202
484,0.3937219144590031,0.6073188151710756,0.6085090860504787,0.5251736126256912,0.5664846105025886,0.5308929479469751,0.49031156930999403,0.5538127518920543,0.5642802888889894,0.7097454884401404
485,0.3336991508295812,0.6145244624292496,0.624506792191952,0.5005016788558092,0.5327466272577186,0.5738655746766816,0.4923554066536707,0.5536196750996707,0.5886081212467673,0.5994023976640995
486,0.353580972432661,0.5911291320116014,0.6282964745189953,0.5071401003068965,0.5224840874921128,0.5862621848296068,0.5035851767680928,0.548603895737421,0.6021588639550701,0.5317988696670534
487,0.3618162744368958,0.5773175018450728,0.6325317830884298,0.5083269228228307,0.521822638358448,0.5862544494487612,0.5064790335264251,0.5479297667954868,0.600122499333942,0.5235942052182085
488,0.39480703275105405,0.5534903428324022,0.6287738680617247,0.5242013594015269,0.5159891969647035,0.5925192882669637,0.5164271231121268,0.547291525626262,0.6065454304638368,0.46907231779474734
489,0.48103238556247974,0.5131353395985713,0.5788086241480694,0.5843630702532008,0.5152732980403651,0.5921299536136648,0.5375134423175578,0.5425957253205672,0.6297755145158637,0.3733607377024204
490,0.4903533585614169,0.49672404964806777,0.5790792002229099,0.5914704102173511,0.5124252008355499,0.5914281157707636,0.5380126839637536,0.5522568866291022,0.6133674874790358,0.3537804122575776
491,0.4951491700183763,0.4904627934458419,0.5768486523583788,0.5953557798904029,0.5116797007380836,0.5908922434861332,0.5385067378833626,0.5557085393799607,0.6076047440232838,0.34643194179508296
492,0.547115357834076,0.46552380034911667,0.5078146285834308,0.6367804784793042,0.5229797421720526,0.5730779462059497,0.5460846011362019,0.5527610133345611,0.598081290151394,0.3421175166489816
493,0.5485920275508331,0.4641343452432196,0.5063979799807988,0.6391299888648903,0.5209016838992502,0.5733844519007413,0.5449612450313247,0.5563941985835272,0.5912147523482502,0.3374186449858281
494,0.5539069939739021,0.4625926565409477,0.49651012437135766,0.6444635692180244,0.5212893701461752,0.5706813269657525,0.5443353163647373,0.558163735081632,0.5827519287821372,0.3394784990066271
495,0.5617832189953093,0.46370718593185595,0.476605697597981,0.653445921451759,0.5241053237058293,0.5637383972561059,0.5431578492947606,0.5577931986850554,0.5678363835918223,0.3546692079655314
496,0.5642169712625787,0.4635038487824121,0.47588842039228163,0.6602141196784689,0.5130290628624657,0.5684813154172373,0.5366820744857649,0.5716443987881216,0.5406410097865881,0.3408128827092684
497,0.5651247404153426,0.4657561569782077,0.4684472332696288,0.6634954349880016,0.5133617031240525,0.5665568774968127,0.535478750740202,0.5720098488988182,0.531090406682793,0.35124173005119225
498,0.5641029971805246,0.4695624058933155,0.4613084463181873,0.6666411031986621,0.5144374403480111,0.5639321425328525,0.5343368958320578,0.570876878867421,0.5210385552972057,0.3661341573735757
499,0.5570800652297813,0.4778364606774062,0.45463137216156163,0.6697710698469777,0.5185026174018598,0.558188750643339,0.5337860542455937,0.5649081611752256,0.5087486630391275,0.3950243648775932
500,0.5306600380328292,0.4950225414588574,0.4601288087866324,0.6709862023553376,0.528597129307347,0.5457187956754703,0.5351881383283548,0.548335976796493,0.49245029219386843,0.446345410730164
501,0.5196758300656963,0.49964009439805535,0.46615184571924095,0.6723209335574563,0.5292101395323263,0.5431062237715103,0.5343919689351224,0.5435757063552972,0.485286662290122,0.46019932534582186
502,0.5148766758766381,0.5006945851561291,0.4694657394723065,0.6742198040598163,0.5274422470429849,0.543205071627855,0.5328189547001977,0.5422027862103971,0.4805420080127619,0.4653106176886557
503,0.5072219405720524,0.5010351949330292,0.4756417634580084,0.678050314424844,0.5235145882898042,0.5442844185495656,0.5293744853957785,0.5402361119453504,0.47250224721285405,0.47269241158215075
504,0.47577340109437133,0.5092398198732482,0.5003338917857119,0.6737267951873288,0.5295757083724524,0.5363621339918121,0.5314593154938327,0.5259769181959187,0.46353323973004146,0.4964508587536493
505,0.35454328436380195,0.5285530356950996,0.602818827720253,0.6268750019532859,0.5533988237796248,0.5039612327415203,0.5465492304959755,0.47790194118567264,0.44970948163388436,0.5271701925839481
506,0.3547760800827608,0.5104487295370029,0.6134649110292422,0.6305471073452208,0.5470673263205321,0.5068045396464668,0.5421004241380019,0.4740999589766054,0.45132796764936234,0.5264190545072969
507,0.3535453910165392,0.5032027876993321,0.6195669174082973,0.6304619377779024,0.5451000701458628,0.5074234611344787,0.5404599935489356,0.4718678171070664,0.45197809866178695,0.525736094641375
508,0.33629880491258324,0.49653613775105826,0.6431936063832081,0.6151453494411393,0.5469634407911049,0.5026291647093248,0.5414060755619323,0.4633336654893674,0.45240585638911957,0.5205232028644929
509,0.33138628840403894,0.4880769793974683,0.6550324953464056,0.6089737621405857,0.5464038575513047,0.5014341688694602,0.5405425662701305,0.4592118743422533,0.4533969720416663,0.5172486044296855
510,0.2744904022437969,0.4772717480525396,0.7284643626250127,0.5046604765800137,0.5588743790077437,0.4776533794513389,0.5480674565425735,0.4397968326187936,0.46585594363264476,0.4389592404937492
511,0.2973722927372138,0.4584109587166208,0.7316951202506339,0.49228012924304293,0.5549189283896034,0.48256899662371616,0.5421100207728815,0.4602816009561312,0.4835162549094504,0.3463363501447052
512,0.32188800580265964,0.44230381845032885,0.7218406238281774,0.5157753716819955,0.5505245786324947,0.49078805395343994,0.5375079636550428,0.47757382055855524,0.48582281383425074,0.31394242054317406
513,0.3368117262698898,0.4128710366989357,0.7195709810143941,0.5270687079684829,0.5517131210951817,0.49506222064667815,0.5368946187702127,0.4897948693250573,0.4756095050663822,0.29760846307752575
514,0.3434917036425749,0.40160933214130634,0.7172768234798915,0.5335034758430636,0.5519542431650111,0.4972865336773047,0.5359575969353011,0.49625311112102066,0.4710183496858267,0.2908493262722883
515,0.4228139764799276,0.3905509268981107,0.5929425503585305,0.6641284040167645,0.5266989671646235,0.5363753787192291,0.5114278155040635,0.5682324715805299,0.46024857990725887,0.27215775146127147
516,0.45270157567667013,0.4098351404104164,0.4223356245786057,0.7222317361683109,0.504495683918948,0.5650750516812655,0.5036423835253256,0.5897834650817488,0.4431761114775761,0.3421432144367784
517,0.45198440707131904,0.41114200314159666,0.4161894967155179,0.7215943284893489,0.5072235811792385,0.5670443240981546,0.5026811214017788,0.5915677197137648,0.43635370018945474,0.3456211135880539
518,0.38558655746357534,0.4298513280915094,0.3953456272530395,0.7249431143567431,0.5126181777387694,0.5780644788888731,0.5289171604974686,0.5280325841164785,0.4154884900924132,0.4427194875719094
519,0.3318203602146549,0.41992761852410354,0.4942839428125415,0.709020793104819,0.5303985466359061,0.5733591984768577,0.542783976994379,0.47315834690099223,0.4084984790470061,0.4576213424754221
520,0.27834664205574594,0.39968347156585404,0.6565088508018846,0.6201551780238385,0.5567291441879146,0.5461439271699562,0.561578503941715,0.4095203376487464,0.4101282236644586,0.4233886647222846
521,0.27397942569799333,0.37948130578118294,0.7218816121695644,0.543893129574422,0.5671001658042688,0.523458730934193,0.5626113273893537,0.3948405674222475,0.4172274568245245,0.3787581276451913
522,0.30224985445334945,0.3558219658370296,0.7510798301784813,0.488168103579724,0.5733525018013137,0.4965894872493256,0.5510068346722079,0.4227411698703217,0.42742944733580923,0.3068477127578458
523,0.3120481444237619,0.34301110874023827,0.7505037061185329,0.49198222447633233,0.5738112676955238,0.49523185031862454,0.5455507821957212,0.43421512085829467,0.42585414368107816,0.295011781888599
524,0.3166889088817018,0.3267368443073535,0.7515435993815905,0.49329397206708103,0.5747040315600292,0.49628181456826814,0.5419254456159776,0.43908704884117317,0.42059996843095665,0.2900350136470555
525,0.3272110575254737,0.31170415125287515,0.7483094679112099,0.5031541458813397,0.576160575214756,0.4956609279640137,0.5343750909112853,0.45550071809412324,0.41528604863505686,0.27901771079162
526,0.3301538034293188,0.3030994465096419,0.7475825487615682,0.505814754716099,0.5773477171697255,0.49617276468353916,0.5315376461164439,0.46070312906010025,0.41074678416265137,0.27568640337121997
527,0.3333584990513387,0.27792121095378747,0.748652090336932,0.5051413489272129,0.5815261103098102,0.4992586754408878,0.5257514233064647,0.4672708335711942,0.39316779272679453,0.26925082379374665
528,0.35856017534197593,0.3055464521813608,0.5948577975649872,0.666906543081385,0.5765293655412075,0.513636548121469,0.4836630398174004,0.5649086138435722,0.3849021869012035,0.29108061101255556
529,0.34626493120969676,0.33550290494029694,0.4262868944834492,0.7177030945260724,0.5639833194491006,0.5403649579503017,0.4833165906198877,0.572884233082007,0.37462687509341003,0.3323817191902791
530,0.32353782931212427,0.3525996730760522,0.31705913649612716,0.7283976249176278,0.5532681851647485,0.5644479042641852,0.4949921096088854,0.551712376075121,0.3667539346691508,0.3634750098367274
531,0.2974062221694131,0.3582751302372713,0.27660595296210955,0.7318441092437946,0.5454960815019823,0.5886238220568246,0.5112958960983901,0.5117878916769258,0.36190249765012766,0.38324297125292955
532,0.29000969538952537,0.3574579199441539,0.2799927560965821,0.731583922964651,0.5475432360521553,0.5973440346116021,0.5136602499044892,0.497188807690696,0.36054756638541013,0.38626252119265314
533,0.2864115779492336,0.35589812335220955,0.28534943281229724,0.7306047499658127,0.5506976290607661,0.6033992486398911,0.5129366012393488,0.4886046069638507,0.35999345963046275,0.3871111287257961
534,0.2789748489352457,0.35022600918348556,0.3094343365140935,0.72855844704774,0.5535203027539495,0.6173400025059734,0.5142028621898069,0.4663605297162467,0.3603243053264213,0.3866683254496225
535,0.2794538592277717,0.3445848316929608,0.3192977278442071,0.7251813467092576,0.5603725591291632,0.6252470900343685,0.5062316903029205,0.45933009868570723,0.3618191051939384,0.3855197620714838
536,0.27747899141493704,0.3356492759610502,0.3517370193325393,0.7189594119912891,0.5628040977927775,0.6391735685930767,0.5037494435312144,0.4423193125484847,0.36396725067978086,0.3809998805623067
537,0.2756409965578111,0.3128409896414782,0.45765829893565513,0.6936636416198896,0.5627488583179652,0.6672294510287622,0.5067098715165248,0.4017313316052765,0.36863229554012755,0.3616219147451161
538,0.2771263767892861,0.30495758825524794,0.49027951057731034,0.6822034433369444,0.5636674424797841,0.67383311179227,0.5060236405753005,0.39181724053180655,0.3703140578562264,0.35456219023147917
539,0.2864197623988858,0.27574684662820725,0.583981172426729,0.6392287816773463,0.5680298885828445,0.6875964224323105,0.4967354042582123,0.36756169959023216,0.37568827924741516,0.33107069355903146
540,0.2984390964054894,0.2475219683064491,0.681012010684248,0.5688345554523331,0.5756271546491358,0.6772176767966046,0.49184421299132464,0.3547963198893153,0.3793532850616107,0.3021787294871899
541,0.3085071542100518,0.2243135934793597,0.7233266659755363,0.5296722080395182,0.5821805750884312,0.659049046358089,0.47566030607493553,0.3580258679150788,0.3793578520381977,0.28632923314273195
542,0.31384923861050085,0.21424298803658484,0.7430105901292332,0.5088761238182656,0.5887187106992395,0.6365034436423536,0.46626717650251615,0.3664166953019623,0.3783090090407,0.27947158028382313
543,0.3237038608473887,0.23572351943916808,0.6973472034726728,0.5586598647340871,0.6395776558296199,0.510542142597787,0.44237167183767706,0.42845465154362566,0.37171985424933446,0.2957851551608138
544,0.3190839929469296,0.25071248791957496,0.655608797061399,0.5835299741644268,0.6628271135427865,0.48991166979466955,0.43396430062375524,0.44433986233098993,0.3628417145114447,0.306692732877379
545,0.29751827207259285,0.3034147925361589,0.4400777227579166,0.6723170716179716,0.7059483853868161,0.4630013832114544,0.4236467838836061,0.47218291129071677,0.3512002148138453,0.35267791174326335
546,0.2888719477237631,0.3140896522854788,0.3805969142468165,0.6771900633947214,0.7123739605140761,0.4704142737469316,0.4239162787925311,0.4723654426130748,0.348319762299988,0.3611903525125672
547,0.2691230931485394,0.3251304342277851,0.2449078103969451,0.6884492321878256,0.6804816869929486,0.5287984245423106,0.431747411963303,0.4521474568823459,0.34780725978928273,0.3703588985732479
548,0.2682370356369928,0.3052173488767303,0.2683865608758847,0.6808656128572841,0.6091407224281384,0.6540971371838505,0.44702230563346756,0.39860236283367034,0.3551636641542786,0.3442091749722639
549,0.27276287970943464,0.2981705683004258,0.2855692592622426,0.6699230340573143,0.6067927780576206,0.6717589018965582,0.4400555157408431,0.39157466120185824,0.3586343630047586,0.3385485448382733
550,0.2773709752033311,0.2911616475748646,0.3011936924610704,0.6586585494788948,0.6051108568874181,0.6868699469342737,0.4323350204655287,0.3863502586588058,0.3619815100563647,0.33359757472287677
551,0.28311592208794784,0.28129139505855494,0.3270201799330293,0.645490807899718,0.5991323399688435,0.7087551026476333,0.4248610004279707,0.3796303807234,0.3657119623543761,0.326216751233256
552,0.3044907261159803,0.23150182652063442,0.5170377464847298,0.5836359871243832,0.5571673847347598,0.7973579608732815,0.42157051332321693,0.3514937719641974,0.37319287575280147,0.2851993703209265
553,0.3100753454846069,0.21700530419346256,0.566514356001538,0.5588246464990554,0.5551007992869863,0.8027984882825595,0.4144805830154224,0.34869616696987893,0.37427241080884177,0.277482141195948
554,0.3148550626780228,0.20248699739419312,0.6214948378321773,0.52663116875777,0.5609120128585801,0.7897272209259024,0.4033914032057334,0.3495784618899516,0.37367963511920194,0.2727784457363958
555,0.30172978541539003,0.2607454950220847,0.5594978137978072,0.5570845468756279,0.7361073749055486,0.49229257996649883,0.3872326911700275,0.3927640540508728,0.35676973535308043,0.34117161686780895
556,0.29576835988055583,0.27226690415365806,0.5312146267789545,0.5624847088506937,0.7562559416109027,0.4713288865682884,0.3851736121873668,0.39618135604047144,0.3537041870736876,0.3483004451050684
557,0.26725945344862156,0.3203205528801227,0.25598520224345744,0.6054513576597962,0.792688716800277,0.4408319056472646,0.38154355825262226,0.39719491463511336,0.35078159869267506,0.37208908262999724
558,0.27068969024135575,0.3147971893310407,0.2126341427246472,0.5819532728727589,0.7501168806103756,0.5191304497500986,0.38070458421638226,0.38717065914183485,0.35764806586152037,0.35607129883454963
559,0.28014851723185025,0.3016471725257974,0.22083618951731546,0.5546194119300826,0.706399821974119,0.5965217090922763,0.37749849112627765,0.3793236657109005,0.3646998267700867,0.3384696578153117
560,0.31394388774741355,0.22863329253022457,0.41669502920375734,0.5101090376843216,0.518883351061522,0.857386864808183,0.37981525391987514,0.355654054191256,0.3780833409027667,0.27614173323656344
561,0.31898766609078866,0.208582201922489,0.4876609804921822,0.48376649848434367,0.5010692431238989,0.876181590721509,0.36133019794942567,0.35319405466408044,0.37826930465169817,0.271254154357338
562,0.301229249617808,0.24944619820342187,0.5299613366128272,0.46053819748551966,0.6877287408756144,0.6318261176483686,0.36206959707151654,0.35959938775014433,0.36216770346488086,0.33845291051965
563,0.297807087062612,0.2540755589012783,0.5277937806648341,0.4578045917016588,0.6930470605410495,0.6274008030351618,0.36130260081327426,0.3599195839851075,0.3611095507042033,0.3399833706883077
564,0.28765908946856283,0.2723715419251562,0.5022453391766026,0.46388953412049394,0.7476002675682134,0.5640528939583119,0.3609765047681283,0.36091125596992796,0.35685907025138375,0.3540745459954954
565,0.27950016952352347,0.2856650751229528,0.48076004754292934,0.4659729116520643,0.7838405492964371,0.5212356115566911,0.36111127587754516,0.36126751993717926,0.3541043458548499,0.36259094180345103
566,0.2634532707530532,0.31111643522456606,0.4126923107835256,0.4743515877304155,0.8569713427061402,0.42443118882523256,0.3608292126848238,0.36068790218704594,0.35003774865974174,0.37660916562031205
567,0.25981014027465443,0.31754548322915405,0.3977637188548768,0.46753759732427697,0.8705091033708721,0.40840667331085606,0.3612728368975851,0.360393443979901,0.3496587951922145,0.37790291726126785
568,0.25618218248616204,0.32435203601069695,0.37497608909865,0.46193690597470904,0.8848304181860532,0.3883811976442816,0.36120691937965166,0.35975961351348845,0.3496461445770131,0.3783158104309429
569,0.25439153035849704,0.330347080629458,0.3373191352791768,0.45819226701394333,0.8927859119080201,0.37221635228872096,0.35973065304142676,0.3585097996486068,0.350972270727575,0.3746422095254903
570,0.25476101580888083,0.3332281067044906,0.32745443540755886,0.44678917155105646,0.8955747371019254,0.37109174814326334,0.3593992878410728,0.35813620663851675,0.35181419550267856,0.372635326115636
571,0.276895722687953,0.32270773429283583,0.2567413880487256,0.43972946892168796,0.8153432883171566,0.4842877949920409,0.3500386777831575,0.3559997370698141,0.36221228135068373,0.3353648241249254
572,0.28521058877076383,0.31777122287104503,0.2504907417313101,0.4271288660528534,0.7878313157990549,0.5278999614433434,0.3468832118836239,0.3560184056382576,0.36488050920022075,0.32513846867570806
573,0.32863740582394213,0.26544783239242287,0.28153697527217614,0.41285851159831477,0.530624028938602,0.8408981389592394,0.336913571508566,0.3583921265528052,0.3768627063359871,0.26592407872361795
574,0.3347793983134494,0.2527315523479258,0.30158121724948816,0.3880435823798238,0.4795061412820776,0.8831712834907678,0.3359407663900015,0.3598018835963458,0.37395231721129263,0.2624658933858947
575,0.3362275316551678,0.24704208050873624,0.3163121003672948,0.38149857251935787,0.44461961087182583,0.905789170819427,0.3388806795748135,0.35933634502227557,0.37278824476274247,0.2636964655883495
576,0.33600083101097317,0.24318271873853586,0.33391121557513265,0.37549056874571757,0.4116613795320572,0.9210623357704084,0.3438701896378222,0.3581224499082959,0.37105054382239344,0.2684787572707563
577,0.33191335484913426,0.24432418436044906,0.359775575213111,0.3687501690773979,0.38824009160484774,0.9190551499942273,0.3525234544409637,0.3550376787357345,0.3678649453995031,0.2824456170228979
578,0.3252562326326202,0.24996916775532954,0.36540114669210816,0.3679446364370222,0.3893897932134012,0.9097512325244533,0.3731187661117661,0.35466585157060015,0.36439848094342636,0.290536456358468
579,0.3142221425666549,0.2610741267209478,0.3823078339547299,0.3640793499990806,0.41706558574928776,0.8764478472550328,0.3860747220586353,0.3495747593779723,0.35993035705913573,0.3115049465765624
580,0.3098693738687432,0.26565250774387034,0.3842780146172794,0.36448018094871343,0.4257228237273204,0.867744759997805,0.3955375569678604,0.34892779513530997,0.35870329860831063,0.3163531601446386
581,0.3059740260873516,0.269769936954677,0.38534946927349195,0.3652055200916761,0.4319009663072927,0.8612801336863604,0.4052416823416862,0.34852001818132966,0.3577250126217926,0.32001101103345386
582,0.25854282027930625,0.3199655687537823,0.3814502846676429,0.36030357569617893,0.7351609737522848,0.6289316356777682,0.4244546491544466,0.3548290018821304,0.34807153142950953,0.3747337507721583
583,0.24865724986961935,0.3350302196719161,0.35786868256415205,0.36073246574016554,0.8554282053715346,0.5056773910236435,0.42428225195466535,0.3738714331577414,0.34936564460370845,0.37734211783082694
584,0.24737608937604627,0.34058586393438656,0.3537254815420045,0.35330741952275796,0.8677762204833701,0.49128953890827015,0.4285485852626191,0.3765497700189041,0.3493871413875214,0.3767149712527511
585,0.2500762067542873,0.3465634791604131,0.3409065613238231,0.34709426482076083,0.9014955199158327,0.4427503311942724,0.4277399620634128,0.3892205289961873,0.35074487867043586,0.3709308383115426
586,0.2512291570881744,0.35068074722835824,0.3384059377105565,0.3395425350289304,0.9069445885974216,0.43393153744234175,0.42994478777777695,0.39133941973280345,0.35009377342574644,0.3696354452128936
587,0.2756746176550591,0.3461842358582896,0.316773706966996,0.3375118487026668,0.9084564445834284,0.4108519759708732,0.41612065940771303,0.41990511229232463,0.3550175374258948,0.34389229902884616
588,0.2810117446224478,0.3476576269501703,0.31407531398171157,0.32830015137652974,0.9058049421877115,0.4124570256387702,0.4143736069400824,0.42260355631432367,0.35268036416778503,0.34019275239389724
589,0.28517462557108275,0.35071043126730317,0.31289361083877926,0.3181236000554455,0.9057683584997877,0.4102251080443901,0.41374982332376614,0.4236950803954409,0.3488934359980788,0.33871762114599857
590,0.3291545327939376,0.3270740351054004,0.29875943020103585,0.31127802538905747,0.7957423965090759,0.5600615662207958,0.3940149379771975,0.4375787930643616,0.3477176722328799,0.3001062480803841
591,0.3474700416024208,0.3140568751699817,0.29435985854656344,0.3042217935050937,0.715466348786018,0.6577510999005105,0.3912751349629006,0.43324136356158416,0.341312190781238,0.2860893869376642
592,0.3537687320520416,0.30829065559719354,0.2931570648152643,0.3028325525391081,0.675709287143891,0.7003951768143879,0.3909071588973134,0.4284486855193378,0.33932081514705464,0.28139837038134746
593,0.3626642407279081,0.2995072079998306,0.29146196652454975,0.3003582239131389,0.6029408997236575,0.7677352618645638,0.3942036220396935,0.41774796479026577,0.33505276283712027,0.2756966271854314
594,0.3652787635245513,0.2986483011702143,0.29119316843609805,0.2958287299788107,0.5904711985464001,0.775636986981856,0.4065983022038415,0.41528573242935185,0.3275926989508739,0.2781307811202569
595,0.3690770747331453,0.295388228942192,0.29077802369208317,0.29349508265325575,0.553180465725353,0.801681646325675,0.41881311931921816,0.40676953013557615,0.32148409489514296,0.2793823137174021
596,0.37116151590986235,0.2935855232519421,0.29059840207538434,0.2923342532081308,0.5285184235228528,0.8164873073018613,0.4285442287319762,0.40016415363838176,0.31737112996930295,0.28096707306307955
597,0.37594560260338084,0.2897565052106829,0.28998848492546475,0.2917444962310782,0.40824532304083344,0.8774096962952854,0.44760822924973737,0.364377768082095,0.31061087452295383,0.2846558059488153
598,0.3758678371639781,0.2901217022020037,0.2899193214295345,0.2911920468586995,0.39342569945160916,0.8777520825894082,0.4624879196262802,0.3589785298475437,0.30756337391019634,0.2880108368676195
599,0.36877563802668956,0.2998000939027134,0.2895670942862872,0.2907454374389022,0.31445450245173634,0.8650842414369267,0.5383907911082887,0.3231571822513991,0.2984680700177954,0.3074233735305686
600,0.3491404894912491,0.3271999715404758,0.2892786994292379,0.29087583953349394,0.34007669645397276,0.831226924447301,0.5519841304137302,0.29973838625216287,0.29727119875240093,0.3258957974408236
601,0.3380313804917576,0.33796640901548314,0.289197181680766,0.2911107967671647,0.38898907740648747,0.8061132790312012,0.5584123246587235,0.3077965505363822,0.2996719750132429,0.3327336564411986
602,0.3279540199187599,0.3454372938348947,0.28908547661765727,0.29190336306258535,0.43588249669435625,0.7811377707122436,0.5702407748980032,0.320339603932084,0.30274774626444906,0.33837790777961846
603,0.31690696544665425,0.35266793396806123,0.2889743875209648,0.2930480145959335,0.4944753221412123,0.7518263788219186,0.5790394605307609,0.3403278166071452,0.3069089630859454,0.34366291122342985
604,0.30974488575511405,0.3542907961970747,0.2890083172747744,0.29818850914121625,0.5119707856519121,0.7287008809141106,0.609803528614206,0.3491271936960424,0.31007542255019926,0.3485168126598446
605,0.30750962969966095,0.3546561406295554,0.2891146755501696,0.30039068245144934,0.5174326347269955,0.7203605556110132,0.6191669800026834,0.3522480801071705,0.31118387592454627,0.35011273574479707
606,0.2994576539695077,0.3580830131017642,0.2890247100878233,0.3046871343829604,0.5626208240636159,0.6914236155832052,0.6270898863336731,0.37625522912558773,0.31549859924950346,0.3546717180589001
607,0.2927804237467691,0.35991964222942757,0.2893079912241311,0.313782410062254,0.5996305023874263,0.6590915903874249,0.6386237881743289,0.4012210872624949,0.32054023893650635,0.35889326241629704
608,0.2888830446401027,0.3609611709609073,0.28907575530750923,0.31844138608531697,0.6334240567326966,0.6354646332445759,0.6385961843615353,0.4288671224007649,0.3245324463360313,0.36185274142607
609,0.28579656894484856,0.3611335080859992,0.2892585278123553,0.33225012891890515,0.6831689703892382,0.5932430119171924,0.636953625898562,0.48111333217590624,0.33215333635118766,0.36536751345270246
610,0.2860039772272399,0.3606513303779287,0.2894590071182844,0.3384313507176706,0.6926299516363088,0.5817432048314629,0.6368744379980104,0.4950073671517944,0.33442997690212245,0.36620456357098674
611,0.29210654694134547,0.3539570813912194,0.29082850207836164,0.3457672950660531,0.7490941993218566,0.5367213348443637,0.6167171721230923,0.6001050530980115,0.34615098670826777,0.368493385169018
612,0.3020911687463868,0.34666004001675427,0.29456494025618185,0.352333873546672,0.7619212417045352,0.5224173322315466,0.6001269332980448,0.6575405998078786,0.35241461006592245,0.36582955921799243
613,0.3076874207282576,0.3451223400232352,0.2958555685046554,0.36326239004093996,0.7594178742447686,0.5190726191064262,0.5961077539032034,0.6705910600424314,0.35294170347951864,0.36392955802320326
614,0.36397368227103355,0.29419537778114785,0.34874998795002243,0.35091595617689125,0.5451638755403945,0.6617766848370358,0.5593861520909486,0.6440394857999633,0.34862436065164776,0.3197144731248772
615,0.34540162450923634,0.3401444812533296,0.3542705221115101,0.34672612735390024,0.37742238553070956,0.7216710565611926,0.706244215400631,0.341350851694622,0.3118457379951457,0.3102286602464254
616,0.33911661951163946,0.34398315558429227,0.35083829127544747,0.3494904365203948,0.3940519211722586,0.702939998989584,0.7182071576307469,0.3278154741405173,0.30926946379490533,0.31524244900090986
617,0.33618752315703226,0.3429979640662729,0.35108623489962293,0.3521877123753572,0.3987312161508778,0.6817230152644757,0.7353376773632735,0.32410269379103845,0.3072409304992289,0.3192255870824705
618,0.320520174039628,0.3535265034543628,0.3355365753231397,0.36104691249306947,0.46009092210768465,0.6462975911947308,0.7292606562465437,0.31232944693951303,0.30536941463506895,0.33106449659632653
619,0.33247181976636253,0.31807212669140045,0.3147043097420708,0.3787328708182564,0.6616475254561169,0.5431412890494852,0.558009382259393,0.774096374991112,0.35913002109613873,0.3497269407746163
620,0.35887991468011243,0.29495945274126917,0.3555763899192163,0.37030201686638614,0.533529805173252,0.6098721905868449,0.5599800855774845,0.7068173652299606,0.3486314940227271,0.3270039200815259
621,0.36472020718441556,0.3118151780592491,0.38909403180628577,0.3554676502822494,0.36691595548633155,0.659369902301035,0.738439151638869,0.44081606995645867,0.30389301531801693,0.3163686559411018
622,0.35709123052811953,0.32326123115624106,0.38624660144115025,0.35765191917693523,0.3670655843294616,0.6239737397480803,0.7920974809401414,0.36327290285693165,0.28671189301082994,0.32515381991155035
623,0.35443694028134853,0.3260582473710406,0.3845704599986053,0.3591322062036184,0.3706095882901332,0.6083935788383776,0.8058758606983857,0.342646944829431,0.2815224605371448,0.32877927258121614
624,0.35109539203587714,0.33088671150508675,0.3806370412015357,0.3614107713575687,0.3778940737925631,0.5988290850495287,0.8127200494815929,0.31760929874067534,0.276542754807705,0.3318608562647922
625,0.347037176179356,0.3348281512860658,0.37639524116283857,0.36474565946519244,0.38721600981623916,0.5814751998595368,0.8202918484566937,0.29679110053566654,0.27182852380571004,0.33607638910348825
626,0.3398997334678208,0.34231652964135717,0.3656423362446615,0.37164259427531027,0.40931939493369346,0.5607990514650354,0.817571587432192,0.2747814718689372,0.2664637918624631,0.34186562510609186
627,0.3301481795446387,0.34873113420639945,0.3495652379080292,0.3848784082085074,0.4427792854621061,0.5261356169616833,0.8033892989660057,0.2847193833029805,0.26548460760365455,0.3496980269240998
628,0.32186423451677915,0.3522361095565728,0.32790179280853277,0.40192648818279586,0.4801855085432764,0.4956850611578577,0.7715575252134388,0.3557121201015111,0.27216959032986493,0.35664793124987515
629,0.3177526720547528,0.3495335676252272,0.2966283913600782,0.4148419659740405,0.5246753130343069,0.47834434071654935,0.7076140997092306,0.563481193863985,0.2942878260972794,0.3624018310880413
630,0.3264781632881555,0.3326603715177745,0.29283037767838227,0.4288429815368444,0.5342779225349631,0.47478667776039873,0.6018333667856219,0.7962614032885909,0.33388041460015794,0.3600189056078601
631,0.33957360067951603,0.31245791622137553,0.3216965664623308,0.42753721002062256,0.5042595515433157,0.48732940848838724,0.5141113486262364,0.8653575569204793,0.3596479202082032,0.35372869480411007
632,0.35532277594983197,0.2929587172263705,0.3874116754112179,0.4079493232236308,0.4355788579098638,0.5089706326885489,0.5338520884193743,0.7791647226116183,0.36218740087918116,0.3422672286934527
633,0.35698569594838075,0.2939075898643932,0.38854742027539313,0.4093384966419359,0.43382438823612435,0.5060440699590323,0.538485827385185,0.7799267541185351,0.3600154979573948,0.3421015328786213
634,0.36123463189044724,0.29630338232579273,0.3934887382645297,0.4112991799346812,0.42782446343431957,0.4978968465004291,0.5561760823087369,0.7750757801542403,0.355596025311703,0.3421076295086005
635,0.3634761206315096,0.29703039074172466,0.3988287641723258,0.41039984589172285,0.4230018839104287,0.4949386280118757,0.5737584489093981,0.7621683989803844,0.3527694467161572,0.34267720786128697
636,0.36596433738308753,0.29877700286515263,0.4025495367918268,0.41060775185960396,0.41966003374092986,0.4886453363764772,0.5892892261017902,0.7541644788299114,0.3509300775517322,0.3437252926143095
637,0.36810579964235407,0.30081495249305,0.4048542620299543,0.4112463024419377,0.41765892950999595,0.48160956625001927,0.6010311542174702,0.7497173229022689,0.35058768820161207,0.34495626097583576
638,0.3745830048237587,0.30550912973606476,0.42284605679871434,0.40452525766638486,0.4065782217936888,0.4655101703521004,0.6818477568855488,0.6752390881593825,0.3386988435230298,0.35231711295478596
639,0.37700717108793047,0.34656602057770375,0.4387023806796153,0.4010136211085578,0.4100164278240838,0.45474444206506554,0.8954816979006299,0.25762722786253905,0.2411130580286284,0.3764761682976169
640,0.37110200260217374,0.3638243021874831,0.41602624265624555,0.4148811446432136,0.4233322050447538,0.4450209085113661,0.8901407607039941,0.23938358350361835,0.2261577553280417,0.38057786155805906
641,0.36593990475126914,0.3713771894615747,0.3971479298237285,0.42812961420785856,0.43041881789664393,0.4330822917490442,0.8724677871654255,0.2827348171561662,0.22648402017935898,0.3846532952818824
642,0.36164600520556767,0.37685295976055205,0.37599628745448044,0.43913754627964297,0.43473913230697186,0.4289961824905111,0.8441760411861569,0.35746645269334176,0.23314838379011987,0.38503760918600727
643,0.3540577004926495,0.3792318005862044,0.32145904548142473,0.45712622083906124,0.43895481713540074,0.4273824667963496,0.7164322182391735,0.6411909337714172,0.278510618991495,0.3761805256979929
644,0.35323809640358467,0.37743673347689405,0.31841783018502084,0.46237714205071645,0.4371365412355576,0.4280307325681061,0.6975037953423606,0.6691555249493204,0.28935462378579485,0.3760664667914311
645,0.35434339768220535,0.36409486373328087,0.30484737152097896,0.46827284980711265,0.42966517818523986,0.4300047422650243,0.5621922111984679,0.8384065191086071,0.33984120910988674,0.36520982302693344
646,0.3586389686387349,0.3492785455138917,0.31591898639455046,0.46816130315005267,0.4221953523696975,0.43197611345038667,0.47991086473725386,0.9025347804794165,0.37462004862478415,0.3581555270072665
647,0.3697214340022728,0.3265011910459246,0.3633359895943708,0.45748653879394746,0.4134090186539273,0.43105159026911527,0.462345193040661,0.8989949543601785,0.4115106626242575,0.3563252240322558
648,0.3744485617276592,0.3243154652365112,0.37734467591567034,0.45307101153588125,0.413528143437882,0.4273533129672694,0.4858848445137889,0.881383320277662,0.42432049301115865,0.35842295239782757
649,0.38839359677534774,0.32908351320165835,0.4712894428758647,0.40868909109873525,0.4243753228678536,0.42682395348365193,0.8553090039548403,0.4013903699567436,0.33464675099315006,0.4183286175155595
650,0.3902890396579699,0.3309217493859397,0.47141314761640785,0.40882751161741315,0.4247080074561862,0.4243437110809026,0.8619067552309831,0.38870503672074774,0.3328857327503018,0.42085579932961714
651,0.3726649147777033,0.3904863037682733,0.3783006296453323,0.45377529971094027,0.42617355811664565,0.42660135563831786,0.8311390535928477,0.45673139490832454,0.2866807186555209,0.4236568866011964
652,0.364327417432635,0.38874821185729036,0.3179944041441364,0.4747873211160523,0.41932610027474493,0.42940431435376103,0.6206270753991112,0.752179047454655,0.364085095975079,0.39942550999580906
653,0.3650157196698445,0.3785287867918159,0.31229442834550836,0.4777611493469323,0.418105158200279,0.4314234894106293,0.526801666970941,0.834189103876786,0.40333873325029135,0.3838511473506756
654,0.3648583849073061,0.37727772761501815,0.3128178681974336,0.47818467532227915,0.41864950305970056,0.43330777967943623,0.5187426286525396,0.8364325393376973,0.41345343422810255,0.38241217159861035
655,0.36822271620077285,0.3656698965167174,0.32071931533316134,0.47711878468933405,0.4201026047198533,0.43356239148681197,0.4681134264906011,0.8754299820702935,0.43850784595198267,0.37040266569453123
656,0.37166133538001267,0.35744884546182065,0.332131267547778,0.47364006422245875,0.4236645995421081,0.43375421819702653,0.4522512906355749,0.8813081538246409,0.4627380355538414,0.3651366841631114
657,0.37478164110798023,0.35093953476333734,0.34317331863714823,0.47026299739859806,0.42663461904321937,0.4333590519000108,0.45291657491111187,0.8806580874147518,0.47485522890782217,0.36386041167705974
658,0.3980168391547502,0.3174691873098761,0.44977355944023667,0.43094783938406495,0.44398761119331537,0.43418631182836237,0.6723535569133143,0.6789772426114684,0.4819105580873966,0.43908359349783227
659,0.41051162953886094,0.3222224185784997,0.45638030196348583,0.42317645448123437,0.446419446974219,0.43685627193040566,0.7028870269271879,0.6347812303005947,0.4903460421907319,0.45001699975174
660,0.41271499662725875,0.3232332804934526,0.45949962322266524,0.4207175883455426,0.4460280770512758,0.43847574644902726,0.7179772666658815,0.6117874323986121,0.48878874681357043,0.4564224818317455
661,0.4172608529135338,0.3264412552587717,0.46490830958789736,0.4162754604438877,0.44431224623131066,0.4427545960490779,0.7493805827646272,0.5607507812424118,0.482811120762145,0.4701573756252891
662,0.42375510028526253,0.33284100991535176,0.4682169444792126,0.4128160140952707,0.4408065523597759,0.45025284404916577,0.7823303612003846,0.5019247759395205,0.47278740960234866,0.48526943243674736
663,0.43415947041507047,0.34096592516766927,0.468239843869703,0.41202444314896197,0.4371424785756299,0.4633645097186392,0.8013144157026245,0.46180663435807723,0.4666285513284531,0.49600456910040797
664,0.43337836578622735,0.38018969232965627,0.4421900761403481,0.42253906286127685,0.4177410145529178,0.47443941848887844,0.8441422494868692,0.4006862137500472,0.402219470384485,0.5167451568087087
665,0.43648282206737554,0.38419644339426473,0.4395844307188441,0.42457017500866345,0.4167219105076676,0.481503738544358,0.841072662339818,0.4037121637320581,0.39846919776779777,0.5189196666304107
666,0.43303248637339364,0.41348590967234233,0.4095027439978962,0.43848263048166874,0.4152001001412324,0.4855281983836673,0.8140443664371344,0.47005111001211963,0.382887445039133,0.5202493469446997
667,0.4276037224028191,0.43999048481870406,0.37587503284752083,0.4518220128182077,0.4261227500137102,0.4870736188280002,0.7371768565667918,0.5822219286307558,0.40227574768479524,0.5199169439463006
668,0.4264244315983677,0.446087204679871,0.36776307953052073,0.4542483167136797,0.4327496485986797,0.48978196756107845,0.7038008285611274,0.6168880946608256,0.4162126634719435,0.5192228238889431
669,0.426263862707547,0.44854876709349767,0.3650877412862285,0.4542834557143403,0.43723653474081786,0.4939029740914129,0.6848011829352393,0.632763081696175,0.4261135826439981,0.5190137434183208
670,0.42664296659510803,0.44946053020478854,0.3648784928780741,0.4531858451914892,0.4403199838276227,0.49890600318817996,0.6736936522012286,0.6395977300482837,0.4335934653905089,0.5193113034201566
671,0.42642618077322253,0.4517043162406276,0.3628938515206932,0.4526532755329525,0.44569765212670376,0.5024318229763017,0.6548792394261644,0.6535846148146099,0.4447787941742537,0.5182672501784851
672,0.4218772540435407,0.46015932287126016,0.34620853180638284,0.4603500262304108,0.4940653988754841,0.47789076390727026,0.5096575697942668,0.771813600387817,0.5085253537675382,0.47624196781936956
673,0.42469729306717835,0.44948313696164416,0.3560038595230889,0.45760038465429276,0.5162219392400944,0.4681543177308738,0.4775151383103861,0.7967066130678516,0.5298540166301873,0.44687993511361906
674,0.43980042521730206,0.4115767682055041,0.3962010063282524,0.44097020636364537,0.5387537704192752,0.4700741821888073,0.520447533148095,0.7658779564264875,0.5528909305445691,0.4235009201135349
675,0.44491360186592654,0.40160635438881953,0.4059018509383724,0.43368368682102454,0.539284158745627,0.47673284160009427,0.5429612931748433,0.7402794968619975,0.5597502512262885,0.4282479410035993
676,0.45831331823188665,0.3699013136591448,0.4318673403710897,0.42287477370059673,0.5184119848593912,0.502166784155873,0.6260513611616039,0.6546650464781834,0.5728766684741398,0.4735759615697004
677,0.47111541622410963,0.353495942080448,0.4402626171815196,0.40829490181975336,0.4307934189010272,0.542376626429562,0.7430309950509144,0.4777701091437975,0.537839088580301,0.5722442673780114
678,0.4733985754463611,0.3712878799881631,0.4268632796050398,0.4086176287095141,0.405998685628302,0.5537840799913566,0.7553380950685554,0.4653859670313371,0.49601333653248736,0.5760802712996991
679,0.4756225930047348,0.39521647942702903,0.41158324774238847,0.4114866842443061,0.4007585803794447,0.565483958318622,0.7418301184363025,0.48962788002750707,0.46637040883882913,0.5713220019928114
680,0.4708112464383045,0.43588032969363266,0.38952775957698516,0.41561380955661675,0.4253194496240814,0.5719520848239791,0.6853754549829045,0.5604792703978386,0.4620613735820188,0.5655401936614014
681,0.4678487544085519,0.44877472311452715,0.38368862387852465,0.4169935549820263,0.4397946524220341,0.5701445184009853,0.6613500646125132,0.5845557752128945,0.47070400318980404,0.5644915606872537
682,0.44631615850506035,0.5005956707675191,0.36821123537718575,0.42917874092883646,0.5590154988680079,0.5002180263636873,0.4980172160596639,0.7175026746693857,0.5653761375181164,0.5104144380627844
683,0.4459757059678782,0.49945006964412264,0.3714724842205782,0.42468345825054893,0.5639334135037021,0.4983254883230011,0.4948029136776086,0.7141995747892981,0.573130404704867,0.5060650974411696
684,0.44692671839810033,0.4953465023615952,0.37804669569493304,0.4216914471439827,0.577489353351127,0.4909771432220597,0.4902923069950577,0.7143772461451461,0.5812520933124674,0.487910658859456
685,0.4474584747122685,0.4912983513985983,0.38392691375076615,0.41560927867490366,0.5844654612800803,0.488732806897284,0.49102572243118925,0.7054459309144817,0.5889908704092761,0.47887949779519595
686,0.46148631713201205,0.46103315270833134,0.40507986317948774,0.4105410184687144,0.5997315991150052,0.5009535499558025,0.5275292032990936,0.6684302925737603,0.5908251341985596,0.4515114679905857
687,0.46854619393699765,0.44823776395973125,0.4112551944740365,0.40729653560854046,0.5971018246304387,0.514778365810643,0.5433546335096412,0.642631589011475,0.595042843417857,0.45524209094852836
688,0.4706044025172711,0.44559271830180724,0.4127490475811218,0.40556753833919523,0.5962240553415431,0.5190944463768866,0.5455412042126501,0.6334225522880271,0.5973619648585257,0.4565157218766082
689,0.4859749622023104,0.4220310233315758,0.4174816174511858,0.40721927939346786,0.5765525700205413,0.5494034910691311,0.5733129980036975,0.5920703506279846,0.6065936897773981,0.48215627819626006
690,0.503220613782947,0.39831237821941073,0.4163110044721143,0.4122424721468703,0.5353948160767309,0.5782294205983166,0.5984220254617988,0.5515492298566343,0.619632185702519,0.5297652310407014
691,0.515433168250531,0.3914251071830249,0.414153563414157,0.41531209879572606,0.5143935896690778,0.5905309020827643,0.6014218643785109,0.5343464546438625,0.6248157269612035,0.5481717987305829
692,0.5313560210139058,0.38584993110122634,0.41040668332026514,0.4197813163301272,0.48852415737653704,0.6015687314520425,0.6003090538991566,0.5191696104306024,0.628256195045393,0.5670735663175226
693,0.5408462249964452,0.379716362696613,0.39937398216050457,0.4240209696167617,0.4261767211070192,0.6050928097149645,0.607284728331141,0.5022900014543981,0.6158571599357944,0.6146352841795963
694,0.5427997743027431,0.3992261902381266,0.38763201520141705,0.423567079068534,0.3893331319061439,0.6076258539773538,0.6005977605605065,0.5046574237539885,0.5649552087940088,0.6342856287729303
695,0.5404226446401816,0.42789982770279933,0.384150784301838,0.4193704400036421,0.4031095545862007,0.6145727308227245,0.5846863673125087,0.5194974023454993,0.5252843395892867,0.6272907186277699
696,0.5401660322515239,0.4471345023030409,0.3849881921331247,0.4151890026999309,0.42261736787426724,0.6194874089878323,0.5710637806931669,0.53023597863049,0.5101241157835088,0.6219452711641885
697,0.5433154015177196,0.45622693807616804,0.3868870233581665,0.4120801181780282,0.43343201042404333,0.6225151908403995,0.5620346706834657,0.5352049718496428,0.5059171822631083,0.6201970501595545
698,0.4937357732929899,0.5601953367033281,0.41222728444063306,0.3842862615801903,0.5734387832719305,0.5570987028214496,0.49984716317060485,0.5808311612706069,0.5866949846577243,0.6137229302618697
699,0.4882477900837315,0.5662841204842594,0.4293846275101149,0.3822016875077423,0.6137266537682394,0.4965002414503312,0.5000092010520482,0.5770402206147148,0.6389179579615522,0.5396308474616791
700,0.4891866174500021,0.5631951836622513,0.4313770366505479,0.38227110061051467,0.6149579439526777,0.49773472990728146,0.5017368978020716,0.5741949946906963,0.6394632547837025,0.5337188412824516
701,0.5002553460697317,0.5419851061114821,0.4341394852355299,0.3888663717814269,0.620569743622476,0.5173786357597777,0.5143102035950656,0.5621860339455451,0.6329883033595144,0.5011685041020737
702,0.507434803606618,0.5283841707829586,0.4340856314721884,0.3935928607833843,0.6202048030537106,0.5332179171570134,0.5213098568672753,0.5553638432895871,0.6290044549314466,0.4902133428205194
703,0.5600107002810931,0.42719967093489014,0.4126054770736244,0.42903989408105736,0.516930978422056,0.6157460953868777,0.5615033578674479,0.5128805959634724,0.6296944347117819,0.5522179759634678
704,0.5802167345979755,0.3946822977537084,0.39607834905513173,0.44040177032061256,0.3936664952773641,0.6086864429370445,0.5639708519926521,0.5019974517700724,0.597992250896927,0.6352116587462114
705,0.5874121866736471,0.39612335698613443,0.3952229850504963,0.440763214258551,0.38679537468306274,0.6077604966893589,0.5582700465337799,0.5036254864543861,0.5887920391549919,0.6368846064860639
706,0.5861218800524515,0.420422338414995,0.39616961420469676,0.43479748015045583,0.392611737999194,0.6139175662954278,0.5449220938385246,0.5132867767145824,0.5374252967121106,0.6386319762472862
707,0.5728241206642795,0.46719180403477345,0.405523048967817,0.42109519105337356,0.4532987704705661,0.6274849577202773,0.5277673867612004,0.5269432498250647,0.5045526029715485,0.6284540832524181
708,0.5255196491648914,0.5588346889886514,0.42958361579183263,0.3904816189012766,0.5682996208791044,0.5934813367534374,0.5040860552219363,0.5454204616148755,0.5490393635348099,0.6246082430906593
709,0.504033388718163,0.5910772160711997,0.44511457716391145,0.3758906486428024,0.5944031431393257,0.5400249123523954,0.4988829227247459,0.546697455276002,0.602652266454891,0.6145372207565595
710,0.5047772844477678,0.5900945364291441,0.45004408657531586,0.37441378891544774,0.5950802499283216,0.537767024619377,0.4988532501143244,0.5448226468970391,0.606184976668052,0.6135278333614547
711,0.49755650195324197,0.5971436028126378,0.46216486665249057,0.37011145008224694,0.6008709546097332,0.5114251649792579,0.5003632954930027,0.5409578674879463,0.6307571263870433,0.5970172718328505
712,0.49284223341374056,0.5951735075020692,0.4768285703801982,0.37575562662545076,0.6067501008395607,0.4956721241146682,0.5062342766341316,0.5344407706580151,0.6503055486322953,0.5571479702874917
713,0.5057719957137574,0.5731250055109278,0.47719305241198007,0.3981639056986999,0.6104134470846754,0.5355484987843886,0.5143337165428715,0.5273231317603696,0.6450816460717457,0.5089058928842088
714,0.5095875932915451,0.5631510349916418,0.4846043837106284,0.40986062806001516,0.6088220718322256,0.5483507343303756,0.5134031520793753,0.5278705093108103,0.6460015149810124,0.5044364091006431
715,0.5674384019379999,0.47562864963287615,0.4539989866993302,0.4725605019548566,0.4973909965599261,0.6230509211874649,0.5243019968966086,0.5106210866540974,0.6289144993612692,0.5652775795420567
716,0.5914372875497311,0.43981045439385574,0.44675538563525136,0.4998969434045321,0.4102330741573986,0.6051197067230969,0.5248473654590802,0.5046998385811442,0.5991774598401128,0.626225099992354
717,0.601830789434905,0.44100077095122603,0.45724002472663955,0.5104121226998615,0.4063171327497688,0.6009613473716218,0.5211922544801739,0.5031460207437081,0.5336840456060405,0.646757845948855
718,0.6115578289149153,0.44344442308885074,0.4589259783599895,0.5097520525252086,0.41084196235954895,0.5985225607140656,0.5172161120913916,0.5042042851329732,0.5277748020012769,0.6429646619762155
719,0.612222970816392,0.4563912470787115,0.46630038922827244,0.5057093944127068,0.43922508781082303,0.604526196436308,0.5155115853700555,0.5040702417851283,0.5103054077126744,0.6396921474963359
720,0.5980500294382151,0.4985371558279383,0.48446406575724993,0.48573046560975314,0.5188366716390436,0.6157888941478379,0.5147312300692164,0.5032232872154093,0.4987187523372857,0.6328599029378998
721,0.5914349784796138,0.5275940239067328,0.4985797749874354,0.4681968172233761,0.5614744399849129,0.6073062925229232,0.5144819976769388,0.5020657749623884,0.5125294123380953,0.6282402362718212
722,0.5777201802103692,0.5529321921834052,0.5066604913906186,0.45027280697068306,0.5872493253081131,0.5917951863182025,0.5153838416344093,0.5019153695039077,0.5318576943995784,0.6247661250792262
723,0.5521665850800874,0.5897261269328062,0.5213969955416072,0.4236601417041489,0.6070781411083378,0.5499809801186463,0.5165418796250505,0.5035199305188744,0.5719762471712163,0.6125396389444876
724,0.5360980891597864,0.6089193318043821,0.5258586306551701,0.40883109441220894,0.6064833911191392,0.524304846760123,0.5160096440322053,0.5054809596681188,0.5941240039020055,0.6004600111199627
725,0.512772676630746,0.630060877401341,0.5369129932302354,0.3981020393938273,0.5944861654571092,0.49387500098742587,0.5125214834134466,0.5118948474290584,0.6243379921115726,0.5647460514051872
726,0.5115539549642032,0.6246581765551045,0.5511771811808588,0.4086746648891279,0.5936726888435173,0.4940003874749584,0.5107269815410755,0.5168538138635861,0.6272865411498508,0.554059199813171
727,0.5518781956026136,0.5743371233952834,0.5282019513886563,0.47820639861438213,0.521070094725186,0.6056519508577614,0.49749195052332734,0.5238822925059279,0.6192411983889397,0.5253015824628188
728,0.5567130767509703,0.5675245654600806,0.5340004887025139,0.4850208132149932,0.5194225225032447,0.6076189702266098,0.49573705000843543,0.528641092840294,0.6172454077416762,0.525182241663867
729,0.5642479302994082,0.5579614042658092,0.5380408775565512,0.4945193394893178,0.5138373798144362,0.6100427367912643,0.49464708610637953,0.5330534704422754,0.6139277065870374,0.5272750387600779
730,0.5684852407383181,0.5527402382190066,0.5408888177926487,0.49963403001827533,0.5116943732226017,0.610555690399849,0.494198123726717,0.5360386766628764,0.6118448640543854,0.5278390132269203
731,0.5784855346377356,0.541479608699215,0.5450313723112163,0.5105554219172113,0.5056768759890007,0.610248408135509,0.4943896982479702,0.5414883606641749,0.606519663419905,0.5299668219479836
732,0.6020024461202198,0.515465507792061,0.5389104845395375,0.537797051410264,0.47179030737095157,0.6031159655483097,0.5022559424317565,0.539150681596909,0.5906254908806494,0.549929772642376
733,0.627391409735013,0.4865792632754786,0.5339847306005285,0.5883681150462335,0.4352010688815958,0.5806380893397529,0.5266877853211046,0.5195080308843206,0.5458354321330071,0.5908000789379114
734,0.6299591592752342,0.48647804174335346,0.5342550086349844,0.5913352062033914,0.43751868181705533,0.5789777819365549,0.5289815158058008,0.5183005287490914,0.541267317436704,0.5916271031792325
735,0.6312858976803715,0.49156172316504143,0.5395747693962781,0.607113526716054,0.46505128982488353,0.5823424691049408,0.5420729262298309,0.5065090859419741,0.5160137215600773,0.6015119225219677
736,0.6157956160744792,0.5189161534514644,0.5508641735608418,0.6062848042079445,0.5373826684501385,0.600851683183029,0.5540936468986949,0.4941273343543456,0.49654088270495045,0.6066418333533172
737,0.6208234755587219,0.5209087760226213,0.5508814148619212,0.6065505652995282,0.5392472859892047,0.5995837770983694,0.5556562233499723,0.4939057095683422,0.49624649338355536,0.6026756947478158
738,0.587090021623775,0.5676132421161718,0.562262100297084,0.5691693739874261,0.607588705294124,0.5990862420781581,0.5559700061209806,0.49405494144303613,0.5062741911613955,0.5979677598352632
739,0.5875822853050752,0.5692737959035066,0.5645358947355378,0.5676862694505086,0.6094978617502861,0.597088729882788,0.5558859391878569,0.49492043611314224,0.5076527992024001,0.5951153713095937
740,0.5600359080963736,0.6022289153114536,0.5750217179878389,0.527329224999352,0.6214896135635496,0.566896782469242,0.5446458947486271,0.5067185222174099,0.5302037618029367,0.5821336048813426
741,0.5662868631729298,0.5928105750536977,0.5888599019484655,0.5353373478250014,0.6205737038671858,0.5636139691634776,0.5429277204008444,0.5121090390642243,0.5291444015844666,0.5732846859134991
742,0.5448391824883427,0.6159549138563625,0.6033553135122354,0.499118892083977,0.6078124862880218,0.529602922677796,0.5234237985057344,0.5283628365363203,0.550046023559722,0.5557376248716085
743,0.5449784207551978,0.6112144934269934,0.6138805455736641,0.502001838745397,0.605490415905911,0.5259295623465919,0.5194508949675136,0.5337869762313292,0.5504935490608919,0.5502916224630118
744,0.5221450944808795,0.6231901960726562,0.6415341603021678,0.4752316488766739,0.5541520542767857,0.5088257706762038,0.4719562743292273,0.5661815679777336,0.5805455950340266,0.5058676566600644
745,0.5493413012640057,0.5846307296975843,0.6323019921231251,0.5211917383767372,0.5266409151917597,0.5517996171315027,0.4750863636251667,0.5741971399636063,0.5727562565831704,0.5013763093848418
746,0.568010681090763,0.5682653861874122,0.6188906246909289,0.5501192639159621,0.5124148823209093,0.5619112738218317,0.4932026715165699,0.5671969317564107,0.5635437967795115,0.5101183870778568
747,0.6075698928461402,0.545359271592828,0.5908008604266114,0.6220931435114178,0.49512587741508884,0.5620727189280952,0.5472220776897166,0.5392455220812592,0.5338589770304186,0.5330777705663767
748,0.6103209858389316,0.5380377883865801,0.5769113059971703,0.6880074843848146,0.5377378251896319,0.6002612009519956,0.5950113018932253,0.4977879096931346,0.4999954867230617,0.5599431142499599
749,0.5955103484093646,0.5511967504875919,0.5781718217158843,0.6702432119722779,0.5831513639541341,0.6185143149773369,0.5925406524630704,0.5001733735192444,0.49685926869230573,0.5590823488864509
750,0.5952223717478528,0.5532596499408777,0.5782622876553721,0.66609709139848,0.5862691047753219,0.6196186335771607,0.5918838322464073,0.501777499794717,0.4971311671448377,0.5562240813501905
751,0.5793941607716233,0.5688423747029304,0.5905555779295806,0.6259834193589331,0.6069557776073382,0.6128950418840691,0.5704050458713278,0.5201234926192838,0.5036044662634845,0.5490530088931074
752,0.5696360019237425,0.5790400711596695,0.6072316532590711,0.595502277812005,0.6081409856633945,0.5949472021094507,0.5475898049431582,0.5380406825594719,0.5106340153996696,0.5404185711111226
753,0.5674993877230877,0.5798953153614541,0.6171566501866629,0.5858450833535428,0.6048703968364101,0.5864882709969685,0.5373682069503435,0.5459066777607237,0.5128900738804281,0.5353889381269231
754,0.5662117835511759,0.5792531072138127,0.6270714931055723,0.5787326799473338,0.6009735664109981,0.5790883731434114,0.5282477559621235,0.5527487729517402,0.5144854117446228,0.5308541236794797
755,0.5588457624578561,0.584592899334681,0.6539419887949027,0.5550361287090025,0.5899236515273093,0.5527553761680913,0.4997388952053483,0.5713869208004729,0.5214286771068765,0.5208565080891788
756,0.5513457922505772,0.5844549535082981,0.6871677806247798,0.5372265670516305,0.5745997478729841,0.5241377107583332,0.46840517920017327,0.5905777496708291,0.5278754300648201,0.5093108413237636
757,0.539866154438213,0.5813373826444143,0.6923265538599329,0.5314445684427823,0.5544795388241006,0.49277497235933615,0.4539340784093037,0.6025102625177543,0.5362402178101715,0.4945660952601488
758,0.5412425724757163,0.5779083796306156,0.6897239425293742,0.5378481977791828,0.5568979303768438,0.492604779798285,0.46234224127912604,0.6006792831223173,0.5340392261397873,0.49537355752716516
759,0.5624612523264709,0.5769712773590219,0.6302130457960476,0.6115637911360214,0.5455092859067516,0.5149007166736235,0.5391813049042439,0.5586089562599803,0.5219336242019225,0.5083786200701348
760,0.5694040002650795,0.5800472970762918,0.6180840675304746,0.6279561583741836,0.557263227211048,0.5137694757415544,0.5630602516678815,0.5481102112874845,0.5162131294698783,0.511116057115742
761,0.5809503322597103,0.5808280471648181,0.5836648492570123,0.675895395370593,0.5621844456945005,0.5436081221456445,0.6093889848360492,0.5173742558011859,0.506424638569986,0.51831641569322
762,0.5846321342359841,0.581512794295586,0.562440399147808,0.688078596938538,0.5707755999136142,0.5672718902598994,0.6284538525701637,0.5056111146600886,0.5022253931707444,0.5193123907893624
763,0.5861219675081337,0.5826215245003084,0.5494457773510859,0.6871681585498892,0.5769788821298092,0.5814708390437783,0.6363412280303365,0.5018442014596145,0.5005893469693811,0.5183541083932588
764,0.5864699400524076,0.5685416292152805,0.5271952932623003,0.6870009220146244,0.5758041048509749,0.6370023001397581,0.6375702995819462,0.5020246973184377,0.49806133934434804,0.5172903299844097
765,0.5900174740487573,0.574607400936776,0.5143056476235859,0.670259996944814,0.5833556583604329,0.6384717520974246,0.6390260250912028,0.5022865881026166,0.4982446643461265,0.5114612779665515
766,0.5928160242266343,0.562038838521015,0.5131517786185701,0.6576010396480025,0.5739731357630413,0.6644350642216843,0.6261929405262948,0.5131128016463344,0.49875069372034264,0.5087934387044761
767,0.5999462482543323,0.5401185475786416,0.5420155519786981,0.6342636058434712,0.5496069485253368,0.6847031443130744,0.5801132038335348,0.5487158026692394,0.5009451692935807,0.5054514061539629
768,0.6006626127834628,0.536061000830546,0.6635118558572226,0.5633685390523856,0.5685135505295822,0.5884433015384235,0.4228821018761942,0.6305765072099718,0.5082025455365385,0.4974478908201166
769,0.5990576309424467,0.5326883711537652,0.6716869589168892,0.5606842315762937,0.5723045943226145,0.5797846761645569,0.41692867493285685,0.6321372211502189,0.5093089876323371,0.4970036936817655
770,0.5850960035989867,0.542156802549099,0.6901190574883596,0.5415331563307293,0.6056254896207571,0.5309576231994315,0.4021485699625003,0.6364864582268444,0.5105298105607528,0.49770079919932614
771,0.5833527249386847,0.5400336350459432,0.6939629294033743,0.5406510060793264,0.6078726390613398,0.5263848984277,0.4028525030016671,0.6354613817740118,0.5115926294327254,0.49828993831753143
772,0.5804399642917605,0.5377265101707179,0.6993386691488253,0.5391586449497459,0.6111918597326944,0.5193142293221089,0.40483725038883994,0.6333962455373419,0.5132968349043193,0.49951061997776586
773,0.5637670693352776,0.5615064732873203,0.6968055592555643,0.5297754753298975,0.6379876306033163,0.4724107811048961,0.4290098440462434,0.6229474614973782,0.5116429618294777,0.5048924174102599
774,0.5418827738277017,0.6159989344687026,0.6419040933827376,0.5602719206091744,0.6546032819669034,0.41280385016611676,0.5284644589673614,0.5760745077601461,0.5027062640213616,0.5168345920348841
775,0.5400435072947011,0.6209257161383674,0.6355214212644994,0.5620706285926923,0.6568603122409223,0.4094959950515433,0.5396236496002995,0.569722087618099,0.5025031533134809,0.5188711824911426
776,0.5384521053132088,0.6247897549982441,0.6305564405978422,0.5621460822104264,0.6592137491901846,0.4071374059608503,0.5481499648775509,0.5646742568261091,0.5024940784647379,0.5206919388399859
777,0.5359878523598987,0.6295134494777933,0.6273990459753254,0.5555244637337511,0.6649715329109703,0.40229091465126954,0.5551440567223254,0.5602332740305667,0.5034836344183619,0.5234378725524019
778,0.5307357718094625,0.6409581698918241,0.5826490399014064,0.5600343325733378,0.6730548635624743,0.4218332198234332,0.6011042188822581,0.5290094816127289,0.5007393850171833,0.5321299831105311
779,0.5308542148923371,0.6391153462533851,0.5666702815756597,0.561721272899336,0.6744428468579485,0.43892546339199007,0.6128959980836332,0.5194204829291231,0.49950357268266726,0.5346983532243883
780,0.5363706608909233,0.6265888449348698,0.5367469978245186,0.5755929720559263,0.6691417760419065,0.4847954136073092,0.6290670328460187,0.5050470161721232,0.49696348912411303,0.537261107387362
781,0.5374026098222001,0.6255949029197542,0.5297535688045135,0.5687175618170777,0.6731012922404758,0.49224862623368715,0.6301364285219343,0.5033481978259294,0.4968572230529285,0.5381273451371292
782,0.5379639700445937,0.6255647705832846,0.524914482032573,0.5605859909384687,0.6776415470998421,0.496401664741054,0.6300985626365333,0.5024762205930595,0.49687161494768733,0.5388734246225263
783,0.5475757419285492,0.6128417174720185,0.5002455032335125,0.5504975623153989,0.6805738815832643,0.5360081129098091,0.6314571661556446,0.49742171552393477,0.49603700403028705,0.5403220264192162
784,0.5871729078104732,0.5592088263959782,0.4567523792753898,0.5647739915294664,0.6338405751561785,0.6312513889983344,0.619465766692165,0.5051074124827919,0.49916895726924243,0.5374069759399396
785,0.6027338388744512,0.5396012092151413,0.446170784474869,0.5645281257797639,0.6101129170793321,0.6519527068717564,0.6081194203176995,0.5143623648249646,0.5024857079392419,0.5344492040296589
786,0.620463029250044,0.5164242202580219,0.4382397765731518,0.5616833653101766,0.5786043171782339,0.6660347259527665,0.5911831332129595,0.5279855710899506,0.5081089448041919,0.5295809377440848
787,0.6396670888962981,0.4859201076699724,0.4365401409057436,0.5581568146445248,0.5322572191246818,0.6733246372329467,0.5641190637541996,0.5499083878847729,0.5176931308358603,0.5217310524038046
788,0.6412622883575304,0.48354160496744863,0.43776101948215773,0.550697722382859,0.534358960736121,0.663638452687974,0.5645977715177574,0.5472283426927711,0.5217454125953818,0.5198494364343392
789,0.6478341177490845,0.4685823178274,0.44271227215099174,0.5463276818542763,0.5109187975691335,0.6623440777898695,0.5509821040597789,0.5588400496381587,0.5282566455011732,0.5152005233494236
790,0.6517005292247735,0.4491653012891181,0.46646848642598976,0.5342997507569374,0.4835668166098128,0.6681057794657446,0.5104175014216259,0.5873858101946099,0.5413087275586552,0.5058166869437067
791,0.6501439997049984,0.44731269145492747,0.4683063235759613,0.533628772259099,0.48413926413138003,0.6639906392111357,0.5145923698796856,0.5839772560325689,0.5457366341217645,0.5061114438764399
792,0.635566893713527,0.4709829715779439,0.5032929149438108,0.51566586924873,0.5253448355967644,0.6783772293689955,0.48477709942698893,0.5974363884284694,0.5539057996885612,0.5059933121314956
793,0.593967162664763,0.5668818443176701,0.5450765696819013,0.48960540284416904,0.6255893221104311,0.644569674762323,0.48133886373644497,0.5990393636952137,0.5431379000512417,0.5215975920463438
794,0.5484084968262715,0.6366991203640441,0.5537966660433776,0.48414730785866167,0.6547696132343807,0.5414861964742599,0.5242776357430777,0.5879746146289642,0.5224077626712975,0.5413736223193675
795,0.5311358694057781,0.651468193220229,0.549312133435541,0.4864492506629014,0.6573067898747025,0.5016457463808525,0.5462665154619546,0.5792951009254051,0.5140051652206569,0.5498334840319934
796,0.5157151140102619,0.6476407438038473,0.5205467466514359,0.5016688979283814,0.6739463752943347,0.4729018828708958,0.5929140673519842,0.5465770981191258,0.4957195034972001,0.5631812375446074
797,0.5154564917830842,0.6465390396732639,0.5184798639367723,0.4988985726851604,0.6765508397442896,0.4757757735585136,0.5928494322714764,0.5457372541307594,0.4951475203504479,0.5641953385488234
798,0.5283979275424211,0.6278903107856727,0.500917857081331,0.5039638034243349,0.6909401901022817,0.5069288177720462,0.6008718177415621,0.5293943055745778,0.49283830162975223,0.5658423517355126
799,0.5796372457505081,0.5717539012914385,0.4671424980080821,0.5148133623867759,0.6843526190760316,0.5909975293296141,0.5979261722000537,0.5082351091331685,0.5028701838438187,0.5578375416576558
800,0.5900965585429594,0.5602153176098219,0.46257247902626764,0.5118099802110491,0.6774570926353269,0.6034585322110394,0.5957945396791519,0.5071871908149085,0.5062269441235027,0.5546709464507785
801,0.6076553210544196,0.5383316678592148,0.45622983187605987,0.5074051746593952,0.6572560517921235,0.6199276930042352,0.5924929944913674,0.5069632084159147,0.5138037414152251,0.5479653902134126
802,0.6119298128651027,0.5324537507872235,0.45557058770863207,0.5032528432806802,0.6519292441066733,0.622665478661077,0.592741412345817,0.5068467461338584,0.516278194363766,0.5456107485215833
803,0.6143123737339918,0.5286572685716565,0.45617178540408787,0.4967939844688364,0.6500931982461997,0.6236022021741798,0.5948299049157255,0.5061215686190683,0.5183539482935612,0.5435266155725889
804,0.6271294423000228,0.5052340345543452,0.4544891239213839,0.4912615461594792,0.6164612605925587,0.6277860504756506,0.5953615577828753,0.5081605119751057,0.5285486262549092,0.5354852076720907
805,0.6321064767196222,0.4924036570037545,0.45467980791038504,0.48739847744097725,0.5949421243923191,0.6269806715376942,0.5970317678356178,0.5101741438160429,0.5348756048917421,0.5309101662583648
806,0.6322728899141431,0.4887963412455829,0.4555833062967526,0.48378302032335907,0.5900484719220195,0.6253939120389046,0.600760017880957,0.5096195763827064,0.5375110347332638,0.5295255626502701
807,0.6376051157523362,0.45755485638217147,0.4584078095689611,0.4769343584764803,0.5174366400520478,0.6188855721455349,0.6032417062411767,0.5241147120573536,0.5570255161470808,0.5184485264316867
808,0.6349215803012203,0.45452472328104443,0.4595878489598227,0.47353315993430567,0.5091555255295424,0.6159852467558623,0.6111674037808339,0.524042943689921,0.5620167193012053,0.5185256719397913
809,0.6307473201502303,0.4526370787028725,0.460523111440372,0.46966747241872747,0.5041995166666378,0.6122934694576929,0.6236555907962796,0.5216444942113599,0.5673159896565884,0.5204754564831805
810,0.6235452277399687,0.4584403807955767,0.464758556533297,0.4667560455733566,0.4778245078174096,0.6154058130799,0.6230345182670213,0.539408287438097,0.57624236270423,0.5233762495062253
811,0.6209566282234628,0.46036482316306065,0.4647506879577583,0.46618295952467154,0.47677176447553377,0.6142419441194423,0.6284229004930815,0.5394463164921061,0.5783808672421852,0.5261350718620857
812,0.6088029188018529,0.48887797317337506,0.46776278068592475,0.46725658275939996,0.48035085134802635,0.6218395047765555,0.6211363009458187,0.5615393813528926,0.579047602380757,0.5377567079701672
813,0.5956514785332543,0.5217832729059686,0.47060262404771164,0.4696694424630724,0.49749231413644857,0.626888334638393,0.603507965506912,0.5859661747096403,0.5713819325541257,0.5485843866136425
814,0.5710790692976357,0.5627555779943478,0.4724289643642746,0.4757708200589362,0.521453844153454,0.6170043637603798,0.5829506680468411,0.6180821583283306,0.5565381127063972,0.5648634198074985
815,0.5615726050819688,0.572491568927372,0.47262965195456536,0.4785607863581684,0.5260954376618406,0.6081618971208177,0.5796113227989667,0.6275764016724316,0.551855725141836,0.5708563552222368
816,0.5542466237616254,0.5807749421007345,0.4737906083141648,0.479237367573816,0.5323064870926776,0.6022496788180071,0.571774158891679,0.6373404491387179,0.5457328148722614,0.5745084993215827
817,0.5467424312576292,0.5869482303032545,0.4744960985899875,0.48090787202982177,0.5359440265232756,0.5944509191156122,0.5675854074781139,0.6453623831134119,0.5409395440050582,0.5784474473757476
818,0.5064127850227887,0.603815197720446,0.4842580714869765,0.46191266511864404,0.6066951738935271,0.5165092506869157,0.5212116074108466,0.700222766575043,0.48713744459722985,0.5943573039178268
819,0.5501461717544358,0.5598972166431773,0.48159992076283664,0.45091018405386607,0.6382863813489439,0.5550261554152665,0.5795139168304012,0.6440768464678488,0.5092730199497053,0.5760504409127604
820,0.5692860153882578,0.5377299925243536,0.4824263760972414,0.445852945310119,0.6411582131459651,0.5757943483087521,0.6095288181394283,0.6136709493302146,0.520464005813392,0.5629304435166103
821,0.5743393787102835,0.5310205130508894,0.48402982576048276,0.4432269077123055,0.6409488988444766,0.5812719907800467,0.619331015708972,0.6049550112536712,0.5227770041125227,0.5580534895875595
822,0.5941317798158031,0.49664226727089383,0.48280791306459814,0.4406413559848236,0.623075177556455,0.6020411656152846,0.666383497266356,0.5498852162970054,0.5467861474600832,0.5386979756467377
823,0.6029370011866311,0.47192431404373086,0.4805460823066324,0.441484127005645,0.5905729672672764,0.6075222198369072,0.7016677798543245,0.5066653981580249,0.5667536455109543,0.5251527147160209
824,0.6018104633426016,0.4706947706474496,0.4811696515005592,0.4396259403955297,0.5893679248764774,0.6062942306872183,0.7078051485836068,0.5038973635749313,0.5677926026023872,0.5241290315447299
825,0.6040542297405946,0.45745082688256034,0.47699168247814266,0.4448936155026707,0.5436540373909753,0.6006156279909531,0.7350074685880057,0.4695055487200102,0.5855017797255351,0.5179218798653623
826,0.6020176860573697,0.4596605476281639,0.47278982146689524,0.45092017680336477,0.5101523309479148,0.5914960671834315,0.7464599776250072,0.45915381490159907,0.5937558826036067,0.5196519257911142
827,0.5983387746633338,0.46922344991360665,0.4688357981526746,0.4567592382526033,0.4876622005764094,0.5826893205585708,0.7496317075220291,0.4621976345944429,0.5962294978023805,0.5250815282398418
828,0.5773016146322753,0.5290459268545594,0.45956399434461204,0.47768016341273833,0.4593036163043523,0.566472029302511,0.70115036752419,0.543817335816996,0.5731200570786221,0.5481621246323659
829,0.573436201520506,0.5331528064107797,0.4581187425157777,0.4794620106490229,0.4572709882479484,0.5599111449975743,0.7017363992461713,0.5493844077450828,0.5714553796385111,0.5520073127280605
830,0.5583973358304792,0.5535128296627813,0.45579871010231077,0.4852812293119468,0.4586623805254665,0.5465802137865875,0.6776431350660904,0.588969886092155,0.5560806288462347,0.5628524852990006
831,0.5333810899508623,0.5795602642647603,0.4563915540403729,0.4889015077278025,0.4721630105844844,0.5303214946790314,0.6187019446290611,0.657740953563752,0.5248827611512378,0.5755863143309341
832,0.5263802617911202,0.5834501796789588,0.45705586825929884,0.49032363670234075,0.47253704619813325,0.5213743477391055,0.6084571514237204,0.6712360393037327,0.5179790536650825,0.5791595384296793
833,0.5163790817798682,0.5872615672385426,0.4590521169885327,0.4930693467476734,0.4702921708568498,0.5055436184557112,0.5970460972208491,0.6880103385656373,0.5086807540826024,0.5843327374305971
834,0.4994871098976862,0.5866862184947684,0.4831160094440755,0.4534353277452671,0.5262171369408516,0.4668100176758156,0.4422895304053982,0.7841707184907635,0.45955392306319914,0.5958910894717284
835,0.5029106401264439,0.5837927974044055,0.4889564942171684,0.45301344637665636,0.5267830116099265,0.4664402092782659,0.440725639293612,0.7875414805404523,0.4535755593060472,0.5955483824528779
836,0.5120600309068459,0.5762708503327914,0.49628813152562806,0.4456681680111289,0.5338475351227163,0.46770775195873565,0.44146424517820065,0.7877165136264137,0.4536469507439317,0.5932345190177183
837,0.5145166403543061,0.5747040158430169,0.5001406519377839,0.4461367807939186,0.5336157060871177,0.46844085301271476,0.441478003379257,0.7894279795549454,0.45019277872255314,0.5923757317996468
838,0.5305966550799239,0.5612406521206835,0.5095012960776654,0.4341311202715958,0.5443409644642787,0.4751276768738416,0.45733578305141837,0.7820290384786732,0.4578663128820079,0.5859986798047507
839,0.5791550246838594,0.49908003206546797,0.5221127068201711,0.40835610557571544,0.5633465436557349,0.5215239650265568,0.6162106420539863,0.6803933049173941,0.5240535565408087,0.5434150719739408
840,0.5875620090824397,0.48123161484820753,0.5228100548689596,0.41090690141576725,0.5567960400163929,0.5339386910896715,0.6756623253589207,0.6279332633119743,0.5447601933406381,0.524331602857233
841,0.5924574515237897,0.4687318491983423,0.5112318721332857,0.43552733728209986,0.5193143220017732,0.5435401316074251,0.7742897562404512,0.4954806160662934,0.5823659386744926,0.4985296544195268
842,0.5907640090176735,0.4744260855348133,0.5053497750625209,0.44636590836951223,0.5053535166370419,0.5400530093295495,0.7915499843867878,0.4636185758039955,0.5878032623373152,0.4970834548496518
843,0.5895844374059959,0.47665564985573505,0.5031223394557628,0.4486181489989172,0.5025525387065575,0.5362228862232926,0.7954927333975927,0.4579906211995621,0.5884849468848506,0.4977673428241938
844,0.587060825282954,0.4839482401037551,0.498026845381171,0.4567947791328501,0.49315004410461477,0.5312155009531943,0.8038024820029798,0.4413278812204597,0.5896027987439759,0.4999457977788892
845,0.5833462504404142,0.4940384311448582,0.492103113243274,0.4662965383528957,0.4826987869292679,0.5248138023483636,0.8100910899482127,0.4285535724842932,0.5886280550631363,0.5043110639669051
846,0.5451756646532322,0.5605879144904219,0.4680264916467232,0.5112493186475159,0.4371533320274223,0.492546506590766,0.7788935329058218,0.5074831696880775,0.5399502024456087,0.5418459272318888
847,0.5014806516442573,0.5880717300704932,0.46734730074170333,0.5171824136153024,0.4283553221283206,0.4537450431685755,0.657569865121169,0.6749263752155394,0.47070520731348686,0.5736507837532147
848,0.4913685960889063,0.5879902848462917,0.4774013790493363,0.5090835915056506,0.4268043110198378,0.43207702947748594,0.5822172054268766,0.7354732141765074,0.44397011062310393,0.5838060779191391
849,0.49076611412103954,0.5870104323045707,0.4806586678983058,0.5058287596016381,0.4266260347246339,0.42725017033057117,0.5633632523416489,0.7473282193867534,0.4389327541487512,0.5856487622825707
850,0.5308840714634283,0.54905659880403,0.5183323349278947,0.43174665976738624,0.4585283591242716,0.4152612089176227,0.39313344534806555,0.82133999240671,0.4420798643910843,0.5803939298867201
851,0.5561246949367598,0.5205595989780728,0.5313882689530434,0.40805219895870287,0.47092645245985726,0.4255496421576971,0.4357602521931735,0.8132163560929507,0.47340027362616655,0.5620741047376258
852,0.5838594472770477,0.4734956629464209,0.5354109072136182,0.4018615275025352,0.48506264644224534,0.4599139676541345,0.642393044979893,0.6986581599751571,0.54877951858573,0.513213530108975
853,0.5862726776504413,0.47069568354453784,0.52897136084614,0.4197385092680237,0.48256577014075447,0.47249962168488563,0.7241527245800279,0.6080051741960137,0.5714121921632409,0.4959474058480938
854,0.585975392416858,0.47254017206345367,0.5264244891473303,0.42499521136255125,0.48159568450578744,0.47349125828018973,0.7369323724089325,0.5890550117099336,0.5742503299051345,0.4930174877784911
855,0.5810638678405231,0.49115981196216973,0.513328309878872,0.4562586033823052,0.4723749510781253,0.47958355626829596,0.7940232669373335,0.483682088957304,0.5825021929869637,0.48924055738742234
856,0.5765209557640966,0.500660502485288,0.5022061442181285,0.46470049689897924,0.46978736187687187,0.47164861294417115,0.7928132112304164,0.4730123653227038,0.57962623649079,0.49455637980590045
857,0.5692473208230009,0.5178887757347634,0.4944837957611376,0.48093629874211324,0.46689963064500134,0.4717112623059294,0.8088363662934227,0.43889046529523434,0.5722558801952169,0.5018414222890545
858,0.5331015657811087,0.56805956001362,0.4792619528431076,0.5217450299584645,0.45075847781165324,0.4609260191224087,0.8258946803762074,0.45653381734832077,0.5191844549150515,0.5357754440811726
859,0.5124392698260106,0.5776256766441433,0.4785671765808626,0.5309362112651366,0.4381099761112644,0.4409694424975916,0.8106659790160697,0.5101384366741369,0.4906905953485528,0.5554298059012329
860,0.4985288140902743,0.5829904631514014,0.48312883464911294,0.5280451546353343,0.43152460298911866,0.42958785892147533,0.7695032378154715,0.5835600761510279,0.45955530686286405,0.5701494471950366
861,0.4924337496909901,0.5796989069510059,0.49348519242604466,0.520508126642316,0.42272264803002185,0.41525916863853035,0.7181489600023184,0.6386089016903779,0.4384466991836129,0.580124067638413
862,0.49943374883792585,0.5669775253612065,0.5089934649101681,0.4914543140052514,0.41483355885738943,0.40037409822656855,0.5947778625594645,0.7128033832047648,0.421657956044425,0.5862802567707294
863,0.5388802791740591,0.5214901869759282,0.5308225086194142,0.42523538791302284,0.40546431636009794,0.38560731937463544,0.39706594403970763,0.7929948763599521,0.4518224643605528,0.5710504521216452
864,0.5437948200941858,0.5146588763361133,0.5348094363431249,0.4203054578370468,0.40337888086125695,0.38433805670660787,0.38937043801222054,0.801104186091372,0.457634201242302,0.5667772155089464
865,0.5722566029465112,0.4700374224709724,0.5401346682175423,0.39451227969997577,0.4000550691230328,0.3890321529540192,0.4502188349534767,0.8269110676804411,0.5309988179276021,0.524277818356894
866,0.5763883223920415,0.46507469144462266,0.5326492211567232,0.40989360182206547,0.401691684801671,0.3993890438648677,0.5696033885434044,0.7746381929153556,0.5666017676275301,0.49922245432715795
867,0.5621294328170764,0.5015164066842644,0.5068587407261271,0.4685864827364302,0.41021598099907797,0.41845776048713385,0.7310718318131344,0.5728157393036862,0.5782456913469112,0.4900785290076768
868,0.5407975902191525,0.5366403266640314,0.49019284250810496,0.5093106792296747,0.4187364034700869,0.42995665946138384,0.7889991102988816,0.45954469004763654,0.5542435114065477,0.5071495114877053
869,0.5365188556489183,0.5422516412070265,0.4867357040761289,0.5147613748546273,0.4208973281214363,0.4343714208658835,0.7926067803565795,0.4509606915939454,0.5480188440941034,0.5118268481717764
870,0.5324377851111499,0.5472309563200329,0.48471880739252177,0.519623556423292,0.4227868516525655,0.4370716890034037,0.7976394848479921,0.4436143709352956,0.5418778873655533,0.5161236751869679
871,0.5227166950115703,0.5574231336604122,0.48123273809936395,0.5293026916691309,0.427311747523006,0.44419925319364756,0.8058898533492246,0.4362999159147654,0.5264467198512351,0.5268183392327098
872,0.5190697351131849,0.5606144483569551,0.4801656136609108,0.5319759309071307,0.4293924838993142,0.44875630383341203,0.8062702091498687,0.4377800619042572,0.5204142310612625,0.5311180073969918
873,0.5124088851934567,0.5659981587585551,0.47986795627573553,0.5362734396959707,0.43340546571951505,0.456050360059772,0.8081142722207098,0.4429828360153706,0.5086787490197925,0.5389509623455628
874,0.5049275966347749,0.5723111356993555,0.4822123184990203,0.5400964301242233,0.4388096288549148,0.4589787648965977,0.8152802398593438,0.45381316510631114,0.4930135053652874,0.5480981363429233
875,0.4944900355111736,0.5772126380312933,0.4909662742403935,0.5415279132277001,0.4481591314117474,0.46877427820588147,0.8107912676798312,0.4911874392574264,0.46651403645462686,0.5630880284075805
876,0.49183046456619156,0.5775547737801293,0.4972790490338112,0.5385658377017739,0.45387708877755695,0.4723538163986794,0.8030909587409533,0.5150766130575545,0.4548123578607968,0.5691573794615487
877,0.491838284977916,0.5748725736628975,0.5083059396564088,0.5282917478783998,0.46371341770008573,0.4741091568602959,0.7783967215541469,0.5583513634457188,0.4394512150772027,0.5765506563673031
878,0.5044527673602835,0.5589768281313332,0.5252621715808569,0.4959306238776784,0.4791102236622826,0.47033190861913726,0.6880397872140733,0.6323950207491045,0.4298019285326328,0.5807595590072014
879,0.5080936022875219,0.549186525974742,0.5367137192076411,0.49550633603788213,0.4785427410960173,0.4783185681753868,0.6791712107423463,0.6350900106065884,0.43542017283772755,0.5774586234151348
880,0.5203647939198506,0.5307938231952091,0.5497321054470822,0.475605344638767,0.4857423961283778,0.48057989538660606,0.6221479618140421,0.6635668484409312,0.45021356595237627,0.5703224351169646
881,0.5334126971829773,0.5118964956089674,0.5568248054179232,0.44774109947011126,0.4953184436227495,0.4767255140627456,0.5503436058363719,0.6949124739224369,0.4704341641401246,0.5606042312289695
882,0.5442471683569774,0.4942702906640517,0.5608919092548817,0.4257877422554585,0.5009570460628645,0.4722129071212777,0.4942644454829809,0.7219021871814078,0.4942004524907524,0.5486461454179413
883,0.5584279170864664,0.4712672927983174,0.5649685909325205,0.40361485897757954,0.5026016104264558,0.46589714471190397,0.44701364585145353,0.7674457071871966,0.5407661102359067,0.5239839207485986
884,0.5607998528682775,0.4684642966233378,0.5655934052113768,0.40031226345329457,0.5012755236570272,0.4646133343262783,0.444289483852741,0.7779180030009022,0.554714281758371,0.5163013150107858
885,0.5616717210845846,0.4724345610557813,0.5609476649632308,0.40429250077053575,0.49229119584803877,0.4630264278216072,0.4679562285382492,0.7875238621205959,0.5816803013677936,0.5017522529100701
886,0.5419211507041359,0.5065509792012698,0.536062320095899,0.4568953891209447,0.4581979960585694,0.4679117602193997,0.5894038622786577,0.7184627212980386,0.5921993628505698,0.5087255482240144
887,0.5291925307214276,0.5279181844343425,0.5145216995894242,0.48465457190432837,0.44509365819820845,0.4819718874027409,0.645052643700631,0.6520786280350481,0.5833138431872522,0.5223025891566186
888,0.5073093243598609,0.5614960717853318,0.49214839443444525,0.553084358136712,0.44331389830979934,0.5102603304048705,0.7688499828621099,0.51151767485769,0.4533735822171304,0.5892994245024425
889,0.508919209854442,0.5590093961061967,0.49597612178810063,0.5519946493760224,0.4474348296533531,0.5214401147789657,0.7603273538075016,0.514175038521097,0.4542650602236619,0.5869585606146148
890,0.5103462707336597,0.5570703411586667,0.49898371662666463,0.5509345678390154,0.4506438301760848,0.5289848838507101,0.7540024097938381,0.5167032494621893,0.45504362042199387,0.5852381119089151
891,0.5154629360978168,0.5517037397884538,0.5074402554124702,0.5449989655304419,0.45945561030803855,0.535892064031209,0.740267823736194,0.5324218442259919,0.45685257341814767,0.5827910773225004
892,0.5250772171598184,0.5407447902528988,0.522623301146168,0.5301924449539607,0.476589222636429,0.5409715534604995,0.7119990662269583,0.5655268153797928,0.46442134749869,0.5778042904649956
893,0.5367576247642902,0.5242522069743794,0.5405623134661418,0.5053998581626178,0.5013622524370629,0.5434585120981329,0.6651349581242119,0.6094638912363984,0.48193962897007697,0.5680637956381412
894,0.5468865120478873,0.5044127789614627,0.5573327486342613,0.47658754116345536,0.528371639555349,0.5463147142917745,0.6052928059043216,0.6502052415446434,0.510981843238599,0.550754951477133
895,0.549143040746748,0.482481659234387,0.5687420415419921,0.41984239037459636,0.583413126200248,0.5234049775442702,0.483077350741636,0.7419486503053013,0.5815217486491774,0.49071718958701055
896,0.5483737364377818,0.48600839042171456,0.5677044687694506,0.4211275731464793,0.5820864592205248,0.5230276396140592,0.4854627681338759,0.7401767216362546,0.5861090301005776,0.48916092798887717
897,0.4943975520002441,0.5519277071225295,0.487986896479307,0.5484534614185086,0.47374641425093394,0.5463318901510826,0.6853974880563153,0.5390396804768901,0.5397891654974736,0.5674154420577651
898,0.49426418009010475,0.5587595988442484,0.4745058640882839,0.5580573986167686,0.4655440433365632,0.5681267343243189,0.7010787814413317,0.5021237062846421,0.5172268590944099,0.5766517032017279
899,0.49913614557755215,0.563188258082754,0.4703161444538993,0.5639810356510956,0.45697067001236596,0.5854459899815943,0.714876758899685,0.4761479860384445,0.48905859869008944,0.5839211218848865
900,0.5019722362774194,0.5632234782459387,0.4711805080007134,0.5630136924063712,0.46086780459141796,0.5966313334407907,0.710516376576248,0.4755346859570429,0.48510485602775566,0.583548020659252
901,0.5135833836164418,0.5614273520706047,0.48264258879196065,0.5578201120143848,0.4635354055130455,0.6068676572736891,0.7083223077132905,0.48110535017914524,0.4696224794228818,0.5840970565406975
902,0.516576739085584,0.5600784236955064,0.4858087072288777,0.5558957155791908,0.46855145060248077,0.6164101018826627,0.7008898248779987,0.4833775628963917,0.46866905378030893,0.582472182328642
903,0.5215449259959436,0.5574892123600208,0.4909960266415143,0.5528852834697631,0.4781115896494173,0.6352267426660186,0.6856777468179236,0.4860641439715579,0.46799809994355973,0.5789648161896497
904,0.5261621618441176,0.5548820153417532,0.49565586599781986,0.5502937153831988,0.48736572720276844,0.6536482864855054,0.6701210463787818,0.4876046859408324,0.4679026746534726,0.575237157818406
905,0.5324383462685984,0.5520666262347923,0.5048779483613732,0.543718782836206,0.49348029862260423,0.6589754675377327,0.6595742489855969,0.4955363984000402,0.46862537766409573,0.5719911934438734
906,0.5526270314589623,0.5252139598792938,0.5537647360669001,0.48119310085461786,0.5668000018311992,0.6231555978709497,0.5917814450241516,0.5795081317237581,0.5133294579239438,0.5412093087539389
907,0.5499635851779323,0.5091545487708996,0.5664965642815035,0.4512014017061843,0.6379099496652243,0.6073667377086173,0.54275045032453,0.623100089778764,0.5459091638671177,0.5099953876554943
908,0.5330063342242639,0.5066472768807551,0.5638720179656084,0.4556146290167131,0.7053714402887354,0.5883433190867922,0.5139106210533886,0.6574804518787106,0.576322384690117,0.47399258458355464
909,0.5251647305265541,0.5224834470909,0.5510415483572217,0.47105844818935017,0.6953279187150915,0.5856719990150553,0.5230446409152316,0.6407230530610596,0.5884761097705148,0.4762185495302145
910,0.5174784733993518,0.5346248360581108,0.5376183529916692,0.4884915172834161,0.6677113946679581,0.5848195863068801,0.5383506569299817,0.6199405921136982,0.5897199454623723,0.4889291887524856
911,0.5055470647958615,0.5608269679112232,0.48378111584311323,0.5507270701327074,0.545607256337198,0.6450305062798108,0.6118124170102099,0.5165854739094953,0.5346037305262598,0.5705854700051262
912,0.5373076760435685,0.564142036635979,0.48191745415383475,0.5468515587854365,0.5184370054326023,0.700069276287566,0.6147603438746873,0.4861118728111256,0.48451996452022883,0.5879319473406613
913,0.5531745275938775,0.5615113363236421,0.49275425306047327,0.5354932430150317,0.5145268022117938,0.6986476162471139,0.6087755284338043,0.4913295459151055,0.4775506614290551,0.5879935805109263
914,0.570072580494398,0.551875687195789,0.5129699323005947,0.5152115704630458,0.5257351886820427,0.684777513222771,0.5870250926093209,0.5082553644566393,0.4868008215280513,0.5808388644987594
915,0.576492471834575,0.5444858173079943,0.5254043234878452,0.5038283336074356,0.5393866126869218,0.6758531302398169,0.5692624453086979,0.5182161025019745,0.4989047915405585,0.5728392130153354
916,0.5788439543554791,0.5386108884883134,0.5352922039325957,0.49396665694406083,0.5547106475923881,0.6641127652700635,0.5554256455000248,0.5274895280556675,0.5121334536478729,0.563856725674726
917,0.5464293531341945,0.5282462764006,0.5592883316256992,0.46012948220723293,0.7088061361192649,0.6163035601772692,0.5085864319696798,0.5771322663753434,0.5760326505594077,0.4888835850994861
918,0.541793599276998,0.5303588670637691,0.560344746536807,0.4620190227457169,0.7199832222732134,0.6153846255236339,0.505449436330753,0.5762132487903829,0.5813726127822538,0.4819625743513474
919,0.5312871485208733,0.5366247620294782,0.5603910854193681,0.46720278392545567,0.7398059689237018,0.6133204486875478,0.501890883167705,0.5742848137952743,0.5892106571358506,0.46934978126155896
920,0.5240688940387452,0.5428859846018963,0.5596562651813709,0.47247081086569476,0.7473534354489099,0.612065062384731,0.5005979491506084,0.5696575979298413,0.5942781299287543,0.46311348883504316
921,0.5020571348847593,0.5617192247991667,0.5503397864163484,0.49229156746196673,0.7437083730355728,0.602222484382158,0.5049928924624342,0.5578949676054572,0.5995186209295609,0.45719875641352664
922,0.4991271454537583,0.5661473060092385,0.5476808310396204,0.4960940776332105,0.7374210755634328,0.6008855710752505,0.5057710008849465,0.5528131566996236,0.6013047626695751,0.4587870640151635
923,0.49598228081783446,0.5719603911904452,0.5437047349920403,0.5008493607012602,0.7272876188601408,0.5993369143169371,0.5065923165329865,0.5455634982830181,0.6037933555141998,0.4616338756994103
924,0.48815782734079577,0.5822156295388404,0.5165394921727992,0.5427436144196777,0.6186842741534583,0.6179347452472598,0.5300995184189985,0.5128669716893329,0.5809155089035491,0.531656425546828
925,0.4919946783708708,0.5835415851959983,0.513149121028227,0.5417660744084466,0.6128714477151948,0.6241006965491657,0.5284560482657681,0.5094029334339013,0.579341966549506,0.5351611463501503
926,0.5013693459464851,0.5832788157609802,0.5075832049482432,0.543562750579251,0.5987715262143802,0.6439541127217366,0.5291494090816034,0.5028071816399206,0.5690311439891016,0.5493623953408493
927,0.5240335705910288,0.5805175522831189,0.5015216158053043,0.5429354607226156,0.5853987831858359,0.6852628798202122,0.5285646318548505,0.49458459352677775,0.545434430082008,0.5710683786323847
928,0.5482953990622021,0.5764112416725065,0.5004727538220023,0.5388172553441628,0.5816308634140752,0.7182334921866782,0.5267421949251543,0.4909290120806454,0.5230031648006487,0.5857356664940201
929,0.5539899339331604,0.575707203359681,0.500570848408476,0.5365733099221278,0.582378367158609,0.7243513192986021,0.5248326945459441,0.4905562480878207,0.5191178612360392,0.5875028003234789
930,0.590155379676938,0.5672994170642939,0.50594383724869,0.5253430654899397,0.577960623831566,0.7413184465017616,0.5202616338387462,0.4908040724598966,0.49508618174841007,0.6004830949209505
931,0.6093808445008833,0.5609353378713431,0.5120887291028678,0.5155439353351955,0.5747735983192559,0.7315565562767983,0.5145808408332581,0.49305889516529205,0.49040090621691407,0.6036697273607778
932,0.6250216048246818,0.5508347921366349,0.5229783053561363,0.5011027293423813,0.5719011530141164,0.6867378021396732,0.5069715537529912,0.4984966718980897,0.5028333394968129,0.6006987670046411
933,0.6258196329185208,0.5463234069799425,0.528959408509477,0.4954656049802182,0.5789245044131541,0.6625667168750174,0.5022734395069999,0.5008805479122639,0.5162233436678273,0.5937509918847395
934,0.5601922614747163,0.5595961757157397,0.5371713763637148,0.49315341263203366,0.7101637125759164,0.6153608618927731,0.4935732923809326,0.5074260473758786,0.5880163425617596,0.5086405402384931
935,0.48619057998156473,0.6003439429760874,0.5225039034117488,0.5177716760463059,0.7432181028453393,0.6072461540485297,0.4959967587112081,0.5032881610867544,0.6060930595747563,0.44540608186434794
936,0.4842754407627544,0.6028026667841463,0.5210975605156992,0.5200988472504491,0.7369776774067882,0.6060523762070739,0.49605364444250083,0.5013006253645246,0.6071106221771606,0.44584649369491136
937,0.4888936389423839,0.6016880278800306,0.5085584740418928,0.5411475005083366,0.6122675552932683,0.6301296095309646,0.501575666547585,0.4929586317992239,0.5789249683854857,0.5166879461228513
938,0.4957615307489941,0.6026461957812783,0.5061596860012996,0.5380364665594727,0.6082145241405618,0.6373325190822648,0.49910756277850876,0.4919507398814984,0.5762764195952788,0.5191074304625192
939,0.5168728145010397,0.5958619998259223,0.506159856276087,0.5349088597563469,0.6024817158255029,0.6709222383801632,0.4977648223901079,0.4911776170194583,0.5598218958485017,0.540209365145673
940,0.5581526021868023,0.5818593461056442,0.5104324893429101,0.5268750133266806,0.6088012267604649,0.7250370248737669,0.49598338479607806,0.4913143546058615,0.5293594390616694,0.5705732425025017
941,0.5786866400733386,0.5760537063438164,0.5131522746513585,0.5206868675178751,0.6141967772700544,0.7417555906868646,0.4942875769849454,0.4917416596821777,0.5169155614823614,0.5799094432200487
942,0.5969904470620199,0.57083199999319,0.5161648601212759,0.5146975947170929,0.6180430250783978,0.7501839575830941,0.492947777984773,0.49220516785297824,0.507278083776704,0.5866813192912959
943,0.6183577773940779,0.5645045334230414,0.5205644117096749,0.5071533286367412,0.6202487779016531,0.750615583511381,0.49185383014296635,0.4927388232055638,0.4983268579131528,0.5925928700182815
944,0.6567878877088101,0.5522626354554211,0.5305474872005382,0.4949496869025954,0.5992779772638868,0.6800422522515441,0.4922010382482847,0.49284981408179085,0.4991341747768399,0.5980578582339819
945,0.6475839216526985,0.5543088186270281,0.5328605768990059,0.49489236163582434,0.6076926287310378,0.6248383970259428,0.4936191598499715,0.4921457541627972,0.5232707525829002,0.5788944251214367
946,0.6480280772898124,0.5529702370438209,0.5348035502606577,0.4961941688597191,0.608602854396214,0.6238180337659028,0.4950885607509956,0.49188897145661464,0.5246350955859798,0.5771164424957409
947,0.6111648788594604,0.5653916005933616,0.5329497758494021,0.5077200123531581,0.6560458824640567,0.6062767225585479,0.4989781988286188,0.4909225366133,0.5543509125679994,0.53851551851432
948,0.5676719720294714,0.5831232519832091,0.5270528414600266,0.5216985615203286,0.7041926283228027,0.6131663594588143,0.5012892777734124,0.4912777574251943,0.5743312236892014,0.5003675960066507
949,0.4943400844413131,0.6175992999200388,0.5121563252112715,0.540850030776033,0.738598686572211,0.6190321345772333,0.4995579392362002,0.49468881910009355,0.5941763336291762,0.446758729660988
950,0.45849355374074807,0.6396466506082039,0.5053252962078004,0.5498961272564372,0.6317402748479348,0.5988733214066811,0.49241669384933634,0.5028329474660586,0.5865862096276947,0.45747239957371383
951,0.4832799527203229,0.630839435152473,0.5097045790099234,0.5437245630255302,0.6109514486242379,0.6259254199034657,0.49165579373857454,0.5051069827724364,0.5692699448309537,0.4845455580258479
952,0.5013360511890567,0.627934282933016,0.5099617441525297,0.5389621566016173,0.6116111416721445,0.6419956248893436,0.49350513836432325,0.507279101442024,0.5580067590625043,0.4924607758212932
953,0.5366285041351769,0.6136482781744479,0.515192988785477,0.5305158285043224,0.626856642147732,0.677075917771226,0.4986332098400626,0.5076989045389341,0.5386258629354431,0.511871297654154
954,0.5625935770258149,0.5986959547817713,0.5205110391478449,0.52481575412124,0.6405245291026627,0.7019774982155501,0.5016926789284047,0.5053755868775935,0.526065223014067,0.5282448375446815
955,0.5769937619087363,0.5919892553270824,0.5227638907118218,0.5214848699455948,0.648342354076209,0.7104488296314977,0.5055640558013307,0.5044724922922733,0.5191910766770351,0.533989919814109
956,0.6182206360556837,0.5698842324376218,0.5305378212293099,0.5123879172503902,0.6602895798617086,0.7232362836140581,0.5152361495106345,0.4995186908552145,0.5019794393632478,0.5526379886277422
957,0.621698392290153,0.5696912716772707,0.5308541441933639,0.5115109222694573,0.6624595236791124,0.71694177442387,0.5237611890607561,0.49993238080171104,0.5001198072982047,0.5488715956099481
958,0.683609772670537,0.5441539647257774,0.540171457590771,0.5048218073839562,0.6280353150858018,0.6636964612869073,0.544841319166096,0.48957935214182935,0.48684645105873764,0.5639811860121294
959,0.69113525390533,0.5446255565906254,0.5414683073852566,0.508393947329898,0.6142172353806591,0.640650641678315,0.5558047274009907,0.48961733688479875,0.4891737619938307,0.558524564121049
960,0.6013789477854968,0.6068134395243413,0.5200650050456703,0.5359429205864366,0.6689892531044868,0.6378231157381196,0.5361254309003646,0.5239144615375323,0.5303730060867733,0.4918141324470309
961,0.5231856858749707,0.6336951854548258,0.5129262320182394,0.5484191308000763,0.6874928717199852,0.6454409664798179,0.5239762481440252,0.5489792550530854,0.5421506249368606,0.4578589346755751
962,0.4658298420167675,0.6581286645031336,0.5060266334566185,0.5556182907083224,0.6595404343043126,0.6211611791624847,0.5111294831309015,0.5665303621926661,0.5481579061435479,0.4362303596508439
963,0.4595063936060955,0.6607188441437641,0.5066879067382908,0.5586400304328931,0.6443775473876912,0.6113934053756443,0.5114693704315698,0.5717535215546042,0.5426407804852523,0.43496565470510246
964,0.5714342192912305,0.6018480794016964,0.5352924524541648,0.5335450326844611,0.6607408039483166,0.6743938099867848,0.5488169730417486,0.5271856270346748,0.5056085281738611,0.49695260514145434
965,0.6072679918690825,0.5741416591428372,0.5428327282441477,0.5247792245358432,0.6655012558102116,0.6812879103267195,0.5665564256072807,0.512290004368226,0.49424424906885706,0.5127003955779058
966,0.6822598224205821,0.5387324825003169,0.554906543709407,0.511701130838301,0.6148117291159884,0.6368932583355448,0.5884992505797705,0.48949609378918074,0.4802640310636086,0.534782205650778
967,0.684056137302052,0.538988932345314,0.5559755830476334,0.5137046292450252,0.6093622536334733,0.6315196723599682,0.5963345269108695,0.4906027552124693,0.4804288593914984,0.5325824009588112
968,0.681262623686047,0.558916665295823,0.5521574320466364,0.5229751040615851,0.605943026810564,0.6245851657155386,0.5918383835475196,0.5054897632396936,0.48611388706875863,0.522145240242994
969,0.6696621131502821,0.5698391647170956,0.5499280163189778,0.5299063648422514,0.6130050593637062,0.6290818103791925,0.5893179591874659,0.5171174945099944,0.48951114291728054,0.5148515770662858
970,0.655831367044595,0.5789839195523717,0.5477837312138918,0.5366552143380343,0.6209161448525056,0.6341283743756071,0.5866244335777805,0.5287881783381828,0.49218284708190085,0.5083468678020076
971,0.6152766536351363,0.59724118439046,0.5431222642028423,0.5521678826027114,0.6359254888666611,0.6405690289884993,0.5789478170443088,0.5582157032767415,0.49594629680795915,0.49438037273412877
972,0.5929511097985636,0.6052083282415606,0.5391192043747144,0.5597315200061855,0.640228448208939,0.6398178995290268,0.5741009389724935,0.572962152019596,0.4976124301736966,0.48801498875427934
973,0.48990551144619016,0.6395062359824703,0.512801672902912,0.5812796007541993,0.637259149304996,0.6147988482199511,0.537981329015095,0.620490307142446,0.5116640366850869,0.4560014064385552
974,0.46880123024035436,0.6473476600647949,0.5094929396874257,0.586264350603105,0.6268656529816833,0.5999307740322679,0.5301713616491531,0.6263030477620932,0.5112220387654556,0.4491840487846942
975,0.48914660125410087,0.65135068443183,0.5227768801603407,0.5808102245023935,0.6334107639909343,0.6031042542793076,0.5385097775590685,0.600248651026599,0.5086614249056997,0.44922712014939564
976,0.5427799913463867,0.6230921303729171,0.5431824251575896,0.5624344109123132,0.654329075163339,0.6269279416577108,0.5774845901597616,0.5663335525294866,0.4973913618555836,0.4639122083247603
977,0.5602296335757256,0.612474901375082,0.5471514424742682,0.5564204224143733,0.6579800193186666,0.6259959371580596,0.5966285246277387,0.5560336272111401,0.49112225747750915,0.46807269671335533
978,0.5645406458914013,0.6112553241637488,0.5468533187314184,0.5555783513714747,0.6587932248673205,0.6218163829161545,0.6046388036720465,0.5542057413379073,0.4883150982763729,0.4684399393994038
979,0.5721386728610937,0.6064598058485648,0.5476475450305721,0.5533947056796231,0.658916433527913,0.6182371154533729,0.6153788646323192,0.5493626453690302,0.4851318675400333,0.46996772976326595
980,0.6372089157818489,0.5398895267133844,0.5658759431757201,0.5271889981120327,0.6217094062515888,0.6140622466610574,0.6587646602632269,0.4981032837830258,0.4720308243046829,0.49003779189421093
981,0.6390212159542336,0.5387516125390251,0.565583130940998,0.5272982774337988,0.618223536198508,0.6100684066142622,0.6635791714805738,0.4969545244374466,0.47135552028849503,0.4908258612469787
982,0.6449250268840571,0.5343139831165267,0.5656964154329714,0.5273242619880628,0.6099161092046199,0.6051796836784062,0.6691227104905595,0.493657364419789,0.47010100720246084,0.4931693044083749
983,0.645764801357842,0.5335489112782937,0.564930527314755,0.5289136570942513,0.6059828106649882,0.6000701863267272,0.6736749074734302,0.4928186956694357,0.46975807709812134,0.49487208798608884
984,0.6495673416008343,0.5305227623605995,0.5641878652511598,0.531068637508964,0.5996597396535353,0.5965260146048816,0.6756987307282534,0.4910921606838225,0.4693310706311801,0.49758391204508695
985,0.6587543242371223,0.5249087563173667,0.5621098578231019,0.5412776969689002,0.5847457165975374,0.5928193636333394,0.6681183315478878,0.4935119502752303,0.4700912004755302,0.5065564729688952
986,0.657524602464591,0.5748837019898179,0.5428905942818494,0.566384085725425,0.5751947488470376,0.622259575112524,0.6237174353715224,0.6054020484542023,0.48451401592573484,0.4995678341744728
987,0.653065792388276,0.5761819627266294,0.5446832834292357,0.5684715718919554,0.5729956721242428,0.6166766325429586,0.6226983091881307,0.61133007258933,0.48420864362727867,0.5018979841212182
988,0.6197591888964367,0.6009788928021673,0.5360989186407362,0.5757549983740468,0.571067616507608,0.6115800005027018,0.6033854011484252,0.6596785079736225,0.4920251656214979,0.49650310144464416
989,0.5533983945038229,0.6254242824071471,0.5280177089337847,0.5815392607983985,0.5719104322614355,0.5949514877138619,0.563447957206015,0.687819348796426,0.5016647768005399,0.4865759429538901
990,0.5053865316012206,0.6389521703559865,0.5302605804718252,0.5829284553725731,0.5817144814601924,0.5781708774708405,0.5353485350528698,0.6687970506299319,0.5049743383153293,0.47945570548208216
991,0.5124403645397254,0.651612817690885,0.5496022165120127,0.5721498136552121,0.6069899971236122,0.5634532303522076,0.5763184107021538,0.6178479460911563,0.49911651752978675,0.47832405468967765
992,0.5206424124854183,0.6504196282910542,0.5498586089554026,0.5690437601031527,0.6106174101436835,0.5573789239513455,0.5956253213530899,0.6106770350325347,0.49301887754042867,0.4800013811398141
993,0.5310560407524022,0.6480310015627759,0.5488598064001313,0.5655179423274332,0.6133344894545579,0.5484854495496888,0.6204833855596167,0.6029595651876444,0.4858345461795111,0.4826909321833492
994,0.5529998140502507,0.6389759373379051,0.5500373457658858,0.5595739557612599,0.6136474711972867,0.5404953265168341,0.6590399325810142,0.5880111287182348,0.478983198556026,0.48673665372882624
995,0.5661204305949239,0.6298349051168339,0.550762674242331,0.5563740984389743,0.6118631145420332,0.538412893939591,0.6770986543441718,0.5774649918178404,0.4760718269787666,0.48868685585116184
996,0.6043267908645847,0.581025192249522,0.5534372442282196,0.5460742881792435,0.5955192028098354,0.5421074420429343,0.6984921847045579,0.5309962482446785,0.47011064876572506,0.49554894257176496
997,0.6059986658422745,0.5794185635534411,0.5519888386371321,0.5460993855190688,0.5933127091920309,0.5392279412761204,0.6983094352159461,0.5281736901860422,0.46960118225895225,0.4984515580396221
998,0.613796327890506,0.5652156642167971,0.550877551174529,0.545631742483606,0.5870164486813335,0.5414881162437711,0.6909300835161957,0.5156533951174713,0.46966844909219496,0.5014732168929298
999,0.6156798490943932,0.5658601556221644,0.5431120923907248,0.5507610839269779,0.578619691750621,0.527609620456691,0.6768481351466876,0.5072222012949198,0.4711668392145653,0.5211869790630346
1000,0.6433316317860465,0.5217190915096801,0.5363538458842786,0.5599104702141999,0.5540433636449371,0.562053491252966,0.6278786590577793,0.5175008508860325,0.4914686473183556,0.5102612639774919
